#name	crc	size	key
'98 Koushien (Japan) (Demo)	6ab3e4ce	93	'98 Koushien - Koukou Yakyuu Simulation (Japan)
'98 Koushien - Koukou Yakyuu Simulation (Japan)	da95e43a	113	'98 Koushien - Koukou Yakyuu Simulation (Japan)
'99 Koushien (Japan)	05f34aa9	1247	'99 Koushien (Japan)
'99 Koushien (Japan) (Demo)	37954888	587	'99 Koushien (Japan)
'Butagee' de Iinja Nai (Japan)	a9d3ce73	96	'Butagee' de Iinja Nai (Japan)
0 kara no Mahjong - Mahjong Youchien Tamago-gumi (Japan)	65656a80	282	0 kara no Mahjong - Mahjong Youchien Tamago-gumi (Japan)
0 kara no Shougi - Shougi Youchien Ayumi-gumi (Japan)	0c1b55d1	423	0 kara no Shougi - Shougi Youchien Ayumi-gumi (Japan)
007 - Demain ne Meurt Jamais (France)	804de764	103	007 - Demain ne Meurt Jamais (France)
007 - Der Morgen Stirbt Nie (Germany)	5afedf35	103	007 - Der Morgen Stirbt Nie (Germany)
007 - Die Welt Ist Nicht Genug (Germany)	4a7ed159	106	007 - Die Welt Ist Nicht Genug (Germany)
007 - El Mundo Nunca es Suficiente (Spain)	a0760ab7	108	007 - El Mundo Nunca es Suficiente (Spain)
007 - Le Monde ne Suffit Pas (France)	b7873d96	103	007 - Le Monde ne Suffit Pas (France)
007 - The World Is Not Enough (Europe)	7d9fe2b7	104	007 - The World Is Not Enough (USA)
007 - The World Is Not Enough (Sweden)	02fe70a7	104	007 - The World Is Not Enough (USA)
007 - The World Is Not Enough (USA)	adc163bd	101	007 - The World Is Not Enough (USA)
007 - The World Is Not Enough (USA) (Beta) (2000-08-26)	503a4cf6	121	007 - The World Is Not Enough (USA)
007 - Tomorrow Never Dies (Europe)	765606dd	100	007 - Tomorrow Never Dies (USA)
007 - Tomorrow Never Dies (Japan)	424cea74	99	007 - Tomorrow Never Dies (USA)
007 - Tomorrow Never Dies (USA)	dc22c9e3	97	007 - Tomorrow Never Dies (USA)
007 Racing (Europe)	74722fc6	85	007 Racing (USA)
007 Racing (France)	527a9ec3	85	007 Racing (USA)
007 Racing (Germany)	66c0c70d	86	007 Racing (USA)
007 Racing (USA)	5c58d484	82	007 Racing (USA)
1 on 1 (Japan)	77ce8caa	80	1 on 1 (Japan)
1 on 1 (Japan) (Demo)	c9c4b962	87	1 on 1 (Japan)
100 Man Yen Quiz Hunter (Japan)	ccdb145c	97	100 Man Yen Quiz Hunter (Japan)
100% Star (Europe)	5541f00a	206	100% Star (Europe)
100% Star (France)	dd7e7f04	206	100% Star (Europe)
10101 - Will the Starship (Japan)	4b6710c4	1902	10101 - Will the Starship (Japan)
19-ji 03-pun - Ueno-hatsu Yakou Ressha (Japan)	dc9e6ecd	112	19-ji 03-pun - Ueno-hatsu Yakou Ressha (Japan)
19-ji 03-pun - Ueno-hatsu Yakou Ressha (Japan) (Demo)	7e20204f	119	19-ji 03-pun - Ueno-hatsu Yakou Ressha (Japan)
1Xtreme (USA)	fe46298f	700	1Xtreme (USA)
20-seiki Striker Retsuden - The 20th Century's Real Strikers (Japan)	9b7f6ae6	134	Viva Soccer (USA) (En,Fr,De,Es,It,Pt)
2002 FIFA World Cup (Europe) (En,Sv)	0f104a50	102	2002 FIFA World Cup (USA) (En,Es)
2002 FIFA World Cup (France)	faa22c68	94	2002 FIFA World Cup (USA) (En,Es)
2002 FIFA World Cup (Germany)	276c65df	95	2002 FIFA World Cup (USA) (En,Es)
2002 FIFA World Cup (Italy)	dd742bf0	93	2002 FIFA World Cup (USA) (En,Es)
2002 FIFA World Cup (Spain)	8030da28	93	2002 FIFA World Cup (USA) (En,Es)
2002 FIFA World Cup (USA) (En,Es)	ce349b32	99	2002 FIFA World Cup (USA) (En,Es)
2Xtreme (Europe)	4211e6e3	862	2Xtreme (USA)
2Xtreme (USA)	7e95393e	700	2Xtreme (USA)
3, 2, 1, Smurf! My First Racing Game (Europe) (En,Fr,De,Es,It,Nl)	f564283d	131	3, 2, 1, Smurf! My First Racing Game (Europe) (En,Fr,De,Es,It,Nl)
360 Three Sixty (Europe) (En,Fr,De,Es,It,Sv)	22776432	1650	360 Three Sixty (Europe) (En,Fr,De,Es,It,Sv)
3D Baseball (USA)	28127db0	83	3D Baseball (USA)
3D Baseball - The Majors (Japan)	7f0e2929	98	3D Baseball - The Majors (Japan)
3D Kakutou Tkool (Japan)	b49b8f62	218	Fighter Maker (USA)
3D Lemmings (Europe)	51c41b34	2742	3D Lemmings (USA)
3D Lemmings (Japan)	e2404409	2718	3D Lemmings (USA)
3D Lemmings (USA)	b394a6d2	2670	3D Lemmings (USA)
3D Mission Shooting - Finalist (Japan)	483d936e	1977	3D Mission Shooting - Finalist (Japan)
3D Shooting Tkool (Japan)	7fe56b9e	91	3D Shooting Tkool (Japan)
3D-Kaleidoscope - Baby Universe (Japan)	ab7b6ddb	105	Baby Universe (Europe)
3D-Kaleidoscope - Baby Universe (Japan) (Demo)	ea662b9f	112	Baby Universe (Europe)
3Xtreme (USA)	a689937f	196	3Xtreme (USA)
3Xtreme (USA) (Demo)	afd8623e	210	3Xtreme (USA)
3x3 Eyes - Kyuusei Koushu (Japan) (Disc 1)	80542f13	662	3x3 Eyes - Kyuusei Koushu (Japan) (Disc 1)
3x3 Eyes - Kyuusei Koushu (Japan) (Disc 2)	97fbd623	662	3x3 Eyes - Kyuusei Koushu (Japan) (Disc 1)
3x3 Eyes - Tenrin'ou Genmu (Japan) (Disc 1)	1ff1e7d9	109	3x3 Eyes - Tenrin'ou Genmu (Japan) (Disc 1)
3x3 Eyes - Tenrin'ou Genmu (Japan) (Disc 2)	1eacc108	109	3x3 Eyes - Tenrin'ou Genmu (Japan) (Disc 1)
3x3 Eyes - Tenrin'ou Genmu (Japan) (Disc 3)	a8b72178	109	3x3 Eyes - Tenrin'ou Genmu (Japan) (Disc 1)
4-4-2 Soccer (Europe) (En,Fr,De,Es)	66d6bc0d	1802	4-4-2 Soccer (Europe) (En,Fr,De,Es)
40 Winks (Europe)	29f57347	83	40 Winks (USA)
40 Winks (Europe) (Demo)	b254247f	90	40 Winks (USA)
40 Winks (Italy)	8d5e56a7	82	40 Winks (USA)
40 Winks (Spain)	d01aa77f	82	40 Winks (USA)
40 Winks (USA)	1d060c48	80	40 Winks (USA)
4x4 World Trophy (Europe) (En,Fr,De,Es,It)	d4043ac7	108	4x4 World Trophy (Europe) (En,Fr,De,Es,It)
5 Star Racing (Europe)	08e2ba3b	1386	5 Star Racing (Europe)
50 por 15 - Quiere Ser Millonario (Spain)	eee6c366	107	50 por 15 - Quiere Ser Millonario (Spain)
70's Robot Anime - Geppy-X (Japan) (Demo)	98f14030	107	70's Robot Anime - Geppy-X - The Super Boosted Armor (Japan) (Disc 1)
70's Robot Anime - Geppy-X - The Super Boosted Armor (Japan) (Disc 1)	de54e69b	135	70's Robot Anime - Geppy-X - The Super Boosted Armor (Japan) (Disc 1)
70's Robot Anime - Geppy-X - The Super Boosted Armor (Japan) (Disc 2)	df09c04a	135	70's Robot Anime - Geppy-X - The Super Boosted Armor (Japan) (Disc 1)
70's Robot Anime - Geppy-X - The Super Boosted Armor (Japan) (Disc 3)	6912203a	135	70's Robot Anime - Geppy-X - The Super Boosted Armor (Japan) (Disc 1)
70's Robot Anime - Geppy-X - The Super Boosted Armor (Japan) (Disc 4)	ddb38de8	135	70's Robot Anime - Geppy-X - The Super Boosted Armor (Japan) (Disc 1)
A Ressha de Ikou 4 - Evolution (Japan)	6685a10d	104	A Ressha de Ikou 4 - Evolution (Japan)
A Ressha de Ikou 4 - Evolution (Japan) (Gentei Set)	b1872bc1	117	A Ressha de Ikou 4 - Evolution (Japan)
A Ressha de Ikou 4 - Evolution (Japan) (Rev 1)	e54fc39f	112	A Ressha de Ikou 4 - Evolution (Japan)
A Ressha de Ikou 4 - Evolution Global (Japan) (En,Ja,Fr,De)	38e1543b	1053	A-Train - Trains, Power, Money (USA) (En,Ja,Fr,De)
A Ressha de Ikou 4 - Evolution Global (Japan) (En,Ja,Fr,De) (PlayStation the Best)	21cade5a	1214	A-Train - Trains, Power, Money (USA) (En,Ja,Fr,De)
A Ressha de Ikou Z - Mezase! Tairiku Oudan (Japan)	e6750702	990	A Ressha de Ikou Z - Mezase! Tairiku Oudan (Japan)
A Sangre Fria (Spain) (Disc 1)	d43ae392	96	A Sangre Fria (Spain) (Disc 1)
A Sangre Fria (Spain) (Disc 2)	d567c543	96	A Sangre Fria (Spain) (Disc 1)
A Sangue Freddo (Italy) (Disc 1)	aeda9d39	98	In Cold Blood (USA) (Disc 1)
A Sangue Freddo (Italy) (Disc 2)	af87bbe8	98	In Cold Blood (USA) (Disc 1)
A-Train - Trains, Power, Money (USA) (En,Ja,Fr,De)	672ea3e6	990	A-Train - Trains, Power, Money (USA) (En,Ja,Fr,De)
A.IV - Evolution Global (Europe) (En,Ja,Fr,De)	e4b052e4	962	A.IV - Evolution Global (Europe) (En,Ja,Fr,De)
A2 Racer - Europa Tour (Netherlands)	88bca47b	1423	A2 Racer - Europa Tour (Netherlands)
A5 - A Ressha de Ikou 5 (Japan, Asia)	69f55a03	1030	A5 - A Ressha de Ikou 5 (Japan, Asia)
AFL 99 (Australia)	f4d35903	206	AFL 99 (Australia)
AI Mahjong 2000 (Japan)	8ada413e	89	AI Mahjong 2000 (Japan)
AI Mahjong Selection (Japan)	002e7212	94	AI Mahjong Selection (Japan)
AI Shougi (Japan)	038a12e1	83	AI Shougi (Japan)
AI Shougi 2 (Japan)	8ffa0151	321	AI Shougi 2 (Japan)
AI Shougi 2 Deluxe (Japan)	1ff8e896	342	AI Shougi 2 Deluxe (Japan)
AI Shougi Selection (Japan)	4ea1e3cb	345	AI Shougi Selection (Japan)
ATV - Quad Power Racing (Europe) (En,Fr,De)	af4199b6	256	ATV - Quad Power Racing (USA)
ATV - Quad Power Racing (Japan)	3ba604f2	232	ATV - Quad Power Racing (USA)
ATV - Quad Power Racing (USA)	98c9870f	228	ATV - Quad Power Racing (USA)
ATV Mania (Europe) (En,Fr,De,It)	2fd7dc9b	1760	ATV Mania (USA)
ATV Mania (USA)	d5935aa5	1522	ATV Mania (USA)
ATV Racers (Europe)	572cc516	85	ATV Racers (USA)
ATV Racers (USA)	f54d9dd6	82	ATV Racers (USA)
AbalaBurn (Japan)	d3303f62	83	AbalaBurn (Japan)
Abe '99 (Japan) (Disc 1)	a5b3e2cf	90	Oddworld - Abe's Exoddus (USA) (Disc 1)
Abe '99 (Japan) (Disc 2)	a4eec41e	90	Oddworld - Abe's Exoddus (USA) (Disc 1)
Abe a GoGo (Japan)	cb47e041	84	Abe a GoGo (Japan)
Abe a GoGo (Japan) (Demo)	5c07a76f	91	Abe a GoGo (Japan)
Absolute Football (France) (En,Fr,De,Es,It,Pt)	2ed5fc07	112	Absolute Football (France) (En,Fr,De,Es,It,Pt)
Ace Combat (Japan)	a7a2d0f4	7101	Ace Combat (Japan)
Ace Combat 2 (Europe)	28e7db3e	87	Ace Combat 2 (USA)
Ace Combat 2 (France)	0eef6a3b	87	Ace Combat 2 (USA)
Ace Combat 2 (Germany)	d5fa28d7	88	Ace Combat 2 (USA)
Ace Combat 2 (Japan)	2d68070c	86	Ace Combat 2 (USA)
Ace Combat 2 (Japan) (Rev 1)	88674451	94	Ace Combat 2 (USA)
Ace Combat 2 (USA)	22809b6a	84	Ace Combat 2 (USA)
Ace Combat 3 - Electrosphere (Europe) (En,Fr,De,Es,It)	92b3ff37	120	Ace Combat 3 - Electrosphere (USA)
Ace Combat 3 - Electrosphere (Japan) (Disc 1)	21f422b9	111	Ace Combat 3 - Electrosphere (USA)
Ace Combat 3 - Electrosphere (Japan) (Disc 2)	20a90468	111	Ace Combat 3 - Electrosphere (USA)
Ace Combat 3 - Electrosphere (Japan, Asia) (Disc 1) (Rev 1)	a8961273	125	Ace Combat 3 - Electrosphere (USA)
Ace Combat 3 - Electrosphere (Japan, Asia) (Disc 2) (Rev 1)	433c5ace	125	Ace Combat 3 - Electrosphere (USA)
Ace Combat 3 - Electrosphere (USA)	b8624d3d	100	Ace Combat 3 - Electrosphere (USA)
Ace Combat 3 - Electrosphere - Direct Audio with AppenDisc (Japan)	c172edf9	2558	Ace Combat 3 - Electrosphere (USA)
Aces of the Air (USA)	310d8638	1606	Aces of the Air (USA)
Acid (Japan)	0999a7d1	78	Acid (Japan)
Acid (Japan) (Demo)	4b130c32	85	Acid (Japan)
Acid (Japan) (Major Wave)	eccaa3ce	91	Acid (Japan)
Aconcagua (Japan) (Disc 1)	f601804b	92	Aconcagua (Japan) (Disc 1)
Aconcagua (Japan) (Disc 2)	f75ca69a	92	Aconcagua (Japan) (Disc 1)
Action Bass (Europe)	4d6a6e91	86	Action Bass (USA)
Action Bass (Japan)	10046e54	85	Action Bass (USA)
Action Bass (USA)	d5b1c996	83	Action Bass (USA)
Action Man - Destruction X (Europe) (En,Fr,De,Es,It)	c40e057b	118	Action Man - Destruction X (Europe) (En,Fr,De,Es,It)
Action Man - Mission Xtreme (Europe) (En,Fr,De,Es,It,Nl,Sv,No,Da,Fi)	9627581c	134	Action Man - Mission Xtreme (Europe) (En,Fr,De,Es,It,Nl,Sv,No,Da,Fi)
Action Man - Mission Xtreme (Europe) (En,Fr,De,Es,It,Nl,Sv,No,Da,Fi) (EDC)	d0fe6b50	140	Action Man - Mission Xtreme (Europe) (En,Fr,De,Es,It,Nl,Sv,No,Da,Fi)
Action Man - Operation Extreme (USA)	cf924cc1	102	Action Man - Operation Extreme (USA)
Activision Classics (USA)	5e1fd6ba	339	Activision Classics (USA)
Actua Golf (Europe) (En,Fr,De)	dc8424ff	230	Actua Golf (Europe) (En,Fr,De)
Actua Golf (Japan)	f0a253e7	206	Actua Golf (Europe) (En,Fr,De)
Actua Golf 2 (Europe)	fc7af053	327	Actua Golf 2 (Europe)
Actua Golf 3 (Europe)	f649a1db	327	Actua Golf 3 (Europe)
Actua Ice Hockey (Europe) (En,Fr,De,Sv,Fi)	6002db46	254	Actua Ice Hockey (Europe) (En,Fr,De,Sv,Fi)
Actua Ice Hockey (Japan)	ad98a513	218	Actua Ice Hockey (Europe) (En,Fr,De,Sv,Fi)
Actua Ice Hockey 2 (Europe)	97a06a2f	224	Actua Ice Hockey 2 (Europe)
Actua Pool (Europe)	96021278	2604	Actua Pool (Europe)
Actua Soccer (Europe) (En,Fr)	50a0af50	228	Actua Soccer (Europe) (En,Fr)
Actua Soccer (Europe) (En,Fr) (Rev 1)	78deba2d	244	Actua Soccer (Europe) (En,Fr)
Actua Soccer (Japan)	79603450	210	Actua Soccer (Europe) (En,Fr)
Actua Soccer - Club Edition (Europe)	72d15de8	372	Actua Soccer - Club Edition (Europe)
Actua Soccer 2 (Europe) (En,Fr)	f568de1b	232	Actua Soccer 2 (Europe) (En,Fr)
Actua Soccer 2 (Germany) (En,De)	458b706a	234	Actua Soccer 2 (Europe) (En,Fr)
Actua Soccer 2 (Italy)	ec3d11ad	214	Actua Soccer 2 (Europe) (En,Fr)
Actua Soccer 3 (Europe)	8009b00b	216	Actua Soccer 3 (Europe)
Actua Soccer 3 (France)	0390cec9	216	Actua Soccer 3 (Europe)
Actua Soccer 3 (Germany)	e9323122	218	Actua Soccer 3 (Europe)
Actua Soccer 3 (Italy)	b3560e27	214	Actua Soccer 3 (Europe)
Actua Tennis (Europe)	885f4a06	212	Actua Tennis (Europe)
Actua Tennis (Europe) (Fr,De)	7f88e621	228	Actua Tennis (Europe)
Addie no Okurimono - To Moze from Addie (Japan)	549fee82	546	Addie no Okurimono - To Moze from Addie (Japan)
Addie no Okurimono - To Moze from Addie (Japan) (Otameshi-ban)	62486ec2	450	Addie no Okurimono - To Moze from Addie (Japan)
Adiboo & Paziral's Secret (Europe) (En,Fr,De,Es,It)	5a147324	117	Adiboo & Paziral's Secret (Europe) (En,Fr,De,Es,It)
Adibou et l'Ombre Verte (France)	056e2737	98	Adibou et l'Ombre Verte (France)
Adidas Power Soccer (Europe) (En,Fr,De,Es,It)	855c07d2	538	Adidas Power Soccer (USA)
Adidas Power Soccer (UK) (En,Fr,De,Es,It) (Demo)	c5a82315	550	Adidas Power Soccer (USA)
Adidas Power Soccer (USA)	7d82f282	458	Adidas Power Soccer (USA)
Adidas Power Soccer + Resident Evil + Shellshock + Descent (Europe)	c639b41e	465	Adidas Power Soccer + Resident Evil + Shellshock + Descent (Europe)
Adidas Power Soccer 2 (Europe) (Demo)	1e08e240	103	Adidas Power Soccer 2 (Europe) (En,Fr,De,Es,It,Nl)
Adidas Power Soccer 2 (Europe) (En,Fr,De,Es,It,Nl)	276a17c4	270	Adidas Power Soccer 2 (Europe) (En,Fr,De,Es,It,Nl)
Adidas Power Soccer 98 (Europe) (En,Fr,De,Es,It,Nl)	361909e3	117	Adidas Power Soccer 98 (USA)
Adidas Power Soccer 98 (France) (Demo)	28e63384	104	Adidas Power Soccer 98 (USA)
Adidas Power Soccer 98 (Germany) (Demo)	87d58211	105	Adidas Power Soccer 98 (USA)
Adidas Power Soccer 98 (USA)	cad3401e	94	Adidas Power Soccer 98 (USA)
Adidas Power Soccer International '97 (Europe) (En,Fr,De,Es,It,Nl)	97809bc2	302	Adidas Power Soccer International '97 (Europe) (En,Fr,De,Es,It,Nl)
Adlib Ouji - ...to Fuyukai na Nakamatachi! (Japan)	2494d8c8	270	Adlib Ouji - ...to Fuyukai na Nakamatachi! (Japan)
Advan Racing (Japan)	786a33e3	210	Advan Racing (Japan)
Advanced Dungeons & Dragons - Iron & Blood - Warriors of Ravenloft (Europe)	19a59436	320	Advanced Dungeons & Dragons - Iron & Blood - Warriors of Ravenloft (USA)
Advanced Dungeons & Dragons - Iron & Blood - Warriors of Ravenloft (USA)	da574c2e	314	Advanced Dungeons & Dragons - Iron & Blood - Warriors of Ravenloft (USA)
Advanced Dungeons & Dragons - Iron & Blood - Warriors of Ravenloft (USA) (Demo)	37ddbff7	328	Advanced Dungeons & Dragons - Iron & Blood - Warriors of Ravenloft (USA)
Advanced V.G. (Japan)	ebe517e6	2418	Advanced V.G. (Japan)
Advanced V.G. (Japan) (Demo)	a51f1d55	2319	Advanced V.G. (Japan)
Advanced V.G. 2 (Japan)	2a5956ea	216	Advanced V.G. 2 (Japan)
Advanced V.G. 2 (Japan) (Demo)	32d26dc3	230	Advanced V.G. 2 (Japan)
Adventure of Little Ralph, The (Japan) (Demo)	bf5e9248	111	Adventure of Little Ralph, The (Japan) (Rev 1)
Adventure of Little Ralph, The (Japan) (Rev 1)	087f6236	112	Adventure of Little Ralph, The (Japan) (Rev 1)
Adventures of Lomax, The (USA)	d3a22ea4	3107	Adventures of Lomax, The (USA)
Aeon Flux (USA) (Proto) (1996-11-21)	8994454b	102	Aeon Flux (USA) (Proto) (1996-11-21)
Aerodive (Japan)	cf9170ae	82	Aerodive (Japan)
Afraid Gear (Japan)	916de743	1401	Afraid Gear (Japan)
Afraid Gear Another (Japan)	01a9ba2d	93	Afraid Gear Another (Japan)
Agent Armstrong (Europe) (En,Fr,De,Es)	db235923	2243	Agent Armstrong (Europe) (En,Fr,De,Es)
Agent Armstrong - Himitsu Shirei Daisakusen (Japan)	bd1f1cc4	2464	Agent Armstrong - Himitsu Shirei Daisakusen (Japan)
Agile Warrior - F-111X (Europe)	af0e2d64	1620	Agile Warrior - F-111X (USA)
Agile Warrior - F-111X (Japan)	88c170bc	1607	Agile Warrior - F-111X (USA)
Agile Warrior - F-111X (USA)	f2c992e1	1581	Agile Warrior - F-111X (USA)
Ah Nanjarin (Japan)	b6e1f5be	85	Ah Nanjarin (Japan)
Ai to Yuujou no Neko Monogatari. Jingle Cats - Love Para Daisakusen no Maki (Japan, Asia)	760aebe3	897	Ai to Yuujou no Neko Monogatari. Jingle Cats - Love Para Daisakusen no Maki (Japan, Asia)
Air Combat (Europe)	a76704ae	7164	Air Combat (USA)
Air Combat (Europe) (EDC)	abbbca9e	7542	Air Combat (USA)
Air Combat (USA)	6cb0aaa1	6975	Air Combat (USA)
Air Hockey (Europe)	6a973291	208	Air Hockey (USA)
Air Hockey (USA)	c2df3c01	82	Air Hockey (USA)
Air Management '96 (Japan)	293e12e8	4822	Air Management '96 (Japan)
Air Race (Europe)	151a6737	759	Air Race (Europe)
AirAssault - The Red Mercury Missions (Japan)	914e7cad	1522	Warhawk - The Red Mercury Missions (USA)
AirAssault - The Red Mercury Missions (Japan) (Demo)	6cf992d2	118	Warhawk - The Red Mercury Missions (USA)
AirGrave (Japan)	ffd182e9	3090	AirGrave (Japan)
AirRace Championship (Japan)	53fd7b94	226	AirRace Championship (Japan)
Aironauts (Europe) (En,Fr,De)	7efa0553	474	Aironauts (Europe) (En,Fr,De)
Airs, The (Japan)	600b2782	83	Airs, The (Japan)
Aishiau Koto Shika Dekinai (Japan)	025a5fa1	238	Aishiau Koto Shika Dekinai (Japan)
Aitakute... - Your Smiles in My Heart (Japan) (Disc 1)	4fa8d85d	797	Aitakute... - Your Smiles in My Heart (Japan) (Disc 1)
Aitakute... - Your Smiles in My Heart (Japan) (Disc 2)	47eeba3b	797	Aitakute... - Your Smiles in My Heart (Japan) (Disc 1)
Aitakute... - Your Smiles in My Heart (Japan) (Disc 3)	f6fc6626	797	Aitakute... - Your Smiles in My Heart (Japan) (Disc 1)
Aitakute... - Your Smiles in My Heart (Japan) (Disc 4)	0eab3db6	308	Aitakute... - Your Smiles in My Heart (Japan) (Disc 1)
Aitakute... - Your Smiles in My Heart - Oroshitate no Diary - Introduction Disc (Japan)	23206d85	374	Aitakute... - Your Smiles in My Heart (Japan) (Disc 1)
Akagawa Jirou - Majotachi no Nemuri - Fukkatsusai (Japan)	a0f955e7	284	Akagawa Jirou - Majotachi no Nemuri - Fukkatsusai (Japan)
Akagawa Jirou - Yasoukyoku (Japan)	dcdaab65	100	Akagawa Jirou - Yasoukyoku (Japan)
Akagawa Jirou - Yasoukyoku (Japan) (Shokai Genteiban)	95de3360	119	Akagawa Jirou - Yasoukyoku (Japan)
Akagawa Jirou - Yasoukyoku 2 (Japan)	8d1e964a	242	Akagawa Jirou - Yasoukyoku 2 (Japan)
Akazu no Ma (Japan)	3d06dea7	85	Akazu no Ma (Japan)
Akuji the Heartless (Europe) (En,Fr,De)	6d330bf9	381	Akuji the Heartless (USA)
Akuji the Heartless (USA)	1f1a2459	339	Akuji the Heartless (USA)
Akuji the Heartless (USA) (Trade Demo)	bcad348c	378	Akuji the Heartless (USA)
Akumajou Dracula X - Gekka no Yasoukyoku (Japan)	2b1804a1	296	Akumajou Dracula X - Gekka no Yasoukyoku (Japan)
Akumajou Dracula X - Gekka no Yasoukyoku (Japan) (Rev 1)	cdc317bd	312	Akumajou Dracula X - Gekka no Yasoukyoku (Japan)
Akumajou Dracula X - Gekka no Yasoukyoku (Japan) (Rev 2)	71617956	312	Akumajou Dracula X - Gekka no Yasoukyoku (Japan)
Albaria no Otome - Uruwashi no Seikishitachi (Japan)	99941f8d	274	Albaria no Otome - Uruwashi no Seikishitachi (Japan)
Alex Ferguson's Player Manager 2001 (Europe)	b8883e3e	672	Alex Ferguson's Player Manager 2001 (Europe)
Alex Ferguson's Player Manager 2002 (Europe)	28a4395e	672	Alex Ferguson's Player Manager 2002 (Europe)
Alexandra Ledermann 2 - Equitation Competition (France)	96f50203	121	Alexandra Ledermann 2 - Equitation Competition (France)
Alexi Lalas International Soccer (USA) (En,Fr,De,Es,It)	6200b2b7	121	Alexi Lalas International Soccer (USA) (En,Fr,De,Es,It)
Alfred Chicken (Europe) (Beta) (2001-12-03)	6a7c1bcb	941	Alfred Chicken (Europe) (En,Fr,De,Es,It)
Alfred Chicken (Europe) (Beta) (2002-02-07)	5c9da862	1638	Alfred Chicken (Europe) (En,Fr,De,Es,It)
Alfred Chicken (Europe) (En,Fr,De,Es,It)	5011b3ba	1737	Alfred Chicken (Europe) (En,Fr,De,Es,It)
Alice in Cyberland (Japan)	7816df95	92	Alice in Cyberland (Japan)
Alien Resurrection (Europe) (En,Fr,De,Es,It)	aacc72e6	534	Alien Resurrection (USA)
Alien Resurrection (USA)	d97017ce	454	Alien Resurrection (USA)
Alien Trilogy (Europe) (En,Fr,Es,It)	e9ed03e7	3388	Alien Trilogy (USA)
Alien Trilogy (France) (Demo)	7bd19bcd	474	Alien Trilogy (USA)
Alien Trilogy (Germany)	c4d4027c	3050	Alien Trilogy (USA)
Alien Trilogy (Japan)	e7c3bc2a	2998	Alien Trilogy (USA)
Alien Trilogy (USA)	5c405f2c	2946	Alien Trilogy (USA)
Alive (Japan) (Disc 1)	2dd8addc	88	Alive (Japan) (Disc 1)
Alive (Japan) (Disc 2)	2c858b0d	88	Alive (Japan) (Disc 1)
Alive (Japan) (Disc 3)	9a9e6b7d	88	Alive (Japan) (Disc 1)
All Music Dance! (Italy)	1b9abb2b	90	All Music Dance! (Italy)
All Star Action (Europe) (Disc 1)	4452d512	998	All Star Action (Europe) (Disc 1)
All Star Action (Europe) (Disc 2)	19048e91	998	All Star Action (Europe) (Disc 1)
All Star Boxing (Europe)	4e535f38	90	All Star Boxing (Europe)
All Star Racing (Europe)	a7d52b02	808	All Star Racing (USA)
All Star Racing (USA)	8f7bcff0	787	All Star Racing (USA)
All Star Racing 2 (Europe)	2a2e8cd8	822	All Star Racing 2 (USA)
All Star Racing 2 (USA)	7184a186	918	All Star Racing 2 (USA)
All Star Soccer (Europe) (En,Fr,De,It)	28eea9d0	246	All Star Soccer (Europe) (En,Fr,De,It)
All Star Soccer (Europe) (En,Fr,De,It) (Beta) (1997-05-26)	9738f0d7	263	All Star Soccer (Europe) (En,Fr,De,It)
All Star Tennis '99 (Europe) (Demo)	083f3a55	4792	All Star Tennis '99 (Europe) (En,Fr,De,Es,It)
All Star Tennis '99 (Europe) (En,Fr,De,Es,It)	3aa28c9f	5022	All Star Tennis '99 (Europe) (En,Fr,De,Es,It)
All Star Tennis '99 (Japan)	044429db	4374	All Star Tennis '99 (Europe) (En,Fr,De,Es,It)
All Star Tennis (Europe)	724cfb24	454	All Star Tennis (Europe)
All Star Tennis 2000 (Europe) (En,De,Es,It)	eee4673e	4398	All Star Tennis 2000 (Europe) (En,De,Es,It)
All Star Tennis 2000 (France)	18812857	3950	All Star Tennis 2000 (Europe) (En,De,Es,It)
All Star Watersports (Europe)	ea16f614	1222	All Star Watersports (Europe)
All-Star Baseball 97 featuring Frank Thomas (USA)	bd76988f	268	All-Star Baseball 97 featuring Frank Thomas (USA)
All-Star Mahjong - Karei naru Shoubushi kara no Chousen (Japan)	cd0ede5f	924	All-Star Mahjong - Karei naru Shoubushi kara no Chousen (Japan)
All-Star Slammin' D-Ball (USA)	7e9f612a	96	All-Star Slammin' D-Ball (USA)
Alla Ricerca della Valle Incantata - Ritorno alla Grande Vallata (Italy)	897619f0	138	Land Before Time, The - Return to the Great Valley (USA)
Allied General (Europe)	2d21857c	918	Allied General (USA)
Allied General (Japan) (En,Ja)	7d2a7f6e	974	Allied General (USA)
Allied General (USA)	d6e0f56a	780	Allied General (USA)
Alnam no Kiba - Juuzoku Juuni Shinto Densetsu (Japan)	387302ea	276	Alnam no Kiba - Juuzoku Juuni Shinto Densetsu (Japan)
Alnam no Tsubasa - Shoujin no Sora no Kanata e (Japan) (Demo)	ebcc27bc	292	Alnam no Tsubasa - Shoujin no Sora no Kanata e (Japan) (Disc 1)
Alnam no Tsubasa - Shoujin no Sora no Kanata e (Japan) (Disc 1)	4ea85b9f	296	Alnam no Tsubasa - Shoujin no Sora no Kanata e (Japan) (Disc 1)
Alnam no Tsubasa - Shoujin no Sora no Kanata e (Japan) (Disc 2)	3e240e05	296	Alnam no Tsubasa - Shoujin no Sora no Kanata e (Japan) (Disc 1)
Alnam no Tsubasa - Shoujin no Sora no Kanata e (Japan) (Disc 3)	11a03d73	296	Alnam no Tsubasa - Shoujin no Sora no Kanata e (Japan) (Disc 1)
Alone in the Dark - Jack Is Back (Europe) (En,Fr,De,Es,It)	f7ce671d	124	Alone in the Dark - Jack Is Back (Europe) (En,Fr,De,Es,It)
Alone in the Dark - One-Eyed Jack's Revenge (USA)	e7e7f0de	115	Alone in the Dark - One-Eyed Jack's Revenge (USA)
Alone in the Dark - The New Nightmare (Australia) (Disc 1) (Beta) (2001-03-13)	258de885	144	Alone in the Dark - The New Nightmare (USA) (Disc 1)
Alone in the Dark - The New Nightmare (Australia) (Disc 2) (Beta) (2001-03-13)	a55ecd0b	144	Alone in the Dark - The New Nightmare (USA) (Disc 1)
Alone in the Dark - The New Nightmare (Europe) (Disc 1)	b3aafdd6	280	Alone in the Dark - The New Nightmare (USA) (Disc 1)
Alone in the Dark - The New Nightmare (Europe) (Disc 2)	0c77e78b	280	Alone in the Dark - The New Nightmare (USA) (Disc 1)
Alone in the Dark - The New Nightmare (France) (Disc 1)	f70a45e8	280	Alone in the Dark - The New Nightmare (USA) (Disc 1)
Alone in the Dark - The New Nightmare (France) (Disc 2)	48d75fb5	280	Alone in the Dark - The New Nightmare (USA) (Disc 1)
Alone in the Dark - The New Nightmare (Germany) (Disc 1)	9481851b	282	Alone in the Dark - The New Nightmare (USA) (Disc 1)
Alone in the Dark - The New Nightmare (Germany) (Disc 2)	e4069067	282	Alone in the Dark - The New Nightmare (USA) (Disc 1)
Alone in the Dark - The New Nightmare (Italy) (Disc 1)	8e3c66e1	278	Alone in the Dark - The New Nightmare (USA) (Disc 1)
Alone in the Dark - The New Nightmare (Italy) (Disc 2)	d17bc48a	278	Alone in the Dark - The New Nightmare (USA) (Disc 1)
Alone in the Dark - The New Nightmare (Spain) (Disc 1)	27e80668	278	Alone in the Dark - The New Nightmare (USA) (Disc 1)
Alone in the Dark - The New Nightmare (Spain) (Disc 2)	78afa403	278	Alone in the Dark - The New Nightmare (USA) (Disc 1)
Alone in the Dark - The New Nightmare (USA) (Disc 1)	fb7a5702	274	Alone in the Dark - The New Nightmare (USA) (Disc 1)
Alone in the Dark - The New Nightmare (USA) (Disc 2)	65b685c0	274	Alone in the Dark - The New Nightmare (USA) (Disc 1)
Alone in the Dark 2 (Japan)	3eaa5bd8	93	Alone in the Dark 2 (Japan)
Alundra (Europe)	6bfca00b	82	Alundra (USA)
Alundra (Europe) (Demo)	9958a734	89	Alundra (USA)
Alundra (France)	4df4110e	82	Alundra (USA)
Alundra (Germany)	830af78f	83	Alundra (USA)
Alundra (Italy)	3615768e	81	Alundra (USA)
Alundra (Japan)	5ffa5864	81	Alundra (USA)
Alundra (Spain)	6b518756	81	Alundra (USA)
Alundra (USA)	a527dfa2	79	Alundra (USA)
Alundra (USA) (Rev 1)	d014bf27	87	Alundra (USA)
Alundra 2 - A New Legend Begins (Europe)	b99c45d1	106	Alundra 2 - A New Legend Begins (USA)
Alundra 2 - A New Legend Begins (USA)	db18d652	103	Alundra 2 - A New Legend Begins (USA)
Alundra 2 - Der Beginn einer neuen Legende (Germany)	5cae8be7	118	Alundra 2 - Der Beginn einer neuen Legende (Germany)
Alundra 2 - Mashinka no Nazo (Japan)	c714f495	102	Alundra 2 - Mashinka no Nazo (Japan)
Alundra 2 - Mashinka no Nazo (Japan) (Demo)	aea9ca17	109	Alundra 2 - Mashinka no Nazo (Japan)
Alundra 2 - Une Legende Est Nee (France)	bfc0674f	106	Alundra 2 - Une Legende Est Nee (France)
Amazing Virtual Sea-Monkeys, The (Europe) (En,Fr,De,Es,It,Nl,Pt)	a794ac8f	1890	Amazing Virtual Sea-Monkeys, The (USA) (En,Es)
Amazing Virtual Sea-Monkeys, The (USA) (En,Es)	fa51f14c	1674	Amazing Virtual Sea-Monkeys, The (USA) (En,Es)
America Oudan Ultra Quiz (Japan)	e70c80a3	98	America Oudan Ultra Quiz (Japan)
America Oudan Ultra Quiz (Japan) (Fukkokuban)	d66030ef	111	America Oudan Ultra Quiz (Japan)
American Pool (Europe)	e768c64f	88	American Pool (USA)
American Pool (USA)	bad9640f	85	American Pool (USA)
Amerzone - Das Testament des Forschungsreisenden (Germany) (Disc 1)	bfdaa795	133	Amerzone - The Explorer's Legacy (Europe) (Disc 1)
Amerzone - Das Testament des Forschungsreisenden (Germany) (Disc 2)	be878144	133	Amerzone - The Explorer's Legacy (Europe) (Disc 1)
Amerzone - El Legado del Explorador (Spain) (Disc 1)	47aef34e	118	Amerzone - El Legado del Explorador (Spain) (Disc 1)
Amerzone - El Legado del Explorador (Spain) (Disc 2)	46f3d59f	118	Amerzone - El Legado del Explorador (Spain) (Disc 1)
Amerzone - Il Testamento dell'Esploratore (Italy) (Disc 1)	eec8987d	124	Amerzone - Il Testamento dell'Esploratore (Italy) (Disc 1)
Amerzone - Il Testamento dell'Esploratore (Italy) (Disc 2)	ef95beac	124	Amerzone - Il Testamento dell'Esploratore (Italy) (Disc 1)
Amerzone - O Testamento do Explorador (Portugal) (Disc 1)	a5d01395	123	Amerzone - The Explorer's Legacy (Europe) (Disc 1)
Amerzone - O Testamento do Explorador (Portugal) (Disc 2)	a48d3544	123	Amerzone - The Explorer's Legacy (Europe) (Disc 1)
Amerzone - The Explorer's Legacy (Europe) (Disc 1)	81d37b26	116	Amerzone - The Explorer's Legacy (Europe) (Disc 1)
Amerzone - The Explorer's Legacy (Europe) (Disc 2)	808e5df7	116	Amerzone - The Explorer's Legacy (Europe) (Disc 1)
Amerzone, L' (France) (Disc 1)	c767edbb	96	Amerzone, L' (France) (Disc 1)
Amerzone, L' (France) (Disc 2)	c63acb6a	96	Amerzone, L' (France) (Disc 1)
Anastasia (Europe) (En,Fr,De,Nl)	d4be8b7e	98	Anastasia (Europe) (En,Fr,De,Nl)
Ancient Roman - Power of Dark Side (Japan) (Disc 1)	1b6018b0	117	Ancient Roman - Power of Dark Side (Japan) (Disc 1)
Ancient Roman - Power of Dark Side (Japan) (Disc 2)	1a3d3e61	117	Ancient Roman - Power of Dark Side (Japan) (Disc 1)
Ancient Roman Extra (Japan) (Demo)	81826fb0	366	Ancient Roman - Power of Dark Side (Japan) (Disc 1)
Andretti Racing (Europe)	3695b0b2	690	Andretti Racing (USA)
Andretti Racing (France)	0e3e6f95	690	Andretti Racing (USA)
Andretti Racing (Germany)	cb021df8	696	Andretti Racing (USA)
Andretti Racing (Japan)	578162f2	684	Andretti Racing (USA)
Andretti Racing (USA)	b3360e3d	672	Andretti Racing (USA)
Angel Blade - Neo Tokyo Guardians (Japan)	fa9a35a3	387	Angel Blade - Neo Tokyo Guardians (Japan)
Angel Blade - Neo Tokyo Guardians (Japan) (Demo)	58c5f591	114	Angel Blade - Neo Tokyo Guardians (Japan)
Angel Blade - Neo Tokyo Guardians (Japan) (Major Wave)	6845eb69	426	Angel Blade - Neo Tokyo Guardians (Japan)
Angel Graffiti - Anata e no Profile (Japan)	976ac4a9	256	Angel Graffiti - Anata e no Profile (Japan)
Angelique - Tenkuu no Requiem (Japan)	a3b8c795	103	Angelique - Tenkuu no Requiem (Japan)
Angelique - Tenkuu no Requiem (Japan) (Premium Box)	50a0effe	117	Angelique - Tenkuu no Requiem (Japan)
Angelique Duet (Japan)	637eb523	88	Angelique Duet (Japan)
Angelique Duet (Japan) (Premium Box)	445f9751	102	Angelique Duet (Japan)
Angelique Special (Japan)	ba6b472c	339	Angelique Special (Japan)
Angelique Special 2 (Japan)	e4a2bae4	93	Angelique Special 2 (Japan)
Angelique Special 2 (Japan) (Premium Box)	c344a8c6	107	Angelique Special 2 (Japan)
Animal Football (Europe) (En,Fr,De)	d6971d65	101	Animal Football (Europe) (En,Fr,De)
Animal Snap - Rescue Them 2 by 2 (Europe)	cd66e33a	792	Animal Snap - Rescue Them 2 by 2 (Europe)
Animaniacs - Ten Pin Alley (USA)	9e12941d	98	Animaniacs - Ten Pin Alley (USA)
Animetic Story Game 1 - Cardcaptor Sakura (Japan) (Disc 1)	882dbbcb	124	Animetic Story Game 1 - Cardcaptor Sakura (Japan) (Disc 1)
Animetic Story Game 1 - Cardcaptor Sakura (Japan) (Disc 2)	89709d1a	124	Animetic Story Game 1 - Cardcaptor Sakura (Japan) (Disc 1)
Animorphs - Shattered Reality (USA)	d11b44fd	240	Animorphs - Shattered Reality (USA)
Ankh - Tutankhamen no Nazo (Japan) (Disc 1)	641e65f2	109	Ankh - Tutankhamen no Nazo (Japan) (Disc 1)
Ankh - Tutankhamen no Nazo (Japan) (Disc 2)	65434323	109	Ankh - Tutankhamen no Nazo (Japan) (Disc 1)
Anna Kournikova's Smash Court Tennis (Europe)	dd7252e5	111	Anna Kournikova's Smash Court Tennis (Europe)
Anna Kournikova's Smash Court Tennis (Europe) (Rev 1)	8f6ccdab	119	Anna Kournikova's Smash Court Tennis (Europe)
Ano Ko Doko no Ko (Japan)	82aa6d15	91	Ano Ko Doko no Ko (Japan)
Another Memories (Japan)	a596f318	336	Another Memories (Japan)
Another Mind (Japan)	ba171c47	86	Another Mind (Japan)
Another Mind (Japan) (Demo)	b6174305	93	Another Mind (Japan)
Anstoss - Premier Manager (Germany)	247ce3b4	240	Anstoss - Premier Manager (Germany)
Ao no 6-gou - Antarctica (Japan) (Disc 1)	3252bd3e	107	Ao no 6-gou - Antarctica (Japan) (Disc 1)
Ao no 6-gou - Antarctica (Japan) (Disc 2)	330f9bef	107	Ao no 6-gou - Antarctica (Japan) (Disc 1)
Aoki Ookami to Shiroki Mejika - Genchou Hishi (Japan)	6d270704	276	Aoki Ookami to Shiroki Mejika - Genchou Hishi (Japan)
Aozora to Nakamatachi - Yume no Bouken Plus (Japan)	f8ed0b4d	117	Aozora to Nakamatachi - Yume no Bouken Plus (Japan)
Ape Escape (Europe)	058a8e68	85	Ape Escape (USA)
Ape Escape (Europe) (Demo)	af919e0b	222	Ape Escape (USA)
Ape Escape (France)	23823f6d	85	Ape Escape (USA)
Ape Escape (Germany)	57dfb143	86	Ape Escape (USA)
Ape Escape (Italy)	2b3df219	84	Ape Escape (USA)
Ape Escape (USA)	8e306ae4	82	Ape Escape (USA)
Ape Escape (USA) (Demo) (SCUS-94470)	065043a8	242	Ape Escape (USA)
Ape Escape (USA) (Demo) (SCUS-94489)	6a0fa370	242	Ape Escape (USA)
Ape Escape (USA) (Demo) (SCUS-94489) (EDC)	b33aca31	254	Ape Escape (USA)
Ape Escape - La Invasion de los Monos (Spain)	adbe9210	111	Ape Escape - La Invasion de los Monos (Spain)
Apocalypse (Europe)	3db1d215	208	Apocalypse (USA)
Apocalypse (Europe) (Demo)	73ddefbb	222	Apocalypse (USA)
Apocalypse (France)	f1537175	208	Apocalypse (USA)
Apocalypse (Germany)	04f72e56	210	Apocalypse (USA)
Apocalypse (Italy)	1bef929c	206	Apocalypse (USA)
Apocalypse (Japan)	307b2e7f	211	Apocalypse (USA)
Apocalypse (USA)	1fc2f0b6	202	Apocalypse (USA)
Aqua GT (Europe) (En,Fr,De,Es,It,Nl)	d24d0497	1152	Aqua GT (Europe) (En,Fr,De,Es,It,Nl)
Aqua Paradise (Japan)	7ba79e0f	212	Aqua Paradise (Japan)
Aquanaut no Kyuujitsu (Japan)	ea808e5e	228	Aquanaut no Kyuujitsu (Japan)
Aquanaut no Kyuujitsu - Memories of Summer 1996 (Japan)	29944d60	280	Aquanaut no Kyuujitsu - Memories of Summer 1996 (Japan)
Aquanaut no Kyuujitsu - Memories of Summer 1996 (Japan) (Artdink Best Choice)	3332d072	324	Aquanaut no Kyuujitsu - Memories of Summer 1996 (Japan)
Aquanaut no Kyuujitsu 2 (Japan)	5c7fb12b	232	Aquanaut no Kyuujitsu 2 (Japan)
Aquanaut no Kyuujitsu 2 (Japan) (Demo)	99a4849d	246	Aquanaut no Kyuujitsu 2 (Japan)
Aquanaut's Holiday (Europe)	0c0ca847	224	Aquanaut's Holiday (USA)
Aquanaut's Holiday (USA)	c2a8eaf6	218	Aquanaut's Holiday (USA)
Aquarian Age - Tokyo Wars (Japan)	6cdaf0e8	363	Aquarian Age - Tokyo Wars (Japan)
Arc the Lad II (Japan)	95f47333	88	Arc the Lad II (Japan)
Arc the Lad II (Japan) (Rev 1)	86be6455	96	Arc the Lad II (Japan)
Arc the Lad II - Characters & World CG Movie Collection (Japan)	bb8a0e0f	129	Arc the Lad II (Japan)
Arcade Gears - ImageFight & XMultiply (Japan)	f3411362	111	Arcade Gears - ImageFight & XMultiply (Japan)
Arcade Gears - Pu-Li-Ru-La (Japan)	76105951	3852	Arcade Gears - Pu-Li-Ru-La (Japan)
Arcade Gears - Wonder 3 (Japan)	ef5cb566	232	Arcade Gears - Wonder 3 (Japan)
Arcade Hits - Crazy Climber (Japan)	d942d3be	498	Arcade Hits - Crazy Climber (Japan)
Arcade Hits - Frisky Tom (Japan)	b16f0226	486	Arcade Hits - Frisky Tom (Japan)
Arcade Hits - Magical Drop (Japan)	1e571b77	1659	Magical Drop (Japan)
Arcade Hits - Moon Cresta (Japan)	a588449e	490	Arcade Hits - Moon Cresta (Japan)
Arcade Hits - Raiden (Japan)	4d520081	94	Raiden Project (Japan)
Arcade Hits - Shienryuu (Japan)	1291c0c8	97	Geki-Oh - Shienryuu (Japan)
Arcade Hits - Sonic Wings Special (Japan)	8b882b9a	107	Sonic Wings Special (Europe)
Arcade Hits - Soukyuu Gurentai (Japan)	670b7a2e	4238	Arcade Hits - Soukyuu Gurentai (Japan)
Arcade Hits - Suiko Enbu - Outlaws of the Lost Dynasty (Japan)	4660ed3d	4378	Suiko Enbu (Japan)
Arcade Hits - Wolf Fang - Kuuga 2001 (Japan)	f680e7e1	396	Wolf Fang - Kuuga 2001 (Japan)
Arcade Party Pak (Europe, Australia)	c6187efd	102	Arcade Party Pak (USA)
Arcade Party Pak (USA)	06d991b6	88	Arcade Party Pak (USA)
Arcade's Greatest Hits - The Atari Collection 1 (Europe)	c440e97e	122	Arcade's Greatest Hits - The Atari Collection 1 (USA)
Arcade's Greatest Hits - The Atari Collection 1 (USA)	df6a1ccb	119	Arcade's Greatest Hits - The Atari Collection 1 (USA)
Arcade's Greatest Hits - The Atari Collection 2 (Europe)	2feaa1c3	122	Arcade's Greatest Hits - The Atari Collection 2 (USA)
Arcade's Greatest Hits - The Atari Collection 2 (USA)	93d93662	119	Arcade's Greatest Hits - The Atari Collection 2 (USA)
Arcade's Greatest Hits - The Midway Collection 2 (Europe)	3c7ea6e0	123	Arcade's Greatest Hits - The Midway Collection 2 (USA)
Arcade's Greatest Hits - The Midway Collection 2 (USA)	2a519178	120	Arcade's Greatest Hits - The Midway Collection 2 (USA)
Arcana Senki Ludo (Japan)	cc27b5d4	339	Arcana Senki Ludo (Japan)
Archer Maclean's 3D Pool (Europe)	b786676a	744	Archer Maclean's 3D Pool (Europe)
Are!Mo KoreMo Momotarou (Japan)	e6127e7a	97	Are!Mo KoreMo Momotarou (Japan)
Area 51 (Europe) (En,Fr,De,Es)	efe9fde4	96	Area 51 (USA)
Area 51 (Europe) (En,Fr,De,Es) (Midway Classics)	39b0e9a3	114	Area 51 (USA)
Area 51 (Japan)	93173b1c	81	Area 51 (USA)
Area 51 (Japan) (Special Pack)	edd74c27	96	Area 51 (USA)
Area 51 (USA)	bf5273e9	79	Area 51 (USA)
Area 51 (USA) (Rev 1)	5557cbd7	87	Area 51 (USA)
Ark of Time (Europe) (En,Fr,De,Es,It)	a7da3e85	103	Ark of Time (Europe) (En,Fr,De,Es,It)
Arkanoid R 2000 (Japan)	7a25e990	89	Arkanoid R 2000 (Japan)
Arkanoid Returns (Japan)	955eff2d	90	Arkanoid Returns (Japan)
Armed Fighter (Japan)	aab56cd5	87	Armed Fighter (Japan)
Armored Core (Europe) (En,Fr,De,Es,It)	f4978934	104	Armored Core (USA)
Armored Core (Japan)	0e013911	86	Armored Core (USA)
Armored Core (Japan) (Demo 1)	fc92f871	95	Armored Core (USA)
Armored Core (Japan) (Demo 2)	fdcfdea0	95	Armored Core (USA)
Armored Core (Japan) (Demo 3)	4bd43ed0	95	Armored Core (USA)
Armored Core (Japan) (Rev 1)	3e1fb5e2	94	Armored Core (USA)
Armored Core (USA)	abba4e10	84	Armored Core (USA)
Armored Core (USA) (Rerelease)	4e8a5318	96	Armored Core (USA)
Armored Core - Master of Arena (Japan) (Demo)	877389f6	111	Armored Core - Master of Arena (USA) (Disc 1)
Armored Core - Master of Arena (Japan) (Disc 1)	ab8b8a6e	113	Armored Core - Master of Arena (USA) (Disc 1)
Armored Core - Master of Arena (Japan) (Disc 1) (PSone Books)	cde72037	127	Armored Core - Master of Arena (USA) (Disc 1)
Armored Core - Master of Arena (Japan) (Disc 2)	aad6acbf	113	Armored Core - Master of Arena (USA) (Disc 1)
Armored Core - Master of Arena (Japan) (Disc 2) (PSone Books)	8451f534	127	Armored Core - Master of Arena (USA) (Disc 1)
Armored Core - Master of Arena (USA) (Disc 1)	5bdda05a	111	Armored Core - Master of Arena (USA) (Disc 1)
Armored Core - Master of Arena (USA) (Disc 2)	5a80868b	111	Armored Core - Master of Arena (USA) (Disc 1)
Armored Core - Project Phantasma (Japan)	2821eb78	106	Armored Core - Project Phantasma (USA)
Armored Core - Project Phantasma (Japan) (PlayStation the Best)	456971fc	129	Armored Core - Project Phantasma (USA)
Armored Core - Project Phantasma (Japan) (Rev 1)	84cac38c	114	Armored Core - Project Phantasma (USA)
Armored Core - Project Phantasma (USA)	f0a0118c	104	Armored Core - Project Phantasma (USA)
Armorines - Project S.W.A.R.M. (Europe) (En,Fr,Es,It)	3289ce57	276	Armorines - Project S.W.A.R.M. (USA)
Armorines - Project S.W.A.R.M. (Germany)	62475b30	250	Armorines - Project S.W.A.R.M. (USA)
Armorines - Project S.W.A.R.M. (Japan)	f06752e1	246	Armorines - Project S.W.A.R.M. (USA)
Armorines - Project S.W.A.R.M. (USA)	b428f1df	242	Armorines - Project S.W.A.R.M. (USA)
Armorines - Project S.W.A.R.M. (USA) (Beta) (1999-10-20)	5105dc3d	122	Armorines - Project S.W.A.R.M. (USA)
Army Men - Air Attack (Europe) (En,Es,It)	5a465053	387	Army Men - Air Attack (USA)
Army Men - Air Attack (Europe) (En,Fr,De)	841a9786	387	Army Men - Air Attack (USA)
Army Men - Air Attack (USA)	0131f5b7	466	Army Men - Air Attack (USA)
Army Men - Air Attack 2 (Europe)	c010f8e9	98	Army Men - Air Attack 2 (USA, Canada)
Army Men - Air Attack 2 (France)	e61849ec	98	Army Men - Air Attack 2 (USA, Canada)
Army Men - Air Attack 2 (Germany)	cda59883	99	Army Men - Air Attack 2 (USA, Canada)
Army Men - Air Attack 2 (Italy)	0b70cda1	97	Army Men - Air Attack 2 (USA, Canada)
Army Men - Air Attack 2 (Spain)	56343c79	97	Army Men - Air Attack 2 (USA, Canada)
Army Men - Air Attack 2 (USA, Canada)	167db0f1	103	Army Men - Air Attack 2 (USA, Canada)
Army Men - Green Rogue (USA)	161481e6	94	Army Men - Green Rogue (USA)
Army Men - Land, Sea, Air (Europe) (En,Fr,De,Es,It)	2d7e45f5	117	Army Men - Land, Sea, Air (Europe) (En,Fr,De,Es,It)
Army Men - Lock 'n' Load (Europe) (En,Fr,De,Es,It)	1ab90a62	116	Army Men - Lock 'n' Load (Europe) (En,Fr,De,Es,It)
Army Men - Omega Soldier (Europe) (En,Fr,De,Es,It)	11b0cab3	116	Army Men - Omega Soldier (Europe) (En,Fr,De,Es,It)
Army Men - Operation Meltdown (Europe) (En,Fr,De,Es,It)	0c511391	121	Army Men - Operation Meltdown (Europe) (En,Fr,De,Es,It)
Army Men - Sarge's Heroes (Europe)	52af0601	100	Army Men - Sarge's Heroes (USA)
Army Men - Sarge's Heroes (France)	74a7b704	100	Army Men - Sarge's Heroes (USA)
Army Men - Sarge's Heroes (Germany)	63e64d37	101	Army Men - Sarge's Heroes (USA)
Army Men - Sarge's Heroes (Italy)	6600be6d	99	Army Men - Sarge's Heroes (USA)
Army Men - Sarge's Heroes (Spain)	3b444fb5	99	Army Men - Sarge's Heroes (USA)
Army Men - Sarge's Heroes (USA)	c682f538	97	Army Men - Sarge's Heroes (USA)
Army Men - Sarge's Heroes 2 (Europe) (En,Fr,De,Es,It)	65877fab	119	Army Men - Sarge's Heroes 2 (USA)
Army Men - Sarge's Heroes 2 (USA)	16ece2aa	99	Army Men - Sarge's Heroes 2 (USA)
Army Men - Team Assault (Europe) (En,Fr,De,Es,It)	1f21c738	115	Army Men - Team Assault (Europe) (En,Fr,De,Es,It)
Army Men - World War (USA)	48951088	92	Army Men - World War (USA)
Army Men - World War - Final Front (USA)	7317760d	106	Army Men - World War - Final Front (USA)
Army Men - World War - Land, Sea, Air (USA, Canada)	244b9306	117	Army Men - World War - Land, Sea, Air (USA, Canada)
Army Men - World War - Team Assault (USA)	d24a7888	107	Army Men - World War - Team Assault (USA)
Army Men 3D (Europe) (En,Fr,De)	b99e5338	2628	Army Men 3D (USA)
Army Men 3D (USA)	77fbb632	2334	Army Men 3D (USA)
Art Camion - Geijutsuden (Japan)	3eab0726	98	Art Camion - Geijutsuden (Japan)
Art Camion - Sugorokuden (Japan)	c35ffaa6	98	Art Camion - Sugorokuden (Japan)
Arthur to Astaroth no Nazo Makaimura - Incredible Toons (Japan)	eb7bee91	2984	Arthur to Astaroth no Nazo Makaimura - Incredible Toons (Japan)
Arthur! Ready to Race (USA)	7587de25	93	Arthur! Ready to Race (USA)
Asonde Chinou Up (Japan)	356b2fc4	90	Asonde Chinou Up (Japan)
Assault (Europe) (En,Fr,De,Es,It)	09e3d360	99	Assault (Europe) (En,Fr,De,Es,It)
Assault (Europe) (En,Fr,De,Es,It) (Demo)	eec0ff9f	106	Assault (Europe) (En,Fr,De,Es,It)
Assault - Retribution (USA)	672b5862	93	Assault - Retribution (USA)
Assault Rigs (Europe)	b0e61e52	1722	Assault Rigs (USA)
Assault Rigs (Japan)	b4bd6330	1822	Assault Rigs (USA)
Assault Rigs (USA)	b1fc06b9	1677	Assault Rigs (USA)
Assault Suits Valken 2 (Japan)	40597441	96	Assault Suits Valken 2 (Japan)
Assault Suits Valken 2 (Japan) (Demo)	3f78ebe3	103	Assault Suits Valken 2 (Japan)
Asterix & Obelix Take on Caesar (Europe)	4f841eaa	1188	Asterix & Obelix Take on Caesar (Europe)
Asterix & Obelix Take on Caesar (Europe) (Es,Sv,No)	7a7f2696	1287	Asterix & Obelix Take on Caesar (Europe)
Asterix & Obelix Take on Caesar (Europe) (Fr,De,Nl)	8a3e6442	1287	Asterix & Obelix Take on Caesar (Europe)
Asterix & Obelix contro Cesare (Italy)	cde72be0	1170	Asterix & Obelix Take on Caesar (Europe)
Asterix (Europe) (De,Es,It) (Rev 1)	b2772943	101	Asterix (Europe) (En,Fr,De,Nl)
Asterix (Europe) (En,Fr,De,Nl)	12074df0	1982	Asterix (Europe) (En,Fr,De,Nl)
Asterix (Europe) (En,Fr,Es,It)	75cc1055	1982	Asterix (Europe) (En,Fr,De,Nl)
Asterix (Europe) (En,Fr,Nl) (Rev 1)	cdd80839	101	Asterix (Europe) (En,Fr,De,Nl)
Asterix - Mega Madness (Europe) (En,Fr,De,Es,It,Nl)	ab54edb9	117	Asterix - Mega Madness (Europe) (En,Fr,De,Es,It,Nl)
Asterix - Mega Madness (Europe) (En,Fr,De,Es,It,Nl) (Demo)	ab6eda5e	124	Asterix - Mega Madness (Europe) (En,Fr,De,Es,It,Nl)
Asteroids (Europe)	9ee5b199	206	Asteroids (USA)
Asteroids (France)	16da3e97	206	Asteroids (USA)
Asteroids (Germany)	7de2ef81	208	Asteroids (USA)
Asteroids (Italy)	e2abbc33	204	Asteroids (USA)
Asteroids (USA)	76ccf0e5	200	Asteroids (USA)
Astro Trooper Vanark (Japan)	c63dcb52	1458	Astro Trooper Vanark (Japan)
Astronoka (Japan) (Demo Movie)	b22757ba	96	Astronoka (Japan) (Disc 1)
Astronoka (Japan) (Disc 1)	48b3e145	92	Astronoka (Japan) (Disc 1)
Astronoka (Japan, Asia) (Taikenban)	ac4c0d9c	101	Astronoka (Japan) (Disc 1)
Asuka 120% Excellent - Burning Fest. Excellent (Japan, Asia)	45348444	290	Asuka 120% Excellent - Burning Fest. Excellent (Japan, Asia)
Asuka 120% Final - Burning Fest. Final (Japan)	8d59e264	112	Asuka 120% Final - Burning Fest. Final (Japan)
Asuka 120% Special - Burning Fest. Special (Japan)	5c9e5a0e	3607	Asuka 120% Special - Burning Fest. Special (Japan)
Asuka 120% Special - Burning Fest. Special (Japan) (Rev 1)	eebd3949	3807	Asuka 120% Special - Burning Fest. Special (Japan)
Asuncia - Majou no Jubaku (Japan)	5270c061	3822	Asuncia - Majou no Jubaku (Japan)
Atari Anniversary Edition Redux (Europe)	04eb8d09	106	Atari Anniversary Edition Redux (USA)
Atari Anniversary Edition Redux (USA)	b805ecc7	103	Atari Anniversary Edition Redux (USA)
Atelier Elie - Elie no Atelier - Salburg no Renkinjutsushi 2 (Japan)	1426abaa	306	Atelier Elie - Elie no Atelier - Salburg no Renkinjutsushi 2 (Japan)
Atelier Elie - Elie no Atelier - Salburg no Renkinjutsushi 2 (Japan) (PlayStation the Best)	cd7a93c3	352	Atelier Elie - Elie no Atelier - Salburg no Renkinjutsushi 2 (Japan)
Athena - Awakening from the Ordinary Life (Japan) (Demo)	c0f9f6fe	282	Athena - Awakening from the Ordinary Life (Japan) (Disc 1)
Athena - Awakening from the Ordinary Life (Japan) (Disc 1)	845d1b98	286	Athena - Awakening from the Ordinary Life (Japan) (Disc 1)
Athena - Awakening from the Ordinary Life (Japan) (Disc 2)	a45c839d	286	Athena - Awakening from the Ordinary Life (Japan) (Disc 1)
Athena - Awakening from the Ordinary Life (Japan) (Disc 3)	0d7309a1	286	Athena - Awakening from the Ordinary Life (Japan) (Disc 1)
Athena no Kateiban - Family Games (Japan)	f8c14aa5	3246	Athena no Kateiban - Family Games (Japan)
Atlantis - Das sagenhafte Abenteuer (Germany) (Disc 1)	554f529d	120	Atlantis - Das sagenhafte Abenteuer (Germany) (Disc 1)
Atlantis - Das sagenhafte Abenteuer (Germany) (Disc 2)	5412744c	120	Atlantis - Das sagenhafte Abenteuer (Germany) (Disc 1)
Atlantis - Das sagenhafte Abenteuer (Germany) (Disc 3)	e209943c	120	Atlantis - Das sagenhafte Abenteuer (Germany) (Disc 1)
Atlantis - Secrets d'un Monde Oublie (France) (Disc 1)	95ec791f	120	Atlantis - Secrets d'un Monde Oublie (France) (Disc 1)
Atlantis - Secrets d'un Monde Oublie (France) (Disc 2)	94b15fce	120	Atlantis - Secrets d'un Monde Oublie (France) (Disc 1)
Atlantis - Secrets d'un Monde Oublie (France) (Disc 3)	22aabfbe	120	Atlantis - Secrets d'un Monde Oublie (France) (Disc 1)
Atlantis - Segreti d'un Mondo Perduto (Italy) (Disc 1)	7bf6699b	120	Atlantis - Segreti d'un Mondo Perduto (Italy) (Disc 1)
Atlantis - Segreti d'un Mondo Perduto (Italy) (Disc 2)	7aab4f4a	120	Atlantis - Segreti d'un Mondo Perduto (Italy) (Disc 1)
Atlantis - Segreti d'un Mondo Perduto (Italy) (Disc 3)	ccb0af3a	120	Atlantis - Segreti d'un Mondo Perduto (Italy) (Disc 1)
Atlantis - The Lost Continent (Europe) (En,Fr,De)	c47657f2	115	Atlantis - The Lost Continent (Europe) (En,Fr,De)
Atlantis - The Lost Tales (Europe) (Disc 1)	98c19097	109	Atlantis - The Lost Tales (Europe) (Disc 1)
Atlantis - The Lost Tales (Europe) (Disc 2)	999cb646	109	Atlantis - The Lost Tales (Europe) (Disc 1)
Atlantis - The Lost Tales (Europe) (Disc 3)	2f875636	109	Atlantis - The Lost Tales (Europe) (Disc 1)
Atlantis - The Lost Tales (Europe) (En,Es,Nl,Sv) (Disc 1)	d79a7915	123	Atlantis - The Lost Tales (Europe) (Disc 1)
Atlantis - The Lost Tales (Europe) (En,Es,Nl,Sv) (Disc 2)	d6c75fc4	123	Atlantis - The Lost Tales (Europe) (Disc 1)
Atlantis - The Lost Tales (Europe) (En,Es,Nl,Sv) (Disc 3)	60dcbfb4	123	Atlantis - The Lost Tales (Europe) (Disc 1)
Attack of the Saucerman (Europe) (En,Fr,De,Es,It)	b73262ba	3006	Attack of the Saucerman (Europe) (En,Fr,De,Es,It)
Aubirdforce (Japan)	89b489d2	208	Aubirdforce (Japan)
Aubirdforce (Japan) (Demo)	0dd17ab1	222	Aubirdforce (Japan)
Aubirdforce (Japan) (Shokai Genteiban)	3c9a0a30	246	Aubirdforce (Japan)
Aubirdforce - After (Japan)	0e9720ec	224	Aubirdforce - After (Japan)
Aura Battler Dunbine - Seisenshi Densetsu (Japan) (Rev 1)	32bb9605	123	Aura Battler Dunbine - Seisenshi Densetsu (Japan) (Rev 1)
Austin Powers Pinball (Europe) (En,Fr,De)	7619d748	107	Austin Powers Pinball (USA)
Austin Powers Pinball (USA)	dcd669df	93	Austin Powers Pinball (USA)
Auto Destruct (Europe) (En,Fr,De,Es,Sv)	f99b47e4	248	Auto Destruct (USA)
Auto Destruct (USA)	9e325bb6	208	Auto Destruct (USA)
Autobahn Raser II (Germany)	1fb52a9c	1446	Autobahn Raser II (Germany)
Ayakashi Ninden Kunoichiban (Japan) (Disc 1)	b08a76e4	396	Ayakashi Ninden Kunoichiban (Japan) (Disc 1)
Ayakashi Ninden Kunoichiban (Japan) (Disc 2)	85526713	396	Ayakashi Ninden Kunoichiban (Japan) (Disc 1)
Ayrton Senna Kart Duel (Europe)	04eac66b	857	Ayrton Senna Kart Duel (Europe)
Ayrton Senna Kart Duel (Japan)	dff9c82b	850	Ayrton Senna Kart Duel (Europe)
Ayrton Senna Kart Duel 2 (Europe)	c222ead2	744	Ayrton Senna Kart Duel 2 (Europe)
Ayrton Senna Kart Duel Special (Japan)	8fa6ccd8	1038	Ayrton Senna Kart Duel Special (Japan)
Ayrton Senna KartDuel 2 (Japan)	599c8e94	732	Ayrton Senna KartDuel 2 (Japan)
Azito (Japan)	72ea56af	838	Azito (Japan)
Azito (Japan) (Major Wave)	0e71aab1	942	Azito (Japan)
Azito 2 (Japan)	b1cada07	81	Azito 2 (Japan)
Azito 3 (Japan)	1de7f88d	200	Azito 3 (Japan)
Aztec - The Curse in the Heart of the City of Gold (Europe) (En,Nl)	69e869a8	133	Aztec - The Curse in the Heart of the City of Gold (Europe) (En,Nl)
Aztec - The Curse in the Heart of the City of Gold (Europe) (Es,It)	5a54df53	133	Aztec - The Curse in the Heart of the City of Gold (Europe) (En,Nl)
Aztec - The Curse in the Heart of the City of Gold (Europe) (Fr,De)	2df927e5	133	Aztec - The Curse in the Heart of the City of Gold (Europe) (En,Nl)
Azumanga Donjara Daiou (Japan)	c558cf4e	96	Azumanga Donjara Daiou (Japan)
Azure Dreams (Europe) (En,Fr,De)	bc867b03	98	Azure Dreams (USA)
Azure Dreams (USA)	3314c47b	99	Azure Dreams (USA)
B Senjou no Alice - Alice on Borderlines (Japan) (Demo)	2b7b4666	121	B Senjou no Alice - Alice on Borderlines (Japan) (Disc 1)
B Senjou no Alice - Alice on Borderlines (Japan) (Disc 1)	d111735d	123	B Senjou no Alice - Alice on Borderlines (Japan) (Disc 1)
B Senjou no Alice - Alice on Borderlines (Japan) (Disc 2)	d04c558c	123	B Senjou no Alice - Alice on Borderlines (Japan) (Disc 1)
B Senjou no Alice - Alice on Borderlines (Japan) (Disc 3)	6657b5fc	123	B Senjou no Alice - Alice on Borderlines (Japan) (Disc 1)
B-Movie (Europe) (En,Es,It)	7ddd58ca	2056	B-Movie (Europe) (En,Es,It)
B-Movie (Germany)	a328a96e	1886	B-Movie (Europe) (En,Es,It)
B. L. U. E. - Legend of Water (Japan)	0dce38f2	244	B. L. U. E. - Legend of Water (Japan)
B. L. U. E. - Legend of Water (Japan) (Demo)	96cc10f7	258	B. L. U. E. - Legend of Water (Japan)
BDFL Manager 2001 (Germany)	7a25aaf3	93	BDFL Manager 2001 (Germany)
BDFL Manager 2002 (Germany)	cf1ecf8a	93	BDFL Manager 2002 (Germany)
BFS - Blue Forest Story - Kaze no Fuuin (Japan)	7e8e5232	113	BFS - Blue Forest Story - Kaze no Fuuin (Japan)
Baby Felix Tennis (Europe) (En,Fr,De,Es,It,Nl)	6f7e03a4	112	Baby Felix Tennis (Europe) (En,Fr,De,Es,It,Nl)
Baby Universe (Europe)	162741e9	88	Baby Universe (Europe)
BackGuiner - Yomigaeru Yuushatachi - Hishou-hen - Uragiri no Senjou (Japan) (Disc 1)	b01a2c42	150	BackGuiner - Yomigaeru Yuushatachi - Hishou-hen - Uragiri no Senjou (Japan) (Disc 1)
BackGuiner - Yomigaeru Yuushatachi - Hishou-hen - Uragiri no Senjou (Japan) (Disc 2)	b1470a93	150	BackGuiner - Yomigaeru Yuushatachi - Hishou-hen - Uragiri no Senjou (Japan) (Disc 1)
BackGuiner - Yomigaeru Yuushatachi - Kakusei-hen - Guiner Tensei (Japan) (Disc 1)	4221322d	147	BackGuiner - Yomigaeru Yuushatachi - Kakusei-hen - Guiner Tensei (Japan) (Disc 1)
BackGuiner - Yomigaeru Yuushatachi - Kakusei-hen - Guiner Tensei (Japan) (Disc 2)	437c14fc	147	BackGuiner - Yomigaeru Yuushatachi - Kakusei-hen - Guiner Tensei (Japan) (Disc 1)
BackGuiner - Yomigaeru Yuushatachi - Service Disc (Japan)	8ff7d425	123	BackGuiner - Yomigaeru Yuushatachi - Hishou-hen - Uragiri no Senjou (Japan) (Disc 1)
Backgammon (Japan)	72bd92fa	206	Backgammon (Japan)
Backgammon 2000 (Japan)	678f625f	450	Backgammon 2000 (Japan)
Backstreet Billiards (USA)	e951aff0	92	Backstreet Billiards (USA)
Backyard Soccer (USA)	3cdead58	87	Backyard Soccer (USA)
Bakumatsu Roman - Gekka no Kenshi (Japan)	4a85fe6a	252	Bakumatsu Roman - Gekka no Kenshi (Japan)
Bakuretsu Hunter - Mahjong Special (Japan)	41d0ebb1	1352	Bakuretsu Hunter - Mahjong Special (Japan)
Bakuretsu Hunter - Sorezore no Omoi ... Nowaanchatte (Japan)	b210871b	126	Bakuretsu Hunter - Sorezore no Omoi ... Nowaanchatte (Japan)
Bakuretsu Soccer (Japan)	8c510cd5	808	Bakuretsu Soccer (Japan)
Bakuryuu (Japan)	efed4b2d	82	Bakuryuu (Japan)
Bakuryuu (Japan) (Beta) (1999-11-27)	e4d624b8	102	Bakuryuu (Japan)
Bakushou!! All Yoshimoto Quiz-ou Ketteisen DX (Japan)	246d8802	119	Bakushou!! All Yoshimoto Quiz-ou Ketteisen DX (Japan)
Bakusou Dekotora Densetsu - Otoko Ippiki Yume Kaidou (Japan)	f7f015be	444	Bakusou Dekotora Densetsu - Otoko Ippiki Yume Kaidou (Japan)
Bakusou Dekotora Densetsu 2 - Otoko Jinsei Yume Ichiro (Japan)	25423c8c	128	Bakusou Dekotora Densetsu 2 - Otoko Jinsei Yume Ichiro (Japan)
Bakusou Dekotora Densetsu 2 - Otoko Jinsei Yume Ichiro (Japan) (Demo)	6a713c0b	135	Bakusou Dekotora Densetsu 2 - Otoko Jinsei Yume Ichiro (Japan)
Bakusou Kyoudai Let's & Go!! Eternal Wings (Japan)	1e8dba1a	270	Bakusou Kyoudai Let's & Go!! Eternal Wings (Japan)
Bakuten Shoot Beyblade - Bey Battle Tournament (Japan)	606ffe5e	1018	Bakuten Shoot Beyblade - Bey Battle Tournament (Japan)
Bakuten Shoot Beyblade 2002 - Bey Battle Tournament 2 (Japan)	29b4de44	127	Bakuten Shoot Beyblade 2002 - Bey Battle Tournament 2 (Japan)
Baldies (Europe)	03994339	1314	Baldies (USA)
Baldies (USA)	2d33b3ac	1278	Baldies (USA)
Baldy Land (Japan)	cf0f9273	1225	Baldies (USA)
Ball Breakers (USA)	60494234	85	Ball Breakers (USA)
BallBlazer Champions (Europe)	0b48dff5	95	Ballblazer Champions (USA)
BallBlazer Champions (Germany)	d96f9ceb	96	Ballblazer Champions (USA)
BallBlazer Champions (Italy)	32e45d11	94	Ballblazer Champions (USA)
BallBlazer Champions (Japan)	5b0b73fb	94	Ballblazer Champions (USA)
BallBlazer Champions (Spain)	6fa0acc9	94	Ballblazer Champions (USA)
Ballblazer Champions (USA)	878c946f	92	Ballblazer Champions (USA)
Ballerburg (Europe)	9b18fc2e	85	Ballerburg (Europe)
Ballerburg (Germany)	c8fec794	86	Ballerburg (Europe)
Ballerburg - Castle Chaos (USA)	3dec4432	97	Ballerburg - Castle Chaos (USA)
Ballistic (Europe) (En,Fr,De)	6b097b6b	1222	Ballistic (USA)
Ballistic (USA)	918db9bc	1302	Ballistic (USA)
Baphomets Fluch (Germany)	e0ae5b8e	91	Baphomets Fluch (Germany)
Baphomets Fluch II - Die Spiegel der Finsternis (Germany)	d8e0e349	435	Baphomets Fluch II - Die Spiegel der Finsternis (Germany)
Barbie - Aventure Equestre (France)	6cf03a5a	101	Barbie - Aventure Equestre (France)
Barbie - Aventuriere (France)	1d6bb57e	95	Barbie - Aventuriere (France)
Barbie - Esploratrice (Italy)	1535895f	95	Barbie - Explorer (USA)
Barbie - Explorer (Europe)	f34b4a2f	92	Barbie - Explorer (USA)
Barbie - Explorer (Germany)	bf91a4b4	93	Barbie - Explorer (USA)
Barbie - Explorer (Spain)	0e9b1f14	91	Barbie - Explorer (USA)
Barbie - Explorer (USA)	aea5c621	216	Barbie - Explorer (USA)
Barbie - Gotta Have Games (USA)	5b243807	1368	Barbie - Gotta Have Games (USA)
Barbie - Race & Ride (Europe)	02d9e857	95	Barbie - Race & Ride (USA)
Barbie - Race & Ride (Germany)	e1becf18	96	Barbie - Race & Ride (USA)
Barbie - Race & Ride (Italy)	159fd41d	94	Barbie - Race & Ride (USA)
Barbie - Race & Ride (Spain)	48db25c5	94	Barbie - Race & Ride (USA)
Barbie - Race & Ride (USA)	d3981850	92	Barbie - Race & Ride (USA)
Barbie - Sports Extreme (France)	53ca5b89	98	Barbie - Sports Extreme (France)
Barbie - Super Sport (Germany)	7279f821	96	Barbie - Super Sport (Germany)
Barbie - Super Sports (Europe)	3f39dc69	96	Barbie - Super Sports (USA)
Barbie - Super Sports (Italy)	2d3e3d78	95	Barbie - Super Sports (USA)
Barbie - Super Sports (Spain)	707acca0	95	Barbie - Super Sports (USA)
Barbie - Super Sports (USA)	24811e59	93	Barbie - Super Sports (USA)
Barca Manager 2000 (Spain) (Es,Ca)	7f84167b	494	Barca Manager 2000 (Spain) (Es,Ca)
Bardysh - Kromeford no Juunin (Japan)	02c86dde	103	Bardysh - Kromeford no Juunin (Japan)
Baroque - Yuganda Mousou (Japan)	46d90e92	234	Baroque - Yuganda Mousou (Japan)
Baroque - Yuganda Mousou (Japan) (Genteiban)	ad7b3a37	258	Baroque - Yuganda Mousou (Japan)
Baroque Syndrome (Japan)	336ebdbb	90	Baroque Syndrome (Japan)
Baseball - Pro-nami Kusayakyuu! (Japan)	8252b3e7	105	Wai Wai Kusa Yakyuu (Japan)
Baseball Navigator (Japan)	fe09eb58	92	Baseball Navigator (Japan)
Baseball Simulation - ID Pro Yakyuu (Japan)	2ef2ee5f	109	Baseball Simulation - ID Pro Yakyuu (Japan)
Bases Loaded '96 - Double Header (USA)	3b2d93a4	378	Bases Loaded '96 - Double Header (USA)
Bass Fisherman - Texas (Japan)	54be48cb	96	Bass Fisherman - Texas (Japan)
Bass Landing (Japan)	ede4e0e9	86	Bass Landing (USA)
Bass Landing (Japan) (Demo)	9a9d2fc2	93	Bass Landing (USA)
Bass Landing (USA)	aa8212c0	84	Bass Landing (USA)
Bass Landing 2 (Japan)	6430f8a8	88	Bass Landing 2 (Japan)
Bass Landing 2 (Japan) (Special Fishing Set)	0ca8f842	110	Bass Landing 2 (Japan)
Bass Rise (USA)	fed63adb	200	Bass Rise (USA)
Bass Tsuri ni Ikou! (Japan)	5025d0f8	93	Bass Tsuri ni Ikou! (Japan)
Bassing Beat 2 (Japan)	3afa1db8	88	Bassing Beat 2 (Japan)
Bastard!! Utsuronaru Kamigami no Utsuwa (Japan)	12c03766	113	Bastard!! Utsuronaru Kamigami no Utsuwa (Japan)
Bastard!! Utsuronaru Kamigami no Utsuwa (Japan) (Demo)	01bc167b	120	Bastard!! Utsuronaru Kamigami no Utsuwa (Japan)
Bastard!! Utsuronaru Kamigami no Utsuwa (Japan) (Rev 1)	b711e1a4	121	Bastard!! Utsuronaru Kamigami no Utsuwa (Japan)
Batman & Robin (Europe) (En,Fr,De,Es)	5b398913	375	Batman & Robin (USA)
Batman & Robin (Italy)	6683487b	330	Batman & Robin (USA)
Batman & Robin (USA)	3c2e5813	324	Batman & Robin (USA)
Batman - Gotham City Racer (Europe) (En,Fr,De,Es,It,Nl)	742fd730	1025	Batman - Gotham City Racer (USA)
Batman - Gotham City Racer (USA)	61ef066f	864	Batman - Gotham City Racer (USA)
Batman Beyond - Return of the Joker (USA)	ba00a966	2294	Batman Beyond - Return of the Joker (USA)
Batman Forever - The Arcade Game (Europe)	fcd193f9	252	Batman Forever - The Arcade Game (USA)
Batman Forever - The Arcade Game (Japan)	64c0f512	250	Batman Forever - The Arcade Game (USA)
Batman Forever - The Arcade Game (USA)	f46e1656	246	Batman Forever - The Arcade Game (USA)
Batman of the Future - Return of the Joker (Europe) (En,Fr,De)	7362ede8	2651	Batman of the Future - Return of the Joker (Europe) (En,Fr,De)
Battle Arena Nitoushinden (Japan)	f1f5222c	2030	Battle Arena Nitoushinden (Japan)
Battle Arena Toshinden (Europe)	2a71d33c	1746	Battle Arena Toshinden (USA)
Battle Arena Toshinden (USA)	58e3761c	1704	Battle Arena Toshinden (USA)
Battle Arena Toshinden 2 (Europe)	30aab6bd	2286	Battle Arena Toshinden 2 (USA)
Battle Arena Toshinden 2 (USA)	1e684a2b	2232	Battle Arena Toshinden 2 (USA)
Battle Arena Toshinden 3 (Europe)	69b4d5f0	236	Battle Arena Toshinden 3 (USA) (En,Ja)
Battle Arena Toshinden 3 (Europe) (Beta) (1997-07-11)	df737a46	253	Battle Arena Toshinden 3 (USA) (En,Ja)
Battle Arena Toshinden 3 (USA) (En,Ja)	9d09a46e	246	Battle Arena Toshinden 3 (USA) (En,Ja)
Battle Arena Toushinden 2 (Japan)	751765a6	2286	Battle Arena Toushinden 2 (Japan)
Battle Arena Toushinden 2 - Gyouten Kyougaku no Shishoku-ban (Japan)	f36f86b0	306	Battle Arena Toushinden 2 (Japan)
Battle Arena Toushinden 2 Plus (Japan)	891c3ff4	2376	Battle Arena Toushinden 2 (Japan)
Battle Arena Toushinden 3 (Japan, Asia)	7196b5b4	248	Battle Arena Toushinden 3 (Japan, Asia)
Battle Athletess - Daiundoukai Alternative (Japan)	4d2b79d6	116	Battle Athletess - Daiundoukai Alternative (Japan)
Battle Athletess - Daiundoukai Alternative (Japan) (Major Wave)	b48223fc	129	Battle Athletess - Daiundoukai Alternative (Japan)
Battle Athletess - Daiundoukai GTO (Grand Trial Onnanoco) (Japan)	c0045dc5	2222	Battle Athletess - Daiundoukai GTO (Grand Trial Onnanoco) (Japan)
Battle Athletess - Daiundoukai GTO (Grand Trial Onnanoco) (Japan) (Major Wave)	7645f529	2577	Battle Athletess - Daiundoukai GTO (Grand Trial Onnanoco) (Japan)
Battle Bugs (Japan)	f4f7cfea	1692	Battle Bugs (Japan)
Battle Formation (Japan)	baf56ed6	90	Battle Formation (Japan)
Battle Hunter (USA)	80fd592f	547	Battle Hunter (USA)
Battle Konchuuden (Japan)	edf5e943	91	Battle Konchuuden (Japan)
Battle Master (Japan)	e69a7967	1142	Battle Master (Japan)
Battle Master (Japan) (Major Wave)	76588a0c	1272	Battle Master (Japan)
Battle Stations (Europe) (En,Fr,De)	a03b93ff	101	Battle Stations (USA)
Battle Stations (USA)	87cfb196	87	Battle Stations (USA)
BattleRound USA (Japan)	d6f48dcd	1988	BattleRound USA (Japan)
BattleSport (Europe)	2045101c	2397	BattleSport (USA)
BattleSport (USA)	15eb4e30	2334	BattleSport (USA)
BattleTanx - Global Assault (Europe) (En,Es,It)	40ebac16	113	BattleTanx - Global Assault (USA)
BattleTanx - Global Assault (Europe) (En,Fr,De)	374654a0	113	BattleTanx - Global Assault (USA)
BattleTanx - Global Assault (USA)	1ad960e0	99	BattleTanx - Global Assault (USA)
Beach Volleyball (Europe) (En,Fr,De,Es,It)	f8cc6d5e	254	Beach Volleyball (Europe) (En,Fr,De,Es,It)
Bealphareth (Japan)	69459bf8	85	Bealphareth (Japan)
Beast Wars - Transformers (Europe) (En,Fr,De,Es,It)	ef771413	272	Beast Wars - Transformers (USA)
Beast Wars - Transformers (Europe) (En,Fr,De,Es,It) (Demo)	4120c5f3	286	Beast Wars - Transformers (USA)
Beast Wars - Transformers (USA)	2efa9835	232	Beast Wars - Transformers (USA)
Beat Mania (Japan) (Disc 1) (Arcade)	bcc7eeb4	102	Beatmania (Europe)
Beat Mania (Japan) (Disc 2) (Append)	0dcaf6c9	102	Beatmania (Europe)
Beat Mania - The Sound of Tokyo (Japan)	4e5c2631	105	Beat Mania - The Sound of Tokyo (Japan)
Beat Mania 3rd Mix Mini (Japan)	ea30c0bb	97	Beat Mania 3rd Mix Mini (Japan)
Beat Mania Append 3rdMix (Japan)	4287a158	98	Beat Mania 3rd Mix Mini (Japan)
Beat Mania Append GottaMix (Japan, Asia)	b8d64b43	106	Beat Mania Append GottaMix (Japan, Asia)
Beat Mania Append GottaMix 2 - Going Global (Japan)	422e7c60	117	Beat Mania Append GottaMix 2 - Going Global (Japan)
Beat Planet Music (Japan)	d3653fe9	4062	Beat Planet Music (Japan)
Beat Planet Music (Japan) (Demo)	a5a47fad	98	Beat Planet Music (Japan)
Beatmania (Europe)	2ca9c55d	84	Beatmania (Europe)
Beatmania 6thMix + Core Remix (Japan)	599812b3	103	Beatmania 6thMix + Core Remix (Japan)
Beatmania Append 4thMix - The Beat Goes On (Japan)	4f81c928	116	Beatmania Append 4thMix - The Beat Goes On (Japan)
Beatmania Append 5thMix - Time to Get Down (Japan)	f2673c92	116	Beatmania Append 5thMix - Time to Get Down (Japan)
Beatmania Append Club Mix (Japan)	2fdb75fd	99	Beatmania Append Club Mix (Japan)
Beatmania Best Hits (Japan)	8063177f	93	Beatmania Best Hits (Japan)
Beatmania Best Hits (Japan) (Rev 1)	2f16e508	101	Beatmania Best Hits (Japan)
Beatmania featuring Dreams Come True (Japan)	f958a2f6	110	Beatmania featuring Dreams Come True (Japan)
Beavis and Butt-Head - Virtual Aho Shoukougun (Japan)	47eace9c	119	Beavis and Butt-Head - Virtual Aho Shoukougun (Japan)
Bedlam (Europe) (En,Fr,De,Es,It,Nl)	6e0a59d3	1014	Bedlam (Europe) (En,Fr,De,Es,It,Nl)
Beltlogger 9 (Japan)	bfd24ff9	86	Brahma Force - The Assault on Beltlogger 9 (USA)
Beltlogger 9 (Japan) (Shokai Genteiban)	48d54f61	105	Brahma Force - The Assault on Beltlogger 9 (USA)
Beyblade (Europe) (En,Fr,De,Es,It)	6f149525	878	Beyblade (USA)
Beyblade (USA)	ac349382	738	Beyblade (USA)
Beyond the Beyond (Japan) (Tentou-you Special CD-ROM)	d3516497	119	Beyond the Beyond (USA)
Beyond the Beyond (USA)	bf1398ca	89	Beyond the Beyond (USA)
Beyond the Beyond - Haruka naru Kanaan e (Japan)	7355e3db	114	Beyond the Beyond (USA)
Big Air (Europe) (En,Fr,De,Sv)	b7dcc1e9	96	Big Air (USA)
Big Air (USA)	4eb989bd	79	Big Air (USA)
Big Bass Fishing (Europe) (En,Fr,De,Es,It)	c6229187	254	Big Bass Fishing (USA)
Big Bass Fishing (USA)	0ff28f03	1386	Big Bass Fishing (USA)
Big Bass World Championship (USA)	7508cfce	1125	Big Bass World Championship (USA)
Big Bass World Championship (USA) (Rev 1)	53caa213	1342	Big Bass World Championship (USA)
Big Challenge Golf - Tokyo Yomiuri Country Club-hen (Japan)	fec916cf	900	Big Challenge Golf - Tokyo Yomiuri Country Club-hen (Japan)
Big League Slugger Baseball (USA)	6522e845	99	Big League Slugger Baseball (USA)
Big Ol' Bass 2 (USA)	ab1e3786	86	Big Ol' Bass 2 (USA)
Big Strike Bowling (Europe) (En,De,It)	88fd0f1b	104	Big Strike Bowling (USA)
Big Strike Bowling (USA)	632eabe4	90	Big Strike Bowling (USA)
Billiards (USA)	65da495a	81	Billiards (USA)
Bio F.R.E.A.K.S. (Europe)	0bf700c9	91	Bio F.R.E.A.K.S. (USA)
Bio F.R.E.A.K.S. (USA)	9a69ca10	88	Bio F.R.E.A.K.S. (USA)
Bio Hazard (Japan)	ab679678	84	Resident Evil (USA)
Bio Hazard (Japan) (Beta) (1996-01-31)	1f9d88b0	104	Resident Evil (USA)
Bio Hazard (Japan) (Demo)	46607135	91	Resident Evil (USA)
Bio Hazard (Japan) (Rev 1)	26325154	92	Resident Evil (USA)
Bio Hazard - Director's Cut (Japan)	57cb1328	101	Resident Evil - Director's Cut (USA)
Bio Hazard - Director's Cut - Dual Shock Ver. (Japan)	61b3cb5f	276	Resident Evil - Director's Cut (USA)
Bio Hazard - Director's Cut - Dual Shock Ver. Complete Disc (Japan)	992f1997	304	Resident Evil - Director's Cut (USA)
Biohazard - Gun Survivor (Japan)	57137c6a	98	Biohazard - Gun Survivor (Japan)
Biohazard 2 (Japan) (Beta) (1996-11-06)	c9880865	105	Biohazard 2 (Japan) (Disc 1) (Leon-hen)
Biohazard 2 (Japan) (Disc 1) (Leon-hen)	1cca310e	248	Biohazard 2 (Japan) (Disc 1) (Leon-hen)
Biohazard 2 (Japan) (Disc 2) (Claire-hen)	68ff089b	252	Biohazard 2 (Japan) (Disc 1) (Leon-hen)
Biohazard 2 (Japan) (Trial Edition)	fa815a10	101	Biohazard 2 (Japan) (Disc 1) (Leon-hen)
Biohazard 2 - Dual Shock Ver. (Japan) (Disc 1) (Leon-hen)	b6bfee3d	284	Biohazard 2 (Japan) (Disc 1) (Leon-hen)
Biohazard 2 - Dual Shock Ver. (Japan) (Disc 2) (Claire-hen)	f1b25479	288	Biohazard 2 (Japan) (Disc 1) (Leon-hen)
Biohazard 3 - Last Escape (Japan)	df12c58e	99	Resident Evil 3 - Nemesis (USA, Canada)
Biohazard 3 - Last Escape (Japan) (Demo)	ccfd8b8b	250	Resident Evil 3 - Nemesis (USA, Canada)
Biohazard 3 - Last Escape (Japan) (Rev 1)	5ab665ce	107	Resident Evil 3 - Nemesis (USA, Canada)
Bishi Bashi Special (Europe)	68432099	94	Bishi Bashi Special (Europe)
Bishi Bashi Special (Japan)	5698c6e6	93	Bishi Bashi Special (Europe)
Bishi Bashi Special 2 (Japan)	31a5dae6	95	Bishi Bashi Special 2 (Japan)
Bishi Bashi Special 3 - Step Champ (Japan)	b197bd94	108	Bishi Bashi Special 3 - Step Champ (Japan)
Bishoujo Hanafuda Kikou - Michinoku Hitou Koi Monogatari (Japan)	fa8bc806	130	Bishoujo Hanafuda Kikou - Michinoku Hitou Koi Monogatari (Japan)
Bishoujo Ren'ai Mahjong Series - Karan Koron Gakuen - Doki Doki-hen (Japan)	9fc01766	489	Bishoujo Ren'ai Mahjong Series - Karan Koron Gakuen - Doki Doki-hen (Japan)
Bishoujo Ren'ai Mahjong Series - Karan Koron Gakuen - Munekyun-hen (Japan)	b1d5ef57	486	Bishoujo Ren'ai Mahjong Series - Karan Koron Gakuen - Munekyun-hen (Japan)
Bishoujo Ren'ai Mahjong Series - Karan Koron Gakuen - Pure Love-hen (Japan)	91ebce6c	489	Bishoujo Ren'ai Mahjong Series - Karan Koron Gakuen - Pure Love-hen (Japan)
Bishoujo Ren'ai Mahjong Series 2nd - Shiritsu Houou Gakuen - 1-nen Jun'ai-gumi (Japan)	fd0c55bc	342	Bishoujo Ren'ai Mahjong Series 2nd - Shiritsu Houou Gakuen - 1-nen Jun'ai-gumi (Japan)
Bishoujo Ren'ai Mahjong Series 2nd - Shiritsu Houou Gakuen - 2-nen Junjou-gumi (Japan)	34dda7a3	342	Bishoujo Ren'ai Mahjong Series 2nd - Shiritsu Houou Gakuen - 2-nen Junjou-gumi (Japan)
Bishoujo Senshi Sailor Moon SuperS - Shin Shuyaku Soudatsusen (Japan)	7b4189b6	3426	Bishoujo Senshi Sailor Moon SuperS - Shin Shuyaku Soudatsusen (Japan)
Bishoujo Senshi Sailor Moon SuperS - Shin Shuyaku Soudatsusen (Japan) (Shokai Genteiban)	0448c3f4	3825	Bishoujo Senshi Sailor Moon SuperS - Shin Shuyaku Soudatsusen (Japan)
Bistro, The - Ryouri & Wine no Shokunintachi (Japan)	76828bff	420	Bistro, The - Ryouri & Wine no Shokunintachi (Japan)
Black Bass with Blue Marlin (USA)	a5f580b3	99	Black Bass with Blue Marlin (USA)
Black Dawn (Europe)	c5d651ca	5910	Black Dawn (USA)
Black Dawn (Japan)	fb24a002	5858	Black Dawn (USA)
Black Dawn (USA)	3c4fce86	5754	Black Dawn (USA)
Black-Matrix + (Japan) (Disc 1)	4db1c773	97	Black-Matrix + (Japan) (Disc 1)
Black-Matrix + (Japan) (Disc 2)	4cece1a2	97	Black-Matrix + (Japan) (Disc 1)
Black-Matrix 00 (Japan) (Disc 1)	1267169a	98	Black-Matrix 00 (Japan) (Disc 1)
Black-Matrix 00 (Japan) (Disc 1) (Shokai Genteiban)	d97a3f52	117	Black-Matrix 00 (Japan) (Disc 1)
Black-Matrix 00 (Japan) (Disc 2)	133a304b	98	Black-Matrix 00 (Japan) (Disc 1)
Black-Matrix 00 (Japan) (Disc 2) (Shokai Genteiban)	6f387ac7	117	Black-Matrix 00 (Japan) (Disc 1)
Blackjack vs. Matsuda Jun (Japan)	05e9b644	99	Blackjack vs. Matsuda Jun (Japan)
Blade (Europe)	1b17ffce	80	Blade (USA)
Blade (Europe) (Beta) (2000-10-16)	2df098ef	100	Blade (USA)
Blade (France)	3d1f4ecb	80	Blade (USA)
Blade (Germany)	68742aef	81	Blade (USA)
Blade (USA)	23c242ff	77	Blade (USA)
Blade Arts - Tasogare no Miyako R'lyeh (Japan)	417aabcf	112	Blade Arts - Tasogare no Miyako R'lyeh (Japan)
Blade Maker (Japan)	84a654d9	85	Blade Maker (Japan)
Blam! Machinehead (Europe)	26f7b711	1313	Blam! Machinehead (Europe)
Blam! Machinehead (France)	4850be67	1313	Blam! Machinehead (Europe)
Blam! Machinehead (Germany)	ca381dba	1324	Blam! Machinehead (Europe)
Blam! Machinehead (Japan)	0a215471	1302	Blam! Machinehead (Europe)
Blast Chamber (Europe) (En,Fr,De,Es,It)	dc1fe987	2796	Blast Chamber (USA)
Blast Chamber (USA)	8e10b0e4	2376	Blast Chamber (USA)
Blast Lacrosse (USA)	6bbdab80	324	Blast Lacrosse (USA)
Blast Lacrosse (USA) (Alt)	009e1b22	342	Blast Lacrosse (USA)
Blast Radius (Europe)	8cddcb5d	1258	Blast Radius (USA)
Blast Radius (Europe) (Demo)	7935b90e	1335	Blast Radius (USA)
Blast Radius (France)	4c941d11	1258	Blast Radius (USA)
Blast Radius (USA)	7509ba3b	1225	Blast Radius (USA)
Blaster Master (Japan)	4bfddc20	214	Blaster Master (Japan)
Blaster Master - Blasting Again (Europe) (En,Fr,De,Es,It)	24c20db5	284	Blaster Master - Blasting Again (USA)
Blaster Master - Blasting Again (USA)	8d043d12	244	Blaster Master - Blasting Again (USA)
Blasto (Europe) (En,Fr,De,Es,It)	3b114ec5	98	Blasto (USA)
Blasto (USA)	35df9904	78	Blasto (USA)
Blaze & Blade - Eternal Quest (Europe)	b476f8fc	104	Blaze & Blade - Eternal Quest (Europe)
Blaze & Blade - Eternal Quest (Germany)	a00c1a68	105	Blaze & Blade - Eternal Quest (Europe)
Blaze & Blade - Eternal Quest (Japan)	b54d6cc8	103	Blaze & Blade - Eternal Quest (Europe)
Blaze & Blade Busters (Japan)	34e6416e	95	Blaze & Blade Busters (Japan)
Blazing Dragons (Europe)	241a7545	90	Blazing Dragons (USA)
Blazing Dragons (France)	0212c440	90	Blazing Dragons (USA)
Blazing Dragons (Germany)	12217dcd	91	Blazing Dragons (USA)
Blazing Dragons (USA)	bee59a51	87	Blazing Dragons (USA)
Blend x Brand - Odekake Gousei RPG (Japan)	f82df846	108	Blend x Brand - Odekake Gousei RPG (Japan)
Block Buster (Europe)	8b7ee7a7	787	Block Buster (Europe)
Block Kuzushi (Japan)	48305732	1374	Block Kuzushi (Japan)
Block Kuzushi - Deden no Gyakushuu (Japan)	e357a0f2	1763	Block Kuzushi - Deden no Gyakushuu (Japan)
Block Kuzushi - Kowashite Help! (Japan)	84b1641c	1590	Block Kuzushi (Japan)
Block Kuzushi 2 (Japan)	27b3221f	684	Block Kuzushi 2 (Japan)
Block Wars (Japan)	66cb0cbe	84	Block Wars (Japan)
Block Wars (Japan) (Demo)	64a0aaed	91	Block Wars (Japan)
Blockids (Europe)	f6c0c2a0	2894	Blockids (USA)
Blockids (Japan)	ee02ce94	2868	Blockids (USA)
Blockids (Japan) (DX Pack)	8e203226	3128	Blockids (USA)
Blockids (USA)	677e4670	2816	Blockids (USA)
Blood Factory (Japan)	76fd605e	3578	Blood Factory (Japan)
Blood Lines (Europe) (Beta) (1998-06-22)	f5200252	106	Blood Lines (Europe) (En,Fr,De,Es,It)
Blood Lines (Europe) (En,Fr,De,Es,It)	40b78308	244	Blood Lines (Europe) (En,Fr,De,Es,It)
Blood Omen - Legacy of Kain (Europe)	a8e428cc	102	Blood Omen - Legacy of Kain (USA)
Blood Omen - Legacy of Kain (France)	8eec99c9	102	Blood Omen - Legacy of Kain (USA)
Blood Omen - Legacy of Kain (Germany)	86c9b814	103	Blood Omen - Legacy of Kain (USA)
Blood Omen - Legacy of Kain (USA)	f251daa6	99	Blood Omen - Legacy of Kain (USA)
Blood Omen - Legacy of Kain (USA) (Beta) (1996-07-12)	57f745c1	119	Blood Omen - Legacy of Kain (USA)
Blood Omen - Legacy of Kain (USA) (Beta) (1996-07-15)	e356e813	119	Blood Omen - Legacy of Kain (USA)
Bloody Roar (USA)	7a25b0bb	204	Bloody Roar (USA)
Bloody Roar - Hyper Beast Duel (Europe)	091de6fa	248	Bloody Roar - Hyper Beast Duel (Europe)
Bloody Roar - Hyper Beast Duel (Europe) (Demo)	d69ac5e6	112	Bloody Roar - Hyper Beast Duel (Europe)
Bloody Roar - Hyper Beast Duel (Japan) (Demo)	f0fe1ab9	111	Bloody Roar - Hyper Beast Duel (Europe)
Bloody Roar - Hyper Beast Duel (Japan, Asia) (En,Ja)	af4c0360	274	Bloody Roar - Hyper Beast Duel (Europe)
Bloody Roar 2 - Bringer of the New Age (Europe)	9b5e3f88	113	Bloody Roar 2 - Bringer of the New Age (Europe)
Bloody Roar 2 - Bringer of the New Age (Europe) (Demo)	4017299c	120	Bloody Roar 2 - Bringer of the New Age (Europe)
Bloody Roar 2 - Bringer of the New Age (Japan) (Demo)	74baeef3	119	Bloody Roar 2 - Bringer of the New Age (Europe)
Bloody Roar 2 - Bringer of the New Age (Japan, Asia)	792c4954	118	Bloody Roar 2 - Bringer of the New Age (Europe)
Bloody Roar II (USA)	5679034e	86	Bloody Roar II (USA)
Blue Breaker - Egao no Yakusoku (Japan)	98934926	105	Blue Breaker - Egao no Yakusoku (Japan)
Blue Breaker - Egao no Yakusoku (Japan) (Major Wave)	e64597a0	118	Blue Breaker - Egao no Yakusoku (Japan)
Blue Breaker Burst - Egao no Asu ni (Japan)	e4784c82	109	Blue Breaker Burst - Egao no Asu ni (Japan)
Blue Breaker Burst - Egao no Asu ni (Japan) (Major Wave)	452aa531	122	Blue Breaker Burst - Egao no Asu ni (Japan)
Blue Breaker Burst - Hohoemi o Anata to (Japan)	5dcb2d08	113	Blue Breaker Burst - Hohoemi o Anata to (Japan)
Blue Breaker Burst - Hohoemi o Anata to (Japan) (Major Wave)	d8627e16	126	Blue Breaker Burst - Hohoemi o Anata to (Japan)
Blue Breaker Burst - Hohoemi o Anata to (Japan) (Shokai Genteiban)	0b0c4d3c	132	Blue Breaker Burst - Hohoemi o Anata to (Japan)
Blue Marlin, The (Japan)	aa7af637	90	Blue Marlin, The (Japan)
Blue's Clues - Blue's Big Musical (Australia)	9fbd20a7	111	Blue's Clues - Blue's Big Musical (USA)
Blue's Clues - Blue's Big Musical (USA)	f300e830	105	Blue's Clues - Blue's Big Musical (USA)
Bob Aggiustatutto (Italy)	1928a1f8	91	Bob the Builder - Can We Fix It (USA)
Bob le Bricoleur - Reparer C'est Gagne ! (France)	2e2a1807	115	Bob le Bricoleur - Reparer C'est Gagne ! (France)
Bob the Builder - Can We Fix It (Europe)	b74143d3	106	Bob the Builder - Can We Fix It (USA)
Bob the Builder - Can We Fix It (USA)	86cd57f0	103	Bob the Builder - Can We Fix It (USA)
Body Hazard (Japan)	fce09742	1806	Body Hazard (Japan)
Bogey Dead 6 (USA)	8778d621	1225	Bogey Dead 6 (USA)
Boku no Choro Q (Japan)	2dadcfab	89	Boku no Choro Q (Japan)
Boku no Natsuyasumi - Summer Holiday 20th Century (Japan)	b267d6e8	123	Boku no Natsuyasumi - Summer Holiday 20th Century (Japan)
Boku wa Koukuu Kanseikan (Japan)	b4c165ca	234	Boku wa Koukuu Kanseikan (Japan)
Bokujou Monogatari - Harvest Moon (Japan)	1213c32f	107	Bokujou Monogatari - Harvest Moon (Japan)
Bokujou Monogatari - Harvest Moon (Japan) (Rev 1)	85584829	115	Bokujou Monogatari - Harvest Moon (Japan)
Bokujou Monogatari - Harvest Moon for Girl (Japan)	acc1c17c	116	Bokujou Monogatari - Harvest Moon for Girl (Japan)
Bomberman (Europe)	c47767f1	84	Bomberman (Europe)
Bomberman (Japan, Asia)	89e8d053	89	Bomberman (Europe)
Bomberman - Party Edition (USA)	029ac3d0	97	Bomberman - Party Edition (USA)
Bomberman Fantasy Race (Europe) (En,Fr,De,Es)	b890327a	111	Bomberman Fantasy Race (USA)
Bomberman Fantasy Race (Japan)	f3f40c8e	96	Bomberman Fantasy Race (USA)
Bomberman Fantasy Race (USA)	b586dc1b	94	Bomberman Fantasy Race (USA)
Bomberman Land (Japan)	c97ec3ee	88	Bomberman Land (Japan)
Bomberman Land (Japan) (Rev 1)	791b5d4c	96	Bomberman Land (Japan)
Bomberman Land (Japan) (Rev 2)	78467b9d	96	Bomberman Land (Japan)
Bomberman Wars (Japan, Asia)	887361b4	94	Bomberman Wars (Japan, Asia)
Bomberman World (Europe, Australia) (En,Fr,De,Es,It)	ed00cbe4	118	Bomberman World (USA)
Bomberman World (Japan)	0a3394be	89	Bomberman World (USA)
Bomberman World (Japan) (Rev 1)	d73cf20a	97	Bomberman World (USA)
Bomberman World (USA)	43a5fd16	87	Bomberman World (USA)
Bombing Islands, The (Europe)	704546b8	1346	Bombing Islands, The (USA)
Bombing Islands, The (Japan)	6506e081	1335	Bombing Islands, The (USA)
Bombing Islands, The (USA)	ad0db0df	1313	Bombing Islands, The (USA)
Bonogurashi - Kore de Kanpeki Disu (Japan)	6d3197c8	108	Bonogurashi - Kore de Kanpeki Disu (Japan)
Book of Watermarks, The (Japan) (Demo)	12661ce7	104	Book of Watermarks, The (Japan) (Disc 1)
Book of Watermarks, The (Japan) (Disc 1)	78375ba0	106	Book of Watermarks, The (Japan) (Disc 1)
Book of Watermarks, The (Japan) (Disc 2)	796a7d71	106	Book of Watermarks, The (Japan) (Disc 1)
BoomBots (USA)	388cd8ff	80	BoomBots (USA)
Bottom of the 9th '97 (USA)	8acf4bb9	224	Bottom of the 9th '97 (USA)
Bottom of the 9th '99 (USA)	b8eb40fa	224	Bottom of the 9th '99 (USA)
Bottom of the 9th (USA)	2ba4243b	89	Bottom of the 9th (USA)
Bottom of the 9th - Major League Heroes (Japan)	53ab7243	113	Bottom of the 9th - Major League Heroes (Japan)
Boucliers de Quetzalcoatl, Les - Les Chevaliers de Baphomet II (France)	0f31c39c	477	Boucliers de Quetzalcoatl, Les - Les Chevaliers de Baphomet II (France)
Boundary Gate - Daughter of Kingdom (Japan)	c838a402	12402	Boundary Gate - Daughter of Kingdom (Japan)
Bounty Hunter Sara - Holy Mountain no Teiou (Japan)	d68c724c	117	Bounty Hunter Sara - Holy Mountain no Teiou (Japan)
Bounty Sword - Double Edge (Japan)	42afe31e	100	Bounty Sword - Double Edge (Japan)
Bounty Sword - Double Edge (Japan) (Major Wave)	43bd33c0	113	Bounty Sword - Double Edge (Japan)
Bounty Sword First (Japan)	eb3ecdb1	92	Bounty Sword First (Japan)
Bounty Sword First (Japan) (Demo)	d7bba6de	99	Bounty Sword First (Japan)
Bounty Sword First (Japan) (Major Wave)	cb0d8f7e	105	Bounty Sword First (Japan)
Bowling (USA)	7b46031e	1602	Bowling (USA)
Box Champions 2000 (Germany)	bc7b661a	94	Box Champions 2000 (Germany)
Box Champions 2001 (Germany)	6642b8f2	94	Box Champions 2001 (Germany)
Box-Champions (Germany)	232577db	89	Box-Champions (Germany)
Boxer's Road (Japan)	9d7f13a7	2512	Boxer's Road (Japan)
Boxer's Road (Japan) (Rev 1)	d8da532a	2688	Boxer's Road (Japan)
Boxing (USA)	bafc3459	78	Boxing (USA)
Boys Be... (Japan)	147da403	84	Boys Be... (Japan)
Boys Be... 2nd Season (Japan)	93f5d2e2	95	Boys Be... 2nd Season (Japan)
Brahma Force (Europe)	f8bbb3b1	87	Brahma Force (Europe)
Brahma Force - The Assault on Beltlogger 9 (USA)	414d7eea	114	Brahma Force - The Assault on Beltlogger 9 (USA)
BrainDead 13 (Japan) (Disc 1)	7449ff31	228	BrainDead 13 (USA) (Disc 1)
BrainDead 13 (Japan) (Disc 2)	f5526f5c	228	BrainDead 13 (USA) (Disc 1)
BrainDead 13 (USA) (Disc 1)	acf97631	93	BrainDead 13 (USA) (Disc 1)
BrainDead 13 (USA) (Disc 2)	ada450e0	93	BrainDead 13 (USA) (Disc 1)
Bratz - Dress Up, Get Down and Be a Bratz Superstar! (Europe) (En,Fr,De,Es,It)	db6baa65	144	Bratz - Dress Up, Get Down and Be a Bratz Superstar! (USA) (En,Fr,Es)
Bratz - Dress Up, Get Down and Be a Bratz Superstar! (USA) (En,Fr,Es)	1c5ad8d4	135	Bratz - Dress Up, Get Down and Be a Bratz Superstar! (USA) (En,Fr,Es)
Brave Fencer Musashi (USA)	9a21647f	462	Brave Fencer Musashi (USA)
Brave Fencer Musashiden (Japan) (Demo)	d237c5c8	510	Brave Fencer Musashi (USA)
Brave Fencer Musashiden (Japan, Asia)	5debcbf5	506	Brave Fencer Musashi (USA)
Brave Prove (Japan)	d0d4632e	85	Brave Prove (Japan)
Brave Saga 2 (Japan) (Disc 1)	078000ed	95	Brave Saga 2 (Japan) (Disc 1)
Brave Saga 2 (Japan) (Disc 2)	06dd263c	95	Brave Saga 2 (Japan) (Disc 1)
Brave Saga 2 - Koushiki Data Disc - Yuusha no Akashi 2 (Japan)	c4e81f68	128	Brave Saga 2 (Japan) (Disc 1)
Brave Sword (Japan)	03a80deb	85	Brave Sword (Japan)
Brave Sword (Japan) (Taikenban)	e751762f	97	Brave Sword (Japan)
Bravo Air Race (USA)	cc7a7d50	780	Bravo Air Race (USA)
Break Point (Europe) (En,Fr)	06e30f2b	714	Break Point (Europe) (En,Fr)
Break Point (Japan)	c84cd3ba	660	Break Point (Europe) (En,Fr)
Break Thru! (Japan)	306d0568	85	Break Thru! (Japan)
Break Volley (Japan)	00ca5671	86	Break Volley (Japan)
Breakout (USA)	9edac390	5323	Breakout (USA)
Breakout - A Story of Bat Meets Ball...! (Europe) (En,Fr,De,It)	4bd9f25f	7724	Breakout - A Story of Bat Meets Ball...! (Europe) (En,Fr,De,It)
Breath of Fire III (Europe)	aefe1a1d	224	Breath of Fire III (USA)
Breath of Fire III (France)	65fcef0e	224	Breath of Fire III (USA)
Breath of Fire III (Germany)	fe2b016a	226	Breath of Fire III (USA)
Breath of Fire III (Japan)	bff41a5d	222	Breath of Fire III (USA)
Breath of Fire III (Japan) (Demo)	1711b45a	236	Breath of Fire III (USA)
Breath of Fire III (Japan) (Rev 1)	bc8737f1	238	Breath of Fire III (USA)
Breath of Fire III (USA)	ad7dc790	218	Breath of Fire III (USA)
Breath of Fire IV (Europe)	42941398	222	Breath of Fire IV (USA)
Breath of Fire IV (USA)	d0a2e75f	221	Breath of Fire IV (USA)
Breath of Fire IV (USA) (Beta) (2000-05-01)	3aefe479	124	Breath of Fire IV (USA)
Breath of Fire IV - Utsurowazaru Mono (Japan)	677ab18a	265	Breath of Fire IV (USA)
Breath of Fire IV - Utsurowazaru Mono (Japan) (Rev 1)	44176556	281	Breath of Fire IV (USA)
Breed Master (Japan)	fed1ea26	86	Breed Master (Japan)
Breeding Stud - Bokujou de Aimashou (Japan)	1a0bef22	109	Breeding Stud - Bokujou de Aimashou (Japan)
Breeding Stud 2 (Japan)	81fb7799	104	Breeding Stud 2 (Japan)
Brian Lara Cricket (Europe)	9572a1d3	224	Brian Lara Cricket (Europe)
Brigandine - Gensou Tairiku Senki (Japan)	4fc4688a	2430	Brigandine - The Legend of Forsena (USA)
Brigandine - Grand Edition (Japan) (Disc 1)	d5f4db9d	109	Brigandine - Grand Edition (Japan) (Disc 1)
Brigandine - Grand Edition (Japan) (Disc 2)	d4a9fd4c	109	Brigandine - Grand Edition (Japan) (Disc 1)
Brigandine - The Legend of Forsena (USA)	3227e164	2412	Brigandine - The Legend of Forsena (USA)
Brightis (Japan)	c1940f94	82	Brightis (Japan)
Broken Helix (Europe)	eaaad7e9	87	Broken Helix (USA)
Broken Helix (Germany)	cd8f22ac	88	Broken Helix (USA)
Broken Helix (Japan)	b79b77b0	86	Broken Helix (USA)
Broken Helix (USA)	889a444b	84	Broken Helix (USA)
Broken Helix (USA) (Rev 1)	3e4148b5	92	Broken Helix (USA)
Broken Sword - La Leyenda de los Templarios (Spain)	af7f9ebd	117	Broken Sword - La Leyenda de los Templarios (Spain)
Broken Sword - The Shadow of the Templars (Europe)	c3adbaac	116	Broken Sword - The Shadow of the Templars (USA)
Broken Sword - The Shadow of the Templars (Italy)	00d08423	115	Broken Sword - The Shadow of the Templars (USA)
Broken Sword - The Shadow of the Templars (USA)	11a5c798	113	Broken Sword - The Shadow of the Templars (USA)
Broken Sword II - La Profezia dei Maya (Italy)	5a42e4d5	402	Broken Sword II - La Profezia dei Maya (Italy)
Broken Sword II - Las Fuerzas del Mal (Spain)	a67f8b1a	399	Broken Sword II - Las Fuerzas del Mal (Spain)
Broken Sword II - The Smoking Mirror (Europe)	bfba179a	399	Broken Sword II - The Smoking Mirror (USA)
Broken Sword II - The Smoking Mirror (USA)	06609856	254	Broken Sword II - The Smoking Mirror (USA)
Brunswick Circuit Pro Bowling (Europe)	5ba9fbf0	3174	Brunswick Circuit Pro Bowling (USA)
Brunswick Circuit Pro Bowling (USA)	3913211f	3102	Brunswick Circuit Pro Bowling (USA)
Brunswick Circuit Pro Bowling 2 (Europe)	1ff68476	4167	Brunswick Circuit Pro Bowling 2 (USA)
Brunswick Circuit Pro Bowling 2 (USA)	77b7d08e	4074	Brunswick Circuit Pro Bowling 2 (USA)
Bubble Bobble also featuring Rainbow Islands (Europe)	e6758f76	276	Bubble Bobble also featuring Rainbow Islands (USA)
Bubble Bobble also featuring Rainbow Islands (USA)	586d4e7a	270	Bubble Bobble also featuring Rainbow Islands (USA)
Bubblegun Kid (Japan)	cbc9f17c	87	Bubblegun Kid (Japan)
Bubsy 3D - Furbitten Planet (Europe)	a2e48a85	102	Bubsy 3D - Furbitten Planet (USA)
Bubsy 3D - Furbitten Planet (Europe) (Beta) (1997-04-07)	a3ad7803	122	Bubsy 3D - Furbitten Planet (USA)
Bubsy 3D - Furbitten Planet (USA)	2ac4e26d	99	Bubsy 3D - Furbitten Planet (USA)
Buckle Up! (Japan)	c56d255f	84	Buckle Up! (Japan)
Buggy (Europe) (En,Fr,De,Es,It,Pt)	530a9085	1401	Buggy (Europe) (En,Fr,De,Es,It,Pt)
Buggy (Europe) (En,Fr,De,Es,It,Pt) (EDC)	8803108a	1467	Buggy (Europe) (En,Fr,De,Es,It,Pt)
Bugi (Japan)	80cb78c3	93	Bugi (Japan)
Bugriders - The Race of Kings (Europe)	3c951e2c	2376	Bugriders - The Race of Kings (USA)
Bugriders - The Race of Kings (USA)	59c348ab	2322	Bugriders - The Race of Kings (USA)
Bugs Bunny & Taz - Time Busters (Europe) (En,Fr,De,Es,It,Nl)	978310b5	126	Bugs Bunny & Taz - Time Busters (USA) (En,Fr,Es)
Bugs Bunny & Taz - Time Busters (USA) (En,Fr,Es)	89e46ce1	114	Bugs Bunny & Taz - Time Busters (USA) (En,Fr,Es)
Bugs Bunny - Lost in Time (Europe) (En,Fr,De,Es,It,Nl)	dfcd60a8	120	Bugs Bunny - Lost in Time (USA) (En,Fr,Es)
Bugs Bunny - Lost in Time (Europe) (En,Fr,De,Es,It,Nl) (Demo)	f0a23888	127	Bugs Bunny - Lost in Time (USA) (En,Fr,Es)
Bugs Bunny - Lost in Time (USA) (En,Fr,Es)	e55af258	108	Bugs Bunny - Lost in Time (USA) (En,Fr,Es)
Bugs Bunny - Lost in Time (USA) (En,Fr,Es) (Demo)	38c256dc	115	Bugs Bunny - Lost in Time (USA) (En,Fr,Es)
Builder's Block (USA)	20390de5	87	Builder's Block (USA)
Building Crush! (Japan)	2c838e13	1870	Building Crush! (Japan)
Bundesliga 2000 - Der Fussball-Manager (Germany)	76ef5858	266	Bundesliga 2000 - Der Fussball-Manager (Germany)
Bundesliga Stars 2000 (Germany)	301464d2	232	Bundesliga Stars 2000 (Germany)
Bundesliga Stars 2001 (Germany)	22c4e158	97	Bundesliga Stars 2001 (Germany)
Burger Burger - Hamburger Simulation (Japan)	5c1d4ea1	110	Burger Burger - Hamburger Simulation (Japan)
Burger Burger 2 (Japan)	e64fa56d	89	Burger Burger 2 (Japan)
Burning Road (Europe)	b9baabb4	1838	Burning Road (USA)
Burning Road (Japan)	82d3382d	3662	Burning Road (USA)
Burning Road (USA)	031565c1	3598	Burning Road (USA)
Burning Road (USA) (Demo)	a55681e2	3822	Burning Road (USA)
BursTrick - Wake Boarding!! (Europe) (En,Fr,De)	99a7e5e1	113	BursTrick - Wake Boarding!! (USA)
BursTrick - Wake Boarding!! (Japan)	195658fd	101	BursTrick - Wake Boarding!! (USA)
BursTrick - Wake Boarding!! (USA)	a1fcce1a	99	BursTrick - Wake Boarding!! (USA)
Bushido Blade (Europe)	6ff5870d	88	Bushido Blade (USA)
Bushido Blade (Japan)	8dfb4be2	87	Bushido Blade (USA)
Bushido Blade (USA)	8547c169	85	Bushido Blade (USA)
Bushido Blade 2 (Japan, Asia)	f0be03dc	95	Bushido Blade 2 (USA)
Bushido Blade 2 (USA)	94f839cf	87	Bushido Blade 2 (USA)
Bust A Groove (USA)	2b207146	85	Bust A Groove (USA)
Bust A Groove (USA) (Demo)	b2f7b662	92	Bust A Groove (USA)
Bust A Groove 2 (USA)	4d851c49	87	Bust A Groove 2 (USA)
Bust A Move (Japan)	093618f5	85	Bust A Move (Japan) (Disc 1) (Genteiban)
Bust A Move (Japan) (Demo)	690ab85a	92	Bust A Move (Japan) (Disc 1) (Genteiban)
Bust A Move (Japan) (Disc 1) (Genteiban)	9fa4673b	106	Bust A Move (Japan) (Disc 1) (Genteiban)
Bust A Move (Japan) (Disc 2) (Premium CD-ROM) (Genteiban)	8bcbd2a1	123	Bust A Move (Japan) (Disc 1) (Genteiban)
Bust A Move 2 - Dance Tengoku Mix (Japan)	18c82081	107	Bust A Move 2 - Dance Tengoku Mix (Japan)
Bust A Move 2 - Dance Tengoku Mix (Japan) (Demo)	86a51764	114	Bust A Move 2 - Dance Tengoku Mix (Japan)
Bust-A-Groove (Europe) (En,Fr,De,Es,It)	741fde74	105	Bust-A-Groove (Europe) (En,Fr,De,Es,It)
Bust-A-Groove (Europe) (En,Fr,De,Es,It) (Beta) (1998-07-30)	7854e3bf	125	Bust-A-Groove (Europe) (En,Fr,De,Es,It)
Bust-A-Groove (Europe) (En,Fr,De,Es,It) (Beta) (1998-09-03)	e0371a6a	125	Bust-A-Groove (Europe) (En,Fr,De,Es,It)
Bust-A-Move '99 (USA)	6b95127e	2302	Bust-A-Move '99 (USA)
Bust-A-Move 2 - Arcade Edition (Europe)	b02ce654	1992	Bust-A-Move 2 - Arcade Edition (USA)
Bust-A-Move 2 - Arcade Edition (Italy) (2 Games)	d28d7f08	1984	Bust-A-Move 2 - Arcade Edition (USA)
Bust-A-Move 2 - Arcade Edition (USA)	0628bdc5	1947	Bust-A-Move 2 - Arcade Edition (USA)
Bust-A-Move 3 DX (Europe)	0d26da4a	2382	Bust-A-Move 3 DX (Europe)
Bust-A-Move 3 DX (Italy) (2 Games)	3e95c017	2433	Bust-A-Move 3 DX (Europe)
Bust-A-Move 4 (Europe)	a39aaf99	2790	Bust-A-Move 4 (USA)
Bust-A-Move 4 (USA)	22d21a13	2604	Bust-A-Move 4 (USA)
Buster Bros. Collection (USA)	20da5642	7546	Buster Bros. Collection (USA)
Buttsubushi (Europe, Australia)	659e25a4	97	Buttsubushi (Europe, Australia)
Buttsubushi (Japan)	bb46146f	85	Buttsubushi (Europe, Australia)
Byggare Bob - Kan Vi Fixa Det (Sweden)	7674a6c4	104	Bob the Builder - Can We Fix It (USA)
Byggemand Bob - Kan Vi Klare Det (Denmark)	ae42241d	108	Bob the Builder - Can We Fix It (USA)
Byggmester Bob - Kan Det Fikses (Norway)	e1ada316	106	Bob the Builder - Can We Fix It (USA)
C - The Contra Adventure (USA)	b3e97531	1732	C - The Contra Adventure (USA)
C-12 - Final Resistance (Europe)	dd8a89d5	234	C-12 - Final Resistance (USA)
C-12 - Final Resistance (Europe) (Beta) (2000-12-20)	23976a44	274	C-12 - Final Resistance (USA)
C-12 - Final Resistance (Europe) (En,Fr,De,Es,It) (Demo)	1c972cdc	282	C-12 - Final Resistance (USA)
C-12 - Final Resistance (Europe) (Es,It)	c656273f	250	C-12 - Final Resistance (USA)
C-12 - Final Resistance (Europe) (Fr,De)	d91048ac	250	C-12 - Final Resistance (USA)
C-12 - Final Resistance (Russia)	7200f9aa	234	C-12 - Final Resistance (USA)
C-12 - Final Resistance (USA)	9f122b23	228	C-12 - Final Resistance (USA)
C1 - Circuit (Japan)	065b33b5	1362	C1 - Circuit (Japan)
C3 Racing - Car Constructors Championship (Europe) (En,Fr,De,Es,It)	de2e8fe9	1431	Max Power Racing (Europe)
C3 Racing - Car Constructors Championship (Europe) (En,Fr,De,Es,It) (Rev 1)	5076b27e	1503	Max Power Racing (Europe)
CART World Series (USA)	c447986c	801	CART World Series (USA)
CBZ - CyBall Zone (Germany)	7e4f7613	93	CBZ - CyBall Zone (Germany)
CG Mukashi Banashi - Jiisan 2-do Bikkuri!! (Japan)	180bdb8f	116	CG Mukashi Banashi - Jiisan 2-do Bikkuri!! (Japan)
CRW - Counter Revolution War (Japan)	0c758604	1292	CRW - Counter Revolution War (Japan)
CT Special Forces (Europe) (En,Fr,De,Es,It,Nl)	20a3724f	1674	CT Special Forces (Europe) (En,Fr,De,Es,It,Nl)
CT Special Forces - Back to Hell (Europe) (En,Fr,De,Es,It,Nl)	77a8e0dc	127	CT Special Forces - Back to Hell (Europe) (En,Fr,De,Es,It,Nl)
CT Special Forces 3 - Bioterror (Europe) (En,Fr,De,Es,It,Nl)	16804973	126	CT Special Forces 3 - Bioterror (Europe) (En,Fr,De,Es,It,Nl)
CTR - Crash Team Racing (Europe) (En,Fr,De,Es,It,Nl)	44a2ba2d	118	CTR - Crash Team Racing (USA)
CTR - Crash Team Racing (Europe) (En,Fr,De,Es,It,Nl) (EDC)	19468cb0	124	CTR - Crash Team Racing (USA)
CTR - Crash Team Racing (USA)	c358fba2	95	CTR - Crash Team Racing (USA)
CTR - Crash Team Racing (USA) (Beta) (1999-08-05)	ddf7d648	115	CTR - Crash Team Racing (USA)
CTR - Crash Team Racing (USA) (Beta) (1999-08-14)	3b5f5ce4	115	CTR - Crash Team Racing (USA)
CTR - Crash Team Racing (USA) (Beta) (1999-09-03)	5fa7c90c	115	CTR - Crash Team Racing (USA)
CTR - Crash Team Racing (USA) (Demo)	a790c345	242	CTR - Crash Team Racing (USA)
Cabela's Big Game Hunter - Ultimate Challenge (USA)	a680fdd7	2172	Cabela's Big Game Hunter - Ultimate Challenge (USA)
Cabela's Ultimate Deer Hunt - Open Season (USA)	52227102	2822	Cabela's Ultimate Deer Hunt - Open Season (USA)
Cadillac (Japan)	a749b162	82	Cadillac (Japan)
Caesars Palace (Europe)	db6f3d56	89	Caesars Palace (USA)
Caesars Palace (USA)	35a25af6	86	Caesars Palace (USA)
Caesars Palace 2000 - Millennium Gold Edition (Europe)	af762530	120	Caesars Palace 2000 - Millennium Gold Edition (USA)
Caesars Palace 2000 - Millennium Gold Edition (USA)	71fcb19c	117	Caesars Palace 2000 - Millennium Gold Edition (USA)
Caesars Palace II (Europe)	8c693d24	702	Caesars Palace II (USA)
Caesars Palace II (USA)	e235df9a	684	Caesars Palace II (USA)
Calcio Manager 2000 (Italy)	c3ff1c50	587	Player Manager 2000 (Europe)
Calcolo! Ochimono Shooting (Japan)	f06b95a3	238	Calcolo! Ochimono Shooting (Japan)
Calcolo! Ochimono Shooting (Japan) (Demo)	e847e964	107	Calcolo! Ochimono Shooting (Japan)
California Surfing (Europe)	ad963d3f	1202	California Surfing (Europe)
California Watersports (Europe) (En,Fr,De)	12148a33	1206	California Watersports (Europe) (En,Fr,De)
Canal+ Premier Manager (Europe) (Fr,Es,It)	fedcb84d	254	Premier Manager 2000 (Europe)
Capcom Generation - Dai-1-shuu Gekitsuiou no Jidai (Japan)	972794e4	124	Capcom Generation - Dai-1-shuu Gekitsuiou no Jidai (Japan)
Capcom Generation - Dai-2-shuu Makai to Kishi (Japan)	c1b5a4ab	119	Capcom Generation - Dai-2-shuu Makai to Kishi (Japan)
Capcom Generation - Dai-3-shuu Koko ni Rekishi Hajimaru (Japan)	a5fcfbc5	129	Capcom Generation - Dai-3-shuu Koko ni Rekishi Hajimaru (Japan)
Capcom Generation - Dai-4-shuu Kokou no Eiyuu (Japan)	cbbee22f	119	Capcom Generation - Dai-4-shuu Kokou no Eiyuu (Japan)
Capcom Generation - Dai-5-shuu Kakutoukatachi (Japan)	e0341ca7	276	Capcom Generation - Dai-5-shuu Kakutoukatachi (Japan)
Capcom Generations (Europe) (Disc 1) (Wings of Destiny)	6b018079	121	Capcom Generations (Europe) (Disc 1) (Wings of Destiny)
Capcom Generations (Europe) (Disc 2) (Chronicles of Arthur)	dc694bc8	125	Capcom Generations (Europe) (Disc 1) (Wings of Destiny)
Capcom Generations (Europe) (Disc 3) (The First Generation)	e5037666	288	Capcom Generations (Europe) (Disc 1) (Wings of Destiny)
Capcom Generations (Europe) (Disc 4) (Blazing Guns)	93988a6a	272	Capcom Generations (Europe) (Disc 1) (Wings of Destiny)
Capcom Generations (Germany) (Disc 1) (Wings of Destiny)	f7ce011f	122	Capcom Generations (Europe) (Disc 1) (Wings of Destiny)
Capcom Generations (Germany) (Disc 2) (Chronicles of Arthur)	9708864e	126	Capcom Generations (Europe) (Disc 1) (Wings of Destiny)
Capcom Generations (Germany) (Disc 3) (The First Generation)	47e9dbcd	290	Capcom Generations (Europe) (Disc 1) (Wings of Destiny)
Capcom vs. SNK - Millennium Fight 2000 Pro (Europe)	55e61a7a	272	Capcom vs. SNK - Millennium Fight 2000 Pro (Europe)
Capcom vs. SNK - Millennium Fight 2000 Pro (Japan)	a4f94819	270	Capcom vs. SNK - Millennium Fight 2000 Pro (Europe)
Capcom vs. SNK - Millennium Fight 2000 Pro (Japan) (Demo)	388376d1	284	Capcom vs. SNK - Millennium Fight 2000 Pro (Europe)
Capcom vs. SNK Pro (USA)	bfdcf023	90	Capcom vs. SNK Pro (USA)
Captain Commando (Japan)	bf1712d6	90	Captain Commando (Japan)
Captain Love (Japan)	992450b2	86	Captain Love (Japan)
Captain Love (Japan) (Major Wave)	3a52a9a8	99	Captain Love (Japan)
Captain Tsubasa - Arata naru Densetsu Joshou (Japan)	ef8f420d	274	Captain Tsubasa - Arata naru Densetsu Joshou (Japan)
Captain Tsubasa J - Get in the Tomorrow (Japan)	c5a873c9	113	Captain Tsubasa J - Get in the Tomorrow (Japan)
Car and Driver Presents - Grand Tour Racing '98 (USA)	15150d02	1011	Car and Driver Presents - Grand Tour Racing '98 (USA)
Card Games (USA)	e5f2d275	82	Card Games (USA)
Card Shark (Europe)	f7e74ee2	1464	Card Shark (Europe)
Cardcaptor Sakura - Clow Card Magic (Japan)	e131696a	109	Cardcaptor Sakura - Clow Card Magic (Japan)
Cardcaptor Sakura - Clow Card Magic (Japan) (Genteiban)	82b00af2	121	Cardcaptor Sakura - Clow Card Magic (Japan)
Cardinal Syn (Europe)	42fa97b9	212	Cardinal Syn (USA)
Cardinal Syn (France)	edf0cbbd	212	Cardinal Syn (USA)
Cardinal Syn (Italy)	b375ad82	210	Cardinal Syn (USA)
Cardinal Syn (Spain)	55981711	210	Cardinal Syn (USA)
Cardinal Syn (USA)	bd1fb8ca	206	Cardinal Syn (USA)
Cardinal Syn (USA) (Beta) (1997-12-15)	8f90b4c2	104	Cardinal Syn (USA)
Cardinal Syn (USA) (Demo)	89329d21	220	Cardinal Syn (USA)
Carmageddon (Europe) (En,Fr,Es,It)	323b9e71	750	Carmageddon (Europe) (En,Fr,Es,It)
Carmageddon (Germany) (En,Fr,De,Es)	69491ed8	756	Carmageddon (Europe) (En,Fr,Es,It)
Carnage Heart (Europe) (En,Fr,De,Es,It)	fc6d3a88	381	Carnage Heart (USA)
Carnage Heart (Japan)	eac1aa09	327	Carnage Heart (USA)
Carnage Heart (USA)	11f1303d	321	Carnage Heart (USA)
Carnage Heart (USA) (Mission Briefing)	ea92a150	104	Carnage Heart (USA)
Carnage Heart EZ (Easy Zapping) (Japan)	9844d915	381	Carnage Heart EZ (Easy Zapping) (Japan)
Carnage Heart Extra (Japan)	8f5ba14d	345	Carnage Heart (USA)
Carom Shot (Japan)	a71dfb80	84	Carom Shot (Japan)
Carom Shot 2 (Japan)	5a6aab53	86	Carom Shot 2 (Japan)
Carom Shot 2 (Japan) (Demo)	f574bd53	93	Carom Shot 2 (Japan)
Carton-kun (Japan)	08e77cb3	84	Carton-kun (Japan)
Carton-kun (Japan) (Demo)	d19d84d9	91	Carton-kun (Japan)
Casper (Europe) (En,Fr,De)	9729c57b	222	Casper (USA)
Casper (USA)	1cc5e946	194	Casper (USA)
Casper - Friends Around the World (Europe) (En,Fr,De,Es,It)	986b1992	125	Casper - Friends Around the World (USA)
Casper - Friends Around the World (Korea)	56e956e3	107	Casper - Friends Around the World (USA)
Casper - Friends Around the World (USA)	d05b8df5	105	Casper - Friends Around the World (USA)
Castlevania - Symphony of the Night (Asia)	61233bbc	284	Castlevania - Symphony of the Night (USA)
Castlevania - Symphony of the Night (Europe)	2ab02b13	258	Castlevania - Symphony of the Night (USA)
Castlevania - Symphony of the Night (USA)	8b07c1cc	282	Castlevania - Symphony of the Night (USA)
Castlevania Chronicle - Akumajou Dracula (Japan)	a978b401	114	Castlevania Chronicle - Akumajou Dracula (Japan)
Castlevania Chronicle - Akumajou Dracula (Japan) (Rev 1)	454f1074	122	Castlevania Chronicle - Akumajou Dracula (Japan)
Castlevania Chronicles (Europe)	edebaf4c	97	Castlevania Chronicles (USA)
Castlevania Chronicles (USA)	1acc3c13	94	Castlevania Chronicles (USA)
Castrol Honda Superbike Racing (Europe) (En,Fr,De,It)	02754d58	1011	Castrol Honda Superbike Racing (USA)
Castrol Honda Superbike Racing (USA)	b5599a31	892	Castrol Honda Superbike Racing (USA)
Castrol Honda VTR (Europe) (En,Fr,De,It)	e79b48ca	1188	Castrol Honda VTR (Europe) (En,Fr,De,It)
Cat in the Hat, The (USA)	a2461d9f	91	Cat in the Hat, The (USA)
Cat the Ripper - 13Ninme no Tanteishi (Japan)	9521f628	260	Cat the Ripper - 13Ninme no Tanteishi (Japan)
Catan - Die erste Insel (Germany)	92c4bc19	363	Catan - Die erste Insel (Germany)
Cellophanes (Japan)	5e6dec96	208	Cellophanes (Japan)
Centipede (Europe) (En,Es,Sv)	856eb19f	1842	Centipede (USA)
Centipede (Europe) (Fr,De,It,Nl)	7862e610	1887	Centipede (USA)
Centipede (USA)	62c2eb0e	1632	Centipede (USA)
Chakushin Melody da mon (Japan)	d4673ef8	97	Chakushin Melody da mon (Japan)
Chakushin Melody da mon Gold (Japan)	308d6b06	102	Chakushin Melody da mon Gold (Japan)
Chakushin Melody da mon Volume. 2 (Japan)	5e5622b5	107	Chakushin Melody da mon Volume. 2 (Japan)
Chakushin Melody da mon Volume. 3 (Japan)	8b535ec9	107	Chakushin Melody da mon Volume. 3 (Japan)
Chakushin Melody da mon Volume. 4 (Japan)	cdda217e	107	Chakushin Melody da mon Volume. 4 (Japan)
Champion Wrestler - Jikkyou Live (Japan)	30bcd759	106	Champion Wrestler - Jikkyou Live (Japan)
Championship Bass (Europe)	dc9fe13b	92	Championship Bass (USA)
Championship Bass (Japan)	81e7531a	91	Championship Bass (USA)
Championship Bass (USA)	8ccb5507	89	Championship Bass (USA)
Championship Manager Quiz (Europe)	9d36b6f2	494	Championship Manager Quiz (Europe)
Championship Motocross 2001 featuring Ricky Carmichael (Europe)	1e1dd336	129	Championship Motocross 2001 featuring Ricky Carmichael (USA)
Championship Motocross 2001 featuring Ricky Carmichael (USA)	d7096235	126	Championship Motocross 2001 featuring Ricky Carmichael (USA)
Championship Motocross featuring Ricky Carmichael (Europe)	95293bf8	1665	Championship Motocross featuring Ricky Carmichael (USA)
Championship Motocross featuring Ricky Carmichael (Europe) (Demo)	d337183a	1742	Championship Motocross featuring Ricky Carmichael (USA)
Championship Motocross featuring Ricky Carmichael (USA)	da709d1a	1632	Championship Motocross featuring Ricky Carmichael (USA)
Championship Surfer (Europe) (En,Fr,De,Es,It,Nl)	76cecc0e	1984	Championship Surfer (USA)
Championship Surfer (USA)	c0f9b736	1302	Championship Surfer (USA)
Chaos Break (Europe) (En,Fr,De,It)	5cb99e56	238	Chaos Break (Europe) (En,Fr,De,It)
Chaos Break (Japan)	d68f8f34	321	Chaos Break (Europe) (En,Fr,De,It)
Chaos Control (Japan)	b2440af0	327	Chaos Control (Japan)
Character Tkool (Japan)	a661aaa6	89	Character Tkool (Japan)
Charumera (Japan)	3731dffe	83	Charumera (Japan)
Chase the Express (Europe) (Disc 1)	d8c10d9a	101	Covert Ops - Nuclear Dawn (USA) (Disc 1)
Chase the Express (Europe) (Disc 1) (Beta) (2000-04-27)	c03c37a6	121	Covert Ops - Nuclear Dawn (USA) (Disc 1)
Chase the Express (Europe) (Disc 2)	d99c2b4b	101	Covert Ops - Nuclear Dawn (USA) (Disc 1)
Chase the Express (Europe) (Disc 2) (Beta) (2000-04-27)	40ef1228	121	Covert Ops - Nuclear Dawn (USA) (Disc 1)
Chase the Express (France) (Disc 1)	6a1036a0	101	Covert Ops - Nuclear Dawn (USA) (Disc 1)
Chase the Express (France) (Disc 2)	6b4d1071	101	Covert Ops - Nuclear Dawn (USA) (Disc 1)
Chase the Express (Germany) (Disc 1)	9841df08	102	Covert Ops - Nuclear Dawn (USA) (Disc 1)
Chase the Express (Germany) (Disc 2)	991cf9d9	102	Covert Ops - Nuclear Dawn (USA) (Disc 1)
Chase the Express (Italy) (Disc 1)	a7ec1105	100	Covert Ops - Nuclear Dawn (USA) (Disc 1)
Chase the Express (Italy) (Disc 2)	a6b137d4	100	Covert Ops - Nuclear Dawn (USA) (Disc 1)
Chase the Express (Japan) (Demo 1)	18a9948a	100	Covert Ops - Nuclear Dawn (USA) (Disc 1)
Chase the Express (Japan) (Demo 2)	19f4b25b	100	Covert Ops - Nuclear Dawn (USA) (Disc 1)
Chase the Express (Japan, Asia) (Disc 1)	5fef6335	106	Covert Ops - Nuclear Dawn (USA) (Disc 1)
Chase the Express (Japan, Asia) (Disc 2)	5eb245e4	106	Covert Ops - Nuclear Dawn (USA) (Disc 1)
Chase the Express - El Expreso de la Muerte (Spain) (Disc 1)	ca975b82	126	Chase the Express - El Expreso de la Muerte (Spain) (Disc 1)
Chase the Express - El Expreso de la Muerte (Spain) (Disc 2)	cbca7d53	126	Chase the Express - El Expreso de la Muerte (Spain) (Disc 1)
Checkmate (Europe)	df92c6b3	654	Checkmate (Europe)
Checkmate (Japan)	88159d38	870	Checkmate (Europe)
Checkmate (Japan) (Renkaban)	22c6524d	958	Checkmate (Europe)
Checkmate II (Europe)	f7ace903	902	Checkmate II (Europe)
Cheesy (Europe) (En,Fr)	788ddfa4	2342	Cheesy (Europe) (En,Fr)
Cheesy (Japan)	b05983db	2462	Cheesy (Europe) (En,Fr)
Chess (USA)	800de8dd	77	Chess (USA)
Chess 2000 (Japan)	89fe502b	430	Chess 2000 (Japan)
Chessmaster 3-D, The (Europe)	b059a310	1718	Chessmaster 3-D, The (USA)
Chessmaster 3-D, The (USA)	f37a5ec1	1555	Chessmaster 3-D, The (USA)
Chessmaster II (Europe)	54bda1e7	89	Chessmaster II (USA)
Chessmaster II (USA)	f72432c5	86	Chessmaster II (USA)
Chessmaster, The (Japan)	abbf02c6	1529	Chessmaster, The (Japan)
Chevaliers de Baphomet, Les (France)	ecb1923b	102	Chevaliers de Baphomet, Les (France)
Chi Vuol Essere Miliardario (Italy)	7d694114	101	Chi Vuol Essere Miliardario (Italy)
Chi Vuol Essere Milionario Seconda Edizione (Italy)	eb73f2c0	117	Chi Vuol Essere Milionario Seconda Edizione (Italy)
Chibi Chara Game - Ginga Eiyuu Densetsu (Japan) (Disc 1) (Go! Go! Casino)	57aa3582	139	Chibi Chara Game - Ginga Eiyuu Densetsu (Japan) (Disc 1) (Go! Go! Casino)
Chibi Chara Game - Ginga Eiyuu Densetsu (Japan) (Disc 1) (Go! Go! Casino) (Shokai Tokuten Reinhart Genteiban)	21f06bbb	175	Chibi Chara Game - Ginga Eiyuu Densetsu (Japan) (Disc 1) (Go! Go! Casino)
Chibi Chara Game - Ginga Eiyuu Densetsu (Japan) (Disc 1) (Go! Go! Casino) (Shokai Tokuten Yan Genteiban)	d4bd5385	170	Chibi Chara Game - Ginga Eiyuu Densetsu (Japan) (Disc 1) (Go! Go! Casino)
Chibi Chara Game - Ginga Eiyuu Densetsu (Japan) (Disc 2) (Let's Sugoroku) (Shokai Tokuten Reinhart Genteiban)	eae394a3	175	Chibi Chara Game - Ginga Eiyuu Densetsu (Japan) (Disc 1) (Go! Go! Casino)
Chibi Chara Game - Ginga Eiyuu Densetsu (Japan) (Disc 2) (Let's Surogoku)	2f76d180	139	Chibi Chara Game - Ginga Eiyuu Densetsu (Japan) (Disc 1) (Go! Go! Casino)
Chibi Chara Game - Ginga Eiyuu Densetsu (Japan) (Disc 2) (Let's Surogoku) (Shokai Tokuten Yan Genteiban)	59f2d80f	170	Chibi Chara Game - Ginga Eiyuu Densetsu (Japan) (Disc 1) (Go! Go! Casino)
Chibi Maruko-chan - Maruko Enikki World (Japan)	a125e18f	546	Chibi Maruko-chan - Maruko Enikki World (Japan)
Chicken Run (Europe)	7309e0ef	86	Chicken Run (USA)
Chicken Run (Europe) (Fr,De,Es,It)	78c789ed	100	Chicken Run (USA)
Chicken Run (USA)	7e53c71f	83	Chicken Run (USA)
Chiisana Kyojin Microman (Japan)	594e858a	98	Chiisana Kyojin Microman (Japan)
Chiisana Oukoku Erutoria (Japan)	f22de782	98	Chiisana Oukoku Erutoria (Japan)
Chill (Europe) (Demo)	1965f8a7	87	Chill (Europe) (En,Fr,De,Es,It)
Chill (Europe) (En,Fr,De,Es,It)	d2cdbb4f	97	Chill (Europe) (En,Fr,De,Es,It)
China - The Forbidden City (Europe) (En,Es,Nl,Sv)	be402292	115	China - The Forbidden City (Europe) (En,Es,Nl,Sv)
Chine - Intrigue dans la Cite Interdite (France)	61dab507	114	Chine - Intrigue dans la Cite Interdite (France)
Chinmoku no Kantai - The Silent Service (Japan)	406b27b9	833	Chinmoku no Kantai - The Silent Service (Japan)
Chivas 1-2-3 - Destiny! Unmei o Kaeru Mono! (Japan)	cc39ed51	272	Chivas 1-2-3 - Destiny! Unmei o Kaeru Mono! (Japan)
Chocobo Racing (Europe)	254102ea	89	Chocobo Racing (USA)
Chocobo Racing (USA)	7603d64c	86	Chocobo Racing (USA)
Chocobo Racing - Genkai e no Road (Japan)	faed70f5	107	Chocobo Racing - Genkai e no Road (Japan)
Chocobo Stallion (Japan)	219d9473	90	Chocobo Stallion (Japan)
Chocobo no Fushigi na Dungeon (Japan)	343147c6	103	Chocobo no Fushigi na Dungeon (Japan)
Chocobo no Fushigi na Dungeon 2 (Japan, Asia)	e78652b3	111	Chocobo's Dungeon 2 (USA)
Chocobo's Dungeon 2 (USA)	5ced35d2	91	Chocobo's Dungeon 2 (USA)
Chocolate Kiss (Japan)	e0c1e8bd	88	Chocolate Kiss (Japan)
Choro Q (Japan)	f2d32a48	1192	Choro Q (Japan)
Choro Q 2 (Japan)	380b11e9	315	Choro Q 2 (Japan)
Choro Q 3 (Japan)	9ebe1c0b	315	Choro Q 3 (Japan)
Choro Q 3 (Japan) (Demo)	6eb35c79	336	Choro Q 3 (Japan)
Choro Q Jet - Rainbow Wings (Japan)	1bff1794	101	Choro Q Jet - Rainbow Wings (Japan)
Choro Q Marine - Q-Boat (Japan)	3d05afb7	232	Choro Q Marine - Q-Boat (Japan)
Choro Q Marine - Q-Boat (Japan) (Demo)	045029e2	246	Choro Q Marine - Q-Boat (Japan)
Choro Q Ver. 1.02 (Japan)	40060a3d	1302	Choro Q (Japan)
Choro Q Wonderful! (Japan)	d86fef78	222	Choro Q Wonderful! (Japan)
Chou Aniki - Kyuukyoku Muteki Ginga Saikyou Otoko (Japan)	705ec17e	284	Chou Aniki - Kyuukyoku Muteki Ginga Saikyou Otoko (Japan)
Chou Hatsumei Boy Kanipan - Hirameki Wonderland (Japan)	7085b562	121	Chou Hatsumei Boy Kanipan - Hirameki Wonderland (Japan)
Chou Jikuu Yousai Macross - Ai Oboete Imasu ka (Japan) (Disc 1)	2d760659	129	Chou Jikuu Yousai Macross - Ai Oboete Imasu ka (Japan) (Disc 1)
Chou Jikuu Yousai Macross - Ai Oboete Imasu ka (Japan) (Disc 2)	2c2b2088	129	Chou Jikuu Yousai Macross - Ai Oboete Imasu ka (Japan) (Disc 1)
Chou Jiryoku Senshi Microman - Generation 2000 (Japan)	c51875bc	120	Chou Jiryoku Senshi Microman - Generation 2000 (Japan)
Chou Kousoku Gran Doll (Japan)	546d8958	230	Chou Kousoku Gran Doll (Japan) (Disc 1) (Premium Edition)
Chou Kousoku Gran Doll (Japan) (Disc 1) (Premium Edition)	21d94e9b	284	Chou Kousoku Gran Doll (Japan) (Disc 1) (Premium Edition)
Chou Kousoku Gran Doll (Japan) (Disc 2) (Tokusei Premium Disc) (Premium Edition)	919876bb	146	Chou Kousoku Gran Doll (Japan) (Disc 1) (Premium Edition)
Chou Mashin Eiyuuden Wataru - Another Step (Japan)	32ba846e	116	Chou Mashin Eiyuuden Wataru - Another Step (Japan)
Chou Nazo-ou (Japan)	52b2a5b8	86	Chou Nazo-ou (Japan)
Chou Sentou Kyuugi Vanborg (Japan)	9dbaa5e8	2820	Chou Sentou Kyuugi Vanborg (Japan)
Chou Sentou Kyuugi Vanborg (Japan) (Demo)	fd00cdfd	2158	Chou Sentou Kyuugi Vanborg (Japan)
Choujin Gakuen - Gowcaizer (Japan)	3c3f3ff5	100	Choujin Gakuen - Gowcaizer (Japan)
Chris Kamara's Street Soccer (Europe)	6af2da10	1030	Chris Kamara's Street Soccer (Europe)
Chronicles of the Sword (Europe) (Disc 1)	8ff3f66b	6238	Chronicles of the Sword (USA) (Disc 1)
Chronicles of the Sword (Europe) (Disc 2)	eecad579	6510	Chronicles of the Sword (USA) (Disc 1)
Chronicles of the Sword (France) (Disc 1)	b52f845e	6374	Chronicles of the Sword (USA) (Disc 1)
Chronicles of the Sword (France) (Disc 2)	4e3a5b72	6646	Chronicles of the Sword (USA) (Disc 1)
Chronicles of the Sword (Germany) (Disc 1)	2820ae59	6284	Chronicles of the Sword (USA) (Disc 1)
Chronicles of the Sword (Germany) (Disc 2)	54adf71e	6558	Chronicles of the Sword (USA) (Disc 1)
Chronicles of the Sword (Italy) (Disc 1)	c073d342	6192	Chronicles of the Sword (USA) (Disc 1)
Chronicles of the Sword (Italy) (Disc 2)	1c526bba	6462	Chronicles of the Sword (USA) (Disc 1)
Chronicles of the Sword (Spain) (Disc 1)	f7b678af	6192	Chronicles of the Sword (USA) (Disc 1)
Chronicles of the Sword (Spain) (Disc 2)	da75b953	6597	Chronicles of the Sword (USA) (Disc 1)
Chronicles of the Sword (USA) (Disc 1)	a3812192	6100	Chronicles of the Sword (USA) (Disc 1)
Chronicles of the Sword (USA) (Disc 2)	c55e10f4	6366	Chronicles of the Sword (USA) (Disc 1)
Chrono Cross (Japan, Asia) (Disc 1)	62971f7c	101	Chrono Cross (USA, Canada) (Disc 1)
Chrono Cross (Japan, Asia) (Disc 2)	63ca39ad	101	Chrono Cross (USA, Canada) (Disc 1)
Chrono Cross (USA, Canada) (Disc 1)	a30b6a07	101	Chrono Cross (USA, Canada) (Disc 1)
Chrono Cross (USA, Canada) (Disc 2)	a2564cd6	101	Chrono Cross (USA, Canada) (Disc 1)
Chrono Trigger (Japan)	1ecf41b1	88	Chrono Trigger (Japan)
Cina - Crimini nella Citta Proibita (Italy)	097fb680	109	Cina - Crimini nella Citta Proibita (Italy)
Cindy's Caribbean Holiday (Europe)	6bbf9579	100	Cindy's Caribbean Holiday (Europe)
Cindy's Fashion World (Europe)	5e9b66ea	96	Cindy's Fashion World (Europe)
Circadia (Japan) (Demo 1)	ade60fc3	91	Circadia (Japan) (Disc 1)
Circadia (Japan) (Demo 2)	acbb2912	91	Circadia (Japan) (Disc 1)
Circadia (Japan) (Disc 1)	8b547931	91	Circadia (Japan) (Disc 1)
Circadia (Japan) (Disc 2)	8a095fe0	91	Circadia (Japan) (Disc 1)
Circuit Beat (Japan)	3af41201	86	Circuit Beat (Japan)
Circuit Breakers (Europe) (En,Fr,De,Es,It)	81692d60	1206	Circuit Breakers (USA)
Circuit Breakers (Europe) (En,Fr,De,Es,It) (Beta) (1998-01-23)	a68893d3	1386	Circuit Breakers (USA)
Circuit Breakers (Europe) (En,Fr,De,Es,It) (Beta) (1998-03-31)	5f2a1c73	1386	Circuit Breakers (USA)
Circuit Breakers (Europe) (En,Fr,De,Es,It) (Demo-Add-On Disc)	ec48dd1d	292	Circuit Breakers (USA)
Circuit Breakers (USA)	d3fce2a0	1026	Circuit Breakers (USA)
Cite des Enfants Perdus, La (France)	fc453cf4	242	Cite des Enfants Perdus, La (France)
Cite des Enfants Perdus, La (France) (Demo)	9604cd82	109	Cite des Enfants Perdus, La (France)
City Bravo! (Japan)	0a68d3d3	1122	City Bravo! (Japan)
City Bravo! Business-hen (Japan)	504960aa	98	City Bravo! Business-hen (Japan)
City of Lost Children, The (Europe) (En,Es,It)	b52b6071	262	City of Lost Children, The (USA) (En,Es,It)
City of Lost Children, The (USA) (En,Es,It)	ef47d5ae	109	City of Lost Children, The (USA) (En,Es,It)
Ciudad de los Ninos Perdidos, La (Spain)	a858c290	250	Ciudad de los Ninos Perdidos, La (Spain)
Civilization II (Europe)	71358208	218	Civilization II (USA)
Civilization II (France)	2f0e0902	218	Civilization II (USA)
Civilization II (Germany)	1f425562	220	Civilization II (USA)
Civilization II (Italy)	9841a42c	216	Civilization II (USA)
Civilization II (Japan)	f6ec2f09	89	Civilization II (USA)
Civilization II (Spain)	98748798	216	Civilization II (USA)
Civilization II (USA)	4244fe07	212	Civilization II (USA)
Civizard - Majutsu no Keifu (Japan)	42681771	101	Civizard - Majutsu no Keifu (Japan)
Classic Road (Japan)	1a1388e5	86	Classic Road (Japan)
Classic Road (Japan) (Otanoshimi Data Disc)	32c71140	109	Classic Road (Japan)
Classic Road - Yuushun 2 (Japan)	7a7f07aa	234	Classic Road - Yuushun 2 (Japan)
Classic Road 2 (Japan)	ddd51b5a	794	Classic Road 2 (Japan)
Cleopatra Fortune (Europe)	040f31e9	222	Cleopatra Fortune (Europe)
Cleopatra Fortune (Japan)	c793837c	91	Cleopatra Fortune (Europe)
Cleopatra's Fortune (USA)	d6aae65e	220	Cleopatra's Fortune (USA)
Click Manga (Japan) (Demo)	e15231a0	92	Click Manga - Dynamic Robot Taisen 1 - Shutsugeki! Kyoui no Robot Gundan!! (Japan)
Click Manga - Click no Hi (Japan)	c89809c2	99	Click Manga - Click no Hi (Japan)
Click Manga - Dynamic Robot Taisen 1 - Shutsugeki! Kyoui no Robot Gundan!! (Japan)	1531ac47	148	Click Manga - Dynamic Robot Taisen 1 - Shutsugeki! Kyoui no Robot Gundan!! (Japan)
Click Manga - Dynamic Robot Taisen 2 - Kyoufu! Akuma Zoku Fukkatsu (Japan)	e34718ad	140	Click Manga - Dynamic Robot Taisen 2 - Kyoufu! Akuma Zoku Fukkatsu (Japan)
Click Manga - Ginga Eiyuu Densetsu 1 - Eien no Yoru no Naka de (Japan)	78abdb0c	136	Click Manga - Ginga Eiyuu Densetsu 1 - Eien no Yoru no Naka de (Japan)
Click Manga - Ginga Eiyuu Densetsu 2 - Iserlohn Kouryaku (Japan)	5a2b4984	130	Click Manga - Ginga Eiyuu Densetsu 2 - Iserlohn Kouryaku (Japan)
Click Manga - Opera-za no Kaijin (Japan)	ab07c03e	106	Click Manga - Opera-za no Kaijin (Japan)
Click Medic (Japan)	a95074c9	85	Click Medic (Japan)
Clock Tower (Europe)	e4a2e771	86	Clock Tower (USA)
Clock Tower (France)	c2aa5674	86	Clock Tower (USA)
Clock Tower (Germany)	335531ea	87	Clock Tower (USA)
Clock Tower (USA)	bd6fc4dc	83	Clock Tower (USA)
Clock Tower - Ghost Head (Japan)	f21b55d9	98	Clock Tower II - The Struggle Within (USA)
Clock Tower - Ghost Head (Japan) (Demo)	bae78813	105	Clock Tower II - The Struggle Within (USA)
Clock Tower - The First Fear (Japan)	56a6dbc6	242	Clock Tower - The First Fear (Japan)
Clock Tower 2 (Japan)	9ff8516b	87	Clock Tower II - The Struggle Within (USA)
Clock Tower 2 (Japan) (Demo 1)	bdcdb0d8	96	Clock Tower II - The Struggle Within (USA)
Clock Tower 2 (Japan) (Demo 2)	bc909609	96	Clock Tower II - The Struggle Within (USA)
Clock Tower II - The Struggle Within (USA)	c9f155e4	108	Clock Tower II - The Struggle Within (USA)
ClockWerx (Japan)	f6b2ec73	1438	ClockWerx (Japan)
Cochons de Guerre, Les (France)	491093f8	357	Cochons de Guerre, Les (France)
Cochons de Guerre, Les (France) (Rev 1)	7c38ef44	381	Cochons de Guerre, Les (France)
Cocktail Harmony (Japan)	da5cf7f4	218	Cocktail Harmony (Japan)
Codename - Tenka (USA)	403569c0	1737	Codename - Tenka (USA)
Codename - Tenka (USA) (Rev 1)	8b7a0220	1857	Codename - Tenka (USA)
Cold Blood (Germany) (Disc 1)	6da53159	95	In Cold Blood (USA) (Disc 1)
Cold Blood (Germany) (Disc 2)	6cf81788	95	In Cold Blood (USA) (Disc 1)
Colin McRae - The Rally (Japan)	c3b96b8c	482	Colin McRae Rally (USA)
Colin McRae - The Rally (Japan) (Demo)	3091f580	246	Colin McRae Rally (USA)
Colin McRae - The Rally 02 (Japan)	8921f900	238	Colin McRae - The Rally 02 (Japan)
Colin McRae Rally (Europe) (Demo)	c9f99834	236	Colin McRae Rally (USA)
Colin McRae Rally (Europe) (En,Fr,De,Es)	38eb50de	518	Colin McRae Rally (USA)
Colin McRae Rally (Europe) (En,Fr,De,Es) (Rev 1)	22a71fb4	550	Colin McRae Rally (USA)
Colin McRae Rally (Europe) (En,Fr,De,Es) (Rev 2)	a629d1a2	550	Colin McRae Rally (USA)
Colin McRae Rally (Europe) (En,Fr,De,Es) (Rev 3)	da539450	550	Colin McRae Rally (USA)
Colin McRae Rally (Germany) (Demo)	871cb3df	238	Colin McRae Rally (USA)
Colin McRae Rally (Italy)	7d11890f	458	Colin McRae Rally (USA)
Colin McRae Rally (Italy) (Demo)	c1fdb836	234	Colin McRae Rally (USA)
Colin McRae Rally (Italy) (Rev 1)	45a1b861	490	Colin McRae Rally (USA)
Colin McRae Rally (Italy) (Rev 2)	64e01896	490	Colin McRae Rally (USA)
Colin McRae Rally (USA)	971eed87	450	Colin McRae Rally (USA)
Colin McRae Rally 2.0 (Europe) (En,Fr,De,Es,It)	53c408df	264	Colin McRae Rally 2.0 (USA) (En,Fr,Es)
Colin McRae Rally 2.0 (Europe) (En,Fr,De,Es,It) (Rev 1)	4970f018	280	Colin McRae Rally 2.0 (USA) (En,Fr,Es)
Colin McRae Rally 2.0 (Europe) (En,Fr,De,Es,It) (Rev 2)	f6adea45	280	Colin McRae Rally 2.0 (USA) (En,Fr,Es)
Colin McRae Rally 2.0 (USA) (En,Fr,Es)	b429cb08	246	Colin McRae Rally 2.0 (USA) (En,Fr,Es)
College Slam (USA)	327b647f	6310	College Slam (USA)
Colony Wars (Europe) (Disc 1)	066c0d19	228	Colony Wars (USA) (Disc 1)
Colony Wars (Europe) (Disc 2)	87779d74	228	Colony Wars (USA) (Disc 1)
Colony Wars (Europe) (Fr,De) (Demo)	940dfa73	240	Colony Wars (USA) (Disc 1)
Colony Wars (France) (Disc 1)	f60a0ce6	228	Colony Wars (USA) (Disc 1)
Colony Wars (France) (Disc 2)	77119c8b	228	Colony Wars (USA) (Disc 1)
Colony Wars (Germany) (Disc 1)	8a07db9c	230	Colony Wars (USA) (Disc 1)
Colony Wars (Germany) (Disc 2)	dc6738c6	230	Colony Wars (USA) (Disc 1)
Colony Wars (Italy) (Disc 1)	8e9492d1	226	Colony Wars (USA) (Disc 1)
Colony Wars (Italy) (Disc 2)	792edb5d	226	Colony Wars (USA) (Disc 1)
Colony Wars (Japan) (Demo)	9a55ab01	222	Colony Wars (USA) (Disc 1)
Colony Wars (Japan) (Disc 1)	af80f447	226	Colony Wars (USA) (Disc 1)
Colony Wars (Japan) (Disc 2)	583abdcb	226	Colony Wars (USA) (Disc 1)
Colony Wars (Spain) (Disc 1)	e42f87e0	226	Colony Wars (USA) (Disc 1)
Colony Wars (Spain) (Disc 2)	1395ce6c	226	Colony Wars (USA) (Disc 1)
Colony Wars (USA) (Disc 1)	ad500321	222	Colony Wars (USA) (Disc 1)
Colony Wars (USA) (Disc 2)	b89dca62	222	Colony Wars (USA) (Disc 1)
Colony Wars - El Sol Rojo (Spain)	405facce	99	Colony Wars - El Sol Rojo (Spain)
Colony Wars - Red Sun (Europe)	99f1f70f	96	Colony Wars - Red Sun (USA)
Colony Wars - Red Sun (France)	bff9460a	96	Colony Wars - Red Sun (USA)
Colony Wars - Red Sun (Germany)	84953ec1	97	Colony Wars - Red Sun (USA)
Colony Wars - Red Sun (Italy)	59423cdd	95	Colony Wars - Red Sun (USA)
Colony Wars - Red Sun (USA)	20b80eac	93	Colony Wars - Red Sun (USA)
Colony Wars - Vengeance (Europe)	4f17ff3b	234	Colony Wars - Vengeance (USA, Canada)
Colony Wars - Vengeance (Europe) (Demo)	e5b42660	248	Colony Wars - Vengeance (USA, Canada)
Colony Wars - Vengeance (France)	a79bf837	234	Colony Wars - Vengeance (USA, Canada)
Colony Wars - Vengeance (Germany)	1dab2697	236	Colony Wars - Vengeance (USA, Canada)
Colony Wars - Vengeance (Italy)	7dfe837d	232	Colony Wars - Vengeance (USA, Canada)
Colony Wars - Vengeance (Spain)	4a95cfe2	232	Colony Wars - Vengeance (USA, Canada)
Colony Wars - Vengeance (USA, Canada)	f5c0f1ac	244	Colony Wars - Vengeance (USA, Canada)
Colorful Logic (Japan)	9bf5d4b6	88	Colorful Logic (Japan)
Colorful Logic 2 (Japan)	78a73b97	90	Colorful Logic 2 (Japan)
Colorful Logic 3 (Japan)	ada247eb	90	Colorful Logic 3 (Japan)
Combat Choro Q (Japan)	6d52a718	88	Combat Choro Q (Japan)
Combi Mahjong Awase uchi with Maboroshi Tsukiyo Characters (Japan)	9c309779	302	Combi Mahjong Awase uchi with Maboroshi Tsukiyo Characters (Japan)
Combination Pro Soccer - J.League no Kantoku ni Natte Sekai o Mezase! (Japan)	95b78cc5	143	Combination Pro Soccer - J.League no Kantoku ni Natte Sekai o Mezase! (Japan)
Combination Pro Soccer - J.League no Kantoku ni Natte Sekai o Mezase! (Japan) (Rev 1)	a4404b6a	151	Combination Pro Soccer - J.League no Kantoku ni Natte Sekai o Mezase! (Japan)
Command & Conquer (Europe) (Demo)	6138bd6d	99	Command & Conquer (USA) (Disc 1) (GDI)
Command & Conquer (Europe) (Disc 1) (GDI)	60375166	107	Command & Conquer (USA) (Disc 1) (GDI)
Command & Conquer (Europe) (Disc 2) (NOD)	487935c8	107	Command & Conquer (USA) (Disc 1) (GDI)
Command & Conquer (France) (Disc 1) (GDI)	4b1508b8	107	Command & Conquer (USA) (Disc 1) (GDI)
Command & Conquer (France) (Disc 2) (NOD)	635b6c16	107	Command & Conquer (USA) (Disc 1) (GDI)
Command & Conquer (USA) (Disc 1) (GDI)	fc22ac2b	104	Command & Conquer (USA) (Disc 1) (GDI)
Command & Conquer (USA) (Disc 2) (NOD)	d46cc885	104	Command & Conquer (USA) (Disc 1) (GDI)
Command & Conquer - Alarmstufe Rot & Bloody Roar (Germany) (Demo)	7d5e3512	459	Command & Conquer - Alarmstufe Rot & Bloody Roar (Germany) (Demo)
Command & Conquer - Alarmstufe Rot (Germany) (Disc 1)	51fa1140	119	Command & Conquer - Alarmstufe Rot (Germany) (Disc 1)
Command & Conquer - Alarmstufe Rot (Germany) (Disc 2)	50a73791	119	Command & Conquer - Alarmstufe Rot (Germany) (Disc 1)
Command & Conquer - Alarmstufe Rot - Gegenschlag (Germany) (Disc 1) (Die Alliierten)	fdbcc135	150	Command & Conquer - Alarmstufe Rot - Gegenschlag (Germany) (Disc 1) (Die Alliierten)
Command & Conquer - Alarmstufe Rot - Gegenschlag (Germany) (Disc 2) (Die Sowjets)	4bfac45b	147	Command & Conquer - Alarmstufe Rot - Gegenschlag (Germany) (Disc 1) (Die Alliierten)
Command & Conquer - Alerte Rouge (France) (Demo)	1bf9645f	114	Command & Conquer - Alerte Rouge (France) (Disc 1) (Allies)
Command & Conquer - Alerte Rouge (France) (Disc 1) (Allies)	50b252d9	125	Command & Conquer - Alerte Rouge (France) (Disc 1) (Allies)
Command & Conquer - Alerte Rouge (France) (Disc 2) (Sovietiques)	33a0751d	130	Command & Conquer - Alerte Rouge (France) (Disc 1) (Allies)
Command & Conquer - Alerte Rouge - Mission Tesla (France) (Disc 1) (Allies)	bb5ac5eb	141	Command & Conquer - Alerte Rouge - Mission Tesla (France) (Disc 1) (Allies)
Command & Conquer - Alerte Rouge - Mission Tesla (France) (Disc 2) (Sovietiques)	d2adecd9	146	Command & Conquer - Alerte Rouge - Mission Tesla (France) (Disc 1) (Allies)
Command & Conquer - Red Alert & Bloody Roar (Europe)	35dd47dd	420	Command & Conquer - Red Alert & Bloody Roar (Europe)
Command & Conquer - Red Alert (Europe) (Disc 1) (Allies)	c88b8255	122	Command & Conquer - Red Alert (USA) (Disc 1) (Allies)
Command & Conquer - Red Alert (Europe) (Disc 2) (Soviet)	0eb339f5	122	Command & Conquer - Red Alert (USA) (Disc 1) (Allies)
Command & Conquer - Red Alert (USA) (Disc 1) (Allies)	e7126fb1	119	Command & Conquer - Red Alert (USA) (Disc 1) (Allies)
Command & Conquer - Red Alert (USA) (Disc 2) (Soviet)	212ad411	119	Command & Conquer - Red Alert (USA) (Disc 1) (Allies)
Command & Conquer - Red Alert - Retaliation (Europe) (Disc 1) (Allies)	a37ba5a6	136	Command & Conquer - Red Alert - Retaliation (USA) (Disc 1) (Allies)
Command & Conquer - Red Alert - Retaliation (Europe) (Disc 2) (Soviet)	65431e06	136	Command & Conquer - Red Alert - Retaliation (USA) (Disc 1) (Allies)
Command & Conquer - Red Alert - Retaliation (USA) (Disc 1) (Allies)	951bffe8	133	Command & Conquer - Red Alert - Retaliation (USA) (Disc 1) (Allies)
Command & Conquer - Red Alert - Retaliation (USA) (Disc 2) (Soviet)	53234448	133	Command & Conquer - Red Alert - Retaliation (USA) (Disc 1) (Allies)
Command & Conquer - Teil 1 - Der Tiberiumkonflikt (Germany) (Demo)	7a434e30	132	Command & Conquer - Teil 1 - Der Tiberiumkonflikt (Germany) (Disc 1) (GDI)
Command & Conquer - Teil 1 - Der Tiberiumkonflikt (Germany) (Disc 1) (GDI)	8d57cca4	140	Command & Conquer - Teil 1 - Der Tiberiumkonflikt (Germany) (Disc 1) (GDI)
Command & Conquer - Teil 1 - Der Tiberiumkonflikt (Germany) (Disc 2) (NOD)	a519a80a	140	Command & Conquer - Teil 1 - Der Tiberiumkonflikt (Germany) (Disc 1) (GDI)
Command & Conquer Complete (Japan) (Demo)	2fad79c3	107	Command & Conquer (USA) (Disc 1) (GDI)
Command & Conquer Complete (Japan) (Disc 1) (GDI)	4dca7e98	115	Command & Conquer (USA) (Disc 1) (GDI)
Command & Conquer Complete (Japan) (Disc 2) (NOD)	65841a36	115	Command & Conquer (USA) (Disc 1) (GDI)
Community Pom (Japan)	76326dac	557	Community Pom (Japan)
Community Pom - Omoide o Dakishimete (Japan)	abd79662	672	Community Pom (Japan)
Complete Soccer Onside (Japan)	a8502bfd	1732	Complete Soccer Onside (Japan)
Concert, Le - ff - Fortissimo (Japan)	9f88ece2	103	Concert, Le - ff - Fortissimo (Japan)
Concert, Le - pp - Pianissimo (Japan)	ed8dd2fb	103	Concert, Le - pp - Pianissimo (Japan)
Constructor (Europe) (En,Fr,De,Es)	32646a10	243	Constructor (Europe) (En,Fr,De,Es)
Constructor (Italy)	ea5519d6	213	Constructor (Europe) (En,Fr,De,Es)
Contender (USA)	9ef8f645	1412	Contender (USA)
Contender (USA) (Demo)	1be79ebe	562	Contender (USA)
Contender 2 (USA)	cf4a1b1a	83	Contender 2 (USA)
Contra - Legacy of War (Europe)	1c631645	1494	Contra - Legacy of War (USA)
Contra - Legacy of War (USA)	ad0c217b	1458	Contra - Legacy of War (USA)
Conveni 2, The - Zenkoku Chain Tenkai da! (Japan)	69a4645f	115	Conveni 2, The - Zenkoku Chain Tenkai da! (Japan)
Conveni 2, The - Zenkoku Chain Tenkai da! (Japan) (Major Wave)	a36582e2	128	Conveni 2, The - Zenkoku Chain Tenkai da! (Japan)
Conveni Special, The - 3-tsu no Sekai o Dokusen seyo (Japan)	68a88030	290	Conveni Special, The - 3-tsu no Sekai o Dokusen seyo (Japan)
Conveni, The - Ano Machi o Dokusen seyo (Japan)	4b8d7d17	113	Conveni, The - Ano Machi o Dokusen seyo (Japan)
Conveni, The - Ano Machi o Dokusen seyo (Japan) (Major Wave)	632375f6	126	Conveni, The - Ano Machi o Dokusen seyo (Japan)
Cool Boarders (Europe)	5dd013f6	1620	Cool Boarders (USA)
Cool Boarders (Japan)	99ef838b	1606	Cool Boarders (USA)
Cool Boarders (USA)	ee3249f0	1578	Cool Boarders (USA)
Cool Boarders 2 (Europe)	c1afc132	2362	Cool Boarders 2 (USA)
Cool Boarders 2 (USA)	32be1be0	2418	Cool Boarders 2 (USA)
Cool Boarders 2 (USA) (Beta) (1997-08-25)	fddda87e	2265	Cool Boarders 2 (USA)
Cool Boarders 2 - Killing Session (Japan) (Demo)	aaee9ccb	1118	Cool Boarders 2 - Killing Session (Japan, Asia)
Cool Boarders 2 - Killing Session (Japan, Asia)	02632203	2964	Cool Boarders 2 - Killing Session (Japan, Asia)
Cool Boarders 2001 (USA)	36e72025	90	Cool Boarders 2001 (USA)
Cool Boarders 2001 (USA) (Demo)	363d80c1	97	Cool Boarders 2001 (USA)
Cool Boarders 3 (Europe)	0714e50a	90	Cool Boarders 3 (USA)
Cool Boarders 3 (Japan)	b12ab430	89	Cool Boarders 3 (USA)
Cool Boarders 3 (Japan) (Demo)	e427c515	96	Cool Boarders 3 (USA)
Cool Boarders 3 (USA)	93c1184f	87	Cool Boarders 3 (USA)
Cool Boarders 3 (USA) (Beta) (1998-07-01)	7784db4b	107	Cool Boarders 3 (USA)
Cool Boarders 3 (USA) (Demo)	c5e62539	94	Cool Boarders 3 (USA)
Cool Boarders 4 (Europe)	52574a5a	90	Cool Boarders 4 (USA)
Cool Boarders 4 (Japan)	f7a3cb87	89	Cool Boarders 4 (USA)
Cool Boarders 4 (Japan) (Demo)	f908de2d	96	Cool Boarders 4 (USA)
Cool Boarders 4 (USA)	87e6a945	87	Cool Boarders 4 (USA)
Cool Boarders 4 (USA) (Demo)	1c9a897b	94	Cool Boarders 4 (USA)
Cooly Skunk (Japan)	83f1e0e3	2490	Cooly Skunk (Japan)
Copa del Mundo - Francia '98 (Spain)	3b54c44d	102	Copa del Mundo - Francia '98 (Spain)
Cosmic Race (Japan)	1c20b4ae	85	Cosmic Race (Japan)
Cosmowarrior Zero (Japan)	cc790f76	91	Cosmowarrior Zero (Japan)
Countdown Vampires (Japan) (Disc 1)	2344ecec	101	Countdown Vampires (USA) (Disc 1)
Countdown Vampires (Japan) (Disc 2)	2219ca3d	101	Countdown Vampires (USA) (Disc 1)
Countdown Vampires (USA) (Disc 1)	b011cc21	99	Countdown Vampires (USA) (Disc 1)
Countdown Vampires (USA) (Disc 2)	b14ceaf0	99	Countdown Vampires (USA) (Disc 1)
Coupe du Monde 98 (France)	30c1f7ff	92	Coupe du Monde 98 (France)
Courier Crisis - The Saga of the Modern Fatalist (Europe) (En,Fr,De,It)	1f37ba49	137	Courier Crisis - The Saga of the Modern Fatalist (USA)
Courier Crisis - The Saga of the Modern Fatalist (Japan)	6409ef81	122	Courier Crisis - The Saga of the Modern Fatalist (USA)
Courier Crisis - The Saga of the Modern Fatalist (USA)	e07d5027	120	Courier Crisis - The Saga of the Modern Fatalist (USA)
Covert Ops - Nuclear Dawn (USA) (Disc 1)	c926b1dd	106	Covert Ops - Nuclear Dawn (USA) (Disc 1)
Covert Ops - Nuclear Dawn (USA) (Disc 2)	c87b970c	106	Covert Ops - Nuclear Dawn (USA) (Disc 1)
Cowboy Bebop (Japan)	705d3455	86	Cowboy Bebop (Japan)
Crash Bandicoot (Europe) (EDC)	643b5186	96	Crash Bandicoot (USA)
Crash Bandicoot (Europe, Australia)	c3cadfa3	101	Crash Bandicoot (USA)
Crash Bandicoot (Japan) (Otameshi Disc)	e3b1dade	248	Crash Bandicoot (USA)
Crash Bandicoot (Japan, Asia)	db51cb50	95	Crash Bandicoot (USA)
Crash Bandicoot (USA)	7420271e	87	Crash Bandicoot (USA)
Crash Bandicoot (USA) (Beta) (1996-05-14)	6d8e714e	107	Crash Bandicoot (USA)
Crash Bandicoot - Warped (USA)	727bf739	96	Crash Bandicoot - Warped (USA)
Crash Bandicoot - Warped (USA) (Beta) (1998-02-12)	b09d0637	116	Crash Bandicoot - Warped (USA)
Crash Bandicoot - Warped (USA) (Beta) (1998-07-16)	ebb19e89	116	Crash Bandicoot - Warped (USA)
Crash Bandicoot - Warped (USA) (Beta) (1998-08-25)	f33835ba	116	Crash Bandicoot - Warped (USA)
Crash Bandicoot - Warped (USA) (Beta) (1998-09-30)	208666f3	116	Crash Bandicoot - Warped (USA)
Crash Bandicoot - Warped (USA) (Beta) (1998-10-08)	74acb49f	116	Crash Bandicoot - Warped (USA)
Crash Bandicoot - Warped (USA) (Demo)	99f85f97	103	Crash Bandicoot - Warped (USA)
Crash Bandicoot 2 - Cortex Strikes Back (Europe) (En,Fr,De,Es,It)	3f70cad3	131	Crash Bandicoot 2 - Cortex Strikes Back (USA)
Crash Bandicoot 2 - Cortex Strikes Back (Europe) (En,Fr,De,Es,It) (Beta) (1997-09-07)	b91f0fde	151	Crash Bandicoot 2 - Cortex Strikes Back (USA)
Crash Bandicoot 2 - Cortex Strikes Back (Europe, Australia) (En,Fr,De,Es,It) (EDC)	3360b123	148	Crash Bandicoot 2 - Cortex Strikes Back (USA)
Crash Bandicoot 2 - Cortex Strikes Back (USA)	70106695	111	Crash Bandicoot 2 - Cortex Strikes Back (USA)
Crash Bandicoot 2 - Cortex Strikes Back (USA) (Beta) (1997-04-01)	1889cee6	131	Crash Bandicoot 2 - Cortex Strikes Back (USA)
Crash Bandicoot 2 - Cortex Strikes Back (USA) (Beta) (1997-09-30)	6de300f9	131	Crash Bandicoot 2 - Cortex Strikes Back (USA)
Crash Bandicoot 2 - Cortex no Gyakushuu! (Japan) (Taikenban)	16e86e7a	126	Crash Bandicoot 2 - Cortex no Gyakushuu! (Japan, Asia)
Crash Bandicoot 2 - Cortex no Gyakushuu! (Japan, Asia)	ff966068	120	Crash Bandicoot 2 - Cortex no Gyakushuu! (Japan, Asia)
Crash Bandicoot 3 - Buttobi! Sekai Isshuu (Japan) (Demo)	1f85e791	122	Crash Bandicoot 3 - Buttobi! Sekai Isshuu (Japan, Asia)
Crash Bandicoot 3 - Buttobi! Sekai Isshuu (Japan, Asia)	2d74df04	121	Crash Bandicoot 3 - Buttobi! Sekai Isshuu (Japan, Asia)
Crash Bandicoot 3 - Warped (Europe, Australia) (En,Fr,De,Es,It)	0e33cc1f	129	Crash Bandicoot 3 - Warped (Europe, Australia) (En,Fr,De,Es,It)
Crash Bandicoot Carnival (Japan) (Demo)	137e73ea	105	Crash Bandicoot Carnival (Japan, Asia)
Crash Bandicoot Carnival (Japan, Asia)	60fb9ccf	104	Crash Bandicoot Carnival (Japan, Asia)
Crash Bandicoot Racing (Japan) (Demo)	1a987380	103	Crash Bandicoot Racing (Japan, Asia)
Crash Bandicoot Racing (Japan, Asia)	30b7ddc3	102	Crash Bandicoot Racing (Japan, Asia)
Crash Bash & Spyro - Year of the Dragon (USA) (Demo)	62eed13b	274	Crash Bash (USA)
Crash Bash (Europe) (En,Fr,De,Es,It)	f37592f3	102	Crash Bash (USA)
Crash Bash (USA)	56846228	82	Crash Bash (USA)
Crash Bash (USA) (Demo)	c764e06b	216	Crash Bash (USA)
Crazy Climber 2000 (Japan)	47379101	92	Crazy Climber 2000 (Japan)
Creature Shock (Japan) (Disc 1)	3410eae2	357	Creature Shock (Japan) (Disc 1)
Creature Shock (Japan) (Disc 2)	5fa33e4d	357	Creature Shock (Japan) (Disc 1)
Creatures (Europe) (En,Fr,De,Es,It)	a10cdf86	101	Creatures (USA)
Creatures (USA)	5c6ad968	81	Creatures (USA)
Creatures - Raised in Space (Europe) (En,Fr,De,Es,It)	9b120f46	276	Creatures - Raised in Space (USA)
Creatures - Raised in Space (USA)	2c9f7a69	99	Creatures - Raised in Space (USA)
Cricket 2000 (Europe)	90fd9307	212	Cricket 2000 (Europe)
Crime Crackers (Japan)	a46219f3	88	Crime Crackers (Japan)
Crime Crackers 2 (Japan)	107c014d	90	Crime Crackers 2 (Japan)
Crime Killer (Europe) (Demo)	456070ff	226	Crime Killer (USA)
Crime Killer (Europe) (En,Fr,De,Es,It)	a5ed5b2d	1312	Crime Killer (USA)
Crime Killer (Germany) (Demo)	6ae5343d	351	Crime Killer (USA)
Crime Killer (USA)	81692ba4	1112	Crime Killer (USA)
Crime Killer (USA) (Demo)	5d1fba24	220	Crime Killer (USA)
Crisis Beat (Europe)	b7bff4b1	86	Crisis Beat (Europe)
Crisis Beat (Japan)	caa32d4a	85	Crisis Beat (Europe)
Crisis City (Japan)	1769f200	1692	Crisis City (Japan)
Critical Blow (Japan)	89406a5e	87	Critical Blow (Japan)
Critical Depth (Europe)	8e5ae543	1398	Critical Depth (USA)
Critical Depth (USA)	c97485fe	1362	Critical Depth (USA)
Criticom (Europe)	03c5d650	1438	Criticom (USA)
Criticom (USA)	85550ace	1399	Criticom (USA)
Criticom - The Critical Combat (Japan)	b5b5ab52	1844	Criticom - The Critical Combat (Japan)
Croc - Legend of the Gobbos (Europe)	d1ca7133	102	Croc - Legend of the Gobbos (USA)
Croc - Legend of the Gobbos (Europe) (Demo)	87186053	109	Croc - Legend of the Gobbos (USA)
Croc - Legend of the Gobbos (USA)	7a934eb1	99	Croc - Legend of the Gobbos (USA)
Croc 2 (Europe) (Demo)	ba810565	88	Croc 2 (USA)
Croc 2 (Europe) (En,Fr,De,Es,It,Nl,Sv)	4c314892	104	Croc 2 (USA)
Croc 2 (USA)	c99f92fb	78	Croc 2 (USA)
Croc 2 (USA) (Demo)	8d64e758	85	Croc 2 (USA)
Croc Adventure (Japan)	a1e511e1	88	Croc 2 (USA)
Croc Adventure (Japan) (Demo)	9b1e652c	95	Croc 2 (USA)
Croc! Pau-Pau Island (Japan)	34ab1413	94	Croc - Legend of the Gobbos (USA)
Croc! Pau-Pau Island (Japan) (Demo)	556f28d1	101	Croc - Legend of the Gobbos (USA)
Croket! Kindan no Kinka Box! (Japan)	c634081d	102	Croket! Kindan no Kinka Box! (Japan)
Cross Romance - Koi to Mahjong to Hanafuda to (Japan)	7306a0ce	276	Cross Romance - Koi to Mahjong to Hanafuda to (Japan)
Cross Tantei Monogatari (Japan) (Demo)	bd6b016e	104	Cross Tantei Monogatari (Japan) (Disc 1)
Cross Tantei Monogatari (Japan) (Disc 1)	f170bb76	106	Cross Tantei Monogatari (Japan) (Disc 1)
Cross Tantei Monogatari (Japan) (Disc 2)	f02d9da7	106	Cross Tantei Monogatari (Japan) (Disc 1)
Cross Tantei Monogatari 1 - Kouhen (Japan)	9a696747	108	Cross Tantei Monogatari (Japan) (Disc 1)
Cross Tantei Monogatari 1 - Zenpen (Japan)	25e9bdd6	108	Cross Tantei Monogatari (Japan) (Disc 1)
Crossroad Crisis (USA)	8601df36	88	Crossroad Crisis (USA)
Crow, The - City of Angels (Europe)	749195af	240	Crow, The - City of Angels (USA)
Crow, The - City of Angels (Germany)	5ea95f38	242	Crow, The - City of Angels (USA)
Crow, The - City of Angels (Japan)	0d52f0ca	238	Crow, The - City of Angels (USA)
Crow, The - City of Angels (USA)	a84666b1	234	Crow, The - City of Angels (USA)
Crown Knights, The - Jaja-uma! Quartet - Mega Dream Destruction+ (Japan)	ad46f64b	812	Crown Knights, The - Jaja-uma! Quartet - Mega Dream Destruction+ (Japan)
Crusader - No Remorse (Europe)	a1d3461c	96	Crusader - No Remorse (USA)
Crusader - No Remorse (France)	87dbf719	96	Crusader - No Remorse (USA)
Crusader - No Remorse (Germany)	00135dae	97	Crusader - No Remorse (USA)
Crusader - No Remorse (USA)	1696a762	93	Crusader - No Remorse (USA)
Crusaders of Might and Magic (Europe)	c8d88c9d	103	Crusaders of Might and Magic (USA)
Crusaders of Might and Magic (France)	eed03d98	103	Crusaders of Might and Magic (USA)
Crusaders of Might and Magic (Germany)	9ac5e5d2	104	Crusaders of Might and Magic (USA)
Crusaders of Might and Magic (Italy)	ae3994ec	102	Crusaders of Might and Magic (USA)
Crusaders of Might and Magic (Spain)	f37d6534	102	Crusaders of Might and Magic (USA)
Crusaders of Might and Magic (USA)	b3e2eb3a	100	Crusaders of Might and Magic (USA)
Crypt Killer (Europe)	9c534b60	102	Crypt Killer (USA)
Crypt Killer (USA)	a049239f	84	Crypt Killer (USA)
Cu-On-Pa (Japan)	fcf44639	3867	Cu-On-Pa (Japan)
Cu-On-Pa (Japan) (Demo)	8e791f65	1634	Cu-On-Pa (Japan)
Cubix Robots for Everyone - Race 'n Robots (Europe)	9a9be0c5	1142	Cubix Robots for Everyone - Race 'n Robots (USA)
Cubix Robots for Everyone - Race 'n Robots (USA)	2c927695	1118	Cubix Robots for Everyone - Race 'n Robots (USA)
Culdcept - Cepter's Guild Vol. 1 (Japan)	bb4e342e	106	Culdcept - Expansion (Japan)
Culdcept - Cepter's Guild Vol. 2 (Japan)	1f30b6eb	106	Culdcept - Expansion (Japan)
Culdcept - Expansion (Japan)	24fde386	94	Culdcept - Expansion (Japan)
Culdcept - Expansion Plus (Japan)	fddfa7d4	99	Culdcept - Expansion Plus (Japan)
Curiosity Kills the Cat Koukishin wa Neko o Korosu ka (Japan)	4536df40	292	Curiosity Kills the Cat Koukishin wa Neko o Korosu ka (Japan)
Cyber Daisenryaku - Shutsugeki! Haruka-tai (Japan)	656b3e19	702	Cyber Daisenryaku - Shutsugeki! Haruka-tai (Japan)
Cyber Egg - Battle Champion (Japan)	cb6bf973	2322	Cyber Egg - Battle Champion (Japan)
Cyber Org (Japan)	d3561248	83	Cyber Org (Japan)
CyberSled (Europe)	ccd93853	5406	CyberSled (USA)
CyberSled (Japan)	8f902c5c	5358	CyberSled (USA)
CyberSled (USA)	7d9f8471	5262	CyberSled (USA)
CyberSpeed (Europe) (En,Fr,De)	bedf7945	1607	CyberSpeed (USA)
CyberSpeed (Japan)	20eee872	1451	CyberSpeed (USA)
CyberSpeed (Japan) (Demo)	d0dabeb8	1542	CyberSpeed (USA)
CyberSpeed (USA)	35c6cf3e	1425	CyberSpeed (USA)
CyberSpeed (USA) (Rev 1)	8dd14b4c	1529	CyberSpeed (USA)
CyberTiger (Australia)	1b5abf81	88	CyberTiger (USA)
CyberTiger (Europe) (En,Fr,De,Es,Sv)	a4e93088	102	CyberTiger (USA)
CyberTiger (USA)	99579307	82	CyberTiger (USA)
Cyberbots - Fullmetal Madness (Japan)	58e4fb34	103	Cyberbots - Fullmetal Madness (Japan)
Cyberia (Europe)	1a266a5b	82	Cyberia (USA)
Cyberia (Europe) (Fr,De)	31944688	90	Cyberia (USA)
Cyberia (Japan)	34b58120	81	Cyberia (USA)
Cyberia (USA)	99342951	79	Cyberia (USA)
Cybernetic Empire (Japan) (Disc 1)	d37a798d	238	Cybernetic Empire (Japan) (Disc 1)
Cybernetic Empire (Japan) (Disc 2)	bacba054	100	Cybernetic Empire (Japan) (Disc 1)
Cyberwar (Japan) (Disc 1)	bf1fb440	220	Cyberwar (Japan) (Disc 1)
Cyberwar (Japan) (Disc 2)	fac75745	220	Cyberwar (Japan) (Disc 1)
Cyberwar (Japan) (Disc 3)	c670f646	220	Cyberwar (Japan) (Disc 1)
D (Europe) (Disc 1)	de1a70b0	321	D (USA) (Disc 1)
D (Europe) (Disc 2)	c290ed8d	208	D (USA) (Disc 1)
D (Europe) (Disc 3)	cc0a129d	321	D (USA) (Disc 1)
D (France) (Disc 1)	946f6cc8	321	D (USA) (Disc 1)
D (France) (Disc 2)	4824e5b7	208	D (USA) (Disc 1)
D (France) (Disc 3)	867f0ee5	321	D (USA) (Disc 1)
D (Germany) (Disc 1)	277d0ad9	210	D (USA) (Disc 1)
D (Germany) (Disc 2)	e57aa87b	210	D (USA) (Disc 1)
D (Germany) (Disc 3)	a487c9e5	210	D (USA) (Disc 1)
D (USA) (Disc 1)	e6e61d93	312	D (USA) (Disc 1)
D (USA) (Disc 2)	4ab32185	202	D (USA) (Disc 1)
D (USA) (Disc 3)	cf89ce6d	312	D (USA) (Disc 1)
D no Shokutaku - Complete Graphics (Japan) (Disc 1)	58eb0c49	272	D no Shokutaku - Complete Graphics (Japan) (Disc 1)
D no Shokutaku - Complete Graphics (Japan) (Disc 2)	a2908416	272	D no Shokutaku - Complete Graphics (Japan) (Disc 1)
D no Shokutaku - Complete Graphics (Japan) (Disc 3)	f4b9fc23	272	D no Shokutaku - Complete Graphics (Japan) (Disc 1)
DBZ - Dead Ball Zone (Europe) (En,Fr,De,Es,It)	b4c63a1f	112	DBZ - Dead Ball Zone (USA) (En,Fr,De,Es,It)
DBZ - Dead Ball Zone (Europe) (En,Fr,De,Es,It) (Beta) (1998-04-03)	f29cd382	132	DBZ - Dead Ball Zone (USA) (En,Fr,De,Es,It)
DBZ - Dead Ball Zone (USA) (En,Fr,De,Es,It)	1aec843a	109	DBZ - Dead Ball Zone (USA) (En,Fr,De,Es,It)
DSF Fussball Manager 2001 (Germany)	f318f4b1	627	DSF Fussball Manager 2001 (Germany)
DSF Fussball Manager 2002 (Germany)	68c33ee7	627	DSF Fussball Manager 2002 (Germany)
DX Hyakunin Isshu (Japan)	b4327f70	91	DX Hyakunin Isshu (Japan)
DX Monopoly (Japan)	fef06bb2	85	DX Monopoly (Japan)
DX Nippon Tokkyuu Ryokou Game - Let's Travel in Japan (Japan)	e1b5a1e3	127	DX Nippon Tokkyuu Ryokou Game - Let's Travel in Japan (Japan)
DX Nippon Tokkyuu Ryokou Game - Let's Travel in Japan (Japan) (Rev 1)	74a99fe3	135	DX Nippon Tokkyuu Ryokou Game - Let's Travel in Japan (Japan)
DX Okuman Chouja Game - The Money Battle (Japan)	6afb7d3a	114	DX Okuman Chouja Game - The Money Battle (Japan)
DX Okuman Chouja Game II - The Money Battle (Japan)	6b2255b7	117	DX Okuman Chouja Game II - The Money Battle (Japan)
DX Shachou Game (Japan)	d838a4a8	89	DX Shachou Game (Japan)
Dai-2-ji Super Robot Taisen (Japan)	768559ff	240	Dai-2-ji Super Robot Taisen (Japan)
Dai-2-kai! Quiz Darake no Jinsei Game (Japan)	c3d3d97b	111	Dai-2-kai! Quiz Darake no Jinsei Game (Japan)
Dai-3-ji Super Robot Taisen (Japan)	65173411	240	Dai-3-ji Super Robot Taisen (Japan)
Dai-4-ji Super Robot Taisen S (Japan)	d0d1355d	375	Dai-4-ji Super Robot Taisen S (Japan)
Dai-4-ji Super Robot Taisen S (Japan) (Rev 1)	dc1b16b9	399	Dai-4-ji Super Robot Taisen S (Japan)
Daibouken Deluxe - Haruka naru Umi (Japan)	5c6ac6d9	108	Daibouken Deluxe - Haruka naru Umi (Japan)
Daikoukai Jidai Gaiden (Japan)	05dbbeae	96	Daikoukai Jidai Gaiden (Japan)
Daikoukai Jidai Gaiden (Japan) (Rev 1)	b80dabcd	104	Daikoukai Jidai Gaiden (Japan)
Daikoukai Jidai II (Japan)	5d464458	222	Daikoukai Jidai II (Japan)
Daikoukai Jidai IV - Porto Estado (Japan)	bf7ad63b	107	Daikoukai Jidai IV - Porto Estado (Japan)
Daikoukai Jidai IV - Porto Estado (Japan) (Koei the Best)	64007e1f	123	Daikoukai Jidai IV - Porto Estado (Japan)
Daikoukai Jidai IV - Porto Estado (Japan) (Shokai Genteiban)	e18c6910	126	Daikoukai Jidai IV - Porto Estado (Japan)
Daiobake Yashiki - Hamamura Jun no Jitsuwa Kaidan (Japan)	b40c94fe	123	Daiobake Yashiki - Hamamura Jun no Jitsuwa Kaidan (Japan)
Daiobake Yashiki - Hamamura Jun no Jitsuwa Kaidan (Japan) (Demo)	06f60e63	130	Daiobake Yashiki - Hamamura Jun no Jitsuwa Kaidan (Japan)
Daisenryaku - Master Combat (Japan)	269f194e	101	Daisenryaku - Master Combat (Japan)
Daisenryaku - Player's Spirit (Japan)	2b1d37de	103	Daisenryaku - Player's Spirit (Japan)
Daisenryaku - Player's Spirit (Japan) (Rev 1)	b093f9b0	111	Daisenryaku - Player's Spirit (Japan)
Dakar '97 (Japan)	72d620d0	981	Dakar '97 (Japan)
Dalmatians 2 (Europe) (En,Fr,De)	cc860efe	98	Dalmatians 2 (Europe) (En,Fr,De)
Dalmatians, The (Europe) (En,Fr,De,Nl)	2806a75f	104	Dalmatians, The (Europe) (En,Fr,De,Nl)
DamDam Stompland (Japan)	e458b7d8	2600	DamDam Stompland (Japan)
DamDam Stompland (Japan) (Demo)	98372eb6	2754	DamDam Stompland (Japan)
Dance Dance Revolution (Japan)	2f0390c6	5582	Dance Dance Revolution (USA)
Dance Dance Revolution (USA)	023689a9	109	Dance Dance Revolution (USA)
Dance Dance Revolution - Best Hits (Japan)	016e0abc	108	Dance Dance Revolution - Best Hits (Japan)
Dance Dance Revolution - Disney Mix (USA)	15567e18	107	Dance Dance Revolution - Disney Mix (USA)
Dance Dance Revolution - Disney's Rave (Japan)	960e2a3f	127	Dance Dance Revolution - Disney's Rave (Japan)
Dance Dance Revolution - Extra Mix (Japan)	1be06666	123	Dance Dance Revolution - Extra Mix (Japan)
Dance Dance Revolution 2nd Remix (Japan)	2b0dc77f	5382	Dance Dance Revolution 2nd Remix (Japan)
Dance Dance Revolution 2nd Remix - Append Club Version Vol. 1 (Japan, Asia)	20109717	5162	Dance Dance Revolution 2nd Remix - Append Club Version Vol. 1 (Japan, Asia)
Dance Dance Revolution 2nd Remix - Append Club Version Vol. 2 (Japan)	367a310f	4815	Dance Dance Revolution 2nd Remix - Append Club Version Vol. 2 (Japan)
Dance Dance Revolution 3rd Mix (Japan)	f0ec8e00	104	Dance Dance Revolution 3rd Mix (Japan)
Dance Dance Revolution 4th Mix (Japan)	cb2f7547	276	Dance Dance Revolution 4th Mix (Japan)
Dance Dance Revolution 5th Mix (Japan)	ff9c7d3e	119	Dance Dance Revolution 5th Mix (Japan)
Dance Dance Revolution Konamix (USA)	a31e81a3	117	Dance Dance Revolution Konamix (USA)
Dance Europe (Europe) (Fr,De,Es,It,Nl,Pt)	2a74c9c9	107	Dance Europe (Europe) (Fr,De,Es,It,Nl,Pt)
Dance! Dance! Dance! (Japan)	48fd86a8	94	Dance! Dance! Dance! (Japan)
Dance! Dance! Dance! (Japan) (Demo)	b109a18c	101	Dance! Dance! Dance! (Japan)
Dance-UK (UK)	05039dd1	79	Dance Europe (Europe) (Fr,De,Es,It,Nl,Pt)
Dance-UK eXtra Trax (UK)	4cda0e51	90	Dance-UK eXtra Trax (UK)
Dancing Blade Katte ni Momotenshi II - Tears of Eden (Japan) (Disc 1)	15bc999a	135	Dancing Blade Katte ni Momotenshi II - Tears of Eden (Japan) (Disc 1)
Dancing Blade Katte ni Momotenshi II - Tears of Eden (Japan) (Disc 2)	14e1bf4b	135	Dancing Blade Katte ni Momotenshi II - Tears of Eden (Japan) (Disc 1)
Dancing Blade Katte ni Momotenshi II - Tears of Eden (Japan) (Disc 3)	a2fa5f3b	135	Dancing Blade Katte ni Momotenshi II - Tears of Eden (Japan) (Disc 1)
Dancing Blade Katte ni Momotenshi! (Japan) (Disc 1)	5cc7b0c6	117	Dancing Blade Katte ni Momotenshi! (Japan) (Disc 1)
Dancing Blade Katte ni Momotenshi! (Japan) (Disc 2)	5d9a9617	117	Dancing Blade Katte ni Momotenshi! (Japan) (Disc 1)
Dancing Blade Katte ni Momotenshi! (Japan) (Disc 3)	eb817667	117	Dancing Blade Katte ni Momotenshi! (Japan) (Disc 1)
Dancing Stage - Disney Mix (Europe)	545069a6	101	Dancing Stage - Disney Mix (Europe)
Dancing Stage - Euromix (Europe)	0c93b285	98	Dancing Stage - Euromix (Europe)
Dancing Stage - Euromix (Europe) (Beta) (2000-09-05)	ae3bca9f	133	Dancing Stage - Euromix (Europe)
Dancing Stage - Party Edition (Europe)	c02721c6	119	Dancing Stage - Party Edition (Europe)
Dancing Stage Fever (Europe)	84465b47	109	Dancing Stage Fever (Europe)
Dancing Stage Fusion (Europe) (En,Fr,De,Es,It)	7c9023bf	127	Dancing Stage Fusion (Europe) (En,Fr,De,Es,It)
Dancing Stage featuring Dreams Come True (Japan)	fb6c8dda	129	Dancing Stage featuring Dreams Come True (Japan)
Dancing Stage featuring True Kiss Destination (Japan)	279f4a74	2101	Dancing Stage featuring True Kiss Destination (Japan)
Dangan (Japan)	73010b23	80	Dangan (Japan)
Danger Girl (Europe)	aeba8309	86	Danger Girl (USA)
Danger Girl (USA)	4070fa03	83	Danger Girl (USA)
Dare Devil Derby 3D (Japan)	973191ba	3276	Dare Devil Derby 3D (USA)
Dare Devil Derby 3D (USA)	adc51f87	3222	Dare Devil Derby 3D (USA)
Darius Gaiden (Japan)	16147c9d	1838	Darius Gaiden (Japan)
Darius Gaiden (Japan) (Demo)	31a0385b	1950	Darius Gaiden (Japan)
Dark Hunter Ge - Youma no Mori (Japan)	6f2cf32d	104	Dark Hunter Ge - Youma no Mori (Japan)
Dark Hunter Jou - Ijigen Gakuen (Japan) (En,Ja)	10443d7f	113	Dark Hunter Jou - Ijigen Gakuen (Japan) (En,Ja)
Dark Messiah (Japan)	188ea62f	86	Dark Messiah (Japan)
Dark Seed II (Japan)	c588daa2	86	Dark Seed II (Japan)
Dark Tales - From the Lost Soul (Japan)	bc5697cb	248	Dark Tales - From the Lost Soul (Japan)
Darklight Conflict (Europe) (En,Fr,De,Es,It,Sv)	05906cce	264	Darklight Conflict (USA) (En,Fr,De,Es,It,Sv)
Darklight Conflict (USA) (En,Fr,De,Es,It,Sv)	8b8a2270	258	Darklight Conflict (USA) (En,Fr,De,Es,It,Sv)
Darkseed (Japan)	362cf7d6	82	Darkseed (Japan)
Darkstalkers - The Night Warriors (Europe)	6d07743d	6284	Darkstalkers - The Night Warriors (USA)
Darkstalkers - The Night Warriors (USA)	fa4c9ca1	6146	Darkstalkers - The Night Warriors (USA)
Darkstalkers 3 (Europe)	ba3a2766	89	Darkstalkers 3 (USA)
Darkstalkers 3 (USA)	1f1f57ac	86	Darkstalkers 3 (USA)
Darkstone (Australia)	0adc41a5	2302	Darkstone (USA)
Darkstone (Europe) (En,Fr,De,Es,It)	2ee0e40f	2582	Darkstone (USA)
Darkstone (USA)	bd6539b3	2182	Darkstone (USA)
Dave Mirra Freestyle BMX (Europe)	abbc6a6b	236	Dave Mirra Freestyle BMX (USA)
Dave Mirra Freestyle BMX (Europe) (Demo)	0bb8f668	250	Dave Mirra Freestyle BMX (USA)
Dave Mirra Freestyle BMX (Europe) (En,Fr,De)	55ff6775	258	Dave Mirra Freestyle BMX (USA)
Dave Mirra Freestyle BMX (Japan)	c13185a3	234	Dave Mirra Freestyle BMX (USA)
Dave Mirra Freestyle BMX (USA)	44bc8ad6	230	Dave Mirra Freestyle BMX (USA)
Dave Mirra Freestyle BMX (USA) (Beta) (2000-08-21)	570930a4	116	Dave Mirra Freestyle BMX (USA)
Dave Mirra Freestyle BMX (USA) (Rev 1)	9a168caf	246	Dave Mirra Freestyle BMX (USA)
Dave Mirra Freestyle BMX (USA) (Trade Demo)	50870497	256	Dave Mirra Freestyle BMX (USA)
Dave Mirra Freestyle BMX - Maximum Remix (Europe)	9572e0c0	268	Dave Mirra Freestyle BMX - Maximum Remix (USA)
Dave Mirra Freestyle BMX - Maximum Remix (USA)	094cc709	262	Dave Mirra Freestyle BMX - Maximum Remix (USA)
David Beckham Soccer (Europe)	1843b924	95	David Beckham Soccer (USA)
David Beckham Soccer (Europe) (Fr,De,Es,It)	d28bd967	109	David Beckham Soccer (USA)
David Beckham Soccer (USA)	d335e9ae	92	David Beckham Soccer (USA)
Davis Cup Complete Tennis (Europe)	5dfb263e	1134	Davis Cup Complete Tennis (Europe)
De Sang Froid (France) (Disc 1)	446b70bf	97	De Sang Froid (France) (Disc 1)
De Sang Froid (France) (Disc 2)	4536566e	97	De Sang Froid (France) (Disc 1)
Dead in the Water (USA)	16997ce0	1280	Dead in the Water (USA)
Dead or Alive (Europe)	c6858d5c	3375	Dead or Alive (USA)
Dead or Alive (Europe) (Beta) (1998-04-22)	37119218	3311	Dead or Alive (USA)
Dead or Alive (Japan, Asia)	26c83e22	3520	Dead or Alive (USA)
Dead or Alive (UK) (Demo)	d0f823d4	934	Dead or Alive (USA)
Dead or Alive (USA)	5984580d	3288	Dead or Alive (USA)
Dead or Alive (USA) (Beta) (1998-01-09)	51194615	4112	Dead or Alive (USA)
Dead or Alive (USA) (Beta) (1998-02-20)	72b485b4	3224	Dead or Alive (USA)
Dead or Alive (USA) (En,Ja) (Trade Demo)	80fd8fa6	3762	Dead or Alive (USA)
Deadheat Road (Japan)	c2d32087	1142	Deadheat Road (Japan)
Deadly Skies (Japan)	21b286e9	1592	Deadly Skies (Japan)
Death Wing (Japan)	45b6d0bd	1451	Death Wing (Japan)
DeathMask (Japan) (Disc 1)	2705a898	92	DeathMask (Japan) (Disc 1)
DeathMask (Japan) (Disc 2)	26588e49	92	DeathMask (Japan) (Disc 1)
DeathMask (Japan) (Disc 3)	90436e39	92	DeathMask (Japan) (Disc 1)
Debut 21 (Japan)	51bea6f8	82	Debut 21 (Japan)
Deception III - Dark Delusion (USA)	3578a652	101	Deception III - Dark Delusion (USA)
Deep Freeze (Japan)	d31bdbfd	773	Deep Freeze (Japan)
Deep Sea Adventure - Kaitei-kyuu Pantarassa no Nazo (Japan) (Demo)	2885c31f	3202	Deep Sea Adventure - Kaitei-kyuu Pantarassa no Nazo (Japan) (Disc 1)
Deep Sea Adventure - Kaitei-kyuu Pantarassa no Nazo (Japan) (Disc 1)	bb4d3529	3242	Deep Sea Adventure - Kaitei-kyuu Pantarassa no Nazo (Japan) (Disc 1)
Deep Sea Adventure - Kaitei-kyuu Pantarassa no Nazo (Japan) (Disc 2)	a5dd7663	3242	Deep Sea Adventure - Kaitei-kyuu Pantarassa no Nazo (Japan) (Disc 1)
Deep, The - Ushinawareta Shinkai (Japan)	d08253a9	106	Deep, The - Ushinawareta Shinkai (Japan)
Deep, The - Ushinawareta Shinkai (Japan) (Global Game Selection 2000)	76b54cf3	135	Deep, The - Ushinawareta Shinkai (Japan)
Defcon 5 (Europe)	ddfcc66d	315	Defcon 5 - Peace Has a Price... (USA)
Defcon 5 (France)	1544b8b7	315	Defcon 5 - Peace Has a Price... (USA)
Defcon 5 (Germany)	e855e4cb	318	Defcon 5 - Peace Has a Price... (USA)
Defcon 5 (Italy)	4b549221	312	Defcon 5 - Peace Has a Price... (USA)
Defcon 5 (Japan)	fb937459	312	Defcon 5 - Peace Has a Price... (USA)
Defcon 5 (Spain)	f228f143	312	Defcon 5 - Peace Has a Price... (USA)
Defcon 5 - Peace Has a Price... (USA)	3d65fd6e	375	Defcon 5 - Peace Has a Price... (USA)
Defeat Lightning (Japan)	bfab9043	2957	Future Racer (Europe)
Defi au Tetris Magique (France)	d13ed4e3	232	Defi au Tetris Magique (France)
Deka Yonku - Tough the Truck (Japan)	6aa40651	1022	Deka Yonku - Tough the Truck (Japan)
Dekiru! Game Center (Japan)	a13e67a6	224	Dekiru! Game Center (Japan)
Delta Force Urban Warfare (Europe) (En,Fr,De,Es,It)	e7dd5c16	117	Delta Force Urban Warfare (USA) (En,Fr,Es)
Delta Force Urban Warfare (France)	b7390bc3	100	Delta Force Urban Warfare (USA) (En,Fr,Es)
Delta Force Urban Warfare (Germany)	66258498	101	Delta Force Urban Warfare (USA) (En,Fr,Es)
Delta Force Urban Warfare (USA) (En,Fr,Es)	67a6c8c6	108	Delta Force Urban Warfare (USA) (En,Fr,Es)
Demolition Racer (Europe) (En,Fr,De,Es,It)	a3de0bcb	108	Demolition Racer (USA)
Demolition Racer (USA)	925e9d02	88	Demolition Racer (USA)
Dengeki Construction - Ochigee Yarou ze! (Japan)	83847ff4	1412	Dengeki Construction - Ochigee Yarou ze! (Japan)
Denkou Sekka Micro Runner - Maniac Hakase no Hisaku (Japan)	eb343d5f	288	Denkou Sekka Micro Runner - Maniac Hakase no Hisaku (Japan)
Denpa Shounen-teki Game (Japan)	9e05c0d0	97	Denpa Shounen-teki Game (Japan)
Densetsu no Ogre Battle (Japan)	0263fc4e	607	Ogre Battle - Limited Edition (USA)
Densetsu-juu no Ana - Monster Complete World Ver. 2 (Japan)	b154db9a	125	Densetsu-juu no Ana - Monster Complete World Ver. 2 (Japan)
Densha Daisuki - Plarail ga Ippai (Japan)	910db602	107	Densha Daisuki - Plarail ga Ippai (Japan)
Densha de Go! (Japan)	750db9ad	87	Densha de Go! (Japan)
Densha de Go! (Japan) (Demo)	5c684b72	94	Densha de Go! (Japan)
Densha de Go! (Japan) (PlayStation the Best)	5f2f122a	110	Densha de Go! (Japan)
Densha de Go! 2 (Japan)	38489fe4	450	Densha de Go! 2 (Japan)
Densha de Go! 2 (Japan) (Demo 1)	891d0f2f	360	Densha de Go! 2 (Japan)
Densha de Go! 2 (Japan) (Demo 2)	2569b1ec	486	Densha de Go! 2 (Japan)
Densha de Go! 2 (Japan) (Rev 1)	32c8fd5d	482	Densha de Go! 2 (Japan)
Densha de Go! Nagoya Tetsudou-hen (Japan)	de7be0b9	107	Densha de Go! Nagoya Tetsudou-hen (Japan)
Densha de Go! Nagoya Tetsudou-hen (Japan) (Demo)	088021fb	114	Densha de Go! Nagoya Tetsudou-hen (Japan)
Densha de Go! Professional Shiyou (Japan)	ae5852d0	107	Densha de Go! Professional Shiyou (Japan)
Densha de Go! Professional Shiyou (Japan) (Demo)	acf26ffb	114	Densha de Go! Professional Shiyou (Japan)
Depth (Japan)	f6fbea4b	79	Fluid (Europe)
Depth (Japan) (Demo)	8e9a1e2e	86	Fluid (Europe)
Derby Jockey 2001 (Japan)	0c588e69	220	Derby Jockey 2001 (Japan)
Derby Jockey R (Japan)	20ebd8ad	88	Derby Jockey R (Japan)
Deroon Dero Dero (Japan)	095b6be3	1410	Deroon Dero Dero (Japan)
Descent (Europe)	19f8ffee	82	Descent (USA)
Descent (Japan)	5cc238a2	81	Descent (USA)
Descent (USA)	9902a43f	79	Descent (USA)
Descent II (Europe)	6db2df31	85	Descent II (Europe)
Descent Maximum (USA)	b3f4405c	87	Descent Maximum (USA)
Deserted Island (Japan)	682a083c	89	Deserted Island (Japan)
Destrega (Europe)	b8cd0d9d	83	Destrega (USA)
Destrega (France)	9ec5bc98	83	Destrega (USA)
Destrega (Germany)	9ab5f053	84	Destrega (USA)
Destrega (Italy)	d14c1be9	82	Destrega (USA)
Destrega (Japan)	b8a33503	82	Destrega (USA)
Destrega (Japan) (Demo)	69be20ce	89	Destrega (USA)
Destrega (Spain)	8c08ea31	82	Destrega (USA)
Destrega (USA)	ebdfc9e9	80	Destrega (USA)
Destruction Derby (Europe)	c4938da9	2402	Destruction Derby (USA)
Destruction Derby (Japan)	b5721a66	2502	Destruction Derby (USA)
Destruction Derby (USA)	e9b63af3	2342	Destruction Derby (USA)
Destruction Derby 2 (Europe)	6da31fd9	2319	Destruction Derby 2 (USA, Canada)
Destruction Derby 2 (Japan, Asia)	3cb84a41	2414	Destruction Derby 2 (USA, Canada)
Destruction Derby 2 (USA, Canada)	9710f62f	2414	Destruction Derby 2 (USA, Canada)
Destruction Derby Raw (Europe) (En,Fr,De,Es,It)	da1b9fa1	1828	Destruction Derby Raw (USA)
Destruction Derby Raw (USA)	b2e0a9bd	1568	Destruction Derby Raw (USA)
Destruction Derby Raw (USA) (Demo)	74f2564c	366	Destruction Derby Raw (USA)
Destructo 2 (Europe)	9202abaf	86	Destructo 2 (Europe)
Detana Twinbee Yahoo! Deluxe Pack (Japan)	b370ff1d	122	Detana Twinbee Yahoo! Deluxe Pack (Japan)
Detective Barbie - The Mystery Cruise (Europe)	f5d08d67	112	Detective Barbie - The Mystery Cruise (USA)
Detective Barbie - The Mystery Cruise (USA)	5cc55f2c	109	Detective Barbie - The Mystery Cruise (USA)
Detective Mouse (Europe) (En,Fr,De)	59cda9ea	101	Detective Mouse (Europe) (En,Fr,De)
Deuce (USA) (Proto) (2000-07-24)	49908abb	98	Deuce (USA) (Proto) (2000-07-24)
Devicereign (Japan)	0e4c37e5	208	Devicereign (Japan)
Devil Dice (Europe) (En,Fr,De,Es,It)	d4e739be	1554	Devil Dice (USA)
Devil Dice (Europe) (En,Fr,De,Es,It) (Beta) (1998-10-19)	b0e8943f	1794	Devil Dice (USA)
Devil Dice (USA)	5e08ca1c	1314	Devil Dice (USA)
Devil Man (Japan)	f7068f71	204	Devil Man (Japan)
Devil Summoner - Soul Hackers (Japan) (Disc 1)	552b756d	112	Devil Summoner - Soul Hackers (Japan) (Disc 1)
Devil Summoner - Soul Hackers (Japan) (Disc 2)	547653bc	112	Devil Summoner - Soul Hackers (Japan) (Disc 1)
Devil's Deception (Europe) (En,Fr,De)	acbac94b	375	Devil's Deception (Europe) (En,Fr,De)
DewPrism (Japan, Asia)	9a2e3aca	88	DewPrism (Japan, Asia)
Dexter's Laboratory - Mandark's Lab (Europe)	3447584e	396	Dexter's Laboratory - Mandark's Lab (USA)
Dexter's Laboratory - Mandark's Lab (Europe) (Fr,De)	d42971c5	420	Dexter's Laboratory - Mandark's Lab (USA)
Dexter's Laboratory - Mandark's Lab (USA)	7df47631	387	Dexter's Laboratory - Mandark's Lab (USA)
Dezaemon Kids! (Japan)	62a9e356	88	Dezaemon Kids! (Japan)
Dezaemon Plus (Japan)	caa5b703	212	Dezaemon Plus (Japan)
Dezaemon Plus Select 100 (Japan) (Rev 1)	fd8907f5	106	Dezaemon Plus (Japan)
Diablo (Europe) (En,Fr,De,Sv)	455114ef	95	Diablo (USA) (En,Fr,De,Sv)
Diablo (Japan)	bc6c08f5	80	Diablo (USA) (En,Fr,De,Sv)
Diablo (USA) (En,Fr,De,Sv)	b939e7ee	92	Diablo (USA) (En,Fr,De,Sv)
Dice de Chocobo (Japan)	61dca31d	89	Dice de Chocobo (Japan)
Die Hard Trilogy (Europe) (En,Fr,De,Es,It,Sv)	6e07d9d0	3062	Die Hard Trilogy (USA)
Die Hard Trilogy (Japan)	6dad1e19	2600	Die Hard Trilogy (USA)
Die Hard Trilogy (USA)	03b5f75f	2439	Die Hard Trilogy (USA)
Die Hard Trilogy (USA) (Rev 1)	cefd5e11	2607	Die Hard Trilogy (USA)
Die Hard Trilogy 2 - Viva Las Vegas (Europe)	affe7923	110	Die Hard Trilogy 2 - Viva Las Vegas (USA)
Die Hard Trilogy 2 - Viva Las Vegas (France)	89f6c826	110	Die Hard Trilogy 2 - Viva Las Vegas (USA)
Die Hard Trilogy 2 - Viva Las Vegas (Germany)	b67b5dac	111	Die Hard Trilogy 2 - Viva Las Vegas (USA)
Die Hard Trilogy 2 - Viva Las Vegas (Italy)	5586e677	109	Die Hard Trilogy 2 - Viva Las Vegas (USA)
Die Hard Trilogy 2 - Viva Las Vegas (USA)	e64d406a	107	Die Hard Trilogy 2 - Viva Las Vegas (USA)
DigiCro - Digital Number Crossword (Japan)	55b93c56	1070	DigiCro - Digital Number Crossword (Japan)
Digical League (Japan)	a6e3d96e	214	Digical League (Japan)
Digimon - Digital Card Battle (USA)	5175b2bb	101	Digimon - Digital Card Battle (USA)
Digimon Digital Card Battle (Europe)	2766be18	102	Digimon Digital Card Battle (Europe)
Digimon Rumble Arena (Europe) (En,Fr,De,Es,It)	6017f18c	112	Digimon Rumble Arena (USA)
Digimon Rumble Arena (USA)	6c73bd45	92	Digimon Rumble Arena (USA)
Digimon World (Europe)	f0761a77	88	Digimon World (USA)
Digimon World (France)	d67eab72	88	Digimon World (USA)
Digimon World (Germany)	da224022	89	Digimon World (USA)
Digimon World (Italy)	d86dba4e	87	Digimon World (USA)
Digimon World (Spain)	85294b96	87	Digimon World (USA)
Digimon World (USA)	d48a4de2	85	Digimon World (USA)
Digimon World 2 (USA)	a881e689	87	Digimon World 2 (USA)
Digimon World 2003 (Europe) (En,Fr,De,Es,It)	d1f8c7ea	110	Digimon World 2003 (Europe) (En,Fr,De,Es,It)
Digimon World 3 (USA)	25c002d1	87	Digimon World 3 (USA)
DigimonTamers - Battle Evolution (Japan)	69b46975	106	DigimonTamers - Battle Evolution (Japan)
DigimonTamers - PocketCulumon (Japan)	c67b5809	244	DigimonTamers - PocketCulumon (Japan)
DigimonWorld (Japan)	8d238129	86	DigimonWorld (Japan)
DigimonWorld (Japan) (Rev 1)	c78f9292	94	DigimonWorld (Japan)
DigimonWorld - Digital Card Arena (Japan)	42350620	107	DigimonWorld - Digital Card Arena (Japan)
DigimonWorld - Digital Card Battle (Japan)	b82aa49a	108	DigimonWorld - Digital Card Battle (Japan)
DigimonWorld 2 (Japan)	957f1eef	88	DigimonWorld 2 (Japan)
DigimonWorld 3 - Aratanaru Bouken no Tobira (Japan)	2a31a295	117	DigimonWorld 3 - Aratanaru Bouken no Tobira (Japan)
Digital Ehon Vol. 1 - Imadoki no Momotarou (Japan)	2b18b979	116	Digital Ehon Vol. 1 - Imadoki no Momotarou (Japan)
Digital Ehon Vol. 2 - Imadoki no Kaguya-hime (Japan)	44b5e822	118	Digital Ehon Vol. 2 - Imadoki no Kaguya-hime (Japan)
Digital Ehon Vol. 3 - Imadoki no Saru Kani (Japan)	c712d75c	116	Digital Ehon Vol. 1 - Imadoki no Momotarou (Japan)
Digital Ehon Vol. 4 - Imadoki no Hanasaka Jiisan (Japan)	3a5880a4	122	Digital Ehon Vol. 4 - Imadoki no Hanasaka Jiisan (Japan)
Digital Ehon Vol. 5 - Imadoki no Urashima-tarou (Japan)	d4b66d13	121	Digital Ehon Vol. 5 - Imadoki no Urashima-tarou (Japan)
Digital Figure Iina (Japan)	e82d416d	93	Digital Figure Iina (Japan)
Digital Glider Airman (Japan)	0b0295c9	95	Digital Glider Airman (Japan)
Dino Crisis (Europe)	f3ec9bc5	210	Dino Crisis (USA)
Dino Crisis (Europe) (Demo)	cf795827	224	Dino Crisis (USA)
Dino Crisis (France)	9540a9d6	210	Dino Crisis (USA)
Dino Crisis (Germany)	d2a10808	212	Dino Crisis (USA)
Dino Crisis (Italy)	f59f1e0f	208	Dino Crisis (USA)
Dino Crisis (Japan)	90e7a18d	208	Dino Crisis (USA)
Dino Crisis (Spain)	c22a92c7	208	Dino Crisis (USA)
Dino Crisis (USA)	d300424f	204	Dino Crisis (USA)
Dino Crisis (USA) (Demo)	af5ede50	90	Dino Crisis (USA)
Dino Crisis (USA) (Rev 1)	0cd4a32e	220	Dino Crisis (USA)
Dino Crisis 2 (Europe)	d56e79a0	214	Dino Crisis 2 (USA)
Dino Crisis 2 (France)	f97e060d	214	Dino Crisis 2 (USA)
Dino Crisis 2 (Germany)	a75655bb	216	Dino Crisis 2 (USA)
Dino Crisis 2 (Italy)	2eb7a331	212	Dino Crisis 2 (USA)
Dino Crisis 2 (Japan)	7c1b5a4a	212	Dino Crisis 2 (USA)
Dino Crisis 2 (Japan) (Demo)	e4322e06	226	Dino Crisis 2 (USA)
Dino Crisis 2 (Spain)	3432c9e8	212	Dino Crisis 2 (USA)
Dino Crisis 2 (USA)	9a29d877	208	Dino Crisis 2 (USA)
Dino Crisis 2 (USA) (En,Ja) (Demo)	284622a2	238	Dino Crisis 2 (USA)
Dinomaster Party (Europe) (En,Fr,De,Es,It,Nl)	743fede1	1094	Dinomaster Party (Europe) (En,Fr,De,Es,It,Nl)
Dinosaurs (Europe) (En,Fr,De)	8e188fb4	95	Dinosaurs (Europe) (En,Fr,De)
Dioramos (Japan)	bacab72a	82	Dioramos (Japan)
Dioramos (Japan) (Demo)	5ec834e5	89	Dioramos (Japan)
Dirt Champ Motocross No. 1 (Japan)	826694a2	100	Dirt Champ Motocross No. 1 (Japan)
Dirt Champ Motocross No. 1 (Japan) (Demo)	e4414531	107	Dirt Champ Motocross No. 1 (Japan)
Dirt Jockey - Heavy Equipment Operator (USA)	221f1594	110	Dirt Jockey - Heavy Equipment Operator (USA)
Dirt Jockey - Heavy Equipment Operator (USA) (Beta) (2003-04-02)	019c4e51	130	Dirt Jockey - Heavy Equipment Operator (USA)
Disc Derby - Meiba o Tsukurou!! (Japan)	a6261f85	105	Disc Derby - Meiba o Tsukurou!! (Japan)
Discworld (Japan)	228a6cf8	83	Discworld (Japan)
Discworld II (France) (Demo)	6d6e8eb3	94	Discworld II - Mortellement Votre (France)
Discworld II - Missing Presumed...! (Europe) (En,Es,It)	50d7eeb9	280	Discworld II - Missing Presumed...! (Europe) (En,Es,It)
Discworld II - Mortality Bytes! (USA)	da61469d	244	Discworld II - Mortality Bytes! (USA)
Discworld II - Mortellement Votre (France)	4b8edf01	108	Discworld II - Mortellement Votre (France)
Discworld II - Vermutlich vermisst...! (Germany)	0855560d	114	Discworld II - Vermutlich vermisst...! (Germany)
Discworld Noir (Europe) (En,Es,It)	ad7b66ed	100	Discworld Noir (Europe) (En,Es,It)
Discworld Noir (Europe) (En,Es,It) (Demo)	6e7914e8	107	Discworld Noir (Europe) (En,Es,It)
Discworld Noir (France)	83ef6299	89	Discworld Noir (Europe) (En,Es,It)
Discworld Noir (Germany)	edafea1b	90	Discworld Noir (Europe) (En,Es,It)
Disney Action Game Disney Presenta Hercules (Italy)	16a965a4	117	Disney's Hercules Action Game (USA)
Disney Aladdin - La Revanche de Nasira (France)	f1c89cad	113	Disney Aladdin - La Revanche de Nasira (France)
Disney Aladdin - La Vendetta di Nasira (Italy)	255b60f5	112	Disney Aladdin - La Vendetta di Nasira (Italy)
Disney Aladdin - La Venganza de Nasira (Spain)	dc7b1eab	112	Disney Aladdin - La Venganza de Nasira (Spain)
Disney Atlantida - O Continente Perdido (Portugal)	e3aad549	270	Disney's Atlantis - The Lost Empire (USA, Canada)
Disney Atlantide - L'Empire Perdu (France)	97fd484b	254	Disney Atlantide - L'Empire Perdu (France)
Disney Atlantide - L'Empire Perdu (France) (Demo)	d84df670	115	Disney Atlantide - L'Empire Perdu (France)
Disney Atlantis - El Imperio Perdido (Spain)	75f8bca6	258	Disney Atlantis - El Imperio Perdido (Spain)
Disney Atlantis - L'Impero Perduto (Italy)	b52c2b79	254	Disney's Atlantis - The Lost Empire (USA, Canada)
Disney Aventuras de Peter Pan en el Pais de Nunca Jamas (Spain)	e778e73b	129	Disney Aventuras de Peter Pan en el Pais de Nunca Jamas (Spain)
Disney Dingo Une Journee de Dingue! (France)	eef81f64	110	Disney Dingo Une Journee de Dingue! (France)
Disney Dinosaure (France)	351ddee2	91	Disney Dinosaure (France)
Disney Dinosauri (Italy)	247a3911	90	Disney's Dinosaur (USA)
Disney Dinosaurio (Spain)	76613976	91	Disney Dinosaurio (Spain)
Disney El Emperador y sus Locuras (Spain)	276af438	107	Disney El Emperador y sus Locuras (Spain)
Disney El Planeta del Tesoro (Spain)	ea4e71a8	102	Disney El Planeta del Tesoro (Spain)
Disney Fais Ton Histoire! Mulan (France)	c32256e4	106	Disney Fais Ton Histoire! Mulan (France)
Disney Il Pianeta del Tesoro (Italy)	4e0dfe56	102	Disney Il Pianeta del Tesoro (Italy)
Disney Il Re Leone - La Grande Avventura di Simba (Italy)	7e41ded4	1190	Disney's The Lion King - Simba's Mighty Adventure (USA)
Disney Jeu d'Action Disney Presente Hercule (France)	dbd87a89	118	Disney Jeu d'Action Disney Presente Hercule (France)
Disney Juego de Accion Disney Presenta Hercules (Spain)	946598ba	121	Disney Juego de Accion Disney Presenta Hercules (Spain)
Disney Kuzco - L'Empereur Megalo (France)	57a5b6fc	107	Disney Kuzco - L'Empereur Megalo (France)
Disney La Petite Sirene 2 (France)	8a594ab0	100	Disney La Petite Sirene 2 (France)
Disney La Planete au Tresor (France)	594e24d3	102	Disney La Planete au Tresor (France)
Disney La Sirenetta II (Italy)	9ee4ebb4	96	Disney's The Little Mermaid II (USA)
Disney La Sirenita 2 (Spain)	3fccd65d	94	Disney La Sirenita 2 (Spain)
Disney La Super-Diver Casa de Goofy (Spain)	37b35789	109	Disney La Super-Diver Casa de Goofy (Spain)
Disney Le Follie dell'Imperatore (Italy)	1d950697	106	Disney's The Emperor's New Groove (USA)
Disney Learning - Mickey (Europe) (En,Fr,De,Es,It,Nl)	f8f5cc68	119	Disney Learning - Mickey (Europe) (En,Fr,De,Es,It,Nl)
Disney Learning - Winnie the Pooh (Europe) (En,Fr,De,It,Nl,Sv,Da)	ff381cac	131	Disney Learning - Winnie the Pooh (Europe) (En,Fr,De,It,Nl,Sv,Da)
Disney Libro Animato Creativo - Mulan (Italy)	4be6eb0e	111	Disney's Story Studio - Mulan (USA)
Disney Lilo & Stitch - Grossi Guai alle Hawaii (Italy)	15fc1977	120	Disney's Lilo & Stitch (USA)
Disney Lilo & Stitch - Ouragan sur Hawai (France)	244dffb3	115	Disney Lilo & Stitch - Ouragan sur Hawai (France)
Disney Lilo & Stitch - Sarilhos no Paraiso (Portugal)	b1de791d	119	Disney's Lilo & Stitch (USA)
Disney Lilo & Stitch en Problemas en el Paraiso (Spain)	438a916f	121	Disney Lilo & Stitch en Problemas en el Paraiso (Spain)
Disney Pato Donald - Cuac Attack (Spain)	b820e893	106	Disney Pato Donald - Cuac Attack (Spain)
Disney Peter Pan - Aventuras na Terra do Nunca (Portugal)	ea5c35af	123	Peter Pan in Disney's Return to Never Land (USA)
Disney Peter Pan - Aventures au Pays Imaginaire (France)	7a4dfbcf	122	Disney Peter Pan - Aventures au Pays Imaginaire (France)
Disney Peter Pan - L'Avventura nell'Isola che non c'e (Italy)	c81d85c1	127	Peter Pan in Disney's Return to Never Land (USA)
Disney Pippo Giochi Pazzi (Italy)	9b719f0f	99	Disney's Goofy's Fun House (USA)
Disney Pooh e Tigro! E Qui la Festa (Italy)	2eca2c9c	1500	Disney's Pooh's Party Game - In Search of the Treasure (USA)
Disney Presents Tigger's Honey Hunt (USA)	8648b6ef	107	Disney Presents Tigger's Honey Hunt (USA)
Disney Presents Tigger's Honey Hunt (USA) (Rerelease)	2c949d04	119	Disney Presents Tigger's Honey Hunt (USA)
Disney Tarzan (France)	625c33d7	214	Disney Tarzan (Italy)
Disney Tarzan (Italy)	136c2b41	212	Disney Tarzan (Italy)
Disney Tarzan (Spain)	09e94198	212	Disney Tarzan (Italy)
Disney Tigger tras un Bote de Miel (Spain)	cabd3835	108	Disney Tigger tras un Bote de Miel (Spain)
Disney Tigro e la Caccia al Miele (Italy)	d6881b0f	107	Disney Tigro e la Caccia al Miele (Italy)
Disney Ven a la Fiesta! con Winnie the Pooh (Spain)	30ead08b	1588	Disney's Pooh's Party Game - In Search of the Treasure (USA)
Disney Winnie l'Ourson - La Chasse au Miel de Tigrou (France)	4449ba98	127	Disney Winnie l'Ourson - La Chasse au Miel de Tigrou (France)
Disney le Roi Lion - La Formidable Aventure de Simba (France)	f56c3148	1222	Disney le Roi Lion - La Formidable Aventure de Simba (France)
Disney's 101 Dalmatians II - Patch's London Adventure (USA)	283e522d	5064	Disney's 101 Dalmatians II - Patch's London Adventure (USA)
Disney's 102 Dalmatians - Puppies to the Rescue (Europe)	51605d2a	122	Disney's 102 Dalmatians - Puppies to the Rescue (USA)
Disney's 102 Dalmatians - Puppies to the Rescue (Europe) (Fr,De,Es,It,Nl)	c5047445	139	Disney's 102 Dalmatians - Puppies to the Rescue (USA)
Disney's 102 Dalmatians - Puppies to the Rescue (Europe) (Rev 1)	e0aa16da	130	Disney's 102 Dalmatians - Puppies to the Rescue (USA)
Disney's 102 Dalmatians - Puppies to the Rescue (USA)	e97d3a60	119	Disney's 102 Dalmatians - Puppies to the Rescue (USA)
Disney's 102 Dalmatiner - Valpar till undsaettning (Scandinavia) (Sv,No,Da)	3acb9fb1	141	Disney's 102 Dalmatians - Puppies to the Rescue (USA)
Disney's Action Game featuring Hercules (Europe)	cfdc04f0	114	Disney's Action Game featuring Hercules (Europe)
Disney's Action Game met Hercules (Netherlands)	653ec554	113	Disney's Hercules Action Game (USA)
Disney's Action Spel med Herkules (Sweden)	c8fc5813	108	Disney's Hercules Action Game (USA)
Disney's Aladdin in Nasira's Revenge (Europe)	3bcec44f	111	Disney's Aladdin in Nasira's Revenge (USA)
Disney's Aladdin in Nasira's Revenge (USA)	31a1a757	108	Disney's Aladdin in Nasira's Revenge (USA)
Disney's Aladdin in Nasira's Wraak (Netherlands)	a4d13103	114	Disney's Aladdin in Nasira's Revenge (USA)
Disney's Atlantis - De Verzonken Stad (Netherlands)	98e285bf	272	Disney's Atlantis - The Lost Empire (USA, Canada)
Disney's Atlantis - En foersvunnen vaerld (Sweden)	70319d69	270	Disney's Atlantis - The Lost Empire (USA, Canada)
Disney's Atlantis - The Lost Empire (Australia) (Demo)	2b159315	120	Disney's Atlantis - The Lost Empire (USA, Canada)
Disney's Atlantis - The Lost Empire (Europe)	e757e1e9	258	Disney's Atlantis - The Lost Empire (USA, Canada)
Disney's Atlantis - The Lost Empire (Europe) (Beta) (2001-08-02)	1e51e57c	298	Disney's Atlantis - The Lost Empire (USA, Canada)
Disney's Atlantis - The Lost Empire (USA, Canada)	7c6a4717	268	Disney's Atlantis - The Lost Empire (USA, Canada)
Disney's Aventura Interactiva - Mulan (Spain)	f2cd42b9	111	Disney's Aventura Interactiva - Mulan (Spain)
Disney's De Kleine Zeemeermin II (Netherlands)	931a71a2	112	Disney's The Little Mermaid II (USA)
Disney's De Leeuwenkoning - Simba's Machtige Avontuur (Netherlands)	ccd546b1	1270	Disney's The Lion King - Simba's Mighty Adventure (USA)
Disney's Dinosaur (Europe) (En,Nl,Sv,No,Da,Fi)	42d1ed57	262	Disney's Dinosaur (USA)
Disney's Dinosaur (USA)	e474f908	216	Disney's Dinosaur (USA)
Disney's Dinosaurier (Germany)	c0e86a64	96	Disney's Dinosaurier (Germany)
Disney's Donald Duck - Goin' Quackers (Korea)	5e6e4439	111	Disney's Donald Duck - Goin' Quackers (USA)
Disney's Donald Duck - Goin' Quackers (USA)	2aebf971	109	Disney's Donald Duck - Goin' Quackers (USA)
Disney's Donald Duck - Quack Attack (Europe) (En,Fr,De,It)	8e1b22bc	124	Disney's Donald Duck - Quack Attack (Europe) (En,Fr,De,It)
Disney's Donald Duck - Quack Attack (Netherlands)	94beb958	115	Disney's Donald Duck - Quack Attack (Europe) (En,Fr,De,It)
Disney's Donald Duck - Quack Attack (Scandinavia) (Sv,No,Da,Fi)	70829a17	129	Disney's Donald Duck - Quack Attack (Europe) (En,Fr,De,It)
Disney's El Rey Leon - Las Aventuras del Poderoso Simba (Spain)	ecdb5c47	1238	Disney's El Rey Leon - Las Aventuras del Poderoso Simba (Spain)
Disney's Goofy's Fun House (Europe)	20f4bac9	101	Disney's Goofy's Fun House (USA)
Disney's Goofy's Fun House (Germany)	f62b5c09	102	Disney's Goofy's Fun House (USA)
Disney's Goofy's Fun House (USA)	3cf3b6ea	98	Disney's Goofy's Fun House (USA)
Disney's Hercules Action Game (USA)	38bfd578	101	Disney's Hercules Action Game (USA)
Disney's Hercules Action Game (USA) (Rerelease)	8fd38a41	113	Disney's Hercules Action Game (USA)
Disney's Keizer Kuzco (Netherlands)	2e33f91b	101	Disney's The Emperor's New Groove (USA)
Disney's Lilo & Stitch (USA)	c15a9ce1	94	Disney's Lilo & Stitch (USA)
Disney's Lilo & Stitch - Heisa op Hawai (Netherlands)	27f730a5	119	Disney's Lilo & Stitch (USA)
Disney's Lilo & Stitch - Trouble in Paradise (Europe)	c4a0b1ab	119	Disney's Lilo & Stitch - Trouble in Paradise (Europe)
Disney's Lilo & Stitch - Trouble in Paradise (Europe) (Beta) (2002-04-09)	43804563	139	Disney's Lilo & Stitch - Trouble in Paradise (Europe)
Disney's Mulan - Story Studio (Europe)	cce6e884	104	Disney's Mulan - Story Studio (Europe)
Disney's Party Time with Winnie the Pooh (Europe)	48131338	1566	Disney's Party Time with Winnie the Pooh (Europe)
Disney's Party mit Winnie Puuh (Germany)	aea6f2e2	1467	Disney's Pooh's Party Game - In Search of the Treasure (USA)
Disney's Peter Pan - Adventures in Never Land (Europe)	2cfb322e	120	Disney's Peter Pan - Adventures in Never Land (Europe)
Disney's Peter Pan - Adventures in Never Land (Europe) (Demo)	e090bad3	127	Disney's Peter Pan - Adventures in Never Land (Europe)
Disney's Peter Pan - Avonturen in Nooitgedachtland (Netherlands)	32ddef35	130	Peter Pan in Disney's Return to Never Land (USA)
Disney's Piratenplaneet - De Schat van Kapitein Flint (Netherlands)	35d9cc22	133	Disney's Treasure Planet (USA)
Disney's Pooh's Party Game - In Search of the Treasure (USA)	d67a2d65	290	Disney's Pooh's Party Game - In Search of the Treasure (USA)
Disney's Spelen met Winnie de Poeh en zijn Vriendjes! (Netherlands)	1c309911	1764	Disney's Winnie the Pooh - Preschool (USA)
Disney's Story Studio - Mulan (USA)	36819667	101	Disney's Story Studio - Mulan (USA)
Disney's Tarzan (Europe)	db15f6c4	218	Disney's Tarzan (USA)
Disney's Tarzan (Japan)	e4a0bbce	216	Disney's Tarzan (USA)
Disney's Tarzan (Netherlands)	7d550488	228	Disney's Tarzan (USA)
Disney's Tarzan (Netherlands) (EDC)	20d27d4a	240	Disney's Tarzan (USA)
Disney's Tarzan (USA)	9d2bf892	212	Disney's Tarzan (USA)
Disney's Tarzan (USA) (Rerelease)	80457b13	213	Disney's Tarzan (USA)
Disney's Teigetjes Honingjacht (Netherlands)	6105c3ac	110	Disney Presents Tigger's Honey Hunt (USA)
Disney's The Emperor's New Groove (Europe)	686837b7	108	Disney's The Emperor's New Groove (USA)
Disney's The Emperor's New Groove (USA)	042cffa3	105	Disney's The Emperor's New Groove (USA)
Disney's The Lion King - Simba's Mighty Adventure (Europe)	7ae0d8f4	1198	Disney's The Lion King - Simba's Mighty Adventure (USA)
Disney's The Lion King - Simba's Mighty Adventure (USA)	43fbeeb8	1174	Disney's The Lion King - Simba's Mighty Adventure (USA)
Disney's The Little Mermaid II (Europe)	889cc4bd	105	Disney's The Little Mermaid II (USA)
Disney's The Little Mermaid II (USA)	35f9814b	102	Disney's The Little Mermaid II (USA)
Disney's Tigger's Honey Hunt (Europe)	f6de99ea	103	Disney's Tigger's Honey Hunt (Europe)
Disney's Treasure Planet (Europe)	0c3f9ed3	99	Disney's Treasure Planet (USA)
Disney's Treasure Planet (Europe) (Beta) (2002-08-01)	012904ea	119	Disney's Treasure Planet (USA)
Disney's Treasure Planet (USA)	2977d160	96	Disney's Treasure Planet (USA)
Disney's Verhalenstudio - Mulan (Netherlands)	4500ee1e	111	Disney's Story Studio - Mulan (USA)
Disney's Winnie L'Ourson - C' Est La Recre ! (France)	00755331	1610	Disney's Winnie L'Ourson - C' Est La Recre ! (France)
Disney's Winnie the Pooh - Kindergarten (USA)	502441b7	111	Disney's Winnie the Pooh - Kindergarten (USA)
Disney's Winnie the Pooh - Preschool (USA)	476a7707	108	Disney's Winnie the Pooh - Preschool (USA)
Disney-Pixar A Bug's Life (Europe)	7fbf93fe	100	Disney-Pixar A Bug's Life (USA)
Disney-Pixar A Bug's Life (France)	59b722fb	100	Disney-Pixar A Bug's Life (USA)
Disney-Pixar A Bug's Life (Japan)	de16c89b	236	Disney-Pixar A Bug's Life (USA)
Disney-Pixar A Bug's Life (USA)	8a2b3fcd	97	Disney-Pixar A Bug's Life (USA)
Disney-Pixar A Bug's Life (USA) (Rerelease)	08d69f1e	109	Disney-Pixar A Bug's Life (USA)
Disney-Pixar A Bug's Life - Atelier de Jeux (France)	9aa7e965	118	Disney-Pixar A Bug's Life - Atelier de Jeux (France)
Disney-Pixar A Bug's Life - Disney's Activity Centre (Europe)	0eac2111	127	Disney-Pixar A Bug's Life - Disney's Activity Centre (Europe)
Disney-Pixar A Bug's Life - Disneys Malen und Spielen (Germany)	bb362426	129	Disney-Pixar A Bug's Life - Disneys Malen und Spielen (Germany)
Disney-Pixar A Bug's Life - Megaminimondo (Italy)	e84b4a7e	115	Disney-Pixar A Bug's Life (USA)
Disney-Pixar A Bug's Life - Megaminimondo (Italy) (Rev 1)	e303d636	123	Disney-Pixar A Bug's Life (USA)
Disney-Pixar Bichos - Una Aventura en Miniatura (Spain)	01905203	121	Disney-Pixar Bichos - Una Aventura en Miniatura (Spain)
Disney-Pixar Bottega dei Giochi - A Bug's Life Megaminimondo (Italy)	d1e50b96	134	Disney-Pixar A Bug's Life - Disney's Activity Centre (Europe)
Disney-Pixar Buzz Lightyear - Guardianes del Espacio (Spain)	06c4a5a7	126	Disney-Pixar Buzz Lightyear - Guardianes del Espacio (Spain)
Disney-Pixar Buzz Lightyear da Comando Stellare (Italy)	21aa7dc9	121	Disney-Pixar Buzz Lightyear of Star Command (USA)
Disney-Pixar Buzz Lightyear of Star Command (Europe)	385bfb2c	118	Disney-Pixar Buzz Lightyear of Star Command (USA)
Disney-Pixar Buzz Lightyear of Star Command (USA)	e2ba45d1	115	Disney-Pixar Buzz Lightyear of Star Command (USA)
Disney-Pixar Captain Buzz Lightyear - Star Command (Germany)	4c80119b	126	Disney-Pixar Buzz Lightyear of Star Command (USA)
Disney-Pixar Das grosse Krabbeln (Germany)	b8c5e21f	108	Disney-Pixar A Bug's Life (USA)
Disney-Pixar Die Monster AG - Schreckens-Insel (Germany)	4e15d9bb	122	Disney-Pixar Die Monster AG - Schreckens-Insel (Germany)
Disney-Pixar Een Luizenleven (Netherlands)	03f7e4c4	108	Disney-Pixar A Bug's Life (USA)
Disney-Pixar Ett smakryps liv (Sweden)	29f7c836	104	Disney-Pixar A Bug's Life (USA)
Disney-Pixar Graes-Rodderne (Denmark)	3225d22a	103	Disney-Pixar A Bug's Life (USA)
Disney-Pixar Les Aventures de Buzz L'Eclair (France)	6305b12f	118	Disney-Pixar Les Aventures de Buzz L'Eclair (France)
Disney-Pixar Monsterbedriften - Skrekkoya (Norway)	142aae21	116	Disney-Pixar Monsters, Inc. - Scream Team (USA)
Disney-Pixar Monsterit Oy - Saeikkysaari (Finland)	e7b102ee	116	Disney-Pixar Monsters, Inc. - Scream Team (USA)
Disney-Pixar Monsters & Co. - L'Isola dello Spavento (Italy)	ddf46f3f	126	Disney-Pixar Monsters, Inc. - Scream Team (USA)
Disney-Pixar Monsters en Co. - Schrik Eiland (Netherlands)	1e8d351b	124	Disney-Pixar Monsters, Inc. - Scream Team (USA)
Disney-Pixar Monsters en Co. - Schrik Eiland (Netherlands) (Beta) (2001-11-14)	26cbb31c	144	Disney-Pixar Monsters, Inc. - Scream Team (USA)
Disney-Pixar Monsters, Inc. - Monstros e Companhia - Ilha Assustadora (Portugal)	1cba87d7	146	Disney-Pixar Monsters, Inc. - Scream Team (USA)
Disney-Pixar Monsters, Inc. - Scare Island (Europe)	653f38ea	117	Disney-Pixar Monsters, Inc. - Scare Island (Europe)
Disney-Pixar Monsters, Inc. - Scare Island (Europe) (Demo)	83d07b81	124	Disney-Pixar Monsters, Inc. - Scare Island (Europe)
Disney-Pixar Monsters, Inc. - Scream Team (USA)	268f7ddf	113	Disney-Pixar Monsters, Inc. - Scream Team (USA)
Disney-Pixar Monsters, Inc. - Skraemmaroen (Sweden)	c4a71758	117	Disney-Pixar Monsters, Inc. - Scream Team (USA)
Disney-Pixar Monsters, Inc. - Skraemmeoen (Denmark)	5dec36f2	117	Disney-Pixar Monsters, Inc. - Scream Team (USA)
Disney-Pixar Monstres & Cie - L'ile de l'Epouvante (France)	2e3e821e	125	Disney-Pixar Monstres & Cie - L'ile de l'Epouvante (France)
Disney-Pixar Monstruos, S.A. - Isla de los Sustos (Spain)	26541917	123	Disney-Pixar Monstruos, S.A. - Isla de los Sustos (Spain)
Disney-Pixar Oetoekaen elaemaeae (Finland)	0c42c164	108	Disney-Pixar A Bug's Life (USA)
Disney-Pixar Sma-kryp (Norway)	b9e7df76	96	Disney-Pixar A Bug's Life - Disney's Activity Centre (Europe)
Disney-Pixar Toy Story 2 - Buzz Lightyear al Rescate! (Spain)	371a1728	127	Disney-Pixar Toy Story 2 - Buzz Lightyear al Rescate! (Spain)
Disney-Pixar Toy Story 2 - Buzz Lightyear eilt zur Hilfe! (Germany)	15e91cc9	133	Disney-Pixar Toy Story 2 - Buzz Lightyear to the Rescue! (USA)
Disney-Pixar Toy Story 2 - Buzz Lightyear to the Rescue! (Europe)	95770469	131	Disney-Pixar Toy Story 2 - Buzz Lightyear to the Rescue! (USA)
Disney-Pixar Toy Story 2 - Buzz Lightyear to the Rescue! (Europe) (Demo)	a7734917	138	Disney-Pixar Toy Story 2 - Buzz Lightyear to the Rescue! (USA)
Disney-Pixar Toy Story 2 - Buzz Lightyear to the Rescue! (Europe) (Rev 1)	f3b30388	139	Disney-Pixar Toy Story 2 - Buzz Lightyear to the Rescue! (USA)
Disney-Pixar Toy Story 2 - Buzz Lightyear to the Rescue! (USA)	e981e356	128	Disney-Pixar Toy Story 2 - Buzz Lightyear to the Rescue! (USA)
Disney-Pixar Toy Story 2 - Buzz Lightyear to the Rescue! (USA) (Rev 1)	96b02d0a	136	Disney-Pixar Toy Story 2 - Buzz Lightyear to the Rescue! (USA)
Disney-Pixar Toy Story 2 - Buzz l'Eclair a la Rescousse ! (France)	de9d50cd	132	Disney-Pixar Toy Story 2 - Buzz l'Eclair a la Rescousse ! (France)
Disney-Pixar Toy Story 2 - Woody e Buzz alla riscossa! (Italy)	a1dfbdf9	128	Disney-Pixar Toy Story 2 - Buzz Lightyear to the Rescue! (USA)
Disney-Pixar Toy Story Racer (Europe)	1bcf99da	103	Disney-Pixar Toy Story Racer (USA)
Disney-Pixar Toy Story Racer (Europe) (Es,It,Nl)	386f2cf1	114	Disney-Pixar Toy Story Racer (USA)
Disney-Pixar Toy Story Racer (Europe) (Fr,De)	f7b88072	111	Disney-Pixar Toy Story Racer (USA)
Disney-Pixar Toy Story Racer (USA)	77491eaf	100	Disney-Pixar Toy Story Racer (USA)
Disneyn Aladdin - Nasiran Kosto (Finland)	c59eac8b	107	Disney's Aladdin in Nasira's Revenge (USA)
Disneyn Atlantis - Kadonnut Kaupunki (Finland)	a2bf9431	262	Disney's Atlantis - The Lost Empire (USA, Canada)
Disneyn Keisarin Uudet Kuviot (Finland)	da032e3a	253	Disney's The Emperor's New Groove (USA)
Disneyn Peter Pan - Seikkailu Mika-Mika-Maassa (Finland)	f99eb4ff	122	Peter Pan in Disney's Return to Never Land (USA)
Disneyn Tarzan (Finland)	f34da4fe	218	Disney's Tarzan (USA)
Disneys Action Spil med Herkules (Denmark)	d9ea5cb5	108	Disney's Hercules Action Game (USA)
Disneys Aladdin - Nasiras Haevn (Denmark)	c261cd94	107	Disney's Aladdin in Nasira's Revenge (USA)
Disneys Aladdin - Nasiras Hevn (Norway)	5b3bf13a	105	Disney's Aladdin in Nasira's Revenge (USA)
Disneys Aladdin - Nasiras Rache (Germany)	a53e043f	107	Disneys Aladdin - Nasiras Rache (Germany)
Disneys Aladdin - Nasiras haemnd (Sweden)	9817aca1	107	Disney's Aladdin in Nasira's Revenge (USA)
Disneys Arielle 2 (Germany)	96b7567f	93	Disneys Arielle 2 (Germany)
Disneys Atlantis - Das Geheimnis der verlorenen Stadt (Germany)	228132f0	296	Disneys Atlantis - Das Geheimnis der verlorenen Stadt (Germany)
Disneys Atlantis - Det Forsvundne Rige (Denmark)	95b205f1	266	Disney's Atlantis - The Lost Empire (USA, Canada)
Disneys Atlantis - En Forsvunnet Verden (Norway)	665342ef	266	Disney's Atlantis - The Lost Empire (USA, Canada)
Disneys Der Koenig der Loewen - Simbas grosses Abenteuer (Germany)	bba768d7	1262	Disneys Der Koenig der Loewen - Simbas grosses Abenteuer (Germany)
Disneys Der Schatzplanet (Germany)	ed633768	100	Disney's Treasure Planet (USA)
Disneys Ein Koenigreich fuer ein Lama (Germany)	bccadf20	113	Disneys Ein Koenigreich fuer ein Lama (Germany)
Disneys Et Kongerike for en Lama (Norway)	4fc11c6b	257	Disney's The Emperor's New Groove (USA)
Disneys Hercules Action-Spiel (Germany)	d4a33ba0	105	Disneys Hercules Action-Spiel (Germany)
Disneys Interaktive Abenteuer - Mulan (Germany)	b968dfa9	113	Disneys Interaktive Abenteuer - Mulan (Germany)
Disneys Kejsarens Nya Stil (Sweden)	8f8b7d61	101	Disney's The Emperor's New Groove (USA)
Disneys Kejserens Nye Flip (Denmark)	2c512c34	102	Disney's The Emperor's New Groove (USA)
Disneys Lilo & Stitch - Ballade pa Hawaii! (Denmark)	327f4d2e	118	Disney's Lilo & Stitch (USA)
Disneys Lilo & Stitch - Hula Baluba! (Norway)	351e1745	111	Disney's Lilo & Stitch (USA)
Disneys Lilo & Stitch - Trubbel i Paradiset (Sweden)	176f60b6	118	Disney's Lilo & Stitch (USA)
Disneys Lilo & Stitch - Zoff auf Hawaii (Germany)	ba47917b	115	Disney's Lilo & Stitch (USA)
Disneys Peter Pan - Aeventyr i landet Ingenstans (Sweden)	f2066150	123	Peter Pan in Disney's Return to Never Land (USA)
Disneys Peter Pan - Eventyr i Drommeland (Norway)	62622259	115	Peter Pan in Disney's Return to Never Land (USA)
Disneys Peter Pan - Eventyr pa Onskeoen (Denmark)	24cab026	115	Peter Pan in Disney's Return to Never Land (USA)
Disneys Peter Pan - Rueckkehr nach Nimmerland (Germany)	d62b20a9	121	Disneys Peter Pan - Rueckkehr nach Nimmerland (Germany)
Disneys Plys' Spil-og-Leg-Sted (Denmark)	648a1e35	1467	Disney's Pooh's Party Game - In Search of the Treasure (USA)
Disneys Skatteplaneten (Denmark)	fc2fa69c	98	Disney's Treasure Planet (USA)
Disneys Skattkammarplaneten (Sweden)	c5b5a5cb	102	Disney's Treasure Planet (USA)
Disneys Tarzan (Denmark)	13537e12	218	Disney's Tarzan (USA)
Disneys Tarzan (Germany)	8fbd50c3	218	Disney's Tarzan (USA)
Disneys Tarzan (Norway)	e3da5b1d	216	Disney's Tarzan (USA)
Disneys Tarzan (Sweden)	a45d2037	216	Disney's Tarzan (USA)
Disneys Tigerdyrets honningjagt (Denmark)	bdc43884	107	Disney Presents Tigger's Honey Hunt (USA)
Disneys Tiggers Honigjagd (Germany)	99971ef9	101	Disneys Tiggers Honigjagd (Germany)
Disruptor (Europe)	c6025058	84	Disruptor (USA)
Disruptor (Europe) (Demo)	d6f262e3	91	Disruptor (USA)
Disruptor (France)	e00ae15d	84	Disruptor (USA)
Disruptor (Germany)	71c50931	85	Disruptor (USA)
Disruptor (Japan)	c6824d0e	83	Disruptor (USA)
Disruptor (USA)	507255e6	81	Disruptor (USA)
Diver's Dream (Europe) (En,Fr,De)	2aaf8d39	99	Diver's Dream (Europe) (En,Fr,De)
Diver's Dream (Europe) (En,Fr,De) (Beta) (1999-03-01)	9c959454	119	Diver's Dream (Europe) (En,Fr,De)
Divide, The - Enemies Within (USA)	2556da9d	100	Divide, The - Enemies Within (USA)
DoDonPachi (Japan)	064df3e2	1338	DoDonPachi (Japan)
DoDonPachi (Japan) (Demo)	340c7c33	1542	DoDonPachi (Japan)
Dodgem Arena (Europe)	1473d713	87	Dodgem Arena (Europe)
Dog Master, The (Japan)	b4581e2a	89	Dog Master, The (Japan)
Dog Master, The (Japan) (Shokai Genteiban)	86df632f	108	Dog Master, The (Japan)
Dokapon! Ikari no Tekken (Japan)	bed9e531	98	Dokapon! Ikari no Tekken (Japan)
Dokapon! Ikari no Tekken (Japan) (Demo)	d2752f28	105	Dokapon! Ikari no Tekken (Japan)
Dokapon! Ikari no Tekken (Japan) (Rev 1)	45a028d3	106	Dokapon! Ikari no Tekken (Japan)
Dokapon! Ikari no Tekken (Japan) (Rev 2)	44fd0e02	106	Dokapon! Ikari no Tekken (Japan)
Doki Doki On Air (Japan)	b3a66aef	218	Doki Doki On Air (Japan)
Doki Doki On Air 2 (Japan)	78ae52be	222	Doki Doki On Air 2 (Japan)
Doki Doki Poyatchio!! (Japan)	a5933eb7	95	Doki Doki Poyatchio!! (Japan)
Doki Doki Poyatchio!! (Japan) (Demo)	d4118c7a	102	Doki Doki Poyatchio!! (Japan)
Doki Doki Pretty League (Japan)	d58fa105	97	Doki Doki Pretty League (Japan)
Doki Doki Pretty League (Japan) (Shokai Genteiban)	8f157208	116	Doki Doki Pretty League (Japan)
Doki Doki Pretty League - Lovely Star (Japan)	67c2c461	111	Doki Doki Pretty League - Lovely Star (Japan)
Doki Doki Pretty League - Nekketsu Otome Seishunki (Japan) (Disc 1)	63c73ed4	133	Doki Doki Pretty League - Nekketsu Otome Seishunki (Japan) (Disc 1)
Doki Doki Pretty League - Nekketsu Otome Seishunki (Japan) (Disc 2)	629a1805	133	Doki Doki Pretty League - Nekketsu Otome Seishunki (Japan) (Disc 1)
Doki Doki Pretty League - Nekketsu Otome Seishunki (Japan) (Disc 3)	d481f875	133	Doki Doki Pretty League - Nekketsu Otome Seishunki (Japan) (Disc 1)
Doki Doki Shutter Chance - Koi no Puzzle o Kumitatete (Japan)	1a6b3a80	127	Doki Doki Shutter Chance - Koi no Puzzle o Kumitatete (Japan)
Doki Doki Shutter Chance - Koi no Puzzle o Kumitatete (Japan) (Major Wave)	d7902a8e	140	Doki Doki Shutter Chance - Koi no Puzzle o Kumitatete (Japan)
Dokiou-ki (Japan)	32def0b8	83	Dokiou-ki (Japan)
Doko Demo Hamster - Bi! Click Tankentai (Japan)	b82b82f9	113	Doko Demo Hamster - Bi! Click Tankentai (Japan)
Doko Demo Hamster 2 (Japan)	e228d071	466	Doko Demo Hamster 2 (Japan)
Doko Demo Hamster 4 - Doki Doki Sugoroku Daibouken! (Japan)	7470b49a	2138	Doko Demo Hamster 4 - Doki Doki Sugoroku Daibouken! (Japan)
Doko Demo Issho (Japan)	d6e95e22	89	Doko Demo Issho (Japan)
Doko Demo Issho (Japan) (Calpis Water Version)	e656348e	112	Doko Demo Issho (Japan)
Doko Demo Issho (Japan) (Demo 1)	ff22dbf6	98	Doko Demo Issho (Japan)
Doko Demo Issho (Japan) (Demo 2)	fe7ffd27	98	Doko Demo Issho (Japan)
Doko Demo Issho (Japan) (Rev 1)	38de3e60	97	Doko Demo Issho (Japan)
Doko made mo Aoku... (Japan)	3d3f3beb	94	Doko made mo Aoku... (Japan)
Doko made mo Aoku... (Japan) (Shokai Genteiban)	ed69c6b7	113	Doko made mo Aoku... (Japan)
Dolphin's Dream (Japan)	90c30037	89	Dolphin's Dream (Japan)
Dome no Yabou 2 - The Race of Champions (Japan)	6b31a417	1110	Dome no Yabou 2 - The Race of Champions (Japan)
Domino-kun o Tomenai de. (Japan)	f3c8b5a7	234	Domino-kun o Tomenai de. (Japan)
DonPachi (Japan)	0ab72c2c	1647	DonPachi (Japan)
DonPachi (Japan) (Cyclone's Best)	a871f543	2030	DonPachi (Japan)
Doom (Europe)	bd64fd7c	838	Doom (USA)
Doom (Europe) (EDC)	aa23f6c3	886	Doom (USA)
Doom (Europe) (One Level Demo Disc)	30ff911b	1014	Doom (USA)
Doom (Japan)	38c6d76a	830	Doom (USA)
Doom (USA)	4ac4daaa	814	Doom (USA)
Doom (USA) (Rev 1)	630965e1	878	Doom (USA)
Doraemon - Nobita to Fukkatsu no Hoshi (Japan)	ab262108	542	Doraemon - Nobita to Fukkatsu no Hoshi (Japan)
Doraemon 2 - SOS! Otogi no Kuni (Japan)	84cb2db0	248	Doraemon 2 - SOS! Otogi no Kuni (Japan)
Doraemon 3 - Makai no Dungeon (Japan)	dc12a3f8	103	Doraemon 3 - Makai no Dungeon (Japan)
Dosukoi Densetsu (Japan)	3d203bab	90	Dosukoi Densetsu (Japan)
Dotchi Mecha! (Japan)	d4498165	87	Dotchi Mecha! (Japan)
Dotchi de Ball! (Japan)	488a3b80	2814	Dotchi de Ball! (Japan)
Dotsubo-chan (Japan)	56752969	86	Dotsubo-chan (Japan)
Double Dragon (Japan)	228dd14c	2302	Double Dragon (Japan)
Doubutsu Chara Navi Uranai 2 - Kosei Shinrigaku + Ren'ai Uranai Puzzle (Japan)	bb384303	2923	Doubutsu Chara Navi Uranai 2 - Kosei Shinrigaku + Ren'ai Uranai Puzzle (Japan)
Douga de Puzzle da! Puppukupuu (Japan)	5e155fab	104	Douga de Puzzle da! Puppukupuu (Japan)
Doukyuu - Billiard Master (Japan)	018807c8	99	Doukyuu - Billiard Master (Japan)
Doukyuu Re-mix - Billiards Multiple (Japan)	d2c7ec60	109	Doukyuu Re-mix - Billiards Multiple (Japan)
Doukyuu Re-mix - Billiards Multiple (Japan) (PSone Books)	186ce633	123	Doukyuu Re-mix - Billiards Multiple (Japan)
Doukyuusei 2 (Japan) (Extra Box)	d91d92f6	98	Doukyuusei 2 (Japan, Asia)
Doukyuusei 2 (Japan, Asia)	c3fad986	92	Doukyuusei 2 (Japan, Asia)
Doukyuusei Mahjong (Japan)	0bff8032	1676	Doukyuusei Mahjong (Japan)
Doukyuusei Mahjong (Japan) (Best Wing 2800)	711bd077	1914	Doukyuusei Mahjong (Japan)
Downhill Snow (Japan)	0467a017	1017	Downhill Snow (Japan)
Dr. Rin ni Kiite Mite! Koi no Happy Four Seasons (Japan)	3be2ff50	122	Dr. Rin ni Kiite Mite! Koi no Happy Four Seasons (Japan)
Dr. Slump (Japan)	24d6d3b3	204	Dr. Slump (Japan)
Dracula - A Ressurreicao (Portugal) (Disc 1)	0aca0a06	110	Dracula - The Resurrection (USA) (Disc 1)
Dracula - A Ressurreicao (Portugal) (Disc 2)	0b972cd7	110	Dracula - The Resurrection (USA) (Disc 1)
Dracula - La Risurrezione (Italy) (Disc 1)	29bfb672	108	Dracula - La Risurrezione (Italy) (Disc 1)
Dracula - La Risurrezione (Italy) (Disc 2)	28e290a3	108	Dracula - La Risurrezione (Italy) (Disc 1)
Dracula - Resurreccion (Spain) (Disc 1)	2450e74d	105	Dracula - Resurreccion (Spain) (Disc 1)
Dracula - Resurreccion (Spain) (Disc 2)	250dc19c	105	Dracula - Resurreccion (Spain) (Disc 1)
Dracula - Resurrection (France) (Disc 1)	03b99f73	106	Dracula - Resurrection (France) (Disc 1)
Dracula - Resurrection (France) (Disc 2)	02e4b9a2	106	Dracula - Resurrection (France) (Disc 1)
Dracula - Resurrection (Germany) (Disc 1)	87f2f5cf	107	Dracula - Resurrection (France) (Disc 1)
Dracula - Resurrection (Germany) (Disc 2)	86afd31e	107	Dracula - Resurrection (France) (Disc 1)
Dracula - The Last Sanctuary (USA) (Disc 1)	416305c0	109	Dracula - The Last Sanctuary (USA) (Disc 1)
Dracula - The Last Sanctuary (USA) (Disc 2)	403e2311	109	Dracula - The Last Sanctuary (USA) (Disc 1)
Dracula - The Resurrection (Europe) (Disc 1)	71476261	110	Dracula - The Resurrection (USA) (Disc 1)
Dracula - The Resurrection (Europe) (Disc 2)	701a44b0	110	Dracula - The Resurrection (USA) (Disc 1)
Dracula - The Resurrection (USA) (Disc 1)	5ec514e5	107	Dracula - The Resurrection (USA) (Disc 1)
Dracula - The Resurrection (USA) (Disc 2)	5f983234	107	Dracula - The Resurrection (USA) (Disc 1)
Dracula 2 - Die letzte Zufluchtsstaette (Germany) (Disc 1)	ea461bc0	124	Dracula - The Last Sanctuary (USA) (Disc 1)
Dracula 2 - Die letzte Zufluchtsstaette (Germany) (Disc 2)	eb1b3d11	124	Dracula - The Last Sanctuary (USA) (Disc 1)
Dracula 2 - El Ultimo Santuario (Spain) (Disc 1)	4ccbfb29	114	Dracula 2 - El Ultimo Santuario (Spain) (Disc 1)
Dracula 2 - El Ultimo Santuario (Spain) (Disc 2)	4d96ddf8	114	Dracula 2 - El Ultimo Santuario (Spain) (Disc 1)
Dracula 2 - L'Ultimo Santuario (Italy) (Disc 1)	1bd01ae0	113	Dracula - The Last Sanctuary (USA) (Disc 1)
Dracula 2 - L'Ultimo Santuario (Italy) (Disc 2)	1a8d3c31	113	Dracula - The Last Sanctuary (USA) (Disc 1)
Dracula 2 - Le Dernier Sanctuaire (France) (Disc 1)	c96dc3b1	117	Dracula 2 - Le Dernier Sanctuaire (France) (Disc 1)
Dracula 2 - Le Dernier Sanctuaire (France) (Disc 2)	c830e560	117	Dracula 2 - Le Dernier Sanctuaire (France) (Disc 1)
Dracula 2 - The Last Sanctuary (Europe) (Disc 1)	33c2d0be	114	Dracula - The Last Sanctuary (USA) (Disc 1)
Dracula 2 - The Last Sanctuary (Europe) (Disc 2)	329ff66f	114	Dracula - The Last Sanctuary (USA) (Disc 1)
Dragon Ball - Final Bout (Europe)	b0471fe2	99	Dragon Ball - Final Bout (Europe)
Dragon Ball - Final Bout (France)	964faee7	99	Dragon Ball - Final Bout (Europe)
Dragon Ball - Final Bout (Germany)	5a0716ec	100	Dragon Ball - Final Bout (Europe)
Dragon Ball - Final Bout (Italy)	366349a4	98	Dragon Ball - Final Bout (Europe)
Dragon Ball - Final Bout (Japan)	5f8c674e	98	Dragon Ball - Final Bout (Europe)
Dragon Ball - Final Bout (Japan) (Demo)	051d5cdf	105	Dragon Ball - Final Bout (Europe)
Dragon Ball - Final Bout (Japan) (Rev 1)	66ae271f	106	Dragon Ball - Final Bout (Europe)
Dragon Ball - Final Bout (Spain)	6b27b87c	98	Dragon Ball - Final Bout (Europe)
Dragon Ball GT - Final Bout (USA)	8ad0525b	99	Dragon Ball GT - Final Bout (USA)
Dragon Ball Z - Idainaru Dragon Ball Densetsu (Japan)	bc435931	2942	Dragon Ball Z - Idainaru Dragon Ball Densetsu (Japan)
Dragon Ball Z - Ultimate Battle 22 (Europe)	ce04cccb	109	Dragon Ball Z - Ultimate Battle 22 (USA)
Dragon Ball Z - Ultimate Battle 22 (France)	e80c7dce	109	Dragon Ball Z - Ultimate Battle 22 (USA)
Dragon Ball Z - Ultimate Battle 22 (France) (EDC)	af751b65	115	Dragon Ball Z - Ultimate Battle 22 (USA)
Dragon Ball Z - Ultimate Battle 22 (Germany)	18cbcd53	110	Dragon Ball Z - Ultimate Battle 22 (USA)
Dragon Ball Z - Ultimate Battle 22 (Italy)	c4ccdda9	108	Dragon Ball Z - Ultimate Battle 22 (USA)
Dragon Ball Z - Ultimate Battle 22 (Japan)	ad23f343	108	Dragon Ball Z - Ultimate Battle 22 (USA)
Dragon Ball Z - Ultimate Battle 22 (Spain)	99882c71	108	Dragon Ball Z - Ultimate Battle 22 (USA)
Dragon Ball Z - Ultimate Battle 22 (USA)	05098f17	106	Dragon Ball Z - Ultimate Battle 22 (USA)
Dragon Drive - Tactics Break (Japan)	0f8c907b	242	Dragon Drive - Tactics Break (Japan)
Dragon Drive - Tactics Break (Japan) (Taikenban)	f4c1daee	266	Dragon Drive - Tactics Break (Japan)
Dragon Knight 4 (Japan)	12592750	89	Dragon Knight 4 (Japan)
Dragon Money (Japan)	04a37ca9	210	Dragon Money (Japan)
Dragon Quest Characters - Torneko no Daibouken 2 - Fushigi no Dungeon (Japan)	430e1ffe	324	Dragon Quest Characters - Torneko no Daibouken 2 - Fushigi no Dungeon (Japan)
Dragon Quest Characters - Torneko no Daibouken 2 - Fushigi no Dungeon (Japan) (Demo)	35051679	150	Dragon Quest Characters - Torneko no Daibouken 2 - Fushigi no Dungeon (Japan)
Dragon Quest IV - Michibikareshi Monotachi (Japan)	abed7d57	116	Dragon Quest IV - Michibikareshi Monotachi (Japan)
Dragon Quest Monsters 1 & 2 - Hoshifuri no Yuusha to Bokujou no Nakamatachi (Japan)	df02f8d3	149	Dragon Quest Monsters 1 & 2 - Hoshifuri no Yuusha to Bokujou no Nakamatachi (Japan)
Dragon Quest VII - Eden no Senshitachi (Japan) (Disc 1) (Rev 1)	0a396d7e	129	Dragon Warrior VII (USA) (Disc 1)
Dragon Quest VII - Eden no Senshitachi (Japan) (Disc 2) (Rev 1)	e19325c3	129	Dragon Warrior VII (USA) (Disc 1)
Dragon Quest VII - Eden no Senshitachi (Japan, Asia) (Disc 1)	26a80323	127	Dragon Warrior VII (USA) (Disc 1)
Dragon Quest VII - Eden no Senshitachi (Japan, Asia) (Disc 2)	27f525f2	127	Dragon Warrior VII (USA) (Disc 1)
Dragon Seeds (USA)	c7611f2e	84	Dragon Seeds (USA)
Dragon Seeds - Saishuu Shinka Keitai (Japan)	65ee682f	110	Dragon Seeds - Saishuu Shinka Keitai (Japan)
Dragon Tales - Dragonseek (Europe)	d431470f	238	Dragon Tales - Dragonseek (USA)
Dragon Tales - Dragonseek (USA)	cbc05e0e	232	Dragon Tales - Dragonseek (USA)
Dragon Valor (Europe) (Disc 1)	da4a659d	230	Dragon Valor (USA) (Disc 1)
Dragon Valor (Europe) (Disc 2)	8c2a86c7	230	Dragon Valor (USA) (Disc 1)
Dragon Valor (France) (Disc 1)	3d3dfe42	230	Dragon Valor (USA) (Disc 1)
Dragon Valor (France) (Disc 2)	6b5d1d18	230	Dragon Valor (USA) (Disc 1)
Dragon Valor (Germany) (Disc 1)	16b56b02	232	Dragon Valor (USA) (Disc 1)
Dragon Valor (Germany) (Disc 2)	f8bf5624	232	Dragon Valor (USA) (Disc 1)
Dragon Valor (Italy) (Disc 1)	22d807c9	228	Dragon Valor (USA) (Disc 1)
Dragon Valor (Italy) (Disc 2)	a3c397a4	228	Dragon Valor (USA) (Disc 1)
Dragon Valor (Japan) (Disc 1)	3f656d81	95	Dragon Valor (USA) (Disc 1)
Dragon Valor (Japan) (Disc 2)	3e384b50	95	Dragon Valor (USA) (Disc 1)
Dragon Valor (Spain) (Disc 1)	7df3c92b	228	Dragon Valor (USA) (Disc 1)
Dragon Valor (Spain) (Disc 2)	fce85946	228	Dragon Valor (USA) (Disc 1)
Dragon Valor (USA) (Disc 1)	1ec1b11c	224	Dragon Valor (USA) (Disc 1)
Dragon Valor (USA) (Disc 2)	94e389d0	224	Dragon Valor (USA) (Disc 1)
Dragon Warrior VII (USA) (Disc 1)	71b4183f	99	Dragon Warrior VII (USA) (Disc 1)
Dragon Warrior VII (USA) (Disc 2)	70e93eee	99	Dragon Warrior VII (USA) (Disc 1)
DragonHeart - Fire & Steel (Europe) (En,Fr,De)	85ce021c	2802	DragonHeart - Fire & Steel (USA)
DragonHeart - Fire & Steel (USA)	ff330fda	2522	DragonHeart - Fire & Steel (USA)
Dragonbeat - Legend of Pinball (Japan)	346b3a1f	774	Dragonbeat - Legend of Pinball (Japan)
Dragstars (Europe)	7cf20503	206	Dragstars (Europe)
Dream Circus (Japan)	d2f33885	86	Dream Circus (Japan)
Dream Generation - Koi ka Shigoto ka!... (Japan)	1265ce58	114	Dream Generation - Koi ka Shigoto ka!... (Japan)
Dream Story - Les Aventures de Tim et Lola (France)	3e205cbd	117	Dream Story - Les Aventures de Tim et Lola (France)
Dreams (Europe) (En,Fr,De,Es,It)	25d48356	98	Dreams (Europe) (En,Fr,De,Es,It)
Drift King Shutokou Battle - Tsuchiya Keiichi & Bandou Masaaki (Japan)	46431386	1294	Shutokou Battle R (Japan)
Drift King Shutokou Battle - Tsuchiya Keiichi & Bandou Masaaki (Japan) (Demo)	784daa44	1350	Shutokou Battle R (Japan)
Driver (Europe)	6a2392ef	81	Driver (Europe)
Driver (Europe) (Demo)	fb586c31	214	Driver (Europe)
Driver (France)	4c2b23ea	81	Driver (Europe)
Driver (Germany)	246c0edc	82	Driver (Europe)
Driver (Italy)	325694cf	80	Driver (Europe)
Driver (Spain)	6f126517	80	Driver (Europe)
Driver (World) (Beta) (1999-03-09)	64dcd49e	100	Driver (Europe)
Driver - Sennyuu! Car Chase Daisakusen (Japan)	20612af4	112	Driver - You Are the Wheelman (USA)
Driver - You Are the Wheelman (USA)	bf4f742e	101	Driver - You Are the Wheelman (USA)
Driver - You Are the Wheelman (USA) (Demo)	7323b33c	108	Driver - You Are the Wheelman (USA)
Driver - You Are the Wheelman (USA) (Rev 1)	5fdbaa32	109	Driver - You Are the Wheelman (USA)
Driver 2 (USA) (Demo)	469e7dc3	87	Driver 2 (USA) (Disc 1)
Driver 2 (USA) (Disc 1)	b36abf30	89	Driver 2 (USA) (Disc 1)
Driver 2 (USA) (Disc 1) (Rev 1)	6a613bde	97	Driver 2 (USA) (Disc 1)
Driver 2 (USA) (Disc 2)	b23799e1	89	Driver 2 (USA) (Disc 1)
Driver 2 (USA) (Disc 2) (Rev 1)	81cb7363	97	Driver 2 (USA) (Disc 1)
Driver 2 - Back on the Streets (Europe) (Disc 1)	8b2eab34	114	Driver 2 - Back on the Streets (Europe) (Disc 1)
Driver 2 - Back on the Streets (Europe) (Disc 1) (Rev 1)	782236c4	122	Driver 2 - Back on the Streets (Europe) (Disc 1)
Driver 2 - Back on the Streets (Europe) (Disc 2)	8a738de5	114	Driver 2 - Back on the Streets (Europe) (Disc 1)
Driver 2 - Back on the Streets (Europe) (Disc 2) (Rev 1)	93887e79	122	Driver 2 - Back on the Streets (Europe) (Disc 1)
Driver 2 - Back on the Streets (France) (Disc 1)	39ff900e	114	Driver 2 - Back on the Streets (Europe) (Disc 1)
Driver 2 - Back on the Streets (France) (Disc 1) (Rev 1)	752e1c27	122	Driver 2 - Back on the Streets (Europe) (Disc 1)
Driver 2 - Back on the Streets (France) (Disc 2)	38a2b6df	114	Driver 2 - Back on the Streets (Europe) (Disc 1)
Driver 2 - Back on the Streets (France) (Disc 2) (Rev 1)	9e84549a	122	Driver 2 - Back on the Streets (Europe) (Disc 1)
Driver 2 - Back on the Streets (Germany) (Disc 1)	a97cbe41	115	Driver 2 - Back on the Streets (Europe) (Disc 1)
Driver 2 - Back on the Streets (Germany) (Disc 1) (Rev 1)	5333cfc1	123	Driver 2 - Back on the Streets (Europe) (Disc 1)
Driver 2 - Back on the Streets (Germany) (Disc 2)	a8219890	115	Driver 2 - Back on the Streets (Europe) (Disc 1)
Driver 2 - Back on the Streets (Germany) (Disc 2) (Rev 1)	b899877c	123	Driver 2 - Back on the Streets (Europe) (Disc 1)
Driver 2 - Back on the Streets (Italy) (Disc 1)	fbd98ff7	113	Driver 2 - Back on the Streets (Europe) (Disc 1)
Driver 2 - Back on the Streets (Italy) (Disc 1) (Rev 1)	46bca2f1	121	Driver 2 - Back on the Streets (Europe) (Disc 1)
Driver 2 - Back on the Streets (Italy) (Disc 2)	fa84a926	113	Driver 2 - Back on the Streets (Europe) (Disc 1)
Driver 2 - Back on the Streets (Italy) (Disc 2) (Rev 1)	ad16ea4c	121	Driver 2 - Back on the Streets (Europe) (Disc 1)
Driver 2 - Back on the Streets (Spain) (Disc 1)	67933241	113	Driver 2 - Back on the Streets (Europe) (Disc 1)
Driver 2 - Back on the Streets (Spain) (Disc 1) (Rev 1)	adb2b0aa	121	Driver 2 - Back on the Streets (Europe) (Disc 1)
Driver 2 - Back on the Streets (Spain) (Disc 2)	66ce1490	113	Driver 2 - Back on the Streets (Europe) (Disc 1)
Driver 2 - Back on the Streets (Spain) (Disc 2) (Rev 1)	4618f817	121	Driver 2 - Back on the Streets (Europe) (Disc 1)
Driver 2 - Back on the Streets (UK) (Demo)	e9e3eb50	108	Driver 2 - Back on the Streets (Europe) (Disc 1)
Drug Store, The (Japan)	4178c0d6	89	Drug Store, The (Japan)
Drug Store, The - MatsumotoKiyoshi de Okaimono! (Japan)	1661fe22	121	Drug Store, The (Japan)
Druid - Yami e no Tsuisekisha (Japan)	a24cbc92	244	Druid - Yami e no Tsuisekisha (Japan)
Dschungelbuch, Das - Groove Party (Germany) (Demo)	09713504	116	Walt Disney's The Jungle Book - Rhythm n' Groove (USA)
Ducati World (Europe)	451324ce	1490	Ducati World (Europe)
Ducati World (Europe) (Fr,De,It)	d893b647	1633	Ducati World (Europe)
Ducati World - Racing Challenge (USA)	f4576376	1698	Ducati World - Racing Challenge (USA)
Duke Nukem (Europe)	6d8ebebb	434	Duke Nukem (Europe)
Duke Nukem (France)	d957ee8d	434	Duke Nukem (Europe)
Duke Nukem (France) (Demo)	0acc23d1	92	Duke Nukem (Europe)
Duke Nukem (France) (Rev 1)	602e9ec6	466	Duke Nukem (Europe)
Duke Nukem - Land of the Babes (Europe) (En,Fr,De,Es,It)	764d4a07	122	Duke Nukem - Land of the Babes (USA)
Duke Nukem - Land of the Babes (France)	72ee2189	105	Duke Nukem - Land of the Babes (USA)
Duke Nukem - Land of the Babes (USA)	e729a786	102	Duke Nukem - Land of the Babes (USA)
Duke Nukem - Time to Kill (Europe)	1308d94c	100	Duke Nukem - Time to Kill (USA)
Duke Nukem - Time to Kill (Europe) (Rerelease)	fe6899c3	112	Duke Nukem - Time to Kill (USA)
Duke Nukem - Time to Kill (France)	35006849	100	Duke Nukem - Time to Kill (USA)
Duke Nukem - Time to Kill (France) (Rerelease)	1af2f44d	112	Duke Nukem - Time to Kill (USA)
Duke Nukem - Time to Kill (USA)	876be6ae	97	Duke Nukem - Time to Kill (USA)
Duke Nukem - Time to Kill (USA) (Demo)	aa45b70c	104	Duke Nukem - Time to Kill (USA)
Duke Nukem - Time to Kill (USA) (Trade Demo)	a78e2af6	110	Duke Nukem - Time to Kill (USA)
Duke Nukem - Total Meltdown (Japan)	d6e3aa96	101	Duke Nukem - Total Meltdown (USA)
Duke Nukem - Total Meltdown (USA)	66fd7020	490	Duke Nukem - Total Meltdown (USA)
Dukes of Hazzard II, The - Daisy Dukes It Out (Europe)	cb59359b	120	Dukes of Hazzard II, The - Daisy Dukes It Out (USA)
Dukes of Hazzard II, The - Daisy Dukes It Out (USA)	5115c72d	117	Dukes of Hazzard II, The - Daisy Dukes It Out (USA)
Dukes of Hazzard, The - Racing for Home (Europe)	279b1555	114	Dukes of Hazzard, The - Racing for Home (USA)
Dukes of Hazzard, The - Racing for Home (Europe) (Beta) (2000-01-06)	9ff578fe	134	Dukes of Hazzard, The - Racing for Home (USA)
Dukes of Hazzard, The - Racing for Home (USA)	9c486aaf	111	Dukes of Hazzard, The - Racing for Home (USA)
Dukes of Hazzard, The - Racing for Home (USA) (Rev 1)	6ccfad89	119	Dukes of Hazzard, The - Racing for Home (USA)
Dune (Spain)	b931a071	78	Dune (Spain)
Dune 2000 (Europe)	466a0993	84	Dune 2000 (USA)
Dune 2000 (France)	6062b896	84	Dune 2000 (USA)
Dune 2000 (Germany)	7df37a50	85	Dune 2000 (USA)
Dune 2000 (USA)	894aef14	81	Dune 2000 (USA)
Dungeon Creator (Japan)	fb72b7b8	2342	Dungeon Creator (Japan) (Disc 1)
Dungeon Creator (Japan) (Disc 1)	4485c460	2522	Dungeon Creator (Japan) (Disc 1)
Dungeon Creator (Japan) (Disc 2) (Memory Bank Disc)	f6075956	117	Dungeon Creator (Japan) (Disc 1)
Dungeon Shoutenkai - Densetsu no Ken Hajime mashita (Japan)	19f20a72	125	Dungeon Shoutenkai - Densetsu no Ken Hajime mashita (Japan)
Dynamite Boxing (Japan)	5ae15d81	1516	Dynamite Boxing (Japan)
Dynamite Boxing (Japan) (Demo)	80913033	602	Dynamite Boxing (Japan)
Dynamite Soccer 2000 (Japan)	4c2b4842	1080	Dynamite Soccer 2000 (Japan)
Dynamite Soccer 2002 (Japan)	82145025	958	Dynamite Soccer 2002 (Japan)
Dynamite Soccer 2004 Final (Japan)	327e3a84	1006	Dynamite Soccer 2004 Final (Japan)
Dynamite Soccer 98 (Japan) (Demo)	0bc5d98c	363	Dynamite Soccer 98 (Japan, Asia)
Dynamite Soccer 98 (Japan, Asia)	c8c0fa02	1116	Dynamite Soccer 98 (Japan, Asia)
Dynasty Warriors (Europe)	6fced057	91	Dynasty Warriors (USA)
Dynasty Warriors (Europe) (Beta) (1997-09-17)	2c5302a0	111	Dynasty Warriors (USA)
Dynasty Warriors (USA)	fc3c238a	88	Dynasty Warriors (USA)
E.T. the Extra-Terrestrial - Interplanetary Mission (Europe) (En,Fr,De,Es,It)	4094a6b9	2218	E.T. the Extra-Terrestrial - Interplanetary Mission (USA)
E.T. the Extra-Terrestrial - Interplanetary Mission (USA)	bed64a11	1806	E.T. the Extra-Terrestrial - Interplanetary Mission (USA)
EA Sports Superbike 2000 (Europe) (En,Fr,De,Es,It,Sv)	71adb1f4	119	EA Sports Superbike 2000 (USA)
EA Sports Superbike 2000 (USA)	623bf4f5	96	EA Sports Superbike 2000 (USA)
EA Sports Supercross (Europe)	ef168e93	95	EA Sports Supercross (USA)
EA Sports Supercross (USA)	bff40d99	92	EA Sports Supercross (USA)
EA Sports Supercross 2000 (Europe) (En,Fr,De,Es,It,Nl,Sv)	20a047e6	123	EA Sports Supercross 2000 (USA)
EA Sports Supercross 2000 (USA)	4671e5a9	97	EA Sports Supercross 2000 (USA)
ECW Anarchy Rulz (Europe)	7379d185	220	ECW Anarchy Rulz (USA)
ECW Anarchy Rulz (Germany)	2fbc443b	222	ECW Anarchy Rulz (USA)
ECW Anarchy Rulz (USA)	38e052b0	214	ECW Anarchy Rulz (USA)
ECW Hardcore Revolution (Europe)	3e46a231	234	ECW Hardcore Revolution (USA)
ECW Hardcore Revolution (Europe) (Rev 1)	593e1c24	250	ECW Hardcore Revolution (USA)
ECW Hardcore Revolution (Germany)	1e7ef22b	236	ECW Hardcore Revolution (USA)
ECW Hardcore Revolution (Germany) (Rev 1)	14c65e3d	252	ECW Hardcore Revolution (USA)
ECW Hardcore Revolution (USA)	ead84852	228	ECW Hardcore Revolution (USA)
ECW Hardcore Revolution (USA) (Trade Demo)	9b7c1d5d	254	ECW Hardcore Revolution (USA)
EOS - Edge of Skyhigh (Japan)	b630452b	4694	EOS - Edge of Skyhigh (Japan)
EPS Series Vol. 1 - Because I Love You - Yukiko Morikawa (Japan)	88c5d224	130	EPS Series Vol. 1 - Because I Love You - Yukiko Morikawa (Japan)
EPS Series Vol. 2 - Moonlight to Daybreak - Yukie Nakama (Japan)	0b3a27ea	130	EPS Series Vol. 2 - Moonlight to Daybreak - Yukie Nakama (Japan)
EPS Series Vol. 3 - Come and Kiss Me - Tomomi Tsunoda (Japan)	244643e8	127	EPS Series Vol. 3 - Come and Kiss Me - Tomomi Tsunoda (Japan)
EPS Series Vol. 4 - Noise Reduction - Tomoa Yamamoto (Japan)	6abd2c9a	126	EPS Series Vol. 4 - Noise Reduction - Tomoa Yamamoto (Japan)
EPS Series Vol. 5 - Believer Dreamer - Junko Mizutani (Japan)	509f8560	127	EPS Series Vol. 5 - Believer Dreamer - Junko Mizutani (Japan)
ESPN Extreme Games (Europe)	a329cfcb	812	1Xtreme (USA)
ESPN Extreme Games (USA)	25af3649	788	1Xtreme (USA)
ESPN MLS Gamenight (USA)	97ca65b3	1529	ESPN MLS Gamenight (USA)
ESPN Street Games (Japan)	263aa4b0	934	1Xtreme (USA)
Eagle One - Harrier Attack (Europe) (En,Fr,De,Es,It)	9ce08b44	118	Eagle One - Harrier Attack (USA) (En,Fr,Es)
Eagle One - Harrier Attack (USA) (En,Fr,Es)	852d57bf	109	Eagle One - Harrier Attack (USA) (En,Fr,Es)
Earthworm Jim 2 (Europe)	df6b1e43	1767	Earthworm Jim 2 (Europe)
East End x Yuri - Eexy Life (Japan)	50fea03e	101	East End x Yuri - Eexy Life (Japan)
Easter Bunny's Big Day (USA)	7dad825f	94	Easter Bunny's Big Day (USA)
Eberouge (Japan) (Disc 1)	075aa796	91	Eberouge (Japan) (Disc 1)
Eberouge (Japan) (Disc 2)	06078147	91	Eberouge (Japan) (Disc 1)
Eberouge 2 (Japan)	b4f3bd16	318	Eberouge 2 (Japan)
Eberouge Special - Koi to Mahou no Gakuen Seikatsu (Japan)	0f6699f4	286	Eberouge Special - Koi to Mahou no Gakuen Seikatsu (Japan)
Ebisu Yoshikazu no Ooana Kyoutei (Japan)	6b3e39c1	2952	Ebisu Yoshikazu no Ooana Kyoutei (Japan)
Echo Night (Japan)	3b0f4c73	84	Echo Night (USA)
Echo Night (USA)	7d6565a5	82	Echo Night (USA)
Echo Night 2 - Nemuri no Shihaisha (Japan)	64aa3349	108	Echo Night 2 - Nemuri no Shihaisha (Japan)
Echo Night 2 - Nemuri no Shihaisha (Japan) (Demo)	3e0e8db4	115	Echo Night 2 - Nemuri no Shihaisha (Japan)
Econo Kids - Ta ga Tame ni Kane wa Naru (Japan)	39253578	113	Econo Kids - Ta ga Tame ni Kane wa Naru (Japan)
Ecsaform (Japan) (Disc 1)	a1247cbc	91	Ecsaform (Japan) (Disc 1)
Ecsaform (Japan) (Disc 2)	a0795a6d	91	Ecsaform (Japan) (Disc 1)
Efficus - Kono Omoi o Kimi ni... (Japan)	38c5bbac	106	Efficus - Kono Omoi o Kimi ni... (Japan)
Egg (Japan)	c7b6cf8b	77	Egg (Japan)
Egg (Japan) (Major Wave)	8253ad6c	90	Egg (Japan)
Eggs of Steel - Charlie's Eggcellent Adventure (USA)	1ddef2de	118	Eggs of Steel - Charlie's Eggcellent Adventure (USA)
Egipto II - La Profecia de Heliopolis (Spain)	21f18ec0	260	Egipto II - La Profecia de Heliopolis (Spain)
Egypt 1156 A.C. - L'Enigma della Tomba Reale (Italy)	ea6c8678	118	Egypt 1156 A.C. - L'Enigma della Tomba Reale (Italy)
Egypt 1156 B.C. - Tomb of the Pharaoh (Europe) (En,Es,Nl,Sv)	064f546d	126	Egypt 1156 B.C. - Tomb of the Pharaoh (Europe) (En,Es,Nl,Sv)
Egypt II - Die Prophezeiung von Helipolis (Germany)	41f9d914	272	Egypt II - Die Prophezeiung von Helipolis (Germany)
Egypt II - La Profezia di Heliopolis (Italy)	5beabf8f	258	Egypt II - La Profezia di Heliopolis (Italy)
Egypt II - La Prophetie d'Heliopolis (France)	fc8dd36c	260	Egypt II - La Prophetie d'Heliopolis (France)
Egypt II - The Heliopolis Prophecy (Europe)	1b95b273	256	Egypt II - The Heliopolis Prophecy (Europe)
Egypte 1156 AV. J.-C. - L'Enigme de la Tombe Royale (France)	27ef3d78	126	Egypte 1156 AV. J.-C. - L'Enigme de la Tombe Royale (France)
Ehrgeiz - God Bless the Ring (Europe)	de6bd0c5	103	Ehrgeiz - God Bless the Ring (USA)
Ehrgeiz - God Bless the Ring (Japan)	1845a7d9	102	Ehrgeiz - God Bless the Ring (USA)
Ehrgeiz - God Bless the Ring (Japan) (Demo 1)	a04c4f0e	111	Ehrgeiz - God Bless the Ring (USA)
Ehrgeiz - God Bless the Ring (Japan) (Demo 2)	a11169df	111	Ehrgeiz - God Bless the Ring (USA)
Ehrgeiz - God Bless the Ring (USA)	f88f0f28	100	Ehrgeiz - God Bless the Ring (USA)
Eikan wa Kimi ni 4 (Japan)	bba17fd6	92	Eikan wa Kimi ni 4 (Japan)
Eikou no Fairway - Virtual Golf Simulation (Japan)	3c8e7da1	131	Final Round, The (USA)
Einhaender (Japan)	95bfa449	84	Einhaender (USA)
Einhaender (Japan) (Demo)	a8b7c27f	91	Einhaender (USA)
Einhaender (USA)	94ea5e7b	82	Einhaender (USA)
Eisei Meijin (Japan)	774ca5be	780	Eisei Meijin (Japan)
Eisei Meijin (Japan) (Rev 1)	a3e2045d	836	Eisei Meijin (Japan)
Eisei Meijin II (Japan)	810acd56	918	Eisei Meijin II (Japan)
Eisei Meijin III - Game Creator Yoshimura Nobuhiro no Zunou (Japan)	efefc965	1270	Eisei Meijin III - Game Creator Yoshimura Nobuhiro no Zunou (Japan)
Eithea (Japan) (Disc 1)	64c84700	89	Eithea (Japan) (Disc 1)
Eithea (Japan) (Disc 1) (Deluxe Pack)	84dac41f	103	Eithea (Japan) (Disc 1)
Eithea (Japan) (Disc 2)	659561d1	89	Eithea (Japan) (Disc 1)
Eithea (Japan) (Disc 2) (Deluxe Pack)	cd6c111c	103	Eithea (Japan) (Disc 1)
Eko Eko Azarak - Wizard of Darkness (Japan)	4f562b35	2328	Eko Eko Azarak - Wizard of Darkness (Japan)
Elan (Japan)	1925d29b	78	Elan (Japan)
Elan Plus (Japan)	c44a4715	83	Elan Plus (Japan)
Elder Gate (Japan)	22ec1035	84	Elder Gate (Japan)
Elder Gate (Japan) (Demo)	fd32ea7b	91	Elder Gate (Japan)
Elemental Gearbolt (USA)	41de948c	90	Elemental Gearbolt (USA)
Elemental Pinball (Europe)	4984c36a	92	Elemental Pinball (Europe)
Elf Masters presente Formula Karts - Special Edition (France)	47c45e8a	1698	Elf Masters presente Formula Karts - Special Edition (France)
Elf o Karu Monotachi - Hanafuda-hen (Japan)	1438b794	109	Elf o Karu Monotachi - Hanafuda-hen (Japan)
Elf o Karu Monotachi - Kanzenban (Japan) (Disc 1)	5ce2c655	115	Elf o Karu Monotachi - Kanzenban (Japan) (Disc 1)
Elf o Karu Monotachi - Kanzenban (Japan) (Disc 2)	5dbfe084	115	Elf o Karu Monotachi - Kanzenban (Japan) (Disc 1)
Elf o Karu Monotachi II (Japan) (Disc 1)	9fe2a3a1	106	Elf o Karu Monotachi II (Japan) (Disc 1)
Elf o Karu Monotachi II (Japan) (Disc 2)	9ebf8570	106	Elf o Karu Monotachi II (Japan) (Disc 1)
Elf o Karu Monotachi II (Japan) (Disc 3)	28a46500	106	Elf o Karu Monotachi II (Japan) (Disc 1)
Elfin Paradise (Japan)	35cce2c7	330	Elfin Paradise (Japan)
Eliminator (Europe) (En,Fr,De,Es,It)	6731dcdf	1292	Eliminator (USA)
Eliminator (USA)	fe6f120b	1092	Eliminator (USA)
Emit Value Pack (Japan) (En,Ja) (Disc 1) (Vol. 1 - Toki no Maigo)	f03b87ec	4302	Emit Value Pack (Japan) (En,Ja) (Disc 1) (Vol. 1 - Toki no Maigo)
Emit Value Pack (Japan) (En,Ja) (Disc 2) (Vol. 2 - Inochigake no Tabi)	ac0abcd2	5097	Emit Value Pack (Japan) (En,Ja) (Disc 1) (Vol. 1 - Toki no Maigo)
Emit Value Pack (Japan) (En,Ja) (Disc 3) (Vol. 3 - Watashi ni Sayonara wo)	45b17ac3	5559	Emit Value Pack (Japan) (En,Ja) (Disc 1) (Vol. 1 - Toki no Maigo)
Emmyrea (Japan)	f0f8282a	81	Emmyrea (Japan)
En Busca del Valle Encantado - El Retorno al Gran Valle (Spain)	e5f3b7b5	129	En Busca del Valle Encantado - El Retorno al Gran Valle (Spain)
End Sector (Japan)	10c68fd4	84	End Sector (Japan)
End Sector (Japan) (Demo)	6586e4c1	91	End Sector (Japan)
Enen Angel (Japan)	9aca62f9	84	Enen Angel (Japan)
Engacho! (Japan)	277754a3	202	Engacho! (Japan)
Enigma (Japan, Asia) (Disc 1)	ad979894	228	Enigma (Japan, Asia) (Disc 1)
Enigma (Japan, Asia) (Disc 2)	2c8c08f9	228	Enigma (Japan, Asia) (Disc 1)
Enomoto Kanako no Boke Shindan Game (Japan)	ffcd9660	109	Enomoto Kanako no Boke Shindan Game (Japan)
Entertainment Jansou - That's Pon! (Japan)	8e7bc598	934	Entertainment Jansou - That's Pon! (Japan)
Epica Stella (Japan)	9758636b	86	Epica Stella (Japan)
Epidemic (Europe)	2e0564de	83	Epidemic (USA)
Epidemic (USA)	31dc8f09	80	Epidemic (USA)
Equestriad 2001 (Europe) (En,De,Es)	90d91669	101	Equestriad 2001 (Europe) (En,De,Es)
Equestrian Showcase (USA)	f6fbedfd	91	Equestrian Showcase (USA)
Erlebe den Zauber von Disney auf der PlayStation (Germany)	5ef3ff8f	438	Disneys Hercules Action-Spiel (Germany)
Esto Es Futbol (Spain)	bc913f49	88	Esto Es Futbol (Spain)
Esto Es Futbol 2 (Spain)	13ecaadc	90	Esto Es Futbol 2 (Spain)
Esto Es Futbol 2 (Spain) (Demo)	98cca668	97	Esto Es Futbol 2 (Spain)
Eternal Eyes (Europe) (En,Fr,De,Es,It)	bcd0c80a	104	Eternal Eyes (USA)
Eternal Eyes (USA)	1745be49	84	Eternal Eyes (USA)
Eternal Melody (Japan)	c1efdd74	446	Eternal Melody (Japan)
Eurasia Express Satsujin Jiken (Japan) (Demo)	b5f180f6	111	Eurasia Express Satsujin Jiken (Japan) (Disc 1)
Eurasia Express Satsujin Jiken (Japan) (Disc 1)	d2570048	113	Eurasia Express Satsujin Jiken (Japan) (Disc 1)
Eurasia Express Satsujin Jiken (Japan) (Disc 2)	d30a2699	113	Eurasia Express Satsujin Jiken (Japan) (Disc 1)
Eurasia Express Satsujin Jiken (Japan) (Disc 3)	6511c6e9	113	Eurasia Express Satsujin Jiken (Japan) (Disc 1)
Eurasia Express Satsujin Jiken (Japan) (Disc 4)	d1b06b3b	113	Eurasia Express Satsujin Jiken (Japan) (Disc 1)
Europe Racer (Europe) (En,Fr,De,Es,It,Nl)	baef0938	1197	Europe Racer (Europe) (En,Fr,De,Es,It,Nl)
European Super League (Europe) (En,Fr,De,Es,It,Pt)	dd4a6272	116	European Super League (Europe) (En,Fr,De,Es,It,Pt)
Eve - The Fatal Attraction (Japan) (Disc 1)	a475c669	256	Eve - The Fatal Attraction (Japan) (Disc 1)
Eve - The Fatal Attraction (Japan) (Disc 1) (Premium Box)	787077f5	284	Eve - The Fatal Attraction (Japan) (Disc 1)
Eve - The Fatal Attraction (Japan) (Disc 2)	ab61078c	256	Eve - The Fatal Attraction (Japan) (Disc 1)
Eve - The Fatal Attraction (Japan) (Disc 2) (Premium Box)	8df0d37e	284	Eve - The Fatal Attraction (Japan) (Disc 1)
Eve - The Fatal Attraction (Japan) (Disc 3)	ae6d472f	256	Eve - The Fatal Attraction (Japan) (Disc 1)
Eve - The Fatal Attraction (Japan) (Disc 3) (Premium Box)	de8f4f07	284	Eve - The Fatal Attraction (Japan) (Disc 1)
Eve - The Lost One (Japan) (Disc 1) (Kyoko Disc)	798e56da	114	Eve - The Lost One (Japan) (Disc 1) (Kyoko Disc)
Eve - The Lost One (Japan) (Disc 1) (Kyoko Disc) (GameVillage The Best)	c8be739f	137	Eve - The Lost One (Japan) (Disc 1) (Kyoko Disc)
Eve - The Lost One (Japan) (Disc 2) (Snake Disc)	312e1ccd	114	Eve - The Lost One (Japan) (Disc 1) (Kyoko Disc)
Eve - The Lost One (Japan) (Disc 2) (Snake Disc) (GameVillage The Best)	ef706fe5	137	Eve - The Lost One (Japan) (Disc 1) (Kyoko Disc)
Eve - The Lost One (Japan) (Disc 3) (Lost One Disc)	f392537a	117	Eve - The Lost One (Japan) (Disc 1) (Kyoko Disc)
Eve - The Lost One (Japan) (Disc 3) (Lost One Disc) (GameVillage The Best)	ca4d4594	140	Eve - The Lost One (Japan) (Disc 1) (Kyoko Disc)
Eve - The Lost One (Japan) (Disc 4) (Premium Disc)	06fd0306	116	Eve - The Lost One (Japan) (Disc 1) (Kyoko Disc)
Eve Zero (Japan) (Disc 1)	9689b5c8	220	Eve Zero (Japan) (Disc 1)
Eve Zero (Japan) (Disc 1) (Premium Box)	17d491ae	248	Eve Zero (Japan) (Disc 1)
Eve Zero (Japan) (Disc 2)	d35156cd	220	Eve Zero (Japan) (Disc 1)
Eve Zero (Japan) (Disc 2) (Premium Box)	ec790538	248	Eve Zero (Japan) (Disc 1)
Eve Zero (Japan) (Disc 3)	efe6f7ce	220	Eve Zero (Japan) (Disc 1)
Eve Zero (Japan) (Disc 3) (Premium Box)	0c328b75	248	Eve Zero (Japan) (Disc 1)
Evergreen Avenue (Japan)	2d7d017d	218	Evergreen Avenue (Japan)
Everybody's Golf (Europe, Australia) (En,Fr,De,Es,It)	65b20b58	119	Everybody's Golf (Europe, Australia) (En,Fr,De,Es,It)
Everybody's Golf 2 (Europe)	62908cec	93	Everybody's Golf 2 (Europe)
Evil Dead - Hail to the King (Europe) (Disc 1)	c6eb0c28	112	Evil Dead - Hail to the King (USA) (Disc 1)
Evil Dead - Hail to the King (Europe) (Disc 2)	c7b62af9	112	Evil Dead - Hail to the King (USA) (Disc 1)
Evil Dead - Hail to the King (USA) (Disc 1)	24fa2a88	109	Evil Dead - Hail to the King (USA) (Disc 1)
Evil Dead - Hail to the King (USA) (Disc 2)	25a70c59	109	Evil Dead - Hail to the King (USA) (Disc 1)
Evil Zone (Europe)	c79138d6	84	Evil Zone (USA)
Evil Zone (USA)	3f45abc9	81	Evil Zone (USA)
Evo's Space Adventures (Europe) (En,Fr,De,Es,It)	657b102d	114	Evo's Space Adventures (Europe) (En,Fr,De,Es,It)
Exalegiuse (Japan)	6c017d8d	990	Exalegiuse (Japan)
Excalibur 2555 A.D. (Europe) (Demo)	b3499700	3492	Excalibur 2555 A.D. (USA)
Excalibur 2555 A.D. (Europe) (En,Fr,De,Es)	af2e0483	3681	Excalibur 2555 A.D. (USA)
Excalibur 2555 A.D. (Europe) (En,Fr,De,Es) (Rev 1)	c7dc1fc4	3897	Excalibur 2555 A.D. (USA)
Excalibur 2555 A.D. (Italy)	adf27e2a	3276	Excalibur 2555 A.D. (USA)
Excalibur 2555 A.D. (USA)	3871b3e6	3222	Excalibur 2555 A.D. (USA)
Exciting Bass (Japan)	170f442d	87	Exciting Bass (Japan)
Exciting Bass 2 (Japan)	1a1d77f8	89	Exciting Bass 2 (Japan)
Exciting Bass 3 (Japan)	cf180b84	89	Exciting Bass 3 (Japan)
Exciting Pro Wres (Japan)	056dbd7c	91	Exciting Pro Wres (Japan)
Exciting Pro Wres (Japan) (Demo)	3840d644	98	Exciting Pro Wres (Japan)
Exciting Pro Wres 2 (Japan)	7ddc4337	93	WWF SmackDown! 2 - Know Your Role (USA)
Exciting Pro Wres 2 (Japan) (Demo)	d2f82679	100	WWF SmackDown! 2 - Know Your Role (USA)
Exector (Japan)	fc8373ea	3172	Exector (Japan)
Exhumed (Europe) (En,Fr,De,Es)	f8ef47cc	96	Exhumed (Europe) (En,Fr,De,Es)
Exodus Guilty (Japan)	d4c73b0a	87	Exodus Guilty (Japan)
Expendable (USA)	82583146	1869	Expendable (USA)
Expert (Japan)	66fbd1a7	2271	Expert (Japan)
Explosive Racing (Europe)	022b5f35	3462	Explosive Racing (Europe)
Explosive Racing (France) (Demo)	c54363b0	3665	Explosive Racing (Europe)
Extra Bright (Japan)	cb5f424f	438	Extra Bright (Japan)
Extreme 500 (Europe) (En,De)	c3083e8a	958	Extreme 500 (Europe) (En,De)
Extreme Ghostbusters - The Ultimate Invasion (Europe) (En,Fr,De,Es,It,Nl)	e2ae7b5e	1318	Extreme Ghostbusters - The Ultimate Invasion (Europe) (En,Fr,De,Es,It,Nl)
Extreme Go-Kart Racing (USA)	0f6bf9e5	94	Extreme Go-Kart Racing (USA)
Extreme Pinball (Europe)	e820176b	2957	Extreme Pinball (USA)
Extreme Pinball (USA)	180c0222	2882	Extreme Pinball (USA)
Extreme Power (Japan)	a3253fc7	212	Extreme Power (Japan)
Extreme Snow Break (Europe)	c0eeb1a3	1690	Extreme Snow Break (Europe)
Extreme Snow Break (Europe) (Demo)	bbbe219c	1401	Extreme Snow Break (Europe)
F-1 Grand Prix 1996 - Team Un'ei Simulation (Japan)	82fa6078	1442	F-1 Grand Prix 1996 - Team Un'ei Simulation (Japan)
F.A. Manager (Europe)	d490c546	87	F.A. Manager (Europe)
F.A. Premier League Football Manager 2000, The (Europe)	8c0ad906	280	F.A. Premier League Football Manager 2000, The (Europe)
F.A. Premier League Football Manager 2001, The (Europe)	829fc470	280	F.A. Premier League Football Manager 2001, The (Europe)
F.A. Premier League Stars 2001, The (Europe)	70be3228	258	F.A. Premier League Stars 2001, The (Europe)
F.A. Premier League Stars, The (Europe)	cdf97456	248	F.A. Premier League Stars, The (Europe)
F1 2000 (Europe) (En,Es,Sv,Da,Fi)	14fde16a	236	F1 2000 (USA) (En,Fr,Es)
F1 2000 (Europe) (En,Fr,De,Nl)	82ad142a	230	F1 2000 (USA) (En,Fr,Es)
F1 2000 (Italy)	3ae4bbd1	200	F1 2000 (USA) (En,Fr,Es)
F1 2000 (Japan)	9fefcaab	81	F1 2000 (USA) (En,Fr,Es)
F1 2000 (Japan) (Demo)	59d834c4	88	F1 2000 (USA) (En,Fr,Es)
F1 2000 (USA) (En,Fr,Es)	c48ccefe	90	F1 2000 (USA) (En,Fr,Es)
F1 Championship Season 2000 (Europe) (En,Es,Sv,Fi)	40d85ccf	116	F1 Championship Season 2000 (USA) (En,Fr,Es)
F1 Championship Season 2000 (Europe) (En,Fr,De,Nl)	30f20254	116	F1 Championship Season 2000 (USA) (En,Fr,Es)
F1 Championship Season 2000 (Italy)	62cbe214	101	F1 Championship Season 2000 (USA) (En,Fr,Es)
F1 Championship Season 2000 (USA) (En,Fr,Es)	72cb5c64	110	F1 Championship Season 2000 (USA) (En,Fr,Es)
F1 GP Nippon no Chousen - Dome no Yabou (Japan)	92c29ce6	113	F1 GP Nippon no Chousen - Dome no Yabou (Japan)
F1 Racing Championship (Europe) (En,Fr,De,Es,It)	285be3f2	114	F1 Racing Championship (USA) (En,Fr)
F1 Racing Championship (USA) (En,Fr)	b9f2f0b0	102	F1 Racing Championship (USA) (En,Fr)
F1 World Grand Prix (Europe)	a7773cbe	94	F1 World Grand Prix (USA)
F1 World Grand Prix (Germany)	38cd3b10	95	F1 World Grand Prix (USA)
F1 World Grand Prix (Italy)	b1fe563a	93	F1 World Grand Prix (USA)
F1 World Grand Prix (USA)	454a5c2a	91	F1 World Grand Prix (USA)
F1 World Grand Prix - 1999 Season (Europe) (En,Fr,De,Es,It)	a5402b5b	288	F1 World Grand Prix - 1999 Season (USA) (En,Fr,De,Es,It)
F1 World Grand Prix - 1999 Season (Europe) (En,Fr,De,Es,It) (Beta) (1999-11-18)	03e5a00d	328	F1 World Grand Prix - 1999 Season (USA) (En,Fr,De,Es,It)
F1 World Grand Prix - 1999 Season (USA) (En,Fr,De,Es,It)	6da94a56	282	F1 World Grand Prix - 1999 Season (USA) (En,Fr,De,Es,It)
F1 World Grand Prix - Saison 2000 (France)	02e844ef	108	F1 World Grand Prix - Saison 2000 (France)
FEDA 2 - White Surge the Platoon (Japan)	6946ac77	106	FEDA 2 - White Surge the Platoon (Japan)
FIFA - Die WM-Qualifikation 98 (Germany) (En,Fr,De,Es,Nl,Sv)	90e3aac4	126	FIFA - Die WM-Qualifikation 98 (Germany) (En,Fr,De,Es,Nl,Sv)
FIFA - En Route pour la Coupe du Monde 98 (France) (En,Fr,De,Es,Nl,Sv)	2781e58f	136	FIFA - En Route pour la Coupe du Monde 98 (France) (En,Fr,De,Es,Nl,Sv)
FIFA - Road to World Cup 98 (Europe) (En,Fr,De,Es,Nl,Sv)	e4444850	122	FIFA - Road to World Cup 98 (USA) (En,Fr,De,Es,Nl,Sv)
FIFA - Road to World Cup 98 (Italy)	84d13139	101	FIFA - Road to World Cup 98 (USA) (En,Fr,De,Es,Nl,Sv)
FIFA - Road to World Cup 98 (Japan)	ed3e1fd3	101	FIFA - Road to World Cup 98 (USA) (En,Fr,De,Es,Nl,Sv)
FIFA - Road to World Cup 98 (Japan) (Demo)	b10f19ea	108	FIFA - Road to World Cup 98 (USA) (En,Fr,De,Es,Nl,Sv)
FIFA - Road to World Cup 98 (USA) (En,Fr,De,Es,Nl,Sv)	4f57b19c	119	FIFA - Road to World Cup 98 (USA) (En,Fr,De,Es,Nl,Sv)
FIFA - Rumbo al Mundial 98 (Spain) (En,Fr,De,Es,Nl,Sv)	9f7310db	120	FIFA - Rumbo al Mundial 98 (Spain) (En,Fr,De,Es,Nl,Sv)
FIFA 2000 (Europe) (En,De,Es,Nl,Sv)	7d86766a	101	FIFA 2000 (Europe) (En,De,Es,Nl,Sv)
FIFA 2000 (Europe) (En,De,Es,Nl,Sv) (Rev 1)	c0a183cb	109	FIFA 2000 (Europe) (En,De,Es,Nl,Sv)
FIFA 2000 (France)	1c2b30f6	84	FIFA 2000 (Europe) (En,De,Es,Nl,Sv)
FIFA 2000 (Germany) (En,De,Es,Nl,Sv)	8ce22f5e	102	FIFA 2000 (Europe) (En,De,Es,Nl,Sv)
FIFA 2000 (Greece)	17f19c25	84	FIFA 2000 (Europe) (En,De,Es,Nl,Sv)
FIFA 2000 (Israel)	4eb4d41a	84	FIFA 2000 (Europe) (En,De,Es,Nl,Sv)
FIFA 2000 (Italy)	3734b4bf	83	FIFA 2000 (Europe) (En,De,Es,Nl,Sv)
FIFA 2000 (Spain) (En,De,Es,Nl,Sv)	bd0e116f	100	FIFA 2000 (Europe) (En,De,Es,Nl,Sv)
FIFA 2000 - Europe League Soccer (Japan)	c94c392a	106	FIFA 2000 - Europe League Soccer (Japan)
FIFA 2000 - Major League Soccer (USA) (En,De,Es,Nl,Sv)	30bb1243	120	FIFA 2000 - Major League Soccer (USA) (En,De,Es,Nl,Sv)
FIFA 2001 (Europe) (En,De,Es,Nl,Sv)	d07b4a1e	101	FIFA 2001 (USA) (En,De,Es,Nl,Sv)
FIFA 2001 (France)	454d089d	84	FIFA 2001 (USA) (En,De,Es,Nl,Sv)
FIFA 2001 (Germany) (En,De,Es,Nl,Sv)	db276747	102	FIFA 2001 (USA) (En,De,Es,Nl,Sv)
FIFA 2001 (Greece)	4e97a44e	84	FIFA 2001 (USA) (En,De,Es,Nl,Sv)
FIFA 2001 (Israel)	17d2ec71	84	FIFA 2001 (USA) (En,De,Es,Nl,Sv)
FIFA 2001 (Italy)	e231c8c3	83	FIFA 2001 (USA) (En,De,Es,Nl,Sv)
FIFA 2001 (Spain) (En,De,Es,Nl,Sv)	27ba2305	100	FIFA 2001 (USA) (En,De,Es,Nl,Sv)
FIFA 2001 (USA) (En,De,Es,Nl,Sv)	9873a523	98	FIFA 2001 (USA) (En,De,Es,Nl,Sv)
FIFA 97 (Europe) (En,Fr,De,Es,It,Sv)	5fe7b05b	892	FIFA 97 (Europe) (En,Fr,De,Es,It,Sv)
FIFA 97 (France) (En,Fr,De,Es,It,Sv)	cafd1ac2	892	FIFA 97 (Europe) (En,Fr,De,Es,It,Sv)
FIFA 97 (Germany) (En,Fr,De,Es,It,Sv)	7122f7c8	899	FIFA 97 (Europe) (En,Fr,De,Es,It,Sv)
FIFA 99 (Europe) (En,Fr,De,Es,Nl,Sv)	35f80eeb	102	FIFA 99 (USA) (En,Fr,De,Es,Nl,Sv)
FIFA 99 (France) (En,Fr,De,Es,Nl,Sv)	f881e01c	102	FIFA 99 (USA) (En,Fr,De,Es,Nl,Sv)
FIFA 99 (Germany) (En,Fr,De,Es,Nl,Sv)	277afab8	103	FIFA 99 (USA) (En,Fr,De,Es,Nl,Sv)
FIFA 99 (Italy)	cbccf310	81	FIFA 99 (USA) (En,Fr,De,Es,Nl,Sv)
FIFA 99 (Spain) (En,Fr,De,Es,Nl,Sv)	666cd228	101	FIFA 99 (USA) (En,Fr,De,Es,Nl,Sv)
FIFA 99 (USA) (En,Fr,De,Es,Nl,Sv)	a8faebbd	99	FIFA 99 (USA) (En,Fr,De,Es,Nl,Sv)
FIFA 99 - Europe League Soccer (Japan)	51230932	104	FIFA 99 - Europe League Soccer (Japan)
FIFA Football 2002 (Belgium)	89b4dd82	94	FIFA Football 2002 (Europe) (En,De,Es,Nl,Sv)
FIFA Football 2002 (Europe) (En,De,Es,Nl,Sv)	f189f931	110	FIFA Football 2002 (Europe) (En,De,Es,Nl,Sv)
FIFA Football 2002 (France)	34aab740	93	FIFA Football 2002 (Europe) (En,De,Es,Nl,Sv)
FIFA Football 2002 (Germany) (En,De,Es,Nl,Sv)	70d7a8ad	111	FIFA Football 2002 (Europe) (En,De,Es,Nl,Sv)
FIFA Football 2002 (Italy)	b40b9c87	92	FIFA Football 2002 (Europe) (En,De,Es,Nl,Sv)
FIFA Football 2002 (Spain) (En,De,Es,Nl,Sv)	61fdb931	109	FIFA Football 2002 (Europe) (En,De,Es,Nl,Sv)
FIFA Football 2003 (Europe) (En,Nl,Sv)	c392fbd7	104	FIFA Football 2003 (Europe) (En,Nl,Sv)
FIFA Football 2003 (France)	6dcc8f2b	93	FIFA Football 2003 (Europe) (En,Nl,Sv)
FIFA Football 2003 (Germany)	c82e1b56	94	FIFA Football 2003 (Europe) (En,Nl,Sv)
FIFA Football 2003 (Italy)	610ee0fb	92	FIFA Football 2003 (Europe) (En,Nl,Sv)
FIFA Football 2003 (Spain)	3c4a1123	92	FIFA Football 2003 (Europe) (En,Nl,Sv)
FIFA Football 2004 (Europe) (En,Nl,Sv)	19a6b5cf	104	FIFA Football 2004 (Europe) (En,Nl,Sv)
FIFA Football 2004 (France)	388f207b	93	FIFA Football 2004 (Europe) (En,Nl,Sv)
FIFA Football 2004 (Germany)	a310090d	94	FIFA Football 2004 (Europe) (En,Nl,Sv)
FIFA Football 2004 (Italy)	27879f4c	92	FIFA Football 2004 (Europe) (En,Nl,Sv)
FIFA Football 2004 (Spain)	7ac36e94	92	FIFA Football 2004 (Europe) (En,Nl,Sv)
FIFA Football 2005 (Europe) (En,Nl)	7809787a	101	FIFA Soccer 2005 (USA) (En,Es)
FIFA Football 2005 (France)	61e91810	93	FIFA Soccer 2005 (USA) (En,Es)
FIFA Football 2005 (Germany)	7929d7e5	94	FIFA Soccer 2005 (USA) (En,Es)
FIFA Football 2005 (Italy)	f282e330	92	FIFA Soccer 2005 (USA) (En,Es)
FIFA Football 2005 (Spain)	afc612e8	92	FIFA Soccer 2005 (USA) (En,Es)
FIFA Soccer 2002 (USA) (En,Es)	6e6b4bea	96	FIFA Soccer 2002 (USA) (En,Es)
FIFA Soccer 2003 (USA) (En,Es)	92358c77	96	FIFA Soccer 2003 (USA) (En,Es)
FIFA Soccer 2004 (USA) (En,Es)	0a3ed067	96	FIFA Soccer 2004 (USA) (En,Es)
FIFA Soccer 2005 (USA) (En,Es)	f66017fa	96	FIFA Soccer 2005 (USA) (En,Es)
FIFA Soccer 96 (Europe) (En,Fr,De,Es,It,Sv)	eb207a74	109	FIFA Soccer 96 (USA) (En,Fr,De,Es,It,Sv)
FIFA Soccer 96 (USA) (En,Fr,De,Es,It,Sv)	06bd3026	106	FIFA Soccer 96 (USA) (En,Fr,De,Es,It,Sv)
FIFA Soccer 97 (Japan)	6006caa4	214	FIFA Soccer 97 (USA) (En,Fr,De,Es,It,Sv)
FIFA Soccer 97 (USA) (En,Fr,De,Es,It,Sv)	92a6862d	920	FIFA Soccer 97 (USA) (En,Fr,De,Es,It,Sv)
FIFA World Cup 98 - France 98 Soushuu-hen (Japan)	c77548a7	115	World Cup 98 (USA) (En,Fr,De,Es,Nl,Sv,Da)
Fade to Black (Europe) (En,Fr,De,Es,It) (En,De)	97dc3437	113	Fade to Black (USA) (En,Fr,De,Es,It)
Fade to Black (Europe) (En,Fr,De,Es,It) (En,Fr)	387a6a92	113	Fade to Black (USA) (En,Fr,De,Es,It)
Fade to Black (Japan) (En,Ja)	8d9bb55e	95	Fade to Black (USA) (En,Fr,De,Es,It)
Fade to Black (Japan) (En,Ja) (Demo)	63a847b5	102	Fade to Black (USA) (En,Fr,De,Es,It)
Fade to Black (USA) (En,Fr,De,Es,It)	79dbdafc	102	Fade to Black (USA) (En,Fr,De,Es,It)
Falcata - Astran Pardma no Monshou (Japan)	4d3bb55c	1626	Falcata - Astran Pardma no Monshou (Japan)
Family 1500 Series - Mahjong (Japan)	4f3e915a	632	Family 1500 Series - Mahjong (Japan)
Family Bowling (Japan)	0af376d1	2322	Family Bowling (Japan)
Family Card Games Fun Pack (USA)	5bd18576	1633	Family Card Games Fun Pack (USA)
Family Chess (Japan)	e38ba7ce	86	Family Chess (Japan)
Family Diamond (Japan)	301c7408	88	Family Diamond (Japan)
Family Feud (USA)	27294ae0	83	Family Feud (USA)
Family Game Pack (USA)	962c4260	88	Family Game Pack (USA)
Family Games Compendium (Europe) (Disc 1)	c2e5bebe	1614	Family Games Compendium (Europe) (Disc 1)
Family Games Compendium (Europe) (Disc 2)	b4d6ca5f	1750	Family Games Compendium (Europe) (Disc 1)
Family Games Compendium (Europe) (En,Fr,De,It) (Disc 3)	5d5f717c	429	Family Games Compendium (Europe) (Disc 1)
Family Gunjin Shougi (Japan)	a30f92a3	94	Family Gunjin Shougi (Japan)
Family Igo - Super Strong (Japan)	a789b165	99	Family Igo - Super Strong (Japan)
Family Igo 2 (Japan)	e94f91fb	86	Family Igo 2 (Japan)
Family Shougi - Super Strong (Japan)	76a35757	102	Family Shougi - Super Strong (Japan)
Family Shougi 2 (Japan)	b84b3996	89	Family Shougi 2 (Japan)
Famires e Youkoso! (Japan)	c09666ed	92	Famires e Youkoso! (Japan)
Famires, The (Japan)	1b14a737	86	Famires, The (Japan)
Famires, The - Shijou Saikyou no Menu (Japan)	fdb30cf5	111	Famires, The - Shijou Saikyou no Menu (Japan)
Famires, The - Shijou Saikyou no Menu (Japan) (Major Wave)	ebfd690b	124	Famires, The - Shijou Saikyou no Menu (Japan)
Fantastep (Japan)	d12690ba	6142	Fantastep (Japan)
Fantastic Fortune (Japan)	9df99269	220	Fantastic Fortune (Japan)
Fantastic Four (Europe) (En,Fr,De,Es,It)	f538e1ad	3762	Fantastic Four (USA)
Fantastic Four (Japan)	52afb800	3258	Fantastic Four (USA)
Fantastic Four (USA)	786d6c09	3202	Fantastic Four (USA)
Fantastic Night Dreams - Cotton Original (Japan)	4c63acd9	114	Fantastic Night Dreams - Cotton Original (Japan)
Farland Saga - Toki no Michishirube (Japan)	f81cf486	109	Farland Saga - Toki no Michishirube (Japan)
Farland Story - Yottsu no Fuuin (Japan)	a611bf9c	647	Farland Story - Yottsu no Fuuin (Japan)
Farland Story - Yottsu no Fuuin (Japan) (Demo)	ad21e4c7	682	Farland Story - Yottsu no Fuuin (Japan)
Fatal Fury - Wild Ambition (USA)	16b3fc24	98	Fatal Fury - Wild Ambition (USA)
Favorite Dear (Japan)	160f8aa8	87	Favorite Dear (Japan)
Favorite Dear - Enkan no Monogatari (Japan)	555308f1	109	Favorite Dear - Enkan no Monogatari (Japan)
Favorite Dear - Junpaku no Yogensha (Japan)	6a71995a	109	Favorite Dear - Junpaku no Yogensha (Japan)
Fear Effect (Europe) (En,Es,It) (Disc 1)	ded256fc	106	Fear Effect (USA) (Disc 1)
Fear Effect (Europe) (En,Es,It) (Disc 2)	df8f702d	106	Fear Effect (USA) (Disc 1)
Fear Effect (Europe) (En,Es,It) (Disc 3)	6994905d	106	Fear Effect (USA) (Disc 1)
Fear Effect (Europe) (En,Es,It) (Disc 4)	dd353d8f	106	Fear Effect (USA) (Disc 1)
Fear Effect (France) (Disc 1)	a696b2f0	95	Fear Effect (USA) (Disc 1)
Fear Effect (France) (Disc 2)	a7cb9421	95	Fear Effect (USA) (Disc 1)
Fear Effect (France) (Disc 3)	11d07451	95	Fear Effect (USA) (Disc 1)
Fear Effect (France) (Disc 4)	a571d983	95	Fear Effect (USA) (Disc 1)
Fear Effect (Germany) (Disc 1)	f3e60878	96	Fear Effect (USA) (Disc 1)
Fear Effect (Germany) (Disc 2)	f2bb2ea9	96	Fear Effect (USA) (Disc 1)
Fear Effect (Germany) (Disc 3)	44a0ced9	96	Fear Effect (USA) (Disc 1)
Fear Effect (Germany) (Disc 4)	f001630b	96	Fear Effect (USA) (Disc 1)
Fear Effect (USA) (Disc 1)	13c57a2c	92	Fear Effect (USA) (Disc 1)
Fear Effect (USA) (Disc 2)	12985cfd	92	Fear Effect (USA) (Disc 1)
Fear Effect (USA) (Disc 3)	a483bc8d	92	Fear Effect (USA) (Disc 1)
Fear Effect (USA) (Disc 4)	1022115f	92	Fear Effect (USA) (Disc 1)
Fear Effect 2 - Retro Helix (Europe) (En,Fr,De) (Disc 1)	5715157c	122	Fear Effect 2 - Retro Helix (USA) (Disc 1)
Fear Effect 2 - Retro Helix (Europe) (En,Fr,De) (Disc 2)	564833ad	122	Fear Effect 2 - Retro Helix (USA) (Disc 1)
Fear Effect 2 - Retro Helix (Europe) (En,Fr,De) (Disc 3)	e053d3dd	122	Fear Effect 2 - Retro Helix (USA) (Disc 1)
Fear Effect 2 - Retro Helix (Europe) (En,Fr,De) (Disc 4)	54f27e0f	122	Fear Effect 2 - Retro Helix (USA) (Disc 1)
Fear Effect 2 - Retro Helix (USA) (Disc 1)	975cb390	108	Fear Effect 2 - Retro Helix (USA) (Disc 1)
Fear Effect 2 - Retro Helix (USA) (Disc 1) (Rev 1)	e1eedb52	116	Fear Effect 2 - Retro Helix (USA) (Disc 1)
Fear Effect 2 - Retro Helix (USA) (Disc 2)	96019541	108	Fear Effect 2 - Retro Helix (USA) (Disc 1)
Fear Effect 2 - Retro Helix (USA) (Disc 2) (Rev 1)	0a4493ef	116	Fear Effect 2 - Retro Helix (USA) (Disc 1)
Fear Effect 2 - Retro Helix (USA) (Disc 3)	201a7531	108	Fear Effect 2 - Retro Helix (USA) (Disc 1)
Fear Effect 2 - Retro Helix (USA) (Disc 3) (Rev 1)	5322ab84	116	Fear Effect 2 - Retro Helix (USA) (Disc 1)
Fear Effect 2 - Retro Helix (USA) (Disc 4)	94bbd8e3	108	Fear Effect 2 - Retro Helix (USA) (Disc 1)
Fear Effect 2 - Retro Helix (USA) (Disc 4) (Rev 1)	066104d4	116	Fear Effect 2 - Retro Helix (USA) (Disc 1)
Fear Factor (USA) (Beta) (1999-05-05)	dc1b98c2	103	Fear Effect (USA) (Disc 1)
Felony 11-79 (Europe) (En,Fr,De)	05282a9a	98	Felony 11-79 (USA)
Felony 11-79 (USA)	69135f7c	84	Felony 11-79 (USA)
Fever - Sankyo Koushiki Pachinko Simulation (Japan)	457b09d0	1287	Fever - Sankyo Koushiki Pachinko Simulation (Japan)
Fever 2 - Sankyo Koushiki Pachinko Simulation (Japan)	419da864	2794	Fever 2 - Sankyo Koushiki Pachinko Simulation (Japan)
Fever 3 - Sankyo Koushiki Pachinko Simulation (Japan)	ac612027	1305	Fever 3 - Sankyo Koushiki Pachinko Simulation (Japan)
Fever 4 - Sankyo Koushiki Pachinko Simulation (Japan)	c2e5dde2	1610	Fever 4 - Sankyo Koushiki Pachinko Simulation (Japan)
Fever 5 - Sankyo Koushiki Pachinko Simulation (Japan)	efdd83bd	1758	Fever 5 - Sankyo Koushiki Pachinko Simulation (Japan)
Fifth Element, The (Europe) (En,Fr,De,Es,It)	e635a422	1372	Fifth Element, The (USA)
Fifth Element, The (Japan)	bc3ef576	1192	Fifth Element, The (USA)
Fifth Element, The (USA)	cc901406	1172	Fifth Element, The (USA)
Fighter Maker (Europe)	0d59229a	214	Fighter Maker (USA)
Fighter Maker (USA)	e7274407	208	Fighter Maker (USA)
Fighter Maker (USA) (Beta) (1999-10-07)	52ded9d0	248	Fighter Maker (USA)
Fighters' Impact (Japan, Asia)	6187a87d	96	Fighters' Impact (Japan, Asia)
Fighting Eyes (Japan)	621a5fb1	87	Fighting Eyes (Japan)
Fighting Force & Tomb Raider II (Germany) (En,Fr,De) (Demo)	583e51f8	1206	Fighting Force (USA)
Fighting Force (Europe) (En,Fr,De)	9b9a828f	3465	Fighting Force (USA)
Fighting Force (Europe) (En,Fr,De) (Demo)	0ad6e266	792	Fighting Force (USA)
Fighting Force (Europe) (En,Fr,De) (EDC)	7bba7ac3	3627	Fighting Force (USA)
Fighting Force (USA)	159b2bbc	3087	Fighting Force (USA)
Fighting Force (USA) (Rev 1)	b498b22f	3303	Fighting Force (USA)
Fighting Force (USA) (Rev 1) (EDC)	0b21a7b3	3465	Fighting Force (USA)
Fighting Force (USA) (Rev 2)	56e77cde	3303	Fighting Force (USA)
Fighting Force 2 (Europe) (Demo)	3b86a365	98	Fighting Force 2 (USA)
Fighting Force 2 (Europe) (En,Fr)	0658ea14	236	Fighting Force 2 (USA)
Fighting Force 2 (Europe) (Es,It)	7448033f	236	Fighting Force 2 (USA)
Fighting Force 2 (Germany)	fddb64c3	222	Fighting Force 2 (USA)
Fighting Force 2 (USA)	9b119a09	214	Fighting Force 2 (USA)
Fighting Illusion - K-1 GP 2000 (Japan)	ab2c29d1	248	Fighting Illusion - K-1 GP 2000 (Japan)
Fighting Illusion - K-1 Grand Prix '98 (Japan)	d0d0d5fb	3084	K-1 Grand Prix (USA)
Fighting Illusion - K-1 Grand Prix '98 (Japan) (Demo)	bc3c9a81	3830	K-1 Grand Prix (USA)
Fighting Illusion - K-1 Grand Prix (Japan)	1edff68d	1900	Fighting Illusion - K-1 GP 2000 (Japan)
Fighting Illusion - K-1 Revenge (Japan)	ec78afa2	2126	Fighting Illusion - K-1 Revenge (Japan)
Fighting Illusion V - K-1 Grand Prix '99 (Japan)	4f69561c	266	Fighting Illusion V - K-1 Grand Prix '99 (Japan)
Fighting Network Rings (Japan)	69dc8bee	726	Fighting Network Rings (Japan)
Final Doom (Europe)	7967562d	773	Final Doom (USA)
Final Doom (Japan)	a669d564	766	Final Doom (USA)
Final Doom (USA)	ce079e46	752	Final Doom (USA)
Final Fantasy (Japan)	5534814b	87	Final Fantasy (Japan)
Final Fantasy (Japan) (Premium Package)	6ce06b6a	105	Final Fantasy (Japan)
Final Fantasy Anthology - European Edition - Final Fantasy IV (Europe, Australia)	2680986b	147	Final Fantasy Anthology - European Edition - Final Fantasy IV (Europe, Australia)
Final Fantasy Anthology - European Edition - Final Fantasy V (Europe, Australia)	da09d900	146	Final Fantasy Anthology - European Edition - Final Fantasy V (Europe, Australia)
Final Fantasy Anthology - Final Fantasy V (USA)	6b4b3db5	113	Final Fantasy Anthology - Final Fantasy V (USA)
Final Fantasy Anthology - Final Fantasy V (USA) (Rev 1)	1b46a9b0	121	Final Fantasy Anthology - Final Fantasy V (USA)
Final Fantasy Anthology - Final Fantasy VI (USA)	682ab9c6	114	Final Fantasy Anthology - Final Fantasy VI (USA)
Final Fantasy Anthology - Final Fantasy VI (USA) (Rev 1)	c1c8570d	122	Final Fantasy Anthology - Final Fantasy VI (USA)
Final Fantasy Chronicles - Chrono Trigger (USA) (Beta) (2001-05-19)	4fc7de52	133	Final Fantasy Chronicles - Chrono Trigger (USA, Canada)
Final Fantasy Chronicles - Chrono Trigger (USA) (Rev 1)	bf7ca046	121	Final Fantasy Chronicles - Chrono Trigger (USA, Canada)
Final Fantasy Chronicles - Chrono Trigger (USA, Canada)	c8b35084	121	Final Fantasy Chronicles - Chrono Trigger (USA, Canada)
Final Fantasy Chronicles - Final Fantasy IV (USA) (Rev 1)	f557460d	123	Final Fantasy Chronicles - Final Fantasy IV (USA, Canada)
Final Fantasy Chronicles - Final Fantasy IV (USA, Canada)	8298b6cf	123	Final Fantasy Chronicles - Final Fantasy IV (USA, Canada)
Final Fantasy II (Japan)	60dad4df	90	Final Fantasy II (Japan)
Final Fantasy II (Japan) (Premium Package)	e3279f72	108	Final Fantasy II (Japan)
Final Fantasy IV (Japan)	05f0ae87	90	Final Fantasy Chronicles - Final Fantasy IV (USA, Canada)
Final Fantasy IX (Europe) (Disc 1)	f0f30ff9	100	Final Fantasy IX (USA, Canada) (Disc 1)
Final Fantasy IX (Europe) (Disc 2)	f1ae2928	100	Final Fantasy IX (USA, Canada) (Disc 1)
Final Fantasy IX (Europe) (Disc 3)	47b5c958	100	Final Fantasy IX (USA, Canada) (Disc 1)
Final Fantasy IX (Europe) (Disc 4)	f314648a	100	Final Fantasy IX (USA, Canada) (Disc 1)
Final Fantasy IX (France) (Disc 1)	422234c3	100	Final Fantasy IX (USA, Canada) (Disc 1)
Final Fantasy IX (France) (Disc 2)	437f1212	100	Final Fantasy IX (USA, Canada) (Disc 1)
Final Fantasy IX (France) (Disc 3)	f564f262	100	Final Fantasy IX (USA, Canada) (Disc 1)
Final Fantasy IX (France) (Disc 4)	41c55fb0	100	Final Fantasy IX (USA, Canada) (Disc 1)
Final Fantasy IX (Germany) (Disc 1)	4cd2dde8	101	Final Fantasy IX (USA, Canada) (Disc 1)
Final Fantasy IX (Germany) (Disc 2)	4d8ffb39	101	Final Fantasy IX (USA, Canada) (Disc 1)
Final Fantasy IX (Germany) (Disc 3)	fb941b49	101	Final Fantasy IX (USA, Canada) (Disc 1)
Final Fantasy IX (Germany) (Disc 4)	4f35b69b	101	Final Fantasy IX (USA, Canada) (Disc 1)
Final Fantasy IX (Italy) (Disc 1)	9756ec3d	99	Final Fantasy IX (USA, Canada) (Disc 1)
Final Fantasy IX (Italy) (Disc 2)	960bcaec	99	Final Fantasy IX (USA, Canada) (Disc 1)
Final Fantasy IX (Italy) (Disc 3)	20102a9c	99	Final Fantasy IX (USA, Canada) (Disc 1)
Final Fantasy IX (Italy) (Disc 4)	94b1874e	99	Final Fantasy IX (USA, Canada) (Disc 1)
Final Fantasy IX (Japan, Asia) (Disc 1)	51c63977	105	Final Fantasy IX (USA, Canada) (Disc 1)
Final Fantasy IX (Japan, Asia) (Disc 2)	509b1fa6	105	Final Fantasy IX (USA, Canada) (Disc 1)
Final Fantasy IX (Japan, Asia) (Disc 3)	e680ffd6	105	Final Fantasy IX (USA, Canada) (Disc 1)
Final Fantasy IX (Japan, Asia) (Disc 4)	52215204	105	Final Fantasy IX (USA, Canada) (Disc 1)
Final Fantasy IX (Spain) (Disc 1)	0b1c518b	99	Final Fantasy IX (USA, Canada) (Disc 1)
Final Fantasy IX (Spain) (Disc 2)	0a41775a	99	Final Fantasy IX (USA, Canada) (Disc 1)
Final Fantasy IX (Spain) (Disc 3)	bc5a972a	99	Final Fantasy IX (USA, Canada) (Disc 1)
Final Fantasy IX (Spain) (Disc 4)	08fb3af8	99	Final Fantasy IX (USA, Canada) (Disc 1)
Final Fantasy IX (USA, Canada) (Disc 1)	905a4c0c	105	Final Fantasy IX (USA, Canada) (Disc 1)
Final Fantasy IX (USA, Canada) (Disc 1) (Rev 1)	6f8e0fd1	113	Final Fantasy IX (USA, Canada) (Disc 1)
Final Fantasy IX (USA, Canada) (Disc 2)	91076add	105	Final Fantasy IX (USA, Canada) (Disc 1)
Final Fantasy IX (USA, Canada) (Disc 2) (Rev 1)	8424476c	113	Final Fantasy IX (USA, Canada) (Disc 1)
Final Fantasy IX (USA, Canada) (Disc 3)	271c8aad	105	Final Fantasy IX (USA, Canada) (Disc 1)
Final Fantasy IX (USA, Canada) (Disc 3) (Rev 1)	dd427f07	113	Final Fantasy IX (USA, Canada) (Disc 1)
Final Fantasy IX (USA, Canada) (Disc 4)	93bd277f	105	Final Fantasy IX (USA, Canada) (Disc 1)
Final Fantasy IX (USA, Canada) (Disc 4) (Rev 1)	8801d057	113	Final Fantasy IX (USA, Canada) (Disc 1)
Final Fantasy Origins (USA)	d6dc1f91	93	Final Fantasy Origins (USA)
Final Fantasy Origins (USA, Canada) (Rev 1)	79a2853a	109	Final Fantasy Origins (USA)
Final Fantasy Origins - Final Fantasy (Europe)	198d1599	112	Final Fantasy Origins - Final Fantasy (Europe)
Final Fantasy Origins - Final Fantasy II (Europe)	b8f23f31	115	Final Fantasy Origins - Final Fantasy II (Europe)
Final Fantasy Tactics (Japan)	9782159f	95	Final Fantasy Tactics (USA)
Final Fantasy Tactics (Japan) (Rev 1)	348152f5	103	Final Fantasy Tactics (USA)
Final Fantasy Tactics (USA)	b347a10b	93	Final Fantasy Tactics (USA)
Final Fantasy V (Japan, Asia)	c09f1224	95	Final Fantasy V (Japan, Asia)
Final Fantasy VI (Europe, Australia)	3315725d	102	Final Fantasy VI (Europe, Australia)
Final Fantasy VI (Japan, Asia)	121d1002	96	Final Fantasy VI (Europe, Australia)
Final Fantasy VII (Europe) (Disc 1)	c64eedb0	101	Final Fantasy VII (USA) (Disc 1)
Final Fantasy VII (Europe) (Disc 2)	c713cb61	101	Final Fantasy VII (USA) (Disc 1)
Final Fantasy VII (Europe) (Disc 3)	71082b11	101	Final Fantasy VII (USA) (Disc 1)
Final Fantasy VII (France) (Disc 1)	749fd68a	101	Final Fantasy VII (USA) (Disc 1)
Final Fantasy VII (France) (Disc 2)	75c2f05b	101	Final Fantasy VII (USA) (Disc 1)
Final Fantasy VII (France) (Disc 3)	c3d9102b	101	Final Fantasy VII (USA) (Disc 1)
Final Fantasy VII (Germany) (Disc 1)	43e4993e	102	Final Fantasy VII (USA) (Disc 1)
Final Fantasy VII (Germany) (Disc 2)	42b9bfef	102	Final Fantasy VII (USA) (Disc 1)
Final Fantasy VII (Germany) (Disc 3)	f4a25f9f	102	Final Fantasy VII (USA) (Disc 1)
Final Fantasy VII (Japan) (Disc 1)	b009a0ea	100	Final Fantasy VII (USA) (Disc 1)
Final Fantasy VII (Japan) (Disc 2)	b154863b	100	Final Fantasy VII (USA) (Disc 1)
Final Fantasy VII (Japan) (Disc 3)	074f664b	100	Final Fantasy VII (USA) (Disc 1)
Final Fantasy VII (Spain) (Disc 1)	b5b4ee21	100	Final Fantasy VII (USA) (Disc 1)
Final Fantasy VII (Spain) (Disc 1) (Rev 1)	f8a66097	108	Final Fantasy VII (USA) (Disc 1)
Final Fantasy VII (Spain) (Disc 2)	b4e9c8f0	100	Final Fantasy VII (USA) (Disc 1)
Final Fantasy VII (Spain) (Disc 2) (Rev 1)	130c282a	108	Final Fantasy VII (USA) (Disc 1)
Final Fantasy VII (Spain) (Disc 3)	02f22880	100	Final Fantasy VII (USA) (Disc 1)
Final Fantasy VII (Spain) (Disc 3) (Rev 1)	4a6a1041	108	Final Fantasy VII (USA) (Disc 1)
Final Fantasy VII (USA) (Disc 1)	07a7324d	98	Final Fantasy VII (USA) (Disc 1)
Final Fantasy VII (USA) (Disc 2)	06fa149c	98	Final Fantasy VII (USA) (Disc 1)
Final Fantasy VII (USA) (Disc 3)	b0e1f4ec	98	Final Fantasy VII (USA) (Disc 1)
Final Fantasy VII (USA) (Interactive Sampler CD)	2c834f36	114	Final Fantasy VII (USA) (Disc 1)
Final Fantasy VII (USA) (Square Soft on PlayStation Previews)	e7e1ce74	127	Final Fantasy VII (USA) (Disc 1)
Final Fantasy VIII (Europe) (Demo 1)	8294b1e7	102	Final Fantasy VIII (USA) (Disc 1)
Final Fantasy VIII (Europe) (Demo 2)	83c99736	102	Final Fantasy VIII (USA) (Disc 1)
Final Fantasy VIII (Europe, Australia) (Disc 1)	57ad2286	113	Final Fantasy VIII (USA) (Disc 1)
Final Fantasy VIII (Europe, Australia) (Disc 2)	56f00457	113	Final Fantasy VIII (USA) (Disc 1)
Final Fantasy VIII (Europe, Australia) (Disc 3)	e0ebe427	113	Final Fantasy VIII (USA) (Disc 1)
Final Fantasy VIII (Europe, Australia) (Disc 4)	544a49f5	113	Final Fantasy VIII (USA) (Disc 1)
Final Fantasy VIII (France) (Demo)	6233d2c8	100	Final Fantasy VIII (USA) (Disc 1)
Final Fantasy VIII (France) (Disc 1)	16f7fc2f	102	Final Fantasy VIII (USA) (Disc 1)
Final Fantasy VIII (France) (Disc 2)	17aadafe	102	Final Fantasy VIII (USA) (Disc 1)
Final Fantasy VIII (France) (Disc 3)	a1b13a8e	102	Final Fantasy VIII (USA) (Disc 1)
Final Fantasy VIII (France) (Disc 4)	1510975c	102	Final Fantasy VIII (USA) (Disc 1)
Final Fantasy VIII (Germany) (Disc 1)	e53aa673	103	Final Fantasy VIII (USA) (Disc 1)
Final Fantasy VIII (Germany) (Disc 2)	e46780a2	103	Final Fantasy VIII (USA) (Disc 1)
Final Fantasy VIII (Germany) (Disc 3)	527c60d2	103	Final Fantasy VIII (USA) (Disc 1)
Final Fantasy VIII (Germany) (Disc 4)	e6ddcd00	103	Final Fantasy VIII (USA) (Disc 1)
Final Fantasy VIII (Italy) (Disc 1)	9cc929cb	101	Final Fantasy VIII (USA) (Disc 1)
Final Fantasy VIII (Italy) (Disc 2)	9d940f1a	101	Final Fantasy VIII (USA) (Disc 1)
Final Fantasy VIII (Italy) (Disc 3)	2b8fef6a	101	Final Fantasy VIII (USA) (Disc 1)
Final Fantasy VIII (Italy) (Disc 4)	9f2e42b8	101	Final Fantasy VIII (USA) (Disc 1)
Final Fantasy VIII (Japan) (Square's Preview Extra) (Demo)	980f7260	124	Final Fantasy VIII (USA) (Disc 1)
Final Fantasy VIII (Japan, Asia) (Disc 1)	5a8ebacb	107	Final Fantasy VIII (USA) (Disc 1)
Final Fantasy VIII (Japan, Asia) (Disc 2)	5bd39c1a	107	Final Fantasy VIII (USA) (Disc 1)
Final Fantasy VIII (Japan, Asia) (Disc 3)	edc87c6a	107	Final Fantasy VIII (USA) (Disc 1)
Final Fantasy VIII (Japan, Asia) (Disc 4)	5969d1b8	107	Final Fantasy VIII (USA) (Disc 1)
Final Fantasy VIII (Spain) (Demo)	72637a1f	99	Final Fantasy VIII (USA) (Disc 1)
Final Fantasy VIII (Spain) (Disc 1)	0083947d	101	Final Fantasy VIII (USA) (Disc 1)
Final Fantasy VIII (Spain) (Disc 2)	01deb2ac	101	Final Fantasy VIII (USA) (Disc 1)
Final Fantasy VIII (Spain) (Disc 3)	b7c552dc	101	Final Fantasy VIII (USA) (Disc 1)
Final Fantasy VIII (Spain) (Disc 4)	0364ff0e	101	Final Fantasy VIII (USA) (Disc 1)
Final Fantasy VIII (USA) (Disc 1)	0ae78843	99	Final Fantasy VIII (USA) (Disc 1)
Final Fantasy VIII (USA) (Disc 2)	0bbaae92	99	Final Fantasy VIII (USA) (Disc 1)
Final Fantasy VIII (USA) (Disc 3)	bda14ee2	99	Final Fantasy VIII (USA) (Disc 1)
Final Fantasy VIII (USA) (Disc 4)	0900e330	99	Final Fantasy VIII (USA) (Disc 1)
Final Round (Japan)	28e7d8e3	208	Final Round (Japan)
Final Round, The (USA)	3a2e91a7	88	Final Round, The (USA)
Finger Flashing (Japan)	b370c006	89	Finger Flashing (Japan)
Fire Panic - Mack no Rescue Daisakusen (Japan)	b9f553dd	112	Rosco McQueen Firefighter Extreme (USA)
Fire Pro Wrestling - Iron Slam '96 (Japan)	5bfc1044	108	Fire Pro Wrestling - Iron Slam '96 (Japan)
Fire Pro Wrestling G (Japan)	a4bb7ef7	94	Fire Pro Wrestling G (Japan)
Fire Pro Wrestling G (Japan) (Spike Library)	8572f1d3	110	Fire Pro Wrestling G (Japan)
Fire Woman Matoigumi (Japan)	1361b265	94	Fire Woman Matoigumi (Japan)
Firebugs (Europe) (En,Fr,De,Es,It,Nl,Pt,Sv,No,Da,Fi)	c607116d	2040	Firebugs (Europe) (En,Fr,De,Es,It,Nl,Pt,Sv,No,Da,Fi)
Firemen 2, The - Pete & Danny (Japan)	847027c4	103	Firemen 2, The - Pete & Danny (Japan)
Firestorm - Thunderhawk 2 (Europe) (En,Fr)	00acf4bc	10668	Firestorm - Thunderhawk 2 (Europe) (En,Fr)
Firestorm - Thunderhawk 2 (Germany)	b48c7406	5702	Firestorm - Thunderhawk 2 (Europe) (En,Fr)
Firo & Klawd (Europe)	e68d20e8	87	Firo & Klawd (Europe)
Firo & Klawd (France)	c08591ed	87	Firo & Klawd (Europe)
Firo & Klawd (Germany)	ba8435cd	88	Firo & Klawd (Europe)
Firo & Klawd (Japan)	26774e7b	86	Firo & Klawd (Europe)
Firo & Klawd (Spain)	12dc9149	86	Firo & Klawd (Europe)
First Kiss Story (Japan) (Disc 1)	7aeee94d	99	First Kiss Story (Japan) (Disc 1)
First Kiss Story (Japan) (Disc 2)	6e3e129e	236	First Kiss Story (Japan) (Disc 1)
First Queen IV - Varcia Senki (Japan)	d4d4e356	103	First Queen IV - Varcia Senki (Japan)
Fish Eyes (Japan)	986ab3fa	83	Reel Fishing (USA)
Fish Eyes II (Japan)	c5e568b7	86	Fish Eyes II (Japan)
Fish Eyes II (Japan) (Demo)	437285fc	93	Fish Eyes II (Japan)
Fish On! Bass (Japan)	a4bedff4	1142	Fish On! Bass (Japan)
Fisher's Road (Japan)	01b9a643	87	Fisher's Road (Japan)
Fisher-Price Rescue Heroes - Helden in Gefahr (Germany)	63c6d2d9	13182	Fisher-Price Rescue Heroes - Molten Menace (USA)
Fisher-Price Rescue Heroes - Molten Menace (Europe)	7b3d8115	12830	Fisher-Price Rescue Heroes - Molten Menace (USA)
Fisher-Price Rescue Heroes - Molten Menace (USA)	1e39755a	12566	Fisher-Price Rescue Heroes - Molten Menace (USA)
Fisherman's Bait - A Bass Challenge (USA)	bde0e006	107	Fisherman's Bait - A Bass Challenge (USA)
Fisherman's Bait - Bass Challenge (Europe)	c8b1768e	108	Fisherman's Bait - Bass Challenge (Europe)
Fisherman's Bait 2 - Big Ol' Bass (Europe)	3aa3ad52	108	Fisherman's Bait 2 - Big Ol' Bass (USA)
Fisherman's Bait 2 - Big Ol' Bass (USA)	b6a1255a	105	Fisherman's Bait 2 - Big Ol' Bass (USA)
Fisherman's Bait 3 (Europe)	e3da60b9	93	Fisherman's Bait 3 (Europe)
Fishing Freaks - BassRise (Japan)	45aca0da	236	Fishing Freaks - BassRise (Japan)
Fishing Freaks - BassRise (Japan) (Demo)	fc6de5bd	106	Fishing Freaks - BassRise (Japan)
Fishing Freaks - BassRise (Japan) (Doukon Pack)	6863f35c	264	Fishing Freaks - BassRise (Japan)
Fishing Freaks - BassRise Plus (Japan)	9f7a6b36	246	Fishing Freaks - BassRise Plus (Japan)
Fishing Koushien II (Japan)	39c4d4d3	224	Fishing Koushien II (Japan)
Fist (Japan)	d1a6a3dc	1694	Fist (Japan)
Flamberge no Seirei (Japan)	30bf2453	93	Flamberge no Seirei (Japan)
Flintstones, Die - Bedrock Bowling (Germany)	01a2777e	2067	Flintstones, The - Bedrock Bowling (USA)
Flintstones, The - Bedrock Bowling (Europe)	b0d2ad8b	2052	Flintstones, The - Bedrock Bowling (USA)
Flintstones, The - Bedrock Bowling (USA)	3e536927	2007	Flintstones, The - Bedrock Bowling (USA)
Floating Runner (Europe)	c4728bc9	218	Floating Runner (Europe)
Floating Runner - 7-tsu no Suishou no Monogatari (Japan)	4d203b8c	282	Floating Runner - 7-tsu no Suishou no Monogatari (Japan)
Floating Runner - Quest for the 7 Crystals (USA)	d4b37fdd	266	Floating Runner - Quest for the 7 Crystals (USA)
Fluid (Europe)	3f4e55d9	80	Fluid (Europe)
Fluid (Germany) (Demo)	a15dc166	214	Fluid (Europe)
Flying Squadron (Europe)	2baea5f0	336	Flying Squadron (Europe)
Folles Poursuites (France)	4b4b2867	92	Folles Poursuites (France)
Football Madness (Europe)	eb3719ee	91	Football Madness (Europe)
Football Manager Campionato 2001 (Italy)	028b27e7	106	Football Manager Campionato 2001 (Italy)
Football Manager Campionato 2002 (Italy)	a6f5a522	106	LMA Manager 2002 (Europe)
Ford Racing (Europe)	3cf760dc	1132	Ford Racing (USA)
Ford Racing (USA)	39cc0e0f	1102	Ford Racing (USA)
Ford Truck Mania (Europe) (En,Fr,De,Es)	6ba6b45d	105	Ford Truck Mania (USA)
Ford Truck Mania (USA)	de3387d9	88	Ford Truck Mania (USA)
Forget Me Not - Palette (Japan)	451f8c6c	97	Forget Me Not - Palette (Japan)
Formation Soccer '97 - The Road to France (Japan)	3165b199	1422	Formation Soccer '97 - The Road to France (Japan)
Formation Soccer '98 (Japan)	c386b831	226	Formation Soccer '98 (Japan)
Formation Soccer '98 - Ganbare Nippon in France (Japan)	792d4508	121	Formation Soccer '97 - The Road to France (Japan)
Formula 1 (Europe) (En,Fr,De,Es,It)	914a65bd	1802	Formula 1 (USA)
Formula 1 (Europe) (En,Fr,De,Es,It) (Rev 1)	c27fdfab	1914	Formula 1 (USA)
Formula 1 (Japan)	cd91e02b	1550	Formula 1 (USA)
Formula 1 (USA)	eed1b9cf	1522	Formula 1 (USA)
Formula 1 (USA) (Rev 1)	9a0124db	1634	Formula 1 (USA)
Formula 1 97 (Europe) (En,Fr,De,Es,It)	7810290a	246	Formula 1 97 (Europe) (En,Fr,De,Es,It)
Formula 1 97 (Europe) (En,Fr,De,Es,It) (Rev 1)	8eac23ea	262	Formula 1 97 (Europe) (En,Fr,De,Es,It)
Formula 1 97 (Japan) (En,Ja,Fr,De,Es,It)	994d93c8	250	Formula 1 97 (Europe) (En,Fr,De,Es,It)
Formula 1 97 (Japan, Asia) (En,Ja,Fr,De,Es,It) (Rev 1)	2ce1efc9	278	Formula 1 97 (Europe) (En,Fr,De,Es,It)
Formula 1 98 (Europe) (En,Fr,De,Es,It,Fi)	2bf92b24	252	Formula 1 98 (USA, Canada) (En,Fr,De,Es,It,Fi)
Formula 1 98 (Europe) (En,Fr,De,Es,It,Fi) (Rev 1)	e99bdd32	268	Formula 1 98 (USA, Canada) (En,Fr,De,Es,It,Fi)
Formula 1 98 (USA, Canada) (En,Fr,De,Es,It,Fi)	ab637524	262	Formula 1 98 (USA, Canada) (En,Fr,De,Es,It,Fi)
Formula 1 Championship Edition (USA) (En,Fr,De,Es,It)	465c9139	276	Formula 1 Championship Edition (USA) (En,Fr,De,Es,It)
Formula 1 Championship Edition (USA) (En,Fr,De,Es,It) (SLUS-00612)	77c9ffe0	302	Formula 1 Championship Edition (USA) (En,Fr,De,Es,It)
Formula Circus (Japan)	41e213df	1971	Formula Circus (Japan)
Formula Circus (Japan) (Demo)	efbaa4cd	2090	Formula Circus (Japan)
Formula GP (Europe)	a647218d	886	Formula GP (Europe)
Formula Grand Prix - Team Un'ei Simulation 2 - 1997-nenban (Japan)	1b1f5da2	1262	Formula Grand Prix - Team Un'ei Simulation 2 - 1997-nenban (Japan)
Formula Karts - Special Edition (Europe) (Demo)	1eea5d20	405	Formula Karts - Special Edition (Europe) (En,De,Es,It)
Formula Karts - Special Edition (Europe) (En,De,Es,It)	34501424	1621	Formula Karts - Special Edition (Europe) (En,De,Es,It)
Formula Nippon '99 - Racing Driver ni Narou! (Japan)	b5aa84d2	1150	Formula Nippon (Europe) (Fr,De)
Formula Nippon (Europe) (En,Es,It)	da4c19c1	1006	Formula Nippon (Europe) (Fr,De)
Formula Nippon (Europe) (Fr,De)	888eed43	982	Formula Nippon (Europe) (Fr,De)
Formula One 2000 (Europe) (Beta) (2000-08-17)	6f8bcc09	111	Formula One 2000 (USA)
Formula One 2000 (Europe) (En,Fi)	06e48490	99	Formula One 2000 (USA)
Formula One 2000 (Europe) (Es,It)	deb7053b	99	Formula One 2000 (USA)
Formula One 2000 (Europe) (Fr,De)	a91afd8d	99	Formula One 2000 (USA)
Formula One 2000 (USA)	95533e9e	88	Formula One 2000 (USA)
Formula One 2001 (Europe) (En,Fi)	fb4792b5	99	Formula One 2001 (Europe) (En,Fi)
Formula One 2001 (Europe) (En,Fi) (Beta) (2001-03-21)	e24f34d2	119	Formula One 2001 (Europe) (En,Fi)
Formula One 2001 (Europe) (Es,It)	2314131e	99	Formula One 2001 (Europe) (En,Fi)
Formula One 2001 (Europe) (Fr,De)	54b9eba8	99	Formula One 2001 (Europe) (En,Fi)
Formula One 2001 (Russia)	49894a52	91	Formula One 2001 (Europe) (En,Fi)
Formula One 99 (Europe) (En,Es,Fi)	6bba2772	100	Formula One 99 (USA, Canada) (En,Fr,Es)
Formula One 99 (Europe) (En,Fr,De,It)	00a8f6b3	103	Formula One 99 (USA, Canada) (En,Fr,Es)
Formula One 99 (Europe) (En,Fr,De,It) (Beta) (1999-09-09)	39b098e7	123	Formula One 99 (USA, Canada) (En,Fr,Es)
Formula One 99 (Japan)	2af2fc59	214	Formula One 99 (USA, Canada) (En,Fr,Es)
Formula One 99 (USA, Canada) (En,Fr,Es)	a7ccab6c	105	Formula One 99 (USA, Canada) (En,Fr,Es)
Formula One Arcade (Europe) (En,Fr,De,Es,It)	7d60b00c	110	Formula One Arcade (Europe) (En,Fr,De,Es,It)
Forsaken (Europe)	9144f8af	1438	Forsaken (USA)
Forsaken (Europe) (Demo)	1ddd637b	218	Forsaken (USA)
Forsaken (France)	9a03d3ba	1438	Forsaken (USA)
Forsaken (Germany)	399174a1	1451	Forsaken (USA)
Forsaken (Italy)	068f05cf	1425	Forsaken (USA)
Forsaken (Japan)	7a89bdd3	1425	Forsaken (USA)
Forsaken (Spain)	f82eb129	1425	Forsaken (USA)
Forsaken (USA)	a22955a4	1399	Forsaken (USA)
Fox Hunt (USA) (Disc 1)	97a188db	89	Fox Hunt (USA) (Disc 1)
Fox Hunt (USA) (Disc 2)	96fcae0a	89	Fox Hunt (USA) (Disc 1)
Fox Hunt (USA) (Disc 3)	20e74e7a	89	Fox Hunt (USA) (Disc 1)
Fox Junction (Japan)	d66111a6	86	Fox Junction (Japan)
Fox Sports Golf '99 (USA)	f00e2e6b	339	Fox Sports Golf '99 (USA)
Fox Sports Soccer '99 (USA) (En,Es)	7adee9d1	240	Fox Sports Soccer '99 (USA) (En,Es)
FoxKids.com - Micro Maniacs Racing (USA)	cffeb8a1	250	FoxKids.com - Micro Maniacs Racing (USA)
Frank Thomas Big Hurt Baseball (Europe)	2cfcd3ec	381	Frank Thomas Big Hurt Baseball (USA)
Frank Thomas Big Hurt Baseball (Japan)	9f345d2b	246	Frank Thomas Big Hurt Baseball (USA)
Frank Thomas Big Hurt Baseball (USA)	38aaf99f	372	Frank Thomas Big Hurt Baseball (USA)
Frankreich 98 - Die Fussball-WM (Germany) (En,Fr,De,Es,Nl,Sv,Da)	5b71ed3a	130	Frankreich 98 - Die Fussball-WM (Germany) (En,Fr,De,Es,Nl,Sv,Da)
Free Talk Studio - Mari no Kimamana Oshaberi (Japan)	2f15ea78	274	Free Talk Studio - Mari no Kimamana Oshaberi (Japan)
Freestyle Boardin' '99 (USA)	34553a0c	2196	Freestyle Boardin' '99 (USA)
Freestyle Motocross - McGrath vs. Pastrana (Europe)	c2b4839c	272	Freestyle Motocross - McGrath vs. Pastrana (USA)
Freestyle Motocross - McGrath vs. Pastrana (USA)	8deffae8	266	Freestyle Motocross - McGrath vs. Pastrana (USA)
Freestyle Scooter (Europe)	1b5266fd	1062	Freestyle Scooter (Europe)
Frenzy! (Europe)	5cd8aa03	7530	Frenzy! (Europe)
Frogger (Europe) (En,Fr,De,Es,It)	3d7b2874	236	Frogger (USA)
Frogger (Japan)	5bcbf4f7	200	Frogger (USA)
Frogger (Japan) (Demo)	627b163a	214	Frogger (USA)
Frogger (USA)	1eb10904	196	Frogger (USA)
Frogger 2 - Swampy's Revenge (Europe) (Beta) (2000-02-04)	e3e86be1	123	Frogger 2 - Swampy's Revenge (USA)
Frogger 2 - Swampy's Revenge (Europe) (Beta) (2000-06-06)	3a94ec1b	123	Frogger 2 - Swampy's Revenge (USA)
Frogger 2 - Swampy's Revenge (Europe) (Beta) (2000-06-29)	9fdb8436	123	Frogger 2 - Swampy's Revenge (USA)
Frogger 2 - Swampy's Revenge (Europe) (Beta) (2000-07-25)	1a454d94	123	Frogger 2 - Swampy's Revenge (USA)
Frogger 2 - Swampy's Revenge (Europe) (En,Fr,De,It)	4eb930a1	117	Frogger 2 - Swampy's Revenge (USA)
Frogger 2 - Swampy's Revenge (Europe) (En,Fr,De,It) (Beta) (2000-03-01)	49e07d22	137	Frogger 2 - Swampy's Revenge (USA)
Frogger 2 - Swampy's Revenge (USA)	a3395b5a	100	Frogger 2 - Swampy's Revenge (USA)
Frogger 2 - Swampy's Revenge (USA) (Beta) (2000-04-05)	eaef1e18	120	Frogger 2 - Swampy's Revenge (USA)
Frogger 2 - Swampy's Revenge (USA) (Beta) (2000-06-09)	353e26d1	120	Frogger 2 - Swampy's Revenge (USA)
Frogger 2 - Swampy's Revenge (USA) (Beta) (2000-06-14)	d6e23739	120	Frogger 2 - Swampy's Revenge (USA)
Frogger 2 - Swampy's Revenge (USA) (Beta) (2000-07-18)	537cfe9b	120	Frogger 2 - Swampy's Revenge (USA)
Frogger 2 - Swampy's Revenge (USA) (Beta) (2000-07-25)	11c63acb	120	Frogger 2 - Swampy's Revenge (USA)
Frogger 2 - Swampy's Revenge (USA) (Beta) (2000-07-31)	f489db14	120	Frogger 2 - Swampy's Revenge (USA)
From TV Animation One Piece - Grand Battle! (Japan)	4cce5ee4	417	From TV Animation One Piece - Grand Battle! (Japan)
From TV Animation One Piece - Grand Battle! 2 (Japan)	3233e42f	276	From TV Animation One Piece - Grand Battle! 2 (Japan)
From TV Animation One Piece - Oceans of Dreams! (Japan)	c73882ed	280	From TV Animation One Piece - Oceans of Dreams! (Japan)
From TV Animation One Piece - Tobidase Kaizokudan! (Japan)	6b3ae803	286	From TV Animation One Piece - Tobidase Kaizokudan! (Japan)
From TV Animation One Piece - Tobidase Kaizokudan! (Japan) (PocketStation Doukon)	07971e06	332	From TV Animation One Piece - Tobidase Kaizokudan! (Japan)
Front Mission 1st (Japan)	df5cd1a4	91	Front Mission 1st (Japan)
Front Mission 1st (Japan) (Front Mission History)	cfc1deb1	115	Front Mission 1st (Japan)
Front Mission 2 (Japan) (Front Mission History)	1f09087d	113	Front Mission 2 (Japan, Asia)
Front Mission 2 (Japan, Asia)	9c8b16fd	95	Front Mission 2 (Japan, Asia)
Front Mission 3 (Europe)	e6fd8f71	90	Front Mission 3 (USA)
Front Mission 3 (Europe) (Beta) (2000-06-16)	d2bff0e4	110	Front Mission 3 (USA)
Front Mission 3 (Japan)	56d8d77b	89	Front Mission 3 (USA)
Front Mission 3 (Japan) (Demo)	5517e3de	96	Front Mission 3 (USA)
Front Mission 3 (USA)	0228572b	87	Front Mission 3 (USA)
Front Mission Alternative (Japan)	11e56570	99	Front Mission Alternative (Japan)
Frontschweine (Germany)	306bcf84	333	Frontschweine (Germany)
Fun! Fun! Pingu - Youkoso! Nankyoku e (Japan)	1400ae08	3482	Fun! Fun! Pingu - Youkoso! Nankyoku e (Japan)
Fun! Fun! Pingu - Youkoso! Nankyoku e (Japan) (Demo)	b2ab59ad	2775	Fun! Fun! Pingu - Youkoso! Nankyoku e (Japan)
Fun! Fun! Pingu - Youkoso! Nankyoku e (Japan) (Shokai Suuryou Genteiban)	e8460949	4157	Fun! Fun! Pingu - Youkoso! Nankyoku e (Japan)
Funky Boxers (Japan)	0adf1f7c	86	Contender 2 (USA)
Furimukeba Tonari ni (Japan)	0dfe626c	94	Furimukeba Tonari ni (Japan)
Fushigi Deka (Japan)	cee05de4	86	Fushigi Deka (Japan)
Fushigi no Kuni no Angelique (Japan)	2fc2c399	502	Fushigi no Kuni no Angelique (Japan)
Fussball Live (Germany)	3016e831	89	Fussball Live (Germany)
Fussball Live 2 (Germany)	e08de601	91	Fussball Live 2 (Germany)
Fussball Live 2 (Germany) (Demo)	1ac3e94e	98	Fussball Live 2 (Germany)
Fussball Manager 2001 (Germany)	28a233a0	232	Fussball Manager 2001 (Germany)
Future Cop - L.A.P.D. (Europe) (En,Fr)	0df08fd6	104	Future Cop - L.A.P.D. (USA)
Future Cop - L.A.P.D. (Europe) (En,Fr) (Demo)	7e0b378c	111	Future Cop - L.A.P.D. (USA)
Future Cop - L.A.P.D. (Germany)	799ccd75	97	Future Cop - L.A.P.D. (USA)
Future Cop - L.A.P.D. (USA)	e58e81ba	93	Future Cop - L.A.P.D. (USA)
Future Cop - L.A.P.D. (USA) (Demo)	5d3e4714	100	Future Cop - L.A.P.D. (USA)
Future GPX Cyber Formula - Aratanaru Chousensha (Japan) (Disc 1)	7ea527af	614	Future GPX Cyber Formula - Aratanaru Chousensha (Japan) (Disc 1)
Future GPX Cyber Formula - Aratanaru Chousensha (Japan) (Disc 2)	97f98a16	614	Future GPX Cyber Formula - Aratanaru Chousensha (Japan) (Disc 1)
Future Racer (Europe)	c16619e9	1258	Future Racer (Europe)
Fuujin Ryouiki Eretzvaju (Japan) (Demo)	a2dc08b8	105	Fuujin Ryouiki Eretzvaju (Japan, Asia)
Fuujin Ryouiki Eretzvaju (Japan, Asia)	c969eaf4	104	Fuujin Ryouiki Eretzvaju (Japan, Asia)
Fuuraiki (Japan)	82434923	202	Fuuraiki (Japan)
Fuuun Gokuu Ninden (Japan)	27aa2f75	3007	Fuuun Gokuu Ninden (Japan)
G Darius (Japan) (Demo)	251fa511	216	G Darius (Japan, Asia)
G Darius (Japan, Asia)	e1e63b4d	214	G Darius (Japan, Asia)
G-Police (Europe) (Disc 1)	257b24bd	92	G-Police (USA) (Disc 1)
G-Police (Europe) (Disc 2)	2426026c	92	G-Police (USA) (Disc 1)
G-Police (France) (Demo)	f45d1440	90	G-Police (USA) (Disc 1)
G-Police (France) (Disc 1)	97aa1f87	92	G-Police (USA) (Disc 1)
G-Police (France) (Disc 1) (EDC)	537d0d58	98	G-Police (USA) (Disc 1)
G-Police (France) (Disc 2)	96f73956	92	G-Police (USA) (Disc 1)
G-Police (France) (Disc 2) (EDC)	fc3ba53e	98	G-Police (USA) (Disc 1)
G-Police (Germany) (Disc 1)	3db6d04a	93	G-Police (USA) (Disc 1)
G-Police (Germany) (Disc 2)	3cebf69b	93	G-Police (USA) (Disc 1)
G-Police (Italy) (Disc 1)	7f3c4c1f	91	G-Police (USA) (Disc 1)
G-Police (Italy) (Disc 2)	7e616ace	91	G-Police (USA) (Disc 1)
G-Police (Japan) (Demo)	b127a7a5	89	G-Police (USA) (Disc 1)
G-Police (Japan) (Disc 1)	e6cbbf62	91	G-Police (USA) (Disc 1)
G-Police (Japan) (Disc 2)	e79699b3	91	G-Police (USA) (Disc 1)
G-Police (Spain) (Disc 1)	e376f1a9	91	G-Police (USA) (Disc 1)
G-Police (Spain) (Disc 2)	e22bd778	91	G-Police (USA) (Disc 1)
G-Police (USA) (Disc 1)	6d898e09	89	G-Police (USA) (Disc 1)
G-Police (USA) (Disc 2)	6cd4a8d8	89	G-Police (USA) (Disc 1)
G-Police - Weapons of Justice (Europe)	ee9761d3	104	G-Police - Weapons of Justice (USA)
G-Police - Weapons of Justice (France)	c89fd0d6	104	G-Police - Weapons of Justice (USA)
G-Police - Weapons of Justice (Germany)	0b87c6a8	105	G-Police - Weapons of Justice (USA)
G-Police - Weapons of Justice (Italy)	38e476dc	103	G-Police - Weapons of Justice (USA)
G-Police - Weapons of Justice (Spain)	65a08704	103	G-Police - Weapons of Justice (USA)
G-Police - Weapons of Justice (USA)	426c4359	101	G-Police - Weapons of Justice (USA)
G. Darius (Europe)	33281305	206	G. Darius (USA)
G. Darius (Europe) (Demo)	84d5c2ff	91	G. Darius (USA)
G. Darius (USA)	513cfa16	200	G. Darius (USA)
G. Darius (USA) (Beta) (1998-05-27)	e42e6ed4	240	G. Darius (USA)
G. Darius + Devil Dice + Brunswick Circuit Pro Bowling (USA) (Trade Demo)	1df70ab1	483	Brunswick Circuit Pro Bowling (USA)
G.O.D pure (Japan)	40124e58	84	G.O.D pure (Japan)
G.T.A - Grand Theft Auto (Japan)	584b599f	1379	Grand Theft Auto (USA)
GI Jockey (Japan)	5c13eed5	204	GI Jockey (Japan)
GI Jockey (Japan) (Demo)	f36ac72b	218	GI Jockey (Japan)
GI Jockey (Japan) (Shokai Genteiban)	ef9126d8	242	GI Jockey (Japan)
GI Jockey 2000 (Japan)	b26ae85d	214	GI Jockey 2000 (Japan)
GP Challenge (Europe) (En,Fr,De,It)	f3016ef4	369	GP Challenge (Europe) (En,Fr,De,It)
GZSZ Quiz (Germany)	526878f3	85	GZSZ Quiz (Germany)
GZSZ Vol. 2 (Germany) (Disc 1)	ef71251d	96	GZSZ Vol. 2 (Germany) (Disc 1)
GZSZ Vol. 2 (Germany) (Disc 2)	ee2c03cc	96	GZSZ Vol. 2 (Germany) (Disc 1)
GZSZ Vol. 3 (Germany)	b54cb26a	87	GZSZ Vol. 3 (Germany)
Gadget - Past as Future (Japan) (Disc 1)	842dee5e	106	Gadget - Past as Future (Japan) (Disc 1)
Gadget - Past as Future (Japan) (Disc 2)	8570c88f	106	Gadget - Past as Future (Japan) (Disc 1)
Gadget - Past as Future (Japan) (Disc 3)	336b28ff	106	Gadget - Past as Future (Japan) (Disc 1)
Gadget - Past as Future (Japan) (Disc 4)	87ca852d	106	Gadget - Past as Future (Japan) (Disc 1)
GaiaMaster - Kamigami no Board Game (Japan)	63740113	109	GaiaMaster - Kamigami no Board Game (Japan)
GaiaMaster - Kamigami no Board Game (Japan) (Demo)	5b0b646a	116	GaiaMaster - Kamigami no Board Game (Japan)
GaiaSeed - Project Seed Trap (Japan)	dc30a19e	3781	GaiaSeed - Project Seed Trap (Japan)
Gakkou de Atta Kowai Hanashi S (Japan)	77a6580a	104	Gakkou de Atta Kowai Hanashi S (Japan)
Gakkou no Kowai Uwasa - Hanako-san ga Kita!! (Japan)	316d8f00	118	Gakkou no Kowai Uwasa - Hanako-san ga Kita!! (Japan)
Gakkou o Tsukurou!! (Japan)	bca72594	2178	Gakkou o Tsukurou!! (Japan)
Gakkou o Tsukurou!! 2 (Japan)	505f4a74	966	Gakkou o Tsukurou!! 2 (Japan)
Gakkou o Tsukurou!! Kouchou Sensei Monogatari (Japan)	331e5cd8	119	Gakkou o Tsukurou!! Kouchou Sensei Monogatari (Japan)
Gakuen Sentai Solblast (Japan)	5ef3a709	850	Gakuen Sentai Solblast (Japan)
Galaga - Destination Earth (Europe) (En,Fr,De,It)	f8105b19	1126	Galaga - Destination Earth (USA)
Galaga - Destination Earth (USA)	251fe49d	990	Galaga - Destination Earth (USA)
Galaxian^3 (Europe)	29afa521	434	Galaxian^3 (Europe)
Galaxian^3 (Japan)	5aea49d1	430	Galaxian^3 (Europe)
Galaxy Fight (Europe)	0a1ea83e	212	Galaxy Fight (Europe)
Galaxy Fight - Universal Warriors (Japan)	5c67f2a7	252	Galaxy Fight - Universal Warriors (Japan)
Gale Gunner (Japan)	75e7b9a4	999	Gale Gunner (Japan)
Galeoz (Japan)	ddee45c2	198	Galeoz (Japan)
Galerians (Europe) (Disc 1)	98f67b02	93	Galerians (USA) (Disc 1)
Galerians (Europe) (Disc 2)	99ab5dd3	93	Galerians (USA) (Disc 1)
Galerians (Europe) (Disc 3)	2fb0bda3	93	Galerians (USA) (Disc 1)
Galerians (France) (Disc 1)	2a274038	93	Galerians (USA) (Disc 1)
Galerians (France) (Disc 2)	2b7a66e9	93	Galerians (USA) (Disc 1)
Galerians (France) (Disc 3)	9d618699	93	Galerians (USA) (Disc 1)
Galerians (Germany) (Disc 1)	66d5f308	94	Galerians (USA) (Disc 1)
Galerians (Germany) (Disc 2)	6788d5d9	94	Galerians (USA) (Disc 1)
Galerians (Germany) (Disc 3)	d19335a9	94	Galerians (USA) (Disc 1)
Galerians (Japan) (Disc 1)	d6661c92	92	Galerians (USA) (Disc 1)
Galerians (Japan) (Disc 2)	d73b3a43	92	Galerians (USA) (Disc 1)
Galerians (Japan) (Disc 3)	6120da33	92	Galerians (USA) (Disc 1)
Galerians (Japan) (En,Ja) (Disc 1) (Beta) (1999-11-02)	526d638c	120	Galerians (USA) (Disc 1)
Galerians (Japan) (En,Ja) (Disc 2) (Beta) (1999-11-02)	d2be4602	120	Galerians (USA) (Disc 1)
Galerians (UK) (Demo)	20188f9a	87	Galerians (USA) (Disc 1)
Galerians (USA) (Demo)	37827c0f	214	Galerians (USA) (Disc 1)
Galerians (USA) (Disc 1)	86d716de	90	Galerians (USA) (Disc 1)
Galerians (USA) (Disc 2)	878a300f	90	Galerians (USA) (Disc 1)
Galerians (USA) (Disc 3)	3191d07f	90	Galerians (USA) (Disc 1)
Gallop Racer (Japan)	0f8989fd	2167	Gallop Racer (USA)
Gallop Racer (USA)	7d14bbea	206	Gallop Racer (USA)
Gallop Racer 2 (Japan)	096543c0	3141	Gallop Racer 2 (Japan)
Gallop Racer 2000 (Japan)	b86b03b1	220	Gallop Racer 2000 (Japan)
Gallop Racer 3 (Japan)	e57258cc	214	Gallop Racer 3 (Japan)
Game Maker, The - Ureyuki 100-manbon Get da ze! (Japan)	43d33513	121	SuperLite 1500 Series - The Game Maker (Japan)
Game Nihonshi - Kakumeiji Oda Nobunaga (Japan)	73acec15	112	Game Nihonshi - Kakumeiji Oda Nobunaga (Japan)
Game Soft o Tsukurou - Let's Be a Super Game Creator!! (Japan)	6eb555d3	128	Game Soft o Tsukurou - Let's Be a Super Game Creator!! (Japan)
Game de Seishun (Japan)	67aeefda	89	Game de Seishun (Japan)
Game no Tatsujin (Japan)	0f4dce4e	218	Game no Tatsujin (Japan)
Game no Tatsujin (Japan) (Rev 1)	6fd71850	234	Game no Tatsujin (Japan)
Game no Tatsujin 2 (Japan)	da374643	6758	Game no Tatsujin 2 (Japan)
Game no Tetsujin - The Shanghai (Japan)	b81c05ce	2796	Game no Tetsujin - The Shanghai (Japan)
Game of Life, The (USA)	78583f74	89	Game of Life, The (USA)
Game of Life, The - DX Jinsei Game (Japan)	a76b0d13	108	Game of Life, The - DX Jinsei Game (Japan)
Game of Life, The - DX Jinsei Game II (Japan)	6e973007	111	Game of Life, The - DX Jinsei Game II (Japan)
Game of Life, The - DX Jinsei Game II (Japan) (Rev 1)	435e4a8e	119	Game of Life, The - DX Jinsei Game II (Japan)
Game of Life, The - DX Jinsei Game III (Japan)	b4f7b442	262	Game of Life, The - DX Jinsei Game III (Japan)
Game of Life, The - DX Jinsei Game IV (Japan)	eb081773	260	Game of Life, The - DX Jinsei Game IV (Japan)
Game of Life, The - DX Jinsei Game IV (Japan) (Rev 1)	2354229d	276	Game of Life, The - DX Jinsei Game IV (Japan)
Game of Life, The - DX Jinsei Game V (Japan)	deeb4b0b	258	Game of Life, The - DX Jinsei Game V (Japan)
Gamera 2000 (Japan) (Demo)	fc5cf632	92	Gamera 2000 (Japan) (En,Ja)
Gamera 2000 (Japan) (En,Ja)	fc0cba91	93	Gamera 2000 (Japan) (En,Ja)
Ganbare Goemon - Kuru nara Koi! Ayashige Ikka no Kuroi Kage (Japan)	cb053b40	133	Ganbare Goemon - Kuru nara Koi! Ayashige Ikka no Kuroi Kage (Japan)
Ganbare Goemon - Ooedo Daikaiten (Japan)	4f3f4291	106	Ganbare Goemon - Ooedo Daikaiten (Japan)
Ganbare Goemon - Uchuu Kaizoku Akogingu (Japan)	eb5b17bb	128	Ganbare Goemon - Uchuu Kaizoku Akogingu (Japan)
Ganbare Goemon - Uchuu Kaizoku Akogingu (Japan) (Rev 1)	ed3c0a4c	136	Ganbare Goemon - Uchuu Kaizoku Akogingu (Japan)
Ganbare Morikawa-kun 2-gou (Japan)	6c4f4fd0	100	Pet in TV (Europe)
Ganbare Morikawa-kun 2-gou (Japan) (Genteiban)	0ddaacd0	112	Pet in TV (Europe)
Ganbare! Nippon! Olympic 2000 (Japan)	c2adcbd1	118	Ganbare! Nippon! Olympic 2000 (Japan)
Gangway Monsters (Japan)	dbac7567	90	Gangway Monsters (Japan)
Ganso Family Mahjong (Japan)	af9d93f2	94	Ganso Family Mahjong (Japan)
Ganso Family Mahjong 2 (Japan)	040a51cd	96	Ganso Family Mahjong 2 (Japan)
Garou Densetsu - Wild Ambition (Japan) (Demo)	4a6d32d8	111	Garou Densetsu - Wild Ambition (Japan, Asia)
Garou Densetsu - Wild Ambition (Japan, Asia)	c087b9b3	110	Garou Densetsu - Wild Ambition (Japan, Asia)
Gate Keepers (Japan) (Disc 1)	95a7273b	95	Gate Keepers (Japan) (Disc 1)
Gate Keepers (Japan) (Disc 2)	94fa01ea	95	Gate Keepers (Japan) (Disc 1)
Gauntlet Legends (Europe)	328c37b6	91	Gauntlet Legends (USA)
Gauntlet Legends (France)	148486b3	91	Gauntlet Legends (USA)
Gauntlet Legends (Germany)	36834829	92	Gauntlet Legends (USA)
Gauntlet Legends (USA)	3dad4507	88	Gauntlet Legends (USA)
Gauntlet Legends (USA) (Trade Demo)	ecafd5d7	101	Gauntlet Legends (USA)
GeGeGe no Kitarou (Japan)	ce9d7315	1053	GeGeGe no Kitarou (Japan)
GeGeGe no Kitarou - Gyakushuu! Youma Daikessen (Japan)	cd9d91c1	120	GeGeGe no Kitarou - Gyakushuu! Youma Daikessen (Japan)
Gear Fighter Dendoh (Japan)	d579ef79	224	Gear Fighter Dendoh (Japan)
Geki-Oh - Shienryuu (Japan)	5c32f800	93	Geki-Oh - Shienryuu (Japan)
Gekido - Urban Fighters (Europe) (En,Fr,De,Es,It)	91d45a93	983	Gekido - Urban Fighters (USA)
Gekido - Urban Fighters (USA)	3f78bf2e	843	Gekido - Urban Fighters (USA)
Gekioh - Shooting King (Europe)	56bd2ad5	97	Gekioh - Shooting King (USA)
Gekioh - Shooting King (USA)	9137997d	94	Gekioh - Shooting King (USA)
Gekiretsu Pachinkers (Japan)	2c7a41b5	3057	Gekiretsu Pachinkers (Japan)
Gekisou Tomarunner (Japan)	49f8c4b8	92	Gekisou Tomarunner (Japan)
Gekisou Tomarunner (Japan) (Demo)	e41b7e30	99	Gekisou Tomarunner (Japan)
Gekisou!! Grand Racing - Total Drivin' (Japan)	186b2032	962	Gekisou!! Grand Racing - Total Drivin' (Japan)
Gekitotsu Toma L'Arc - Tomarunner vs L'Arc-en-Ciel (Japan)	281e4777	124	Gekitotsu Toma L'Arc - Tomarunner vs L'Arc-en-Ciel (Japan)
Gekitotsu! Yonku Battle 4WD (Japan)	c499a98b	1802	Gekitotsu! Yonku Battle 4WD (Japan)
Gekitou! Crush Gear Turbo (Japan)	cf7c2d39	99	Gekitou! Crush Gear Turbo (Japan)
Gekitou! Crush Gear Turbo - Comic Bom Bom Special Disc (Japan) (Demo)	a2abca1b	135	Gekitou! Crush Gear Turbo (Japan)
Gekka no Kishi - Ouryuusen (Japan)	9f9e7e44	100	Gekka no Kishi - Ouryuusen (Japan)
Gen'ei Tougi - Shadow Struggle (Japan)	334107a2	2376	Gen'ei Tougi - Shadow Struggle (Japan)
Genghis Khan - Aoki Ookami to Shiroki Mejika IV (Japan)	69b6fe81	280	Genghis Khan - Aoki Ookami to Shiroki Mejika IV (Japan)
Gensei Kyokou Seirei Kidoudan - Elemental Gearbolt (Japan, Asia)	54a56b6c	130	Gensei Kyokou Seirei Kidoudan - Elemental Gearbolt (Japan, Asia)
Gensou Maden Saiyuuki - Haruka naru Nishi e (Japan)	dd3f791d	117	Gensou Maden Saiyuuki - Haruka naru Nishi e (Japan)
Gensou Suiko Gaiden Vol. 1 - Harmonia no Kenshi (Japan)	2ff92951	121	Gensou Suiko Gaiden Vol. 1 - Harmonia no Kenshi (Japan)
Gensou Suiko Gaiden Vol. 2 - Crystal Valley no Kettou (Japan)	3a6f133a	127	Gensou Suiko Gaiden Vol. 2 - Crystal Valley no Kettou (Japan)
Gensou Suikoden (Japan)	8e855f88	89	Suikoden (USA)
Gensou Suikoden (Japan) (PlayStation the Best)	14b15d3a	127	Suikoden (USA)
Gensou Suikoden II (Japan)	f469bad9	107	Gensou Suikoden II (Japan)
Gensou Suikoden II (Japan) (Demo 1)	c1e5713d	116	Gensou Suikoden II (Japan)
Gensou Suikoden II (Japan) (Demo 2)	8350f9e1	101	Gensou Suikoden II (Japan)
Gensou Suikoden II (Japan) (Rev 1)	f28cb9d1	115	Gensou Suikoden II (Japan)
Gensou Suikoden II (Japan, Asia) (Demo) (Premium Package)	20e88301	123	Gensou Suikoden II (Japan)
Gensou no Artemis (Japan)	068ef9ad	91	Gensou no Artemis (Japan)
Geom Cube (Japan)	4c6171b5	2110	Geom Cube (USA)
Geom Cube (USA)	7923f81a	2182	Geom Cube (USA)
Geometry Duel (Japan)	3b0c30fc	87	Geometry Duel (Japan)
Germs - Nerawareta Machi (Japan)	5f4fa5db	98	Germs - Nerawareta Machi (Japan)
GetBackers - Dakkan'ya (Japan)	012af232	96	GetBackers - Dakkan'ya (Japan)
Getter Robo Daikessen! (Japan)	321767cc	96	Getter Robo Daikessen! (Japan)
Gex (Europe)	d661fa31	78	Gex (USA)
Gex (Japan)	7f527e94	77	Gex (USA)
Gex (USA)	d1cc1ed9	75	Gex (USA)
Gex (USA) (Rev 1)	e92853bd	315	Gex (USA)
Gex - Deep Cover Gecko (Europe) (Demo)	a3d1ff87	104	Gex - Deep Cover Gecko (Europe) (Fr,De)
Gex - Deep Cover Gecko (Europe) (En,Es,It)	40b551c4	108	Gex - Deep Cover Gecko (Europe) (Fr,De)
Gex - Deep Cover Gecko (Europe) (Fr,De)	299ae8d3	105	Gex - Deep Cover Gecko (Europe) (Fr,De)
Gex - Enter the Gecko (USA)	9030839d	93	Gex - Enter the Gecko (USA)
Gex - Enter the Gecko (USA) (Beta) (1998-01-29)	5e9b262b	113	Gex - Enter the Gecko (USA)
Gex 3 - Deep Cover Gecko (USA)	5acc32e7	96	Gex 3 - Deep Cover Gecko (USA)
Gex 3D - Enter the Gecko (Europe)	4daa3e70	99	Gex 3D - Enter the Gecko (Europe)
Gex 3D - Enter the Gecko (Europe) (Demo)	62519e5f	106	Gex 3D - Enter the Gecko (Europe)
Ghost in the Shell (Europe)	57b79327	93	Ghost in the Shell (USA)
Ghost in the Shell (France)	71bf2222	93	Ghost in the Shell (USA)
Ghost in the Shell (Germany)	b1eed05f	94	Ghost in the Shell (USA)
Ghost in the Shell (USA)	de91befa	90	Ghost in the Shell (USA)
Ghoul Panic (Europe) (En,Fr,De,Es,It)	e9251a9f	103	Ghoul Panic (Europe) (En,Fr,De,Es,It)
Ginga Eiyuu Densetsu (Japan)	25633475	94	Ginga Eiyuu Densetsu (Japan)
Ginga Ojousama Densetsu Yuna - Final Edition (Japan)	92c441dd	118	Ginga Ojousama Densetsu Yuna - Final Edition (Japan)
Gioca con i Teletubbies (Italy)	a36aa6f7	232	Play with the Teletubbies (USA)
Gionbana (Japan)	2ba82f71	2535	Gionbana (Japan)
Gionbana 2 - Kanazawa Bunko-hen (Japan)	de54fc0e	514	Gionbana 2 - Kanazawa Bunko-hen (Japan)
Glint Glitters (Japan)	5e899836	88	Glint Glitters (Japan)
Global Domination (Europe)	4001000b	92	Global Domination (Europe)
Global Domination (France)	6609b10e	92	Global Domination (Europe)
Global Domination (Germany)	83210a2f	93	Global Domination (Europe)
Global Domination (Italy)	7fefe434	91	Global Domination (Europe)
Global Domination (Spain)	22ab15ec	91	Global Domination (Europe)
Global Domination (USA) (Beta) (1998-06-28)	9b49a6f1	109	Global Domination (Europe)
Global Domination (USA) (Beta) (1998-12-18)	4d4ff5d1	109	Global Domination (Europe)
Global Force - Shin Sentou Kokka (Japan)	e8c1cf22	106	Global Force - Shin Sentou Kokka (Japan)
Global Force - Shin Sentou Kokka (Japan) (Demo)	9c820316	113	Global Force - Shin Sentou Kokka (Japan)
Global Force - Shin Sentou Kokka (Japan) (Rev 1)	848fc254	114	Global Force - Shin Sentou Kokka (Japan)
Glocal Hexcite (Japan)	709b227d	88	Glocal Hexcite (Japan)
Glover (Europe) (En,Fr,De,It)	43f388db	95	Glover (USA)
Glover (USA)	8e91749a	78	Glover (USA)
Go Go I Land (Japan) (Disc 1)	11cacc89	95	Go Go I Land (Japan) (Disc 1)
Go Go I Land (Japan) (Disc 2)	1097ea58	95	Go Go I Land (Japan) (Disc 1)
Go II Professional - Taikyoku Igo (Japan)	59691496	1062	Go II Professional - Taikyoku Igo (Japan)
Goal Storm '97 (Asia)	8f5ff4da	1423	Goal Storm '97 (USA)
Goal Storm '97 (USA)	cf9d4ce5	1412	Goal Storm '97 (USA)
Goal Storm (Europe)	55c760dc	1401	Goal Storm (USA)
Goal Storm (USA)	9e80a164	1368	Goal Storm (USA)
Godzilla - Trading Battle (Japan)	8173614c	99	Godzilla - Trading Battle (Japan)
Goemon - Shin Sedai Shuumei (Japan)	79eecb9e	240	Goemon - Shin Sedai Shuumei (Japan)
Goiken Muyou II (Japan) (En,Ja)	40a7edb6	2502	Goiken Muyou II (Japan) (En,Ja)
Gokujou Parodius Da! Deluxe Pack (Japan)	9f210bfb	106	Parodius (Europe)
Gokuu Densetsu - Magic Beast Warriors (Japan)	2db21f73	111	Gokuu Densetsu - Magic Beast Warriors (Japan)
Gold and Glory - The Road to El Dorado (Europe)	31c9dfad	113	Gold and Glory - The Road to El Dorado (USA)
Gold and Glory - The Road to El Dorado (USA)	3d1d79ff	110	Gold and Glory - The Road to El Dorado (USA)
Gold und Ruhm - Der Weg nach El Dorado (Germany)	64b0b066	114	Gold and Glory - The Road to El Dorado (USA)
Golden Goal 98 (Europe) (En,Fr,De,Es,It)	14e45e82	250	Golden Goal 98 (Europe) (En,Fr,De,Es,It)
Golden Nugget (USA) (Disc 1)	bcd7ed9e	94	Golden Nugget (USA) (Disc 1)
Golden Nugget (USA) (Disc 2)	bd8acb4f	94	Golden Nugget (USA) (Disc 1)
Goldie (Europe) (En,Fr,De,Nl)	8843b4de	95	Goldie (Europe) (En,Fr,De,Nl)
Golgo 13 Vol. 1 - Carlyle no Yabou (Japan) (En,Ja)	96998945	116	Golgo 13 Vol. 1 - Carlyle no Yabou (Japan) (En,Ja)
Golgo 13 Vol. 2 - Mienai Guntai (Japan) (En,Ja)	8d58ba67	113	Golgo 13 Vol. 2 - Mienai Guntai (Japan) (En,Ja)
Goo! Goo! Soundy (Japan)	9933db00	926	Goo! Goo! Soundy (Japan)
Goo-Cho de Park - Theme Park Monogatari (Japan)	fd9cc885	113	Goo-Cho de Park - Theme Park Monogatari (Japan)
Goo-Cho de Park - Theme Park Monogatari (Japan) (Demo)	a4cf7299	120	Goo-Cho de Park - Theme Park Monogatari (Japan)
Goryuujin + Electro (Japan)	46c0bb9f	93	Goryuujin + Electro (Japan)
Gotha II - Tenkuu no Kishi (Japan)	42174ed7	2046	Gotha II - Tenkuu no Kishi (Japan)
Gotouchi Hello Kitty Sugoroku Monogatari (Japan)	bfc7f3de	114	Gotouchi Hello Kitty Sugoroku Monogatari (Japan)
Goujin Senki (Japan)	2d898bee	86	Goujin Senki (Japan)
Gouketsuji Ichizoku 2 - Chotto dake Saikyou Densetsu (Japan)	424ad21d	6337	Gouketsuji Ichizoku 2 - Chotto dake Saikyou Densetsu (Japan)
Gouketsuji Ichizoku 2 - Chotto dake Saikyou Densetsu (Japan) (Demo)	2ddd30a5	2898	Gouketsuji Ichizoku 2 - Chotto dake Saikyou Densetsu (Japan)
Gourmet Action Game - Manpuku!! Nabe Kazoku (Japan)	cfbb7e8f	117	Gourmet Action Game - Manpuku!! Nabe Kazoku (Japan)
Gourmet Action Game - Manpuku!! Nabe Kazoku (Japan) (Demo)	e5ef1e81	124	Gourmet Action Game - Manpuku!! Nabe Kazoku (Japan)
Grab des Pharao, Das (Germany)	0f2ba534	96	Grab des Pharao, Das (Germany)
Gradius Deluxe Pack (Japan)	f385019a	93	Gradius Deluxe Pack (Japan)
Gradius Gaiden (Japan)	78446299	88	Gradius Gaiden (Japan)
Gradius Gaiden (Japan) (Rev 1)	b6141870	96	Gradius Gaiden (Japan)
Gran Turismo (Europe) (En,Fr,De,Es,It)	68ccbe4a	104	Gran Turismo (USA)
Gran Turismo (Europe) (En,Fr,De,Es,It) (EDC)	13992a26	110	Gran Turismo (USA)
Gran Turismo (France) (Demo)	5f0430c2	226	Gran Turismo (USA)
Gran Turismo (Japan) (Taikenban)	663ca29c	98	Gran Turismo (USA)
Gran Turismo (Japan) (Tentou Shiyuudai-you Disc)	cfb6284b	114	Gran Turismo (USA)
Gran Turismo (Japan) (Test Drive Disc)	2e063323	104	Gran Turismo (USA)
Gran Turismo (Japan, Asia)	fdb866f2	92	Gran Turismo (USA)
Gran Turismo (USA)	79cff3bf	84	Gran Turismo (USA)
Gran Turismo (USA) (Demo)	dbe9eb9c	91	Gran Turismo (USA)
Gran Turismo (USA) (Rev 1)	89a5c382	92	Gran Turismo (USA)
Gran Turismo 2 (Europe) (En,Fr,De,Es,It) (Disc 1) (Arcade Mode)	0dbc8c32	129	Gran Turismo 2 (USA) (Arcade Mode)
Gran Turismo 2 (Europe) (En,Fr,De,Es,It) (Disc 1) (Arcade Mode) (Beta) (1999-12-22)	da294c2f	149	Gran Turismo 2 (USA) (Arcade Mode)
Gran Turismo 2 (Europe) (En,Fr,De,Es,It) (Disc 2) (Gran Turismo Mode)	2498808d	135	Gran Turismo 2 (USA) (Arcade Mode)
Gran Turismo 2 (France) (Un CD Bonus)	5f5f522d	244	Gran Turismo 2 (USA) (Arcade Mode)
Gran Turismo 2 (Japan) (Demo)	69f5a404	95	Gran Turismo 2 (USA) (Arcade Mode)
Gran Turismo 2 (Japan) (Disc 1) (Arcade) (Beta) (1999-10-26)	115ac31d	126	Gran Turismo 2 (USA) (Arcade Mode)
Gran Turismo 2 (Japan) (Disc 2) (Gran Turismo) (Beta) (1999-10-26)	6451cc0b	132	Gran Turismo 2 (USA) (Arcade Mode)
Gran Turismo 2 (Japan) (Disc 2) (Gran Turismo) (Rev 1)	ed36a69e	120	Gran Turismo 2 (USA) (Arcade Mode)
Gran Turismo 2 (Japan, Asia) (Disc 1) (Arcade)	211cbcec	112	Gran Turismo 2 (USA) (Arcade Mode)
Gran Turismo 2 (Japan, Asia) (Disc 2) (Gran Turismo)	ded780ca	118	Gran Turismo 2 (USA) (Arcade Mode)
Gran Turismo 2 (USA) (Arcade Mode)	2460c0f1	100	Gran Turismo 2 (USA) (Arcade Mode)
Gran Turismo 2 (USA) (Arcade Mode) (Rev 1)	04f004d3	108	Gran Turismo 2 (USA) (Arcade Mode)
Gran Turismo 2 (USA) (Simulation Mode)	59020e43	104	Gran Turismo 2 (USA) (Arcade Mode)
Gran Turismo 2 (USA) (Simulation Mode) (Rev 1)	487fbbf0	112	Gran Turismo 2 (USA) (Arcade Mode)
Gran Turismo 2 (USA) (Simulation Mode) (Rev 2)	49229d21	112	Gran Turismo 2 (USA) (Arcade Mode)
Gran Turismo 2 - Music at the Speed of Sound - The Album (USA) (Bonus PlayStation Disc)	e3f0f92d	525	Gran Turismo 2 (USA) (Arcade Mode)
Grand Slam (USA)	8ad748e3	82	Grand Slam (USA)
Grand Theft Auto (Europe) (En,Fr,De,It)	646517a2	1456	Grand Theft Auto (USA)
Grand Theft Auto (Europe) (En,Fr,De,It) (EDC)	894cb86d	1522	Grand Theft Auto (USA)
Grand Theft Auto (France) (Demo)	68646568	234	Grand Theft Auto (USA)
Grand Theft Auto (USA)	e415f405	1269	Grand Theft Auto (USA)
Grand Theft Auto - London 1969 (Europe) (En,Fr,De,It)	eee672bd	2498	Grand Theft Auto - London 1969 (Europe) (En,Fr,De,It)
Grand Theft Auto - Mission Pack 1 - London 1969 (Europe) (En,De,It)	7b1446d1	2574	Grand Theft Auto - Mission Pack 1 - London 1969 (USA)
Grand Theft Auto - Mission Pack 1 - London 1969 (Europe) (En,Fr,De,It) (Rev 1)	42e41e5a	2750	Grand Theft Auto - Mission Pack 1 - London 1969 (USA)
Grand Theft Auto - Mission Pack 1 - London 1969 (USA)	7fe49147	2350	Grand Theft Auto - Mission Pack 1 - London 1969 (USA)
Grand Theft Auto 2 (Europe) (En,Fr,De,Es,It)	78dd3330	110	Grand Theft Auto 2 (USA)
Grand Theft Auto 2 (Europe) (En,Fr,De,Es,It) (Rev 1)	bcdd415f	118	Grand Theft Auto 2 (USA)
Grand Theft Auto 2 (France)	d3f1932d	93	Grand Theft Auto 2 (USA)
Grand Theft Auto 2 (USA)	061cb66c	90	Grand Theft Auto 2 (USA)
Grande Fratello - Il Gioco (Italy)	72dcaa0a	100	Grande Fratello - Il Gioco (Italy)
Grandia (Europe) (Disc 1)	0f50c3b1	91	Grandia (USA) (Disc 1)
Grandia (Europe) (Disc 2)	0e0de560	91	Grandia (USA) (Disc 1)
Grandia (France) (Disc 1)	bd81f88b	91	Grandia (USA) (Disc 1)
Grandia (France) (Disc 2)	bcdcde5a	91	Grandia (USA) (Disc 1)
Grandia (Germany) (Disc 1)	342ab786	92	Grandia (USA) (Disc 1)
Grandia (Germany) (Disc 2)	35779157	92	Grandia (USA) (Disc 1)
Grandia (Japan) (Disc 1)	a2072799	90	Grandia (USA) (Disc 1)
Grandia (Japan) (Disc 2)	a35a0148	90	Grandia (USA) (Disc 1)
Grandia (USA) (Disc 1)	0f50623b	88	Grandia (USA) (Disc 1)
Grandia (USA) (Disc 2)	0e0d44ea	88	Grandia (USA) (Disc 1)
Grandia - Prelude (Japan) (Demo 1)	9b660b80	100	Grandia (USA) (Disc 1)
Grandia - Prelude (Japan) (Demo 2)	9a3b2d51	100	Grandia (USA) (Disc 1)
Granew-tou! Daibouken (Japan)	550813bb	2834	Granew-tou! Daibouken (Japan)
Granstream Denki - The Granstream Saga (Japan)	49ac0869	112	Granstream Saga, The (USA)
Granstream Denki - The Granstream Saga (Japan) (Demo)	4216c105	119	Granstream Saga, The (USA)
Granstream Saga, The (Europe)	4cc61210	95	Granstream Saga, The (USA)
Granstream Saga, The (France)	6acea315	95	Granstream Saga, The (USA)
Granstream Saga, The (Germany)	094804d1	96	Granstream Saga, The (USA)
Granstream Saga, The (USA)	62c8ef18	92	Granstream Saga, The (USA)
Great Battle VI, The (Japan)	e27bb8af	1581	Great Battle VI, The (Japan)
Great Hits (Japan)	8e93d101	206	Great Hits (Japan)
Great Hits (Japan) (Demo)	52259a2f	91	Great Hits (Japan)
Great Rugby Jikkyou '98 - World Cup e no Michi (Japan)	5155d737	574	Great Rugby Jikkyou '98 - World Cup e no Michi (Japan)
Grid Run (Europe)	d393f3f5	2222	Grid Run (Europe)
Grid Runner (Japan)	436e5086	2262	Grid Runner (USA)
Grid Runner (USA)	d557fa23	2222	Grid Runner (USA)
Grid Runner (USA) (Beta) (1996-06-08)	5c07a8ab	2099	Grid Runner (USA)
Grille Logic (Japan)	5d51fcb8	438	Grille Logic (Japan)
Grinch, The (Europe) (En,Fr,De,Es,It)	0c0a5110	103	Grinch, The (USA) (En,Fr,Es)
Grinch, The (USA) (En,Fr,Es)	d5e8f68a	94	Grinch, The (USA) (En,Fr,Es)
Grind Session (Europe, Australia) (En,Fr,De,Es,It,Nl,Pt)	d2a1e547	122	Grind Session (USA)
Grind Session (Scandinavia) (Sv,No,Da,Fi)	4b24c5ad	107	Grind Session (USA)
Grind Session (USA)	2592f3ff	85	Grind Session (USA)
Grind Session (USA) (Demo)	deba2585	92	Grind Session (USA)
Gritz - The Pyramid Adventure (Japan)	f33b08f1	2094	Gritz - The Pyramid Adventure (Japan)
Groove Adventure Rave - Mikan no Hiseki (Japan)	033e9953	264	Groove Adventure Rave - Mikan no Hiseki (Japan)
Groove Adventure Rave - Yuukyuu no Kizuna (Japan)	427254e1	115	Groove Adventure Rave - Yuukyuu no Kizuna (Japan)
Groove Jigoku V (Japan) (Demo)	48c8e871	96	Groove Jigoku V - SweepStation Version (Japan)
Groove Jigoku V - SweepStation Version (Japan)	7403ba3a	112	Groove Jigoku V - SweepStation Version (Japan)
Ground Stroke - Advanced Tennis Game (Japan)	f7619635	1224	Ground Stroke - Advanced Tennis Game (Japan)
Growlanser (Japan) (Disc 1)	fe96f6a7	93	Growlanser (Japan) (Disc 1)
Growlanser (Japan) (Disc 2)	5f5bcd2d	224	Growlanser (Japan) (Disc 1)
Grudge Warriors (Europe) (En,Fr,De,Es,It)	dffac651	1886	Grudge Warriors (USA)
Grudge Warriors (USA)	e6c99186	1606	Grudge Warriors (USA)
Guardian Recall - Shugojuu Shoukan (Japan) (Disc 1)	6834f882	117	Guardian Recall - Shugojuu Shoukan (Japan) (Disc 1)
Guardian Recall - Shugojuu Shoukan (Japan) (Disc 2)	6969de53	117	Guardian Recall - Shugojuu Shoukan (Japan) (Disc 1)
Guardian of Darkness, The (Europe) (En,Fr,De,Es,It)	1a90d458	117	Guardian of Darkness, The (Europe) (En,Fr,De,Es,It)
Guardian's Crusade (Europe)	abd303ce	93	Guardian's Crusade (USA)
Guardian's Crusade (France)	8ddbb2cb	93	Guardian's Crusade (USA)
Guardian's Crusade (Germany)	68c4ee13	94	Guardian's Crusade (USA)
Guardian's Crusade (Italy)	a3da1ef1	92	Guardian's Crusade (USA)
Guardian's Crusade (USA)	ed2e98a7	90	Guardian's Crusade (USA)
Gubble (Europe)	0cc43684	3062	Gubble (USA)
Gubble (Japan)	86b4b054	3034	Gubble (USA)
Gubble (USA)	cf671293	2978	Gubble (USA)
Guilty Gear (Europe)	f1258356	210	Guilty Gear (USA)
Guilty Gear (Japan)	960ab3a0	208	Guilty Gear (USA)
Guilty Gear (Japan) (Rev 1)	7fbc1699	224	Guilty Gear (USA)
Guilty Gear (Japan) (Taikenban)	890f092f	232	Guilty Gear (USA)
Guilty Gear (USA)	9184cdb8	204	Guilty Gear (USA)
Guilty Gear (USA) (Rev 1)	5a552d67	220	Guilty Gear (USA)
Guitar Freaks (Japan)	2de1ea2d	87	Guitar Freaks (Japan)
Guitar Freaks Append 2nd Mix (Japan)	1171a99f	102	Guitar Freaks Append 2nd Mix (Japan)
GunBullet (Japan)	9bb342a5	83	GunBullet (Japan)
GunBullet (Japan) (GunBullet + GunCon)	1beb30bf	104	GunBullet (Japan)
GunBullet (Japan) (Rev 1)	cc28f370	91	GunBullet (Japan)
Gunbalina (Japan)	483ad32f	83	Gunbalina (Japan)
Gunbare! Game Tengoku - The Game Paradise 2 (Japan)	12de0978	272	Gunbare! Game Tengoku - The Game Paradise 2 (Japan)
Gunbare! Game Tengoku - The Game Paradise 2 (Japan) (Demo)	84d28415	286	Gunbare! Game Tengoku - The Game Paradise 2 (Japan)
Gunbarl (Japan) (Rev 1)	6f21fe66	89	Gunbarl (Japan, Asia)
Gunbarl (Japan, Asia)	f9fa22f3	87	Gunbarl (Japan, Asia)
Gunbird (Japan)	5f00135b	1522	Gunbird (Japan)
Gundam 0079 - The War for Earth (Japan) (Disc 1)	aea18514	266	Gundam 0079 - The War for Earth (Japan) (Disc 1)
Gundam 0079 - The War for Earth (Japan) (Disc 2)	480d0e8f	266	Gundam 0079 - The War for Earth (Japan) (Disc 1)
Gundam Battle Assault (Europe) (En,Fr,De,Es,It)	0105b3e4	2964	Gundam Battle Assault (USA)
Gundam Battle Assault (Japan)	1f76ac2c	2586	Gundam Battle Assault (USA)
Gundam Battle Assault (USA)	4c543a73	2544	Gundam Battle Assault (USA)
Gundam Battle Assault 2 (Europe) (En,Fr,De,Es,It)	25314c3d	268	Gundam Battle Assault 2 (USA)
Gundam Battle Assault 2 (USA)	257c8de4	228	Gundam Battle Assault 2 (USA)
Gundam the Battle Master (Japan) (Demo 1)	70bec8e7	657	Gundam the Battle Master (Japan, Asia)
Gundam the Battle Master (Japan) (Demo 2)	ecd64ae2	657	Gundam the Battle Master (Japan, Asia)
Gundam the Battle Master (Japan, Asia)	3184bed4	2775	Gundam the Battle Master (Japan, Asia)
Gundam the Battle Master 2 (Japan) (Taikenban)	127139d7	1392	Gundam the Battle Master 2 (Japan, Asia)
Gundam the Battle Master 2 (Japan, Asia)	ac10c785	2817	Gundam the Battle Master 2 (Japan, Asia)
Gundress (Japan)	18f87088	82	Gundress (Japan)
Gundress Data-shuu (Japan)	143f8dee	92	Gundress (Japan)
Gunfighter - The Legend of Jesse James (Europe) (En,Fr,De,Es,It)	dfc197ba	130	Gunfighter - The Legend of Jesse James (USA)
Gunfighter - The Legend of Jesse James (USA)	bdb4a491	110	Gunfighter - The Legend of Jesse James (USA)
Gungage (Europe)	6f79987d	82	Gungage (Europe)
Gungage (Japan)	01e43be2	81	Gungage (Europe)
Gungho Brigade (Japan)	d666723c	88	Gungho Brigade (Japan)
Gungho Brigade (Japan) (Demo)	dfc4283a	95	Gungho Brigade (Japan)
Gunners Heaven (Japan)	6c5136cc	88	Rapid Reload (Europe)
Gunnm - Kasei no Kioku (Japan)	eab0d4ad	96	Gunnm - Kasei no Kioku (Japan)
Gunpey (Japan)	f4db05dd	80	Gunpey (Japan)
Gunship (Europe) (En,Fr,De,Es,It)	9d8e3d75	998	Gunship (USA)
Gunship (Japan)	8ff5e64c	854	Gunship (USA)
Gunship (USA)	e9bdae72	838	Gunship (USA)
Guntu - Western Front June, 1944 - Tetsu no Kioku (Japan)	af6a1c3a	2566	Guntu - Western Front June, 1944 - Tetsu no Kioku (Japan)
Gussun Oyoyo (Japan)	8d983f7f	4352	Gussun Oyoyo (Japan)
Gussun Paradise (Japan)	c523e537	3286	Gussun Paradise (Japan)
Guuguuthropus (Japan)	9f67b03d	87	Guuguuthropus (Japan)
Guuguuthropus (Japan) (Demo)	feefa236	94	Guuguuthropus (Japan)
Guy Roux Football Manager Saison 97-98 (France)	521edd80	113	Guy Roux Football Manager Saison 97-98 (France)
Guy Roux Manager '99 (France)	c000ed9b	95	Guy Roux Manager '99 (France)
Guy Roux Manager 2000 (France)	d78edbb7	602	Guy Roux Manager 2000 (France)
Guy Roux Manager 2001 (France)	69b3eea3	602	Guy Roux Manager 2001 (France)
Gyuwambler Jiko Chuushinha - Ippatsu Shoubu! (Japan)	b4931ac1	858	Gyuwambler Jiko Chuushinha - Ippatsu Shoubu! (Japan)
HBO Boxing (Europe) (En,De)	29591a53	224	HBO Boxing (USA)
HBO Boxing (USA)	542e7cdc	202	HBO Boxing (USA)
Hacha Mecha Pon! (Japan)	d26a6566	218	Hacha Mecha Pon! (Japan)
Haishin 2 (Japan)	12c4f664	83	Haishin 2 (Japan)
Haishin 2 (Japan) (DigiCube Best Selection)	a752f023	109	Haishin 2 (Japan)
Hajime no Ippo - The Fighting! (Japan)	71a29c92	2376	Hajime no Ippo - The Fighting! (Japan)
Hakai-ou - King of Crusher (Japan)	2b840390	878	Hakai-ou - King of Crusher (Japan)
Haluatko Miljonaariksi (Finland)	4afc13ed	98	Who Wants to Be a Millionaire (Europe)
Hamster Club-i (Japan)	11fb5057	88	Hamster Club-i (Japan)
Hamster Monogatari (Japan)	737e4d50	2160	Hamster Monogatari (Japan)
Hamster no Odekake (Japan)	de5a3629	92	Hamster no Odekake (Japan)
Hamunaptra - Ushinawareta Sabaku no Miyako (Japan)	334b75a6	116	Hamunaptra - Ushinawareta Sabaku no Miyako (Japan)
Hana to Ryuu (Japan)	6467fab9	1477	Hana to Ryuu (Japan)
Hana to Ryuu - Hanafuda, Mahjong (Japan) (Major Wave)	18db8e76	1906	Hana to Ryuu (Japan)
Hanabi - Fantast (Japan)	9cc6a471	2719	Hanabi - Fantast (Japan)
Hanabi - Fantast (Japan) (Demo)	290fb36b	3258	Hanabi - Fantast (Japan)
Hanafuda Graffiti - Koi Koi Monogatari (Japan)	658b97dd	112	Hanafuda Graffiti - Koi Koi Monogatari (Japan)
Hanafuda Graffiti - Koi Koi Monogatari (Japan) (Major Wave)	5f18b5c5	125	Hanafuda Graffiti - Koi Koi Monogatari (Japan)
Hanafuda Real 3D (Japan)	17937476	1172	Hanafuda Real 3D (Japan)
Happy Diet (Japan)	b9b85e89	84	Happy Diet (Japan)
Happy Hotel (Japan)	6b7b9a12	85	Happy Hotel (Japan)
Happy Jogging in Hawaii (Japan)	317806ae	97	Happy Jogging in Hawaii (Japan)
Happy Salvage (Japan)	357e958e	87	Happy Salvage (Japan)
Happy Salvage - Otakara Disc (Japan)	49e5661d	242	Happy Salvage (Japan)
Hard Blow (Japan)	ce27ab30	3790	Hard Blow (Japan)
Hard Boiled (Europe)	e60acd1f	1132	Hard Boiled (Europe)
Hard Boiled (France)	106958df	1132	Hard Boiled (Europe)
Hard Boiled (Germany)	b0d3565d	1142	Hard Boiled (Europe)
Hard Boiled - Neuro Tower o Hakai seyo (Japan)	1a315b2b	1392	Hard Boiled - Neuro Tower o Hakai seyo (Japan)
Hard Edge (Europe) (En,Fr,De)	56de6885	95	Hard Edge (Europe) (En,Fr,De)
Hard Edge (Japan)	509346bb	83	Hard Edge (Europe) (En,Fr,De)
Hard Rock Cab (Japan)	0150d359	1374	Hard Rock Cab (Japan)
HardBall '99 (USA)	84b51190	84	HardBall '99 (USA)
HardBall 5 (Japan)	3335b174	84	HardBall 5 (USA)
HardBall 5 (USA)	d5fa0dd1	82	HardBall 5 (USA)
Hardcore 4x4 (Europe) (En,Fr,De)	03e5ae86	990	Hardcore 4x4 (Europe) (En,Fr,De)
Harlem Beat - You're the One (Japan)	30eb7569	102	Harlem Beat - You're the One (Japan)
Harmful Park (Japan)	09d92f89	86	Harmful Park (Japan)
Harry Potter and the Chamber of Secrets (Europe) (En,Fr,De)	3cebeeae	125	Harry Potter and the Chamber of Secrets (USA, Canada) (En,Fr,Es)
Harry Potter and the Chamber of Secrets (Europe) (En,Nl,Da)	a0ba64db	125	Harry Potter and the Chamber of Secrets (USA, Canada) (En,Fr,Es)
Harry Potter and the Chamber of Secrets (Europe) (Es,It,Pt)	423850ca	125	Harry Potter and the Chamber of Secrets (USA, Canada) (En,Fr,Es)
Harry Potter and the Chamber of Secrets (Scandinavia) (En,Sv,No)	e3020b07	130	Harry Potter and the Chamber of Secrets (USA, Canada) (En,Fr,Es)
Harry Potter and the Chamber of Secrets (USA, Canada) (En,Fr,Es)	b793d61f	130	Harry Potter and the Chamber of Secrets (USA, Canada) (En,Fr,Es)
Harry Potter and the Philosopher's Stone (Canada) (En,Fr,De)	c70f4b00	126	Harry Potter and the Philosopher's Stone (Europe) (En,Fr,De)
Harry Potter and the Philosopher's Stone (Europe) (En,Fr,De)	cc448cf1	126	Harry Potter and the Philosopher's Stone (Europe) (En,Fr,De)
Harry Potter and the Philosopher's Stone (Europe) (En,Nl,Da)	50150684	126	Harry Potter and the Philosopher's Stone (Europe) (En,Fr,De)
Harry Potter and the Philosopher's Stone (Europe) (Es,It,Pt)	b2973295	126	Harry Potter and the Philosopher's Stone (Europe) (En,Fr,De)
Harry Potter and the Philosopher's Stone (Scandinavia) (Sv,No,Fi)	ddcd4690	131	Harry Potter and the Philosopher's Stone (Europe) (En,Fr,De)
Harry Potter and the Sorcerer's Stone (USA) (En,Fr,Es)	5b983920	120	Harry Potter and the Sorcerer's Stone (USA) (En,Fr,Es)
Harry Potter ja Salaisuuksien Kammio (Finland) (En,Fi)	64af61ce	120	Harry Potter and the Chamber of Secrets (USA, Canada) (En,Fr,Es)
Harry Potter to Himitsu no Heya (Japan)	8498f4ec	105	Harry Potter to Himitsu no Heya (Japan)
Harry Potter to Kenja no Ishi (Japan)	e2d2541e	103	Harry Potter to Kenja no Ishi (Japan)
Harry Potter to Kenja no Ishi (Japan) (Coca-Cola Kenshouhin)	72bb3723	126	Harry Potter to Kenja no Ishi (Japan)
Harukanaru Toki no Naka de (Japan)	a9890c7c	100	Harukanaru Toki no Naka de (Japan)
Harukanaru Toki no Naka de (Japan) (Premium Box)	66555985	114	Harukanaru Toki no Naka de (Japan)
Harukanaru Toki no Naka de - Banjou Yuugi (Japan)	53d7716e	115	Harukanaru Toki no Naka de - Banjou Yuugi (Japan)
Harukanaru Toki no Naka de - Banjou Yuugi (Japan) (Premium Box)	a2770b44	129	Harukanaru Toki no Naka de - Banjou Yuugi (Japan)
Harukaze Sentai V-Force (Japan) (Disc 1)	73e30d83	106	Harukaze Sentai V-Force (Japan) (Disc 1)
Harukaze Sentai V-Force (Japan) (Disc 2)	72be2b52	106	Harukaze Sentai V-Force (Japan) (Disc 1)
Harukaze Sentai V-Force (Japan) (Disc 3)	c4a5cb22	106	Harukaze Sentai V-Force (Japan) (Disc 1)
Harvest Moon - Back to Nature (Europe) (En,De)	bdd9ce26	112	Harvest Moon - Back to Nature (USA)
Harvest Moon - Back to Nature (Europe) (En,De) (Rev 1)	b9c40757	120	Harvest Moon - Back to Nature (USA)
Harvest Moon - Back to Nature (USA)	43d7cf56	101	Harvest Moon - Back to Nature (USA)
Harvest Moon - Back to Nature (USA) (Trade Demo)	464e03fe	114	Harvest Moon - Back to Nature (USA)
Hashiriya - Ookamitachi no Densetsu (Japan)	fcb09ba7	1776	Hashiriya - Ookamitachi no Densetsu (Japan)
Hatsukoi Valentine (Japan)	659dac39	462	Hatsukoi Valentine (Japan)
Hatsukoi Valentine Special (Japan)	a3dfce76	366	Hatsukoi Valentine Special (Japan)
Haunted Junction - Seitokai Badge o Oe! (Japan)	beb66409	113	Haunted Junction - Seitokai Badge o Oe! (Japan)
Heart of Darkness (Europe) (Demo)	54af254d	99	Heart of Darkness (USA) (Disc 1)
Heart of Darkness (Europe) (Disc 1)	73dac102	101	Heart of Darkness (USA) (Disc 1)
Heart of Darkness (Europe) (Disc 1) (EDC)	ee1191eb	107	Heart of Darkness (USA) (Disc 1)
Heart of Darkness (Europe) (Disc 2)	7287e7d3	101	Heart of Darkness (USA) (Disc 1)
Heart of Darkness (France) (Demo)	62287119	99	Heart of Darkness (USA) (Disc 1)
Heart of Darkness (France) (Disc 1)	c10bfa38	101	Heart of Darkness (USA) (Disc 1)
Heart of Darkness (France) (Disc 2)	c056dce9	101	Heart of Darkness (USA) (Disc 1)
Heart of Darkness (Germany) (Disc 1)	663edfb2	102	Heart of Darkness (USA) (Disc 1)
Heart of Darkness (Germany) (Disc 2)	6763f963	102	Heart of Darkness (USA) (Disc 1)
Heart of Darkness (Germany) (Disc 2) (EDC)	c7bdb4ef	108	Heart of Darkness (USA) (Disc 1)
Heart of Darkness (Italy) (Disc 1)	6d1dd02a	100	Heart of Darkness (USA) (Disc 1)
Heart of Darkness (Italy) (Disc 2)	6c40f6fb	100	Heart of Darkness (USA) (Disc 1)
Heart of Darkness (Spain) (Disc 1)	f1576d9c	100	Heart of Darkness (USA) (Disc 1)
Heart of Darkness (Spain) (Disc 2)	f00a4b4d	100	Heart of Darkness (USA) (Disc 1)
Heart of Darkness (USA) (Disc 1)	11445943	98	Heart of Darkness (USA) (Disc 1)
Heart of Darkness (USA) (Disc 2)	10197f92	98	Heart of Darkness (USA) (Disc 1)
Heaven's Gate (Japan)	64d531b5	1954	Heaven's Gate (Japan)
Hebereke Station Popoitto (Japan)	0cf71e97	2414	Hebereke Station Popoitto (Japan)
Hebereke's Popoitto (Europe)	83eb5742	2319	Hebereke's Popoitto (Europe)
Heisa Byouin (Japan)	5728d575	86	Heisa Byouin (Japan)
Heiwa Pachinko Daisuki (Japan)	1c9a384b	1232	Heiwa Pachinko Daisuki (Japan)
Heiwa Pachinko Graffiti Vol. 1 (Japan)	eebf0a1d	104	Heiwa Pachinko Graffiti Vol. 1 (Japan)
Heiwa Pachinko Graffiti Vol. 2 (Japan)	4ac188d8	104	Heiwa Pachinko Graffiti Vol. 2 (Japan)
Heiwa Parlor! Pro - BunDori King SP (Japan)	6b5cb3ab	256	Heiwa Parlor! Pro - BunDori King SP (Japan)
Heiwa Parlor! Pro - Dolphin Ring Special (Japan)	48b6ab63	114	Heiwa Parlor! Pro - Dolphin Ring Special (Japan)
Heiwa Parlor! Pro - Fujiko ni O-Ma-Ka-Se Special (Japan)	e296a5bf	282	Heiwa Parlor! Pro - Fujiko ni O-Ma-Ka-Se Special (Japan)
Heiwa Parlor! Pro - Inakappe Taishou Special (Japan)	165fce5f	118	Heiwa Parlor! Pro - Inakappe Taishou Special (Japan)
Heiwa Parlor! Pro - Lupin Sansei Special (Japan)	19999572	266	Heiwa Parlor! Pro - Lupin Sansei Special (Japan)
Heiwa Parlor! Pro - Tsunatori Special (Japan)	5d9457f1	111	Heiwa Parlor! Pro - Tsunatori Special (Japan)
Heiwa Parlor! Pro - Western Special (Japan)	765404f8	109	Heiwa Parlor! Pro - Western Special (Japan)
Heiwa, The - Otenki Studio (Japan)	35cc4949	100	Heiwa, The - Otenki Studio (Japan)
Helix - Fear Effect (Japan) (Disc 1)	f528cc2f	102	Helix - Fear Effect (Japan) (Disc 1)
Helix - Fear Effect (Japan) (Disc 2)	f475eafe	102	Helix - Fear Effect (Japan) (Disc 1)
Helix - Fear Effect (Japan) (Disc 3)	426e0a8e	102	Helix - Fear Effect (Japan) (Disc 1)
Helix - Fear Effect (Japan) (Disc 4)	f6cfa75c	102	Helix - Fear Effect (Japan) (Disc 1)
Helix - Fear Effect (Japan) (Taikenban)	69ac8f16	105	Helix - Fear Effect (Japan) (Disc 1)
Hellboy - Asylum Seeker (USA)	090810e3	95	Hellboy - Asylum Seeker (USA)
Hellnight (Europe) (En,Fr,De)	a842c670	95	Hellnight (Europe) (En,Fr,De)
Hello Charlie!! (Japan)	9337faba	89	Hello Charlie!! (Japan)
Hello Kitty - Cube Frenzy (USA)	c958fe1d	97	Hello Kitty - Cube Frenzy (USA)
Hello Kitty - White Present (Japan)	a7c9e64c	4142	Hello Kitty - White Present (Japan)
Hello Kitty no Cube de Cute (Japan)	9899f37a	101	Hello Kitty no Cube de Cute (Japan)
Hello Kitty no Cube de Cute (Japan) (Demo)	9c5c4786	108	Hello Kitty no Cube de Cute (Japan)
Henry Explorers (Japan)	4d832809	104	Crypt Killer (USA)
Herc's Adventures (Europe)	cf694265	92	Herc's Adventures (USA)
Herc's Adventures (France)	e961f360	92	Herc's Adventures (USA)
Herc's Adventures (Germany)	29a42e32	93	Herc's Adventures (USA)
Herc's Adventures (Italy)	723375e8	91	Herc's Adventures (USA)
Herc's Adventures (Spain)	2f778430	91	Herc's Adventures (USA)
Herc's Adventures (USA)	89240a14	89	Herc's Adventures (USA)
Herc's Adventures - Hercules no Daibouken (Japan)	22a94600	115	Herc's Adventures - Hercules no Daibouken (Japan)
Herkules (Europe) (En,De)	4e99390c	91	Herkules (Europe) (En,De)
Hermie Hopperhead - Scrap Panic (Japan)	c08bec16	105	Hermie Hopperhead - Scrap Panic (Japan)
Hermie Hopperhead - Scrap Panic (Japan) (Demo)	365332f6	112	Hermie Hopperhead - Scrap Panic (Japan)
Heroine Dream (Japan)	12d26d93	212	Heroine Dream (Japan)
Heroine Dream (Japan) (Shokai Genteiban)	e5e63777	250	Heroine Dream (Japan)
Heroine Dream 2 (Japan)	a1db951c	567	Heroine Dream 2 (Japan)
Hexamoon Guardians (Japan) (Demo)	2ae338f3	99	Hexamoon Guardians (Japan) (Disc 1)
Hexamoon Guardians (Japan) (Disc 1)	6a9a50a1	101	Hexamoon Guardians (Japan) (Disc 1)
Hexamoon Guardians (Japan) (Disc 2)	6bc77670	101	Hexamoon Guardians (Japan) (Disc 1)
Hexen (Europe)	651a8a3b	1508	Hexen (USA)
Hexen (USA)	9968a1ba	1466	Hexen (USA)
Hexen - Beyond Heretic (Japan)	cb95db71	1732	Hexen - Beyond Heretic (Japan)
Hi-Hou-Ou - Mou Omae to wa Kuchi Kikan!! (Japan)	20e161d2	114	Hi-Hou-Ou - Mou Omae to wa Kuchi Kikan!! (Japan)
Hi-Octane (Europe) (En,Fr,De,Es)	0c4af7c5	486	Hi-Octane (Europe) (En,Fr,De,Es)
Hi-Octane (Japan)	4d1b4a1b	426	Hi-Octane (Europe) (En,Fr,De,Es)
Hi-Octane + Ridge Racer + Mortal Kombat 3 + Evolva (France)	21e4d0a7	2908	Hi-Octane - The Track Fights Back! (USA) (En,Fr,De,Es)
Hi-Octane - The Track Fights Back! (USA) (En,Fr,De,Es)	04d50fc6	574	Hi-Octane - The Track Fights Back! (USA) (En,Fr,De,Es)
Hidden & Dangerous (Europe) (En,Fr,De,Es,It)	463b9a6c	110	Hidden & Dangerous (Europe) (En,Fr,De,Es,It)
High Heat Baseball 2000 (USA)	637c061f	351	High Heat Baseball 2000 (USA)
High Heat Major League Baseball 2002 (USA)	caef71f3	254	High Heat Major League Baseball 2002 (USA)
High School of Blitz (Japan)	d5abba6c	226	High School of Blitz (Japan)
Hikari no Shima - Seven Lithographs in Shining Island (Japan)	692e91ee	292	Hikari no Shima - Seven Lithographs in Shining Island (Japan)
Hikaru no Go - Heian Gensou Ibunroku (Japan)	6720907a	110	Hikaru no Go - Heian Gensou Ibunroku (Japan)
Hikaru no Go - Insei Choujou Kessen (Japan)	e32118c7	109	Hikaru no Go - Insei Choujou Kessen (Japan)
Himiko-den - Renge (Japan) (Demo)	11876924	363	Himiko-den - Renge (Japan) (Disc 1)
Himiko-den - Renge (Japan) (Disc 1)	c4104b6f	369	Himiko-den - Renge (Japan) (Disc 1)
Himiko-den - Renge (Japan) (Disc 2)	6a992759	101	Himiko-den - Renge (Japan) (Disc 1)
Himiko-den - Renge (Japan) (Disc 3)	dc82c729	101	Himiko-den - Renge (Japan) (Disc 1)
Himitsu Kessha Q (Japan)	6ef29408	572	Himitsu Kessha Q (Japan)
Himitsu Sentai Metamor V Deluxe (Japan) (Disc 1)	0ab91abf	114	Himitsu Sentai Metamor V Deluxe (Japan) (Disc 1)
Himitsu Sentai Metamor V Deluxe (Japan) (Disc 2)	0be43c6e	114	Himitsu Sentai Metamor V Deluxe (Japan) (Disc 1)
Hissatsu Pachi-Slot Station - Meoshi Ichiban (Japan)	dd91fde7	118	Hissatsu Pachi-Slot Station - Meoshi Ichiban (Japan)
Hissatsu Pachi-Slot Station 2 - Bakuto! Joushiki Yaburi no 2 Types (Japan)	2cb83295	140	Hissatsu Pachi-Slot Station 2 - Bakuto! Joushiki Yaburi no 2 Types (Japan)
Hissatsu Pachi-Slot Station 3 - Tetra Reel e no Chousen (Japan)	2d42610d	129	Hissatsu Pachi-Slot Station 3 - Tetra Reel e no Chousen (Japan)
Hissatsu Pachi-Slot Station 4 - New Pulsar R & Hot Rod Queen (Japan)	5802670a	134	Hissatsu Pachi-Slot Station 4 - New Pulsar R & Hot Rod Queen (Japan)
Hissatsu Pachi-Slot Station 5 - Invaders 2000 (Japan)	00597d6c	119	Hissatsu Pachi-Slot Station 5 - Invaders 2000 (Japan)
Hissatsu Pachi-Slot Station SP - Yamasa Best Choice (Japan)	f1b9c106	125	Hissatsu Pachi-Slot Station SP - Yamasa Best Choice (Japan)
Hissatsu Pachi-Slot Station Special 2 - The Tetra (Japan)	38c697aa	123	Hissatsu Pachi-Slot Station Special 2 - The Tetra (Japan)
Hissatsu Pachinko Station (Japan)	4f74ea73	1262	Hissatsu Pachinko Station (Japan)
Hissatsu Pachinko Station - Monster House Special (Japan)	58f42b0b	1039	Hissatsu Pachinko Station - Monster House Special (Japan)
Hissatsu Pachinko Station - Toyomaru Special (Japan)	481e6364	274	Hissatsu Pachinko Station - Toyomaru Special (Japan)
Hissatsu Pachinko Station 10 - EX Jack 2000 & Super Dragon (Japan)	11bfb992	132	Hissatsu Pachinko Station 10 - EX Jack 2000 & Super Dragon (Japan)
Hissatsu Pachinko Station 2 (Japan)	62bc534d	1282	Hissatsu Pachinko Station 2 (Japan)
Hissatsu Pachinko Station 2 (Japan) (Rev 1)	cee78ffb	1362	Hissatsu Pachinko Station 2 (Japan)
Hissatsu Pachinko Station 3 - Genshijin ga Ippai (Japan)	8ef6851b	122	Hissatsu Pachinko Station 3 - Genshijin ga Ippai (Japan)
Hissatsu Pachinko Station 3 - Genshijin ga Ippai (Japan) (Genteiban)	09c9ada4	134	Hissatsu Pachinko Station 3 - Genshijin ga Ippai (Japan)
Hissatsu Pachinko Station 4 - Hero-tachi no Chousen (Japan)	5bf1a40e	125	Hissatsu Pachinko Station 4 - Hero-tachi no Chousen (Japan)
Hissatsu Pachinko Station 4 - Hero-tachi no Chousen (Japan) (Rev 1)	f0fad83b	133	Hissatsu Pachinko Station 4 - Hero-tachi no Chousen (Japan)
Hissatsu Pachinko Station 5 - Deramaitta & Irete Nanbo (Japan)	c81f3926	128	Hissatsu Pachinko Station 5 - Deramaitta & Irete Nanbo (Japan)
Hissatsu Pachinko Station 6 - Gakideka & Jamaica (Japan)	8a424d52	122	Hissatsu Pachinko Station 6 - Gakideka & Jamaica (Japan)
Hissatsu Pachinko Station 7 - CR Chumy House XL & CR Battle Hero V & Fine Play (Japan)	b335f7c5	152	Hissatsu Pachinko Station 7 - CR Chumy House XL & CR Battle Hero V & Fine Play (Japan)
Hissatsu Pachinko Station 8 - Kamashi no Kin-chan & Soreyuke Hama-chan (Japan)	a47fba20	144	Hissatsu Pachinko Station 8 - Kamashi no Kin-chan & Soreyuke Hama-chan (Japan)
Hissatsu Pachinko Station 9 - Ushiwaka to Lemi (Japan)	cd017838	120	Hissatsu Pachinko Station 9 - Ushiwaka to Lemi (Japan)
Hissatsu Pachinko Station Classic - Fukkatsu! Natsukashi no Meikitachi (Japan)	18a9645f	1186	Hissatsu Pachinko Station Classic - Fukkatsu! Natsukashi no Meikitachi (Japan)
Hissatsu Pachinko Station Classic 2 - Tsui ni yomigaeru!! Bakuretsu Meiki Fukkatsu (Japan)	757fa42b	156	Hissatsu Pachinko Station Classic 2 - Tsui ni yomigaeru!! Bakuretsu Meiki Fukkatsu (Japan)
Hissatsu Pachinko Station Now - Kore ga Ichiban!! Shin Pikaichi Tengoku (Japan)	643d89b1	145	Hissatsu Pachinko Station Now - Kore ga Ichiban!! Shin Pikaichi Tengoku (Japan)
Hissatsu Pachinko Station Now 2 - Yatta ze Ippatsu Tsumo Tsumo Tengoku (Japan)	5072fe9f	144	Hissatsu Pachinko Station Now 2 - Yatta ze Ippatsu Tsumo Tsumo Tengoku (Japan)
Hissatsu Pachinko Station Now 3 - Youkai Engei (Japan)	e2cda8aa	120	Hissatsu Pachinko Station Now 3 - Youkai Engei (Japan)
Hissatsu Pachinko Station Now 4 - Ore wa Nekketsu Bouken-ou da!! (Japan)	34327e93	812	Hissatsu Pachinko Station Now 4 - Ore wa Nekketsu Bouken-ou da!! (Japan)
Hissatsu Pachinko Station Now 5 - GeGeGe no Kitarou (Japan)	553fea64	125	Hissatsu Pachinko Station Now 5 - GeGeGe no Kitarou (Japan)
Hissatsu Pachinko Station Now 6 - Shinsei!! Areddin 21 (Japan)	d8d0dcf6	128	Hissatsu Pachinko Station Now 6 - Shinsei!! Areddin 21 (Japan)
Hissatsu Pachinko Station Now 7 - Magical Circus (Japan)	dbdd7004	582	Hissatsu Pachinko Station Now 7 - Magical Circus (Japan)
Hissatsu Pachinko Station Now 8 - Jarinko Chie (Japan)	646c7106	120	Hissatsu Pachinko Station Now 8 - Jarinko Chie (Japan)
Hissatsu Pachinko Station Now 9 - Dirty Pair (Japan)	97b071ef	118	Hissatsu Pachinko Station Now 9 - Dirty Pair (Japan)
Hissatsu Pachinko Station Petit - Nanasy tte Nani (Japan)	3c9b2da8	123	Hissatsu Pachinko Station Petit - Nanasy tte Nani (Japan)
Hissatsu Pachinko Station Petit 2 - Areddin tte Great! (Japan)	41c8539a	128	Hissatsu Pachinko Station Petit 2 - Areddin tte Great! (Japan)
Hissatsu Pachinko Station SP3 (Japan)	46611ecd	103	Hissatsu Pachinko Station SP3 (Japan)
History of Kita Denshi (Japan)	3a80cb7f	726	History of Kita Denshi (Japan)
Hit Back (Japan)	9ee61720	82	Hit Back (Japan)
Hit Back (Japan) (Demo)	c8c58029	89	Hit Back (Japan)
Hive Wars, The (Japan) (Disc 1)	5a0a402f	97	Hive, The (USA) (Disc 1)
Hive Wars, The (Japan) (Disc 2)	5b5766fe	97	Hive, The (USA) (Disc 1)
Hive, The (USA) (Disc 1)	df6c8e69	90	Hive, The (USA) (Disc 1)
Hive, The (USA) (Disc 2)	de31a8b8	90	Hive, The (USA) (Disc 1)
Hiza no Ue no Partner - Kitty on Your Lap (Japan)	136a2e6f	456	Hiza no Ue no Partner - Kitty on Your Lap (Japan)
Hogs of War (Europe)	6f465c45	324	Hogs of War (USA)
Hogs of War (Europe) (Demo)	bffdcf8d	345	Hogs of War (USA)
Hogs of War (USA)	25da4f4e	426	Hogs of War (USA)
Hogs of War - Nati per Soffritto (Italy)	aa4496df	384	Hogs of War (USA)
Hokuto no Ken (Japan)	f91a3fc7	87	Hokuto no Ken (Japan)
Hokuto no Ken - Seikimatsu Kyuuseishu Densetsu (Japan)	736b61a5	278	Hokuto no Ken - Seikimatsu Kyuuseishu Densetsu (Japan)
Home Doctor (Japan)	801ace51	85	Home Doctor (Japan)
Honkaku 4-nin Uchi - Geinoujin Taikyoku Mahjong - The Wareme de Pon (Japan)	09396500	141	Honkaku 4-nin Uchi - Geinoujin Taikyoku Mahjong - The Wareme de Pon (Japan)
Honkaku Hanafuda (Japan)	9b49c8ad	90	Honkaku Hanafuda (Japan)
Honkaku Igo (Japan)	b2219709	660	Honkaku Igo (Japan)
Honkaku Mahjong - Tetsuman Special (Japan)	7e20ef69	3133	Honkaku Mahjong - Tetsuman Special (Japan)
Honkaku Mahjong - Tetsuman Special (Japan) (Rev 1)	68019463	3317	Honkaku Mahjong - Tetsuman Special (Japan)
Honkaku Shougi - Shougi-ou (Japan)	131189a7	100	Honkaku Shougi - Shougi-ou (Japan)
Honkaku Yonin Uchi Pro Mahjong - Mahjong-ou (Japan)	c6a8f536	117	Honkaku Yonin Uchi Pro Mahjong - Mahjong-ou (Japan)
Honkakuha Yonin Uchi - Mahjong Club (Japan)	a6049552	109	Honkakuha Yonin Uchi - Mahjong Club (Japan)
Honkakuha Yonin Uchi - Mahjong Club (Japan) (Honkakuha de 1300)	16ee2b95	129	Honkakuha Yonin Uchi - Mahjong Club (Japan)
Honoo no 15 Shumoku - Atlanta Olympics (Japan)	82888ffc	1392	Hyper Olympic in Atlanta (Japan)
Honoo no Ryourinin - Cooking Fighter Hao (Japan)	01b5db1b	114	Honoo no Ryourinin - Cooking Fighter Hao (Japan)
Hooters - Road Trip (USA)	881131b1	91	Hooters - Road Trip (USA)
Horned Owl (Japan)	99f571cf	84	Project - Horned Owl (USA)
Hoshi de Hakken!! Tamagotchi (Japan, Asia)	6684827a	108	Hoshi de Hakken!! Tamagotchi (Japan, Asia)
Hoshi no Mahoroba (Japan)	1ac37ee2	220	Hoshi no Mahoroba (Japan)
Hoshigami - Ruining Blue Earth (USA)	aa6f01bf	632	Hoshigami - Ruining Blue Earth (USA)
Hoshigami - Shizumiyuku Aoki Daichi (Japan)	f1d6ad81	667	Hoshigami - Ruining Blue Earth (USA)
Hoshinooka Gakuen Monogatari - Gakuensai (Japan)	f7889103	114	Hoshinooka Gakuen Monogatari - Gakuensai (Japan)
Hot Shot (Europe)	073d34aa	315	Hot Shot (Europe)
Hot Shots Golf (USA)	1b5df732	86	Hot Shots Golf (USA)
Hot Shots Golf (USA) (Demo)	93506940	93	Hot Shots Golf (USA)
Hot Shots Golf 2 (USA)	020db6d3	88	Hot Shots Golf 2 (USA)
Hot Shots Golf 2 (USA) (Demo)	e781caf4	95	Hot Shots Golf 2 (USA)
Hot Wheels - Extreme Racing (Europe)	58bfc435	2209	Hot Wheels - Extreme Racing (USA)
Hot Wheels - Extreme Racing (USA)	c0f76d12	2158	Hot Wheels - Extreme Racing (USA)
Hot Wheels - Turbo Racing (Europe) (En,Fr,De)	de50e14f	1942	Hot Wheels - Turbo Racing (USA)
Hot Wheels - Turbo Racing (USA)	fc6f3aa5	1746	Hot Wheels - Turbo Racing (USA)
Houma Hunter Lime - Special Collection Vol. 1 (Japan)	0bae1cb0	119	Houma Hunter Lime - Special Collection Vol. 1 (Japan)
Houma Hunter Lime - Special Collection Vol. 2 (Japan)	afd09e75	119	Houma Hunter Lime - Special Collection Vol. 2 (Japan)
Houshin Engi (Japan)	88e9ebe7	86	Houshin Engi (Japan)
Houshin Engi - Aizouban (Japan)	46905007	97	Houshin Engi - Aizouban (Japan)
Housoukyoku, The - SatelliTV (Japan)	2517acaa	102	SatelliTV (Japan)
Hugo (Europe)	a1c40320	517	Hugo (Europe)
Hugo (Europe) (Nl,Pt)	207261f7	557	Hugo (Europe)
Hugo (Europe) (Nl,Pt) (Rev 1)	bc702721	597	Hugo (Europe)
Hugo (France)	c582a701	517	Hugo (Europe)
Hugo (Germany)	0807f743	522	Hugo (Europe)
Hugo (Italy)	165b4b9e	512	Hugo (Europe)
Hugo (Scandinavia) (Da,Fi)	af60799a	582	Hugo (Europe)
Hugo (Scandinavia) (Sv,No)	72072830	582	Hugo (Europe)
Hugo (Spain)	ac958409	512	Hugo (Europe)
Hugo - Black Diamond Fever (Europe) (En,Sv,Fi)	6b93bbe8	112	Hugo - Black Diamond Fever (Europe) (En,Sv,Fi)
Hugo - Black Diamond Fever (Europe) (Es,It,Pt)	2fead17f	112	Hugo - Black Diamond Fever (Europe) (En,Sv,Fi)
Hugo - Black Diamond Fever (Europe) (Fr,De,Nl)	4b614b6f	112	Hugo - Black Diamond Fever (Europe) (En,Sv,Fi)
Hugo - Black Diamond Fever (Scandinavia) (Sv,No,Da)	f24bbd93	117	Hugo - Black Diamond Fever (Europe) (En,Sv,Fi)
Hugo - Frog Fighter (Europe) (En,Fr,De,Es,It,Nl,Pt,Sv,No,Da,Fi)	150de5e2	924	Hugo - Frog Fighter (Europe) (En,Fr,De,Es,It,Nl,Pt,Sv,No,Da,Fi)
Hugo - Frog Fighter (France)	d6ed7160	714	Hugo - Frog Fighter (Europe) (En,Fr,De,Es,It,Nl,Pt,Sv,No,Da,Fi)
Hugo - The Evil Mirror (Europe) (En,Da,Pl)	71fd9b9d	108	Hugo - The Evil Mirror (USA) (En,Es)
Hugo - The Evil Mirror (Europe) (Es,It,Pt)	31646e80	108	Hugo - The Evil Mirror (USA) (En,Es)
Hugo - The Evil Mirror (Europe) (Fr,De,Nl)	55eff490	108	Hugo - The Evil Mirror (USA) (En,Es)
Hugo - The Evil Mirror (Scandinavia) (Sv,No,Fi)	533ae879	113	Hugo - The Evil Mirror (USA) (En,Es)
Hugo - The Evil Mirror (USA) (En,Es)	b624bc98	102	Hugo - The Evil Mirror (USA) (En,Es)
Hugo - The Quest for the Sunstones (Europe) (En,Fr,De,Es,It,Pt,Sv,No,Da,Fi)	c737213b	141	Hugo - The Quest for the Sunstones (Europe) (Fr,Nl,Pl)
Hugo - The Quest for the Sunstones (Europe) (Fr,Nl,Pl)	e29be758	120	Hugo - The Quest for the Sunstones (Europe) (Fr,Nl,Pl)
Hugo 2 (Denmark)	9111ac5d	1203	Hugo 2 (Europe)
Hugo 2 (Europe)	2777eee6	1192	Hugo 2 (Europe)
Hugo 2 (Finland)	c6f1a886	1203	Hugo 2 (Europe)
Hugo 2 (France)	68cc1728	1192	Hugo 2 (Europe)
Hugo 2 (Germany)	2219a658	1203	Hugo 2 (Europe)
Hugo 2 (Germany) (Rev 1)	6d16c256	1291	Hugo 2 (Europe)
Hugo 2 (Italy)	e7c05fa9	1181	Hugo 2 (Europe)
Hugo 2 (Netherlands)	66973261	1247	Hugo 2 (Europe)
Hugo 2 (Norway)	da14abd5	1192	Hugo 2 (Europe)
Hugo 2 (Portugal)	3e2a6761	1214	Hugo 2 (Europe)
Hugo 2 (Spain)	6a2b9f61	1181	Hugo 2 (Europe)
Hugo 2 (Sweden)	f68a25b8	1192	Hugo 2 (Europe)
Hunchback of Notredame (Europe)	56c4478f	97	Hunchback of Notredame (Europe)
Hunter x Hunter - Maboroshi no Greed Island (Japan)	5ec43359	117	Hunter x Hunter - Maboroshi no Greed Island (Japan)
Hunter x Hunter - Ubawareta Aura Stone (Japan)	8962e1bb	112	Hunter x Hunter - Ubawareta Aura Stone (Japan)
Hunter, The (Europe)	35cfff21	552	Hunter, The (Europe)
Hvem Vil Vaere Millionaer (Denmark)	22943faf	101	Who Wants to Be a Millionaire (Europe)
Hyakujuu Sentai GaoRanger (Japan)	e36040d3	236	Hyakujuu Sentai GaoRanger (Japan)
Hybrid (Europe)	6b3c487b	636	Hybrid (Europe)
Hybrid (Japan)	f9b8e53c	630	Hybrid (Europe)
Hydro Thunder (Europe) (En,Fr)	d8dc4805	96	Hydro Thunder (USA)
Hydro Thunder (USA)	64a957ca	85	Hydro Thunder (USA)
Hyouryuuki - The Reportage Beyond the Sea (Japan)	95bd08ee	115	Hyouryuuki - The Reportage Beyond the Sea (Japan)
Hyouryuuki - The Reportage Beyond the Sea (Japan) (Major Wave)	2b73248f	128	Hyouryuuki - The Reportage Beyond the Sea (Japan)
Hyper 3D Pinball (Japan)	8cfefa81	926	Hyper 3D Pinball (Japan)
Hyper Crazy Climber (Japan)	282e9798	2178	Hyper Crazy Climber (Japan)
Hyper Final Match Tennis (Japan)	7e975544	1760	Hyper Final Match Tennis (Japan)
Hyper Formation Soccer (Japan)	5e350419	96	Hyper Formation Soccer (Japan)
Hyper Olympic in Atlanta (Japan)	f8e4736f	98	Hyper Olympic in Atlanta (Japan)
Hyper Olympic in Nagano (Japan)	892c9728	112	Hyper Olympic in Nagano (Japan)
Hyper Securities 2 (Japan)	e9e1cbb6	92	Hyper Securities 2 (Japan)
Hyper Tennis - Final Match (Europe)	074ee7ca	1802	Hyper Tennis - Final Match (Europe)
Hyper Value 2800 - Hanafuda (Japan)	e4fa1ce8	101	Hyper Value 2800 - Hanafuda (Japan)
Hyper Value 2800 - Hyper Pachinko (Japan)	51e266b4	107	Hyper Value 2800 - Hyper Pachinko (Japan)
Hyper Value 2800 - Mahjong (Japan)	a6568d2e	100	Hyper Value 2800 - Mahjong (Japan)
I'Max Shougi II (Japan)	d248a5ce	89	I'Max Shougi II (Japan)
I.Q - Intelligent Qube (Japan)	c7f728e0	96	I.Q - Intelligent Qube (USA)
I.Q - Intelligent Qube (Japan) (Demo)	1a7154c0	103	I.Q - Intelligent Qube (USA)
I.Q - Intelligent Qube (USA)	95f05e0e	94	I.Q - Intelligent Qube (USA)
I.Q - Intelligent Qube (USA) (Demo)	47b17c6f	101	I.Q - Intelligent Qube (USA)
I.Q Final (Japan)	e606ebcf	83	I.Q - Intelligent Qube (USA)
I.Q Final (Japan) (Demo 1)	5bdfb4da	92	I.Q - Intelligent Qube (USA)
I.Q Final (Japan) (Demo 2)	5a82920b	92	I.Q - Intelligent Qube (USA)
IHRA Drag Racing (USA)	66864c1a	1503	IHRA Drag Racing (USA)
ISS Pro Evolution (Asia)	b1b2dfcc	1590	ISS Pro Evolution (USA)
ISS Pro Evolution (Europe) (En,Fr,De)	837ddb0a	1566	ISS Pro Evolution (USA)
ISS Pro Evolution (Europe) (En,Fr,De) (EDC)	f2556859	1818	ISS Pro Evolution (USA)
ISS Pro Evolution (Europe) (Es,It)	48916660	1710	ISS Pro Evolution (USA)
ISS Pro Evolution (USA)	ec26d7ba	1398	ISS Pro Evolution (USA)
ISS Pro Evolution 2 (Europe) (En,Fr,De)	03dd2e73	1770	ISS Pro Evolution 2 (Europe) (Es,It)
ISS Pro Evolution 2 (Europe) (En,Fr,De) (Alt)	27db4b8b	1842	ISS Pro Evolution 2 (Europe) (Es,It)
ISS Pro Evolution 2 (Europe) (Es,It)	5564f72f	1734	ISS Pro Evolution 2 (Europe) (Es,It)
Ian Livingstone's Deathtrap Dungeon (Europe) (En,Fr,De,Es,It)	0a6ce17f	127	Ian Livingstone's Deathtrap Dungeon (USA)
Ian Livingstone's Deathtrap Dungeon (USA)	30c4c344	107	Ian Livingstone's Deathtrap Dungeon (USA)
Iblard - Laputa no Kaeru Machi (Japan)	16c68ed9	104	Iblard - Laputa no Kaeru Machi (Japan)
Ichigeki - Hagane no Hito (Japan)	498f0423	99	Ichigeki - Hagane no Hito (Japan)
Ide Yousuke Meijin no Shin Jissen Mahjong (Japan)	7e9d4809	5022	Ide Yousuke Meijin no Shin Jissen Mahjong (Japan)
Ide Yousuke no Mahjong Kazoku (Japan)	d5e45280	103	Ide Yousuke no Mahjong Kazoku (Japan)
Ide Yousuke no Mahjong Kazoku (Japan) (Rev 1)	ec28ddeb	111	Ide Yousuke no Mahjong Kazoku (Japan)
Ide Yousuke no Mahjong Kazoku (Japan) (Rev 2)	ed75fb3a	111	Ide Yousuke no Mahjong Kazoku (Japan)
Ide Yousuke no Mahjong Kyoushitsu (Japan)	fa941948	107	Ide Yousuke no Mahjong Kyoushitsu (Japan)
Idol Janshi Suchie-Pai II Limited (Japan) (Disc 1)	e224468e	1432	Idol Janshi Suchie-Pai II Limited (Japan) (Disc 1)
Idol Janshi Suchie-Pai II Limited (Japan) (Disc 2) (Bonus Disc Part 1)	f6ad4560	638	Idol Janshi Suchie-Pai II Limited (Japan) (Disc 1)
Idol Janshi Suchie-Pai II Limited (Japan) (Disc 3) (Bonus Disc Part 2)	7eb871f2	802	Idol Janshi Suchie-Pai II Limited (Japan) (Disc 1)
Idol Janshi Suchie-Pai Limited (Japan)	f8908c16	774	Idol Janshi Suchie-Pai Limited (Japan)
Idol Promotion - Suzuki Yumie (Japan)	6ab26453	103	Idol Promotion - Suzuki Yumie (Japan)
Idol Promotion - Suzuki Yumie (Japan) (Yumie Island)	df37ec1c	1004	Idol Promotion - Suzuki Yumie (Japan)
Ikasama Mahjong (Japan)	6991f72d	89	Ikasama Mahjong (Japan)
Ile LEGO 2, L' - La Revanche de Cassbrik (France)	4148b5ea	115	Ile LEGO 2, L' - La Revanche de Cassbrik (France)
Imadoki no Vampire - Bloody Bride (Japan)	b216f800	107	Imadoki no Vampire - Bloody Bride (Japan)
Impact Racing (Europe)	16beba2d	1152	Impact Racing (USA)
Impact Racing (Japan)	5f7929b7	1258	Impact Racing (USA)
Impact Racing (USA)	069f0589	1236	Impact Racing (USA)
In Cold Blood (Europe) (Disc 1)	5313abed	97	In Cold Blood (USA) (Disc 1)
In Cold Blood (Europe) (Disc 2)	524e8d3c	97	In Cold Blood (USA) (Disc 1)
In Cold Blood (USA) (Disc 1)	a9c5ccb1	94	In Cold Blood (USA) (Disc 1)
In Cold Blood (USA) (Disc 2)	a898ea60	94	In Cold Blood (USA) (Disc 1)
In einem Land vor unserer Zeit - Die Rueckkehr ins Grosse Tal (Germany)	39b5d72e	137	In einem Land vor unserer Zeit - Die Rueckkehr ins Grosse Tal (Germany)
In the Hunt (Europe)	6017cfed	3547	In the Hunt (USA)
In the Hunt (USA)	4c94fd3d	3342	In the Hunt (USA)
Inagawa Junji - Kyoufu no Yashiki (Japan)	26a6f508	107	Inagawa Junji - Kyoufu no Yashiki (Japan)
Inagawa Junji - Mayonaka no Taxi (Japan)	f7904222	106	Inagawa Junji - Mayonaka no Taxi (Japan)
Incredible Crisis (Europe) (En,Fr,De,Es,It)	a0f8b4cf	109	Incredible Crisis (USA)
Incredible Crisis (Europe) (En,Fr,De,Es,It) (Demo)	6d8193e6	116	Incredible Crisis (USA)
Incredible Crisis (USA)	1291a7e8	89	Incredible Crisis (USA)
Incredible Hulk, The - The Pantheon Saga (Europe) (En,Fr,De,Es,It)	0474c240	2397	Incredible Hulk, The - The Pantheon Saga (USA)
Incredible Hulk, The - The Pantheon Saga (USA)	91189753	1956	Incredible Hulk, The - The Pantheon Saga (USA)
Independence Day (USA)	2e71f7e7	330	Independence Day (USA)
Independence Day - The Game (Europe) (En,Fr,De,Es,It,Sv)	c6a1217a	432	Independence Day - The Game (Europe) (En,Fr,De,Es,It,Sv)
Indy 500 (Europe)	227afe98	759	Indy 500 (Europe)
Indy 500 (Japan)	48897584	862	Indy 500 (Europe)
Indy 500 (Japan) (Demo)	86fb29bb	216	Indy 500 (Europe)
Infestation (Europe) (En,Fr,De,Es,It,Nl)	70036d8a	1054	Infestation (Europe) (En,Fr,De,Es,It,Nl)
Infinity (Japan)	6b614d26	82	Infinity (Japan)
Infinity (Japan) (Rev 1)	f016ecd9	90	Infinity (Japan)
Initial D (Japan)	76b507b7	83	Initial D (Japan)
Initial D (Japan) (Taikenban)	54ebb5e4	95	Initial D (Japan)
Inspector Gadget - Gadget's Crazy Maze (Europe) (En,Fr,De,Es,It,Nl)	2c1dfd5e	1926	Inspector Gadget - Gadget's Crazy Maze (USA) (En,Fr,De,Es,It,Nl)
Inspector Gadget - Gadget's Crazy Maze (USA) (En,Fr,De,Es,It,Nl)	c47186b2	1890	Inspector Gadget - Gadget's Crazy Maze (USA) (En,Fr,De,Es,It,Nl)
Intellivision Classic Games (USA)	1aa44196	363	Intellivision Classic Games (USA)
International Cricket Captain 2000 (Europe)	679c7af1	109	International Cricket Captain 2000 (Europe)
International Cricket Captain 2001 - Ashes Edition (Europe)	b42889e3	125	International Cricket Captain 2001 - Ashes Edition (Europe)
International Cricket Captain 2002 (Europe)	d5500a27	109	International Cricket Captain 2002 (Europe)
International Karate + (Europe)	84703379	607	International Karate + (Europe)
International Moto X (Europe) (En,Fr,De,Es,It,Nl)	601c49c0	1126	International Moto X (Europe) (En,Fr,De,Es,It,Nl)
International Moto-X (Japan)	5b1b7062	1080	International Moto-X (Japan)
International Soccer - Excite Stage 2000 (Japan)	afe5d9d0	114	International Soccer - Excite Stage 2000 (Japan)
International Superstar Soccer (Europe) (En,De)	8e5c74ff	113	International Superstar Soccer (Europe) (En,De)
International Superstar Soccer (Europe) (Fr,Es,It)	de114c74	116	International Superstar Soccer (Europe) (En,De)
International Superstar Soccer Deluxe (Europe)	edbea7e1	112	International Superstar Soccer Deluxe (Europe)
International Superstar Soccer Pro '98 (Asia)	c4d9f74a	444	International Superstar Soccer Pro '98 (USA) (En,Fr,De,Es,It)
International Superstar Soccer Pro '98 (Europe) (Demo)	b961b150	471	International Superstar Soccer Pro '98 (USA) (En,Fr,De,Es,It)
International Superstar Soccer Pro '98 (Europe) (En,Fr,De,Es)	d61b9ed4	492	International Superstar Soccer Pro '98 (USA) (En,Fr,De,Es,It)
International Superstar Soccer Pro '98 (France) (Demo)	d6724269	135	International Superstar Soccer Pro '98 (USA) (En,Fr,De,Es,It)
International Superstar Soccer Pro '98 (Italy)	d5993140	447	International Superstar Soccer Pro '98 (USA) (En,Fr,De,Es,It)
International Superstar Soccer Pro '98 (USA) (En,Fr,De,Es,It)	4991ff39	447	International Superstar Soccer Pro '98 (USA) (En,Fr,De,Es,It)
International Superstar Soccer Pro (Europe)	984d1bf1	1665	International Superstar Soccer Pro (Europe)
International Superstar Soccer Pro (Europe) (Demo)	168defe2	1742	International Superstar Soccer Pro (Europe)
International Superstar Soccer Pro (Europe) (Rev 1)	6e898d18	1588	International Superstar Soccer Pro (Europe)
International Track & Field (Asia)	d53067a7	100	International Track & Field (USA)
International Track & Field (Europe)	20a6ec1f	102	International Track & Field (USA)
International Track & Field (USA)	66b2de0d	99	International Track & Field (USA)
International Track & Field 2 (Europe)	972fe436	104	International Track & Field 2 (Europe)
International Track & Field 2000 (USA)	72fbfd2a	104	International Track & Field 2000 (USA)
Interplay Sports Baseball 2000 (Europe)	fff9730d	248	Interplay Sports Baseball 2000 (USA)
Interplay Sports Baseball 2000 (USA)	1db782aa	242	Interplay Sports Baseball 2000 (USA)
Inuyasha (Japan)	ad07bfe2	82	Inuyasha (Japan)
Inuyasha (Japan) (Rev 1)	45e37fd8	90	Inuyasha (Japan)
Inuyasha (Japan) (Shokai Seisanban)	e74852ac	101	Inuyasha (Japan)
Inuyasha - A Feudal Fairy Tale (USA)	e70b3c3f	102	Inuyasha - A Feudal Fairy Tale (USA)
Inuyasha - A Feudal Fairy Tale (USA) (Rev 1)	04846ce9	110	Inuyasha - A Feudal Fairy Tale (USA)
Inuyasha - Sengoku Otogi Gassen (Japan)	d1faa010	105	Inuyasha - Sengoku Otogi Gassen (Japan)
Inuyasha - Sengoku Otogi Gassen (Japan) (Demo)	010e345e	112	Inuyasha - Sengoku Otogi Gassen (Japan)
Inuyasha - Sengoku Otogi Gassen (Japan) (Shokai Seisan Gentei Shiyou)	8a196d3d	135	Inuyasha - Sengoku Otogi Gassen (Japan)
Invasion (Europe) (En,Fr,De,Es,It,Nl)	1981cfc3	103	Invasion (Europe) (En,Fr,De,Es,It,Nl)
Invasion Vient de l'Espace, L' (France)	390d3d42	2260	Invasion Vient de l'Espace, L' (France)
Invasion from Beyond (USA)	1544b612	2039	Invasion from Beyond (USA)
Ippatsu Gyakuten - Gamble King Densetsu (Japan)	568b37cd	5236	Ippatsu Gyakuten - Gamble King Densetsu (Japan)
Irem Arcade Classics (Japan)	cdaf41a5	94	Irem Arcade Classics (Japan)
Iron Man & X-O Manowar in Heavy Metal (Europe) (En,Fr,De)	495793e7	3326	Iron Man & X-O Manowar in Heavy Metal (USA)
Iron Man & X-O Manowar in Heavy Metal (Japan)	bc4b94eb	3062	Iron Man & X-O Manowar in Heavy Metal (USA)
Iron Man & X-O Manowar in Heavy Metal (USA)	44fd4d11	3018	Iron Man & X-O Manowar in Heavy Metal (USA)
Iron Soldier 3 (Europe) (En,Fr,De)	159741e7	100	Iron Soldier 3 (USA)
Iron Soldier 3 (USA)	b72961dc	86	Iron Soldier 3 (USA)
Irritating Stick (USA)	aef71a7e	88	Irritating Stick (USA)
Iru! (Japan)	a51a2705	194	Iru! (Japan)
Ishin no Arashi (Japan)	2142d10d	89	Ishin no Arashi (Japan)
Ishin no Arashi - Bakumatsu Shishiden (Japan)	a57edb62	538	Ishin no Arashi - Bakumatsu Shishiden (Japan)
Itadaki Street - Gorgeous King (Japan)	5846e6dc	104	Itadaki Street - Gorgeous King (Japan)
Itadaki Street - Gorgeous King (Japan) (Demo)	96d43474	111	Itadaki Street - Gorgeous King (Japan)
Itadaki Street - Gorgeous King (Japan) (Disc 2) (Demo)	30f6655b	120	Itadaki Street - Gorgeous King (Japan)
Itadaki Street - Gorgeous King (Japan) (Rev 1)	27399417	112	Itadaki Street - Gorgeous King (Japan)
Italian Job, The (Europe)	1307760d	339	Italian Job, The (USA)
Italian Job, The (Europe) (Fr,De,Es)	a43eacdf	372	Italian Job, The (USA)
Italian Job, The (Italy)	9f220d60	336	Italian Job, The (USA)
Italian Job, The (UK) (Demo)	defa36a0	348	Italian Job, The (USA)
Italian Job, The (USA)	94b3834e	330	Italian Job, The (USA)
Itsuka, Kasanariau Ashita e - Sayuri-hen (Japan)	4bbf148f	114	Itsuka, Kasanariau Ashita e - Sayuri-hen (Japan)
Itsuka, Kasanariau Ashita e - Shirou-hen (Japan)	d094e30b	114	Itsuka, Kasanariau Ashita e - Shirou-hen (Japan)
Iwatobi Penguin Rocky x Hopper (Japan)	7dea2a5b	104	Iwatobi Penguin Rocky x Hopper (Japan)
Iwatobi Penguin Rocky x Hopper (Japan) (Demo)	9f74135c	111	Iwatobi Penguin Rocky x Hopper (Japan)
Iwatobi Penguin Rocky x Hopper 2 - Tantei Monogatari (Japan)	7798fd31	2772	Iwatobi Penguin Rocky x Hopper 2 - Tantei Monogatari (Japan)
Iznogoud (Europe) (En,Fr,De,It,Nl)	da803e03	1006	Iznogoud (Europe) (En,Fr,De,It,Nl)
J's Racin' (Japan)	305421ce	1790	J's Racin' (Japan)
J. B. Harold - Blue Chicago Blues (Japan) (Disc 1)	0b0ecfc3	116	J. B. Harold - Blue Chicago Blues (Japan) (Disc 1)
J. B. Harold - Blue Chicago Blues (Japan) (Disc 2)	0a53e912	116	J. B. Harold - Blue Chicago Blues (Japan) (Disc 1)
J.League Jikkyou Winning Eleven '97 (Japan)	02c4a98d	1362	Goal Storm '97 (USA)
J.League Jikkyou Winning Eleven '98-'99 (Japan)	3e89939e	113	J.League Jikkyou Winning Eleven '98-'99 (Japan)
J.League Jikkyou Winning Eleven (Japan)	a52f1f8c	1621	J.League Jikkyou Winning Eleven (Japan)
J.League Jikkyou Winning Eleven (Japan) (Rev 1)	4d684a7f	1709	J.League Jikkyou Winning Eleven (Japan)
J.League Jikkyou Winning Eleven 2000 (Japan)	616b4805	1650	J.League Jikkyou Winning Eleven 2000 (Japan)
J.League Jikkyou Winning Eleven 2000 2nd (Japan)	ba56d771	1878	J.League Jikkyou Winning Eleven 2000 2nd (Japan)
J.League Jikkyou Winning Eleven 2001 (Japan)	a359ee70	1206	J.League Jikkyou Winning Eleven 2001 (Japan)
J.League Jikkyou Winning Eleven 3 (Japan)	485a6e33	882	J.League Jikkyou Winning Eleven 3 (Japan)
J.League Soccer - Jikkyou Survival League (Japan)	3f2540f1	697	J.League Soccer - Jikkyou Survival League (Japan)
J.League Soccer - Prime Goal EX (Japan)	28481100	105	J.League Soccer - Prime Goal EX (Japan)
J.League Soccer - Prime Goal EX (Japan) (Lawson Station)	d6c15554	122	J.League Soccer - Prime Goal EX (Japan)
J.League Virtual Stadium '96 (Japan)	b5b1a00c	102	J.League Virtual Stadium '96 (Japan)
JGTC - All Japan Grand Touring Car Championship (Japan)	9ed55230	1632	JGTC - All Japan Grand Touring Car Championship (Japan)
Jackie Chan Stuntmaster (Europe)	d2d59e2f	98	Jackie Chan Stuntmaster (USA)
Jackie Chan Stuntmaster (Europe) (Recalled)	f4e5340e	109	Jackie Chan Stuntmaster (USA)
Jackie Chan Stuntmaster (USA)	cfab868a	95	Jackie Chan Stuntmaster (USA)
Jade Cocoon - Die Tamamayu Legende (Germany)	719f6cd0	110	Jade Cocoon - Die Tamamayu Legende (Germany)
Jade Cocoon - La Leggenda del Tamamayu (Italy)	9970bcdd	112	Jade Cocoon - Story of the Tamamayu (USA)
Jade Cocoon - La Leyenda de Tamamayu (Spain)	f187f59f	110	Jade Cocoon - La Leyenda de Tamamayu (Spain)
Jade Cocoon - Story of the Tamamayu (Europe)	12427f08	110	Jade Cocoon - Story of the Tamamayu (USA)
Jade Cocoon - Story of the Tamamayu (France)	344ace0d	110	Jade Cocoon - Story of the Tamamayu (USA)
Jade Cocoon - Story of the Tamamayu (USA)	cfc78656	107	Jade Cocoon - Story of the Tamamayu (USA)
Jade Cocoon - Story of the Tamamayu (USA) (Demo)	1e57cead	114	Jade Cocoon - Story of the Tamamayu (USA)
JailBreaker (Japan) (Disc 1)	620490b7	94	JailBreaker (Japan) (Disc 1)
JailBreaker (Japan) (Disc 2)	6359b666	94	JailBreaker (Japan) (Disc 1)
Jaleco Collection Vol. 1 (Japan)	cbdb6f6a	98	Jaleco Collection Vol. 1 (Japan)
Jang Jang Koi Shimashow - Lovely Pop 2 in 1 (Japan)	c2c4b157	707	Jang Jang Koi Shimashow - Lovely Pop 2 in 1 (Japan)
Jang Jang Koi Shimashow Separate 1 - Jang Jang Shimashow (Japan)	55b8409f	130	Jang Jang Koi Shimashow Separate 1 - Jang Jang Shimashow (Japan)
Jang Jang Koi Shimashow Separate 2 - Koi Koi Shimashow (Japan)	7efc3f0d	128	Jang Jang Koi Shimashow Separate 2 - Koi Koi Shimashow (Japan)
Janhai Yuugi '99 - Tanuki no Kawazanyou (Japan)	11a25b5a	113	Janhai Yuugi '99 - Tanuki no Kawazanyou (Japan)
Jarrett & Labonte Stock Car Racing (USA)	b23e5415	106	Jarrett & Labonte Stock Car Racing (USA)
Jeff Wayne's La Guerre des Mondes (France)	d308977f	1070	Jeff Wayne's La Guerre des Mondes (France)
Jeff Wayne's The War of the Worlds (Europe)	9a940ddb	1215	Jeff Wayne's The War of the Worlds (Europe)
Jeff Wayne's The War of the Worlds (Germany)	01de4818	1086	Jeff Wayne's The War of the Worlds (Europe)
Jeff Wayne's The War of the Worlds (Italy)	6c9e405e	1070	Jeff Wayne's The War of the Worlds (Europe)
Jeff Wayne's The War of the Worlds (Spain)	68343a7f	1070	Jeff Wayne's The War of the Worlds (Europe)
Jellyfish - The Healing Friend (Japan)	bb52a378	1170	Jellyfish - The Healing Friend (Japan)
Jeopardy! (USA)	0540af74	81	Jeopardy! (USA)
Jeopardy! 2nd Edition (USA)	d869413d	93	Jeopardy! 2nd Edition (USA)
Jeremy McGrath Supercross 2000 (Europe) (En,Fr,De)	305769e3	270	Jeremy McGrath Supercross 2000 (USA)
Jeremy McGrath Supercross 2000 (USA)	152d875d	242	Jeremy McGrath Supercross 2000 (USA)
Jeremy McGrath Supercross 98 (Europe)	b909ec06	1434	Jeremy McGrath Supercross 98 (USA)
Jeremy McGrath Supercross 98 (Japan)	4679c60e	1423	Jeremy McGrath Supercross 98 (USA)
Jeremy McGrath Supercross 98 (USA)	982712e9	1401	Jeremy McGrath Supercross 98 (USA)
Jersey Devil (Europe) (En,Fr,De)	1ae63266	5189	Jersey Devil (USA)
Jersey Devil (USA)	35580f55	5067	Jersey Devil (USA)
Jersey Devil no Daibouken (Japan)	0d52ffe3	5998	Jersey Devil no Daibouken (Japan)
Jet Ace (Europe)	c3abc051	312	Jet Ace (Europe)
Jet Copter X (Japan)	4116e79e	1132	Jet Copter X (Japan)
Jet Moto '98 (Japan)	b3d31931	1937	Jet Moto '98 (Japan)
Jet Moto (USA)	ea90827a	1508	Jet Moto (USA)
Jet Moto 2 (USA)	d7d8eacb	1869	Jet Moto 2 (USA)
Jet Moto 2 - Championship Edition (USA)	740577f8	2260	Jet Moto 2 (USA)
Jet Moto 3 (USA)	7ed80898	82	Jet Moto 3 (USA)
Jet Moto 3 (USA) (Demo)	e1b1767f	89	Jet Moto 3 (USA)
Jet Rider (Europe)	a08e2735	1564	Jet Rider (Europe)
Jet Rider 2 (Europe)	c454ddbb	1937	Jet Rider 2 (Europe)
Jet de Go! Let's Go by Airliner (Japan)	60458e30	105	Jet de Go! Let's Go by Airliner (Japan)
Jet de Go! Let's Go by Airliner (Japan) (Demo)	c44cdfbe	112	Jet de Go! Let's Go by Airliner (Japan)
Jet de Go! Let's Go by Airliner (Japan) (JAL Kinai Hanbai Gentei)	8af3fbae	131	Jet de Go! Let's Go by Airliner (Japan)
JetMoto (Japan, Asia)	234af69e	1606	JetMoto (Japan, Asia)
Jetracer (Europe) (En,Fr,De)	a17f244d	1080	Jetracer (Europe) (En,Fr,De)
Jewel Bem Hunter Lime with Paint Maker (Japan)	349bacf8	542	Jewel Bem Hunter Lime with Paint Maker (Japan)
Jigoku Sensei Nube (Japan)	2e32714f	822	Jigoku Sensei Nube (Japan)
Jigsaw Island - Japan Graffiti (Japan)	db7f8de6	104	Jigsaw Island - Japan Graffiti (Japan)
Jigsaw Island - Japan Graffiti (Japan) (Major Wave)	f0a24db0	117	Jigsaw Island - Japan Graffiti (Japan)
Jigsaw Madness (Europe) (En,Fr,De,Es,It)	61938969	106	Jigsaw Madness (USA)
Jigsaw Madness (USA)	b6b6cd33	86	Jigsaw Madness (USA)
Jigsaw World (Japan)	630e77aa	86	Jigsaw World (Japan)
Jigsaw World (Japan) (Honkakuha de 1300)	abce25b1	106	Jigsaw World (Japan)
Jikki Pachi-Slot Tettei Kouryaku - Speed-CR Kinkakuji 3 (Japan)	3c556a1a	610	Jikki Pachi-Slot Tettei Kouryaku - Speed-CR Kinkakuji 3 (Japan)
Jikki Pachi-Slot Tettei Kouryaku - Yamasa Collection (Japan)	d608b5bf	598	Jikki Pachi-Slot Tettei Kouryaku - Yamasa Collection (Japan)
Jikkyou American Baseball (Japan)	00592e7c	236	Jikkyou American Baseball (Japan)
Jikkyou American Baseball 2 (Japan)	697427ff	240	Jikkyou American Baseball 2 (Japan)
Jikkyou Golf Master 2000 (Japan)	e2b79e92	98	Jikkyou Golf Master 2000 (Japan)
Jikkyou Golf Master 2000 (Japan) (Rev 1)	4010008d	106	Jikkyou Golf Master 2000 (Japan)
Jikkyou Golf Master 2000 (Japan) (Taikenban)	e5af15d2	110	Jikkyou Golf Master 2000 (Japan)
Jikkyou J.League 1999 - Perfect Striker (Japan)	85d2f04a	113	Jikkyou J.League 1999 - Perfect Striker (Japan)
Jikkyou Kyousouba Ikusei Simulation Game - Breeding Stud '99 (Japan)	d7715ca9	134	Jikkyou Kyousouba Ikusei Simulation Game - Breeding Stud '99 (Japan)
Jikkyou Oshaberi Parodius - Forever with Me (Japan)	5a953380	117	Jikkyou Oshaberi Parodius - Forever with Me (Japan)
Jikkyou Powerful Pro Yakyuu '95 (Japan)	599fd58d	105	Jikkyou Powerful Pro Yakyuu '95 (Japan)
Jikkyou Powerful Pro Yakyuu '95 (Japan) (Rev 1)	2f6fbcd7	113	Jikkyou Powerful Pro Yakyuu '95 (Japan)
Jikkyou Powerful Pro Yakyuu '95 - Kaimakuban (Japan)	8f8aa867	118	Jikkyou Powerful Pro Yakyuu '95 - Kaimakuban (Japan)
Jikkyou Powerful Pro Yakyuu '97 - Kaimakuban (Japan)	c6386cac	118	Jikkyou Powerful Pro Yakyuu '97 - Kaimakuban (Japan)
Jikkyou Powerful Pro Yakyuu '97 - Kaimakuban (Japan) (Rev 1)	f81145fb	126	Jikkyou Powerful Pro Yakyuu '97 - Kaimakuban (Japan)
Jikkyou Powerful Pro Yakyuu '98 - Kaimakuban (Japan)	2834d5d9	118	Jikkyou Powerful Pro Yakyuu '98 - Kaimakuban (Japan)
Jikkyou Powerful Pro Yakyuu '98 - Kaimakuban (Japan) (Rev 1)	496a69b9	126	Jikkyou Powerful Pro Yakyuu '98 - Kaimakuban (Japan)
Jikkyou Powerful Pro Yakyuu '98 - Ketteiban (Japan)	248092ff	117	Jikkyou Powerful Pro Yakyuu '98 - Ketteiban (Japan)
Jikkyou Powerful Pro Yakyuu '99 - Kaimakuban (Japan)	e155349c	118	Jikkyou Powerful Pro Yakyuu '99 - Kaimakuban (Japan)
Jikkyou Powerful Pro Yakyuu '99 - Ketteiban (Japan)	4941518c	117	Jikkyou Powerful Pro Yakyuu '99 - Ketteiban (Japan)
Jikkyou Powerful Pro Yakyuu - Premium-ban (Japan)	20942203	115	Jikkyou Powerful Pro Yakyuu - Premium-ban (Japan)
Jikkyou Powerful Pro Yakyuu 2000 - Kaimakuban (Japan)	106d35f7	119	Jikkyou Powerful Pro Yakyuu 2000 - Kaimakuban (Japan)
Jikkyou Powerful Pro Yakyuu 2000 - Ketteiban (Japan)	a5a2785d	118	Jikkyou Powerful Pro Yakyuu 2000 - Ketteiban (Japan)
Jikkyou Powerful Pro Yakyuu 2001 (Japan)	7e033b21	106	Jikkyou Powerful Pro Yakyuu 2001 (Japan)
Jikkyou Powerful Pro Yakyuu 2001 - Ketteiban (Japan)	c863bb2e	118	Jikkyou Powerful Pro Yakyuu 2001 - Ketteiban (Japan)
Jikkyou Powerful Pro Yakyuu 2002 - Haru (Japan)	82abf564	113	Jikkyou Powerful Pro Yakyuu 2002 - Haru (Japan)
Jikuu Tantei DD - Maboroshi no Lorelei (Japan) (Demo)	bcb14d3f	119	Jikuu Tantei DD - Maboroshi no Lorelei (Japan) (Disc 1)
Jikuu Tantei DD - Maboroshi no Lorelei (Japan) (Disc 1)	2dbadb02	121	Jikuu Tantei DD - Maboroshi no Lorelei (Japan) (Disc 1)
Jikuu Tantei DD - Maboroshi no Lorelei (Japan) (Disc 1) (Rev 1)	ae788276	129	Jikuu Tantei DD - Maboroshi no Lorelei (Japan) (Disc 1)
Jikuu Tantei DD - Maboroshi no Lorelei (Japan) (Disc 2)	2ce7fdd3	121	Jikuu Tantei DD - Maboroshi no Lorelei (Japan) (Disc 1)
Jikuu Tantei DD - Maboroshi no Lorelei (Japan) (Disc 2) (Rev 1)	45d2cacb	129	Jikuu Tantei DD - Maboroshi no Lorelei (Japan) (Disc 1)
Jikuu Tantei DD 2 - Hangyaku no Apsalar (Japan) (Disc 1)	973370b1	122	Jikuu Tantei DD 2 - Hangyaku no Apsalar (Japan) (Disc 1)
Jikuu Tantei DD 2 - Hangyaku no Apsalar (Japan) (Disc 2)	966e5660	122	Jikuu Tantei DD 2 - Hangyaku no Apsalar (Japan) (Disc 1)
Jim Henson's Bear in the Big Blue House (Europe)	e932d4b2	114	Jim Henson's Bear in the Big Blue House (USA)
Jim Henson's Bear in the Big Blue House (USA)	d7bf16fc	111	Jim Henson's Bear in the Big Blue House (USA)
Jim Henson's The Hoobs (Europe)	c7b6c678	97	Jim Henson's The Hoobs (Europe)
Jim Henson's The Hoobs (France)	e1be777d	97	Jim Henson's The Hoobs (Europe)
Jim Henson's The Hoobs (Germany)	4aaa9d6f	98	Jim Henson's The Hoobs (Europe)
Jim Henson's The Hoobs (Spain)	9dceb47d	96	Jim Henson's The Hoobs (Europe)
Jimmy Johnson's VR Football '98 (USA)	c1d510a2	103	Jimmy Johnson's VR Football '98 (USA)
Jimmy White's 2 - Cueball (Europe) (En,Fr,De,Es,It)	1a015530	117	Jimmy White's 2 - Cueball (USA)
Jimmy White's 2 - Cueball (USA)	be5b093d	97	Jimmy White's 2 - Cueball (USA)
Jingle Cats - Love-Para Daisakusen no Maki (Japan) (Demo)	dc3fa81f	586	Ai to Yuujou no Neko Monogatari. Jingle Cats - Love Para Daisakusen no Maki (Japan, Asia)
Jinx (Europe) (En,Fr,De,Es,It)	9c33a5b3	96	Jinx (Europe) (En,Fr,De,Es,It)
Jishaku de Tonjau! Phix no Daibouken (Japan)	23b68e82	258	Jishaku de Tonjau! Phix no Daibouken (Japan)
Jissen Pachi-Slot Hisshouhou! 5 (Japan)	279b9cc9	2796	Jissen Pachi-Slot Hisshouhou! 5 (Japan)
Jissen Pachi-Slot Hisshouhou! Disc Up (Japan)	5d7ddaf9	111	Jissen Pachi-Slot Hisshouhou! Disc Up (Japan)
Jissen Pachi-Slot Hisshouhou! Sammy Revolution (Japan)	b6696568	2962	Jissen Pachi-Slot Hisshouhou! Sammy Revolution (Japan)
Jissen Pachi-Slot Hisshouhou! Sammy Revolution 2 (Japan)	58285abe	3002	Jissen Pachi-Slot Hisshouhou! Sammy Revolution 2 (Japan)
Jissen Pachi-Slot Hisshouhou! Single - Epsilon R (Japan)	9ed1bd11	1492	Jissen Pachi-Slot Hisshouhou! Single - Epsilon R (Japan)
Jissen Pachi-Slot Hisshouhou! Single - Kamen Rider & Gallop (Japan) (Disc 1) (Kamen Rider)	282c49f2	1832	Jissen Pachi-Slot Hisshouhou! Single - Kamen Rider & Gallop (Japan) (Disc 1) (Kamen Rider)
Jissen Pachi-Slot Hisshouhou! Single - Kamen Rider & Gallop (Japan) (Disc 2) (Gallop)	e63a37e6	1782	Jissen Pachi-Slot Hisshouhou! Single - Kamen Rider & Gallop (Japan) (Disc 1) (Kamen Rider)
Jissen Pachi-Slot Hisshouhou! Single - Kamen Rider V3 (Japan)	63fa1af8	1542	Jissen Pachi-Slot Hisshouhou! Single - Kamen Rider V3 (Japan)
Jissen Pachi-Slot Hisshouhou! Single - Kung-Fu Lady (Japan)	a60a7bda	1522	Jissen Pachi-Slot Hisshouhou! Single - Kung-Fu Lady (Japan)
Jissen Pachi-Slot Hisshouhou! Single - Sea Master X (Japan)	2155dbba	1522	Jissen Pachi-Slot Hisshouhou! Single - Sea Master X (Japan)
Jissen Pachi-Slot Hisshouhou! Single - Super Star Dust 2 (Japan)	40b4b329	1572	Jissen Pachi-Slot Hisshouhou! Single - Super Star Dust 2 (Japan)
Jissen Pachi-Slot Hisshouhou! Single - The Kongdom (Japan)	42910b0e	1512	Jissen Pachi-Slot Hisshouhou! Single - The Kongdom (Japan)
Jitsumei Jikkyou Keiba - Dream Classic (Japan)	8b4eb759	112	Jitsumei Jikkyou Keiba - Dream Classic (Japan)
JoJo's Bizarre Adventure (Europe)	ffa581b2	99	JoJo's Bizarre Adventure (USA)
JoJo's Bizarre Adventure (Europe) (Beta) (2000-01-21)	33fb76d0	119	JoJo's Bizarre Adventure (USA)
JoJo's Bizarre Adventure (USA)	da861d1e	96	JoJo's Bizarre Adventure (USA)
Jockey Zero (Japan)	02414025	434	Jockey Zero (Japan)
Johnny Bazooka (Japan)	4f98ba9e	214	Johnny Bazooka (Japan)
Johnny Bazookatone (Europe)	99fd4436	93	Johnny Bazookatone (USA)
Johnny Bazookatone (USA)	02d7d66b	90	Johnny Bazookatone (USA)
Jojo no Kimyou na Bouken (Japan)	f91b90a5	98	JoJo's Bizarre Adventure (USA)
Jojo no Kimyou na Bouken (Japan) (Demo)	070b3a4a	105	JoJo's Bizarre Adventure (USA)
Jonah Lomu Rugby (Europe) (En,De,Es,It)	7ddc809f	514	Jonah Lomu Rugby (Europe) (En,De,Es,It)
Jonah Lomu Rugby (France)	d5ad4773	458	Jonah Lomu Rugby (Europe) (En,De,Es,It)
Joshikousei no Houkago... Pukunpa (Japan)	013df954	3790	Joshikousei no Houkago... Pukunpa (Japan)
Joue avec les Teletubbies (France)	34cf98d6	238	Joue avec les Teletubbies (France)
Jouki Kikansha Unten Simulation - SL de Ikou! (Japan)	108ac7a7	423	Jouki Kikansha Unten Simulation - SL de Ikou! (Japan)
Jouki Kikansha Unten Simulation - SL de Ikou! II (Japan)	49559db3	122	Jouki Kikansha Unten Simulation - SL de Ikou! II (Japan)
Jounetsu Nekketsu Athletes - Nakimushi Coach no Diary (Japan)	ba151664	127	Jounetsu Nekketsu Athletes - Nakimushi Coach no Diary (Japan)
Judge Dredd (Europe)	6b47a30a	86	Judge Dredd (USA)
Judge Dredd (USA)	8e1947ef	83	Judge Dredd (USA)
Juega con los Teletubbies (Spain)	17515b62	236	Juega con los Teletubbies (Spain)
Juggernaut (USA) (Disc 1)	c845217f	91	Juggernaut (USA) (Disc 1)
Juggernaut (USA) (Disc 2)	c91807ae	91	Juggernaut (USA) (Disc 1)
Juggernaut (USA) (Disc 3)	7f03e7de	91	Juggernaut (USA) (Disc 1)
Juggernaut - Senritsu no Tobira (Japan) (Disc 1)	d35f075c	114	Juggernaut - Senritsu no Tobira (Japan) (Disc 1)
Juggernaut - Senritsu no Tobira (Japan) (Disc 2)	d202218d	114	Juggernaut - Senritsu no Tobira (Japan) (Disc 1)
Juggernaut - Senritsu no Tobira (Japan) (Disc 3)	6419c1fd	114	Juggernaut - Senritsu no Tobira (Japan) (Disc 1)
JumpStart Wildlife Safari - Field Trip (USA)	73b284c1	258	JumpStart Wildlife Safari - Field Trip (USA)
Jumping Flash! (Europe)	d9dd090d	89	Jumping Flash! (USA)
Jumping Flash! (Japan) (Europe-ban)	040393d7	101	Jumping Flash! (USA)
Jumping Flash! (USA)	5c0a428d	86	Jumping Flash! (USA)
Jumping Flash! 2 (Europe)	3fbb7b69	91	Jumping Flash! 2 (USA)
Jumping Flash! 2 (USA)	da5b04f0	88	Jumping Flash! 2 (USA)
Jumping Flash! 2 - Aloha Danshaku Ooyowari no Maki (Japan)	ccd53f1f	124	Jumping Flash! 2 (USA)
Jumping Flash! Aloha Danshaku Funky Daisakusen no Maki (Japan)	12f933b6	128	Jumping Flash! (USA)
Jumping Flash! Aloha Danshaku Funky Daisakusen no Maki (Japan) (Taikenban)	d2f4f693	140	Jumping Flash! (USA)
Junclassic C.C. & Rope Club (Japan)	28342ca6	7652	Junclassic C.C. & Rope Club (Japan)
Jungla de Cristal Trilogia 2 - Viva Las Vegas (Spain)	bf85d3ba	119	Jungla de Cristal Trilogia 2 - Viva Las Vegas (Spain)
Jungle Park (Japan)	9679ca56	547	Jungle Park (Japan)
Junior Sports Football (Europe)	7c0f6f00	97	Junior Sports Football (Europe)
Junior Sports Football (France)	5a07de05	97	Junior Sports Football (Europe)
Junior Sports Fussball (Germany)	b1f67bb3	98	Junior Sports Fussball (Germany)
Junjou de Karen - Meymay Kishidan - Spectral Force Seishoujo Gaiden (Japan)	370df672	141	Junjou de Karen - Meymay Kishidan - Spectral Force Seishoujo Gaiden (Japan)
Jupiter Strike (Europe)	f24a7807	89	Jupiter Strike (USA)
Jupiter Strike (USA)	c10ffbde	86	Jupiter Strike (USA)
Jurassic Park - The Lost World (USA) (Trade Demo)	5d23a66c	411	Lost World, The - Jurassic Park (USA)
K-1 Grand Prix (Europe)	2a05144b	2578	K-1 Grand Prix (USA)
K-1 Grand Prix (USA)	c7d9d782	2512	K-1 Grand Prix (USA)
K-1 Ouja ni Narou! King of Kings (Japan)	cc0ab418	250	K-1 Ouja ni Narou! King of Kings (Japan)
K-1 Revenge (USA)	10b54057	1774	K-1 Revenge (USA)
K-1 The Arena Fighters (Europe)	46fb7b74	1746	K-1 The Arena Fighters (USA)
K-1 The Arena Fighters (USA)	7894f63e	1704	K-1 The Arena Fighters (USA)
K-1 World Grand Prix 2001 - Kaimakuban (Japan)	43ed8b10	112	K-1 World Grand Prix 2001 - Kaimakuban (Japan)
K.O. - The Live Boxing (Japan)	496a6ddd	96	K.O. - The Live Boxing (Japan)
KISS Pinball (Europe) (En,Fr,De)	e09f84cc	98	KISS Pinball (USA)
KISS Pinball (USA)	ef868196	84	KISS Pinball (USA)
KKND Krossfire (Europe)	987e3e75	89	KKND Krossfire (Europe)
KKND Krossfire (France)	be768f70	89	KKND Krossfire (Europe)
KKND Krossfire (Germany)	3444292a	90	KKND Krossfire (Europe)
Kaeru no Ehon - Nakushita Kioku o Motomete (Japan)	c867e711	116	Kaeru no Ehon - Nakushita Kioku o Motomete (Japan)
Kaeru no Ehon - Nakushita Kioku o Motomete (Japan) (Demo)	b1a3fe8a	123	Kaeru no Ehon - Nakushita Kioku o Motomete (Japan)
Kaette Kita Cyborg Kuro-chan (Japan)	9708bd74	102	Kaette Kita Cyborg Kuro-chan (Japan)
Kaette Kita Pachio-kun - Dream Collection (Japan)	eb5ea90c	268	Kaette Kita Pachio-kun - Dream Collection (Japan)
Kagayaku Kisetsu e (Japan)	d537d18a	92	Kagayaku Kisetsu e (Japan) (Disc 1) (Shokai Genteiban)
Kagayaku Kisetsu e (Japan) (Demo)	142f7875	99	Kagayaku Kisetsu e (Japan) (Disc 1) (Shokai Genteiban)
Kagayaku Kisetsu e (Japan) (Disc 1) (Shokai Genteiban)	3e274597	120	Kagayaku Kisetsu e (Japan) (Disc 1) (Shokai Genteiban)
Kagayaku Kisetsu e (Japan) (Disc 2) (Special Disc) (Shokai Genteiban)	f0bd007f	3426	Kagayaku Kisetsu e (Japan) (Disc 1) (Shokai Genteiban)
Kagero - Deception II (Europe)	21cf6d00	96	Kagero - Deception II (USA)
Kagero - Deception II (USA)	c6ba3f6d	93	Kagero - Deception II (USA)
Kagero - Deception II (USA) (Demo)	d6f5bba5	238	Kagero - Deception II (USA)
Kagero - Kokumeikan Shinshou (Japan)	fb815fc7	102	Kagero - Kokumeikan Shinshou (Japan)
Kagero - Kokumeikan Shinshou (Japan) (Demo)	a7aa36e9	256	Kagero - Kokumeikan Shinshou (Japan)
Kahen Soukou Gunbike - Speed Power Gunbike (Japan)	00c79f45	116	Kahen Soukou Gunbike - Speed Power Gunbike (Japan)
Kaibutsu Para-Dice - Monster Paradise (Japan)	d89e52d7	111	Kaibutsu Para-Dice - Monster Paradise (Japan)
Kaijuu Senki (Japan)	16664eae	86	Kaijuu Senki (Japan)
Kaikan Phrase - Datenshi Kourin (Japan)	7502b167	105	Kaikan Phrase - Datenshi Kourin (Japan)
Kain the Vampire (Japan)	b27f509a	90	Kain the Vampire (Japan)
Kaishin!! Derby Analyst (Japan)	d139baba	97	Kaishin!! Derby Analyst (Japan)
Kaisoku Tenshi - The Rapid Angel (Japan)	d26fdfaf	250	Kaisoku Tenshi - The Rapid Angel (Japan)
Kaitei Daisensou - In the Hunt (Japan)	09397613	3972	Kaitei Daisensou - In the Hunt (Japan)
Kaitou Apricot (Japan)	c87bb201	88	Kaitou Apricot (Japan)
Kaitou Ranma Miyabi (Japan)	e2c89de8	224	Kaitou Ranma Miyabi (Japan)
Kakinoki Shougi (Japan)	90a9541a	89	Kakinoki Shougi (Japan)
Kakinoki Shougi II (Japan)	7f554e3e	92	Kakinoki Shougi II (Japan)
Kakuge Yarou - Fighting Game Creator (Japan)	75ed7e93	110	Kakuge Yarou - Fighting Game Creator (Japan)
Kakugo no Susume (Japan)	3cb860ed	90	Kakugo no Susume (Japan)
Kamen Rider (Japan)	ef28e510	9102	Kamen Rider (Japan)
Kamen Rider (Japan) (Demo)	79f8b175	3733	Kamen Rider (Japan)
Kamen Rider Agito & Hyakujuu Sentai GaoRanger (Japan) (2-dai Hero Special Disc Taikenban)	034ba9a4	531	Hyakujuu Sentai GaoRanger (Japan)
Kamen Rider Agito (Japan)	6272035d	91	Kamen Rider Agito (Japan)
Kamen Rider Kuuga (Japan)	6544965a	91	Kamen Rider Kuuga (Japan)
Kamen Rider Ryuuki (Japan)	60d32557	92	Kamen Rider Ryuuki (Japan)
Kamen Rider V3 (Japan)	93ee2f06	88	Kamen Rider V3 (Japan)
Kanazawa Shougi '95 (Japan)	5f71c454	1324	Kanazawa Shougi '95 (Japan)
Kanazawa Shougi - Tsuki (Japan)	1f2d77f0	1242	Kanazawa Shougi - Tsuki (Japan)
Kart Challenge (Europe) (En,Fr,De,It)	00f9ebab	375	Kart Challenge (Europe) (En,Fr,De,It)
Kart Race - Kimete wa Drift! (Japan)	f0b345d0	102	Extreme Go-Kart Racing (USA)
Kartia - The Word of Fate (USA)	2b4309e2	97	Kartia - The Word of Fate (USA)
Karyuujou (Japan) (Disc 1) (Ryuu Hangan Hen)	b4a7305d	110	Karyuujou (Japan) (Disc 1) (Ryuu Hangan Hen)
Karyuujou (Japan) (Disc 2) (Kou Yuukan Hen)	e292e7da	109	Karyuujou (Japan) (Disc 1) (Ryuu Hangan Hen)
Kasei Monogatari (Japan)	6465a2f1	90	Kasei Monogatari (Japan)
Kasei Monogatari (Japan) (Genteiban)	8148e4e6	102	Kasei Monogatari (Japan)
Katou Hifumi Kudan - Shougi Club (Japan)	0102cd2d	250	Katou Hifumi Kudan - Shougi Club (Japan)
Katou Hifumi Kudan - Shougi Club (Japan) (Honkakuha de 1300)	071561b6	126	Katou Hifumi Kudan - Shougi Club (Japan)
Kattobi Tune (Japan)	d8263c79	1707	Kattobi Tune (Japan)
Kattobi Tune (Japan) (Demo)	e72e2278	345	Kattobi Tune (Japan)
Katze von Schroedinger, Die (Japan)	40733d74	240	Katze von Schroedinger, Die (Japan)
Kawa no Nushi-tsuri - Hikyou o Motomete (Japan)	add49a06	113	Kawa no Nushi-tsuri - Hikyou o Motomete (Japan)
Kaze no Klonoa - Door to Phantomile (Japan)	5fd40b8e	109	Kaze no Klonoa - Door to Phantomile (Japan)
Kaze no Klonoa - Door to Phantomile (Japan) (Rev 1)	b0c3cc23	117	Kaze no Klonoa - Door to Phantomile (Japan)
Kaze no Oka Kouen Nite (Japan)	117b81fc	96	Kaze no Oka Kouen Nite (Japan)
Keiba Eight '98 Aki Fuyu (Japan)	afa6019c	98	Keiba Eight '98 Aki Fuyu (Japan)
Keiba Eight '98 Haru Natsu (Japan)	8731104e	100	Keiba Eight '98 Haru Natsu (Japan)
Keiba Eight '99 Haru Natsu (Japan)	9b16885b	100	Keiba Eight '99 Haru Natsu (Japan)
Keiba Saishou no Housoku '95 (Japan)	dfa6d5c0	102	Keiba Saishou no Housoku '95 (Japan)
Keiba Saishou no Housoku '96 Vol. 1 (Japan)	0372584f	109	Keiba Saishou no Housoku '96 Vol. 1 (Japan)
Keiba Saishou no Housoku '96 Vol. 2 - GI-Road (Japan)	b01c7b39	119	Keiba Saishou no Housoku '96 Vol. 2 - GI-Road (Japan)
Keiba Saishou no Housoku '97 Vol. 1 - Nerae! Manbaken! (Japan)	49ddcba6	128	Keiba Saishou no Housoku '97 Vol. 1 - Nerae! Manbaken! (Japan)
Keiba Saishou no Housoku '97 Vol. II - To Hit (Japan)	e80f9431	119	Keiba Saishou no Housoku '97 Vol. II - To Hit (Japan)
Keiba Saishou no Housoku '99 Shuutou (Japan)	6ca4be86	110	Keiba Saishou no Housoku '99 Shuutou (Japan)
Keitai Eddy (Japan)	28ffa7cc	85	Keitai Eddy (Japan)
Kekkon - Marriage (Japan)	d2afce19	91	Kekkon - Marriage (Japan)
Kellogg Original Waku Waku Doki Doki Ninki Game Chara Daishuugou! (Japan)	beb2d578	316	Kellogg Original Waku Waku Doki Doki Ninki Game Chara Daishuugou! (Japan)
Kellogg Original Waku Waku Doki Doki Ninki Game Chara Daishuugou! Waku Waku-shou (Japan) (Demo)	4b3f9fd5	360	Kellogg Original Waku Waku Doki Doki Ninki Game Chara Daishuugou! (Japan)
Kenkaku Ibunroku - Yomigaerishi Souku no Yaiba - Samurai Spirits Shinshou (Japan) (Demo)	90a1d9e5	154	Kenkaku Ibunroku - Yomigaerishi Souku no Yaiba - Samurai Spirits Shinshou (Japan, Asia)
Kenkaku Ibunroku - Yomigaerishi Souku no Yaiba - Samurai Spirits Shinshou (Japan, Asia)	6cd454d8	153	Kenkaku Ibunroku - Yomigaerishi Souku no Yaiba - Samurai Spirits Shinshou (Japan, Asia)
Kenki Ippatsu! Crane Master ni Narou! (Japan)	6b9485f5	111	Kenki Ippatsu! Crane Master ni Narou! (Japan)
Kenki Ippatsu! Crane Master ni Narou! (Japan) (Major Wave)	9b6b36a2	1665	Kenki Ippatsu! Crane Master ni Narou! (Japan)
Kenki Ippatsu! Shovel Master ni Narou! (Japan)	8fcdc40f	112	Kenki Ippatsu! Shovel Master ni Narou! (Japan)
Kenki Ippatsu! Shovel Master ni Narou! (Japan) (Rev 1)	b82b8a0f	120	Kenki Ippatsu! Shovel Master ni Narou! (Japan)
Kensei - Sacred Fist (Europe)	15ae15c4	95	Kensei - Sacred Fist (USA)
Kensei - Sacred Fist (Europe) (Beta) (1998-11-02)	abca7d6d	130	Kensei - Sacred Fist (USA)
Kensei - Sacred Fist (USA)	d67408cc	92	Kensei - Sacred Fist (USA)
Kensei - The King of Boxing (Japan)	9196cf45	3492	Kensei - The King of Boxing (Japan)
Kensetsu Kikai Simulator - Kenki Ippai! (Japan)	36f2007b	113	Kensetsu Kikai Simulator - Kenki Ippai! (Japan)
Kenshou Akou Jiken - Chuushingura - Rekishi Adventure (Japan)	0f2dd3c0	292	Kenshou Akou Jiken - Chuushingura - Rekishi Adventure (Japan)
Kero Kero King (Japan)	8e7d64ad	88	Kero Kero King (Japan)
Kero Kero King (Japan) (Demo)	5a7d35ea	95	Kero Kero King (Japan)
Khamrai (Japan)	f8aa3a25	81	Khamrai (Japan)
Kick Off World (Europe) (Es,Nl)	d67dc936	97	Kick Off World (Europe) (Es,Nl)
Kick Off World (Europe, Australia) (En,Fr)	f7b61b3c	108	Kick Off World (Europe) (Es,Nl)
Kick Off World (Germany)	8a79701d	90	Kick Off World (Europe) (Es,Nl)
Kick Off World (Greece)	83e504d1	89	Kick Off World (Europe) (Es,Nl)
Kick Off World (Greece) (Demo)	6a5d34e3	96	Kick Off World (Europe) (Es,Nl)
Kick Off World Manager (Italy)	cb33355b	96	Kick Off World (Europe) (Es,Nl)
Kickboxing (USA)	386e5d7d	82	Kickboxing (USA)
Kickboxing Knockout (Europe)	e28c80cf	94	Kickboxing Knockout (Europe)
Kid Clown no Crazy Chase 2 - Love Love Honey Soudatsusen (Japan)	c9d97df1	2208	Kid Clown no Crazy Chase 2 - Love Love Honey Soudatsusen (Japan)
Kid Mix Section - Character Collection (Japan)	5755a231	112	Kid Mix Section - Character Collection (Japan)
Kidou Senshi Gundam - Gihren no Yabou - Zeon no Keifu (Japan) (Disc 1) (Earth Federation Disc) (Koudansha Rengou Kikaku Tokubetsu Disc)	124735bc	440	Kidou Senshi Gundam - Gihren no Yabou - Zeon no Keifu (Japan, Asia) (Disc 1) (Earth Federation Disc)
Kidou Senshi Gundam - Gihren no Yabou - Zeon no Keifu (Japan) (Disc 1) (Earth Federation Disc) (Rev 1)	57c4ce6b	374	Kidou Senshi Gundam - Gihren no Yabou - Zeon no Keifu (Japan, Asia) (Disc 1) (Earth Federation Disc)
Kidou Senshi Gundam - Gihren no Yabou - Zeon no Keifu (Japan) (Disc 2) (Zeon Disc) (Koudansha Rengou Kikaku Tokubetsu Disc)	58533b1d	416	Kidou Senshi Gundam - Gihren no Yabou - Zeon no Keifu (Japan, Asia) (Disc 1) (Earth Federation Disc)
Kidou Senshi Gundam - Gihren no Yabou - Zeon no Keifu (Japan) (Disc 2) (Zeon Disc) (Rev 1)	51b9c5e2	350	Kidou Senshi Gundam - Gihren no Yabou - Zeon no Keifu (Japan, Asia) (Disc 1) (Earth Federation Disc)
Kidou Senshi Gundam - Gihren no Yabou - Zeon no Keifu (Japan, Asia) (Disc 1) (Earth Federation Disc)	8ea1c548	370	Kidou Senshi Gundam - Gihren no Yabou - Zeon no Keifu (Japan, Asia) (Disc 1) (Earth Federation Disc)
Kidou Senshi Gundam - Gihren no Yabou - Zeon no Keifu (Japan, Asia) (Disc 2) (Zeon Disc)	97dcfe0a	346	Kidou Senshi Gundam - Gihren no Yabou - Zeon no Keifu (Japan, Asia) (Disc 1) (Earth Federation Disc)
Kidou Senshi Gundam - Gihren no Yabou - Zeon no Keifu - Kimitsu Eizou Disc Tokubetsu-hen (Japan)	170d8c0d	362	Kidou Senshi Gundam - Gihren no Yabou - Zeon no Keifu (Japan, Asia) (Disc 1) (Earth Federation Disc)
Kidou Senshi Gundam - Gihren no Yabou - Zeon no Keifu - Kouryaku Shireisho (Japan)	085f5836	148	Kidou Senshi Gundam - Gihren no Yabou - Zeon no Keifu - Kouryaku Shireisho (Japan)
Kids Station - Asobou! Hanasou! Guru Guru Town Hanamaru-kun (Japan)	f7a86dfe	133	Kids Station - Asobou! Hanasou! Guru Guru Town Hanamaru-kun (Japan)
Kids Station - Asobou! Hanasou! Guru Guru Town Hanamaru-kun (Japan) (Controller Set)	c0ad755d	338	Kids Station - Asobou! Hanasou! Guru Guru Town Hanamaru-kun (Japan)
Kids Station - Barbapapa (Japan)	46c25e90	98	Kids Station - Barbapapa (Japan)
Kids Station - Barbapapa (Japan) (Controller Set)	3032754d	138	Kids Station - Barbapapa (Japan)
Kids Station - Bishoujo Senshi Sailor Moon World - Chibiusa to Tanoshii Mainichi (Japan)	593a1de6	154	Kids Station - Bishoujo Senshi Sailor Moon World - Chibiusa to Tanoshii Mainichi (Japan)
Kids Station - Bishoujo Senshi Sailor Moon World - Chibiusa to Tanoshii Mainichi (Japan) (Controller Set)	72b10baa	171	Kids Station - Bishoujo Senshi Sailor Moon World - Chibiusa to Tanoshii Mainichi (Japan)
Kids Station - Bokura to Asobou! Ultraman TV (Japan)	15eae475	118	Kids Station - Bokura to Asobou! Ultraman TV (Japan)
Kids Station - Bokura to Asobou! Ultraman TV (Japan) (Controller Set)	794420dd	135	Kids Station - Bokura to Asobou! Ultraman TV (Japan)
Kids Station - Crayon Shin-chan - Ora to Omoide Tsukuru zo! (Japan)	e0c3cd8c	133	Kids Station - Crayon Shin-chan - Ora to Omoide Tsukuru zo! (Japan)
Kids Station - Crayon Shin-chan - Ora to Omoide Tsukuru zo! (Japan) (Controller Set)	1f86cf03	150	Kids Station - Crayon Shin-chan - Ora to Omoide Tsukuru zo! (Japan)
Kids Station - Digimon Park (Japan)	5df35ded	101	Kids Station - Digimon Park (Japan)
Kids Station - Digimon Park (Japan) (Controller Set)	02e7faf8	118	Kids Station - Digimon Park (Japan)
Kids Station - Doraemon - Himitsu no Yojigen Pocket (Japan)	d0f49827	125	Kids Station - Doraemon - Himitsu no Yojigen Pocket (Japan)
Kids Station - Doraemon - Himitsu no Yojigen Pocket (Japan) (Controller Set)	7053dd06	142	Kids Station - Doraemon - Himitsu no Yojigen Pocket (Japan)
Kids Station - Doraemon - Himitsu no Yojigen Pocket (Japan) (Demo)	836ff346	132	Kids Station - Doraemon - Himitsu no Yojigen Pocket (Japan)
Kids Station - Gomdori Pooh Hakseup Series - Gomdori Pooh Yuchiwon Hakseubyeohaeng (Korea) (En,Ko)	b98ea750	164	Kids Station - Kuma no Pooh-san - Mori no Nakama to 1, 2, 3 (Japan)
Kids Station - Hello Kitty no Oshaberi ABC (Japan)	76c49af2	116	Kids Station - Hello Kitty no Oshaberi ABC (Japan)
Kids Station - Hello Kitty no Oshaberi ABC (Japan) (Controller Set)	89b45ed5	133	Kids Station - Hello Kitty no Oshaberi ABC (Japan)
Kids Station - Hello Kitty no Oshaberi Town (Japan)	8f9ac377	117	Kids Station - Hello Kitty no Oshaberi Town (Japan)
Kids Station - Hello Kitty no Oshaberi Town (Japan) (Controller Set)	7614e0ab	134	Kids Station - Hello Kitty no Oshaberi Town (Japan)
Kids Station - Hello Kitty no Ouchi e Oide yo! (Japan)	679ab646	278	Kids Station - Hello Kitty no Ouchi e Oide yo! (Japan)
Kids Station - Hello Kitty no Ouchi e Oide yo! (Japan) (Controller Set)	e13846f0	312	Kids Station - Hello Kitty no Ouchi e Oide yo! (Japan)
Kids Station - Hello Kitty to Album Nikki o Tsukurimasho! (Japan)	3975b516	131	Kids Station - Hello Kitty to Album Nikki o Tsukurimasho! (Japan)
Kids Station - Hello Kitty to Album Nikki o Tsukurimasho! (Japan) (Controller Set)	86f6303e	148	Kids Station - Hello Kitty to Album Nikki o Tsukurimasho! (Japan)
Kids Station - Hitori de Dekiru mon! (Japan)	0ef1145b	110	Kids Station - Hitori de Dekiru mon! (Japan)
Kids Station - Hitori de Dekiru mon! (Japan) (Controller Set)	26448a6c	127	Kids Station - Hitori de Dekiru mon! (Japan)
Kids Station - Kamen Rider Heroes (Japan)	143372f8	107	Kids Station - Kamen Rider Heroes (Japan)
Kids Station - Kamen Rider Heroes (Japan) (Controller Set)	135e1039	124	Kids Station - Kamen Rider Heroes (Japan)
Kids Station - Kikansha Thomas to Nakamatachi (Japan)	70df4dc3	119	Kids Station - Kikansha Thomas to Nakamatachi (Japan)
Kids Station - Kikansha Thomas to Nakamatachi (Japan) (Controller Set)	3ce991f3	136	Kids Station - Kikansha Thomas to Nakamatachi (Japan)
Kids Station - Kuma no Pooh-san - Mori no Kyoushitsu (Japan)	cc268bb4	126	Disney's Winnie the Pooh - Kindergarten (USA)
Kids Station - Kuma no Pooh-san - Mori no Kyoushitsu (Japan) (Controller Set)	65245622	143	Disney's Winnie the Pooh - Kindergarten (USA)
Kids Station - Kuma no Pooh-san - Mori no Nakama to 1, 2, 3 (Japan)	4e4507a1	133	Kids Station - Kuma no Pooh-san - Mori no Nakama to 1, 2, 3 (Japan)
Kids Station - Kuma no Pooh-san - Mori no Nakama to 1, 2, 3 (Japan) (Controller Set)	4c5a193a	150	Kids Station - Kuma no Pooh-san - Mori no Nakama to 1, 2, 3 (Japan)
Kids Station - Kuma no Pooh-san - Mori no Tomodachi (Japan)	9eb68f9d	125	Disney's Winnie the Pooh - Preschool (USA)
Kids Station - Kuma no Pooh-san - Mori no Tomodachi (Japan) (Controller Set)	3280cc46	142	Disney's Winnie the Pooh - Preschool (USA)
Kids Station - LEGO no Sekai (Japan)	9d0cf2d1	102	Kids Station - LEGO no Sekai (Japan)
Kids Station - Magical Music - Eigo de One, Two, Three! (Japan) (En,Ja)	ccd530f8	137	Kids Station - Magical Music - Eigo de One, Two, Three! (Japan) (En,Ja)
Kids Station - Mickey & Minnie no Magical Kitchen (Japan) (En,Ja)	1311b217	300	My Disney Kitchen (USA)
Kids Station - Mickey & Minnie no Magical Kitchen (Japan) (En,Ja) (Controller Set)	699b9749	334	My Disney Kitchen (USA)
Kids Station - Mickey to Nakamatachi - Kazu Asobi Iro Iro (Japan)	3582c7d3	131	Kids Station - Mickey to Nakamatachi - Kazu Asobi Iro Iro (Japan)
Kids Station - Mickey to Nakamatachi - Kazu Asobi Iro Iro (Japan) (Controller Set)	347b50f4	148	Kids Station - Mickey to Nakamatachi - Kazu Asobi Iro Iro (Japan)
Kids Station - Mini-Moni. ni Naru no da Pyon! (Japan)	1b2b6825	119	Kids Station - Mini-Moni. ni Naru no da Pyon! (Japan)
Kids Station - Mini-Moni. ni Naru no da Pyon! (Japan) (Controller Set)	3e90e7c6	136	Kids Station - Mini-Moni. ni Naru no da Pyon! (Japan)
Kids Station - Motto! Oja Majo DoReMi - Maho-dou Smile Party (Japan)	2166f5fb	134	Kids Station - Motto! Oja Majo DoReMi - Maho-dou Smile Party (Japan)
Kids Station - Motto! Oja Majo DoReMi - Maho-dou Smile Party (Japan) (Controller Set)	73ab2e5c	151	Kids Station - Motto! Oja Majo DoReMi - Maho-dou Smile Party (Japan)
Kids Station - Oja Majo DoReMi - Maho-dou Dance Carnival! (Japan)	820f141c	131	Kids Station - Oja Majo DoReMi - Maho-dou Dance Carnival! (Japan)
Kids Station - Oja Majo DoReMi - Maho-dou Dance Carnival! (Japan) (Controller Set)	57bedf7e	148	Kids Station - Oja Majo DoReMi - Maho-dou Dance Carnival! (Japan)
Kids Station - Oja Majo DoReMi Dokkan! Maho-dou Eigo Festival (Japan)	9f3c4207	135	Kids Station - Oja Majo DoReMi Dokkan! Maho-dou Eigo Festival (Japan)
Kids Station - Oja Majo DoReMi Dokkan! Maho-dou Eigo Festival (Japan) (Controller Set)	623f7406	152	Kids Station - Oja Majo DoReMi Dokkan! Maho-dou Eigo Festival (Japan)
Kids Station - Oshaberi Oekaki - Kikansha Thomas to Nakamatachi (Japan)	79d54470	137	Kids Station - Oshaberi Oekaki - Kikansha Thomas to Nakamatachi (Japan)
Kids Station - Oshaberi Oekaki - Kikansha Thomas to Nakamatachi (Japan) (Controller Set)	f82f2690	154	Kids Station - Oshaberi Oekaki - Kikansha Thomas to Nakamatachi (Japan)
Kids Station - Oshaberi Oekaki - Soreike! Anpanman (Japan)	9826e45e	124	Kids Station - Oshaberi Oekaki - Soreike! Anpanman (Japan)
Kids Station - Oshaberi Oekaki - Soreike! Anpanman (Japan) (Controller Set)	176dbba6	141	Kids Station - Oshaberi Oekaki - Soreike! Anpanman (Japan)
Kids Station - Plarail - Tetsudou Monoshiri Hyakka (Japan)	00187da1	286	Kids Station - Plarail - Tetsudou Monoshiri Hyakka (Japan)
Kids Station - Ponkickies 21 - Game no Omocha-bako (Japan)	dd9c7d0a	124	Kids Station - Ponkickies 21 - Game no Omocha-bako (Japan)
Kids Station - Ponkickies 21 - Game no Omocha-bako (Japan) (Controller Set)	69e608b4	141	Kids Station - Ponkickies 21 - Game no Omocha-bako (Japan)
Kids Station - Soreike! Anpanman (Japan)	4f3fa18c	106	Kids Station - Soreike! Anpanman (Japan)
Kids Station - Soreike! Anpanman (Japan) (Controller Set)	94483173	123	Kids Station - Soreike! Anpanman (Japan)
Kids Station - Soreike! Anpanman (Japan) (Demo)	9e500a8f	113	Kids Station - Soreike! Anpanman (Japan)
Kids Station - Soreike! Anpanman 2 - Anpanman to Daibouken! (Japan)	10177f76	133	Kids Station - Soreike! Anpanman 2 - Anpanman to Daibouken! (Japan)
Kids Station - Soreike! Anpanman 2 - Anpanman to Daibouken! (Japan) (Controller Set)	faa9b5f8	150	Kids Station - Soreike! Anpanman 2 - Anpanman to Daibouken! (Japan)
Kids Station - Soreike! Anpanman 3 - Sugoroku Anpanman (Japan)	f63604b6	128	Kids Station - Soreike! Anpanman 3 - Sugoroku Anpanman (Japan)
Kids Station - Soreike! Anpanman 3 - Sugoroku Anpanman (Japan) (Controller Set)	5e8c4d4b	145	Kids Station - Soreike! Anpanman 3 - Sugoroku Anpanman (Japan)
Kids Station - Ugoku Tomica Zukan (Japan)	6882bbc7	107	Kids Station - Ugoku Tomica Zukan (Japan)
Kids Station - Ugoku Tomica Zukan (Japan) (Controller Set)	b8973551	124	Kids Station - Ugoku Tomica Zukan (Japan)
Kids Station - Ultraman Cosmos - Yuusha no Chikai (Japan)	0ca96a7f	123	Kids Station - Ultraman Cosmos - Yuusha no Chikai (Japan)
Kids Station - Ultraman Cosmos - Yuusha no Chikai (Japan) (Controller Set)	247536f3	140	Kids Station - Ultraman Cosmos - Yuusha no Chikai (Japan)
Kids Station - Unten Daisuki - Doki Doki - Norimono Daibouken (Japan)	edd340d6	2442	Kids Station - Unten Daisuki - Doki Doki - Norimono Daibouken (Japan)
Kids Station - Yancharu Moncha (Japan)	ddfad37c	104	Kids Station - Yancharu Moncha (Japan)
Kids Station - Yancharu Moncha (Japan) (Controller Set)	a1e280fc	121	Kids Station - Yancharu Moncha (Japan)
Kiganjou (Japan)	92191ddb	82	Kiganjou (Japan)
Kikuni Masahiko Jirushi - Warau Fukei-san Pachi-Slot Hunter (Japan)	27c8ae81	5652	Kikuni Masahiko Jirushi - Warau Fukei-san Pachi-Slot Hunter (Japan)
Kileak - The Blood (Europe)	69070b46	93	Kileak - The Blood (Europe)
Kileak - The DNA Imperative (USA)	ed0be9f8	99	Kileak - The DNA Imperative (USA)
Kileak, The Blood (Japan)	29e32a24	91	Kileak, The Blood (Japan)
Kileak, The Blood 2 - Reason in Madness (Japan)	664d0abb	113	Epidemic (USA)
Killer Bass (Japan)	aad2659a	2034	Killer Bass (Japan)
Killer Loop (Europe) (En,Fr,De,Es,It)	94bb89c5	1302	Killer Loop (USA)
Killer Loop (USA)	8fd8679d	1438	Killer Loop (USA)
Killing Time (USA) (Proto) (1997-04-29)	09958d37	248	Killing Time (USA) (Proto) (1997-04-29)
Killing Zone (Europe)	094a6934	3926	Killing Zone (USA)
Killing Zone (Japan)	16e2f662	3777	Killing Zone (USA)
Killing Zone (USA)	76153ebc	3824	Killing Zone (USA)
Kimagure My Baby - Musume no Sugoroku Seichouki (Japan)	086e1b16	429	Kimagure My Baby - Musume no Sugoroku Seichouki (Japan)
Kimero!! Hero Gakuen - Eiyuu ni Kotae Nashi (Japan)	0f62a9f7	1142	Kimero!! Hero Gakuen - Eiyuu ni Kotae Nashi (Japan)
Kimi ni Steady (Japan)	33f5ba18	330	Kimi ni Steady (Japan)
Kimi no Kimochi, Boku no Kokoro - I've Possessed Your Body! (Japan)	ade74e99	304	Kimi no Kimochi, Boku no Kokoro - I've Possessed Your Body! (Japan)
Kindaichi Shounen no Jikenbo - Hihou-tou Arata naru Sangeki (Japan)	fafc9a84	133	Kindaichi Shounen no Jikenbo - Hihou-tou Arata naru Sangeki (Japan)
Kindaichi Shounen no Jikenbo - Jigoku Yuuen Satsujin Jiken (Japan) (Disc 1)	7e405188	141	Kindaichi Shounen no Jikenbo - Jigoku Yuuen Satsujin Jiken (Japan) (Disc 1)
Kindaichi Shounen no Jikenbo - Jigoku Yuuen Satsujin Jiken (Japan) (Disc 2)	7f1d7759	141	Kindaichi Shounen no Jikenbo - Jigoku Yuuen Satsujin Jiken (Japan) (Disc 1)
Kindaichi Shounen no Jikenbo 3 - Seiryuu Densetsu Satsujin Jiken (Japan) (Disc 1)	f8ab3af7	147	Kindaichi Shounen no Jikenbo 3 - Seiryuu Densetsu Satsujin Jiken (Japan) (Disc 1)
Kindaichi Shounen no Jikenbo 3 - Seiryuu Densetsu Satsujin Jiken (Japan) (Disc 2)	f9f61c26	147	Kindaichi Shounen no Jikenbo 3 - Seiryuu Densetsu Satsujin Jiken (Japan) (Disc 1)
King of Bowling (Japan)	71ae6cce	3168	King of Bowling (Japan)
King of Bowling 2 (Europe)	533ee2b8	222	King of Bowling 2 (Europe)
King of Bowling 2 - Professional-hen (Japan)	7d251471	110	King of Bowling 2 - Professional-hen (Japan)
King of Bowling 3 (Europe)	98a1d1b3	92	King of Bowling 3 (Europe)
King of Fighters '95, The (Europe)	865eaaac	5400	King of Fighters '95, The (USA)
King of Fighters '95, The (Japan)	fbdd0f90	5358	King of Fighters '95, The (USA)
King of Fighters '95, The (USA)	73a77307	5274	King of Fighters '95, The (USA)
King of Fighters '96, The (Japan, Asia)	4e7ece98	5476	King of Fighters '96, The (Japan, Asia)
King of Fighters '97, The (Japan)	36937a86	99	King of Fighters '97, The (Japan)
King of Fighters '97, The (Japan) (Demo)	e13924ac	106	King of Fighters '97, The (Japan)
King of Fighters '98, The - Dream Match Never Ends (Japan)	bc3ad664	286	King of Fighters '98, The - Dream Match Never Ends (Japan)
King of Fighters '98, The - Dream Match Never Ends (Japan) (Rev 1)	433309c4	302	King of Fighters '98, The - Dream Match Never Ends (Japan)
King of Fighters '99, The (Japan, Asia)	b41fe6d1	248	King of Fighters '99, The (USA)
King of Fighters '99, The (USA)	6952d446	232	King of Fighters '99, The (USA)
King of Fighters Kyou, The (Japan)	17d4c7f4	494	King of Fighters Kyou, The (Japan)
King of Fighters Kyou, The (Japan) (Demo)	17dae481	522	King of Fighters Kyou, The (Japan)
King of Parlor (Japan)	91a422b2	678	King of Parlor (Japan)
King of Parlor 2 (Japan)	b2b2d460	90	King of Parlor 2 (Japan)
King of Producer (Japan)	4d7ef68a	572	King of Producer (Japan)
King of Stallion (Japan)	c2b42b2d	572	King of Stallion (Japan)
King's Field (Europe) (En,Fr,De)	29edd0e3	98	King's Field (USA)
King's Field (Japan)	fa382fbc	86	King's Field (USA)
King's Field (USA)	b0c57890	84	King's Field (USA)
King's Field II (Japan)	e9636c69	89	King's Field II (USA)
King's Field II (Japan) (PlayStation the Best)	de17f51b	112	King's Field II (USA)
King's Field II (Japan) (PlayStation the Best) (Rev 1)	f818c20a	120	King's Field II (USA)
King's Field II (USA)	b37d907b	87	King's Field II (USA)
King's Field III (Japan)	b5981308	90	King's Field II (USA)
King's Field III (Japan) (Rev 1)	6b5887be	98	King's Field II (USA)
King's Field III - Pilot Style (Japan)	8d091ebf	104	King's Field III - Pilot Style (Japan)
Kingsley's Adventure (Europe) (En,Fr,De,Es,It,Nl,Sv,No,Da,Fi)	76150d35	2634	Kingsley's Adventure (USA)
Kingsley's Adventure (USA)	5acfa04a	2039	Kingsley's Adventure (USA)
Kinniku Banzuke - Road to Sasuke (Japan)	a6ac2ed6	106	Kinniku Banzuke - Road to Sasuke (Japan)
Kinniku Banzuke Vol. 1 - Ore ga Saikyou no Otoko da! (Japan)	942d9ed9	126	Kinniku Banzuke Vol. 1 - Ore ga Saikyou no Otoko da! (Japan)
Kinniku Banzuke Vol. 2 - Arata naru Genkai e no Chousen! (Japan)	6f3e7b9b	130	Kinniku Banzuke Vol. 2 - Arata naru Genkai e no Chousen! (Japan)
Kinniku Banzuke Vol. 3 - Saikyou no Challenger Tanjou! (Japan)	16c201d8	128	Kinniku Banzuke Vol. 3 - Saikyou no Challenger Tanjou! (Japan)
Kirikou (Europe) (En,Fr,De)	3b97b530	1446	Kirikou (Europe) (En,Fr,De)
Kirikou (Europe) (Es,It,Pt)	10f16da5	1446	Kirikou (Europe) (En,Fr,De)
Kisha de Go! (Japan)	43bc0b97	438	Kisha de Go! (Japan)
Kita Denshi - Virtua Pachi-Slot (Japan)	4c1226fc	1858	Kita Denshi - Virtua Pachi-Slot (Japan)
Kita Denshi - Virtua Pachi-Slot 2 (Japan)	2214b67f	792	Kita Denshi - Virtua Pachi-Slot 2 (Japan)
Kitchen Panic (Japan)	b5b47af3	1606	Kitchen Panic (Japan)
Kitty the Kool! Kabuki de Tanoshiku Odotte ne!! (Japan)	5f4cd266	121	Kitty the Kool! Kabuki de Tanoshiku Odotte ne!! (Japan)
Kiwame Daidougi (Japan) (Major Wave)	9b06bc14	102	Taikyoku Shougi - Kiwame (Japan)
Kiwame Daidougi - Tsumuya Tsumazaruya (Japan)	f564d184	111	Kiwame Daidougi - Tsumuya Tsumazaruya (Japan)
Kizuna toyuu Na no Pendant with Toybox Stories (Japan) (Disc 1)	3c52cc7c	296	Kizuna toyuu Na no Pendant with Toybox Stories (Japan) (Disc 1)
Kizuna toyuu Na no Pendant with Toybox Stories (Japan) (Disc 2)	4cde99e6	296	Kizuna toyuu Na no Pendant with Toybox Stories (Japan) (Disc 1)
Klaymen Gun-Hockey (Japan)	8a4dd033	92	Klaymen Gun-Hockey (Japan)
Klaymen Klaymen - Neverhood no Nazo (Japan)	21344c53	109	Klaymen Klaymen - Neverhood no Nazo (Japan)
Klaymen Klaymen 2 - Skullmonkey no Gyakushuu (Japan)	44fb4dd1	118	Klaymen Klaymen 2 - Skullmonkey no Gyakushuu (Japan)
Klaymen Series (Japan) (Demo)	f73b3fcf	95	Klaymen Klaymen - Neverhood no Nazo (Japan)
Klonoa - Door to Phantomile (Europe)	7e05595f	102	Klonoa - Door to Phantomile (USA)
Klonoa - Door to Phantomile (Europe) (Beta) (1998-03-10)	41a3a9fa	122	Klonoa - Door to Phantomile (USA)
Klonoa - Door to Phantomile (France)	580de85a	102	Klonoa - Door to Phantomile (USA)
Klonoa - Door to Phantomile (Germany)	ef199b9b	103	Klonoa - Door to Phantomile (USA)
Klonoa - Door to Phantomile (Italy)	15c16bd3	101	Klonoa - Door to Phantomile (USA)
Klonoa - Door to Phantomile (Spain)	48859a0b	101	Klonoa - Door to Phantomile (USA)
Klonoa - Door to Phantomile (USA)	b2af1628	99	Klonoa - Door to Phantomile (USA)
Klonoa Beach Volley - Saikyou Team Ketteisen! (Japan, Asia)	3e5bff0a	125	Klonoa Beach Volley - Saikyou Team Ketteisen! (Japan, Asia)
Klonoa Beach Volleyball (Europe) (En,Fr,De,Es,It)	66203763	115	Klonoa Beach Volleyball (Europe) (En,Fr,De,Es,It)
Knight & Baby (Japan)	e8035cde	87	Knight & Baby (Japan)
Knockout Kings (USA)	0a4ad7bf	86	Knockout Kings (USA)
Knockout Kings 2000 (Europe)	0845a70a	94	Knockout Kings 2000 (USA)
Knockout Kings 2000 (France)	2e4d160f	94	Knockout Kings 2000 (USA)
Knockout Kings 2000 (USA)	176bef17	91	Knockout Kings 2000 (USA)
Knockout Kings 2001 (Europe)	51239f61	94	Knockout Kings 2001 (USA)
Knockout Kings 2001 (France)	772b2e64	94	Knockout Kings 2001 (USA)
Knockout Kings 2001 (USA)	9a2a0b4f	91	Knockout Kings 2001 (USA)
Knockout Kings 99 (Europe)	3dbcfbbf	92	Knockout Kings 99 (Europe)
Knockout Kings 99 (France)	1bb44aba	92	Knockout Kings 99 (Europe)
Kochira Katsushika-ku Kameari Kouen-mae Hashutsujo - High-Tech Buil Shinkou Soshi Sakusen! no Maki (Japan)	c1960e2b	1182	Kochira Katsushika-ku Kameari Kouen-mae Hashutsujo - High-Tech Buil Shinkou Soshi Sakusen! no Maki (Japan)
Kogepan - Pan mo Game o Yarurashii... (Japan)	d75188bb	260	Kogepan - Pan mo Game o Yarurashii... (Japan)
Koiyohou (Japan)	6ed7fa78	312	Koiyohou (Japan)
Kojima Takeo - Mahjong Teiou (Japan)	6b73eadf	2733	Kojima Takeo - Mahjong Teiou (Japan)
Kojin Kyouju - La Lecon Particuliere (Japan)	138296bf	110	Kojin Kyouju - La Lecon Particuliere (Japan)
Kojin Kyouju - La Lecon Particuliere (Japan) (Demo)	7728feea	117	Kojin Kyouju - La Lecon Particuliere (Japan)
Koko Hore! Pukka (Japan)	9a4c4bba	90	Koko Hore! Pukka (Japan)
Kokumeikan (Japan)	0f30f4c1	206	Kokumeikan (Japan)
Kokumeikan (Japan) (Rev 1)	f7c188e9	222	Kokumeikan (Japan)
Komotchi (Japan)	04a13b0e	82	Komotchi (Japan)
Kon'ya mo Dorubako!! (Japan)	ff66b5fb	94	Kon'ya mo Dorubako!! (Japan)
Kon'ya mo Dorubako!! 2000 (Japan)	532c91ec	99	Kon'ya mo Dorubako!! 2000 (Japan)
Kon'ya mo Dorubako!! 2001 (Japan)	8629ed90	99	Kon'ya mo Dorubako!! 2001 (Japan)
Konami 80's Arcade Gallery (Japan)	bfcf887d	100	Konami 80's Arcade Gallery (Japan)
Konami Antiques - MSX Collection Vol. 1 (Japan)	c67b7a12	113	Konami Antiques - MSX Collection Vol. 1 (Japan)
Konami Antiques - MSX Collection Vol. 2 (Japan)	6205f8d7	113	Konami Antiques - MSX Collection Vol. 2 (Japan)
Konami Antiques - MSX Collection Vol. 3 (Japan, Asia)	4f839273	134	Konami Antiques - MSX Collection Vol. 3 (Japan, Asia)
Konami Arcade Classics (USA)	757db5d8	94	Konami Arcade Classics (USA)
Konami Open Golf (Europe)	435f44ae	91	Konami Open Golf (Europe)
Koneko mo Issho (Japan)	047a7c1b	89	Koneko mo Issho (Japan)
Konohana - TrueReport (Japan)	42f33f21	228	Konohana - TrueReport (Japan)
KoroKoro Post nin (Japan)	a779b022	91	KoroKoro Post nin (Japan)
Kosodate Quiz Motto My Angel (Japan)	6cbf62e0	102	Kosodate Quiz Motto My Angel (Japan)
Kosodate Quiz My Angel (Japan)	f88e8f28	850	Kosodate Quiz My Angel (Japan)
Kosodate Quiz My Angel (Japan) (Rev 1)	2c041120	906	Kosodate Quiz My Angel (Japan)
Koten Tsumego-shuu - Shijin no Maki (Japan)	b5ae0522	109	Koten Tsumego-shuu - Shijin no Maki (Japan)
Kotobuki Grand Prix (Europe)	69e243b3	348	Kotobuki Grand Prix (Europe)
Kotobuki Grand Prix - Mezase! Genchari King (Japan)	782f609a	272	Kotobuki Grand Prix - Mezase! Genchari King (Japan)
Koudelka (Europe) (Disc 1)	dd351295	92	Koudelka (USA) (Disc 1)
Koudelka (Europe) (Disc 2)	dc683444	92	Koudelka (USA) (Disc 1)
Koudelka (Europe) (Disc 3)	6a73d434	92	Koudelka (USA) (Disc 1)
Koudelka (Europe) (Disc 4)	ded279e6	92	Koudelka (USA) (Disc 1)
Koudelka (France) (Disc 1)	6fe429af	92	Koudelka (USA) (Disc 1)
Koudelka (France) (Disc 2)	6eb90f7e	92	Koudelka (USA) (Disc 1)
Koudelka (France) (Disc 3)	d8a2ef0e	92	Koudelka (USA) (Disc 1)
Koudelka (France) (Disc 4)	6c0342dc	92	Koudelka (USA) (Disc 1)
Koudelka (Germany) (Disc 1)	08fb3686	93	Koudelka (USA) (Disc 1)
Koudelka (Germany) (Disc 2)	09a61057	93	Koudelka (USA) (Disc 1)
Koudelka (Germany) (Disc 3)	bfbdf027	93	Koudelka (USA) (Disc 1)
Koudelka (Germany) (Disc 4)	0b1c5df5	93	Koudelka (USA) (Disc 1)
Koudelka (Italy) (Disc 1)	53a40dc2	91	Koudelka (USA) (Disc 1)
Koudelka (Italy) (Disc 2)	52f92b13	91	Koudelka (USA) (Disc 1)
Koudelka (Italy) (Disc 3)	e4e2cb63	91	Koudelka (USA) (Disc 1)
Koudelka (Italy) (Disc 4)	504366b1	91	Koudelka (USA) (Disc 1)
Koudelka (Japan) (Demo 1)	ece1884d	91	Koudelka (USA) (Disc 1)
Koudelka (Japan) (Demo 2)	edbcae9c	91	Koudelka (USA) (Disc 1)
Koudelka (Japan) (Disc 1)	ca53febf	91	Koudelka (USA) (Disc 1)
Koudelka (Japan) (Disc 2)	cb0ed86e	91	Koudelka (USA) (Disc 1)
Koudelka (Japan) (Disc 3)	7d15381e	91	Koudelka (USA) (Disc 1)
Koudelka (Japan) (Disc 4)	c9b495cc	91	Koudelka (USA) (Disc 1)
Koudelka (Spain) (Disc 1)	cfeeb074	91	Koudelka (USA) (Disc 1)
Koudelka (Spain) (Disc 2)	ceb396a5	91	Koudelka (USA) (Disc 1)
Koudelka (Spain) (Disc 3)	78a876d5	91	Koudelka (USA) (Disc 1)
Koudelka (Spain) (Disc 4)	cc09db07	91	Koudelka (USA) (Disc 1)
Koudelka (USA) (Disc 1)	b6a550a2	89	Koudelka (USA) (Disc 1)
Koudelka (USA) (Disc 2)	b7f87673	89	Koudelka (USA) (Disc 1)
Koudelka (USA) (Disc 3)	01e39603	89	Koudelka (USA) (Disc 1)
Koudelka (USA) (Disc 4)	b5423bd1	89	Koudelka (USA) (Disc 1)
Koukai Sarenakatta Shuki (Japan)	88c4253b	360	Koukai Sarenakatta Shuki (Japan)
Koukaku Kidoutai - Ghost in the Shell (Japan) (Demo 1)	aa2d7c42	278	Ghost in the Shell (USA)
Koukaku Kidoutai - Ghost in the Shell (Japan) (Demo 2)	53fa3ccc	120	Ghost in the Shell (USA)
Koukaku Kidoutai - Ghost in the Shell (Japan, Asia)	5d9c5529	117	Ghost in the Shell (USA)
Koukidou Gensou - Gunparade March (Japan)	19d5d8fd	107	Koukidou Gensou - Gunparade March (Japan)
Kouklotheatro - Yuukyuu no Hitomi (Japan)	f81f72e1	107	Kouklotheatro - Yuukyuu no Hitomi (Japan)
Koukyaku Kikou Shidan - Bein Panzer (Japan)	7fe40e0f	109	Koukyaku Kikou Shidan - Bein Panzer (Japan)
Kouni Shougun (Japan)	72bd1081	87	Kouni Shougun (Japan)
Kouryuu Sangoku Engi (Japan)	25f9d655	94	Kouryuu Sangoku Engi (Japan)
Kouryuuki (Japan)	6787bc4d	1774	Kouryuuki (Japan)
Koushien V (Japan)	ce55b0d3	1903	Koushien V (Japan)
Koutetsu Reiiki - Steeldom (Japan)	543278f8	100	Koutetsu Reiiki - Steeldom (Japan)
Kouyasai - A Sherd of Youthful Memories (Japan)	ce4f162e	264	Kouyasai - A Sherd of Youthful Memories (Japan)
Kouyasai - A Sherd of Youthful Memories (Japan) (Demo)	7d560e26	278	Kouyasai - A Sherd of Youthful Memories (Japan)
Kowai Shashin - Shinrei Shashin Kitan (Japan)	b46bfc4b	111	Kowai Shashin - Shinrei Shashin Kitan (Japan)
Kowloon's Gate (Japan) (Demo)	3bf035f5	95	Kowloon's Gate - Kowloon Fuusuiden (Japan) (Disc 1) (Byakko)
Kowloon's Gate (Japan) (Special Disc)	b6ab06c0	103	Kowloon's Gate - Kowloon Fuusuiden (Japan) (Disc 1) (Byakko)
Kowloon's Gate - Kowloon Fuusuiden (Japan) (Disc 1) (Byakko)	7f056941	126	Kowloon's Gate - Kowloon Fuusuiden (Japan) (Disc 1) (Byakko)
Kowloon's Gate - Kowloon Fuusuiden (Japan) (Disc 1) (Byakko) (Artdink Best Choice)	7c1999b9	148	Kowloon's Gate - Kowloon Fuusuiden (Japan) (Disc 1) (Byakko)
Kowloon's Gate - Kowloon Fuusuiden (Japan) (Disc 2) (Genbu)	963aaa0b	125	Kowloon's Gate - Kowloon Fuusuiden (Japan) (Disc 1) (Byakko)
Kowloon's Gate - Kowloon Fuusuiden (Japan) (Disc 2) (Genbu) (Artdink Best Choice)	357353f1	147	Kowloon's Gate - Kowloon Fuusuiden (Japan) (Disc 1) (Byakko)
Kowloon's Gate - Kowloon Fuusuiden (Japan) (Disc 3) (Suzaku)	c5f42adf	126	Kowloon's Gate - Kowloon Fuusuiden (Japan) (Disc 1) (Byakko)
Kowloon's Gate - Kowloon Fuusuiden (Japan) (Disc 3) (Suzaku) (Artdink Best Choice)	cdd88fcd	148	Kowloon's Gate - Kowloon Fuusuiden (Japan) (Disc 1) (Byakko)
Kowloon's Gate - Kowloon Fuusuiden (Japan) (Disc 4) (Seiryuu)	1ec00583	127	Kowloon's Gate - Kowloon Fuusuiden (Japan) (Disc 1) (Byakko)
Kowloon's Gate - Kowloon Fuusuiden (Japan) (Disc 4) (Seiryuu) (Artdink Best Choice)	4a257d94	149	Kowloon's Gate - Kowloon Fuusuiden (Japan) (Disc 1) (Byakko)
Kowloon's Gate - Kowloon Fuusuiden (Japan, Asia) (Disc 1) (Byakko) (Shokai Genteiban)	2cedf5e5	151	Kowloon's Gate - Kowloon Fuusuiden (Japan) (Disc 1) (Byakko)
Kowloon's Gate - Kowloon Fuusuiden (Japan, Asia) (Disc 2) (Genbu) (Shokai Genteiban)	6ba2e276	150	Kowloon's Gate - Kowloon Fuusuiden (Japan) (Disc 1) (Byakko)
Kowloon's Gate - Kowloon Fuusuiden (Japan, Asia) (Disc 3) (Suzaku) (Shokai Genteiban)	610071c8	151	Kowloon's Gate - Kowloon Fuusuiden (Japan) (Disc 1) (Byakko)
Kowloon's Gate - Kowloon Fuusuiden (Japan, Asia) (Disc 4) (Seiryuu) (Shokai Genteiban)	a2994fdb	152	Kowloon's Gate - Kowloon Fuusuiden (Japan) (Disc 1) (Byakko)
Kowloon-jou (Japan)	fb934e3f	999	Kowloon-jou (Japan)
Krazy Ivan (Europe)	c49b5422	1350	Krazy Ivan (USA)
Krazy Ivan (France)	b4e25132	1350	Krazy Ivan (USA)
Krazy Ivan (Germany)	06da1a53	1362	Krazy Ivan (USA)
Krazy Ivan (Italy)	4b43185f	1338	Krazy Ivan (USA)
Krazy Ivan (Japan)	ab7ebdee	1451	Krazy Ivan (USA)
Krazy Ivan (Spain)	4c5381b6	1338	Krazy Ivan (USA)
Krazy Ivan (USA)	c2ae7fad	1314	Krazy Ivan (USA)
Kula World (Europe)	19c2c7ee	85	Kula World (Europe)
KulaQuest (Japan)	4f375348	83	KulaQuest (Japan)
KulaQuest (Japan) (Demo)	ce2842c4	90	KulaQuest (Japan)
Kuma no Pooh-tarou - Sora wa Pink da! Zen'in Shuugou!! (Japan)	c816e1b6	4221	Kuma no Pooh-tarou - Sora wa Pink da! Zen'in Shuugou!! (Japan)
Kumitate Battle Kuttu Ketto (Japan)	de4aaad6	101	Kumitate Battle Kuttu Ketto (Japan)
Kunoichi Torimonochou (Japan)	7fc13f52	95	Kunoichi Torimonochou (Japan)
Kuon no Kizuna (Japan)	fbefb278	88	Kuon no Kizuna (Japan)
Kuro no Juusan (Japan)	93b3fa8e	88	Kuro no Juusan (Japan)
Kuro no Ken - Blade of the Darkness (Japan)	d7e37ef0	109	Kuro no Ken - Blade of the Darkness (Japan)
Kuroi Hitomi no Noir - Cielgris Fantasm (Japan)	2fc1acdc	264	Kuroi Hitomi no Noir - Cielgris Fantasm (Japan)
Kurt Warner's Arena Football Unleashed (USA)	68e5fed2	1372	Kurt Warner's Arena Football Unleashed (USA)
Kuru Kuru Cube (Japan)	2f4eac1c	88	Kuru Kuru Cube (Japan)
Kuru Kuru Maru Maru (Japan)	280a97cb	93	Kuru Kuru Maru Maru (Japan)
Kuru Kuru Panic (Japan)	9c5d2626	3168	Kuru Kuru Panic (Japan)
Kuru Kuru Twinkle - Onegai Ohoshi-sama (Japan)	5171ae29	5199	Kuru Kuru Twinkle - Onegai Ohoshi-sama (Japan)
Kurumi Miracle (Japan)	b45ef79f	214	Kurumi Miracle (Japan)
Kururin Pa! (Japan)	8a157bdd	3174	Kururin Pa! (Japan)
Kurushi (Europe) (En,Fr,De,Es,It)	f8599279	99	Kurushi (Europe) (En,Fr,De,Es,It)
Kurushi Final (Europe)	8db6b697	88	Kurushi Final (Europe)
Kurushi Final (France)	abbe0792	88	Kurushi Final (Europe)
Kurushi Final (Germany)	7a5562f6	89	Kurushi Final (Europe)
Kurushi Final (Italy)	1f5febc1	87	Kurushi Final (Europe)
Kurushi Final (Spain)	421b1a19	87	Kurushi Final (Europe)
Kuubo Senki (Japan)	72ea3f2a	85	Kuubo Senki (Japan)
Kyaiin no Tanoshi Mail - PS. I Love You (Japan)	78f7bfc6	113	Kyaiin no Tanoshi Mail - PS. I Love You (Japan)
Kyoro-chan no Prikura Daisakusen (Japan)	fee4f9d6	106	Kyoro-chan no Prikura Daisakusen (Japan)
Kyoto Maiko Monogatari (Japan)	16396c3c	1732	Kyoto Maiko Monogatari (Japan)
Kyoufu Shinbun (Japan)	ac070013	214	Kyoufu Shinbun (Japan)
Kyousouba Ikusei Simulation - Derby Stallion (Japan)	33240376	118	Kyousouba Ikusei Simulation - Derby Stallion (Japan)
Kyousouba Ikusei Simulation - Derby Stallion (Japan) (Rev 1)	e6f20eee	126	Kyousouba Ikusei Simulation - Derby Stallion (Japan)
Kyousouba Ikusei Simulation - Derby Stallion 99 (Japan)	bfb740e6	121	Kyousouba Ikusei Simulation - Derby Stallion 99 (Japan)
Kyoutei Wars Makuru 6 (Japan)	fdead3e6	95	Kyoutei Wars Makuru 6 (Japan)
Kyuiin (Japan)	db6ca423	3252	Kyuiin (Japan)
Kyuu-bakku (Japan)	fac4fdf0	2355	Kyuu-bakku (Japan)
Kyuukyoku no Soukoban (Japan)	030f036a	2586	Kyuukyoku no Soukoban (Japan)
Kyuutenkai (Japan)	442c6f1e	2694	Kyuutenkai (Japan)
L no Kisetsu - A Piece of Memories (Japan)	a1fe5fad	108	L no Kisetsu - A Piece of Memories (Japan)
L no Kisetsu - A Piece of Memories (Japan) (Shokai Genteiban)	ac4a5b27	127	L no Kisetsu - A Piece of Memories (Japan)
LEGO Eiland 2 - De Wraak van Dondersteen (Netherlands)	c2175c72	120	LEGO Island 2 - The Brickster's Revenge (USA)
LEGO Insel 2 - Der Steinbrecher kehrt zurueck (Germany)	f6a40394	121	LEGO Island 2 - The Brickster's Revenge (USA)
LEGO Island 2 - The Brickster's Revenge (Europe)	b3025b97	114	LEGO Island 2 - The Brickster's Revenge (USA)
LEGO Island 2 - The Brickster's Revenge (Norway)	620e5e68	114	LEGO Island 2 - The Brickster's Revenge (USA)
LEGO Island 2 - The Brickster's Revenge (Portugal)	456b787a	116	LEGO Island 2 - The Brickster's Revenge (USA)
LEGO Island 2 - The Brickster's Revenge (Spain)	9881c1fe	113	LEGO Island 2 - The Brickster's Revenge (USA)
LEGO Island 2 - The Brickster's Revenge (Sweden)	cc63c987	114	LEGO Island 2 - The Brickster's Revenge (USA)
LEGO Island 2 - The Brickster's Revenge (USA)	94053331	111	LEGO Island 2 - The Brickster's Revenge (USA)
LEGO Isola 2 - La Rivincita del Briccone (Italy)	669dba2f	114	LEGO Island 2 - The Brickster's Revenge (USA)
LEGO Oen 2 - Kim Cool's Haevn (Denmark)	57239078	105	LEGO Island 2 - The Brickster's Revenge (USA)
LEGO Racers (Europe) (En,Fr,De,Es,It,Nl,Sv,No,Da,Fi)	dcbc8577	118	LEGO Racers (USA) (En,Fr,De,Es,It,Nl,Sv,No,Da,Fi)
LEGO Racers (USA) (En,Fr,De,Es,It,Nl,Sv,No,Da,Fi)	cc678293	115	LEGO Racers (USA) (En,Fr,De,Es,It,Nl,Sv,No,Da,Fi)
LEGO Rock Raiders (Europe) (En,Fr,De,Es,It,Nl,Sv,No,Da,Fi)	fbde5cb8	1665	LEGO Rock Raiders (USA)
LEGO Rock Raiders (Europe) (En,Fr,De,Es,It,Nl,Sv,No,Da,Fi) (Rev 1)	e06dd166	1753	LEGO Rock Raiders (USA)
LEGO Rock Raiders (USA)	bf82b258	1280	LEGO Rock Raiders (USA)
LMA Manager (Europe)	081f5d14	86	LMA Manager (Europe)
LMA Manager 2001 (Europe)	b0a7798b	91	LMA Manager 2001 (Europe)
LMA Manager 2001 (Europe) (Beta) (2001-02-26)	cfc0fdd0	111	LMA Manager 2001 (Europe)
LMA Manager 2002 (Europe)	5b0d3136	91	LMA Manager 2002 (Europe)
LNF Stars 2001 (France)	17be7a7d	89	LNF Stars 2001 (France)
LSD - Dream Emulator (Japan)	40a55db1	94	LSD - Dream Emulator (Japan)
Lady Maid (Japan)	86bf39d0	426	Lady Maid (Japan)
Lagnacure (Japan) (Artdink Best Choice)	843a0331	248	Lagnacure (Japan, Asia)
Lagnacure (Japan, Asia)	bb48cb48	216	Lagnacure (Japan, Asia)
Lagnacure Legend (Japan)	6909ed7a	90	Lagnacure Legend (Japan)
Lake Masters (Japan)	9a085bda	86	Lake Masters (Japan)
Lake Masters 2 - Bass Fishing in Japan (Japan)	797c094e	112	Lake Masters 2 - Bass Fishing in Japan (Japan)
Lake Masters 2 - Bass Fishing in Japan (Japan) (Fukkokuban)	e3fb1000	125	Lake Masters 2 - Bass Fishing in Japan (Japan)
Lake Masters Pro - Nihon Juudan Kuromasu Kikou (Japan)	f907f6d8	120	Lake Masters Pro - Nihon Juudan Kuromasu Kikou (Japan)
Land Before Time, The - Big Water Adventure (Europe)	e520dfc3	274	Land Before Time, The - Big Water Adventure (USA)
Land Before Time, The - Big Water Adventure (USA)	d0998b02	268	Land Before Time, The - Big Water Adventure (USA)
Land Before Time, The - Great Valley Racing Adventure (Korea)	acef9ab9	127	Land Before Time, The - Great Valley Racing Adventure (USA)
Land Before Time, The - Great Valley Racing Adventure (USA)	0045f3df	747	Land Before Time, The - Great Valley Racing Adventure (USA)
Land Before Time, The - Racing Adventure (Europe) (En,Fr,De,Es,It)	eed6a605	942	Land Before Time, The - Racing Adventure (Europe) (En,Fr,De,Es,It)
Land Before Time, The - Return to the Great Valley (Europe)	81183732	125	Land Before Time, The - Return to the Great Valley (USA)
Land Before Time, The - Return to the Great Valley (USA)	205c61d0	122	Land Before Time, The - Return to the Great Valley (USA)
Land Maker (Europe)	537e7dfb	85	Land Maker (Europe)
Land Maker (Japan)	05e56cc6	84	Land Maker (Europe)
Langrisser I & II (Japan)	0f1bbaac	220	Langrisser I & II (Japan)
Langrisser I & II (Japan) (Shokai Gentei Special Package)	ffeb4ff3	284	Langrisser I & II (Japan)
Langrisser IV & V - Final Edition (Japan) (Disc 1) (Langrisser IV Disc)	6ef1e309	477	Langrisser IV & V - Final Edition (Japan) (Disc 1) (Langrisser IV Disc)
Langrisser IV & V - Final Edition (Japan) (Disc 2) (Langrisser V Disc)	a6a76710	638	Langrisser IV & V - Final Edition (Japan) (Disc 1) (Langrisser IV Disc)
Largo Winch - Commando SAR (Europe) (En,De,Es,It)	0ced9c65	115	Largo Winch - Commando SAR (USA)
Largo Winch - Commando SAR (France)	324941f7	101	Largo Winch - Commando SAR (USA)
Largo Winch - Commando SAR (USA)	30f402d2	98	Largo Winch - Commando SAR (USA)
Las Vegas Dream 2 (Japan)	3b8af246	2142	Las Vegas Dream 2 (Japan)
Last Report, The (Europe) (De,Nl)	7101a778	99	Last Report, The (Europe) (De,Nl)
Last Report, The (Europe) (En,De) (Demo)	a785662d	106	Last Report, The (Europe) (De,Nl)
Last Report, The (Europe) (En,Fr)	5e885eb3	99	Last Report, The (Europe) (De,Nl)
Last Report, The (Europe) (Es,It)	8d6fcf41	99	Last Report, The (Europe) (De,Nl)
Last Report, The (Japan)	b6dac589	90	Last Report, The (Europe) (De,Nl)
Lattice - 200EC7 (Japan)	6b93df1a	1529	Lattice - 200EC7 (Japan)
Le Mans 24 Hours (Europe) (En,Fr,De,Es,It,Pt)	a8afb798	111	Le Mans 24 Hours (Europe) (En,Fr,De,Es,It,Pt)
Leading Jockey '99 (Japan)	7f30fafa	92	Leading Jockey '99 (Japan)
Leading Jockey Highbred (Japan)	185deb5d	97	Leading Jockey Highbred (Japan)
Legacy of Kain - Soul Reaver (Europe)	f6f8c0a6	103	Legacy of Kain - Soul Reaver (USA)
Legacy of Kain - Soul Reaver (Europe) (Demo)	0d7a8579	110	Legacy of Kain - Soul Reaver (USA)
Legacy of Kain - Soul Reaver (France)	d0f071a3	103	Legacy of Kain - Soul Reaver (USA)
Legacy of Kain - Soul Reaver (Germany)	2bf02cba	104	Legacy of Kain - Soul Reaver (USA)
Legacy of Kain - Soul Reaver (Italy)	e002740b	102	Legacy of Kain - Soul Reaver (USA)
Legacy of Kain - Soul Reaver (Spain)	bd4685d3	102	Legacy of Kain - Soul Reaver (USA)
Legacy of Kain - Soul Reaver (USA)	6557d49c	100	Legacy of Kain - Soul Reaver (USA)
Legacy of Kain - Soul Reaver (USA) (Beta) (1999-04-14)	caac25e8	120	Legacy of Kain - Soul Reaver (USA)
Legaia Densetsu (Japan)	d9ca6371	89	Legend of Legaia (USA)
Legaia Densetsu (Japan) (Demo 1)	a536713d	98	Legend of Legaia (USA)
Legaia Densetsu (Japan) (Demo 2)	a46b57ec	98	Legend of Legaia (USA)
Legend (Europe)	bdb97d89	2512	Legend (Europe)
Legend of Dragoon, The (Europe) (Disc 1)	a41e1ac8	106	Legend of Dragoon, The (USA, Canada) (Disc 1)
Legend of Dragoon, The (Europe) (Disc 2)	a5433c19	106	Legend of Dragoon, The (USA, Canada) (Disc 1)
Legend of Dragoon, The (Europe) (Disc 3)	1358dc69	106	Legend of Dragoon, The (USA, Canada) (Disc 1)
Legend of Dragoon, The (Europe) (Disc 4)	a7f971bb	106	Legend of Dragoon, The (USA, Canada) (Disc 1)
Legend of Dragoon, The (France) (Disc 1)	16cf21f2	106	Legend of Dragoon, The (USA, Canada) (Disc 1)
Legend of Dragoon, The (France) (Disc 2)	17920723	106	Legend of Dragoon, The (USA, Canada) (Disc 1)
Legend of Dragoon, The (France) (Disc 3)	a189e753	106	Legend of Dragoon, The (USA, Canada) (Disc 1)
Legend of Dragoon, The (France) (Disc 4)	15284a81	106	Legend of Dragoon, The (USA, Canada) (Disc 1)
Legend of Dragoon, The (Germany) (Disc 1)	1d5830c7	107	Legend of Dragoon, The (USA, Canada) (Disc 1)
Legend of Dragoon, The (Germany) (Disc 2)	1c051616	107	Legend of Dragoon, The (USA, Canada) (Disc 1)
Legend of Dragoon, The (Germany) (Disc 3)	aa1ef666	107	Legend of Dragoon, The (USA, Canada) (Disc 1)
Legend of Dragoon, The (Germany) (Disc 4)	1ebf5bb4	107	Legend of Dragoon, The (USA, Canada) (Disc 1)
Legend of Dragoon, The (Italy) (Disc 1)	a414f4cb	105	Legend of Dragoon, The (USA, Canada) (Disc 1)
Legend of Dragoon, The (Italy) (Disc 2)	a549d21a	105	Legend of Dragoon, The (USA, Canada) (Disc 1)
Legend of Dragoon, The (Italy) (Disc 3)	1352326a	105	Legend of Dragoon, The (USA, Canada) (Disc 1)
Legend of Dragoon, The (Italy) (Disc 4)	a7f39fb8	105	Legend of Dragoon, The (USA, Canada) (Disc 1)
Legend of Dragoon, The (Japan) (Demo 1)	7e38109b	248	Legend of Dragoon, The (USA, Canada) (Disc 1)
Legend of Dragoon, The (Japan) (Demo 2)	ffdc0539	248	Legend of Dragoon, The (USA, Canada) (Disc 1)
Legend of Dragoon, The (Japan) (Demo 3)	808009a7	248	Legend of Dragoon, The (USA, Canada) (Disc 1)
Legend of Dragoon, The (Japan, Asia) (Disc 1)	e0d3995d	260	Legend of Dragoon, The (USA, Canada) (Disc 1)
Legend of Dragoon, The (Japan, Asia) (Disc 2)	e1ef5955	260	Legend of Dragoon, The (USA, Canada) (Disc 1)
Legend of Dragoon, The (Japan, Asia) (Disc 3)	e104e6ad	260	Legend of Dragoon, The (USA, Canada) (Disc 1)
Legend of Dragoon, The (Japan, Asia) (Disc 4)	d64abf3c	111	Legend of Dragoon, The (USA, Canada) (Disc 1)
Legend of Dragoon, The (Spain) (Disc 1)	385e497d	105	Legend of Dragoon, The (USA, Canada) (Disc 1)
Legend of Dragoon, The (Spain) (Disc 2)	39036fac	105	Legend of Dragoon, The (USA, Canada) (Disc 1)
Legend of Dragoon, The (Spain) (Disc 3)	8f188fdc	105	Legend of Dragoon, The (USA, Canada) (Disc 1)
Legend of Dragoon, The (Spain) (Disc 4)	3bb9220e	105	Legend of Dragoon, The (USA, Canada) (Disc 1)
Legend of Dragoon, The (USA, Canada) (Disc 1)	1431a134	111	Legend of Dragoon, The (USA, Canada) (Disc 1)
Legend of Dragoon, The (USA, Canada) (Disc 2)	156c87e5	111	Legend of Dragoon, The (USA, Canada) (Disc 1)
Legend of Dragoon, The (USA, Canada) (Disc 3)	a3776795	111	Legend of Dragoon, The (USA, Canada) (Disc 1)
Legend of Dragoon, The (USA, Canada) (Disc 4)	17d6ca47	111	Legend of Dragoon, The (USA, Canada) (Disc 1)
Legend of Foresia - La Contree Interdite (France)	2947ec4b	115	Legend of Foresia - La Contree Interdite (France)
Legend of Heroes I & II, The - Eiyuu Densetsu (Japan)	cb177860	119	Legend of Heroes I & II, The - Eiyuu Densetsu (Japan)
Legend of Heroes III, The - Shiroki Majo - Mou Hitotsu no Eiyuutachi no Monogatari (Japan)	973d56a7	156	Legend of Heroes III, The - Shiroki Majo - Mou Hitotsu no Eiyuutachi no Monogatari (Japan)
Legend of Heroes IV, The - Akai Shizuku (Japan)	061b69ad	113	Legend of Heroes IV, The - Akai Shizuku (Japan)
Legend of Kartia (Europe) (En,Fr,De)	6dad8d27	102	Legend of Kartia (Europe) (En,Fr,De)
Legend of Legaia (Europe)	bc03d0d6	91	Legend of Legaia (USA)
Legend of Legaia (France)	9a0b61d3	91	Legend of Legaia (USA)
Legend of Legaia (Germany)	7bbfa696	92	Legend of Legaia (USA)
Legend of Legaia (Italy)	c4b7456f	90	Legend of Legaia (USA)
Legend of Legaia (Spain)	99f3b4b7	90	Legend of Legaia (USA)
Legend of Legaia (USA)	2ce421dd	88	Legend of Legaia (USA)
Legend of Legaia (USA) (Beta) (1998-11-16)	38dc94a7	108	Legend of Legaia (USA)
Legend of Legaia (USA) (Demo)	d2f4eaf1	95	Legend of Legaia (USA)
Legend of Mana (USA)	6218386f	86	Legend of Mana (USA)
Legend of Mulan (Europe) (En,Fr,De)	a318e30e	101	Legend of Mulan (Europe) (En,Fr,De)
Legend of Pocahontas (Europe) (En,De,Nl)	98d28b48	106	Legend of Pocahontas (Europe) (En,De,Nl)
Lemmings & Oh No! More Lemmings (Europe) (En,Fr,De,Es,It)	4ebc2713	2566	Lemmings & Oh No! More Lemmings (USA)
Lemmings & Oh No! More Lemmings (Europe) (En,Fr,De,Es,It) (Demo)	c5688f2d	614	Lemmings & Oh No! More Lemmings (USA)
Lemmings & Oh No! More Lemmings (USA)	ac99a597	2094	Lemmings & Oh No! More Lemmings (USA)
Lethal Enforcers (Europe)	44a64b01	91	Lethal Enforcers (Europe)
Lethal Enforcers Deluxe Pack (Japan)	a84d6ef8	102	Lethal Enforcers Deluxe Pack (Japan)
Lethal Enforcers I & II (USA)	17de7f26	95	Lethal Enforcers I & II (USA)
LiberoGrande (Europe)	635fdab1	87	LiberoGrande (Europe)
LiberoGrande (Europe) (Demo)	45d754d4	94	LiberoGrande (Europe)
LiberoGrande (Japan)	91bdcf29	86	LiberoGrande (Europe)
LiberoGrande (Japan) (Demo)	b490b534	93	LiberoGrande (Europe)
LiberoGrande 2 (Japan)	041b6ee6	88	LiberoGrande 2 (Japan)
Liberogrande International (Europe) (En,Fr,De,Es,It)	d8685b72	118	Liberogrande International (Europe) (En,Fr,De,Es,It)
Liberogrande International (Europe) (En,Fr,De,Es,It) (Beta) (2001-01-10)	1f335261	138	Liberogrande International (Europe) (En,Fr,De,Es,It)
LifeScape - Seimei 40-okunen Haruka na Tabi (Japan) (Disc 1) (Aquasphere)	192d0ef9	139	LifeScape - Seimei 40-okunen Haruka na Tabi (Japan) (Disc 1) (Aquasphere)
LifeScape - Seimei 40-okunen Haruka na Tabi (Japan) (Disc 2) (Landsphere)	9eabed66	139	LifeScape - Seimei 40-okunen Haruka na Tabi (Japan) (Disc 1) (Aquasphere)
LifeScape 2 - Body Bionics - Kyoui no Shouuchuu Jintai (Japan)	f57074b9	128	LifeScape 2 - Body Bionics - Kyoui no Shouuchuu Jintai (Japan)
Lifeforce Tenka (Europe)	8677d14f	1767	Lifeforce Tenka (Europe)
Lifeforce Tenka (Europe) (Demo)	6a65fec6	607	Lifeforce Tenka (Europe)
Lifeforce Tenka (France)	b9761447	1767	Lifeforce Tenka (Europe)
Lifeforce Tenka (Germany)	35ecfccd	1782	Lifeforce Tenka (Europe)
Lifeforce Tenka (Italy)	c1bba687	1752	Lifeforce Tenka (Europe)
Lifeforce Tenka (Spain)	82cfb639	1752	Lifeforce Tenka (Europe)
Light Fantasy Gaiden - Nya Nyan ga Nyan (Japan)	6c8deb6d	113	Light Fantasy Gaiden - Nya Nyan ga Nyan (Japan)
Lightning Legend - Daigo no Daibouken (Japan)	5e6cfdb7	1368	Lightning Legend - Daigo no Daibouken (Japan)
Linda^3 Again (Japan)	1abd9b74	87	Linda^3 Again (Japan)
Linda^3 Again (Japan) (Demo)	5bd54698	94	Linda^3 Again (Japan)
Linda^3 Again (Japan) (Rev 1)	8e483b36	95	Linda^3 Again (Japan)
Ling Rise (Japan)	db31466f	2334	Ling Rise (Japan)
Lion and the King (Europe) (En,Fr,De)	49f31350	103	Lion and the King (Europe) (En,Fr,De)
Lion and the King 2 (Europe) (En,Fr,De)	9bd64133	105	Lion and the King 2 (Europe) (En,Fr,De)
Liquid Books Adventure 1 - Lety's Favorite Stories (USA)	082bca24	122	Liquid Books Adventure 1 - Lety's Favorite Stories (USA)
Liquid Books Adventure 2 - Amrita's Trees & Cerdito and the Coyote (USA)	7c142473	138	Liquid Books Adventure 2 - Amrita's Trees & Cerdito and the Coyote (USA)
Liquid Books Adventure 3 - Far-Fetched Frontier Tales (USA)	340ab181	125	Liquid Books Adventure 3 - Far-Fetched Frontier Tales (USA)
Liquid Books Adventure 4 - The Adventures of Adelita and Bo (USA)	8a958e24	131	Liquid Books Adventure 4 - The Adventures of Adelita and Bo (USA)
Liquid Books Adventure 5 - Pop-Out Prose (USA)	3c7a858b	112	Liquid Books Adventure 5 - Pop-Out Prose (USA)
Liquid Books Adventure 6 - The Wandering Path (USA)	8a31ac7d	117	Liquid Books Adventure 6 - The Wandering Path (USA)
Little Big Adventure (Europe) (En,Fr,De,Es,It)	14bf3365	3789	Little Big Adventure (Europe) (En,Fr,De,Es,It)
Little Big Adventure (Europe) (En,Fr,De,Es,It) (Beta) (1997-02-05)	ecda5b3e	3869	Little Big Adventure (Europe) (En,Fr,De,Es,It)
Little Big Adventure (Japan)	d99e4196	1212	Little Big Adventure (Europe) (En,Fr,De,Es,It)
Little Lovers - She So Game (Japan) (Disc 1)	439ff81f	110	Little Lovers - She So Game (Japan) (Disc 1)
Little Lovers - She So Game (Japan) (Disc 2)	42c2dece	110	Little Lovers - She So Game (Japan) (Disc 1)
Little Princess - Marl Oukoku no Ningyou-hime 2 (Japan)	7b527c30	121	Little Princess - Marl Oukoku no Ningyou-hime 2 (Japan) (Disc 1) (+1 Tasu Ichi)
Little Princess - Marl Oukoku no Ningyou-hime 2 (Japan) (Demo)	c9cefca0	128	Little Princess - Marl Oukoku no Ningyou-hime 2 (Japan) (Disc 1) (+1 Tasu Ichi)
Little Princess - Marl Oukoku no Ningyou-hime 2 (Japan) (Disc 1) (+1 Tasu Ichi)	6f8b1564	145	Little Princess - Marl Oukoku no Ningyou-hime 2 (Japan) (Disc 1) (+1 Tasu Ichi)
Little Princess - Marl Oukoku no Ningyou-hime 2 (Japan) (Disc 2) (+1 Tasu Ichi)	f6cbf20b	145	Little Princess - Marl Oukoku no Ningyou-hime 2 (Japan) (Disc 1) (+1 Tasu Ichi)
Live Wire! (Europe) (Demo)	75f22f00	582	Live Wire! (Europe) (En,Fr,De,Es,It)
Live Wire! (Europe) (En,Fr,De,Es,It)	79388cee	2340	Live Wire! (Europe) (En,Fr,De,Es,It)
Livro da Selva, O - Uma Festa Divertida (Portugal)	a900d907	116	Walt Disney's The Jungle Book - Rhythm n' Groove (USA)
Loaded (Europe) (En,Fr,De)	407e9c3f	3612	Loaded (USA) (En,Fr)
Loaded (USA) (En,Fr)	b4590371	3432	Loaded (USA) (En,Fr)
Lode Runner (USA)	ca0b0997	3678	Lode Runner (USA)
Lode Runner - The Legend Returns (Japan)	c35d5de3	4437	Lode Runner Extra (Japan)
Lode Runner Extra (Japan)	c2238640	3942	Lode Runner Extra (Japan)
Logic Mahjong Souryuu - Yonin Uchi, Sannin Uchi (Japan)	38e9583e	429	Souryuu (Japan)
Logic Pro Adventure (Japan)	602f9b5f	93	Logic Pro Adventure (Japan)
Logic Puzzle Rainbow Town (Japan)	1b4be7d0	1774	Logic Puzzle Rainbow Town (Japan)
Lomax (Europe) (En,Fr,De,Es,It)	852c5550	3132	Lomax (Europe) (En,Fr,De,Es,It)
Lomax (Europe) (En,Fr,De,Es,It) (Demo)	90af9336	1170	Lomax (Europe) (En,Fr,De,Es,It)
Lomax (Japan)	9e9532ce	2682	Lomax (Europe) (En,Fr,De,Es,It)
London Racer (Europe)	6611ba31	1258	London Racer (Europe)
London Racer II (Europe)	c27d44e9	90	London Racer II (Europe)
London Seirei Tanteidan (Japan)	3702ef0e	97	London Seirei Tanteidan (Japan)
Lone Soldier (Europe)	0834eb1b	1142	Lone Soldier (Europe)
Lone Soldier (Germany)	3d6317c1	1152	Lone Soldier (Europe)
Lone Soldier (Japan)	aa0473ea	1132	Lone Soldier (Europe)
Lone Soldier + Actua Soccer + Total NBA '96 + Mickey's Wild Adventure + Thunderhawk 2 + Assault Rigs (France)	54158aad	1809	Lone Soldier (Europe)
Looney Tunes - Sheep Raider (USA) (En,Fr,Es,Pt)	b274fc5b	113	Looney Tunes - Sheep Raider (USA) (En,Fr,Es,Pt)
Looney Tunes Racing (Europe) (En,Fr,De,Es,It)	3a693e89	111	Looney Tunes Racing (USA) (En,Fr,Es)
Looney Tunes Racing (USA) (En,Fr,Es)	e22e838d	102	Looney Tunes Racing (USA) (En,Fr,Es)
Lord Monarch - Shin Gaia Oukokuki (Japan)	7848630f	522	Lord Monarch - Shin Gaia Oukokuki (Japan)
Lord Monarch - Shin Gaia Oukokuki (Japan) (Major Wave)	1bdfb866	574	Lord Monarch - Shin Gaia Oukokuki (Japan)
Lord of Fist (Japan)	48b44fe8	86	Lord of Fist (Japan)
Lord of Fist (Japan) (Demo)	9606a1b1	93	Lord of Fist (Japan)
Lord of Monsters (Japan)	e94c7053	90	Lord of Monsters (Japan)
Lord of Monsters (Japan) (Demo)	cccb6a6f	97	Lord of Monsters (Japan)
Lord of the Jungle (Europe) (En,Fr,De,Nl)	ed8f63ab	107	Lord of the Jungle (Europe) (En,Fr,De,Nl)
Lost Children - The City of Lost Children (Japan)	5a089537	268	City of Lost Children, The (USA) (En,Es,It)
Lost Sword - Ushinawareta Seiken (Japan)	c2459d52	3627	Lost Sword - Ushinawareta Seiken (Japan)
Lost Vikings 2 - Norse by Norsewest (Europe) (En,Fr,De)	f4011437	121	Lost Vikings 2 - Norse by Norsewest (Europe) (En,Fr,De)
Lost World, The - Jurassic Park (Europe) (En,Fr,De,Es,It,Nl,Sv)	2245a0f3	453	Lost World, The - Jurassic Park (USA)
Lost World, The - Jurassic Park (Europe) (En,Fr,De,Es,It,Nl,Sv) (EDC)	c4d48bd5	471	Lost World, The - Jurassic Park (USA)
Lost World, The - Jurassic Park (Japan)	21d1c10b	381	Lost World, The - Jurassic Park (USA)
Lost World, The - Jurassic Park (USA)	2a6144d3	375	Lost World, The - Jurassic Park (USA)
Lost World, The - Jurassic Park - Special Edition (USA)	7afa5ef4	429	Lost World, The - Jurassic Park (USA)
Louvre - A Maldicao (Portugal) (Disc 1)	7e8cc6be	105	Louvre - The Final Curse (Europe) (Disc 1)
Louvre - A Maldicao (Portugal) (Disc 2)	7fd1e06f	105	Louvre - The Final Curse (Europe) (Disc 1)
Louvre - L'Ultime Malediction (France) (Disc 1)	999b6d4c	113	Louvre - L'Ultime Malediction (France) (Disc 1)
Louvre - L'Ultime Malediction (France) (Disc 2)	98c64b9d	113	Louvre - L'Ultime Malediction (France) (Disc 1)
Louvre - La Maldicion Final (Spain) (Disc 1)	5c552899	110	Louvre - La Maldicion Final (Spain) (Disc 1)
Louvre - La Maldicion Final (Spain) (Disc 2)	5d080e48	110	Louvre - La Maldicion Final (Spain) (Disc 1)
Louvre - La Maledizione Finale (Italy) (Disc 1)	434ccffc	113	Louvre - La Maledizione Finale (Italy) (Disc 1)
Louvre - La Maledizione Finale (Italy) (Disc 2)	4211e92d	113	Louvre - La Maledizione Finale (Italy) (Disc 1)
Louvre - The Final Curse (Europe) (Disc 1)	5b06d0f2	108	Louvre - The Final Curse (Europe) (Disc 1)
Louvre - The Final Curse (Europe) (Disc 2)	5a5bf623	108	Louvre - The Final Curse (Europe) (Disc 1)
Love & Destroy (Japan)	f1d3ba6b	88	Love & Destroy (Japan)
Love Game's - Wai Wai Tennis (Japan)	88beb49a	3519	Love Game's - Wai Wai Tennis (Japan)
Love Game's - Wai Wai Tennis (Japan) (Demo)	1f1f1f07	3708	Love Game's - Wai Wai Tennis (Japan)
Love Game's - Wai Wai Tennis (Japan) (Major Wave)	7521158e	3870	Love Game's - Wai Wai Tennis (Japan)
Love Game's - Wai Wai Tennis (Japan) (Service Price-ban)	88999b4e	4059	Love Game's - Wai Wai Tennis (Japan)
Love Game's - Wai Wai Tennis 2 (Japan)	dd9dd43a	2509	Love Game's - Wai Wai Tennis 2 (Japan)
Love Game's - Wai Wai Tennis 2 (Japan) (Value 1500)	9f6c4d15	2756	Love Game's - Wai Wai Tennis 2 (Japan)
Love Game's - Wai Wai Tennis Plus (Japan)	4d703aea	2294	Love Game's - Wai Wai Tennis Plus (Japan)
Love Hina - Ai wa Kotoba no Naka ni (Japan)	e24f00a6	109	Love Hina - Ai wa Kotoba no Naka ni (Japan)
Love Hina 2 - Kotoba wa Konayuki no You ni (Japan)	331160ac	116	Love Hina 2 - Kotoba wa Konayuki no You ni (Japan)
Love Para - Lovely Tokyo Para-Para Musume (Japan)	92472b81	115	Love Para - Lovely Tokyo Para-Para Musume (Japan)
Love Therapy (Japan)	5a91e903	86	Love Therapy (Japan)
Love^2 Torokko (Japan)	d7da5fbc	1737	Love^2 Torokko (Japan)
Love^2 Torokko (Japan) (Demo)	90c0d8f4	597	Love^2 Torokko (Japan)
LuLu - Un Conte Interactif de Romain Victor-Pujebet (Japan)	342ee4d9	125	LuLu - Un Conte Interactif de Romain Victor-Pujebet (Japan)
Lucifer Ring (Japan)	1bf93187	780	Lucifer Ring (Japan)
Luciferd (Japan)	399a7f9f	82	Luciferd (Japan)
Lucky Luke (Europe) (Demo)	4c2fa29d	92	Lucky Luke (USA)
Lucky Luke (Europe) (En,Fr,De,Es)	7d471ffa	2670	Lucky Luke (USA)
Lucky Luke (Japan)	18438cde	2355	Lucky Luke (USA)
Lucky Luke (USA)	80779779	2313	Lucky Luke (USA)
Lucky Luke - Western Fever (Europe) (En,Fr,De,Es,It,Nl)	2a1b3ba8	121	Lucky Luke - Western Fever (Europe) (En,Fr,De,Es,It,Nl)
Luftwaffe - Deutsch Kuugun o Shiki seyo (Japan)	48252e86	1686	Luftwaffe - Deutsch Kuugun o Shiki seyo (Japan)
Lunar - Silver Star Story (Japan) (Demo)	8b0fbcdf	384	Lunar - Silver Star Story Complete (USA) (Disc 1)
Lunar - Silver Star Story (Japan, Asia) (Disc 1)	f052846e	408	Lunar - Silver Star Story Complete (USA) (Disc 1)
Lunar - Silver Star Story (Japan, Asia) (Disc 2)	a5d790a7	408	Lunar - Silver Star Story Complete (USA) (Disc 1)
Lunar - Silver Star Story Complete (USA) (Demo)	b131e982	405	Lunar - Silver Star Story Complete (USA) (Disc 1)
Lunar - Silver Star Story Complete (USA) (Disc 1)	56813d3c	411	Lunar - Silver Star Story Complete (USA) (Disc 1)
Lunar - Silver Star Story Complete (USA) (Disc 2)	41115319	411	Lunar - Silver Star Story Complete (USA) (Disc 1)
Lunar - Silver Star Story Complete (USA) (The Making of)	d53d108d	432	Lunar - Silver Star Story Complete (USA) (Disc 1)
Lunar 2 - Eternal Blue (Japan) (Demo)	109a1f6c	103	Lunar 2 - Eternal Blue (Japan) (Disc 1)
Lunar 2 - Eternal Blue (Japan) (Disc 1)	39494966	105	Lunar 2 - Eternal Blue (Japan) (Disc 1)
Lunar 2 - Eternal Blue (Japan) (Disc 2)	38146fb7	105	Lunar 2 - Eternal Blue (Japan) (Disc 1)
Lunar 2 - Eternal Blue (Japan) (Disc 3)	8e0f8fc7	105	Lunar 2 - Eternal Blue (Japan) (Disc 1)
Lunar 2 - Eternal Blue Complete (USA) (Demo)	4dd7f116	110	Lunar 2 - Eternal Blue Complete (USA) (Disc 1)
Lunar 2 - Eternal Blue Complete (USA) (Disc 1)	ab2b4a28	112	Lunar 2 - Eternal Blue Complete (USA) (Disc 1)
Lunar 2 - Eternal Blue Complete (USA) (Disc 2)	aa766cf9	112	Lunar 2 - Eternal Blue Complete (USA) (Disc 1)
Lunar 2 - Eternal Blue Complete (USA) (Disc 3)	1c6d8c89	112	Lunar 2 - Eternal Blue Complete (USA) (Disc 1)
Lunar 2 - Eternal Blue Complete (USA) (The Making of)	0b85742a	119	Lunar 2 - Eternal Blue Complete (USA) (Disc 1)
Lunar Wing - Toki o Koeta Seisen (Japan)	5d3fb196	106	Lunar Wing - Toki o Koeta Seisen (Japan)
Lunatic Dawn - Odyssey (Japan)	ab02d8dd	230	Lunatic Dawn - Odyssey (Japan)
Lunatic Dawn III & Susume! Kaizoku Promotion Disc (Japan)	24752f26	284	Lunatic Dawn III (Japan)
Lunatic Dawn III (Japan)	4b33782d	218	Lunatic Dawn III (Japan)
Lupin 3sei (Japan)	c3cb74b4	84	Lupin 3sei (Japan)
Lupin 3sei - Cagliostro no Shiro - Saikai (Japan) (Disc 1)	6d8e8a44	124	Lupin 3sei - Cagliostro no Shiro - Saikai (Japan) (Disc 1)
Lupin 3sei - Cagliostro no Shiro - Saikai (Japan) (Disc 2)	6cd3ac95	124	Lupin 3sei - Cagliostro no Shiro - Saikai (Japan) (Disc 1)
Lupin 3sei - Cagliostro no Shiro - Saikai (Japan) (Disc 3)	dac84ce5	124	Lupin 3sei - Cagliostro no Shiro - Saikai (Japan) (Disc 1)
Lussan Nathhorst Presenterar Riding Star (Sweden)	f1662152	840	Mary King's Riding Star (Europe) (En,Fr,De,Es,It,Nl,Pt)
M&M's - Shell Shocked (Europe)	0f8b5faf	96	M&M's - Shell Shocked (USA)
M&M's - Shell Shocked (France)	2983eeaa	96	M&M's - Shell Shocked (USA)
M&M's - Shell Shocked (Germany)	52d5e781	97	M&M's - Shell Shocked (USA)
M&M's - Shell Shocked (USA)	ce7c4682	93	M&M's - Shell Shocked (USA)
M6 Turbo Racing (France)	5c28d1a4	808	M6 Turbo Racing (France)
MDK (Europe) (Demo)	1ee60d3c	2718	MDK (USA)
MDK (Europe) (En,Fr,De,Es,It)	954d67eb	3702	MDK (USA)
MDK (France) (En,Fr) (PlayMag Demo)	199a36f4	240	MDK (USA)
MDK (Japan)	b8617085	3162	MDK (USA)
MDK (USA)	35b47f57	3102	MDK (USA)
MGG - Manic Game Girl (Korea)	1345697e	95	MGG - Manic Game Girl (Korea)
MLB 2000 (USA)	1f58278e	80	MLB 2000 (USA)
MLB 2000 (USA) (Demo)	2139489c	87	MLB 2000 (USA)
MLB 2001 (USA)	9219c3d6	80	MLB 2001 (USA)
MLB 2001 (USA) (Demo)	c676a9c7	87	MLB 2001 (USA)
MLB 2002 (USA)	deaae97f	80	MLB 2002 (USA)
MLB 2002 (USA) (Demo)	34d78c6b	87	MLB 2002 (USA)
MLB 2003 (USA)	53eb0d27	80	MLB 2003 (USA)
MLB 2003 (USA) (Demo)	d3986d30	87	MLB 2003 (USA)
MLB 2004 (USA)	47ccbc2d	80	MLB 2004 (USA)
MLB 2005 (USA)	ca8d5875	80	MLB 2005 (USA)
MLB 98 (USA)	80fcae60	194	MLB 98 (USA)
MLB 99 (USA)	ca827baa	300	MLB 99 (USA)
MLB Pennant Race (Japan) (Demo)	a5922736	232	MLB Pennant Race (USA)
MLB Pennant Race (USA)	e16d5ed7	214	MLB Pennant Race (USA)
MTB Dirt Cross (Japan)	fd0513aa	88	MTB Dirt Cross (Japan)
MTV Celebrity Deathmatch (Europe) (En,Fr,De,Es,It)	7e3dadfd	116	MTV Celebrity Deathmatch (USA)
MTV Celebrity Deathmatch (USA)	6fc64cd7	96	MTV Celebrity Deathmatch (USA)
MTV Music Generator (USA)	cd1827a8	220	MTV Music Generator (USA)
MTV Sports - Pure Ride (Europe) (En,Fr,De)	f66927a2	254	MTV Sports - Pure Ride (USA)
MTV Sports - Pure Ride (UK) (Demo)	ccd07db0	238	MTV Sports - Pure Ride (USA)
MTV Sports - Pure Ride (USA)	4eb277ee	226	MTV Sports - Pure Ride (USA)
MTV Sports - Pure Ride (USA) (Demo)	f60338e4	101	MTV Sports - Pure Ride (USA)
MTV Sports - Skateboarding featuring Andy Macdonald (Europe)	8e5d2f3d	126	MTV Sports - Skateboarding featuring Andy Macdonald (USA)
MTV Sports - Skateboarding featuring Andy Macdonald (USA)	29179737	123	MTV Sports - Skateboarding featuring Andy Macdonald (USA)
MTV Sports - Snowboarding (Europe)	a734c8a0	238	MTV Sports - Snowboarding (USA)
MTV Sports - Snowboarding (Europe) (Beta) (1999-09-19)	8926a2ed	278	MTV Sports - Snowboarding (USA)
MTV Sports - Snowboarding (Europe) (Demo)	70da608d	252	MTV Sports - Snowboarding (USA)
MTV Sports - Snowboarding (USA)	13e7bbb9	232	MTV Sports - Snowboarding (USA)
MTV Sports - T.J. Lavin's Ultimate BMX (Europe)	0333acf3	113	MTV Sports - T.J. Lavin's Ultimate BMX (USA)
MTV Sports - T.J. Lavin's Ultimate BMX (USA)	2198abef	110	MTV Sports - T.J. Lavin's Ultimate BMX (USA)
Maboroshi Tsukiyo - Tsukiyono Kitan (Japan) (Disc 1)	c56ea486	274	Maboroshi Tsukiyo - Tsukiyono Kitan (Japan) (Disc 1)
Maboroshi Tsukiyo - Tsukiyono Kitan (Japan) (Disc 2)	5ba27644	274	Maboroshi Tsukiyo - Tsukiyono Kitan (Japan) (Disc 1)
Mach GoGoGo (Japan)	650b1294	2262	Speed Racer (USA)
Machine Head (USA)	94b7b856	1225	Machine Head (USA)
Machine Hunter (Europe)	3e5cd0df	1398	Machine Hunter (USA)
Machine Hunter (France)	33aa1902	1398	Machine Hunter (USA)
Machine Hunter (Germany)	5a2a2bfb	1410	Machine Hunter (USA)
Machine Hunter (Italy)	727e707d	1386	Machine Hunter (USA)
Machine Hunter (Spain)	521a4d60	1386	Machine Hunter (USA)
Machine Hunter (USA)	c5243802	1362	Machine Hunter (USA)
Macross Digital Mission VF-X (Japan)	b5316723	242	Macross Digital Mission VF-X (Japan)
Macross Digital Mission VF-X (Japan) (Demo)	2f958876	256	Macross Digital Mission VF-X (Japan)
Macross Digital Mission VF-X (Japan) (Rev 1)	4b0eb7a6	258	Macross Digital Mission VF-X (Japan)
Macross Plus - Game Edition (Japan)	2811239e	240	Macross Plus - Game Edition (Japan)
Macross Plus - Game Edition (Japan) (Demo)	dcbe2425	108	Macross Plus - Game Edition (Japan)
Macross VF-X2 & Patlabor - The Game (Japan) (Demo)	8dea212d	116	Macross VF-X2 (Japan)
Macross VF-X2 (Japan)	0f83c2d4	327	Macross VF-X2 (Japan)
Mad Panic Coaster (Japan)	309388b0	2862	Mad Panic Coaster (Japan)
Mad Stalker - FullMetalForce (Japan)	7b002062	1554	Mad Stalker - FullMetalForce (Japan)
Madden NFL 2000 (Europe)	256a6fdc	90	Madden NFL 2000 (USA)
Madden NFL 2000 (USA)	cccbb0a5	87	Madden NFL 2000 (USA)
Madden NFL 2001 (Europe)	7c0c57b7	90	Madden NFL 2001 (USA)
Madden NFL 2001 (USA)	418a54fd	87	Madden NFL 2001 (USA)
Madden NFL 2002 (USA, Canada)	06883d4e	95	Madden NFL 2002 (USA, Canada)
Madden NFL 2003 (USA)	80789a0c	87	Madden NFL 2003 (USA)
Madden NFL 2004 (USA)	945f2b06	87	Madden NFL 2004 (USA)
Madden NFL 2005 (USA)	191ecf5e	87	Madden NFL 2005 (USA)
Madden NFL 96 (USA) (Proto) (1995-10-25)	a997e722	106	Madden NFL 96 (USA) (Proto) (1995-10-25)
Madden NFL 97 (Europe)	b28fd7e0	88	Madden NFL 97 (USA)
Madden NFL 97 (USA)	25e452d3	85	Madden NFL 97 (USA)
Madden NFL 98 (Europe)	416eb12b	88	Madden NFL 98 (USA)
Madden NFL 98 (USA)	80ead49f	85	Madden NFL 98 (USA)
Madden NFL 98 (USA) (Alt)	aebfe5d4	91	Madden NFL 98 (USA)
Madden NFL 99 (Europe)	18088940	88	Madden NFL 99 (USA)
Madden NFL 99 (USA)	0dab30c7	85	Madden NFL 99 (USA)
Maestromusic, The (Japan)	2f301cb5	220	Maestromusic, The (Japan)
Maestromusic, The (Japan) (Doukonban)	4f3c16f3	244	Maestromusic, The (Japan)
Maestromusic, The - Encore Disc (Japan)	00b72030	248	Maestromusic, The - Encore Disc (Japan)
Maestromusic, The - Merry Christmas (Japan)	af6eccfb	256	Maestromusic, The - Merry Christmas (Japan)
Magic - The Gathering - BattleMage (Europe)	8e1ab23c	5640	Magic - The Gathering - BattleMage (USA)
Magic - The Gathering - BattleMage (France)	8b5c2065	5640	Magic - The Gathering - BattleMage (USA)
Magic - The Gathering - BattleMage (Germany)	02f2b414	5681	Magic - The Gathering - BattleMage (USA)
Magic - The Gathering - BattleMage (USA)	8ebeb7a1	5517	Magic - The Gathering - BattleMage (USA)
Magic Carpet (Europe) (En,Fr,De,Es,Sv)	1e8837e5	1170	Magic Carpet (USA) (En,Fr,De,Es,Sv)
Magic Carpet (Japan)	c0f3652e	1008	Magic Carpet (USA) (En,Fr,De,Es,Sv)
Magic Carpet (USA) (En,Fr,De,Es,Sv)	825927af	1143	Magic Carpet (USA) (En,Fr,De,Es,Sv)
Magic Johnson to Kareem Abdul-Jabbar no Slam 'n Jam '96 (Japan)	80a1e185	129	Magic Johnson to Kareem Abdul-Jabbar no Slam 'n Jam '96 (Japan)
Magical Date - Doki Doki Kokuhaku Daisakusen (Japan)	53ae54a2	274	Magical Date - Doki Doki Kokuhaku Daisakusen (Japan)
Magical Dice Kids (Japan)	68908392	91	Magical Dice Kids (Japan)
Magical Drop (Japan)	2cfb86c0	1477	Magical Drop (Japan)
Magical Drop F - Daibouken mo Rakujanai! (Japan)	4847d507	114	Magical Drop F - Daibouken mo Rakujanai! (Japan)
Magical Drop F - Daibouken mo Rakujanai! (Japan) (Major Wave)	01efde3d	127	Magical Drop F - Daibouken mo Rakujanai! (Japan)
Magical Drop III (Europe) (En,Fr,De,Es,It,Nl) (Disc 1) (Magical Drop III)	73811cf2	139	Magical Drop III (Europe) (En,Fr,De,Es,It,Nl) (Disc 1) (Magical Drop III)
Magical Drop III (Europe) (En,Fr,De,Es,It,Nl) (Disc 2) (Magical Drop +1)	d390605a	138	Magical Drop III (Europe) (En,Fr,De,Es,It,Nl) (Disc 1) (Magical Drop III)
Magical Drop III - Yokubari Tokudaigou! (Japan)	1f5a82e0	113	Magical Drop III - Yokubari Tokudaigou! (Japan)
Magical Drop Plus 1! (Japan)	230bae65	94	Magical Drop (Japan)
Magical Hoppers (Japan)	1ebf0f68	89	Magical Hoppers (Japan)
Magical Medical (Japan)	656c2c27	89	Magical Medical (Japan)
Magical Tetris Challenge (Europe)	47c1f0e7	236	Magical Tetris Challenge (Europe)
Magical Tetris Challenge (Germany)	8c07892f	238	Magical Tetris Challenge (Europe)
Magical Tetris Challenge featuring Mickey (Japan)	580201f8	268	Magical Tetris Challenge featuring Mickey (Japan)
Magical Zunou Power!! Party Selection (Japan)	ae0f7102	111	Magical Zunou Power!! Party Selection (Japan)
Magische Tetris Uitdaging (Netherlands)	c47beeaa	248	Magical Tetris Challenge (Europe)
Mahjong Ganryuu-jima (Japan)	ff260f40	94	Mahjong Ganryuu-jima (Japan)
Mahjong Gokuu Tenjiku (Japan)	cf03ad2d	4942	Mahjong Gokuu Tenjiku (Japan)
Mahjong Gokuu Tenjiku 99 (Japan)	933b9eae	5189	Mahjong Gokuu Tenjiku 99 (Japan)
Mahjong Senjutsu - Andou Mitsuru Pro no Akuukan Sappou (Japan)	f8884908	3750	Mahjong Senjutsu - Andou Mitsuru Pro no Akuukan Sappou (Japan)
Mahjong Station Mazin (Japan)	c0fae143	2090	Mahjong Station Mazin (Japan)
Mahjong Station Mazin (Japan) (Rev 1)	094c0967	2226	Mahjong Station Mazin (Japan)
Mahjong Taikai II Special (Japan)	4e77881c	363	Mahjong Taikai II Special (Japan)
Mahjong Taikai II Special (Japan) (Rev 1)	f9af7b65	387	Mahjong Taikai II Special (Japan)
Mahjong Toriatama Kikou (Japan)	73471896	97	Mahjong Toriatama Kikou (Japan)
Mahjong Uranai Fortuna - Tsuki no Megamitachi (Japan)	913561b3	276	Mahjong Uranai Fortuna - Tsuki no Megamitachi (Japan)
Mahjong Yarou ze! (Japan)	2bc1c8c9	106	Mahjong Yarou ze! (Japan)
Mahjong Youchien Tamago-gumi 2 - Taikai e Ikou! (Japan)	68e8ca85	280	Mahjong Youchien Tamago-gumi 2 - Taikai e Ikou! (Japan)
Mahjong de Asobo (Japan)	e1618443	90	Mahjong de Asobo (Japan)
Mahou Shoujo Fancy CoCo (Japan)	ef6d42be	97	Mahou Shoujo Fancy CoCo (Japan)
Mahou Shoujo Pretty Samy - Part 1 - In the Earth (Japan) (Disc 1) (Episode 23)	9b87507d	144	Mahou Shoujo Pretty Samy - Part 1 - In the Earth (Japan) (Disc 1) (Episode 23)
Mahou Shoujo Pretty Samy - Part 1 - In the Earth (Japan) (Disc 2) (Episode 24)	f0b4b349	144	Mahou Shoujo Pretty Samy - Part 1 - In the Earth (Japan) (Disc 1) (Episode 23)
Mahou Shoujo Pretty Samy - Part 2 - In the Julyhelm (Japan) (Disc 1) (Episode 25)	1a416e1c	147	Mahou Shoujo Pretty Samy - Part 2 - In the Julyhelm (Japan) (Disc 1) (Episode 25)
Mahou Shoujo Pretty Samy - Part 2 - In the Julyhelm (Japan) (Disc 2) (Episode 26)	c48e062b	147	Mahou Shoujo Pretty Samy - Part 2 - In the Julyhelm (Japan) (Disc 1) (Episode 25)
Mahoutsukai ni Naru Houhou (Japan)	c18850fa	7077	Mahoutsukai ni Naru Houhou (Japan)
Mainichi Nekoyoubi (Japan)	b6444035	222	Mainichi Nekoyoubi (Japan)
Majokko Daisakusen - Little Witching Mischiefs (Japan)	56bb2eed	120	Majokko Daisakusen - Little Witching Mischiefs (Japan)
Makeruna! Makendou 2 (Japan)	df02c39d	3672	Makeruna! Makendou 2 (Japan)
Making of Nightruth, The (Japan)	b097b88f	234	Making of Nightruth, The (Japan)
Manager de Liga (Spain)	6459cc25	89	Manager de Liga (Spain)
Manager de Liga (Spain) (Beta) (2000-02-22)	1b14ddab	109	Manager de Liga (Spain)
Manager de Liga 2001 (Spain)	e423eeaf	94	Manager de Liga 2001 (Spain)
Manager de Liga 2002 (Spain)	405d6c6a	94	Manager de Liga 2002 (Spain)
Maniac Moons (USA) (Proto) (1999-02-25)	ca22fe1c	105	Maniac Moons (USA) (Proto) (1999-02-25)
Marble Master (USA)	7a12cb50	208	Marble Master (USA)
Marby Baby Story (Japan)	9669641c	926	Marby Baby Story (Japan)
Marcel Desailly Pro Football (France)	bc639924	103	Marcel Desailly Pro Football (France)
March Madness '98 (USA)	68289754	89	March Madness '98 (USA)
Maria - Kimitachi ga Umareta Wake (Japan) (Demo)	9d324452	114	Maria - Kimitachi ga Umareta Wake (Japan) (Disc 1)
Maria - Kimitachi ga Umareta Wake (Japan) (Disc 1)	843557cf	116	Maria - Kimitachi ga Umareta Wake (Japan) (Disc 1)
Maria - Kimitachi ga Umareta Wake (Japan) (Disc 2)	8568711e	116	Maria - Kimitachi ga Umareta Wake (Japan) (Disc 1)
Maria - Kimitachi ga Umareta Wake (Japan) (Disc 3)	3373916e	116	Maria - Kimitachi ga Umareta Wake (Japan) (Disc 1)
Maria 2 - Jutai Kokuchi no Nazo (Japan) (Demo)	e4cc4ab4	112	Maria 2 - Jutai Kokuchi no Nazo (Japan) (Disc 1)
Maria 2 - Jutai Kokuchi no Nazo (Japan) (Disc 1)	6ba9575c	114	Maria 2 - Jutai Kokuchi no Nazo (Japan) (Disc 1)
Maria 2 - Jutai Kokuchi no Nazo (Japan) (Disc 2)	6af4718d	114	Maria 2 - Jutai Kokuchi no Nazo (Japan) (Disc 1)
Maria 2 - Jutai Kokuchi no Nazo (Japan) (Disc 3)	dcef91fd	114	Maria 2 - Jutai Kokuchi no Nazo (Japan) (Disc 1)
Marie no Atelier - Salburg no Renkinjutsushi (Japan)	935f0537	274	Marie no Atelier - Salburg no Renkinjutsushi (Japan)
Marie no Atelier Plus - Salburg no Renkinjutsushi (Japan)	62f488ad	435	Marie no Atelier Plus - Salburg no Renkinjutsushi (Japan)
Mario Mushano's Hyper Shogi School (Japan)	248b41eb	1070	Mario Mushano's Hyper Shogi School (Japan)
Marionette Company (Japan)	9e3152b6	1555	Marionette Company (Japan)
Marionette Company 2 Chu! (Japan)	e117a631	236	Marionette Company 2 Chu! (Japan)
Marionette Company 2 Chu! (Japan) (Major Wave)	8c044870	262	Marionette Company 2 Chu! (Japan)
Marl Jong!! (Japan)	2a33ccc9	85	Marl Jong!! (Japan)
Marl Jong!! (Japan) (Genteiban)	339537b8	97	Marl Jong!! (Japan)
Marl Oukoku no Ningyou-hime - The Adventure of Puppet Princess (Japan)	a1bf20c3	136	Marl Oukoku no Ningyou-hime - The Adventure of Puppet Princess (Japan)
Marl Oukoku no Ningyou-hime - The Adventure of Puppet Princess (Japan) (Demo)	7eb94efb	143	Marl Oukoku no Ningyou-hime - The Adventure of Puppet Princess (Japan)
Marl Oukoku no Ningyou-hime - The Adventure of Puppet Princess (Japan) (Omake Disc)	87af6c2f	149	Marl Oukoku no Ningyou-hime - The Adventure of Puppet Princess (Japan)
Marl Oukoku no Ningyou-hime - The Adventure of Puppet Princess (Japan) (PSone Books)	e8c19a6d	150	Marl Oukoku no Ningyou-hime - The Adventure of Puppet Princess (Japan)
Marranos en Guerra (Spain)	ef4620a7	342	Marranos en Guerra (Spain)
Martialbeat (Japan)	39a79981	85	Martialbeat (Japan)
Martialbeat 2 (Japan) (Disc 1) (Disc-B)	4be02210	105	Martialbeat 2 (Japan) (Disc 1) (Disc-B)
Martialbeat 2 (Japan) (Disc 1) (Disc-B) (Controller Doukon Set)	4c1d27e5	129	Martialbeat 2 (Japan) (Disc 1) (Disc-B)
Martialbeat 2 (Japan) (Disc 2) (Disc-F)	4b27cc6a	105	Martialbeat 2 (Japan) (Disc 1) (Disc-B)
Martialbeat 2 (Japan) (Disc 2) (Disc-F) (Controller Doukon Set)	e1f8e67a	129	Martialbeat 2 (Japan) (Disc 1) (Disc-B)
Martian Gothic - Unification (Europe) (En,Fr,Es,It)	a1763550	117	Martian Gothic - Unification (USA)
Martian Gothic - Unification (Germany)	8a17a17b	104	Martian Gothic - Unification (USA)
Martian Gothic - Unification (USA)	9001a8b5	100	Martian Gothic - Unification (USA)
Marvel Super Heroes (Europe)	bb3c5a87	94	Marvel Super Heroes (USA)
Marvel Super Heroes (Europe) (Beta) (1996-12-24)	cebb5c2a	114	Marvel Super Heroes (USA)
Marvel Super Heroes (Europe) (Demo)	ada64c8f	101	Marvel Super Heroes (USA)
Marvel Super Heroes (Japan)	ff162381	93	Marvel Super Heroes (USA)
Marvel Super Heroes (USA)	5fe63eed	91	Marvel Super Heroes (USA)
Marvel Super Heroes vs. Street Fighter (Europe)	a57c7df1	113	Marvel Super Heroes vs. Street Fighter (USA)
Marvel Super Heroes vs. Street Fighter (USA)	80736449	110	Marvel Super Heroes vs. Street Fighter (USA)
Marvel Super Heroes vs. Street Fighter - EX Edition (Japan)	ac810ba5	125	Marvel Super Heroes vs. Street Fighter - EX Edition (Japan)
Marvel Super Heroes vs. Street Fighter - EX Edition (Japan) (Taikenban)	5ee3bda5	137	Marvel Super Heroes vs. Street Fighter - EX Edition (Japan)
Marvel vs. Capcom - Clash of Super Heroes (Europe)	2c0c1e33	116	Marvel vs. Capcom - Clash of Super Heroes (USA)
Marvel vs. Capcom - Clash of Super Heroes (USA)	762b575f	113	Marvel vs. Capcom - Clash of Super Heroes (USA)
Marvel vs. Capcom - Clash of Super Heroes - EX Edition (Japan)	e5978e9f	128	Marvel vs. Capcom - Clash of Super Heroes - EX Edition (Japan)
Marvel vs. Capcom - Clash of Super Heroes - EX Edition (Japan) (Demo)	5c1d1609	135	Marvel vs. Capcom - Clash of Super Heroes - EX Edition (Japan)
Mary King's Riding Star (Europe) (En,Fr,De,Es,It,Nl,Pt)	4356759b	1025	Mary King's Riding Star (Europe) (En,Fr,De,Es,It,Nl,Pt)
Mary-Kate and Ashley - Crush Course (Europe)	e980d3a8	258	Mary-Kate and Ashley - Crush Course (USA)
Mary-Kate and Ashley - Crush Course (USA)	127f0c66	252	Mary-Kate and Ashley - Crush Course (USA)
Mary-Kate and Ashley - Magical Mystery Mall (Australia)	2397a4cf	280	Mary-Kate and Ashley - Magical Mystery Mall (USA)
Mary-Kate and Ashley - Magical Mystery Mall (USA)	0e7c1a74	268	Mary-Kate and Ashley - Magical Mystery Mall (USA)
Mary-Kate and Ashley - Winners Circle (Europe)	3694e6a4	262	Mary-Kate and Ashley - Winners Circle (USA)
Mary-Kate and Ashley - Winners Circle (USA)	450b95a3	256	Mary-Kate and Ashley - Winners Circle (USA)
MasMon Kids - The Another World of the Master of Monsters (Japan)	81afedc5	131	MasMon Kids - The Another World of the Master of Monsters (Japan)
MasMon Kids - The Another World of the Master of Monsters (Japan) (Major Wave)	772df8b9	144	MasMon Kids - The Another World of the Master of Monsters (Japan)
Mass Destruction (Europe) (En,Fr,De,Es)	595b99fc	1724	Mass Destruction (USA)
Mass Destruction (USA)	df3181af	1503	Mass Destruction (USA)
Master of Monsters - Akatsuki no Kenjatachi (Japan)	207f0f6a	852	Master of Monsters - Disciples of Gaia (USA)
Master of Monsters - Akatsuki no Kenjatachi (Japan) (Major Wave)	7d51904b	930	Master of Monsters - Disciples of Gaia (USA)
Master of Monsters - Disciples of Gaia (Europe) (En,Fr,De)	309f1e8a	894	Master of Monsters - Disciples of Gaia (USA)
Master of Monsters - Disciples of Gaia (USA)	edf2870d	810	Master of Monsters - Disciples of Gaia (USA)
Masters - Shin Harukanaru Augusta (Japan)	dc94d9d9	5014	Masters - Shin Harukanaru Augusta (Japan)
Masters Fighter, The (Japan)	354fec11	2442	Masters Fighter, The (Japan)
Mat Hoffman's Pro BMX (Europe, Australia)	134354c0	107	Mat Hoffman's Pro BMX (USA)
Mat Hoffman's Pro BMX (France)	085521a5	96	Mat Hoffman's Pro BMX (USA)
Mat Hoffman's Pro BMX (Germany)	c24b2cdf	97	Mat Hoffman's Pro BMX (USA)
Mat Hoffman's Pro BMX (Japan)	21968649	95	Mat Hoffman's Pro BMX (USA)
Mat Hoffman's Pro BMX (USA)	0acb1bcd	93	Mat Hoffman's Pro BMX (USA)
Match Golf, The (Japan)	7d5a445b	2342	Match Golf, The (Japan)
Matsukata Hiroki no World Fishing (Japan)	6170f373	107	Matsukata Hiroki no World Fishing (Japan)
Matsukata Hiroki no World Fishing (Japan) (BPS the Choice)	4621773f	124	Matsukata Hiroki no World Fishing (Japan)
Matsumoto Reiji 999 - Story of Galaxy Express 999 (Japan) (Disc 1)	fde2bb05	302	Matsumoto Reiji 999 - Story of Galaxy Express 999 (Japan) (Disc 1)
Matsumoto Reiji 999 - Story of Galaxy Express 999 (Japan) (Disc 2)	228e91a2	302	Matsumoto Reiji 999 - Story of Galaxy Express 999 (Japan) (Disc 1)
Mawatte Mucho! (Japan)	637ee335	88	Mawatte Mucho! (Japan)
Mawatte Mucho! (Japan) (Demo)	e65acae4	95	Mawatte Mucho! (Japan)
Max Power Racing (Europe)	22ca8fa3	1053	Max Power Racing (Europe)
Max Surfing 2000 (Japan)	f0450eb0	2124	Max Surfing 2000 (Japan)
Max Surfing 2nd (Japan)	d83f9399	2814	Max Surfing 2nd (Japan)
MaxRacer (Japan)	4f81ad80	1314	MaxRacer (Japan)
Maximum Force (Europe) (En,Fr,Es,It)	30f76098	102	Maximum Force (USA)
Maximum Force (USA)	dc8f60e8	85	Maximum Force (USA)
Maximum Force (USA) (Beta) (1997-08-01)	3908d43f	105	Maximum Force (USA)
Maze Heroes - Meikyuu Densetsu (Japan)	63a66752	104	Maze Heroes - Meikyuu Densetsu (Japan)
MechWarrior 2 - 31st Century Combat - Arcade Combat Edition (Europe)	2bfad2b3	1612	MechWarrior 2 - 31st Century Combat - Arcade Combat Edition (USA)
MechWarrior 2 - 31st Century Combat - Arcade Combat Edition (USA)	d1204ce0	1582	MechWarrior 2 - 31st Century Combat - Arcade Combat Edition (USA)
MechWarrior 2 - Arcade Combat Edition (Japan)	e3dea926	1382	MechWarrior 2 - Arcade Combat Edition (Japan)
MechWarrior 2 - Combat au 31ieme Siecle (France)	bf3fe01f	1412	MechWarrior 2 - Combat au 31ieme Siecle (France)
MechWarrior 2 - Kampfspiel des 31. Jahrhunderts - Arcade Combat Edition (Germany)	f9c3541f	1742	MechWarrior 2 - Kampfspiel des 31. Jahrhunderts - Arcade Combat Edition (Germany)
Medal of Honor (Europe)	c4c08212	89	Medal of Honor (USA)
Medal of Honor (France)	e2c83317	89	Medal of Honor (USA)
Medal of Honor (Germany)	e7ce636d	90	Medal of Honor (USA)
Medal of Honor (USA)	0f29bbc3	86	Medal of Honor (USA)
Medal of Honor (USA) (Beta) (1999-10-26)	bbd2c91f	106	Medal of Honor (USA)
Medal of Honor - Resistance (France)	623bd491	102	Medal of Honor - Resistance (France)
Medal of Honor - Underground (Europe)	c6f97a6e	103	Medal of Honor - Underground (USA)
Medal of Honor - Underground (Germany)	be7f6782	104	Medal of Honor - Underground (USA)
Medal of Honor - Underground (USA)	fe0c7c7e	100	Medal of Honor - Underground (USA)
Medarot R (Japan)	78389dd9	537	Medarot R (Japan)
Medarot R - Parts Collection (Japan)	f84c75c4	502	Medarot R - Parts Collection (Japan)
MediEvil (Europe)	c3bde271	204	MediEvil (USA)
MediEvil (Europe) (Beta) (1998-05-07) (v0.29)	2595f43c	260	MediEvil (USA)
MediEvil (Europe) (Beta) (1998-06-06) (v0.28)	659d4c8f	260	MediEvil (USA)
MediEvil (Europe) (Beta) (1998-06-29) (v0.32)	581f369f	260	MediEvil (USA)
MediEvil (Europe) (Beta) (1998-07-09) (v0.35)	e8adee14	260	MediEvil (USA)
MediEvil (Europe) (Beta) (1998-07-14) (v0.36)	d30e0dae	260	MediEvil (USA)
MediEvil (Europe) (Beta) (1998-07-22) (v0.38)	118b5f62	260	MediEvil (USA)
MediEvil (Europe) (Beta) (1998-07-22) (v0.40)	b80558d7	260	MediEvil (USA)
MediEvil (Europe) (Beta) (1998-07-24) (v0.39)	b320342a	260	MediEvil (USA)
MediEvil (Europe) (Beta) (1998-07-30) (v0.41)	4ca101e4	260	MediEvil (USA)
MediEvil (Europe) (Beta) (1998-07-30) (v0.41B)	fbc7127d	262	MediEvil (USA)
MediEvil (Europe) (Beta) (1998-07-31) (v0.41C)	a1f9e240	262	MediEvil (USA)
MediEvil (Europe) (Beta) (1998-07-31) (v0.41D)	e7b18c8e	262	MediEvil (USA)
MediEvil (Europe) (Beta) (1998-07-31) (v0.44a)	39623c39	262	MediEvil (USA)
MediEvil (France)	92837013	204	MediEvil (USA)
MediEvil (Germany)	13d9eb69	206	MediEvil (USA)
MediEvil (Italy)	a2802c30	202	MediEvil (USA)
MediEvil (Spain)	3d1fd7f8	202	MediEvil (USA)
MediEvil (USA)	9de8722d	198	MediEvil (USA)
MediEvil (USA) (Beta) (1998-05-07)	9b499acc	238	MediEvil (USA)
MediEvil (USA) (Beta) (1998-06-22)	be50ba0c	238	MediEvil (USA)
MediEvil (USA) (Beta) (1998-07-04)	2957a16f	238	MediEvil (USA)
MediEvil (USA) (Beta) (1998-07-17)	8d5edbab	238	MediEvil (USA)
MediEvil (USA) (Beta) (1998-08-19)	503e15d7	238	MediEvil (USA)
MediEvil (USA) (Demo)	edcd03a7	87	MediEvil (USA)
MediEvil (USA) (Demo) (Rev 1)	2bcbf31e	95	MediEvil (USA)
MediEvil - Yomigaetta Gallowmere no Yuusha (Japan)	3044a812	270	MediEvil (USA)
MediEvil 2 (Europe) (En,Fr,De)	5bca1bf5	230	MediEvil 2 (Europe) (En,Fr,De)
MediEvil 2 (Europe) (Es,It,Pt)	4d327ea7	230	MediEvil 2 (Europe) (En,Fr,De)
MediEvil 2 (Europe) (Es,It,Pt) (Demo)	489d9176	244	MediEvil 2 (Europe) (En,Fr,De)
MediEvil 2 (Russia)	9c72f36a	208	MediEvil 2 (Europe) (En,Fr,De)
MediEvil Collector's Edition (UK) (Demo)	3b72acd0	250	MediEvil (USA)
MediEvil II (USA)	66953ab3	204	MediEvil II (USA)
MediEvil Special (France) (Demo)	655e629e	234	MediEvil Special (France) (Demo)
Mega Man - Battle & Chase (Europe)	4746826a	100	Mega Man - Battle & Chase (Europe)
Mega Man 8 (Europe)	9bea02de	321	Mega Man 8 (USA)
Mega Man 8 (USA)	7d2dc696	312	Mega Man 8 (USA)
Mega Man Legends (Europe)	04dc6b55	220	Mega Man Legends (USA)
Mega Man Legends (USA)	9e88194d	214	Mega Man Legends (USA)
Mega Man Legends 2 (Europe)	c7138d21	224	Mega Man Legends 2 (USA)
Mega Man Legends 2 (USA)	e688de66	218	Mega Man Legends 2 (USA)
Mega Man Legends 2 (USA) (Demo)	7ccf5d58	232	Mega Man Legends 2 (USA)
Mega Man X3 (Europe)	d9d4a95a	3662	Mega Man X3 (Europe)
Mega Man X4 (Europe)	5d808acb	210	Mega Man X4 (USA)
Mega Man X4 (USA)	46f5d659	83	Mega Man X4 (USA)
Mega Man X5 (Europe)	32140c03	86	Mega Man X5 (USA)
Mega Man X5 (USA)	cbb43201	83	Mega Man X5 (USA)
Mega Man X6 (Europe)	d9be44be	86	Mega Man X6 (USA)
Mega Man X6 (Korea)	d999456d	85	Mega Man X6 (USA)
Mega Man X6 (USA)	870718a8	83	Mega Man X6 (USA)
Mega Man X6 (USA) (Rev 1)	f4c37bb8	91	Mega Man X6 (USA)
Megami Ibunroku - Persona - Be Your True Mind (Japan)	c641afab	119	Persona (USA)
Megami Ibunroku - Persona - Be Your True Mind (Japan) (Rev 1)	230c95fd	127	Persona (USA)
Megatudo 2096 (Japan)	16d4ded8	87	Megatudo 2096 (Japan)
Meguri Ai shite (Japan)	b41fd30d	333	Meguri Ai shite (Japan)
Meisha Retsuden - Greatest 70's (Japan)	7cc64a35	105	Meisha Retsuden - Greatest 70's (Japan)
Meisha Retsuden - Greatest 70's (Japan) (Rev 1)	115c8e5b	113	Meisha Retsuden - Greatest 70's (Japan)
Meitantei Conan (Japan)	1d095126	89	Meitantei Conan (Japan)
Meitantei Conan - 3-nin no Meisuiri (Japan)	7e52b854	109	Meitantei Conan - 3-nin no Meisuiri (Japan)
Meitantei Conan - 3-nin no Meisuiri (Japan) (Demo)	0b9038c6	116	Meitantei Conan - 3-nin no Meisuiri (Japan)
Meitantei Conan - Saikou no Partner (Japan)	db7b2718	109	Meitantei Conan - Saikou no Partner (Japan)
Meitantei Conan - Trick Trick Vol. 0 - Meikyuu no Crossroad Special Disc (Japan)	e7dcb015	146	Meitantei Conan - Trick Trick Vol. 1 (Japan)
Meitantei Conan - Trick Trick Vol. 1 (Japan)	0d3443cb	110	Meitantei Conan - Trick Trick Vol. 1 (Japan)
MeltyLancer - Ginga Shoujo Keisatsu 2086 (Japan)	16fe5603	976	MeltyLancer - Ginga Shoujo Keisatsu 2086 (Japan)
MeltyLancer - Re-inforce (Japan) (Demo)	98d740e0	105	MeltyLancer - Re-inforce (Japan) (Disc 1)
MeltyLancer - Re-inforce (Japan) (Disc 1)	7fa0716d	387	MeltyLancer - Re-inforce (Japan) (Disc 1)
MeltyLancer - Re-inforce (Japan) (Disc 2)	84d3bea3	252	MeltyLancer - Re-inforce (Japan) (Disc 1)
MeltyLancer - The 3rd Planet (Japan) (Disc 1)	ffe6ea12	260	MeltyLancer - The 3rd Planet (Japan) (Disc 1)
MeltyLancer - The 3rd Planet (Japan) (Disc 2)	feda2a1a	260	MeltyLancer - The 3rd Planet (Japan) (Disc 1)
Memorial Series - Sunsoft Vol. 1 (Japan)	e44e8c38	106	Memorial Series - Sunsoft Vol. 1 (Japan)
Memorial Series - Sunsoft Vol. 2 (Japan)	40300efd	106	Memorial Series - Sunsoft Vol. 2 (Japan)
Memorial Series - Sunsoft Vol. 3 (Japan)	95357281	106	Memorial Series - Sunsoft Vol. 3 (Japan)
Memorial Series - Sunsoft Vol. 4 (Japan)	d3bc0d36	106	Memorial Series - Sunsoft Vol. 4 (Japan)
Memorial Series - Sunsoft Vol. 5 (Japan)	06b9714a	106	Memorial Series - Sunsoft Vol. 5 (Japan)
Memorial Series - Sunsoft Vol. 6 (Japan)	a2c7f38f	106	Memorial Series - Sunsoft Vol. 6 (Japan)
Memories Off (Japan)	a66a4743	86	Memories Off (Japan)
Memories Off 2nd (Japan) (Disc 1)	040ea084	236	Memories Off 2nd (Japan) (Disc 1)
Memories Off 2nd (Japan) (Disc 1) (Shokai Genteiban)	7eb1b892	274	Memories Off 2nd (Japan) (Disc 1)
Memories Off 2nd (Japan) (Disc 2)	59fa9a1e	363	Memories Off 2nd (Japan) (Disc 1)
Memories Off 2nd (Japan) (Disc 2) (Shokai Genteiban)	87b5b0bd	420	Memories Off 2nd (Japan) (Disc 1)
Memories Off 2nd (Japan) (Disc 3) (Making Disc) (Shokai Genteiban)	3df5c84b	302	Memories Off 2nd (Japan) (Disc 1)
Men in Black - The Game (Europe)	fb26ed52	98	Men in Black - The Game (Europe)
Men in Black - The Game (France)	dd2e5c57	98	Men in Black - The Game (Europe)
Men in Black - The Game (Germany)	912dc492	99	Men in Black - The Game (Europe)
Men in Black - The Game (Italy)	5345be81	97	Men in Black - The Game (Europe)
Men in Black - The Series - Crashdown (Europe)	befe7159	112	Men in Black - The Series - Crashdown (USA)
Men in Black - The Series - Crashdown (France)	98f6c05c	112	Men in Black - The Series - Crashdown (USA)
Men in Black - The Series - Crashdown (Germany)	06bac586	113	Men in Black - The Series - Crashdown (USA)
Men in Black - The Series - Crashdown (Italy)	5485c0ac	111	Men in Black - The Series - Crashdown (USA)
Men in Black - The Series - Crashdown (Spain)	09c13174	111	Men in Black - The Series - Crashdown (USA)
Men in Black - The Series - Crashdown (USA)	bcbbdbc2	109	Men in Black - The Series - Crashdown (USA)
Menkyo o Torou (Japan)	e3035e2c	330	Menkyo o Torou (Japan)
Menkyo o Torou (Japan) (Demo 1)	9cc549e6	97	Menkyo o Torou (Japan)
Menkyo o Torou (Japan) (Demo 2)	9d986f37	97	Menkyo o Torou (Japan)
Meremanoid (Japan)	2cb5b87e	84	Meremanoid (Japan)
Meremanoid (Japan) (Demo)	9bad82f2	91	Meremanoid (Japan)
Mermaid no Kisetsu (Japan) (Disc 1)	6f973d5b	101	Mermaid no Kisetsu (Japan) (Disc 1)
Mermaid no Kisetsu (Japan) (Disc 2)	6eca1b8a	101	Mermaid no Kisetsu (Japan) (Disc 1)
Mermaid no Kisetsu (Japan) (Disc 3)	d8d1fbfa	101	Mermaid no Kisetsu (Japan) (Disc 1)
Mermaid no Kisetsu - Curtain Call (Japan) (Disc 1)	19961435	116	Mermaid no Kisetsu - Curtain Call (Japan) (Disc 1)
Mermaid no Kisetsu - Curtain Call (Japan) (Disc 2)	229b2209	1432	Mermaid no Kisetsu - Curtain Call (Japan) (Disc 1)
Merriment Carrying Caravan (Japan)	9da4905f	238	Merriment Carrying Caravan (Japan)
Meru Purana (Japan)	888068b1	2376	Meru Purana (Japan)
Meta-Ph-List Mu.X.2297 (Japan) (Disc 1)	205d5228	105	Meta-Ph-List Mu.X.2297 (Japan) (Disc 1)
Meta-Ph-List Mu.X.2297 (Japan) (Disc 2)	210074f9	105	Meta-Ph-List Mu.X.2297 (Japan) (Disc 1)
Metal Angel 3 (Japan) (Disc 1)	bc83fe15	96	Metal Angel 3 (Japan) (Disc 1)
Metal Angel 3 (Japan) (Disc 2)	bdded8c4	96	Metal Angel 3 (Japan) (Disc 1)
Metal Fist (Japan)	a75cfc59	3033	Metal Fist (Japan)
Metal Gear Solid (Asia) (Demo)	556035d6	96	Metal Gear Solid (USA) (Disc 1)
Metal Gear Solid (Europe) (Demo 1)	3e200cee	100	Metal Gear Solid (USA) (Disc 1)
Metal Gear Solid (Europe) (Demo 2)	3f7d2a3f	100	Metal Gear Solid (USA) (Disc 1)
Metal Gear Solid (Europe) (Disc 1)	18927a1c	100	Metal Gear Solid (USA) (Disc 1)
Metal Gear Solid (Europe) (Disc 2)	19cf5ccd	100	Metal Gear Solid (USA) (Disc 1)
Metal Gear Solid (France) (Disc 1)	aa434126	100	Metal Gear Solid (USA) (Disc 1)
Metal Gear Solid (France) (Disc 2)	ab1e67f7	100	Metal Gear Solid (USA) (Disc 1)
Metal Gear Solid (Germany) (Disc 1)	9c5aaa6a	101	Metal Gear Solid (USA) (Disc 1)
Metal Gear Solid (Germany) (Disc 2)	9d078cbb	101	Metal Gear Solid (USA) (Disc 1)
Metal Gear Solid (Italy) (Disc 1)	4ef73a7a	99	Metal Gear Solid (USA) (Disc 1)
Metal Gear Solid (Italy) (Disc 2)	4faa1cab	99	Metal Gear Solid (USA) (Disc 1)
Metal Gear Solid (Japan) (Demo 1)	f1b2bff5	99	Metal Gear Solid (USA) (Disc 1)
Metal Gear Solid (Japan) (Demo 2)	f0ef9924	99	Metal Gear Solid (USA) (Disc 1)
Metal Gear Solid (Japan) (Disc 1) (Ichi)	c62e2514	106	Metal Gear Solid (USA) (Disc 1)
Metal Gear Solid (Japan) (Disc 2) (Ni)	a3edab77	104	Metal Gear Solid (USA) (Disc 1)
Metal Gear Solid (Japan, Asia) (Disc 1) (Ichi) (Premium Package)	88dcf916	130	Metal Gear Solid (USA) (Disc 1)
Metal Gear Solid (Japan, Asia) (Disc 2) (Ni) (Premium Package)	ae39ac80	128	Metal Gear Solid (USA) (Disc 1)
Metal Gear Solid (Spain) (Disc 1)	d2bd87cc	99	Metal Gear Solid (USA) (Disc 1)
Metal Gear Solid (Spain) (Disc 1) (Rev 1)	f240a384	107	Metal Gear Solid (USA) (Disc 1)
Metal Gear Solid (Spain) (Disc 2)	d3e0a11d	99	Metal Gear Solid (USA) (Disc 1)
Metal Gear Solid (Spain) (Disc 2) (Rev 1)	19eaeb39	107	Metal Gear Solid (USA) (Disc 1)
Metal Gear Solid (USA) (Demo)	2c5cd004	95	Metal Gear Solid (USA) (Disc 1)
Metal Gear Solid (USA) (Disc 1)	9fb64b2e	97	Metal Gear Solid (USA) (Disc 1)
Metal Gear Solid (USA) (Disc 1) (Rev 1)	f2ac185c	105	Metal Gear Solid (USA) (Disc 1)
Metal Gear Solid (USA) (Disc 2)	9eeb6dff	97	Metal Gear Solid (USA) (Disc 1)
Metal Gear Solid (USA) (Disc 2) (Rev 1)	190650e1	105	Metal Gear Solid (USA) (Disc 1)
Metal Gear Solid - Integral (Japan, Asia) (Disc 3) (VR-Disc)	fa9f5f13	126	Metal Gear Solid - Integral (Japan, Asia) (En,Ja) (Disc 1)
Metal Gear Solid - Integral (Japan, Asia) (En,Ja) (Disc 1)	67125893	124	Metal Gear Solid - Integral (Japan, Asia) (En,Ja) (Disc 1)
Metal Gear Solid - Integral (Japan, Asia) (En,Ja) (Disc 2)	664f7e42	124	Metal Gear Solid - Integral (Japan, Asia) (En,Ja) (Disc 1)
Metal Gear Solid - Special Missions (Europe) (En,Fr,De,Es,It)	15c71538	127	Metal Gear Solid - VR Missions (USA)
Metal Gear Solid - VR Missions (USA)	7a5818df	102	Metal Gear Solid - VR Missions (USA)
Metal Gear Solid - VR Missions (USA) (Demo)	5d4f18d6	109	Metal Gear Solid - VR Missions (USA)
Metal Jacket (Japan)	506bf736	86	Metal Jacket (Japan)
Metal Slug - Super Vehicle-001 (Japan, Asia)	e8bb9803	110	Metal Slug - Super Vehicle-001 (Japan, Asia)
Metal Slug X (Europe)	2121cffe	87	Metal Slug X (USA)
Metal Slug X (USA)	e56f7d46	84	Metal Slug X (USA)
Metal Slug X - Super Vehicle-001 (Japan, Asia)	ec786d9e	112	Metal Slug X - Super Vehicle-001 (Japan, Asia)
Metamor Panic - Doki Doki Youma Busters!! (Japan)	f6174ff8	697	Metamor Panic - Doki Doki Youma Busters!! (Japan)
Mezase! Meimon Yakyuubu (Japan)	803cf0a9	97	Mezase! Meimon Yakyuubu (Japan)
Mezase! Senkyuu-ou (Japan)	817ea64f	92	Mezase! Senkyuu-ou (Japan)
Mezase! Skymark - Challenge Airline Pilot (Japan)	dc582e05	115	Mezase! Skymark - Challenge Airline Pilot (Japan)
Michael Owen's World League Soccer '99 (Europe) (En,Fr,It)	54db35c9	1046	Michael Owen's World League Soccer '99 (Europe) (En,Fr,It)
Michael Schumacher Racing World Kart 2002 (Europe) (En,Fr,De,Es,It)	198df936	1764	Michael Schumacher Racing World Kart 2002 (Europe) (En,Fr,De,Es,It)
Michelin Rally Masters - Race of Champions (Europe) (En,De,Sv)	1bced994	294	Michelin Rally Masters - Race of Champions (USA) (En,Fr,Es)
Michelin Rally Masters - Race of Champions (Europe) (Fr,Es,It)	795ef898	294	Michelin Rally Masters - Race of Champions (USA) (En,Fr,Es)
Michelin Rally Masters - Race of Champions (USA) (En,Fr,Es)	f5d68445	288	Michelin Rally Masters - Race of Champions (USA) (En,Fr,Es)
Michinoku Hitou Koi Monogatari Kai (Japan)	421447ae	108	Michinoku Hitou Koi Monogatari Kai (Japan)
Mickey's Wild Adventure (Europe)	52f087f8	3538	Mickey's Wild Adventure (Europe)
Mickey's Wild Adventure (Europe) (EDC)	f25d723b	3706	Mickey's Wild Adventure (Europe)
Micro Machines (Japan)	3302275a	88	Micro Machines (Japan)
Micro Machines V3 (Europe) (En,Fr,De,Es,It)	6e424f7e	109	Micro Machines V3 (USA)
Micro Machines V3 (Europe) (En,Fr,De,Es,It) (EDC)	f02dabca	115	Micro Machines V3 (USA)
Micro Machines V3 (USA)	89af9c30	89	Micro Machines V3 (USA)
Micro Maniacs (Europe) (En,Fr,De,Es,It)	2a433b9b	248	Micro Maniacs (Europe) (En,Fr,De,Es,It)
Midnight Run - Road Fighter 2 (Europe)	90d05e86	104	Midnight Run - Road Fighter 2 (Europe)
Midnight Run - Road Fighter 2 (Japan) (En,Ja)	5aa780ff	111	Midnight Run - Road Fighter 2 (Europe)
Midnight in Vegas (Europe) (En,Fr,De)	33fd3c49	103	Midnight in Vegas (Europe) (En,Fr,De)
Midnight in Vegas (Europe) (En,Fr,De) (Rev 1)	d105d763	111	Midnight in Vegas (Europe) (En,Fr,De)
Midori no Makibao - Kuroi Inazuma Shiroi Kiseki (Japan)	f12604d2	121	Midori no Makibao - Kuroi Inazuma Shiroi Kiseki (Japan)
Mighty Hits (Japan)	ef22dc35	85	Mighty Hits (Japan)
Mighty Hits Special (Europe) (En,Fr,De)	03d23c30	105	Mighty Hits Special (Europe) (En,Fr,De)
Mighty Hits Special (Japan)	a5851543	93	Mighty Hits Special (Europe) (En,Fr,De)
Mikagura Shoujo Tanteidan & Neko Zamurai (Japan) (Demo)	134a70e3	121	Mikagura Shoujo Tanteidan (Japan) (Disc 1) (Honpen Disc Ichi)
Mikagura Shoujo Tanteidan (Japan) (Disc 1) (Honpen Disc Ichi)	6b8feb37	127	Mikagura Shoujo Tanteidan (Japan) (Disc 1) (Honpen Disc Ichi)
Mikagura Shoujo Tanteidan (Japan) (Disc 2) (Honpen Disc Ni)	79e9c017	125	Mikagura Shoujo Tanteidan (Japan) (Disc 1) (Honpen Disc Ichi)
Mikagura Shoujo Tanteidan (Japan) (Disc 3) (Intermission Disc)	5054f743	128	Mikagura Shoujo Tanteidan (Japan) (Disc 1) (Honpen Disc Ichi)
Mikagura Shoujo Tanteidan (Japan) (Disc 4) (Special Disc)	40e43a69	123	Mikagura Shoujo Tanteidan (Japan) (Disc 1) (Honpen Disc Ichi)
Mike Tyson Boxing (Europe) (En,Fr,De,Es,It)	5945eb00	109	Mike Tyson Boxing (USA) (En,Fr,Es)
Mike Tyson Boxing (USA) (En,Fr,Es)	2cf0d61a	100	Mike Tyson Boxing (USA) (En,Fr,Es)
Milano no Arbeit Collection (Japan)	8e5a8e38	101	Milano no Arbeit Collection (Japan)
Milky Season (Japan)	60120efd	86	Milky Season (Japan)
Mille Miglia (Europe) (En,Fr,De,Es,It)	aca396a9	906	Mille Miglia (Europe) (En,Fr,De,Es,It)
Millennium Soldier - Expendable (Europe) (En,Fr,De,Es,It)	3e3e8fee	2718	Millennium Soldier - Expendable (Europe) (En,Fr,De,Es,It)
Million Classic (Japan) (Disc 1) (Honpen Game Sen'you)	96dea532	278	Million Classic (Japan) (Disc 1) (Honpen Game Sen'you)
Million Classic (Japan) (Disc 1) (Honpen Game Sen'you) (Nescafe-ban)	cfb40643	306	Million Classic (Japan) (Disc 1) (Honpen Game Sen'you)
Million Classic (Japan) (Disc 2) (Taisen Game Sen'you)	74125d96	278	Million Classic (Japan) (Disc 1) (Honpen Game Sen'you)
Million Classic (Japan) (Disc 2) (Taisen Game Sen'you) (Nescafe-ban)	5084376d	306	Million Classic (Japan) (Disc 1) (Honpen Game Sen'you)
Millionen Show, Die (Austria)	f428b3c5	95	Who Wants to Be a Millionaire (Europe)
Minakata Hakudou Toujou (Japan) (Disc 1)	54c92cab	250	Minakata Hakudou Toujou (Japan) (Disc 1)
Minakata Hakudou Toujou (Japan) (Disc 2)	0972ef55	250	Minakata Hakudou Toujou (Japan) (Disc 1)
Mini Yonku Bakusou Kyoudai Let's & Go!! WGP Hyper Heat (Japan)	4a01b64c	128	Mini Yonku Bakusou Kyoudai Let's & Go!! WGP Hyper Heat (Japan)
Mini-Moni. Dice de Pyon! (Japan)	108fa905	98	Mini-Moni. Dice de Pyon! (Japan)
Mini-Moni. Shakatto Tambourine! da Pyon! (Japan)	b3fd5653	114	Mini-Moni. Shakatto Tambourine! da Pyon! (Japan)
Mini-Moni. Shakatto Tambourine! da Pyon! (Japan) (Doukonban)	46bbeae6	126	Mini-Moni. Shakatto Tambourine! da Pyon! (Japan)
Mini-Moni. Step Pyon Pyon Pyon (Japan)	e9223dd5	104	Mini-Moni. Step Pyon Pyon Pyon (Japan)
Minna Atsumare! Igo Kyoushitsu (Japan)	2dfe8a29	104	Minna Atsumare! Igo Kyoushitsu (Japan)
Minna no Golf (Japan) (Demo)	43b2d4a8	94	Minna no Golf (Japan, Asia)
Minna no Golf (Japan, Asia)	a92de2bf	93	Minna no Golf (Japan, Asia)
Minna no Golf 2 (Japan) (Rev 1)	98b11cb5	97	Minna no Golf 2 (Japan, Asia)
Minna no Golf 2 (Japan, Asia)	2e74f8a0	95	Minna no Golf 2 (Japan, Asia)
Minna no Kanji Kyoushitsu - Chousen! Kanji Kentei (Japan)	1eda4dfa	284	Minna no Kanji Kyoushitsu - Chousen! Kanji Kentei (Japan)
Minna no Shiiku Kyoushitsu - Kuwagata-hen (Japan)	aea6f549	268	Minna no Shiiku Kyoushitsu - Kuwagata-hen (Japan)
Minna no Takaramono - Watashi no Licca-chan - Otetsudai o Shiyou (Japan)	249d9cc6	138	Minna no Takaramono - Watashi no Licca-chan - Otetsudai o Shiyou (Japan)
Minnya de Ghost Hunter (Japan)	5afe3ac6	96	Minnya de Ghost Hunter (Japan)
Minton Keibu no Sousa File - Doukeshi Satsujin Jiken (Japan)	7ec2fbc6	126	Minton Keibu no Sousa File - Doukeshi Satsujin Jiken (Japan)
Miracle Jim no Bassing Beat (Japan)	4d0380e5	627	Miracle Jim no Bassing Beat (Japan)
Miracle Jumpers (Japan)	d37c3c37	89	Miracle Jumpers (Japan)
Miracle Space Race (Europe)	d3def394	93	Miracle Space Race (USA)
Miracle Space Race (USA)	b8f2d444	90	Miracle Space Race (USA)
Miracle World - Fushigi no Kuni no IQ Meiro (Japan)	1c5ee9f0	3924	Miracle World - Fushigi no Kuni no IQ Meiro (Japan)
Misa no Mahou Monogatari (Japan) (Disc 1)	9f620570	107	Misa no Mahou Monogatari (Japan) (Disc 1)
Misa no Mahou Monogatari (Japan) (Disc 1) (Shokai Genteiban)	30cea411	126	Misa no Mahou Monogatari (Japan) (Disc 1)
Misa no Mahou Monogatari (Japan) (Disc 2)	9e3f23a1	107	Misa no Mahou Monogatari (Japan) (Disc 1)
Misa no Mahou Monogatari (Japan) (Disc 2) (Shokai Genteiban)	868ce184	126	Misa no Mahou Monogatari (Japan) (Disc 1)
Misadventures of Tron Bonne, The (Europe)	f6b6a852	252	Misadventures of Tron Bonne, The (USA)
Misadventures of Tron Bonne, The (USA)	18889ef6	246	Misadventures of Tron Bonne, The (USA)
Misaki Aggressive! (Japan)	6dfa58d8	92	Misaki Aggressive! (Japan)
Miss Spider's Tea Party (USA)	ac0324f5	95	Miss Spider's Tea Party (USA)
Missile Command (Europe) (En,It)	c8b653e4	234	Missile Command (USA)
Missile Command (Europe) (Fr,De)	4ae80858	234	Missile Command (USA)
Missile Command (USA)	60795513	212	Missile Command (USA)
Mission - Impossible (Europe) (En,Fr,De,Es,It)	f7434fbf	112	Mission - Impossible (USA) (En,Fr,Es)
Mission - Impossible (USA) (En,Fr,Es)	647b5d70	103	Mission - Impossible (USA) (En,Fr,Es)
Mission, The (Europe) (En,Fr,De,Es,It,Nl,Pt)	6e325409	948	Mission, The (Europe) (En,Fr,De,Es,It,Nl,Pt)
Missland (Japan)	8e7c7360	2091	Missland (Japan)
Missland 2 (Japan)	aeeb954a	84	Missland 2 (Japan)
Mitsumete Knight (Japan)	24513211	248	Mitsumete Knight (Japan)
Mitsumete Knight R - Daibouken-hen (Japan)	d8b137e2	108	Mitsumete Knight R - Daibouken-hen (Japan)
Miyake Yuji Produce - Kiseki no Maya Uranai (Japan)	6e1f8324	117	Miyake Yuji Produce - Kiseki no Maya Uranai (Japan)
Mizuki Shigeru no Youkai Butouden (Japan)	3dba5854	3654	Mizuki Shigeru no Youkai Butouden (Japan)
Mizzurna Falls (Japan)	952ccaa2	88	Mizzurna Falls (Japan)
MoHo (Europe) (En,Fr,De,Es,It)	20c88bc5	96	MoHo (Europe) (En,Fr,De,Es,It)
Mobil 1 Rally Championship (Europe) (En,Fr,De,Es,It)	6f3a8e43	274	Mobil 1 Rally Championship (USA)
Mobil 1 Rally Championship (USA)	75e472ed	234	Mobil 1 Rally Championship (USA)
Mobile Armor (USA)	b31cea92	1338	Mobile Armor (USA)
Mobile Light Force (Europe) (En,Fr,De,Es,It)	bb8a9617	1928	Mobile Light Force (USA)
Mobile Light Force (USA)	b6e1e580	1648	Mobile Light Force (USA)
Mobile Police Patlabor - Game Edition (Japan)	8b800db2	111	Mobile Police Patlabor - Game Edition (Japan)
Mobile Police Patlabor - Game Edition (Japan) (Demo)	636ae381	118	Mobile Police Patlabor - Game Edition (Japan)
Mobile Suit Gundam (Japan)	7a77148e	2402	Mobile Suit Gundam (Japan)
Mobile Suit Gundam - Char's Counter Attack (Japan) (Demo)	fc73ad6e	284	Mobile Suit Gundam - Char's Counterattack (Japan)
Mobile Suit Gundam - Char's Counterattack (Asia)	0b91d3df	266	Mobile Suit Gundam - Char's Counterattack (Japan)
Mobile Suit Gundam - Char's Counterattack (Japan)	03c7de9c	268	Mobile Suit Gundam - Char's Counterattack (Japan)
Mobile Suit Gundam - Char's Counterattack (Japan) (Tokubetsuban)	f1a51de3	298	Mobile Suit Gundam - Char's Counterattack (Japan)
Mobile Suit Gundam - Perfect One Year War (Japan)	13e17553	268	Mobile Suit Gundam - Perfect One Year War (Japan)
Mobile Suit Gundam - Version 2.0 (Japan)	298e0264	1602	Mobile Suit Gundam - Version 2.0 (Japan)
Mobile Suit Gundam - Version 2.0 (Japan) (Limited Edition)	977f326b	1818	Mobile Suit Gundam - Version 2.0 (Japan)
Mobile Suit Z-Gundam (Japan) (Demo)	7a03a9e3	627	Mobile Suit Z-Gundam (Japan) (Disc 1)
Mobile Suit Z-Gundam (Japan) (Disc 1)	f0a20d88	1566	Mobile Suit Z-Gundam (Japan) (Disc 1)
Mobile Suit Z-Gundam (Japan) (Disc 1) (Bandai the Best)	26befec7	1782	Mobile Suit Z-Gundam (Japan) (Disc 1)
Mobile Suit Z-Gundam (Japan) (Disc 2)	7c0f8162	2226	Mobile Suit Z-Gundam (Japan) (Disc 1)
Mobile Suit Z-Gundam (Japan) (Disc 2) (Bandai the Best)	5d4adb48	2532	Mobile Suit Z-Gundam (Japan) (Disc 1)
Mobile Tomodachi (Japan)	2b5ec319	572	Mobile Tomodachi (Japan)
Moebius Link 3D (Japan)	f7ae5948	89	Moebius Link 3D (Japan)
Moero!! Pro Yakyuu '95 - Double Header (Japan)	27ae15c5	402	Moero!! Pro Yakyuu '95 - Double Header (Japan)
Momotarou Densetsu (Japan)	236b90ae	92	Momotarou Densetsu (Japan)
Momotarou Dentetsu 7 (Japan)	24f443c7	94	Momotarou Dentetsu 7 (Japan)
Momotarou Dentetsu 7 (Japan) (Rev 1)	785bfa13	102	Momotarou Dentetsu 7 (Japan)
Momotarou Dentetsu V (Japan)	7f7d2807	94	Momotarou Dentetsu V (Japan)
Momotarou Dentetsu V (Japan) (Rev 1)	fd301ef1	102	Momotarou Dentetsu V (Japan)
Momotarou Dentetsu V (Japan) (Rev 2)	fc6d3820	102	Momotarou Dentetsu V (Japan)
Momotarou Matsuri - Ishikawa Rokuemon no Maki (Japan)	93287c57	119	Momotarou Matsuri - Ishikawa Rokuemon no Maki (Japan)
Monaco Grand Prix (USA)	600fc19d	89	Monaco Grand Prix (USA)
Monaco Grand Prix Racing Simulation 2 (Europe) (En,Fr,Es,It)	11a8830b	126	Monaco Grand Prix Racing Simulation 2 (Europe) (En,Fr,Es,It)
Monaco Grand Prix Racing Simulation 2 (France) (En,Fr,Es,It) (Demo)	f265e70e	133	Monaco Grand Prix Racing Simulation 2 (Europe) (En,Fr,Es,It)
Monaco Grand Prix Racing Simulation 2 (Japan)	c08b8875	111	Monaco Grand Prix Racing Simulation 2 (Europe) (En,Fr,Es,It)
Monde des Bleus 2, Le (France)	80d5ec0f	96	Monde des Bleus 2, Le (France)
Monde des Bleus 2, Le (France) (Demo)	d822c27c	103	Monde des Bleus 2, Le (France)
Monde des Bleus, Le - Le Jeu Officiel de l'Equipe de France (France)	3fc670bf	134	Monde des Bleus, Le - Le Jeu Officiel de l'Equipe de France (France)
Money Idol Exchanger (Japan)	f9814069	1335	Money Idol Exchanger (Japan)
Money Idol Exchanger (Japan) (Rev 1)	305e27f5	1423	Money Idol Exchanger (Japan)
Monkey Hero (Europe) (En,Fr,De,It)	271a601b	100	Monkey Hero (USA)
Monkey Hero (USA)	6432dee1	83	Monkey Hero (USA)
Monkey Hero (USA) (Trade Demo)	ae46c27f	230	Monkey Hero (USA)
Monkey Magic (Japan)	55546a27	86	Monkey Magic (USA)
Monkey Magic (USA)	e8291b4a	84	Monkey Magic (USA)
Monopoly (Europe) (En,Fr,De,Es,Nl)	378abda4	238	Monopoly (USA)
Monopoly (Europe) (En,Fr,De,Es,Nl) (Rev 1)	3fee0845	254	Monopoly (USA)
Monopoly (Japan)	777a4a11	202	Monopoly (USA)
Monopoly (USA)	d5849c13	198	Monopoly (USA)
Monopoly (USA) (Alt)	ca1cc446	210	Monopoly (USA)
Monster Bass (USA)	73252016	2016	Monster Bass (USA)
Monster Collection - Kamen no Madoushi (Japan)	20a2b7f0	112	Monster Collection - Kamen no Madoushi (Japan)
Monster Complete World (Japan)	573bda64	96	Monster Complete World (Japan)
Monster Farm (Japan)	cb1c1b0f	210	Monster Farm (Japan)
Monster Farm (Japan) (Demo)	afff1ad2	224	Monster Farm (Japan)
Monster Farm 2 (Japan)	43358390	88	Monster Farm 2 (Japan)
Monster Farm 2 (Japan) (Demo)	742cff11	95	Monster Farm 2 (Japan)
Monster Farm 2 (Japan) (Rev 1)	1a03f90b	96	Monster Farm 2 (Japan)
Monster Farm Battle Card (Japan)	758b6b42	234	Monster Farm Battle Card (Japan)
Monster Farm Jump (Japan)	59d1dfe4	2622	Monster Farm Jump (Japan)
Monster Punish (Japan)	b2c25f91	88	Monster Punish (Japan)
Monster Race (Japan)	5edb8309	86	Monster Race (Japan)
Monster Racer (Europe) (En,Fr,De,Es,It,Pt)	9f044b56	1070	Monster Racer (Europe) (En,Fr,De,Es,It,Pt)
Monster Rancher (Europe)	1889d82f	90	Monster Rancher (USA)
Monster Rancher (USA)	ec3a5448	212	Monster Rancher (USA)
Monster Rancher (USA) (Trade Demo)	a098b333	238	Monster Rancher (USA)
Monster Rancher 2 (USA)	ef978dce	89	Monster Rancher 2 (USA)
Monster Rancher 2 (USA) (Demo)	309666c0	96	Monster Rancher 2 (USA)
Monster Rancher Battle Card - Episode II (USA)	8a8441ee	262	Monster Rancher Battle Card - Episode II (USA)
Monster Rancher Hop-A-Bout (USA)	b7b694ef	2522	Monster Rancher Hop-A-Bout (USA)
Monster Trucks (Europe)	d146cdf5	89	Monster Trucks (Europe)
Monster Trucks (Europe) (Demo)	31cb447f	96	Monster Trucks (Europe)
MonsterSeed (Europe) (En,Fr,De)	271e98fa	97	MonsterSeed (USA)
MonsterSeed (Japan)	9a6d9976	85	MonsterSeed (USA)
MonsterSeed (USA)	5d64ea5d	83	MonsterSeed (USA)
Monsters, Inc. - Monsters Academy (Japan)	ee3fe4ae	107	Monsters, Inc. - Monsters Academy (Japan)
Monte Carlo Games Compendium (Europe) (Disc 1)	a8b948d7	1674	Monte Carlo Games Compendium (Europe) (Disc 1)
Monte Carlo Games Compendium (Europe) (Disc 1) (Rev 1)	15d594a4	1770	Monte Carlo Games Compendium (Europe) (Disc 1)
Monte Carlo Games Compendium (Europe) (Disc 2)	b1670689	1815	Monte Carlo Games Compendium (Europe) (Disc 1)
Monte Carlo Games Compendium (Europe) (Disc 2) (Rev 1)	7a3be11a	1919	Monte Carlo Games Compendium (Europe) (Disc 1)
Moon - Remix RPG Adventure (Japan)	c9dd689e	100	Moon - Remix RPG Adventure (Japan)
Moon - Remix RPG Adventure (Japan) (Rev 1)	0f6f2808	108	Moon - Remix RPG Adventure (Japan)
Moonlight Syndrome (Japan) (Demo)	a17f128f	99	Moonlight Syndrome (Japan) (Disc 1)
Moonlight Syndrome (Japan) (Disc 1)	32ab2411	101	Moonlight Syndrome (Japan) (Disc 1)
Moonlight Syndrome (Japan) (Disc 2)	33f602c0	101	Moonlight Syndrome (Japan) (Disc 1)
Moorhen 3 - Chicken Chase (Europe) (En,Fr,De)	21b48fd3	538	Moorhen 3 - Chicken Chase (Europe) (Es,It)
Moorhen 3 - Chicken Chase (Europe) (Es,It)	ceca076c	526	Moorhen 3 - Chicken Chase (Europe) (Es,It)
Moorhuhn 2 - Die Jagd Geht Weiter (Germany)	cf2d519a	530	Moorhuhn 2 - Die Jagd Geht Weiter (Germany)
Moorhuhn Kart (Germany)	a4c3d978	1162	Moorhuhn Kart (Germany)
Moorhuhn X (Germany) (En,De)	68c28ac2	470	Moorhuhn X (Germany) (En,De)
Mori no Oukoku (Japan)	a9a35651	88	Mori no Oukoku (Japan)
Morita Kazurou no Chess (Japan)	748272cd	97	Morita Kazurou no Chess (Japan)
Morita Kazurou no Gomoku Narabe to Renju (Japan)	e8585ec8	114	Morita Kazurou no Gomoku Narabe to Renju (Japan)
Morita Kazurou no Hanafuda (Japan)	e85fc8ab	100	Morita Kazurou no Hanafuda (Japan)
Morita Kazurou no Mahjong (Japan)	b599f6e5	99	Morita Kazurou no Mahjong (Japan)
Morita Kazurou no Reversi (Japan)	c5ac509c	99	Morita Kazurou no Reversi (Japan)
Morita Kazurou no Shougi Doujou (Japan)	adce6485	105	Morita Kazurou no Shougi Doujou (Japan)
Morita Shougi (Japan)	0c720fb0	557	Morita Shougi (Japan)
Moritaka Chisato - Safari Tokyo (Japan) (Disc 1)	24555bd4	114	Moritaka Chisato - Safari Tokyo (Japan) (Disc 1)
Moritaka Chisato - Safari Tokyo (Japan) (Disc 2)	25087d05	114	Moritaka Chisato - Safari Tokyo (Japan) (Disc 1)
Mort the Chicken (Europe)	a3ab4fba	91	Mort the Chicken (USA)
Mort the Chicken (USA)	48179c88	88	Mort the Chicken (USA)
Mortal Kombat - Special Forces (Europe) (En,Fr,De)	52b65eb2	116	Mortal Kombat - Special Forces (USA)
Mortal Kombat - Special Forces (USA)	dd968437	102	Mortal Kombat - Special Forces (USA)
Mortal Kombat 3 (Europe)	58f32d64	7360	Mortal Kombat 3 (USA)
Mortal Kombat 3 (Japan)	750cb63a	7416	Mortal Kombat 3 (USA)
Mortal Kombat 3 (USA)	ce350ac6	7174	Mortal Kombat 3 (USA)
Mortal Kombat 4 (Europe)	850a4025	90	Mortal Kombat 4 (USA)
Mortal Kombat 4 (USA)	6a47102a	87	Mortal Kombat 4 (USA)
Mortal Kombat 4 (USA) (Beta) (1998-06-11)	b56b05b4	107	Mortal Kombat 4 (USA)
Mortal Kombat II (Japan)	7184286e	218	Mortal Kombat II (Japan)
Mortal Kombat Mythologies - Sub-Zero (Europe)	e23b91c8	111	Mortal Kombat Mythologies - Sub-Zero (USA)
Mortal Kombat Mythologies - Sub-Zero (USA)	db54b8f7	108	Mortal Kombat Mythologies - Sub-Zero (USA)
Mortal Kombat Trilogy (Europe)	dfb21d9e	3732	Mortal Kombat Trilogy (USA)
Mortal Kombat Trilogy (Europe) (Midway Classics)	cdf193a9	4272	Mortal Kombat Trilogy (USA)
Mortal Kombat Trilogy (Japan)	4435a1d3	3702	Mortal Kombat Trilogy (USA)
Mortal Kombat Trilogy (USA)	141fe227	3642	Mortal Kombat Trilogy (USA)
Mortal Kombat Trilogy (USA) (Beta) (1996-09-25)	2dfc4cd5	264	Mortal Kombat Trilogy (USA)
Mortal Kombat Trilogy (USA) (Rev 1)	5ab91dba	3882	Mortal Kombat Trilogy (USA)
Moses - Prince of Egypt (Europe) (En,Fr,De,Nl)	bd924652	112	Moses - Prince of Egypt (Europe) (En,Fr,De,Nl)
Moto Racer (Europe) (En,Fr,De,Es,It,Sv)	9c498c14	1724	Moto Racer (USA)
Moto Racer (Europe) (En,Fr,De,Es,It,Sv) (EDC)	7516391d	1802	Moto Racer (USA)
Moto Racer (France) (Demo)	e51c0e2f	342	Moto Racer (USA)
Moto Racer (Japan)	84a95509	1451	Moto Racer (USA)
Moto Racer (USA)	8a3e9238	1425	Moto Racer (USA)
Moto Racer 2 (Europe) (En,Fr,De,Es,It,Sv)	4cdc0718	1750	Moto Racer 2 (USA)
Moto Racer 2 (France) (Demo)	b4209c21	226	Moto Racer 2 (USA)
Moto Racer 2 (Japan)	6675dfc9	1477	Moto Racer 2 (USA)
Moto Racer 2 (USA)	d7135155	1451	Moto Racer 2 (USA)
Moto Racer World Tour (Europe) (En,Fr,De,Es,It,Sv)	c11f6472	3317	Moto Racer World Tour (USA)
Moto Racer World Tour (USA)	24fef15a	2788	Moto Racer World Tour (USA)
Motocross Mania (Europe) (En,Fr,De,Es,It)	47baddde	1478	Motocross Mania (USA)
Motocross Mania (USA)	15a21e44	1258	Motocross Mania (USA)
Motocross Mania 2 (Europe) (En,Fr,De,Es,It)	2a46fe7f	109	Motocross Mania 2 (USA)
Motocross Mania 2 (USA)	fb280988	89	Motocross Mania 2 (USA)
Motor Mash (Europe) (En,Fr,De)	e9bf47df	1732	Motor Mash (Europe) (En,Fr,De)
Motor Toon Grand Prix (Japan)	1d370cc4	95	Motor Toon Grand Prix (USA)
Motor Toon Grand Prix (Japan) (Rev 1)	7fda4e8d	103	Motor Toon Grand Prix (USA)
Motor Toon Grand Prix (USA)	03e64dee	93	Motor Toon Grand Prix (USA)
Motor Toon Grand Prix - USA Edition (Japan)	cd07db67	109	Motor Toon Grand Prix - USA Edition (Japan)
Motor Toon Grand Prix 2 (Europe)	24910efd	98	Motor Toon Grand Prix 2 (Europe)
Motor Toon Grand Prix 2 (Europe) (EDC)	4476a224	104	Motor Toon Grand Prix 2 (Europe)
Motor Toon Grand Prix 2 (Japan) (Disc 1)	9da77baf	106	Motor Toon Grand Prix 2 (Europe)
Motor Toon Grand Prix 2 (Japan) (Disc 2) (Taisen Sen'you Disc)	f8274984	128	Motor Toon Grand Prix 2 (Europe)
Motorhead (Europe)	06232540	1451	Motorhead (USA)
Motorhead (USA)	a1f2ef6d	1412	Motorhead (USA)
Motteke Tamago with Ganbare! Kamonohashi (Japan)	639d5714	3271	Motteke Tamago with Ganbare! Kamonohashi (Japan)
Motto Trump Shiyou yo! i-Mode de Grand Prix (Japan)	239fe4fa	117	Motto Trump Shiyou yo! i-Mode de Grand Prix (Japan)
Motto! Nyan to Wonderful 2 (Japan)	93067d21	100	Motto! Nyan to Wonderful 2 (Japan)
Mouja (Japan)	b24efaf5	2250	Mouja (Japan)
Mouja (Japan) (Honkakuha de 1300)	33cd8ab2	2670	Mouja (Japan)
Mouri Motonari - Chikai no Sanshi (Japan)	57b07fb8	107	Mouri Motonari - Chikai no Sanshi (Japan)
Mr. Driller (Europe) (Beta) (2000-07-18)	9c68b8d6	106	Mr. Driller (USA)
Mr. Driller (Europe) (En,Fr,De,Es,It)	4212396d	103	Mr. Driller (USA)
Mr. Driller (Japan)	d07c752e	85	Mr. Driller (USA)
Mr. Driller (Japan) (Beta) (2000-01-17)	b945f54b	105	Mr. Driller (USA)
Mr. Driller (Korea)	a9f0f59e	85	Mr. Driller (USA)
Mr. Driller (USA)	7599112a	83	Mr. Driller (USA)
Mr. Driller G (Japan)	e4ad8c8a	87	Mr. Driller G (Japan)
Mr. Prospector - Horiate-kun (Japan)	0ab18db4	102	Mr. Prospector - Horiate-kun (Japan)
Ms. Pac-Man Maze Madness (Europe) (En,Fr,De,Es,It)	64efaf51	990	Ms. Pac-Man Maze Madness (USA)
Ms. Pac-Man Maze Madness (Japan)	3cae895d	864	Ms. Pac-Man Maze Madness (USA)
Ms. Pac-Man Maze Madness (USA)	07e003bc	850	Ms. Pac-Man Maze Madness (USA)
Ms. Pac-Man Maze Madness (USA) (Demo)	a59d568b	899	Ms. Pac-Man Maze Madness (USA)
Ms. Pac-Man Maze Madness (USA) (Rev 1)	5fbde72d	906	Ms. Pac-Man Maze Madness (USA)
Mummy, The (Europe) (En,Fr,De,Es,It)	8349ff3f	102	Mummy, The (USA)
Mummy, The (USA)	3c80b6a7	82	Mummy, The (USA)
Mundial 2002 Challenge (Portugal)	2448f095	99	2002 FIFA World Cup (USA) (En,Es)
Muppet Monster Adventure (Europe)	4a72a93f	236	Muppet Monster Adventure (USA)
Muppet Monster Adventure (France)	68fed8fb	236	Muppet Monster Adventure (USA)
Muppet Monster Adventure (Germany)	d62d3079	238	Muppet Monster Adventure (USA)
Muppet Monster Adventure (Italy)	0b0e2c1c	234	Muppet Monster Adventure (USA)
Muppet Monster Adventure (Spain)	18ec8c18	234	Muppet Monster Adventure (USA)
Muppet Monster Adventure (USA)	9b28e153	230	Muppet Monster Adventure (USA)
Muppet RaceMania (Europe)	ee649929	91	Muppet RaceMania (USA)
Muppet RaceMania (France)	c86c282c	91	Muppet RaceMania (USA)
Muppet RaceMania (Germany)	56ef2e52	92	Muppet RaceMania (USA)
Muppet RaceMania (Italy)	cb1c8cdc	90	Muppet RaceMania (USA)
Muppet RaceMania (Spain)	96587d04	90	Muppet RaceMania (USA)
Muppet RaceMania (USA)	cd5e31f2	88	Muppet RaceMania (USA)
Murakoshi Seikai no Bakuchou Nihon Rettou (Japan)	2d322520	115	Murakoshi Seikai no Bakuchou Nihon Rettou (Japan)
Murakoshi Seikai no Bakuchou Nihon Rettou (Japan) (Demo)	f2c51e62	122	Murakoshi Seikai no Bakuchou Nihon Rettou (Japan)
Murakoshi Seikai no Bakuchou Nihon Rettou (Japan) (TsuriCon Taiouban)	82cc5f7d	135	Murakoshi Seikai no Bakuchou Nihon Rettou (Japan)
Murakoshi Seikai no Bakuchou Nihon Rettou 2 (Japan)	95066246	117	Murakoshi Seikai no Bakuchou Nihon Rettou 2 (Japan)
Murakoshi Seikai no Bakuchou SeaBass Fishing (Japan) (Disc 1)	2b91fc87	2790	Murakoshi Seikai no Bakuchou SeaBass Fishing (Japan) (Disc 1)
Murakoshi Seikai no Bakuchou SeaBass Fishing (Japan) (Disc 2)	31406b43	127	Murakoshi Seikai no Bakuchou SeaBass Fishing (Japan) (Disc 1)
Mushi no Idokoro (Japan)	64a3edcf	90	Mushi no Idokoro (Japan)
Mushitarou (Japan)	74035d71	2920	Mushitarou (Japan)
Music - Music Creation for the PlayStation (Europe) (En,Fr,De) (Demo)	8af1ec87	308	Music - Music Creation for the PlayStation (Europe) (En,Fr,De,Es,It)
Music - Music Creation for the PlayStation (Europe) (En,Fr,De,Es,It)	08b43a5a	306	Music - Music Creation for the PlayStation (Europe) (En,Fr,De,Es,It)
Music 2000 (Europe) (Demo)	955ba6ee	222	Music 2000 (Europe) (En,Fr,De,Es,It)
Music 2000 (Europe) (En,Fr,De,Es,It)	8f893add	102	Music 2000 (Europe) (En,Fr,De,Es,It)
Muteki-ou Tri-Zenon (Japan)	1ace4781	93	Muteki-ou Tri-Zenon (Japan)
My Disney Kitchen (USA)	4af0b8d4	89	My Disney Kitchen (USA)
My Dream - On Air ga Matenakute (Japan) (Disc 1)	98e139f0	408	My Dream - On Air ga Matenakute (Japan) (Disc 1)
My Dream - On Air ga Matenakute (Japan) (Disc 2)	4d98c489	266	My Dream - On Air ga Matenakute (Japan) (Disc 1)
My Garden (Japan)	e0b84c29	83	My Garden (Japan)
My Home Dream (Japan)	5bf0cee6	87	My Home Dream (Japan)
My Home Dream 2 - Niwatsuki Ikkodate de, Ikou! (Japan)	4622a945	120	My Home Dream 2 - Niwatsuki Ikkodate de, Ikou! (Japan)
My Home Dream 2 - Niwatsuki Ikkodate de, Ikou! (Japan) (Taikenban)	52100763	132	My Home Dream 2 - Niwatsuki Ikkodate de, Ikou! (Japan)
Myst (Europe) (En,Fr,De,Es,It)	640451dc	96	Myst (USA)
Myst (Japan)	d5c33acb	78	Myst (USA)
Myst (Japan) (Rev 1)	3a2f345c	86	Myst (USA)
Myst (Japan) (Rev 2)	3b72128d	86	Myst (USA)
Myst (USA)	bd0ec019	76	Myst (USA)
Mystic Ark - Maboroshi Gekijou (Japan)	9ede016a	104	Mystic Ark - Maboroshi Gekijou (Japan)
Mystic Ark - Maboroshi Gekijou (Japan) (Demo)	6c60b8df	111	Mystic Ark - Maboroshi Gekijou (Japan)
Mystic Dragoons, The (Japan)	b74f046b	94	Mystic Dragoons, The (Japan)
Mystic Mind - Yureru Omoi (Japan) (Disc 1)	ddc27fd9	108	Mystic Mind - Yureru Omoi (Japan) (Disc 1)
Mystic Mind - Yureru Omoi (Japan) (Disc 2)	dc9f5908	108	Mystic Mind - Yureru Omoi (Japan) (Disc 1)
N Gauge Unten Kibun Game - Gatan Goton (Japan)	d747fa80	112	N Gauge Unten Kibun Game - Gatan Goton (Japan)
N Gauge Unten Kibun Game - Gatan Goton (Japan) (Major Wave)	86f36a9f	125	N Gauge Unten Kibun Game - Gatan Goton (Japan)
N-Gen Racing (Europe) (En,Fr,De,Es,It)	53d76eea	2509	N-Gen Racing (USA)
N-Gen Racing (USA)	107fffc8	2129	N-Gen Racing (USA)
N2O (Europe) (En,Fr,De,Es,It,Pt)	488b32bc	1379	N2O - Nitrous Oxide (USA)
N2O - Nitrous Oxide (USA)	4b161fdd	1302	N2O - Nitrous Oxide (USA)
N2O - Nitrous Oxide (USA) (Trade Demo)	6710e264	246	N2O - Nitrous Oxide (USA)
NASCAR 2000 (Europe)	e04001a9	1132	NASCAR 2000 (USA)
NASCAR 2000 (USA)	26c4740c	981	NASCAR 2000 (USA)
NASCAR 2001 (USA)	e002f550	83	NASCAR 2001 (USA)
NASCAR 98 (Europe)	cec9388d	766	NASCAR 98 (USA)
NASCAR 98 (France)	023cf2cf	766	NASCAR 98 (USA)
NASCAR 98 (Germany)	e76a836e	773	NASCAR 98 (USA)
NASCAR 98 (Japan)	b4f32133	759	NASCAR 98 (USA)
NASCAR 98 (USA)	1ea535de	745	NASCAR 98 (USA)
NASCAR 98 Collector's Edition (USA)	ceffa8da	885	NASCAR 98 Collector's Edition (USA)
NASCAR 99 (Europe)	f31232f3	766	NASCAR 99 (USA)
NASCAR 99 (France)	3fe7f8b1	766	NASCAR 99 (USA)
NASCAR 99 (Germany)	45a8c021	773	NASCAR 99 (USA)
NASCAR 99 (USA)	7ee9a89c	745	NASCAR 99 (USA)
NASCAR 99 Legacy (USA)	c166f936	794	NASCAR 99 Legacy (USA)
NASCAR Heat (USA)	fabec753	426	NASCAR Heat (USA)
NASCAR Racing (USA)	205ee5ae	915	NASCAR Racing (USA)
NASCAR Racing - Season 96 (Japan)	879012b0	1390	NASCAR Racing - Season 96 (Japan)
NASCAR Rumble (USA, Canada)	821a9b7c	93	NASCAR Rumble (USA, Canada)
NASCAR Thunder 2002 (USA, Canada)	70b7f866	99	NASCAR Thunder 2002 (USA, Canada)
NASCAR Thunder 2003 (USA)	066a0937	91	NASCAR Thunder 2003 (USA)
NASCAR Thunder 2004 (USA)	124db83d	91	NASCAR Thunder 2004 (USA)
NBA Basketball 2000 (Europe) (En,Fr,De,Es,It)	4412625d	260	NBA Basketball 2000 (USA)
NBA Basketball 2000 (USA)	0f94b5f0	220	NBA Basketball 2000 (USA)
NBA Fastbreak '98 (Europe)	f07ed9d7	582	NBA Fastbreak '98 (USA)
NBA Fastbreak '98 (USA)	baad7aa5	567	NBA Fastbreak '98 (USA)
NBA Hangtime (USA)	38e38748	84	NBA Hangtime (USA)
NBA Hoopz (Europe) (En,Fr,De)	bbae6982	95	NBA Hoopz (USA)
NBA Hoopz (USA)	1ff90793	81	NBA Hoopz (USA)
NBA Jam - Tournament Edition (Europe)	78cfc48f	1161	NBA Jam - Tournament Edition (USA)
NBA Jam - Tournament Edition (Japan)	303bbec6	1292	NBA Jam - Tournament Edition (USA)
NBA Jam - Tournament Edition (USA)	0a5055e7	1134	NBA Jam - Tournament Edition (USA)
NBA Jam Extreme (Europe)	6e13d8e2	218	NBA Jam Extreme (USA)
NBA Jam Extreme (Japan)	08f0d446	216	NBA Jam Extreme (USA)
NBA Jam Extreme (USA)	b8206d8c	212	NBA Jam Extreme (USA)
NBA Live 2000 (Europe)	99aabac1	88	NBA Live 2000 (USA)
NBA Live 2000 (France)	bfa20bc4	88	NBA Live 2000 (USA)
NBA Live 2000 (Germany)	f8498a3b	89	NBA Live 2000 (USA)
NBA Live 2000 (Italy)	020ff2dd	87	NBA Live 2000 (USA)
NBA Live 2000 (Japan)	6be0dc37	87	NBA Live 2000 (USA)
NBA Live 2000 (Spain)	5f4b0305	87	NBA Live 2000 (USA)
NBA Live 2000 (USA)	495a2c21	85	NBA Live 2000 (USA)
NBA Live 2001 (Europe)	c0cc82aa	88	NBA Live 2001 (USA)
NBA Live 2001 (France)	e6c433af	88	NBA Live 2001 (USA)
NBA Live 2001 (Germany)	227054d3	89	NBA Live 2001 (USA)
NBA Live 2001 (Italy)	d70a8ea1	87	NBA Live 2001 (USA)
NBA Live 2001 (Spain)	8a4e7f79	87	NBA Live 2001 (USA)
NBA Live 2001 (USA)	c41bc879	85	NBA Live 2001 (USA)
NBA Live 2002 (Europe)	2b66ca17	88	NBA Live 2002 (USA, Canada)
NBA Live 2002 (France)	0d6e7b12	88	NBA Live 2002 (USA, Canada)
NBA Live 2002 (Germany)	974b31aa	89	NBA Live 2002 (USA, Canada)
NBA Live 2002 (Italy)	73740c64	87	NBA Live 2002 (USA, Canada)
NBA Live 2002 (Spain)	2e30fdbc	87	NBA Live 2002 (USA, Canada)
NBA Live 2002 (USA, Canada)	56ad5022	93	NBA Live 2002 (USA, Canada)
NBA Live 2003 (Europe)	7200f27c	88	NBA Live 2003 (USA)
NBA Live 2003 (France)	54084379	88	NBA Live 2003 (USA)
NBA Live 2003 (Germany)	4d72ef42	89	NBA Live 2003 (USA)
NBA Live 2003 (Italy)	a6717018	87	NBA Live 2003 (USA)
NBA Live 2003 (Spain)	fb3581c0	87	NBA Live 2003 (USA)
NBA Live 2003 (USA)	05e90688	85	NBA Live 2003 (USA)
NBA Live 96 (Europe)	f8e58ecc	1822	NBA Live 96 (USA)
NBA Live 96 (Japan)	99ebcc62	1806	NBA Live 96 (USA)
NBA Live 96 (USA)	23dba0a3	1774	NBA Live 96 (USA)
NBA Live 97 (Europe) (En,Fr,De)	04a77440	97	NBA Live 97 (USA)
NBA Live 97 (Japan)	7f46f309	85	NBA Live 97 (USA)
NBA Live 97 (USA)	5d0d51c5	83	NBA Live 97 (USA)
NBA Live 98 (Europe) (En,Es,It)	71d2d5f4	97	NBA Live 98 (USA)
NBA Live 98 (France)	8d36d68b	86	NBA Live 98 (USA)
NBA Live 98 (Germany)	1e1842e7	87	NBA Live 98 (USA)
NBA Live 98 (Japan)	2751701b	85	NBA Live 98 (USA)
NBA Live 98 (Japan) (Demo)	b5cd9b77	92	NBA Live 98 (USA)
NBA Live 98 (USA)	f803d789	83	NBA Live 98 (USA)
NBA Live 99 (Europe)	f2585fe5	86	NBA Live 99 (USA)
NBA Live 99 (France)	d450eee0	86	NBA Live 99 (USA)
NBA Live 99 (Germany)	c4219c0f	87	NBA Live 99 (USA)
NBA Live 99 (Italy)	9bbb228d	85	NBA Live 99 (USA)
NBA Live 99 (Japan)	f2540c67	85	NBA Live 99 (USA)
NBA Live 99 (Spain)	c6ffd355	85	NBA Live 99 (USA)
NBA Live 99 (USA)	754233d1	83	NBA Live 99 (USA)
NBA Power Dunkers (Japan)	7b28098f	91	NBA Power Dunkers (Japan)
NBA Power Dunkers 2 (Japan)	9f1a8d71	587	NBA Power Dunkers 2 (Japan)
NBA Power Dunkers 3 (Japan, Asia)	c744de07	99	NBA Power Dunkers 3 (Japan, Asia)
NBA Power Dunkers 4 (Japan)	fc39db5d	108	NBA Power Dunkers 4 (Japan)
NBA Power Dunkers 5 (Japan)	c8c8872e	93	NBA Power Dunkers 5 (Japan)
NBA Pro 98 (Europe)	d9ea30b2	85	NBA Pro 98 (Europe)
NBA Pro 99 (Europe)	808c08d9	85	NBA Pro 99 (Europe)
NBA Shoot Out '97 (USA)	e249292c	89	NBA Shoot Out '97 (USA)
NBA Shoot Out (USA)	59f450ac	85	NBA Shoot Out (USA)
NBA ShootOut 2000 (USA)	2b2db1a7	216	NBA ShootOut 2000 (USA)
NBA ShootOut 2001 (USA)	fcdebff0	216	NBA ShootOut 2001 (USA)
NBA ShootOut 2001 (USA) (Demo)	68de8965	230	NBA ShootOut 2001 (USA)
NBA ShootOut 2002 (USA)	5fbaab48	216	NBA ShootOut 2002 (USA)
NBA ShootOut 2002 (USA) (Demo)	d0eac222	230	NBA ShootOut 2002 (USA)
NBA ShootOut 2003 (USA)	8849a51f	216	NBA ShootOut 2003 (USA)
NBA ShootOut 2004 (USA)	c2038479	216	NBA ShootOut 2004 (USA)
NBA ShootOut 98 (USA)	99a4dd19	87	NBA ShootOut 98 (USA)
NBA Showtime - NBA on NBC (Europe)	bf749464	100	NBA Showtime - NBA on NBC (USA)
NBA Showtime - NBA on NBC (USA)	5865aba6	97	NBA Showtime - NBA on NBC (USA)
NBA in the Zone '98 (USA)	eae3d2f4	91	NBA in the Zone '98 (USA)
NBA in the Zone '98 (USA) (Rev 1)	f7fd3ef8	114	NBA in the Zone '98 (USA)
NBA in the Zone '99 (USA)	67a236ac	91	NBA in the Zone '99 (USA)
NBA in the Zone (Europe)	0156587d	90	NBA in the Zone (USA)
NBA in the Zone (USA)	98d8c161	87	NBA in the Zone (USA)
NBA in the Zone 2 (Europe)	9a16730d	582	NBA in the Zone 2 (USA)
NBA in the Zone 2 (USA)	5224a86c	567	NBA in the Zone 2 (USA)
NBA in the Zone 2000 (Europe)	e4b4a9e8	95	NBA in the Zone 2000 (USA)
NBA in the Zone 2000 (USA)	e93ca26a	92	NBA in the Zone 2000 (USA)
NCAA Basketball Final Four 97 (USA)	d2eac8b1	101	NCAA Basketball Final Four 97 (USA)
NCAA Final Four 2000 (USA)	f6784c0d	92	NCAA Final Four 2000 (USA)
NCAA Final Four 2000 (USA) (Demo)	904266dc	99	NCAA Final Four 2000 (USA)
NCAA Final Four 2001 (USA)	7b39a855	92	NCAA Final Four 2001 (USA)
NCAA Final Four 99 (USA)	16784e82	90	NCAA Final Four 99 (USA)
NCAA Football 2000 (USA)	87ebac23	90	NCAA Football 2000 (USA)
NCAA Football 2000 (USA) (Rev 1)	4f2e527e	98	NCAA Football 2000 (USA)
NCAA Football 2001 (USA)	0aaa487b	90	NCAA Football 2001 (USA)
NCAA Football 98 (USA)	fc88576c	88	NCAA Football 98 (USA)
NCAA Football 99 (USA)	71c9b334	88	NCAA Football 99 (USA)
NCAA Football GameBreaker (USA)	bc764906	232	NCAA Football GameBreaker (USA)
NCAA Football GameBreaker (USA) (Beta) (1996-07-16)	2b697e6f	272	NCAA Football GameBreaker (USA)
NCAA GameBreaker 2000 (USA)	d08acd2b	224	NCAA GameBreaker 2000 (USA)
NCAA GameBreaker 2000 (USA) (Demo)	b378ed19	238	NCAA GameBreaker 2000 (USA)
NCAA GameBreaker 2001 (USA)	38ef225d	224	NCAA GameBreaker 2001 (USA)
NCAA GameBreaker 2001 (USA) (Demo)	76aff15f	238	NCAA GameBreaker 2001 (USA)
NCAA GameBreaker 98 (USA)	76964af7	220	NCAA GameBreaker 98 (USA)
NCAA GameBreaker 99 (USA)	a15a3c30	220	NCAA GameBreaker 99 (USA)
NCAA GameBreaker 99 (USA) (Demo)	f2ea752a	234	NCAA GameBreaker 99 (USA)
NCAA March Madness 2000 (USA)	dcd43593	95	NCAA March Madness 2000 (USA)
NCAA March Madness 2001 (USA)	5195d1cb	95	NCAA March Madness 2001 (USA)
NCAA March Madness 99 (USA)	48fc147f	93	NCAA March Madness 99 (USA)
NFL Blitz (USA)	206eeedf	200	NFL Blitz (USA)
NFL Blitz 2000 (Europe)	4c593d1b	333	NFL Blitz 2000 (USA)
NFL Blitz 2000 (USA)	3379807d	324	NFL Blitz 2000 (USA)
NFL Blitz 2001 (USA)	67d2609a	86	NFL Blitz 2001 (USA)
NFL Full Contact (USA)	b1c5b3cb	88	NFL Full Contact (USA)
NFL GameDay (Europe)	cf3efd6c	210	NFL GameDay (USA)
NFL GameDay (USA)	58db5730	204	NFL GameDay (USA)
NFL GameDay 2000 (USA)	8b4b52d1	214	NFL GameDay 2000 (USA)
NFL GameDay 2000 (USA) (Demo)	344b25a7	228	NFL GameDay 2000 (USA)
NFL GameDay 2001 (USA)	77cf8c46	214	NFL GameDay 2001 (USA)
NFL GameDay 2001 (USA) (Demo)	74cd7438	228	NFL GameDay 2001 (USA)
NFL GameDay 2002 (USA)	a933e9be	214	NFL GameDay 2002 (USA)
NFL GameDay 2003 (USA, Canada)	7a251718	230	NFL GameDay 2003 (USA, Canada)
NFL GameDay 2004 (USA)	cfba240f	214	NFL GameDay 2004 (USA)
NFL GameDay 2005 (USA)	333efa98	214	NFL GameDay 2005 (USA)
NFL GameDay 97 (USA)	2e762dcb	210	NFL GameDay 97 (USA)
NFL GameDay 98 (USA)	7b6a6b3e	210	NFL GameDay 98 (USA)
NFL GameDay 99 (USA)	c2b8fcee	210	NFL GameDay 99 (USA)
NFL GameDay 99 (USA) (Demo)	6b153dd4	224	NFL GameDay 99 (USA)
NFL GameDay 99 (USA) (Rev 1)	7669da50	226	NFL GameDay 99 (USA)
NFL Quarterback Club '97 (Europe)	a8a04c95	236	NFL Quarterback Club '97 (USA)
NFL Quarterback Club '97 (USA)	077418ee	230	NFL Quarterback Club '97 (USA)
NFL Xtreme (Europe)	ddc54647	208	NFL Xtreme (USA)
NFL Xtreme (USA)	505a6919	202	NFL Xtreme (USA)
NFL Xtreme (USA) (Demo)	53a73c54	89	NFL Xtreme (USA)
NFL Xtreme 2 (USA)	99712cb1	206	NFL Xtreme 2 (USA)
NFL Xtreme 2 (USA) (Demo)	62d37283	220	NFL Xtreme 2 (USA)
NHL 2000 (Europe) (En,Sv,Fi)	c59446d4	94	NHL 2000 (USA)
NHL 2000 (Europe) (Fr,Cs)	c5485099	91	NHL 2000 (USA)
NHL 2000 (Germany)	07bf807e	84	NHL 2000 (USA)
NHL 2000 (USA)	a6fe1405	80	NHL 2000 (USA)
NHL 2001 (Europe) (En,Sv,Fi)	a85585a7	94	NHL 2001 (USA)
NHL 2001 (Europe) (Fr,Cs)	38eb46bc	91	NHL 2001 (USA)
NHL 2001 (Germany)	dd865e96	84	NHL 2001 (USA)
NHL 2001 (USA)	2bbff05d	80	NHL 2001 (USA)
NHL 97 (Europe)	c140a67a	963	NHL 97 (USA)
NHL 97 (Germany)	1eb24270	972	NHL 97 (USA)
NHL 97 (Japan)	082486d7	954	NHL 97 (USA)
NHL 97 (USA)	e8293371	936	NHL 97 (USA)
NHL 98 (Europe) (En,Sv,Fi)	f07757fe	92	NHL 98 (USA)
NHL 98 (Germany)	c7f2f47b	82	NHL 98 (USA)
NHL 98 (USA)	61881dcd	78	NHL 98 (USA)
NHL 99 (Europe) (En,Fr,Sv,Fi)	2f8c1733	95	NHL 99 (USA)
NHL 99 (Germany)	1dcb2a93	82	NHL 99 (USA)
NHL 99 (USA)	ecc9f995	78	NHL 99 (USA)
NHL Blades of Steel 2000 (Europe)	1bd90d0d	99	NHL Blades of Steel 2000 (USA)
NHL Blades of Steel 2000 (Japan)	10a3d161	98	NHL Blades of Steel 2000 (USA)
NHL Blades of Steel 2000 (USA)	0da2a872	96	NHL Blades of Steel 2000 (USA)
NHL Breakaway 98 (Europe)	ad3da255	220	NHL Breakaway 98 (USA)
NHL Breakaway 98 (USA)	05ff653d	214	NHL Breakaway 98 (USA)
NHL Championship 2000 (Europe) (En,Fr,De,Sv)	8adb32c3	258	NHL Championship 2000 (USA)
NHL Championship 2000 (USA)	3272f0eb	224	NHL Championship 2000 (USA)
NHL Face Off '97 (Europe)	09712126	91	NHL Face Off '97 (USA)
NHL Face Off '97 (USA)	2f1615a1	88	NHL Face Off '97 (USA)
NHL Face Off (Europe)	4a9994e2	87	NHL Face Off (USA)
NHL Face Off (USA)	2fc9d568	84	NHL Face Off (USA)
NHL FaceOff 2000 (Europe)	606c1e4e	91	NHL FaceOff 2000 (USA)
NHL FaceOff 2000 (USA)	a5763cfa	88	NHL FaceOff 2000 (USA)
NHL FaceOff 2000 (USA) (Demo)	5c317167	95	NHL FaceOff 2000 (USA)
NHL FaceOff 2001 (USA)	2837d8a2	88	NHL FaceOff 2001 (USA)
NHL FaceOff 2001 (USA) (Demo)	bb7e903c	95	NHL FaceOff 2001 (USA)
NHL FaceOff 98 (Europe)	bad340c2	89	NHL FaceOff 98 (USA)
NHL FaceOff 98 (USA)	c50c442a	86	NHL FaceOff 98 (USA)
NHL FaceOff 99 (Europe)	e3b578a9	89	NHL FaceOff 99 (USA)
NHL FaceOff 99 (USA)	484da072	86	NHL FaceOff 99 (USA)
NHL FaceOff 99 (USA) (Demo)	7f8813b8	93	NHL FaceOff 99 (USA)
NHL Open Ice - 2 on 2 Challenge (USA)	6dd7bb4f	103	NHL Open Ice - 2 on 2 Challenge (USA)
NHL PowerRink '97 (Japan)	82efd250	91	NHL Face Off '97 (USA)
NHL Powerplay '96 (Japan)	3a7cc6ca	220	NHL Powerplay '96 (USA)
NHL Powerplay '96 (USA)	d9b464f7	333	NHL Powerplay '96 (USA)
NHL Powerplay (Europe)	d3b79b01	214	NHL Powerplay (Europe)
NHL Powerplay 98 (Europe) (En,Fr,De)	0738fb33	242	NHL Powerplay 98 (USA) (En,Fr,De)
NHL Powerplay 98 (USA) (En,Fr,De)	f4090e42	236	NHL Powerplay 98 (USA) (En,Fr,De)
NHL Rock the Rink (Europe)	c8e2eb4c	92	NHL Rock the Rink (USA)
NHL Rock the Rink (USA)	3ea9771c	89	NHL Rock the Rink (USA)
Nagano Winter Olympics '98 (Europe)	08b4fb5f	116	Nagano Winter Olympics '98 (USA)
Nagano Winter Olympics '98 (USA)	d0410325	98	Nagano Winter Olympics '98 (USA)
Nage Libre - Rasen no Soukoku (Japan)	df1dee09	103	Nage Libre - Rasen no Soukoku (Japan)
Nainai no Meitantei (Japan)	567df821	93	Nainai no Meitantei (Japan)
Najavu no Daibouken - My Favorite Namjatown (Japan)	437f52c5	2172	Najavu no Daibouken - My Favorite Namjatown (Japan)
Nakajima Miyuki - Namiromu (Japan)	3d129cb8	100	Nakajima Miyuki - Namiromu (Japan)
Namco Anthology 1 (Japan)	5b34a3ad	220	Namco Anthology 1 (Japan)
Namco Anthology 2 (Japan)	1641653b	91	Namco Anthology 2 (Japan)
Namco Museum Encore (Japan)	dec16330	224	Namco Museum Encore (Japan)
Namco Museum Encore (Japan) (Shokai Gentei Special Box)	1cab810e	280	Namco Museum Encore (Japan)
Namco Museum Encore (Japan) (Shokai Gentei Special Box) (Rev 1)	206631e1	296	Namco Museum Encore (Japan)
Namco Museum Vol. 1 (Europe)	86d63850	1212	Namco Museum Vol. 1 (USA)
Namco Museum Vol. 1 (Japan)	b875076a	1202	Namco Museum Vol. 1 (USA)
Namco Museum Vol. 1 (USA)	3eddc5af	1182	Namco Museum Vol. 1 (USA)
Namco Museum Vol. 1 (USA) (Rev 1)	b5c42f6c	1262	Namco Museum Vol. 1 (USA)
Namco Museum Vol. 2 (Europe)	2bca0801	1212	Namco Museum Vol. 2 (USA)
Namco Museum Vol. 2 (Japan)	7e6c54da	1202	Namco Museum Vol. 2 (USA)
Namco Museum Vol. 2 (Japan) (Gentei Box)	ffa858d7	1332	Namco Museum Vol. 2 (USA)
Namco Museum Vol. 2 (USA)	f1eae25e	1182	Namco Museum Vol. 2 (USA)
Namco Museum Vol. 3 (Europe)	acd9998e	1458	Namco Museum Vol. 3 (USA)
Namco Museum Vol. 3 (Japan)	390b58ce	1446	Namco Museum Vol. 3 (USA)
Namco Museum Vol. 3 (USA)	cb173e1f	1422	Namco Museum Vol. 3 (USA)
Namco Museum Vol. 4 (Europe)	437f9e68	94	Namco Museum Vol. 4 (USA)
Namco Museum Vol. 4 (Japan)	de7ca55c	93	Namco Museum Vol. 4 (USA)
Namco Museum Vol. 4 (USA)	9610cf00	91	Namco Museum Vol. 4 (USA)
Namco Museum Vol. 5 (Europe)	1a19a603	94	Namco Museum Vol. 5 (USA)
Namco Museum Vol. 5 (Japan)	0b79d920	93	Namco Museum Vol. 5 (USA)
Namco Museum Vol. 5 (USA)	1b512b58	91	Namco Museum Vol. 5 (USA)
Namco Soccer Prime Goal (Europe)	9fcabfb6	98	Namco Soccer Prime Goal (Europe)
Namco Tennis Smash Court (Europe)	a0b01ed8	99	Namco Tennis Smash Court (Europe)
Nanatsu no Hikan (Japan) (Disc 1)	fb611cef	3822	Nanatsu no Hikan (Japan) (Disc 1)
Nanatsu no Hikan (Japan) (Disc 2)	5ca225bf	3310	Nanatsu no Hikan (Japan) (Disc 1)
Nanatsu no Hikan (Japan) (Disc 3)	19e83628	1125	Nanatsu no Hikan (Japan) (Disc 1)
Naniwa Kinyuudou - Aoki Yuji no Seken Munazanyou (Japan)	de18f4af	122	Naniwa Kinyuudou - Aoki Yuji no Seken Munazanyou (Japan)
Naniwa Wangan Battle - Tarzan Yamada & AutoSelect Sawa Kyoudai (Japan)	e5743519	136	SuperLite 1500 Series - Naniwa Wangan Battle (Japan)
Naniwa Wangan Battle - Tarzan Yamada & AutoSelect Sawa Kyoudai (Japan) (Demo)	a8a29778	143	SuperLite 1500 Series - Naniwa Wangan Battle (Japan)
Naniwa no Akindo - Futte Nanbo no Saikoro Jinsei (Japan)	77681951	1182	Naniwa no Akindo - Futte Nanbo no Saikoro Jinsei (Japan)
NanoTek Warrior (Europe)	3723f9d7	1648	NanoTek Warrior (USA)
NanoTek Warrior (Japan)	7cb43042	1634	NanoTek Warrior (USA)
NanoTek Warrior (USA)	16905a64	1606	NanoTek Warrior (USA)
Naruto - Shinobi no Sato no Jintori Gassen (Japan)	44989c44	116	Naruto - Shinobi no Sato no Jintori Gassen (Japan)
Natsuiro Kenjutsu Komachi (Japan)	9ba205e1	236	Natsuiro Kenjutsu Komachi (Japan) (Disc 1) (Shokai Gentei Seisanban)
Natsuiro Kenjutsu Komachi (Japan) (Disc 1) (Shokai Gentei Seisanban)	a309e87c	306	Natsuiro Kenjutsu Komachi (Japan) (Disc 1) (Shokai Gentei Seisanban)
Natsuiro Kenjutsu Komachi (Japan) (Disc 2) (Special Disc) (Shokai Gentei Seisanban)	65225681	336	Natsuiro Kenjutsu Komachi (Japan) (Disc 1) (Shokai Gentei Seisanban)
Navit (Japan)	5871cdb9	3654	Navit (Japan)
Navit (Japan) (Demo)	b05fd6d1	3892	Navit (Japan)
Nazoou (Japan)	4ed0b7da	80	Nazoou (Japan)
Necronomicon - Das Mysterium der Daemmerung (Germany) (Disc 1)	209d0dbc	128	Necronomicon - Das Mysterium der Daemmerung (Germany) (Disc 1)
Necronomicon - Das Mysterium der Daemmerung (Germany) (Disc 2)	21c02b6d	128	Necronomicon - Das Mysterium der Daemmerung (Germany) (Disc 1)
Necronomicon - El Alba de las Tinieblas (Spain) (Disc 1)	af41b598	122	Necronomicon - El Alba de las Tinieblas (Spain) (Disc 1)
Necronomicon - El Alba de las Tinieblas (Spain) (Disc 2)	ae1c9349	122	Necronomicon - El Alba de las Tinieblas (Spain) (Disc 1)
Necronomicon - Ispirato alle opere di H.P. Lovecraft (Italy) (Disc 1)	c80b4bfc	135	Necronomicon - Ispirato alle opere di H.P. Lovecraft (Italy) (Disc 1)
Necronomicon - Ispirato alle opere di H.P. Lovecraft (Italy) (Disc 2)	c9566d2d	135	Necronomicon - Ispirato alle opere di H.P. Lovecraft (Italy) (Disc 1)
Necronomicon - L'Aube des Tenebres (France) (Disc 1)	fb496081	118	Necronomicon - L'Aube des Tenebres (France) (Disc 1)
Necronomicon - L'Aube des Tenebres (France) (Disc 2)	fa144650	118	Necronomicon - L'Aube des Tenebres (France) (Disc 1)
Necronomicon - O Despertar das Trevas (Portugal) (Disc 1)	c3179c12	123	Necronomicon - The Dawning of Darkness (Europe) (Disc 1)
Necronomicon - O Despertar das Trevas (Portugal) (Disc 2)	c24abac3	123	Necronomicon - The Dawning of Darkness (Europe) (Disc 1)
Necronomicon - The Dawning of Darkness (Europe) (Disc 1)	5f720831	122	Necronomicon - The Dawning of Darkness (Europe) (Disc 1)
Necronomicon - The Dawning of Darkness (Europe) (Disc 2)	5e2f2ee0	122	Necronomicon - The Dawning of Darkness (Europe) (Disc 1)
Nectaris (Japan)	f36d9dc1	82	Nectaris (Japan)
Nectaris - Military Madness (USA)	cae76aaf	99	Nectaris - Military Madness (USA)
Need for Speed - High Stakes (Australia)	80c53525	106	Need for Speed - High Stakes (USA)
Need for Speed - High Stakes (USA)	2d355ed6	100	Need for Speed - High Stakes (USA)
Need for Speed - Porsche 2000 (Europe) (En,De,Sv)	9a0a94ac	2286	Need for Speed - Porsche 2000 (Europe) (En,De,Sv)
Need for Speed - Porsche 2000 (Europe) (Fr,Es,It)	b2e15c09	2286	Need for Speed - Porsche 2000 (Europe) (En,De,Sv)
Need for Speed - Porsche Unleashed (USA)	cbd9ede8	2007	Need for Speed - Porsche Unleashed (USA)
Need for Speed - Road Challenge (Europe) (En,Es,It)	6a5acb1d	117	Need for Speed - Road Challenge (Europe) (En,Sv)
Need for Speed - Road Challenge (Europe) (En,Sv)	6b42041d	114	Need for Speed - Road Challenge (Europe) (En,Sv)
Need for Speed - Road Challenge (Europe) (Fr,De)	b89a9fb0	114	Need for Speed - Road Challenge (Europe) (En,Sv)
Need for Speed - V-Rally (USA)	69dd3cb7	1232	Need for Speed - V-Rally (USA)
Need for Speed - V-Rally 2 (USA)	c0a97ac3	990	Need for Speed - V-Rally 2 (USA)
Need for Speed II (Europe) (En,Fr,De,Es,It,Sv)	3da16747	112	Need for Speed II (USA)
Need for Speed II (USA)	b470f747	89	Need for Speed II (USA)
Need for Speed III - Hot Pursuit (Europe) (En,Fr,De,Es,It,Sv)	3b1ae27b	127	Need for Speed III - Hot Pursuit (USA)
Need for Speed III - Hot Pursuit (USA)	60d4a3f8	104	Need for Speed III - Hot Pursuit (USA)
Nekketsu Oyako (Japan)	8364c59e	88	Nekketsu Oyako (Japan)
Neko Zamurai (Japan) (Disc 1)	d54912c2	95	Neko Zamurai (Japan) (Disc 1)
Neko Zamurai (Japan) (Disc 2)	d4143413	95	Neko Zamurai (Japan) (Disc 1)
Neko Zamurai (Japan) (Disc 3)	620fd463	95	Neko Zamurai (Japan) (Disc 1)
Neko na Ka-N-Ke-I (Japan)	d95eb492	339	Neko na Ka-N-Ke-I (Japan)
Nemuru Mayu (Japan)	3e59d0a9	85	Nemuru Mayu (Japan)
Neo Atlas (Japan)	db9a9dc1	204	Neo Atlas (Japan)
Neo Atlas (Japan) (Demo)	031a9339	218	Neo Atlas (Japan)
Neo Atlas - Famitsuu no Nazo (Japan) (Demo)	da6b1c05	256	Neo Atlas (Japan)
Neo Atlas II (Japan)	e37bbf1a	86	Neo Atlas II (Japan)
Neo Planet (Japan)	6138be4d	6536	Neo Planet (Japan)
Neon Genesis Evangelion - Original Screen Saver (Japan)	9375c4e3	121	Shin Seiki Evangelion - Koutetsu no Girlfriend (Japan) (Disc 1)
Neorude (Japan) (Disc 1) (Game Disc)	5f464c28	102	Neorude (Japan) (Disc 1) (Game Disc)
Neorude (Japan) (Disc 2) (Special Disc)	fa064e62	105	Neorude (Japan) (Disc 1) (Game Disc)
Neorude - Kizamareta Monshou (Japan)	b6ba95c2	102	Neorude - Kizamareta Monshou (Japan)
Neorude 2 (Japan)	c4cab263	83	Neorude 2 (Japan)
Nessa no Hoshi (Japan) (Disc 1)	04ae2aeb	982	Nessa no Hoshi (Japan) (Disc 1)
Nessa no Hoshi (Japan) (Disc 2)	5d53b775	857	Nessa no Hoshi (Japan) (Disc 1)
Netz Magazine - Altezza (Japan)	dff1476b	97	Netz Magazine - Altezza (Japan)
Netz Magazine - Vitz (Japan)	79c46f84	94	Netz Magazine - Vitz (Japan)
Neues (Japan)	5d072e9e	79	Neues (Japan)
Newcomer - Be a Popstar (Germany)	5bcf1b8c	236	Newcomer - Be a Popstar (Germany)
Newman Haas Racing (Europe) (En,Fr,De,It)	4437f046	252	Newman Haas Racing (USA)
Newman Haas Racing (Europe) (En,Fr,De,It) (Demo)	9fa418e1	266	Newman Haas Racing (USA)
Newman Haas Racing (USA)	03a805b3	218	Newman Haas Racing (USA)
Next King - Koi no Sennen Oukoku (Japan)	4f529b77	384	Next King - Koi no Sennen Oukoku (Japan)
Next King - Koi no Sennen Oukoku (Japan) (Genteiban)	3a82ce14	420	Next King - Koi no Sennen Oukoku (Japan)
Next Tetris DLX, The (Japan)	1c749599	1581	Next Tetris DLX, The (Japan)
Next Tetris, The (Europe) (En,Fr,De,Es,It,Nl)	543d24fa	1522	Next Tetris, The (USA)
Next Tetris, The (Japan)	a4ee67ce	1291	Next Tetris, The (USA)
Next Tetris, The (Japan) (Demo)	efe247cb	357	Next Tetris, The (USA)
Next Tetris, The (USA)	c16424e9	1269	Next Tetris, The (USA)
Nibiiro no Koubou - 32-nin no Senshachou (Japan)	e5ebade0	114	Nibiiro no Koubou - 32-nin no Senshachou (Japan)
Nice Cats (Europe) (En,Fr,De,Nl)	73305679	98	Nice Cats (Europe) (En,Fr,De,Nl)
Nice Price Series Vol. 01 - Nihon Pro Mahjong Renmei Kounin - Honkaku Pro Mahjong (Japan)	b2ed524a	4214	Nice Price Series Vol. 01 - Nihon Pro Mahjong Renmei Kounin - Honkaku Pro Mahjong (Japan)
Nice Price Series Vol. 02 - Honkaku Shougi Shinan (Japan)	2eb4b94a	123	Nice Price Series Vol. 02 - Honkaku Shougi Shinan (Japan)
Nice Price Series Vol. 03 - Hanafuda & Card Game (Japan)	c7b3604c	122	Nice Price Series Vol. 03 - Hanafuda & Card Game (Japan)
Nice Price Series Vol. 04 - Billiard King (Japan)	22fce57f	115	Nice Price Series Vol. 04 - Billiard King (Japan)
Nice Price Series Vol. 05 - Chess & Reversi (Japan)	37ee6bf3	117	Nice Price Series Vol. 05 - Chess & Reversi (Japan)
Nice Price Series Vol. 06 - Quiz de Battle (Japan)	a237c393	116	Nice Price Series Vol. 06 - Quiz de Battle (Japan)
Nice Price Series Vol. 07 - World Tournament Bowling (Japan)	b0bb1c1d	126	Nice Price Series Vol. 07 - World Tournament Bowling (Japan)
Nice Price Series Vol. 08 - Elemental Pinball (Japan)	3f28435d	119	Nice Price Series Vol. 08 - Elemental Pinball (Japan)
Nice Price Series Vol. 09 - Paradise Casino (Japan)	b10ed2ee	117	Nice Price Series Vol. 09 - Paradise Casino (Japan)
Nice Price Series Vol. 10 - Igo o Utou! (Japan)	b9c1fe6c	113	Nice Price Series Vol. 10 - Igo o Utou! (Japan)
Nice Price Series Vol. 11 - Nikakudori Deluxe (Japan)	0a43fd5a	1758	Nice Price Series Vol. 11 - Nikakudori Deluxe (Japan)
Nichibutsu Arcade Classics (Japan)	65046e75	494	Nichibutsu Arcade Classics (Japan)
Nichibutsu Mahjong - Joshikou Meijinsen (Japan)	3a143a53	2396	Nichibutsu Mahjong - Joshikou Meijinsen (Japan)
Nick Jr. Dora the Explorer - Barnyard Buddies (Europe)	6605eca8	120	Nick Jr. Dora the Explorer - Barnyard Buddies (USA)
Nick Jr. Dora the Explorer - Barnyard Buddies (USA)	b1b13a8b	117	Nick Jr. Dora the Explorer - Barnyard Buddies (USA)
Nickelodeon Les Razmoket - 100% Angelica (France)	06c0abad	115	Nickelodeon Les Razmoket - 100% Angelica (France)
Nickelodeon Les Razmoket - A la Recherche de Reptar (France)	78b2ad90	126	Nickelodeon Les Razmoket - A la Recherche de Reptar (France)
Nickelodeon Les Razmoket - Font leur Cinema (France)	8b11d4ce	118	Nickelodeon Les Razmoket - Font leur Cinema (France)
Nickelodeon Les Razmoket a Paris - Le Film (France)	ccabf286	117	Nickelodeon Les Razmoket a Paris - Le Film (France)
Nickelodeon Rocket Power - Sauvetage Extreme (France)	bb92de34	2498	Nickelodeon Rocket Power - Sauvetage Extreme (France)
Nickelodeon Rocket Power - Team Rocket Rescue (Europe)	7f23ee45	2515	Nickelodeon Rocket Power - Team Rocket Rescue (USA)
Nickelodeon Rocket Power - Team Rocket Rescue (USA)	d633bd88	2610	Nickelodeon Rocket Power - Team Rocket Rescue (USA)
Nickelodeon Rugrats - Alla Ricerca di Reptar (Italy)	cb2d891f	118	Nickelodeon Rugrats - Alla Ricerca di Reptar (Italy)
Nickelodeon Rugrats - Auf der Suche nach Reptar (Germany)	25aa059e	123	Nickelodeon Rugrats - Auf der Suche nach Reptar (Germany)
Nickelodeon Rugrats - De Speurtocht naar Reptar (Netherlands)	6a387e28	127	Nickelodeon Rugrats - Search for Reptar (USA)
Nickelodeon Rugrats - Excursion al estudio (Spain)	c1ed8deb	116	Nickelodeon Rugrats - Excursion al estudio (Spain)
Nickelodeon Rugrats - La Busqueda de Reptar (Spain)	a9997d72	117	Nickelodeon Rugrats - La Busqueda de Reptar (Spain)
Nickelodeon Rugrats - Search for Reptar (Europe)	9bb4d8ab	114	Nickelodeon Rugrats - Search for Reptar (USA)
Nickelodeon Rugrats - Search for Reptar (Europe) (Demo)	d767fed9	121	Nickelodeon Rugrats - Search for Reptar (USA)
Nickelodeon Rugrats - Search for Reptar (USA)	3df526de	111	Nickelodeon Rugrats - Search for Reptar (USA)
Nickelodeon Rugrats - Search for Reptar (USA) (Trade Demo)	9f4b605e	286	Nickelodeon Rugrats - Search for Reptar (USA)
Nickelodeon Rugrats - Studio Tour (Europe)	ea10c7b4	108	Nickelodeon Rugrats - Studio Tour (USA)
Nickelodeon Rugrats - Studio Tour (Germany)	d855b5f5	109	Nickelodeon Rugrats - Studio Tour (USA)
Nickelodeon Rugrats - Studio Tour (Italy)	6464045a	107	Nickelodeon Rugrats - Studio Tour (USA)
Nickelodeon Rugrats - Studio Tour (USA)	59f31d34	105	Nickelodeon Rugrats - Studio Tour (USA)
Nickelodeon Rugrats - Totally Angelica (Europe)	e5b1e2ff	113	Nickelodeon Rugrats - Totally Angelica (USA)
Nickelodeon Rugrats - Totally Angelica (USA)	d8ae82be	110	Nickelodeon Rugrats - Totally Angelica (USA)
Nickelodeon Rugrats en Paris - La pelicula (Spain)	b0d14acf	116	Nickelodeon Rugrats en Paris - La pelicula (Spain)
Nickelodeon Rugrats in Paris - The Movie (Europe)	efaa9540	115	Nickelodeon Rugrats in Paris - The Movie (USA)
Nickelodeon Rugrats in Paris - The Movie (USA)	e8700d16	112	Nickelodeon Rugrats in Paris - The Movie (USA)
Nickelodeon SpongeBob SquarePants - SuperSponge (Europe)	28df4fc5	122	Nickelodeon SpongeBob SquarePants - SuperSponge (USA)
Nickelodeon SpongeBob SquarePants - SuperSponge (USA)	7254674b	119	Nickelodeon SpongeBob SquarePants - SuperSponge (USA)
Nicktoons Racing (Europe) (En,Fr,De,Es,It,Pt)	3753a54b	111	Nicktoons Racing (USA)
Nicktoons Racing (USA)	0db7b490	88	Nicktoons Racing (USA)
Night Head - The Labyrinth (Japan)	19b05020	100	Night Head - The Labyrinth (Japan)
Night Raid (Japan)	d5d63585	84	Night Raid (Japan)
Night Striker (Japan)	a176c22b	2186	Night Striker (Japan)
Nightmare Creatures (Europe)	77089d97	1335	Nightmare Creatures (USA)
Nightmare Creatures (Germany)	b02a109d	1346	Nightmare Creatures (USA)
Nightmare Creatures (Japan)	1313ec88	1324	Nightmare Creatures (USA)
Nightmare Creatures (Japan) (Demo)	4fc9c84a	100	Nightmare Creatures (USA)
Nightmare Creatures (USA)	51665842	3102	Nightmare Creatures (USA)
Nightmare Creatures (USA) (Demo)	6418ee44	234	Nightmare Creatures (USA)
Nightmare Creatures II (Europe) (En,Fr,De)	73235214	254	Nightmare Creatures II (USA)
Nightmare Creatures II (USA)	8bd76712	226	Nightmare Creatures II (USA)
Nightmare Project - Yakata (Japan) (Disc 1)	4f0a8394	109	Nightmare Project - Yakata (Japan) (Disc 1)
Nightmare Project - Yakata (Japan) (Disc 2)	4e57a545	109	Nightmare Project - Yakata (Japan) (Disc 1)
Nightmare Project - Yakata (Japan) (Disc 3)	f84c4535	109	Nightmare Project - Yakata (Japan) (Disc 1)
Nightruth - Explanation of the Paranormal - 'Yami no Tobira' (Japan)	38682a09	468	Making of Nightruth, The (Japan)
Nihon Pro Golf Kyoukai Kanshuu - Double Eagle (Japan)	b90493d3	1906	Nihon Pro Golf Kyoukai Kanshuu - Double Eagle (Japan)
Nihon Pro Golf Kyoukai Kanshuu - Double Eagle (Japan) (Demo)	1d94688b	1997	Nihon Pro Golf Kyoukai Kanshuu - Double Eagle (Japan)
Nihon Pro Mahjong Renmei Kounin - Doujou Yaburi (Japan)	9c525265	5082	Nihon Pro Mahjong Renmei Kounin - Doujou Yaburi (Japan)
Nihon Pro Mahjong Renmei Kounin - Doujou Yaburi 2 (Japan)	e4c4e9ab	5454	Nihon Pro Mahjong Renmei Kounin - Doujou Yaburi 2 (Japan)
Nihon Pro Mahjong Renmei Kounin - Honkaku Pro Mahjong - Shin Tetsuman (Japan)	41249bce	3938	Nihon Pro Mahjong Renmei Kounin - Honkaku Pro Mahjong - Shin Tetsuman (Japan)
Nihon Pro Mahjong Renmei Kounin - Tehodoki Mahjong Nyuumon-hen (Japan)	097b9e8d	136	Nihon Pro Mahjong Renmei Kounin - Tehodoki Mahjong Nyuumon-hen (Japan)
Nihon Sumou Kyoukai Kounin - Nihon Oozumou (Japan)	e0214662	116	Nihon Sumou Kyoukai Kounin - Nihon Oozumou (Japan)
Nijiiro Dodgeball - Otometachi no Seishun (Japan)	339d134a	1126	Nijiiro Dodgeball - Otometachi no Seishun (Japan)
Nijiiro Twinkle - Guru Guru Daisakusen (Japan)	9f349ada	112	Nijiiro Twinkle - Guru Guru Daisakusen (Japan)
Ningyo no Rakuin (Japan)	db4e5244	90	Ningyo no Rakuin (Japan)
Ninja - L'Ombre des Tenebres (France)	9b864661	5790	Ninja - L'Ombre des Tenebres (France)
Ninja - Shadow of Darkness (Europe)	823ddcf7	5702	Ninja - Shadow of Darkness (USA)
Ninja - Shadow of Darkness (Europe) (Beta) (1998-08-26)	9a17060e	6582	Ninja - Shadow of Darkness (USA)
Ninja - Shadow of Darkness (Europe) (Demo)	511d80ac	934	Ninja - Shadow of Darkness (USA)
Ninja - Shadow of Darkness (Europe) (Es,It)	85d17a74	5778	Ninja - Shadow of Darkness (USA)
Ninja - Shadow of Darkness (Germany)	4e30a2f5	5746	Ninja - Shadow of Darkness (USA)
Ninja - Shadow of Darkness (UK) (Demo)	ab53d544	906	Ninja - Shadow of Darkness (USA)
Ninja - Shadow of Darkness (USA)	b56c0582	5570	Ninja - Shadow of Darkness (USA)
Ninja Jajamaru-kun - Onigiri Ninpouchou (Japan)	4a73afb6	2680	Ninja Jajamaru-kun - Onigiri Ninpouchou (Japan)
Ninja Jajamaru-kun - Onigiri Ninpouchou (Japan) (Demo)	0a262404	1018	Ninja Jajamaru-kun - Onigiri Ninpouchou (Japan)
Ninkuu (Japan)	6cc3efb6	198	Ninkuu (Japan)
Ninpuu Sentai Hurricanger & Kamen Rider Ryuuki (Japan) (2-dai Hero Special Disc Taikenban)	2fa494c5	534	Ninpuu Sentai Hurricanger (Japan)
Ninpuu Sentai Hurricanger (Japan)	5865cfdb	236	Ninpuu Sentai Hurricanger (Japan)
Ninteiou - Zen Nihon Tsume Shougi Renmei Kaichou Okada Toshi no Tsume Shougi Kyoushitsu (Japan)	0fe2d2ca	360	Ninteiou - Zen Nihon Tsume Shougi Renmei Kaichou Okada Toshi no Tsume Shougi Kyoushitsu (Japan)
Nippon Ichi Mahjong - Souryuu (Japan) (Major Wave)	9cae37cd	2157	Souryuu (Japan)
Nise Flopon-kun P! Famitsuu Nottori Version (Japan)	f01e4ec1	1142	Uchuu Seibutsu Flopon-kun P! (Japan)
Nishijin Pachinko Tengoku EX (Japan)	9f2144c6	102	Nishijin Pachinko Tengoku EX (Japan)
Nishijin Pachinko Tengoku Vol. 1 (Japan)	81c06e2e	652	Nishijin Pachinko Tengoku Vol. 1 (Japan)
Nishijin Pachinko Tengoku Vol. 2 (Japan)	91f326cd	786	Nishijin Pachinko Tengoku Vol. 2 (Japan)
Nishijin Pachinko Tengoku Vol. 3 (Japan)	f24de0b8	106	Nishijin Pachinko Tengoku Vol. 3 (Japan)
Nishijin Pachinko Tettei Kouryaku - CR Hanaman Sokuhou & CR Obake Land (Japan)	3833d346	144	Nishijin Pachinko Tettei Kouryaku - CR Hanaman Sokuhou & CR Obake Land (Japan)
Nissan Presents - Over Drivin' - Skyline Memorial (Japan)	573ec6b6	123	Nissan Presents - Over Drivin' - Skyline Memorial (Japan)
Nissan Presents - Over Drivin' - Skyline Memorial (Japan) (Demo)	2f7f99b1	130	Nissan Presents - Over Drivin' - Skyline Memorial (Japan)
No Fear Downhill Mountain Bike Racing (USA)	d523acf6	109	No Fear Downhill Mountain Bike Racing (USA)
No Fear Downhill Mountain Biking (Europe) (Demo)	d82c8676	114	No Fear Downhill Mountain Biking (Europe) (En,Fr,De,Es,It,Sv)
No Fear Downhill Mountain Biking (Europe) (En,Fr,De,Es,It,Sv)	a96c08b5	127	No Fear Downhill Mountain Biking (Europe) (En,Fr,De,Es,It,Sv)
No One Can Stop Mr. Domino (Europe)	8196cb7a	240	No One Can Stop Mr. Domino (USA)
No One Can Stop Mr. Domino (USA)	1f42fdff	239	No One Can Stop Mr. Domino (USA)
No One Can Stop Mr. Domino (USA) (Trade Demo)	64340456	265	No One Can Stop Mr. Domino (USA)
No-appointment Gals Olympos - Apo Nashi Gals Olympos (Japan)	60e0e33d	126	No-appointment Gals Olympos - Apo Nashi Gals Olympos (Japan)
Nobunaga Hiroku - Geten no Yume (Japan)	4c77dcc3	105	Nobunaga Hiroku - Geten no Yume (Japan)
Nobunaga Shippuuki - Kirameki (Japan)	4775388b	103	Nobunaga Shippuuki - Kirameki (Japan)
Nobunaga no Yabou - Bushou Fuuunroku (Japan)	ecbb569c	110	Nobunaga no Yabou - Bushou Fuuunroku (Japan)
Nobunaga no Yabou - Haouden (Japan)	97b9c5ed	1412	Nobunaga no Yabou - Haouden (Japan)
Nobunaga no Yabou - Reppuuden (Japan)	c222b32e	244	Nobunaga no Yabou - Reppuuden (Japan)
Nobunaga no Yabou - Reppuuden (Japan) (Rev 1)	a510230a	260	Nobunaga no Yabou - Reppuuden (Japan)
Nobunaga no Yabou - Reppuuden with Power-Up Kit (Japan)	7143b0e1	280	Nobunaga no Yabou - Reppuuden (Japan)
Nobunaga no Yabou - Returns (Japan)	a822b76a	1014	Nobunaga no Yabou - Returns (Japan)
Nobunaga no Yabou - Sengoku Gunyuuden (Japan)	bd94cb33	111	Nobunaga no Yabou - Sengoku Gunyuuden (Japan)
Nobunaga no Yabou - Shouseiroku (Japan)	c493e37a	248	Nobunaga no Yabou - Shouseiroku (Japan)
Nobunaga no Yabou - Shouseiroku (Japan) (Rev 1)	5224db18	264	Nobunaga no Yabou - Shouseiroku (Japan)
Nobunaga no Yabou - Shouseiroku with Power-Up Kit (Japan)	953a8d5f	284	Nobunaga no Yabou - Shouseiroku (Japan)
Nobunaga no Yabou - Tenshouki (Japan)	9d4a0c8c	1698	Nobunaga no Yabou - Tenshouki (Japan)
Nobunaga no Yabou - Tenshouki with Power-Up Kit (Japan)	b6969f9a	1932	Nobunaga no Yabou - Tenshouki (Japan)
Nobunaga no Yabou - Zenkokuban (Japan)	301fdb82	246	Nobunaga no Yabou - Zenkokuban (Japan)
Noddy - Una Aventura Magica (Spain)	75fc1e89	11162	Noddy - Una Aventura Magica (Spain)
Noddy's Magic Adventure (Europe) (En,Fr)	11765a3b	11592	Noddy's Magic Adventure (Europe) (En,Fr)
Noel - La Neige (Japan) (Disc 1)	acda9039	98	Noel - La Neige (Japan) (Disc 1)
Noel - La Neige (Japan) (Disc 1) (Special Edition)	3d8b93d7	116	Noel - La Neige (Japan) (Disc 1)
Noel - La Neige (Japan) (Disc 2)	ad87b6e8	98	Noel - La Neige (Japan) (Disc 1)
Noel - La Neige (Japan) (Disc 2) (Special Edition)	19e33be8	116	Noel - La Neige (Japan) (Disc 1)
Noel - La Neige (Japan) (Disc 3)	1b9c5698	98	Noel - La Neige (Japan) (Disc 1)
Noel - La Neige (Japan) (Disc 3) (Special Edition)	05c4a3fd	116	Noel - La Neige (Japan) (Disc 1)
Noel - La Neige Special (Japan)	3bf243e8	97	Noel - La Neige Special (Japan)
Noel - Not Digital (Japan) (Disc 1)	c26fd348	101	Noel - Not Digital (Japan) (Disc 1)
Noel - Not Digital (Japan) (Disc 1) (Rev 1)	cdbdcfa6	109	Noel - Not Digital (Japan) (Disc 1)
Noel - Not Digital (Japan) (Disc 2)	c332f599	101	Noel - Not Digital (Japan) (Disc 1)
Noel 3 - Mission on the Line (Japan) (Disc 1)	66fb4ea5	111	Noel 3 - Mission on the Line (Japan) (Disc 1)
Noel 3 - Mission on the Line (Japan) (Disc 1) (Major Wave)	6beffca1	124	Noel 3 - Mission on the Line (Japan) (Disc 1)
Noel 3 - Mission on the Line (Japan) (Disc 2)	356b0ab0	955	Noel 3 - Mission on the Line (Japan) (Disc 1)
Noel 3 - Mission on the Line (Japan) (Disc 2) (Major Wave)	4d85d0ee	1046	Noel 3 - Mission on the Line (Japan) (Disc 1)
Noel 3 - Mission on the Line (Japan) (Disc 3)	b9f9e008	399	Noel 3 - Mission on the Line (Japan) (Disc 1)
Noel 3 - Mission on the Line (Japan) (Disc 3) (Major Wave)	ae2e9876	438	Noel 3 - Mission on the Line (Japan) (Disc 1)
Noon (Japan)	80910bea	2978	Noon (Japan)
Norse by Norsewest - The Return of the Lost Vikings (USA)	aef4171f	123	Norse by Norsewest - The Return of the Lost Vikings (USA)
Not Treasure Hunter (Japan)	b7ea8ac8	93	Not Treasure Hunter (Japan)
Notam of Wind (Japan, Asia)	f9b75895	224	Notam of Wind (Japan, Asia)
Note, The (Europe) (En,Fr,De,Es,It)	bea45053	369	Note, The (Europe) (En,Fr,De,Es,It)
Novastorm (Europe) (Disc 1)	aeff5d63	93	Novastorm (USA) (Disc 1)
Novastorm (Europe) (Disc 2)	afa27bb2	93	Novastorm (USA) (Disc 1)
Novastorm (Japan) (Disc 1)	dc0a8b38	92	Novastorm (USA) (Disc 1)
Novastorm (Japan) (Disc 2)	dd57ade9	92	Novastorm (USA) (Disc 1)
Novastorm (USA) (Disc 1)	b9cf758a	90	Novastorm (USA) (Disc 1)
Novastorm (USA) (Disc 2)	b892535b	90	Novastorm (USA) (Disc 1)
Novels - Game Center Arashi R (Japan)	01ebeda6	103	Novels - Game Center Arashi R (Japan)
NuPa - Numeric Paint Puzzle (Japan)	d7372b00	240	NuPa - Numeric Paint Puzzle (Japan)
Nuclear Strike (Europe)	89a4567a	216	Nuclear Strike (USA)
Nuclear Strike (France)	0a3d28b8	216	Nuclear Strike (USA)
Nuclear Strike (Germany)	d460dc44	218	Nuclear Strike (USA)
Nuclear Strike (USA)	9948cee9	210	Nuclear Strike (USA)
Nuclear Strike (USA) (Demo)	4ecbc1b4	93	Nuclear Strike (USA)
Nukumori no Naka de - In the Warmth (Japan)	9dde3a19	256	Nukumori no Naka de - In the Warmth (Japan)
Nurse Story (Japan)	8ed62980	85	Nurse Story (Japan)
Nyan to Wonderful (Japan)	c6ef1008	1542	Nyan to Wonderful (Japan)
O.D.T. (Europe)	f5167efc	200	O.D.T. (USA)
O.D.T. (France)	390d5b96	200	O.D.T. (USA)
O.D.T. (France) (Demo)	a7ade363	214	O.D.T. (USA)
O.D.T. (Germany)	ebf234c9	202	O.D.T. (USA)
O.D.T. (Germany) (Demo)	1bbf871d	216	O.D.T. (USA)
O.D.T. (Italy)	6d9f3e68	198	O.D.T. (USA)
O.D.T. (Spain)	1e64bdfb	80	O.D.T. (USA)
O.D.T. (USA)	062e316a	194	O.D.T. (USA)
O.D.T. (USA) (Demo)	be61b0ca	85	O.D.T. (USA)
Oasis Road (Japan)	19c9b251	84	Oasis Road (Japan)
Ocha no Ma Battle (Japan)	464017fd	91	Ocha no Ma Battle (Japan)
Oda Nobunaga Den (Japan)	2b4c3898	218	Oda Nobunaga Den (Japan)
Oddworld - Abe's Exoddus (Europe) (Disc 1)	865cdeb9	108	Oddworld - Abe's Exoddus (USA) (Disc 1)
Oddworld - Abe's Exoddus (Europe) (Disc 2)	8701f868	108	Oddworld - Abe's Exoddus (USA) (Disc 1)
Oddworld - Abe's Exoddus (Germany) (Disc 1)	3a7833a9	109	Oddworld - Abe's Exoddus (USA) (Disc 1)
Oddworld - Abe's Exoddus (Germany) (Disc 2)	3b251578	109	Oddworld - Abe's Exoddus (USA) (Disc 1)
Oddworld - Abe's Exoddus (Italy) (Disc 1)	e4c63c7d	107	Oddworld - Abe's Exoddus (USA) (Disc 1)
Oddworld - Abe's Exoddus (Italy) (Disc 2)	e59b1aac	107	Oddworld - Abe's Exoddus (USA) (Disc 1)
Oddworld - Abe's Exoddus (Spain) (Disc 1)	788c81cb	107	Oddworld - Abe's Exoddus (USA) (Disc 1)
Oddworld - Abe's Exoddus (Spain) (Disc 2)	79d1a71a	107	Oddworld - Abe's Exoddus (USA) (Disc 1)
Oddworld - Abe's Exoddus (USA) (Disc 1)	bbceed0e	105	Oddworld - Abe's Exoddus (USA) (Disc 1)
Oddworld - Abe's Exoddus (USA) (Disc 2)	ba93cbdf	105	Oddworld - Abe's Exoddus (USA) (Disc 1)
Oddworld - Abe's Exoddus + Duke Nukem - Time to Kill + B-Movie (Europe) (Demo)	c816b1c1	842	Oddworld - Abe's Exoddus + Duke Nukem - Time to Kill + B-Movie (Europe) (Demo)
Oddworld - Abe's Exoddus + Duke Nukem - Time to Kill + Duke Nukem - 3D (France) (En,Fr)	13bf6f1d	525	Oddworld - L'Exode d'Abe (France) (Disc 1)
Oddworld - Abe's Oddysee (Europe)	555098bf	99	Oddworld - Abe's Oddysee (USA)
Oddworld - Abe's Oddysee (Europe) (Demo)	0068b442	106	Oddworld - Abe's Oddysee (USA)
Oddworld - Abe's Oddysee (Germany)	4f382c22	100	Oddworld - Abe's Oddysee (USA)
Oddworld - Abe's Oddysee (Italy)	f45a1969	98	Oddworld - Abe's Oddysee (USA)
Oddworld - Abe's Oddysee (Spain)	a91ee8b1	98	Oddworld - Abe's Oddysee (USA)
Oddworld - Abe's Oddysee (USA)	e747dfe0	96	Oddworld - Abe's Oddysee (USA)
Oddworld - Abe's Oddysee (USA) (Demo)	a213da4b	103	Oddworld - Abe's Oddysee (USA)
Oddworld - Abe's Oddysee (USA) (Rev 1)	916b7ec4	104	Oddworld - Abe's Oddysee (USA)
Oddworld - Abe's Oddysee (USA) (Rev 2)	90365815	104	Oddworld - Abe's Oddysee (USA)
Oddworld - Abe's Oddysee (USA) (Trade Demo)	3404a218	109	Oddworld - Abe's Oddysee (USA)
Oddworld - L'Exode d'Abe (France) (Disc 1)	1a83505d	108	Oddworld - L'Exode d'Abe (France) (Disc 1)
Oddworld - L'Exode d'Abe (France) (Disc 2)	1bde768c	108	Oddworld - L'Exode d'Abe (France) (Disc 1)
Oddworld - L'Odyssee d'Abe (France)	c03f2edc	101	Oddworld - L'Odyssee d'Abe (France)
Odo Odo Oddity (Japan)	ccc33402	214	Odo Odo Oddity (Japan)
Odo Odo Oddity (Japan) (Demo)	79c28f33	228	Odo Odo Oddity (Japan)
Oehlins Hyper-Rally (Japan)	16c77e46	950	Oehlins Hyper-Rally (Japan)
Off-World Interceptor Extreme (Europe)	6c2e2100	104	Off-World Interceptor Extreme (USA)
Off-World Interceptor Extreme (Japan)	e0bf4a60	103	Off-World Interceptor Extreme (USA)
Off-World Interceptor Extreme (USA)	697f6e6a	101	Off-World Interceptor Extreme (USA)
Official Yarudora Fan Book - Kisetsu o Dakishimete (Japan)	cfb39f22	124	Yarudora Series Vol. 2 - Kisetsu o Dakishimete (Japan) (Disc 1)
Official Yarudora Fan Book - Sampaguita (Japan)	c066b3fb	113	Yarudora Series Vol. 3 - Sampaguita (Japan) (Disc 1)
Ogre Battle - Limited Edition (USA)	9491d358	627	Ogre Battle - Limited Edition (USA)
Oh No! (Japan)	1b902d2c	80	Oh No! (Japan)
Oh! Bakyuuun (Japan)	5e179fb4	86	Oh! Bakyuuun (Japan)
Oh-chan no Oekaki Logic (Japan)	51413a34	1494	Oh-chan no Oekaki Logic (Japan)
Oh-chan no Oekaki Logic 2 (Japan)	f67ed521	1902	Oh-chan no Oekaki Logic 2 (Japan)
Oh-chan no Oekaki Logic 2 (Japan) (Rev 1)	932f5d72	2022	Oh-chan no Oekaki Logic 2 (Japan)
Oh-chan no Oekaki Logic 3 (Japan)	e5faf923	1518	Oh-chan no Oekaki Logic 3 (Japan)
Oha Suta Dance Dance Revolution (Japan)	4d849cdb	120	Oha Suta Dance Dance Revolution (Japan)
Oja Majo DoReMi Dokkan! Nijiiro ParaDice (Japan)	d6d78d44	114	Oja Majo DoReMi Dokkan! Nijiiro ParaDice (Japan)
Ojousama Express (Japan) (Demo)	c874a200	97	Ojousama Express (Japan) (Disc 1)
Ojousama Express (Japan) (Disc 1)	45d17a12	99	Ojousama Express (Japan) (Disc 1)
Ojousama Express (Japan) (Disc 2)	448c5cc3	99	Ojousama Express (Japan) (Disc 1)
Okappari-ou (Japan)	ac495019	3972	Okappari-ou (Japan)
Olympia, Takasago - Virtua Pachi-Slot III (Japan)	27b04819	1269	Olympia, Takasago - Virtua Pachi-Slot III (Japan)
Olympia, Yamasa - Virtua Pachi-Slot II - Jissen! Bishoujo Kouryakuhou (Japan)	68ec4d9a	1521	Olympia, Yamasa - Virtua Pachi-Slot II - Jissen! Bishoujo Kouryakuhou (Japan)
Olympic Games (Europe) (En,Fr,De,Es,It)	6a48c612	1322	Olympic Games (Europe) (En,Fr,De,Es,It)
Olympic Soccer (Europe) (En,Fr,De,Es,It)	444f7f3c	2682	Olympic Soccer (USA)
Olympic Soccer (Germany)	1fc724cc	2362	Olympic Soccer (USA)
Olympic Soccer (Japan)	0ee70afc	2322	Olympic Soccer (USA)
Olympic Soccer (USA)	fedb1eeb	2282	Olympic Soccer (USA)
Olympic Summer Games (USA)	6df3cf3d	1192	Olympic Summer Games (USA)
Omega Assault (Europe)	98192a03	88	Omega Assault (Europe)
Omega Boost (Europe) (En,Fr,De,Es,It)	4bf3acc4	103	Omega Boost (USA)
Omega Boost (Japan) (Demo)	133ac027	92	Omega Boost (USA)
Omega Boost (Japan) (En,Ja)	913e384c	93	Omega Boost (USA)
Omega Boost (USA)	fe740721	83	Omega Boost (USA)
Omiai Commando - Ba-Couple ni Tsukkomi o (Japan)	90660368	114	Omiai Commando - Ba-Couple ni Tsukkomi o (Japan)
Omise de Tenshu (Japan)	07c18188	89	Omise de Tenshu (Japan)
Omizu no Hanamichi (Japan)	2e724294	92	Omizu no Hanamichi (Japan)
One (Europe) (En,Fr,De,Es,It)	64dbcc34	597	One (USA)
One (France) (Demo)	9e50258d	547	One (USA)
One (Japan)	334e691d	507	One (USA)
One (USA)	c7f69006	497	One (USA)
One Piece Mansion (Europe)	50b85188	92	One Piece Mansion (USA)
One Piece Mansion (Japan)	752b1344	91	One Piece Mansion (USA)
One Piece Mansion (Japan) (Demo)	3c56409a	98	One Piece Mansion (USA)
One Piece Mansion (USA)	ce8334d0	89	One Piece Mansion (USA)
One Two Smash - Tanoshii Tennis (Japan)	291b1ef5	1046	One Two Smash - Tanoshii Tennis (Japan)
Ongaku Tkool - Kanadeeru 2 (Japan)	96f72eab	100	Character Tkool (Japan)
Ongaku Tkool - Kanadeeru 2 (Japan) (Rerelease)	af18935f	112	Character Tkool (Japan)
Ongaku Tkool 3 (Japan)	04e0722b	88	Ongaku Tkool 3 (Japan)
Oni Taiji!!, The - Mezase! Nidaime Momotarou (Japan)	28611226	118	Oni Taiji!!, The - Mezase! Nidaime Momotarou (Japan)
Oni Taiji!!, The - Mezase! Nidaime Momotarou (Japan) (Major Wave)	f4f53c36	131	Oni Taiji!!, The - Mezase! Nidaime Momotarou (Japan)
Onside Complete Soccer (Europe) (En,Fr,De,Es)	f223df9e	1942	Onside Complete Soccer (Europe) (En,Fr,De,Es)
Onside Complete Soccer (Europe) (En,Fr,De,Es) (Rev 1)	c2a54158	2054	Onside Complete Soccer (Europe) (En,Fr,De,Es)
Ooedo Fuusui Ingaritsu - Hanabi 2 (Japan)	e3cd0ec3	107	Ooedo Fuusui Ingaritsu - Hanabi 2 (Japan)
Ooumi Nobunaga Den - Geten II (Japan)	5eccbc9c	103	Ooumi Nobunaga Den - Geten II (Japan)
Open Golf, The - History of Turnberry (Japan)	ba56ef67	260	Open Golf, The - History of Turnberry (Japan)
Option - Tuning Car Battle (Japan)	03f39ff3	2820	Option - Tuning Car Battle (Japan)
Option - Tuning Car Battle (Japan) (Demo 1)	6c5675ee	667	Option - Tuning Car Battle (Japan)
Option - Tuning Car Battle (Japan) (Demo 2)	bf9af3ce	3018	Option - Tuning Car Battle (Japan)
Option - Tuning Car Battle (Japan) (Rev 1)	6288dfe0	2996	Option - Tuning Car Battle (Japan)
Option - Tuning Car Battle 2 (Japan)	284f9204	1022	Option - Tuning Car Battle 2 (Japan)
Option - Tuning Car Battle Spec R (Japan)	c7b3f55d	1478	Option - Tuning Car Battle Spec R (Japan)
Oracle no Houseki - Jewels of the Oracle (Japan) (En,Ja,Fr,De)	37215fcd	450	Oracle no Houseki - Jewels of the Oracle (Japan) (En,Ja,Fr,De)
Ore no Ryouri (Japan)	03e406b3	87	Ore no Ryouri (Japan)
Ore no Ryouri (Japan) (Demo 1)	872b89a4	96	Ore no Ryouri (Japan)
Ore no Ryouri (Japan) (Demo 2)	8676af75	96	Ore no Ryouri (Japan)
Ore no Shikabane o Koete Yuke (Japan)	5a2405cc	103	Ore no Shikabane o Koete Yuke (Japan)
Ore no Shikabane o Koete Yuke (Japan) (Tentou-you Movie Disc)	a9fa741f	127	Ore no Shikabane o Koete Yuke (Japan)
Ore no Yotto - Ganbare! Nippon Challenge (Japan) (En,Ja)	1f7fcaa9	122	Ore no Yotto - Ganbare! Nippon Challenge (Japan) (En,Ja)
Ore! Tomba (Japan)	17affb36	84	Ore! Tomba (Japan)
Ore! Tomba (Japan) (Demo)	68ff31ad	91	Ore! Tomba (Japan)
Oro e Gloria - La Strada per El Dorado (Italy)	ec8ecf5b	112	Gold and Glory - The Road to El Dorado (USA)
Oro y Gloria - La Ruta hacia El Dorado (Spain)	c086fb6b	112	Gold and Glory - The Road to El Dorado (USA)
Osaka Naniwa Matenrou (Japan)	43a37803	95	Osaka Naniwa Matenrou (Japan)
Oshigoto-shiki Jinsei Game - Mezase Shokugyou King (Japan)	2ac63de6	124	Oshigoto-shiki Jinsei Game - Mezase Shokugyou King (Japan)
Otenki Kororin (Japan)	1a89744d	1971	Otenki Kororin (Japan)
Othello World II - Yume to Michi e no Chousen (Japan)	d4df7496	276	Othello World II - Yume to Michi e no Chousen (Japan)
Other Life Azure Dreams (Japan, Asia)	81ac8a8d	118	Other Life Azure Dreams (Japan, Asia)
Otogi Story - Tenshi no Shippo (Japan)	796ec620	246	Otogi Story - Tenshi no Shippo (Japan)
Otona no Asobi (Japan)	45be3ee5	88	Otona no Asobi (Japan)
Oujisama Lv1 (Japan)	88f78b00	210	Oujisama Lv1 (Japan)
Oujisama Lv1.5 - Oujisama no Tamago (Japan)	6883d490	109	Oujisama Lv1.5 - Oujisama no Tamago (Japan)
Oukyuu no Hihou Tension (Japan)	56494730	1998	Oukyuu no Hihou Tension (Japan)
Oumagatoki (Japan)	107b1a9d	84	Oumagatoki (Japan)
Oumagatoki (Japan) (Premium Fan Disc)	9db54037	103	Oumagatoki (Japan)
Oumagatoki 2 (Japan)	720ba2c7	86	Oumagatoki 2 (Japan)
Our Graduation - Mahjong de Pon! Hanafuda de Koi! (Japan) (Disc 1) (Mahjong de Pon!)	17406747	150	Our Graduation - Mahjong de Pon! Hanafuda de Koi! (Japan) (Disc 1) (Mahjong de Pon!)
Our Graduation - Mahjong de Pon! Hanafuda de Koi! (Japan) (Disc 2) (Hanafuda de Koi!)	5f29e028	151	Our Graduation - Mahjong de Pon! Hanafuda de Koi! (Japan) (Disc 1) (Mahjong de Pon!)
Out Live - Be Eliminate Yesterday (Japan)	5b1ac0cd	107	Out Live - Be Eliminate Yesterday (Japan)
Over Drivin' DX (Japan)	4bbaf546	89	Over Drivin' DX (Japan)
Over Drivin' DX - Rally Edition (Japan)	b82ca8ce	105	Over Drivin' DX (Japan)
Over Drivin' II (Japan)	e2af666d	89	Over Drivin' II (Japan)
Over Drivin' III - Hot Pursuit (Japan)	19086d07	104	Over Drivin' III - Hot Pursuit (Japan)
Over Drivin' III - Hot Pursuit (Japan) (Demo)	8f0c5ea0	111	Over Drivin' III - Hot Pursuit (Japan)
Over Drivin' IV (Japan)	87851c35	89	Over Drivin' IV (Japan)
Over Drivin' IV (Japan) (Demo)	6467d60b	96	Over Drivin' IV (Japan)
OverBlood (Europe)	aeba3b3e	84	OverBlood (USA)
OverBlood (France)	88b28a3b	84	OverBlood (USA)
OverBlood (Germany)	d57c7537	85	OverBlood (USA)
OverBlood (Japan)	a35ad3dc	83	OverBlood (USA)
OverBlood (Japan) (Major Wave)	0a9ba952	96	OverBlood (USA)
OverBlood (USA)	cad5f534	81	OverBlood (USA)
OverBlood 2 (Europe) (Disc 1)	f2d9e5c4	95	OverBlood 2 (Europe) (Disc 1)
OverBlood 2 (Europe) (Disc 1) (Rev 1)	6f2887b5	103	OverBlood 2 (Europe) (Disc 1)
OverBlood 2 (Europe) (Disc 2)	f384c315	95	OverBlood 2 (Europe) (Disc 1)
OverBlood 2 (Europe) (Disc 2) (Rev 1)	8482cf08	103	OverBlood 2 (Europe) (Disc 1)
OverBlood 2 (Germany) (Disc 1) (Rev 1)	742684da	104	OverBlood 2 (Europe) (Disc 1)
OverBlood 2 (Germany) (Disc 2) (Rev 1)	9f8ccc67	104	OverBlood 2 (Europe) (Disc 1)
OverBlood 2 (Italy) (Disc 1)	d02fdbfe	94	OverBlood 2 (Europe) (Disc 1)
OverBlood 2 (Italy) (Disc 2)	d172fd2f	94	OverBlood 2 (Europe) (Disc 1)
OverBlood 2 (Japan) (Demo)	51bc7f33	92	OverBlood 2 (Europe) (Disc 1)
OverBlood 2 (Japan) (Disc 1)	49d82883	94	OverBlood 2 (Europe) (Disc 1)
OverBlood 2 (Japan) (Disc 2)	48850e52	94	OverBlood 2 (Europe) (Disc 1)
Overboard! (Europe)	65e23244	3516	Overboard! (Europe)
Oyaji no Jikan - Nee-chan Hanafuda de Shoubu ya! (Japan)	e3754bb7	732	Oyaji no Jikan - Nee-chan Hanafuda de Shoubu ya! (Japan)
Oyaji no Jikan - Nee-chan Mahjong de Shoubu ya! (Japan)	c14372e1	578	Oyaji no Jikan - Nee-chan Mahjong de Shoubu ya! (Japan)
Oyaji no Jikan - Nee-chan Tsuri Iku de! (Japan)	fea438e1	264	Oyaji no Jikan - Nee-chan Tsuri Iku de! (Japan)
Oyako Entertainment Series - TV Kamishibai Vol. 1 (Japan)	bcc9e279	123	Oyako Entertainment Series - TV Kamishibai Vol. 1 (Japan)
Oz no Mahoutsukai - Another World - Rung Rung (Japan)	e8a06ba6	119	Oz no Mahoutsukai - Another World - Rung Rung (Japan)
PAQA (Japan)	e412f496	78	PAQA (Japan)
PAQA (Japan) (Demo)	a28625fa	85	PAQA (Japan)
PD Ultraman Invader (Japan)	56df885b	1934	PD Ultraman Invader (Japan)
PGA European Tour Golf (Europe) (En,De)	c8640912	381	PGA European Tour Golf (Europe) (En,De)
PGA European Tour Golf (Europe) (Fr,Es,It)	aa4d84d0	390	PGA European Tour Golf (Europe) (En,De)
PGA European Tour Golf (Europe) (Fr,Es,It) (Alt)	e3fb9513	408	PGA European Tour Golf (Europe) (En,De)
PGA Tour 96 (Europe)	6e2af407	86	PGA Tour 96 (USA)
PGA Tour 96 (Japan)	89f947a3	85	PGA Tour 96 (USA)
PGA Tour 96 (USA)	79499b80	83	PGA Tour 96 (USA)
PGA Tour 97 (Europe)	374ccc6c	86	PGA Tour 97 (USA)
PGA Tour 97 (Japan)	5cfc3bdf	85	PGA Tour 97 (USA)
PGA Tour 97 (USA)	f4087fd8	83	PGA Tour 97 (USA)
PGA Tour 98 (Europe)	c4adaaa7	86	PGA Tour 98 (USA)
PGA Tour 98 (USA)	5106f994	83	PGA Tour 98 (USA)
PO'ed (Europe) (En,Fr,De,Es,It)	e63ab6f5	482	PO'ed (USA)
PO'ed (Japan)	516457f9	410	PO'ed (USA)
PO'ed (USA)	c38976a1	402	PO'ed (USA)
PO'ed (USA) (Beta) (1996-02-02)	59cb3184	97	PO'ed (USA)
PaRappa the Rapper (Asia) (En,Ja,Fr,De,Es,It,Zh)	3925eb09	114	PaRappa the Rapper (USA) (En,Fr,De,Es,It)
PaRappa the Rapper (Japan)	9c8daa92	92	PaRappa the Rapper (USA) (En,Fr,De,Es,It)
PaRappa the Rapper (Japan) (Demo)	9d9050dc	99	PaRappa the Rapper (USA) (En,Fr,De,Es,It)
PaRappa the Rapper (USA) (Demo)	83dad869	97	PaRappa the Rapper (USA) (En,Fr,De,Es,It)
PaRappa the Rapper (USA) (En,Fr,De,Es,It)	7224ea87	107	PaRappa the Rapper (USA) (En,Fr,De,Es,It)
PaRappa the Rapper - The Hip Hop Hero (Europe) (En,Fr,De,Es,It)	4957dacb	129	PaRappa the Rapper - The Hip Hop Hero (Europe) (En,Fr,De,Es,It)
Pac-Man World (USA) (Demo)	0895200c	702	Pac-Man World - 20th Anniversary (USA)
Pac-Man World (USA) (Demo) (Rev 1)	94cb36bc	1530	Pac-Man World - 20th Anniversary (USA)
Pac-Man World - 20th Anniversary (Europe)	d2456058	3110	Pac-Man World - 20th Anniversary (USA)
Pac-Man World - 20th Anniversary (Europe) (Beta) (1999-09-18)	30e7d7a5	4076	Pac-Man World - 20th Anniversary (USA)
Pac-Man World - 20th Anniversary (France)	89f9251a	3110	Pac-Man World - 20th Anniversary (USA)
Pac-Man World - 20th Anniversary (Germany)	e2e6efce	3133	Pac-Man World - 20th Anniversary (USA)
Pac-Man World - 20th Anniversary (Italy)	8306d806	3087	Pac-Man World - 20th Anniversary (USA)
Pac-Man World - 20th Anniversary (Japan)	27dbe277	3087	Pac-Man World - 20th Anniversary (USA)
Pac-Man World - 20th Anniversary (Japan) (Demo)	12b3fee2	1402	Pac-Man World - 20th Anniversary (USA)
Pac-Man World - 20th Anniversary (Spain)	f93074b9	3087	Pac-Man World - 20th Anniversary (USA)
Pac-Man World - 20th Anniversary (USA)	5960e3dc	3041	Pac-Man World - 20th Anniversary (USA)
Paca Paca Passion (Japan)	82bfdc7d	91	Paca Paca Passion (Japan)
Paca Paca Passion (Japan) (Demo)	de24a3b4	98	Paca Paca Passion (Japan)
Paca Paca Passion 2 (Japan)	5e72a46a	93	Paca Paca Passion 2 (Japan)
Paca Paca Passion 2 (Japan) (Taikenban)	5d2d68cc	105	Paca Paca Passion 2 (Japan)
Paca Paca Passion Special (Japan)	9fa77a7a	99	Paca Paca Passion Special (Japan)
Pachi Pachi Saga (Japan)	0faf62f5	90	Pachi Pachi Saga (Japan)
Pachi Slot Teiou - Big Wave, Pika Gorou, BB Junky 7 (Japan)	e9354cb7	125	Pachi Slot Teiou - Big Wave, Pika Gorou, BB Junky 7 (Japan)
Pachi Slot Teiou W - Arabesque R, Hot Rod Queen (Japan)	3ef29248	121	Pachi Slot Teiou W - Arabesque R, Hot Rod Queen (Japan)
Pachi-Slot Aruze Oukoku (Japan)	555b00d2	1368	Pachi-Slot Aruze Oukoku (Japan)
Pachi-Slot Aruze Oukoku 2 (Japan)	f31d00cd	1902	Pachi-Slot Aruze Oukoku 2 (Japan)
Pachi-Slot Aruze Oukoku 2 (Japan) (PSone Books)	d0119c2b	2112	Pachi-Slot Aruze Oukoku 2 (Japan)
Pachi-Slot Aruze Oukoku 3 (Japan)	6827bd94	1646	Pachi-Slot Aruze Oukoku 3 (Japan)
Pachi-Slot Aruze Oukoku 4 (Japan)	ec77a4db	871	Pachi-Slot Aruze Oukoku 4 (Japan)
Pachi-Slot Aruze Oukoku 4 (Japan) (Deluxe Pack)	3e311eb8	969	Pachi-Slot Aruze Oukoku 4 (Japan)
Pachi-Slot Aruze Oukoku 4 (Japan) (PSone Books)	c17b1921	969	Pachi-Slot Aruze Oukoku 4 (Japan)
Pachi-Slot Aruze Oukoku 5 (Japan)	489343fd	1774	Pachi-Slot Aruze Oukoku 5 (Japan)
Pachi-Slot Aruze Oukoku 7 (Japan) (Disc 2) (4th Reel Disc)	5dc808ae	1818	Pachi-Slot Aruze Oukoku 7 (Japan) (Disc 2) (4th Reel Disc)
Pachi-Slot Kanzen Kaiseki - Wai Wai Pulsar 2 & 77 2 (Japan)	c2f1c59b	125	Pachi-Slot Kanzen Kaiseki - Wai Wai Pulsar 2 & 77 2 (Japan)
Pachi-Slot Kanzen Kouryaku - Aruze Koushiki Guide Volume 4 (Japan)	e5a63bf5	3846	Pachi-Slot Kanzen Kouryaku - Aruze Koushiki Guide Volume 4 (Japan)
Pachi-Slot Kanzen Kouryaku - Cranky Pro (Japan)	a22b3a2a	1251	Pachi-Slot Kanzen Kouryaku - Cranky Pro (Japan)
Pachi-Slot Kanzen Kouryaku - Takasago Super Project (Japan)	53af24a5	747	Pachi-Slot Kanzen Kouryaku - Takasago Super Project (Japan)
Pachi-Slot Kanzen Kouryaku - Takasago Super Project 2 (Japan)	89b6204f	757	Pachi-Slot Kanzen Kouryaku - Takasago Super Project 2 (Japan)
Pachi-Slot Kanzen Kouryaku - Universal Koushiki Guide Volume 1 (Japan)	0a0853df	1458	Pachi-Slot Kanzen Kouryaku - Universal Koushiki Guide Volume 1 (Japan)
Pachi-Slot Kanzen Kouryaku - Universal Koushiki Guide Volume 2 (Japan)	6e53407c	1458	Pachi-Slot Kanzen Kouryaku - Universal Koushiki Guide Volume 2 (Japan)
Pachi-Slot Kanzen Kouryaku - Universal Koushiki Guide Volume 3 (Japan)	8a73b308	1797	Pachi-Slot Kanzen Kouryaku - Universal Koushiki Guide Volume 3 (Japan)
Pachi-Slot Master - Sammy SP (Japan)	04ca1b11	102	Pachi-Slot Master - Sammy SP (Japan)
Pachi-Slot Teiou - Battle Knight, Atlantis Doom (Japan)	56fbf90b	121	Pachi-Slot Teiou - Battle Knight, Atlantis Doom (Japan)
Pachi-Slot Teiou - Beat the Dragon 2 (Japan)	bce4a839	110	Pachi-Slot Teiou - Beat the Dragon 2 (Japan)
Pachi-Slot Teiou - Bunny Girl SP (Japan)	29c0bce1	106	Pachi-Slot Teiou - Bunny Girl SP (Japan)
Pachi-Slot Teiou - Dateline Pegasus (Japan)	e19f7b43	109	Pachi-Slot Teiou - Dateline Pegasus (Japan)
Pachi-Slot Teiou - Golgo 13, Las Vegas (Japan)	7a378d43	112	Pachi-Slot Teiou - Golgo 13, Las Vegas (Japan)
Pachi-Slot Teiou - Maker Suishou Manual Vol. 2 - Ice Story (Japan)	e0777697	132	Pachi-Slot Teiou - Maker Suishou Manual Vol. 2 - Ice Story (Japan)
Pachi-Slot Teiou - Maker Suishou Manual Vol. 3 - I'm Angel - White 2 & Blue 2 (Japan)	5461b530	151	Pachi-Slot Teiou - Maker Suishou Manual Vol. 3 - I'm Angel - White 2 & Blue 2 (Japan)
Pachi-Slot Teiou - Maker Suishou Manual Vol. 4 - Exhaust, Ooedo Sakura Fubuki 2 (Japan)	c039898c	153	Pachi-Slot Teiou - Maker Suishou Manual Vol. 4 - Exhaust, Ooedo Sakura Fubuki 2 (Japan)
Pachi-Slot Teiou - Maker Suishou Manual Vol. 5 - Race Queen 2, Tomcat (Japan)	2d860c0c	143	Pachi-Slot Teiou - Maker Suishou Manual Vol. 5 - Race Queen 2, Tomcat (Japan)
Pachi-Slot Teiou - Maker Suishou Manual Vol. 6 - Takarabune (Japan)	0222a1cf	133	Pachi-Slot Teiou - Maker Suishou Manual Vol. 6 - Takarabune (Japan)
Pachi-Slot Teiou - Maker Suishou Manual Vol. 7 - Trick Monster 2 (Japan)	a152c4b5	138	Pachi-Slot Teiou - Maker Suishou Manual Vol. 7 - Trick Monster 2 (Japan)
Pachi-Slot Teiou - Naniwa Sakura Fubuki (Japan)	4ccc02c4	113	Pachi-Slot Teiou - Naniwa Sakura Fubuki (Japan)
Pachi-Slot Teiou - Shimauta-30, Twist, Nangoku Monogatari-30 (Japan)	1887894f	134	Pachi-Slot Teiou - Shimauta-30, Twist, Nangoku Monogatari-30 (Japan)
Pachi-Slot Teiou - Yamasa Remix (Japan)	4304dabc	105	Pachi-Slot Teiou - Yamasa Remix (Japan)
Pachi-Slot Teiou 2 - Kagetsu, Two Pair, Beaver X (Japan)	6ee44dd7	122	Pachi-Slot Teiou 2 - Kagetsu, Two Pair, Beaver X (Japan)
Pachi-Slot Teiou 3 - Sea Master X, Epsilon R, Wai Wai Pulsar 2 (Japan)	e520365a	136	Pachi-Slot Teiou 3 - Sea Master X, Epsilon R, Wai Wai Pulsar 2 (Japan)
Pachi-Slot Teiou 4 - Oicho Kaba X, Magical Pops, LequiO-30 (Japan)	49f62b1e	132	Pachi-Slot Teiou 4 - Oicho Kaba X, Magical Pops, LequiO-30 (Japan)
Pachi-Slot Teiou 4 - Oicho Kaba X, Magical Pops, LequiO-30 (Japan) (Best of the Best)	ed35688e	151	Pachi-Slot Teiou 4 - Oicho Kaba X, Magical Pops, LequiO-30 (Japan)
Pachi-Slot Teiou 5 - Kongdom, Super Star Dust 2, Flying Momonga (Japan)	0681145c	137	Pachi-Slot Teiou 5 - Kongdom, Super Star Dust 2, Flying Momonga (Japan)
Pachi-Slot Teiou 5 - Kongdom, Super Star Dust 2, Flying Momonga (Japan) (Best of the Best)	b5a1e1ef	156	Pachi-Slot Teiou 5 - Kongdom, Super Star Dust 2, Flying Momonga (Japan)
Pachi-Slot Teiou 6 - Kung-Fu Lady, BangBang, Prelude 2 (Japan)	c1a5b960	128	Pachi-Slot Teiou 6 - Kung-Fu Lady, BangBang, Prelude 2 (Japan)
Pachi-Slot Teiou 7 - Maker Suishou Manual Vol. 1 - Beat the Dragon 2, Lupin Sansei, Hot Rod Queen (Japan)	9169cac6	171	Pachi-Slot Teiou 7 - Maker Suishou Manual Vol. 1 - Beat the Dragon 2, Lupin Sansei, Hot Rod Queen (Japan)
Pachi-Slot Teiou Mini - Dr. A7 (Japan)	0eee1c42	104	Pachi-Slot Teiou Mini - Dr. A7 (Japan)
Pachinko Dream (Japan)	74aa94c9	103	Pachinko Dream (Japan)
Pachinko Hall - Shinsou Daikaiten (Japan)	a31c84c9	927	Pachinko Hall - Shinsou Daikaiten (Japan)
Pachinko Teiou - CR Sore Ute Hama-chan 2 & CR Sore Yuke Matchan S (Japan)	f0eaeb05	139	Pachinko Teiou - CR Sore Ute Hama-chan 2 & CR Sore Yuke Matchan S (Japan)
Pachio-kun - Pachinko Land Daibouken (Japan)	94b37ad8	8322	Pachio-kun - Pachinko Land Daibouken (Japan)
Pachitte Chonmage - Ouendan & C. C. Girls (Japan)	f8b791c9	115	Pachitte Chonmage - Ouendan & C. C. Girls (Japan)
Pachitte Chonmage 2 - Kyoraku Kounin Tanukichi 2000 & Jungle P (Japan)	5aaee24b	136	Pachitte Chonmage 2 - Kyoraku Kounin Tanukichi 2000 & Jungle P (Japan)
Pachitte Chonmage 3 - Kyoraku Kounin Gladiator & Tama-chan (Japan)	74e9a24b	132	Pachitte Chonmage 3 - Kyoraku Kounin Gladiator & Tama-chan (Japan)
Pajama Sam - You Are What You Eat from Your Head to Your Feet (Europe)	ff808cb3	136	Pajama Sam - You Are What You Eat from Your Head to Your Feet (USA)
Pajama Sam - You Are What You Eat from Your Head to Your Feet (USA)	d43b7042	133	Pajama Sam - You Are What You Eat from Your Head to Your Feet (USA)
Pal - Shinken Densetsu (Japan)	600718ab	230	Pal - Shinken Densetsu (Japan)
Pal - Shinken Densetsu (Japan) (Demo)	a9651ddb	244	Pal - Shinken Densetsu (Japan)
Palm Town (Japan)	dc5035c1	315	Palm Town (Japan)
Palm Town (Japan) (Major Wave)	8a71ecbe	354	Palm Town (Japan)
Pandemonium 2 (Europe)	dbf2e3f7	88	Pandemonium 2 (USA)
Pandemonium 2 (France) (Demo)	278f2bf4	95	Pandemonium 2 (USA)
Pandemonium 2 (USA)	5516e73d	85	Pandemonium 2 (USA)
Pandemonium 2 (USA) (Trade Demo)	fbdec91a	98	Pandemonium 2 (USA)
Pandemonium! (Europe)	71757869	87	Pandemonium! (USA)
Pandemonium! (Europe) (Demo)	f84e01a2	94	Pandemonium! (USA)
Pandemonium! (USA)	f9623b91	84	Pandemonium! (USA)
Pandemonium! (USA) (Rev 1)	abcb73b5	342	Pandemonium! (USA)
Pandora Max Series Vol. 1 - Dragon Knights Glorious (Japan)	d429f997	125	Pandora Max Series Vol. 1 - Dragon Knights Glorious (Japan)
Pandora Max Series Vol. 2 - Shisha no Yobu Yakata (Japan)	f5fbd1ce	123	Pandora Max Series Vol. 2 - Shisha no Yobu Yakata (Japan)
Pandora Max Series Vol. 2 - Shisha no Yobu Yakata (Japan) (Rev 1)	5a806211	131	Pandora Max Series Vol. 2 - Shisha no Yobu Yakata (Japan)
Pandora Max Series Vol. 3 - Rubbish Blazon (Japan)	f1864942	116	Pandora Max Series Vol. 3 - Rubbish Blazon (Japan)
Pandora Max Series Vol. 4 - Catch! Kimochi Sensation (Japan)	e034f1dc	126	Pandora Max Series Vol. 4 - Catch! Kimochi Sensation (Japan)
Pandora Max Series Vol. 5 - Gochachiru (Japan)	51c38485	112	Pandora Max Series Vol. 5 - Gochachiru (Japan)
Pandora Max Series Vol. 6 - Oni Zero - Fukkatsu (Japan)	306aa645	121	Pandora Max Series Vol. 6 - Oni Zero - Fukkatsu (Japan)
Pandora Project - The Logic Master (Japan)	cfd00e3c	1900	Pandora Project - The Logic Master (Japan)
Pandora Project - The Logic Master (Japan) (Demo)	09cc54a5	268	Pandora Project - The Logic Master (Japan)
Panekit - Infinitive Crafting Toy Case (Japan)	9f0524eb	112	Panekit - Infinitive Crafting Toy Case (Japan)
Panekit - Infinitive Crafting Toy Case (Japan) (Rev 1)	214a0cd8	120	Panekit - Infinitive Crafting Toy Case (Japan)
Panel Quiz Attack 25 (Japan)	7baab2b6	226	Panel Quiz Attack 25 (Japan)
Panzer Bandit (Japan)	8652821b	212	Panzer Bandit (Japan)
Panzer Bandit (Japan) (Demo)	35d2987a	226	Panzer Bandit (Japan)
Panzer Front (Europe) (En,Fr,De)	7c845326	98	Panzer Front (USA)
Panzer Front (Japan)	393e9bf4	86	Panzer Front (USA)
Panzer Front (Japan) (Demo)	970266f8	93	Panzer Front (USA)
Panzer Front (USA)	8a82a21e	84	Panzer Front (USA)
Panzer Front bis. (Europe) (En,Fr,De) (Proto) (2002-01-20)	9983d179	124	Panzer Front bis. (Japan)
Panzer Front bis. (Japan)	2847034f	91	Panzer Front bis. (Japan)
Panzer General (Europe)	86750bcb	801	Panzer General (USA)
Panzer General (Japan)	034be641	794	Panzer General (USA)
Panzer General (USA)	913da46b	780	Panzer General (USA)
Pao Leeming Kanshuu - Fuusui Nyuumon (Japan)	04993fe5	110	Pao Leeming Kanshuu - Fuusui Nyuumon (Japan)
Paradise Casino (Europe)	4cad84b2	90	Paradise Casino (Europe)
Paranoia Scape (Japan)	0640364f	1503	Paranoia Scape (Japan)
Parasite Eve (Japan) (Disc 1)	da82b7aa	95	Parasite Eve (USA) (Disc 1)
Parasite Eve (Japan) (Disc 2)	dbdf917b	95	Parasite Eve (USA) (Disc 1)
Parasite Eve (USA) (Disc 1)	5e35eb6d	93	Parasite Eve (USA) (Disc 1)
Parasite Eve (USA) (Disc 2)	5f68cdbc	93	Parasite Eve (USA) (Disc 1)
Parasite Eve - Special CD-ROM (Japan)	a445f310	103	Parasite Eve (USA) (Disc 1)
Parasite Eve II (Europe) (Disc 1)	ecf41c52	99	Parasite Eve II (USA, Canada) (Disc 1)
Parasite Eve II (Europe) (Disc 2)	eda93a83	99	Parasite Eve II (USA, Canada) (Disc 1)
Parasite Eve II (France) (Disc 1)	5e252768	99	Parasite Eve II (USA, Canada) (Disc 1)
Parasite Eve II (France) (Disc 2)	5f7801b9	99	Parasite Eve II (USA, Canada) (Disc 1)
Parasite Eve II (Germany) (Disc 1)	0dcaa09b	100	Parasite Eve II (USA, Canada) (Disc 1)
Parasite Eve II (Germany) (Disc 2)	0c97864a	100	Parasite Eve II (USA, Canada) (Disc 1)
Parasite Eve II (Italy) (Disc 1)	fc24256c	98	Parasite Eve II (USA, Canada) (Disc 1)
Parasite Eve II (Italy) (Disc 2)	fd7903bd	98	Parasite Eve II (USA, Canada) (Disc 1)
Parasite Eve II (Japan, Asia) (Disc 1)	f7a52459	104	Parasite Eve II (USA, Canada) (Disc 1)
Parasite Eve II (Japan, Asia) (Disc 2)	f6f80288	104	Parasite Eve II (USA, Canada) (Disc 1)
Parasite Eve II (Spain) (Disc 1)	606e98da	98	Parasite Eve II (USA, Canada) (Disc 1)
Parasite Eve II (Spain) (Disc 2)	6133be0b	98	Parasite Eve II (USA, Canada) (Disc 1)
Parasite Eve II (USA, Canada) (Disc 1)	36395122	104	Parasite Eve II (USA, Canada) (Disc 1)
Parasite Eve II (USA, Canada) (Disc 2)	376477f3	104	Parasite Eve II (USA, Canada) (Disc 1)
Paris-Marseille Racing (France)	409d83b5	1368	Paris-Marseille Racing (France)
Paris-Marseille Racing II (France)	a84d7823	100	Paris-Marseille Racing II (France)
Parlor Station (Japan)	f4a2733d	88	Parlor Station (Japan)
Parlor Station (Japan) (Rerelease)	b278c0ae	100	Parlor Station (Japan)
Parlor! Pro (Japan)	684080c9	85	Parlor! Pro (Japan)
Parlor! Pro 2 (Japan)	bc0638f6	87	Parlor! Pro 2 (Japan)
Parlor! Pro 2 (Japan) (Rev 1)	667ff9e2	95	Parlor! Pro 2 (Japan)
Parlor! Pro 3 (Japan)	ac3a9ce1	787	Parlor! Pro 3 (Japan)
Parlor! Pro 4 (Japan)	b5750b5e	212	Parlor! Pro 4 (Japan)
Parlor! Pro 5 (Japan)	7151a1b4	212	Parlor! Pro 5 (Japan)
Parlor! Pro 6 (Japan)	5ef1c584	87	Parlor! Pro 6 (Japan)
Parlor! Pro 7 (Japan)	2269f221	212	Parlor! Pro 7 (Japan)
Parlor! Pro 8 (Japan)	8495e461	212	Parlor! Pro 8 (Japan)
Parlor! Pro Collection (Japan)	308fbdff	96	Parlor! Pro Collection (Japan)
Parlor! Pro Jr. Collection (Japan)	56fbdc5b	100	Parlor! Pro Jr. Collection (Japan)
Parlor! Pro Jr. Vol. 1 - CR Dera Maitta J-3 (Japan)	87421eb4	272	Parlor! Pro Jr. Vol. 1 - CR Dera Maitta J-3 (Japan)
Parlor! Pro Jr. Vol. 2 - CR Lupin Sansei K (Japan)	28262fb2	270	Parlor! Pro Jr. Vol. 2 - CR Lupin Sansei K (Japan)
Parlor! Pro Jr. Vol. 3 - CR Shin Pikaichi Tengoku T (Japan)	4bebcd4c	125	Parlor! Pro Jr. Vol. 3 - CR Shin Pikaichi Tengoku T (Japan)
Parlor! Pro Jr. Vol. 4 - Thunder Skeleton X (Japan)	d328055f	117	Parlor! Pro Jr. Vol. 4 - Thunder Skeleton X (Japan)
Parlor! Pro Jr. Vol. 5 - CR Fruit World X (Japan)	17dd6fb8	115	Parlor! Pro Jr. Vol. 5 - CR Fruit World X (Japan)
Parlor! Pro Jr. Vol. 6 - CR Tsumo Tsumo Tengoku Nan 2-kyoku (Japan)	87424cc8	133	Parlor! Pro Jr. Vol. 6 - CR Tsumo Tsumo Tengoku Nan 2-kyoku (Japan)
Parlor! Pro Special - CR Harenchi Gakuen & CR Toukon (Japan)	fededa56	126	Parlor! Pro Special - CR Harenchi Gakuen & CR Toukon (Japan)
Paro Wars (Japan)	ddc5071c	98	Paro Wars (Japan)
Parodius (Europe)	026fdff2	83	Parodius (Europe)
Pastel Muses (Japan)	929704da	210	Pastel Muses (Japan)
Pastel Muses (Japan) (Demo)	4f745e52	224	Pastel Muses (Japan)
Patlabor - The Game - Taikenban Ver. 1.0 (Japan)	8cdf44ba	114	Mobile Police Patlabor - Game Edition (Japan)
Patriotic Pinball (Europe) (En,Fr,De,It)	d26b1685	106	Patriotic Pinball (USA)
Patriotic Pinball (USA)	0cb6731c	89	Patriotic Pinball (USA)
Pax Corpus (Europe) (En,Fr,De)	9ff9d57d	1232	Pax Corpus (Europe) (En,Fr,De)
Peak Performance (Europe)	c73fa6d7	1422	Peak Performance (USA)
Peak Performance (USA)	5b05b5c7	1386	Peak Performance (USA)
Pebble Beach no Hatou Plus (Japan)	d602c6dd	5658	Pebble Beach no Hatou Plus (Japan)
Penny Racers (Europe)	6ac43c91	1258	Penny Racers (Europe)
Pepsiman (Japan)	a51f4a9e	862	Pepsiman (Japan)
Pequenos Guerreros (Spain)	b36803e0	1797	Small Soldiers (USA)
Perfect Assassin (Europe) (En,Fr,De,Es,It)	15aa26db	259	Perfect Assassin (Europe) (En,Fr,De,Es,It)
Perfect Fishing - Bass Tsuri (Japan)	76bbf381	102	Perfect Fishing - Bass Tsuri (Japan)
Perfect Fishing - Isozuri (Japan)	d7f0b3ed	99	Perfect Fishing - Isozuri (Japan)
Perfect Golf 2 (Japan)	b03da924	88	Perfect Golf 2 (Japan)
Perfect Golf, The (Japan)	29e4de10	91	Tecmo World Golf - Japan (USA)
Perfect Performer - The Yellow Monkey (Japan)	8d0a05e0	111	Perfect Performer - The Yellow Monkey (Japan)
Perfect Weapon (Europe)	68f8f0cc	1870	Perfect Weapon (USA)
Perfect Weapon (France)	9ca9f7df	1870	Perfect Weapon (USA)
Perfect Weapon (Germany)	aff1d0da	1886	Perfect Weapon (USA)
Perfect Weapon (Italy)	b91d2663	1854	Perfect Weapon (USA)
Perfect Weapon (USA)	e13bd53c	1822	Perfect Weapon (USA)
Persona (USA)	c3f37299	79	Persona (USA)
Persona 2 - Batsu - Eternal Punishment (Japan) (Disc 1)	1efd2786	121	Persona 2 - Eternal Punishment (USA)
Persona 2 - Batsu - Eternal Punishment (Japan) (Disc 1) (Deluxe Pack)	619ff176	135	Persona 2 - Eternal Punishment (USA)
Persona 2 - Batsu - Eternal Punishment (Japan) (Disc 2) (Sumaru TV Special Preview Disc)	4e6565d1	154	Persona 2 - Eternal Punishment (USA)
Persona 2 - Batsu - Eternal Punishment (Japan) (Disc 2) (Sumaru TV Special Preview Disc) (Deluxe Pack)	ece59d0d	168	Persona 2 - Eternal Punishment (USA)
Persona 2 - Eternal Punishment (USA)	9c9b4f60	102	Persona 2 - Eternal Punishment (USA)
Persona 2 - Eternal Punishment (USA) (Bonus Disc)	8eb8e149	115	Persona 2 - Eternal Punishment (USA)
Persona 2 - Tsumi - Innocent Sin (Japan)	dd51e809	106	Persona 2 - Tsumi - Innocent Sin (Japan)
Persona 2 - Tsumi - Innocent Sin (Japan) (Demo)	5d62747d	113	Persona 2 - Tsumi - Innocent Sin (Japan)
Persona 2 - Tsumi - Innocent Sin (Japan) (Rev 1)	5e2e9af3	114	Persona 2 - Tsumi - Innocent Sin (Japan)
Pet Pet Pet (Japan)	5eeee21e	208	Pet Pet Pet (Japan)
Pet in TV (Europe)	3c364f22	84	Pet in TV (Europe)
Pet in TV (Europe) (Beta) (1998-02-24)	62746e8e	104	Pet in TV (Europe)
Pet in TV (France)	1a3efe27	84	Pet in TV (Europe)
Pet in TV (Germany)	c1efa50c	85	Pet in TV (Europe)
Pet in TV - With My Dear Dog (Japan)	d1f3d631	102	Pet in TV - With My Dear Dog (Japan)
Pet in TV - With My Dear Dog (Japan) (Demo)	b8af8adb	109	Pet in TV - With My Dear Dog (Japan)
Peter Jacobsen's Golden Tee Golf (USA)	d78e7133	104	Peter Jacobsen's Golden Tee Golf (USA)
Peter Pan in Disney's Return to Never Land (USA)	dc2144fc	114	Peter Pan in Disney's Return to Never Land (USA)
Petit Dinosaure, Le - Retour vers la Grande Vallee (France)	8d00eee2	125	Petit Dinosaure, Le - Retour vers la Grande Vallee (France)
Phat Air - Extreme Snowboarding (Europe)	a22f6ae7	2547	Phat Air - Extreme Snowboarding (Europe)
Philosoma (Europe) (En,Fr,De)	1d33231c	95	Philosoma (USA)
Philosoma (Japan)	7b43ca90	83	Philosoma (USA)
Philosoma (USA)	f91f1228	81	Philosoma (USA)
Philosoma Art Book Movie CD-ROM (Japan)	9bf7c1af	105	Philosoma (USA)
Philosoma Ver. 0 - Movie CD-ROM (Japan)	978d85fd	105	Philosoma (USA)
Phix - The Adventure (USA)	6ffa3a54	222	Phix - The Adventure (USA)
Photo Genic (Japan)	666b5924	321	Photo Genic (Japan)
Photo Genic (Japan) (Genteiban)	36950ec2	357	Photo Genic (Japan)
Pierrafeu, Les - Bedrock Bowling (France)	785ed924	2022	Pierrafeu, Les - Bedrock Bowling (France)
Pikiinya! Excellent (Japan)	8c715310	345	Pikiinya! Excellent (Japan)
Pikupiku Sentaro - Puzzle de Gohan! (Japan)	82ffa12c	3708	Pikupiku Sentaro - Puzzle de Gohan! (Japan)
Pilot ni Narou! (Japan)	77491774	450	Pilot ni Narou! (Japan)
Pilot ni Narou! (Japan) (Demo)	81149bc6	478	Pilot ni Narou! (Japan)
Pinball Fantasies Deluxe (Japan)	cd7b6c5a	98	Pinball Fantasies Deluxe (Japan)
Pinball Power (Europe)	ed5de694	6066	Pinball Power (Europe)
Pink Panther - Pinkadelic Pursuit (Europe) (En,Fr,De,Es,It)	b52523ac	3524	Pink Panther - Pinkadelic Pursuit (USA)
Pink Panther - Pinkadelic Pursuit (USA)	87573d76	3064	Pink Panther - Pinkadelic Pursuit (USA)
Pinobee (Europe) (En,Fr,De,Es,It)	f8b71eb2	99	Pinobee (USA)
Pinobee (USA)	de06cebd	79	Pinobee (USA)
Pinobee no Daibouken (Japan)	d5285a0e	94	Pinobee no Daibouken (Japan)
Pinocchia no Miru Yume (Japan)	278342c2	96	Pinocchia no Miru Yume (Japan)
Pipe Dreams 3D (USA)	33859bd1	86	Pipe Dreams 3D (USA)
Pipe Mania 3D (Europe) (En,Fr,De,Es,It)	266a8c74	105	Pipe Mania 3D (Europe) (En,Fr,De,Es,It)
Pitball (Europe) (En,Fr,De,Es,It)	c553a38f	1262	Pitball (USA)
Pitball (Japan)	3528f206	1082	Pitball (USA)
Pitball (USA)	e83e3659	4340	Pitball (USA)
Pitfall 3D - Beyond the Jungle (Europe)	d9a3d5c6	105	Pitfall 3D - Beyond the Jungle (USA)
Pitfall 3D - Beyond the Jungle (Europe) (Demo)	62451b06	112	Pitfall 3D - Beyond the Jungle (USA)
Pitfall 3D - Beyond the Jungle (France)	ffab64c3	105	Pitfall 3D - Beyond the Jungle (USA)
Pitfall 3D - Beyond the Jungle (Germany)	666d16f7	106	Pitfall 3D - Beyond the Jungle (USA)
Pitfall 3D - Beyond the Jungle (Japan)	927a93e4	246	Pitfall 3D - Beyond the Jungle (USA)
Pitfall 3D - Beyond the Jungle (USA)	3653a498	102	Pitfall 3D - Beyond the Jungle (USA)
Pitfall 3D - Beyond the Jungle (USA) (Beta) (1998-02-20)	7b21511f	122	Pitfall 3D - Beyond the Jungle (USA)
Pitfall 3D - Beyond the Jungle (USA) (Demo)	473d14f0	393	Pitfall 3D - Beyond the Jungle (USA)
Pixygarden (Japan) (Disc 1) (Game Disc)	8931ec5f	105	Pixygarden (Japan) (Disc 1) (Game Disc)
Pixygarden (Japan) (Disc 2) (Extra Disc)	602dbc8c	106	Pixygarden (Japan) (Disc 1) (Game Disc)
Planet Dob (Japan)	89f9596c	84	Planet Dob (Japan)
Planet Dob (Japan) (Demo)	51429b4d	91	Planet Dob (Japan)
Planet Laika (Japan)	a6b6a598	86	Planet Laika (Japan)
Planet of the Apes (Europe) (En,Fr,De,Es,It)	3638cb6f	110	Planet of the Apes (USA)
Planet of the Apes (USA)	6e67d66a	90	Planet of the Apes (USA)
Play de Oboeru Chuugaku Eitango Deruderu 1200 (Japan)	1879df36	119	Play de Oboeru Chuugaku Eitango Deruderu 1200 (Japan)
Play de Oboeru Chuugaku Eitango Deruderu 1200 (Japan) (Shotenban)	eb3ebc09	131	Play de Oboeru Chuugaku Eitango Deruderu 1200 (Japan)
Play de Oboeru Eijukugo Deruderu 750 (Japan)	cdde5c26	110	Play de Oboeru Eijukugo Deruderu 750 (Japan)
Play de Oboeru Eijukugo Deruderu 750 (Japan) (Shotenban)	1c3117b5	122	Play de Oboeru Eijukugo Deruderu 750 (Japan)
Play de Oboeru Eitango Deruderu 1700 - Center Shiken Level Taiou (Japan)	e2107a7b	138	Play de Oboeru Eitango Deruderu 1700 - Center Shiken Level Taiou (Japan)
Play de Oboeru Eitango Deruderu 1700 - Center Shiken Level Taiou (Japan) (Rerelease)	43b28cc4	150	Play de Oboeru Eitango Deruderu 1700 - Center Shiken Level Taiou (Japan)
Play de Oboeru Eitango Deruderu 1700 - Center Shiken Level Taiou (Japan) (Shotenban)	ebf27aa3	150	Play de Oboeru Eitango Deruderu 1700 - Center Shiken Level Taiou (Japan)
Play de Oboeru Series - Nihonshi Keyword Deruderu 1800 (Japan)	075bcc8e	128	Play de Oboeru Series - Nihonshi Keyword Deruderu 1800 (Japan)
Play de Oboeru Series - Nihonshi Keyword Deruderu 1800 (Japan) (Shotenban)	96196f94	140	Play de Oboeru Series - Nihonshi Keyword Deruderu 1800 (Japan)
Play de Oboeru Series - Sekaishi Keyword Deruderu 1800 (Japan)	a750f4cf	128	Play de Oboeru Series - Sekaishi Keyword Deruderu 1800 (Japan)
Play de Oboeru Series - Sekaishi Keyword Deruderu 1800 (Japan) (Shotenban)	b3324749	140	Play de Oboeru Series - Sekaishi Keyword Deruderu 1800 (Japan)
Play de Oboeru Series 6 - Play de Oboeru Kanji Kentei Deruderu 1100 (Japan)	23327768	141	Play de Oboeru Series 6 - Play de Oboeru Kanji Kentei Deruderu 1100 (Japan)
Play de Oboeru Series 6 - Play de Oboeru Kanji Kentei Deruderu 1100 (Japan) (Rev 1)	228bafcb	149	Play de Oboeru Series 6 - Play de Oboeru Kanji Kentei Deruderu 1100 (Japan)
Play de Oboeru Series 6 - Play de Oboeru Kanji Kentei Deruderu 1100 (Japan) (Shotenban)	bff4cc4e	153	Play de Oboeru Series 6 - Play de Oboeru Kanji Kentei Deruderu 1100 (Japan)
Play de Oboeru Series 7 - Play de Oboeru TOEIC Test - Goku Deruderu 1700 (Japan)	f9779f98	146	Play de Oboeru Series 7 - Play de Oboeru TOEIC Test - Goku Deruderu 1700 (Japan)
Play with the Teletubbies (Europe)	87188e89	238	Play with the Teletubbies (USA)
Play with the Teletubbies (USA)	f8ebb192	232	Play with the Teletubbies (USA)
PlayStadium (Japan)	ee3ef6ef	208	PlayStadium (Japan)
PlayStadium 2 (Japan)	36e1f624	212	PlayStadium 2 (Japan)
PlayStadium 3 (Japan)	e85863fc	87	PlayStadium 3 (Japan)
PlayStadium 4 - Fumetsu no Dai League Ball (Japan)	25d6bc5d	116	PlayStadium 4 - Fumetsu no Dai League Ball (Japan)
PlayStation Comic - 2999-nen no Game Kids (Japan)	4d042c12	115	PlayStation Comic - 2999-nen no Game Kids (Japan)
PlayStation Comic - 2999-nen no Game Kids (Japan) (Demo 1)	02068140	286	PlayStation Comic - 2999-nen no Game Kids (Japan)
PlayStation Comic - 2999-nen no Game Kids (Japan) (Demo 2)	22071945	286	PlayStation Comic - 2999-nen no Game Kids (Japan)
PlayStation Comic - 2999-nen no Game Kids (Japan) (Demo 3)	9df66a3f	124	PlayStation Comic - 2999-nen no Game Kids (Japan)
PlayStation Comic - Carol the DarkAngel (Japan)	e5352c44	264	PlayStation Comic - Carol the DarkAngel (Japan)
Player Manager (Europe) (En,Fr,De,Es,It,Sv,No)	e31da618	112	Player Manager (Europe) (En,Fr,De,Es,It,Sv,No)
Player Manager - Epoca 98-99 (Portugal)	7d4065f3	105	Player Manager Ninety Nine (Europe)
Player Manager 2000 (Europe)	2be58653	592	Player Manager 2000 (Europe)
Player Manager 2000 (Germany)	09f2ec10	597	Player Manager 2000 (Europe)
Player Manager 2000 (Portugal)	67aa12a1	602	Player Manager 2000 (Europe)
Player Manager Ninety Nine (Europe)	e38ec6c3	101	Player Manager Ninety Nine (Europe)
Player Manager Ninety Nine (Germany)	163dcf6b	102	Player Manager Ninety Nine (Europe)
Player Manager Ninety Nine (UK)	0d971f4e	97	Player Manager Ninety Nine (Europe)
Player Manager Novanta Nove (Italy)	dd483d34	101	Player Manager Novanta Nove (Italy)
Plue no Daibouken from Groove Adventure Rave (Japan)	c9b464ce	118	Plue no Daibouken from Groove Adventure Rave (Japan)
PoPoLoCrois Monogatari (Japan)	10075a13	96	PoPoLoCrois Monogatari (Japan)
PoPoLoCrois Monogatari (Japan) (Rev 1)	cfed2e19	104	PoPoLoCrois Monogatari (Japan)
PoPoLoCrois Monogatari II (Japan) (Demo)	ee078508	106	PoPoLoCrois Monogatari II (Japan, Asia) (Disc 1)
PoPoLoCrois Monogatari II (Japan, Asia) (Disc 1)	4c6a1367	114	PoPoLoCrois Monogatari II (Japan, Asia) (Disc 1)
PoPoLoCrois Monogatari II (Japan, Asia) (Disc 2)	4d3735b6	114	PoPoLoCrois Monogatari II (Japan, Asia) (Disc 1)
PoPoLoCrois Monogatari II (Japan, Asia) (Disc 3)	fb2cd5c6	114	PoPoLoCrois Monogatari II (Japan, Asia) (Disc 1)
PoPoLoCrois Monogatari Official Fan Book - PoPoRoGue no Daizukan - Chotto Ureshii CD-ROM Data-shuu (Japan)	0e14bc0e	172	PoPoLoCrois Monogatari (Japan)
PoPoRoGue (Japan)	0c3f3850	83	PoPoRoGue (Japan)
PoPoRoGue (Japan) (Rev 1)	39ef4998	91	PoPoRoGue (Japan)
PoPoRoGue (Japan) (Yokokuban)	b1778886	95	PoPoRoGue (Japan)
Pocke-Kano - Aida Yumi (Japan)	667b634b	96	Pocke-Kano - Aida Yumi (Japan)
Pocke-Kano - Houjouin Shizuka (Japan)	3e21e091	103	Pocke-Kano - Houjouin Shizuka (Japan)
Pocke-Kano - Ueno Fumio (Japan)	9b7afbd2	97	Pocke-Kano - Ueno Fumio (Japan)
Pocket DigimonWorld (Japan)	a4ea18d3	93	Pocket DigimonWorld (Japan)
Pocket DigimonWorld - Cool & Nature Battle Disc (Japan)	0c2d078f	280	Pocket DigimonWorld - Cool & Nature Battle Disc (Japan)
Pocket DigimonWorld - Wind Battle Disc (Japan)	015e73d8	262	Pocket DigimonWorld - Wind Battle Disc (Japan)
Pocket Dungeon (Japan)	36e94d39	214	Pocket Dungeon (Japan)
Pocket Family - Happy Family Plan (Japan)	0ddbd027	2838	Pocket Family - Happy Family Plan (Japan)
Pocket Fighter (Europe)	c8f9b601	216	Pocket Fighter (USA)
Pocket Fighter (Japan)	51ed3127	214	Pocket Fighter (USA)
Pocket Fighter (USA)	c669a57b	210	Pocket Fighter (USA)
Pocket Jiman (Japan)	9571396d	86	Pocket Jiman (Japan)
Pocket MuuMuu (Japan)	a259aee2	87	Pocket MuuMuu (Japan)
Pocket Tuner (Japan)	e8ff5964	86	Pocket Tuner (Japan)
Point Blank (Europe) (Demo)	2e4daebd	93	Point Blank (USA)
Point Blank (Europe) (En,Fr,De)	8b0dcfbb	97	Point Blank (USA)
Point Blank (Europe) (En,Fr,De) (Rev 1)	0cf8bedc	105	Point Blank (USA)
Point Blank (USA)	b08f3ca9	83	Point Blank (USA)
Point Blank 2 (Europe, Australia) (En,Fr,De,Es,It)	39b661aa	116	Point Blank 2 (USA)
Point Blank 2 (USA)	9c0e55e8	85	Point Blank 2 (USA)
Point Blank 3 (Europe) (En,Fr,De,Es,It) (Beta) (2000-11-09)	83d2c799	125	Point Blank 3 (USA)
Point Blank 3 (Europe, Australia) (En,Fr,De,Es,It)	5373f4fd	116	Point Blank 3 (USA)
Point Blank 3 (USA)	114fb1b0	85	Point Blank 3 (USA)
Poitter's Point (Japan)	1f2c93b1	89	Poy Poy (USA)
Poitter's Point 2 - Sodom no Inbou (Japan, Asia)	53ff9446	129	Poitter's Point 2 - Sodom no Inbou (Japan, Asia)
Polaris SnoCross (USA)	0dc5b0ca	88	Polaris SnoCross (USA)
Policenauts (Japan) (Disc 1)	455a2dbc	94	Policenauts (Japan) (Disc 1)
Policenauts (Japan) (Disc 2)	44070b6d	94	Policenauts (Japan) (Disc 1)
Pong (Europe) (En,Fr,De,Es,It,Nl)	fa91a9ad	2030	Pong (Europe) (En,Fr,De,Es,It,Nl)
Pong - The Next Level (USA)	4d2587b2	1934	Pong - The Next Level (USA)
Pooh-san no Minna de Mori no Daikyousou! (Japan)	3752dba9	1555	Pooh-san no Minna de Mori no Daikyousou! (Japan)
Pool Academy (Europe) (En,Fr,De)	86af7413	98	Pool Academy (Europe) (En,Fr,De)
Pool Hustler (Europe)	c32b0b18	87	Pool Hustler (USA)
Pool Hustler (USA)	aa6cc8c4	84	Pool Hustler (USA)
Pool Shark (Europe)	7b9f3144	2604	Actua Pool (Europe)
Pop de Cute na Shinri Test - Alabama (Japan)	26cdf449	396	Pop de Cute na Shinri Test - Alabama (Japan)
Pop n' Pop (Europe)	6e9005a1	85	Pop n' Pop (Europe)
Pop'n Music (Japan)	fff7f7de	85	Pop'n Music (Japan)
Pop'n Music - Animation Melody (Japan)	16279034	104	Pop'n Music - Animation Melody (Japan)
Pop'n Music - Disney Tunes (Japan)	b31a0af6	100	Pop'n Music - Disney Tunes (Japan)
Pop'n Music 2 (Japan)	77e4cf48	87	Pop'n Music 2 (Japan)
Pop'n Music 3 - Append Disc (Japan)	5a3b4481	101	Pop'n Music 3 - Append Disc (Japan)
Pop'n Music 4 - Append Disc (Japan)	0fa76ca6	240	Pop'n Music 4 - Append Disc (Japan)
Pop'n Music 5 (Japan)	316db0ff	87	Pop'n Music 5 (Japan)
Pop'n Music 6 (Japan)	9513323a	87	Pop'n Music 6 (Japan)
Pop'n Pop (Japan, Asia)	6ffd7486	89	Pop'n Pop (Japan, Asia)
Pop'n Tanks! (Japan)	6861bfc1	86	Pop'n Tanks! (Japan)
Popstar Maker (Europe)	b03e44d2	214	100% Star (Europe)
Populous - The Beginning (Europe) (En,Fr,De,Es,It,Nl,Sv)	8323f01e	122	Populous - The Beginning (USA)
Populous - The Beginning (Japan)	a6cb0898	98	Populous - The Beginning (USA)
Populous - The Beginning (USA)	22eea57a	96	Populous - The Beginning (USA)
Porsche Challenge (Europe) (En,Fr,De,Es,It)	81939ca6	109	Porsche Challenge (USA) (En,Fr,Es)
Porsche Challenge (Japan)	c81d9e60	91	Porsche Challenge (USA) (En,Fr,Es)
Porsche Challenge (USA) (En,Fr,Es)	cd18bde8	100	Porsche Challenge (USA) (En,Fr,Es)
Posit (Japan)	b70852d8	79	Posit (Japan)
Potestas (Japan)	61f8a059	82	Potestas (Japan)
Pour l'Or et la Gloire - La Route d'Eldorado (France)	c84fe91c	119	Pour l'Or et la Gloire - La Route d'Eldorado (France)
Power Diggerz (Europe) (En,Fr,De)	91d0c4a1	236	Power Diggerz (Europe) (En,Fr,De)
Power DoLLS 2 (Japan)	89309f46	87	Power DoLLS 2 (Japan)
Power League (Japan)	e3d03f9b	210	Power League (Japan)
Power Move Pro Wrestling (Europe)	0f1ef16e	871	Power Move Pro Wrestling (USA)
Power Move Pro Wrestling (USA)	d6f2c310	850	Power Move Pro Wrestling (USA)
Power Play - Sports Trivia (USA)	1eea26f1	98	Power Play - Sports Trivia (USA)
Power Rangers - La Force du Temps (France)	59f4c88a	108	Power Rangers - La Force du Temps (France)
Power Rangers Pinball (Japan)	16fc7d48	228	Power Rangers Pinball (Japan)
Power Serve (Europe) (En,Fr,De)	c0283e23	1107	Power Serve 3D Tennis (USA)
Power Serve 3D Tennis (USA)	ad5616bb	1071	Power Serve 3D Tennis (USA)
Power Shovel (USA)	78f5b061	206	Power Shovel (USA)
Power Shovel ni Norou!! (Japan)	83adc6dc	232	Power Shovel ni Norou!! (Japan)
Power Shovel ni Norou!! (Japan) (Demo)	437b4de9	246	Power Shovel ni Norou!! (Japan)
Power Spike - Pro Beach Volleyball (USA)	df39af1c	106	Power Spike - Pro Beach Volleyball (USA)
Power Stakes (Japan)	82808dc2	86	Power Stakes (Japan)
Power Stakes 2 (Japan)	21437740	88	Power Stakes 2 (Japan)
Power Stakes Grade 1 (Japan)	d76321dc	94	Power Stakes Grade 1 (Japan)
Powerpuff Girls, The - Chemical X-Traction (Europe) (En,Fr,De,Es)	06eaa0f4	1742	Powerpuff Girls, The - Chemical X-Traction (USA) (En,Es)
Powerpuff Girls, The - Chemical X-Traction (USA) (En,Es)	7304d9c3	1643	Powerpuff Girls, The - Chemical X-Traction (USA) (En,Es)
Powerslave (USA)	25de6537	82	Powerslave (USA)
Poy Poy (Europe)	d986b893	82	Poy Poy (USA)
Poy Poy (USA)	dc601c5b	79	Poy Poy (USA)
Poy Poy 2 (Europe)	6c1f5fbc	84	Poy Poy 2 (Europe)
Premier Manager 2000 (Europe)	c727a52c	95	Premier Manager 2000 (Europe)
Premier Manager 98 (Europe)	e055465a	224	Premier Manager 98 (Europe)
Premier Manager 98 (Italy)	4948e7c8	222	Premier Manager 98 (Europe)
Premier Manager Ninety Nine (Europe)	425c0501	242	Premier Manager Ninety Nine (Europe)
Premier Manager Novanta Nove (Italy)	f59f1b58	242	Premier Manager Ninety Nine (Europe)
Primal Rage (Europe) (En,Fr,De,Es,It,Pt)	7d0c7ed7	2817	Primal Rage (USA)
Primal Rage (Japan)	06b5ff2c	2262	Primal Rage (USA)
Primal Rage (USA)	bc996e2b	1785	Primal Rage (USA)
Primera Division Stars (Spain)	281730be	230	Primera Division Stars (Spain)
Prince Naseem Boxing (Europe) (En,Fr,De,Es,It)	cc75f67b	112	Prince Naseem Boxing (Europe) (En,Fr,De,Es,It)
Princess Maker - Go! Go! Princess (Japan)	15d18395	107	Princess Maker - Go! Go! Princess (Japan)
Princess Maker - Go! Go! Princess (Japan) (Best Wing 2800)	59855497	124	Princess Maker - Go! Go! Princess (Japan)
Princess Maker - Pocket Daisakusen (Japan)	88f6a894	254	Princess Maker - Pocket Daisakusen (Japan)
Princess Maker - Pocket Daisakusen (Japan) (Best Wing 2800)	e2eb3419	288	Princess Maker - Pocket Daisakusen (Japan)
Princess Maker - Yumemiru Yousei (Japan) (Demo)	09ce9314	264	Princess Maker - Yumemiru Yousei (Japan, Asia)
Princess Maker - Yumemiru Yousei (Japan, Asia)	ee5c2a39	262	Princess Maker - Yumemiru Yousei (Japan, Asia)
Prism Court (Japan)	0b542177	85	Prism Court (Japan)
Prism Land (Japan)	401f62e3	84	Prism Land (Japan)
Prism Land Story (Europe)	8907336b	220	Prism Land Story (Europe)
Prism Land Story (Japan)	6cd64ea7	90	Prism Land Story (Europe)
Prismaticallization (Japan)	f829d156	224	Prismaticallization (Japan)
Prisoner (Japan)	6d8bbaed	82	Prisoner (Japan)
Prisoner of Ice - Jashin Kourin (Japan)	5100ada2	105	Prisoner of Ice - Jashin Kourin (Japan)
Private Collection - Policenauts (Japan)	2da312ef	106	Policenauts (Japan) (Disc 1)
Private Collection - Tokimeki Memorial (Japan)	3d52d9dc	127	Private Collection - Tokimeki Memorial (Japan)
Pro 18 - World Tour Golf (Europe) (En,Fr,De,Es,It,Sv)	a2b8396a	276	Pro 18 - World Tour Golf (USA)
Pro 18 - World Tour Golf (USA)	86bf518d	230	Pro 18 - World Tour Golf (USA)
Pro Backgammon (Europe)	5fcc1518	216	Pro Backgammon (Europe)
Pro Body Boarding (Europe) (En,Fr,De)	6020a1bb	1161	Pro Body Boarding (Europe) (En,Fr,De)
Pro Evolution Soccer (Europe) (En,Fr,De)	8402fe86	1602	Pro Evolution Soccer (Europe) (Es,It)
Pro Evolution Soccer (Europe) (Es,It)	991fdad0	1566	Pro Evolution Soccer (Europe) (Es,It)
Pro Evolution Soccer 2 (Europe) (En,Fr,De)	bd2750ff	1070	Pro Evolution Soccer 2 (Europe) (Es,It)
Pro Evolution Soccer 2 (Europe) (Es,It)	f8900eb3	1046	Pro Evolution Soccer 2 (Europe) (Es,It)
Pro Logic Mahjong Haishin (Japan)	04ffc5af	363	Pro Logic Mahjong Haishin (Japan)
Pro Mahjong Kiwame - Tengensen-hen (Japan)	15e21b12	108	Pro Mahjong Kiwame - Tengensen-hen (Japan)
Pro Mahjong Kiwame Plus (Japan)	46c34c2e	232	Pro Mahjong Kiwame Plus (Japan)
Pro Mahjong Kiwame Plus II (Japan)	21c4b983	238	Pro Mahjong Kiwame Plus II (Japan)
Pro Mahjong Tsuwamono 2 (Japan)	eba24689	1368	Pro Mahjong Tsuwamono 2 (Japan)
Pro Mahjong Tsuwamono 2 (Japan) (BPV)	db9f3f08	1434	Pro Mahjong Tsuwamono 2 (Japan)
Pro Mahjong Tsuwamono 3 (Japan)	6ff41830	2124	Pro Mahjong Tsuwamono 3 (Japan)
Pro Mahjong Tsuwamono Series - Joryuu Janshi ni Chousen - Watashitachi ni Chousen Shite ne! (Japan)	3a15addb	3280	Pro Mahjong Tsuwamono Series - Joryuu Janshi ni Chousen - Watashitachi ni Chousen Shite ne! (Japan)
Pro Mahjong, The - Menkyo Kaiden (Japan)	f62fd9e7	3627	Pro Mahjong, The - Menkyo Kaiden (Japan)
Pro Pinball - Big Race USA (Europe) (En,Fr,De,Es)	cb31e000	5742	Pro Pinball - Big Race USA (USA)
Pro Pinball - Big Race USA (USA)	33ca5679	5062	Pro Pinball - Big Race USA (USA)
Pro Pinball - Fantastic Journey (Europe) (En,Fr,De,Es)	43287135	3260	Pro Pinball - Fantastic Journey (USA)
Pro Pinball - Fantastic Journey (USA)	577cf24e	2886	Pro Pinball - Fantastic Journey (USA)
Pro Pinball - The Web (Europe)	1d50333a	2857	Pro Pinball - The Web (Europe)
Pro Pinball - Timeshock! (Europe) (En,Fr,De,Es,It)	8d41a7de	4912	Pro Pinball - Timeshock! (USA)
Pro Pinball - Timeshock! (USA)	e801f04f	4232	Pro Pinball - Timeshock! (USA)
Pro Pinball - Timeshock! (USA) (Demo)	6e831e74	375	Pro Pinball - Timeshock! (USA)
Pro Racer (Europe)	321c4faa	206	Pro Racer (Europe)
Pro Wres Sengokuden - Hyper Tag Match (Japan)	087d9e6a	260	Pro Wres Sengokuden - Hyper Tag Match (Japan)
Pro Wrestling Sengokuden 2 - Kakutou Emaki (Japan)	3c0948a1	270	Pro Wrestling Sengokuden 2 - Kakutou Emaki (Japan)
Pro Yakyuu Nettou Puzzle Stadium (Japan)	a198f979	250	Pro Yakyuu Nettou Puzzle Stadium (Japan)
Pro Yakyuu Simulation Dugout '99 (Japan)	90672bd1	106	Pro Yakyuu Simulation Dugout '99 (Japan)
Pro-Pinball (USA)	b2054e03	2558	Pro-Pinball (USA)
Professional Underground League of Pain (USA)	4a7fdd21	816	Professional Underground League of Pain (USA)
Project - Horned Owl (USA)	5352a71a	92	Project - Horned Owl (USA)
Project Gaiaray (Japan, Asia)	1417543c	228	Project Gaiaray (Japan, Asia)
Project Overkill (Europe)	ae6e9af3	2622	Project Overkill (USA)
Project Overkill (USA)	9e4f1fe5	2439	Project Overkill (USA)
Project V6 (Japan)	797de8c9	84	Project V6 (Japan)
Proof Club (Japan)	dcfeeb4a	84	Proof Club (Japan)
Psybadek (Europe) (En,Fr,De,Es,It)	4c08c73e	1530	Psybadek (USA)
Psybadek (Europe) (En,Fr,De,Es,It) (Demo)	fdd691d1	387	Psybadek (USA)
Psybadek (USA)	504da823	1290	Psybadek (USA)
Psychic Detective (Europe) (Disc 1)	4a97329f	101	Psychic Detective (USA) (Disc 1)
Psychic Detective (Europe) (Disc 2)	4bca144e	101	Psychic Detective (USA) (Disc 1)
Psychic Detective (Europe) (Disc 3)	fdd1f43e	101	Psychic Detective (USA) (Disc 1)
Psychic Detective (USA) (Disc 1)	c9dec82f	98	Psychic Detective (USA) (Disc 1)
Psychic Detective (USA) (Disc 2)	c883eefe	98	Psychic Detective (USA) (Disc 1)
Psychic Detective (USA) (Disc 3)	7e980e8e	98	Psychic Detective (USA) (Disc 1)
Psychic Force (Europe)	71b9c7ee	214	Psychic Force (USA)
Psychic Force (Japan)	987e60f3	87	Psychic Force (USA)
Psychic Force (Japan) (Demo)	80d49785	94	Psychic Force (USA)
Psychic Force (USA)	f027b03c	208	Psychic Force (USA)
Psychic Force - Puzzle Taisen (Japan) (Disc 1) (Game Disc)	1fc9f547	3348	Psychic Force - Puzzle Taisen (Japan) (Disc 1) (Game Disc)
Psychic Force - Puzzle Taisen (Japan) (Disc 2) (Premium CD-ROM)	556ecf3e	9462	Psychic Force - Puzzle Taisen (Japan) (Disc 1) (Game Disc)
Psychic Force 2 (Europe)	f4cd7cf0	218	Psychic Force 2 (Europe)
Psychic Force 2 (Europe) (Beta) (1999-11-09)	a916d2b7	258	Psychic Force 2 (Europe)
Psychic Force 2 (Japan)	b7c43198	216	Psychic Force 2 (Europe)
Psychic Force 2 (Japan) (Demo)	cc2a1aa0	230	Psychic Force 2 (Europe)
Psychometrer Eiji (Japan)	049ef3fd	220	Psychometrer Eiji (Japan)
Puchi Carat (Europe)	b218b059	86	Puchi Carat (Europe)
Puchi Carat (Japan)	6db0d68d	85	Puchi Carat (Europe)
Puffy no P.S. I Love You (Japan)	d2587591	98	Puffy no P.S. I Love You (Japan)
Puma Street Soccer (Europe) (En,Fr,De,It)	31aa6f23	1197	Puma Street Soccer (Europe) (En,Fr,De,It)
Punch the Monkey! Game Edition (Japan)	4cb0b878	510	Punch the Monkey! Game Edition (Japan)
Punky Skunk (USA)	8f1a99af	2446	Punky Skunk (USA)
Puppet Zoo Pilomy (Japan) (En,Ja)	996fd628	744	Puppet Zoo Pilomy (Japan) (En,Ja)
Purumui Purumui (Japan)	367827b9	89	Purumui Purumui (Japan)
Pururun! with Shape Up Girls (Japan)	1103a061	102	Pururun! with Shape Up Girls (Japan)
Putter Golf (USA)	acbbac08	83	Putter Golf (USA)
Puuha Pete - Korjataanko (Finland)	5f5c3e9a	100	Bob the Builder - Can We Fix It (USA)
Puyo Puyo Box (Japan)	8c7825e8	87	Puyo Puyo Box (Japan)
Puyo Puyo Sun - Ketteiban (Japan)	6794e02c	99	Puyo Puyo Sun - Ketteiban (Japan)
Puyo Puyo Sun - Ketteiban (Japan) (Rerelease)	f3c57aec	111	Puyo Puyo Sun - Ketteiban (Japan)
Puyo Puyo Sun - Ketteiban (Japan) (Rev 1)	c7052714	107	Puyo Puyo Sun - Ketteiban (Japan)
Puyo Puyo Tsuu - Ketteiban (Japan) (Rev 1)	d81a06a0	108	Puyo Puyo Tsuu - Ketteiban (Japan, Asia)
Puyo Puyo Tsuu - Ketteiban (Japan, Asia)	8ed58823	106	Puyo Puyo Tsuu - Ketteiban (Japan, Asia)
Puyo Puyoon - Car-kun to Issho (Japan)	9ab50b05	104	Puyo Puyoon - Car-kun to Issho (Japan)
Puzz Loop (Japan)	22270896	1102	Puzz Loop (Japan)
Puzz Loop (Japan) (Demo)	6f1c1d1e	1172	Puzz Loop (Japan)
Puzzle Arena Toushinden (Japan)	261e65ed	232	Puzzle Arena Toushinden (Japan)
Puzzle Bobble 2 (Japan)	b9ed783f	1634	Puzzle Bobble 2 (Japan)
Puzzle Bobble 3DX (Japan)	8269be47	2262	Puzzle Bobble 3DX (Japan)
Puzzle Bobble 4 (Japan)	34de2289	2696	Puzzle Bobble 4 (Japan)
Puzzle Mania (Japan)	1593e041	86	Puzzle Mania (Japan)
Puzzle Mania (Japan) (Major Wave)	6361479e	99	Puzzle Mania (Japan)
Puzzle Mania 2 (Japan)	02ee363e	88	Puzzle Mania 2 (Japan)
Puzzle Mania 2 (Japan) (Major Wave)	bda0fb46	101	Puzzle Mania 2 (Japan)
Puzznic (Europe)	18e8b453	82	Puzznic (USA)
Puzznic (Japan)	97f883e3	81	Puzznic (USA)
Puzznic (USA)	4f610980	79	Puzznic (USA)
Pyjama Sam - Heros du Gouter (France)	23b77296	103	Pyjama Sam - Heros du Gouter (France)
Pyjama Sam - Suessigkeiten kriegen Saures (Germany)	c42bc374	117	Pajama Sam - You Are What You Eat from Your Head to Your Feet (USA)
Q-bert (Europe) (En,Fr,De,Es,It)	8cb86d25	98	Q-bert (USA)
Q-bert (USA)	2ff276e6	78	Q-bert (USA)
Qix Neo (USA)	6653bd2a	79	Qix Neo (USA)
Quaddle Family Mysteries, The 1 - The Case of the Scarce Scarab - Lobby & Kitchen (USA)	7154728d	153	Quaddle Family Mysteries, The 1 - The Case of the Scarce Scarab - Lobby & Kitchen (USA)
Quaddle Family Mysteries, The 2 - The Case of the Scarce Scarab - Garden (USA)	95a58efe	144	Quaddle Family Mysteries, The 2 - The Case of the Scarce Scarab - Garden (USA)
Quaddle Family Mysteries, The 3 - The Case of the Scarce Scarab - Parlor & Family Room (USA)	57b482a8	158	Quaddle Family Mysteries, The 3 - The Case of the Scarce Scarab - Parlor & Family Room (USA)
Quake II (Europe)	52a1e6f7	204	Quake II (USA)
Quake II (USA)	b0b1a8b9	198	Quake II (USA)
Quantum Gate I - Akumu no Joshou (Japan)	99e0dbb5	250	Quantum Gate I - Akumu no Joshou (Japan)
Queen's Road (Japan)	3b6cb351	86	Queen's Road (Japan)
Quest for Fame - Be a Virtual Rock Legend (Japan) (Disc 1)	e8fe59fb	124	Quest for Fame - Be a Virtual Rock Legend (Japan) (Disc 1)
Quest for Fame - Be a Virtual Rock Legend (Japan) (Disc 2)	e9a37f2a	124	Quest for Fame - Be a Virtual Rock Legend (Japan) (Disc 1)
Qui Veut Gagner des Millions (France)	cfe8f1f4	103	Qui Veut Gagner des Millions (France)
Qui Veut Gagner des Millions - Junior (France)	4c0ff734	112	Qui Veut Gagner des Millions - Junior (France)
Qui Veut Gagner des Millions - Seconde Edition (France)	c83e7e86	121	Qui Veut Gagner des Millions - Seconde Edition (France)
Quiz Chara-Oke Don! Toei Tokusatsu Hero Part 1 (Japan)	881d067c	120	Quiz Chara-Oke Don! Toei Tokusatsu Hero Part 1 (Japan)
Quiz Chara-Oke Don! Toei Tokusatsu Hero Part 2 (Japan)	2c6384b9	120	Quiz Chara-Oke Don! Toei Tokusatsu Hero Part 2 (Japan)
Quiz Darake no Jinsei Game - Un to Atama de Daifugou! (Japan)	38602027	127	Quiz Darake no Jinsei Game - Un to Atama de Daifugou! (Japan)
Quiz Nanairo Dreams - Nijiiro-chou no Kiseki (Japan)	0e6ae37a	420	Quiz Nanairo Dreams - Nijiiro-chou no Kiseki (Japan)
Quiz Show (Italy) (Disc 1) (CD Gioco)	437fc2ce	899	Quiz Show (Italy) (Disc 1) (CD Gioco)
Quiz Show (Italy) (Disc 2) (CD Help e Backstage)	de5777b7	266	Quiz Show (Italy) (Disc 1) (CD Gioco)
Quiz$Millionaire (Japan)	91826fd6	90	Quiz$Millionaire (Japan)
Quiz$Millionaire (Japan) (PSone Books)	32c1f004	104	Quiz$Millionaire (Japan)
Quiz$Millionaire - Waku Waku Party (Japan)	0d8aaf6b	108	Quiz$Millionaire - Waku Waku Party (Japan)
QuoVadis - Iverkurtz Sen'eki (Japan)	422d2b59	502	QuoVadis - Iverkurtz Sen'eki (Japan)
R (Japan)	322fc30d	75	R (Japan) (Disc 1) (Shokai Genteiban)
R (Japan) (Disc 1) (Shokai Genteiban)	f4becb69	103	R (Japan) (Disc 1) (Shokai Genteiban)
R (Japan) (Disc 2) (Photo Album) (Shokai Genteiban)	02eabde2	117	R (Japan) (Disc 1) (Shokai Genteiban)
R-C Stunt Copter (Europe)	0062dbd2	91	R-C Stunt Copter (USA)
R-C Stunt Copter (Europe) (Demo)	42341f0c	234	R-C Stunt Copter (USA)
R-C Stunt Copter (France)	266a6ad7	91	R-C Stunt Copter (USA)
R-C Stunt Copter (France) (Demo)	ff4c7184	234	R-C Stunt Copter (USA)
R-C Stunt Copter (Germany)	7c6e0384	92	R-C Stunt Copter (USA)
R-C Stunt Copter (Germany) (Demo)	6edf016e	236	R-C Stunt Copter (USA)
R-C Stunt Copter (Japan)	aad07534	90	R-C Stunt Copter (USA)
R-C Stunt Copter (USA)	23f22810	88	R-C Stunt Copter (USA)
R-Type Delta (Europe)	71615884	87	R-Type Delta (USA)
R-Type Delta (Japan)	18d6aa70	86	R-Type Delta (USA)
R-Type Delta (USA)	fcd992a5	84	R-Type Delta (USA)
R-Types (Europe)	f5390959	82	R-Types (USA)
R-Types (Japan)	fec6a963	81	R-Types (USA)
R-Types (USA)	7fdd5e22	79	R-Types (USA)
R4 - Ridge Racer Type 4 (Japan, Asia)	ebc644dd	103	R4 - Ridge Racer Type 4 (USA)
R4 - Ridge Racer Type 4 (Japan, Asia) (R4 + JogCon)	39d81155	117	R4 - Ridge Racer Type 4 (USA)
R4 - Ridge Racer Type 4 (Korea)	2d3c79ab	97	R4 - Ridge Racer Type 4 (USA)
R4 - Ridge Racer Type 4 (USA)	bf1587ec	95	R4 - Ridge Racer Type 4 (USA)
RC Helicopter (USA)	b7c55fa4	85	RC Helicopter (USA)
RC Revenge (Europe) (En,Fr,De,Es)	e977cc82	236	RC Revenge (USA)
RC Revenge (Europe) (En,Fr,De,Es) (Demo)	372093f7	250	RC Revenge (USA)
RC Revenge (Japan)	ab5c660c	206	RC Revenge (USA)
RC Revenge (USA)	d0e0bcb0	202	RC Revenge (USA)
RC de Go! (Europe)	6c6a61d0	206	RC de Go! (USA)
RC de Go! (Japan)	f33c8cce	83	RC de Go! (USA)
RC de Go! (Japan) (Demo)	e6f2f3c5	90	RC de Go! (USA)
RC de Go! (USA)	8ed03053	200	RC de Go! (USA)
RMJ - The Mystery Hospital (Japan) (Disc 1) (What's Going On)	0c7c427b	127	RMJ - The Mystery Hospital (Japan) (Disc 1) (What's Going On)
RMJ - The Mystery Hospital (Japan) (Disc 2) (Fears Behind)	4fe11e6c	124	RMJ - The Mystery Hospital (Japan) (Disc 1) (What's Going On)
RMJ - The Mystery Hospital - Second Attack Sample CD-ROM (Japan)	34cfedf8	130	RMJ - The Mystery Hospital (Japan) (Disc 1) (What's Going On)
RPG Maker (USA)	c7560268	81	RPG Maker (USA)
RPG Tkool 3 (Japan)	8185d57b	85	RPG Tkool 3 (Japan)
RPG Tkool 4 (Japan)	c70caacc	85	RPG Tkool 4 (Japan)
RTL Skispringen 2002 (Germany) (En,De)	db392e51	510	RTL Skispringen 2002 (Germany) (En,De)
Raamen-bashi (Japan)	3d1111e2	86	Raamen-bashi (Japan)
Race Drivin' a Go! Go! (Japan)	e144ac8c	3107	Race Drivin' a Go! Go! (Japan)
Race Drivin' a Go! Go! (Japan) (Rev 1)	777d3584	3307	Race Drivin' a Go! Go! (Japan)
Racing (USA) (En,Fr,Es)	f8e79bd1	89	Racing (USA) (En,Fr,Es)
Racing Lagoon (Japan, Asia)	d53546fc	93	Racing Lagoon (Japan, Asia)
Racing Simulation 2 (Germany)	54e138a5	95	Racing Simulation 2 (Germany)
Racingroovy VS (Japan)	a8bc6402	1971	Racingroovy VS (Japan)
Radikal Bikers (Europe) (En,Fr,De,Es,It)	4d4a6b5f	106	Radikal Bikers (Europe) (En,Fr,De,Es,It)
Rage Racer (Europe)	8cb724b9	1920	Rage Racer (USA)
Rage Racer (Japan)	7a24157b	1903	Rage Racer (USA)
Rage Racer (Japan) (Rev 1)	9762baab	2039	Rage Racer (USA)
Rage Racer (USA)	3050c97e	1869	Rage Racer (USA)
Rageball (Europe)	5548cf13	537	Rageball (USA)
Rageball (USA)	fdd8c434	522	Rageball (USA)
Raging Skies (Europe) (En,Fr,De)	9524c84c	1379	Raging Skies (Europe) (En,Fr,De)
Raiden DX (Japan)	5ab36d5a	83	Raiden DX (Japan)
Raiden DX (Japan) (Major Wave)	27eae313	96	Raiden DX (Japan)
Raiden Project (Japan)	0d9e3230	88	Raiden Project (Japan)
Raiden Project, The (Europe)	a967dfaa	94	Raiden Project, The (USA)
Raiden Project, The (USA)	d060cba4	91	Raiden Project, The (USA)
Railroad Tycoon II (Europe) (En,Fr,De)	0a862a50	378	Railroad Tycoon II (USA)
Railroad Tycoon II (USA)	17ac0ab1	336	Railroad Tycoon II (USA)
Rakugaki Showtime (Japan)	2c943cf1	91	Rakugaki Showtime (Japan)
Rally Cross (Europe)	f87a0d9c	780	Rally Cross (USA)
Rally Cross (Japan)	f792dc80	773	Rally Cross (USA)
Rally Cross (USA)	0896667e	759	Rally Cross (USA)
Rally Cross 2 (Europe)	0f1c553c	1152	Rally Cross 2 (USA)
Rally Cross 2 (USA)	698c147d	1122	Rally Cross 2 (USA)
Rally Cross 2 (USA) (Demo)	edd225d4	342	Rally Cross 2 (USA)
Rally de Africa (Japan)	9cb04075	89	Rally de Africa (Japan)
Rally de Africa (Japan) (Demo)	b5f98c96	96	Rally de Africa (Japan)
Rally de Europe (Japan)	261a336a	89	Rally de Europe (Japan)
Rami-chan no Ooedo Sugoroku - Keiou Yuugekitai Gaiden (Japan)	114bc358	292	Rami-chan no Ooedo Sugoroku - Keiou Yuugekitai Gaiden (Japan)
Rampage - Through Time (Europe) (En,Fr,De)	4ebae48e	108	Rampage - Through Time (USA)
Rampage - Through Time (USA)	8de4d798	94	Rampage - Through Time (USA)
Rampage - World Tour (Europe)	03b90646	351	Rampage - World Tour (USA)
Rampage - World Tour (USA)	4904d706	342	Rampage - World Tour (USA)
Rampage 2 - Universal Tour (Europe)	c85fea07	101	Rampage 2 - Universal Tour (USA)
Rampage 2 - Universal Tour (USA)	e1369dad	98	Rampage 2 - Universal Tour (USA)
Ran Soccer (Germany)	c53270a1	210	Ran Soccer (Germany)
Ranma 1-2 - Battle Renaissance (Japan)	58bad08c	246	Ranma 1-2 - Battle Renaissance (Japan)
Rapid Racer (Europe) (En,Fr,De,Es,It)	0aa4a23f	1161	Rapid Racer (Europe) (En,Fr,De,Es,It)
Rapid Racer (Japan)	2913dec4	999	Rapid Racer (Europe) (En,Fr,De,Es,It)
Rapid Reload (Europe)	bedba423	87	Rapid Reload (Europe)
Rascal (Europe)	10ae5608	1082	Rascal (USA)
Rascal (France) (Demo)	4811558b	446	Rascal (USA)
Rascal (USA)	6dcff185	1052	Rascal (USA)
Rascal (USA) (Demo)	77814736	434	Rascal (USA)
Rascal Racers (Europe)	48beab47	88	Rascal Racers (USA)
Rascal Racers (USA)	f95d32ef	85	Rascal Racers (USA)
Rat Attack (Europe) (En,Fr,De,Es,It,Nl)	83e14f5d	248	Rat Attack (Europe) (En,Fr,De,Es,It,Nl)
Rat Attack! (USA)	26c6003b	204	Rat Attack! (USA)
Raven Project, The (Europe) (En,Fr,De) (Disc 1)	756e2a76	113	Raven Project, The (Europe) (En,Fr,De) (Disc 1)
Raven Project, The (Europe) (En,Fr,De) (Disc 2)	74330ca7	113	Raven Project, The (Europe) (En,Fr,De) (Disc 1)
Raven Project, The (France) (En,Fr,De) (Disc 1)	b817c481	113	Raven Project, The (Europe) (En,Fr,De) (Disc 1)
Raven Project, The (France) (En,Fr,De) (Disc 2)	b94ae250	113	Raven Project, The (Europe) (En,Fr,De) (Disc 1)
Raven Project, The (Germany) (En,Fr,De) (Disc 1)	3614202f	114	Raven Project, The (Europe) (En,Fr,De) (Disc 1)
Raven Project, The (Germany) (En,Fr,De) (Disc 2)	374906fe	114	Raven Project, The (Europe) (En,Fr,De) (Disc 1)
Ray Tracers (Europe)	f6a7fefd	86	Ray Tracers (USA)
Ray Tracers (Japan)	d6d301e1	85	Ray Tracers (USA)
Ray Tracers (USA)	d87f25bc	83	Ray Tracers (USA)
RayCrisis (Europe)	5612cfd2	84	RayCrisis (Europe)
RayCrisis (Japan)	69005601	83	RayCrisis (Europe)
RayCrisis (Japan) (Demo)	d92e77a9	90	RayCrisis (Europe)
RayCrisis - Series Termination (USA)	810ed3d6	102	RayCrisis - Series Termination (USA)
RayStorm (Europe)	258530e9	83	RayStorm (USA)
RayStorm (Japan) (Demo)	0bd7485f	89	RayStorm (USA)
RayStorm (Japan, Asia)	7e875e18	88	RayStorm (USA)
RayStorm (USA)	8c281fbe	80	RayStorm (USA)
Rayman (Europe) (En,Fr,De)	f6a7b2bd	6153	Rayman (USA)
Rayman (Europe) (En,Fr,De) (EDC)	484772d8	6459	Rayman (USA)
Rayman (Japan)	0ccd3c7a	4156	Rayman (USA)
Rayman (USA)	7d2ed939	5439	Rayman (USA)
Rayman (USA) (Playable Game Preview)	cfbfd80b	2864	Rayman (USA)
Rayman 2 - The Great Escape (Europe) (Demo)	2887b6e4	109	Rayman 2 - The Great Escape (USA) (En,Fr,Es)
Rayman 2 - The Great Escape (Europe) (En,Es,It)	b6f065df	264	Rayman 2 - The Great Escape (USA) (En,Fr,Es)
Rayman 2 - The Great Escape (Europe) (Fr,De)	f322166c	258	Rayman 2 - The Great Escape (USA) (En,Fr,Es)
Rayman 2 - The Great Escape (USA) (Demo)	74985088	106	Rayman 2 - The Great Escape (USA) (En,Fr,Es)
Rayman 2 - The Great Escape (USA) (En,Fr,Es)	33427ff7	258	Rayman 2 - The Great Escape (USA) (En,Fr,Es)
Rayman Brain Games (USA)	0eea19d7	1410	Rayman Brain Games (USA)
Rayman Junior (Europe) (Fr,De,Es,It)	f9a4521b	1554	Rayman Junior (Europe) (Fr,De,Es,It)
Rayman Junior - Level 1 (Europe) (En,Fr,De,Es,It)	ed792fc3	1710	Rayman Junior - Level 1 (Europe) (En,Fr,De,Es,It)
Rayman Junior - Level 2 (Europe) (En,Fr,De,Es,It)	5b2012d6	1710	Rayman Junior - Level 2 (Europe) (En,Fr,De,Es,It)
Rayman Junior - Level 3 (Europe) (En,Fr,Es,It)	bdc24b90	1674	Rayman Junior - Level 3 (Europe) (En,Fr,Es,It)
Rayman Rush (Europe) (En,Fr,De,Es,It)	206b851d	103	Rayman Rush (USA)
Rayman Rush (Korea)	f0b0bb79	85	Rayman Rush (USA)
Rayman Rush (USA)	bf182538	83	Rayman Rush (USA)
Razor Freestyle Scooter (USA)	da26772b	1089	Razor Freestyle Scooter (USA)
Razor Racing (USA)	d2ee5ee7	84	Razor Racing (USA)
Re-Loaded (Europe) (En,Fr,De)	c2e36fa1	1594	Re-Loaded (Europe) (En,Fr,De)
Re-Loaded - The Hardcore Sequel (USA)	3caf838f	1698	Re-Loaded - The Hardcore Sequel (USA)
Re-Volt (Europe) (En,Fr,De,Es,It)	b6748746	363	Re-Volt (USA)
Re-Volt (Japan)	f3cf884c	200	Re-Volt (USA)
Re-Volt (USA)	05395a1f	303	Re-Volt (USA)
ReBoot (Europe)	6fd23be6	81	ReBoot (USA)
ReBoot (France)	49da8ae3	81	ReBoot (USA)
ReBoot (Germany)	5db547d1	82	ReBoot (USA)
ReBoot (Spain)	9eec7fd0	80	ReBoot (USA)
ReBoot (USA)	24fda01b	78	ReBoot (USA)
Ready 2 Rumble Boxing (Europe) (En,Fr,De)	0cf7d599	107	Ready 2 Rumble Boxing (USA)
Ready 2 Rumble Boxing (USA)	60341cfd	93	Ready 2 Rumble Boxing (USA)
Ready 2 Rumble Boxing - Round 2 (Europe) (En,Fr,De)	2d752c71	117	Ready 2 Rumble Boxing - Round 2 (USA)
Ready 2 Rumble Boxing - Round 2 (USA)	a1e8d27e	103	Ready 2 Rumble Boxing - Round 2 (USA)
Real Bout Fatal Fury (Europe)	280dade4	4074	Real Bout Fatal Fury (Europe)
Real Bout Garou Densetsu (Japan) (Demo)	375de317	4404	Real Bout Garou Densetsu (Japan, Asia) (En,Ja)
Real Bout Garou Densetsu (Japan, Asia) (En,Ja)	00422267	4635	Real Bout Garou Densetsu (Japan, Asia) (En,Ja)
Real Bout Garou Densetsu Special - Dominated Mind (Japan)	2ba95d8d	4238	Real Bout Garou Densetsu Special - Dominated Mind (Japan)
Real Bout Garou Densetsu Special - Dominated Mind (Japan) (Demo)	84cbc573	4434	Real Bout Garou Densetsu Special - Dominated Mind (Japan)
Real Bout Garou Densetsu Special - Dominated Mind (Japan) (Shokai Genteiban)	2beafb96	4770	Real Bout Garou Densetsu Special - Dominated Mind (Japan)
Real Robot Sensen (Japan)	3bb8af55	220	Real Robot Sensen (Japan)
Real Robots - Final Attack (Japan)	464060bf	1659	Real Robots - Final Attack (Japan)
Rebus (Japan)	a8b308df	79	Kartia - The Word of Fate (USA)
Recipro Heat 5000 (Japan) (Taikenban)	cd49b0b9	899	Recipro Heat 5000 (Japan, Asia)
Recipro Heat 5000 (Japan, Asia)	d94a499d	857	Recipro Heat 5000 (Japan, Asia)
Red Asphalt (USA)	374ff7d0	1102	Red Asphalt (USA)
Reel Fishing (Europe)	4d96ce8b	87	Reel Fishing (USA)
Reel Fishing (USA)	2bfbe300	84	Reel Fishing (USA)
Reel Fishing II (Europe) (En,De)	2764b1e1	98	Reel Fishing II (USA)
Reel Fishing II (Europe) (En,De) (Beta) (2000-09-01)	ec8772c6	118	Reel Fishing II (USA)
Reel Fishing II (USA)	1dba666a	87	Reel Fishing II (USA)
Refrain Love - Anata ni Aitai (Japan)	4654021c	103	Refrain Love - Anata ni Aitai (Japan)
Refrain Love - Anata ni Aitai (Japan) (Major Wave)	53d8895e	116	Refrain Love - Anata ni Aitai (Japan)
Refrain Love 2 (Japan) (Disc 1)	7e6b5161	97	Refrain Love 2 (Japan) (Disc 1)
Refrain Love 2 (Japan) (Disc 2)	7f3677b0	97	Refrain Love 2 (Japan) (Disc 1)
Reikoku - Ikeda Kizoku Shinrei Kenkyuujo (Japan)	75b54b0b	114	Reikoku - Ikeda Kizoku Shinrei Kenkyuujo (Japan)
Remote Control Dandy (Japan)	9e42ecb8	592	Remote Control Dandy (Japan)
Remote Control Dandy (Japan) (Demo 1)	8671c00e	103	Remote Control Dandy (Japan)
Remote Control Dandy (Japan) (Demo 2)	872ce6df	103	Remote Control Dandy (Japan)
Remote Control Dandy - Bangai-hen (Japan)	a8834225	107	Remote Control Dandy (Japan)
Ren'ai Kouza - Real Age (Japan)	b7fcc8dd	97	Ren'ai Kouza - Real Age (Japan)
Ren'ai Kouza - Real Age - The Art of Eguchi Hisashi (Japan)	2aa34873	125	Ren'ai Kouza - Real Age (Japan)
Renegade Racers (Europe)	a028a2b3	1044	Renegade Racers (USA)
Renegade Racers (USA)	74914475	1017	Renegade Racers (USA)
Rescue 24 Hours (Japan)	e27fb5e4	1634	Rescue 24 Hours (Japan)
Rescue Copter (USA)	922883b3	1122	Rescue Copter (USA)
Rescue Shot (Europe) (En,Fr,De,Es,It)	68cb2e19	103	Rescue Shot (Europe) (En,Fr,De,Es,It)
Rescue Shot Bubibo & Biohazard - Gun Survivor - GunCon Taiou Shooting Taikenban (Japan)	18c477a1	344	Rescue Shot Bubibo (Japan)
Rescue Shot Bubibo (Japan)	3ac45429	92	Rescue Shot Bubibo (Japan)
Resident Evil (Europe)	2046d852	88	Resident Evil (USA)
Resident Evil (Europe) (EDC)	1603a21a	94	Resident Evil (USA)
Resident Evil (Europe, Australia) (Demo)	6d531e8a	106	Resident Evil (USA)
Resident Evil (France)	064e6957	88	Resident Evil (USA)
Resident Evil (France) (Demo)	e8811f21	95	Resident Evil (USA)
Resident Evil (France) (EDC)	921d00b0	94	Resident Evil (USA)
Resident Evil (Germany)	91f6a4a7	89	Resident Evil (USA)
Resident Evil (Germany) (Demo)	21a9b25a	96	Resident Evil (USA)
Resident Evil (USA)	cc34cc46	85	Resident Evil (USA)
Resident Evil - Director's Cut (Europe)	9d678546	105	Resident Evil - Director's Cut (USA)
Resident Evil - Director's Cut (France)	bb6f3443	105	Resident Evil - Director's Cut (USA)
Resident Evil - Director's Cut (Germany)	8b915187	106	Resident Evil - Director's Cut (USA)
Resident Evil - Director's Cut (USA)	7e3a6fe3	102	Resident Evil - Director's Cut (USA)
Resident Evil - Director's Cut - Dual Shock Ver. (USA)	b6d92e22	278	Resident Evil - Director's Cut (USA)
Resident Evil - Survivor (Europe)	22e3a2bd	99	Resident Evil - Survivor (USA)
Resident Evil - Survivor (France)	04eb13b8	99	Resident Evil - Survivor (USA)
Resident Evil - Survivor (USA)	160025a1	96	Resident Evil - Survivor (USA)
Resident Evil 2 (Europe) (Disc 1)	bbf85e48	236	Resident Evil 2 (USA) (Disc 1)
Resident Evil 2 (Europe) (Disc 2)	ee1845e4	236	Resident Evil 2 (USA) (Disc 1)
Resident Evil 2 (Europe) (Preview)	6307156d	100	Resident Evil 2 (USA) (Disc 1)
Resident Evil 2 (France) (Disc 1)	3bfbb9b9	236	Resident Evil 2 (USA) (Disc 1)
Resident Evil 2 (France) (Disc 2)	6e1ba215	236	Resident Evil 2 (USA) (Disc 1)
Resident Evil 2 (Germany) (Disc 1)	f4b5f8f8	238	Resident Evil 2 (USA) (Disc 1)
Resident Evil 2 (Germany) (Disc 2)	4e62120f	238	Resident Evil 2 (USA) (Disc 1)
Resident Evil 2 (Italy) (Disc 1)	7a917857	234	Resident Evil 2 (USA) (Disc 1)
Resident Evil 2 (Italy) (Disc 2)	cd9012b8	234	Resident Evil 2 (USA) (Disc 1)
Resident Evil 2 (Spain) (Disc 1)	9c4d09dc	234	Resident Evil 2 (USA) (Disc 1)
Resident Evil 2 (Spain) (Disc 2)	2b4c6333	234	Resident Evil 2 (USA) (Disc 1)
Resident Evil 2 (USA) (Demo)	837c32a7	94	Resident Evil 2 (USA) (Disc 1)
Resident Evil 2 (USA) (Disc 1)	8139e98b	230	Resident Evil 2 (USA) (Disc 1)
Resident Evil 2 (USA) (Disc 2)	d7590ad1	230	Resident Evil 2 (USA) (Disc 1)
Resident Evil 2 - Dual Shock Ver. (USA) (Disc 1)	93a8f1ce	266	Resident Evil 2 (USA) (Disc 1)
Resident Evil 2 - Dual Shock Ver. (USA) (Disc 2)	75047a55	266	Resident Evil 2 (USA) (Disc 1)
Resident Evil 3 - Nemesis (Europe)	a940792e	100	Resident Evil 3 - Nemesis (USA, Canada)
Resident Evil 3 - Nemesis (Europe) (Demo)	389f3f70	107	Resident Evil 3 - Nemesis (USA, Canada)
Resident Evil 3 - Nemesis (France)	8f48c82b	100	Resident Evil 3 - Nemesis (USA, Canada)
Resident Evil 3 - Nemesis (Germany)	c8cc9f11	101	Resident Evil 3 - Nemesis (USA, Canada)
Resident Evil 3 - Nemesis (Ireland)	958f53be	101	Resident Evil 3 - Nemesis (USA, Canada)
Resident Evil 3 - Nemesis (Italy)	5d33f432	99	Resident Evil 3 - Nemesis (USA, Canada)
Resident Evil 3 - Nemesis (Spain)	007705ea	99	Resident Evil 3 - Nemesis (USA, Canada)
Resident Evil 3 - Nemesis (USA) (Demo)	f1064a7b	104	Resident Evil 3 - Nemesis (USA, Canada)
Resident Evil 3 - Nemesis (USA, Canada)	c02eab3a	105	Resident Evil 3 - Nemesis (USA, Canada)
Restaurant Dream (Japan)	5e27573f	90	Restaurant Dream (Japan)
Retro Force (Europe) (En,Fr,De,Es,It)	140b1d51	103	Retro Force (Europe) (En,Fr,De,Es,It)
Return Fire (Europe) (En,Ja,Fr,De,Es,It,Pt,Ko,Ru,Ar)	dbf03e58	3069	Return Fire (USA) (En,Ja,Fr,De,Es,It,Pt,Ko,Ru,Ar)
Return Fire (USA) (En,Ja,Fr,De,Es,It,Pt,Ko,Ru,Ar)	c276bab6	2425	Return Fire (USA) (En,Ja,Fr,De,Es,It,Pt,Ko,Ru,Ar)
Return to Zork (Japan) (Disc 1)	7a2f881a	97	Return to Zork (Japan) (Disc 1)
Return to Zork (Japan) (Disc 2)	7b72aecb	97	Return to Zork (Japan) (Disc 1)
Reverthion (Japan)	96ac9280	206	Reverthion (Japan)
Revolution X - Music Is the Weapon (Europe)	d8983e76	2466	Revolution X - Music Is the Weapon (USA)
Revolution X - Music Is the Weapon (Germany)	a30e5b8b	2484	Revolution X - Music Is the Weapon (USA)
Revolution X - Music Is the Weapon (Japan)	e51974ea	2448	Revolution X - Music Is the Weapon (USA)
Revolution X - Music Is the Weapon (USA)	28378035	2277	Revolution X - Music Is the Weapon (USA)
Rhapsody - A Musical Adventure (USA)	38f19440	242	Rhapsody - A Musical Adventure (USA)
Rhythm 'n' Face (Japan)	fa7007e7	89	Rhythm 'n' Face (Japan)
Rhythm Beat (Europe)	216c5690	86	Rhythm Beat (Europe)
Ridegear Guybrave (Japan)	54317f03	220	Ridegear Guybrave (Japan)
Ridegear Guybrave (Japan) (Demo)	5c445bfd	234	Ridegear Guybrave (Japan)
Ridegear Guybrave II (Japan) (Demo)	c59ab5df	240	Ridegear Guybrave II (Japan) (Disc 1)
Ridegear Guybrave II (Japan) (Disc 1)	a1a99be7	244	Ridegear Guybrave II (Japan) (Disc 1)
Ridegear Guybrave II (Japan) (Disc 2)	a12ed3f2	244	Ridegear Guybrave II (Japan) (Disc 1)
Ridge Racer (Europe)	3922cb1d	1592	Ridge Racer (USA)
Ridge Racer (Japan)	2ffff30c	1464	Ridge Racer (USA)
Ridge Racer (USA)	8b03fa5d	1550	Ridge Racer (USA)
Ridge Racer - High Spec Ver. & Namco Catalogue '98 (Japan, Asia)	434036f0	1572	Ridge Racer - High Spec Ver. & Namco Catalogue '98 (Japan, Asia)
Ridge Racer - High Spec Ver. & Namco Catalogue '98 (Japan, Asia) (R4 + JogCon)	7312c122	1712	Ridge Racer - High Spec Ver. & Namco Catalogue '98 (Japan, Asia)
Ridge Racer Bonus Turbo Mode Disc (USA)	e8048cc3	1179	R4 - Ridge Racer Type 4 (USA)
Ridge Racer Hi-Spec Demo (Europe)	ad31cff0	1262	Ridge Racer Hi-Spec Demo (Europe)
Ridge Racer Revolution (Europe)	0a3ec73d	2502	Ridge Racer Revolution (USA)
Ridge Racer Revolution (Europe) (EDC)	40e071ca	2622	Ridge Racer Revolution (USA)
Ridge Racer Revolution (Japan)	a0825c5e	2482	Ridge Racer Revolution (USA)
Ridge Racer Revolution (Japan) (Rev 1)	ce307709	2642	Ridge Racer Revolution (USA)
Ridge Racer Revolution (USA)	5fa45e36	2442	Ridge Racer Revolution (USA)
Ridge Racer Type 4 (Europe) (En,Fr,De,Es,It)	f2613d29	110	Ridge Racer Hi-Spec Demo (Europe)
Ridge Racer Type 4 Collectors Demo (Europe, Australia)	a0d92794	278	Ridge Racer Hi-Spec Demo (Europe)
Riichi Mahjong - Ohitorisama demo Utemasu! (Japan)	00a7d733	702	Riichi Mahjong - Ohitorisama demo Utemasu! (Japan)
Rikujou Boueitai Mao-chan (Japan)	f4d0307a	99	Rikujou Boueitai Mao-chan (Japan)
Rikujou Boueitai Mao-chan (Japan) (DX Pack)	6eb6b4c2	109	Rikujou Boueitai Mao-chan (Japan)
Ring of Sias (Japan)	e1d2b31b	86	Ring of Sias (Japan)
Riot (Europe)	fc059ede	624	Riot (Europe)
Riot (Europe) (Demo)	4f199fd4	666	Riot (Europe)
Riot Stars (Japan)	ba3524e0	84	Riot Stars (Japan)
Riot Stars (Japan) (Sample)	e634c4ed	93	Riot Stars (Japan)
Rise 2 - Resurrection (Europe) (En,Fr,De,Es,It)	d047531e	1544	Rise 2 - Resurrection (USA) (En,Fr,De,Es,It)
Rise 2 - Resurrection (Japan) (En,Fr,De,Es,It)	2a19a31a	1533	Rise 2 - Resurrection (USA) (En,Fr,De,Es,It)
Rise 2 - Resurrection (USA) (En,Fr,De,Es,It)	8a9a5d1d	1511	Rise 2 - Resurrection (USA) (En,Fr,De,Es,It)
Rising Zan - The Samurai Gunman (Europe) (En,Fr,De,Es,It)	8af40d97	284	Rising Zan - The Samurai Gunman (USA)
Rising Zan - The Samurai Gunman (Japan)	a46998dc	248	Rising Zan - The Samurai Gunman (USA)
Rising Zan - The Samurai Gunman (USA)	e61f4f54	244	Rising Zan - The Samurai Gunman (USA)
Risk (Europe) (En,Fr,De,Es)	44f75c06	224	Risk (Europe) (En,Fr,De,Es)
Risk (Europe) (En,Fr,De,Es) (Alt)	f4bfae33	236	Risk (Europe) (En,Fr,De,Es)
Risk - The Game of Global Domination (USA)	45cf3299	254	Risk - The Game of Global Domination (USA)
Rittai Ninja Katsugeki - Tenchu (Japan)	116d45a8	105	Tenchu - Stealth Assassins (USA)
Rittai Ninja Katsugeki - Tenchu (Japan) (Demo)	4176aaae	112	Tenchu - Stealth Assassins (USA)
Rittai Ninja Katsugeki - Tenchu (Japan) (Rev 1)	41e80d43	113	Tenchu - Stealth Assassins (USA)
Rittai Ninja Katsugeki - Tenchu - Shinobi Gaisen (Japan) (En,Ja,Fr,It)	d4ce9f72	310	Rittai Ninja Katsugeki - Tenchu - Shinobi Gaisen (Japan) (En,Ja,Fr,It)
Rittai Ninja Katsugeki - Tenchu - Shinobi Hyakusen (Japan)	e595ac8a	124	Rittai Ninja Katsugeki - Tenchu - Shinobi Hyakusen (Japan)
Rittai Ninja Katsugeki - Tenchu 2 (Japan)	2bee2d02	107	Tenchu 2 - Birth of the Stealth Assassins (USA)
Rival Schools + Resident Evil 2 + Bloody Roar + Street Fighter EX Plus Alpha + Mr Domino + Victory Boxing 2 (France)	18f00b4c	822	Rival Schools + Resident Evil 2 + Bloody Roar + Street Fighter EX Plus Alpha + Mr Domino + Victory Boxing 2 (France)
Rival Schools - United by Fate (Europe) (Disc 1) (Evolution Disc)	d8ac56e5	131	Rival Schools - United by Fate (USA) (Disc 1) (Arcade Disc)
Rival Schools - United by Fate (Europe) (Disc 2) (Arcade Disc)	e6a254cd	128	Rival Schools - United by Fate (USA) (Disc 1) (Arcade Disc)
Rival Schools - United by Fate (USA) (Disc 1) (Arcade Disc)	b5fb2808	125	Rival Schools - United by Fate (USA) (Disc 1) (Arcade Disc)
Rival Schools - United by Fate (USA) (Disc 2) (Evolution Disc)	def5ddb7	128	Rival Schools - United by Fate (USA) (Disc 1) (Arcade Disc)
Riven - The Sequel to Myst (Europe) (Disc 1)	c8f81078	110	Riven - The Sequel to Myst (USA) (Disc 1)
Riven - The Sequel to Myst (Europe) (Disc 2)	c9a536a9	110	Riven - The Sequel to Myst (USA) (Disc 1)
Riven - The Sequel to Myst (Europe) (Disc 3)	7fbed6d9	110	Riven - The Sequel to Myst (USA) (Disc 1)
Riven - The Sequel to Myst (Europe) (Disc 4)	cb1f7b0b	110	Riven - The Sequel to Myst (USA) (Disc 1)
Riven - The Sequel to Myst (Europe) (Disc 5)	7d049b7b	110	Riven - The Sequel to Myst (USA) (Disc 1)
Riven - The Sequel to Myst (France) (Disc 1)	7a292b42	110	Riven - The Sequel to Myst (USA) (Disc 1)
Riven - The Sequel to Myst (France) (Disc 2)	7b740d93	110	Riven - The Sequel to Myst (USA) (Disc 1)
Riven - The Sequel to Myst (France) (Disc 3)	cd6fede3	110	Riven - The Sequel to Myst (USA) (Disc 1)
Riven - The Sequel to Myst (France) (Disc 4)	79ce4031	110	Riven - The Sequel to Myst (USA) (Disc 1)
Riven - The Sequel to Myst (France) (Disc 5)	cfd5a041	110	Riven - The Sequel to Myst (USA) (Disc 1)
Riven - The Sequel to Myst (Germany) (Disc 1)	d6556541	111	Riven - The Sequel to Myst (USA) (Disc 1)
Riven - The Sequel to Myst (Germany) (Disc 2)	d7084390	111	Riven - The Sequel to Myst (USA) (Disc 1)
Riven - The Sequel to Myst (Germany) (Disc 3)	6113a3e0	111	Riven - The Sequel to Myst (USA) (Disc 1)
Riven - The Sequel to Myst (Germany) (Disc 4)	d5b20e32	111	Riven - The Sequel to Myst (USA) (Disc 1)
Riven - The Sequel to Myst (Germany) (Disc 5)	63a9ee42	111	Riven - The Sequel to Myst (USA) (Disc 1)
Riven - The Sequel to Myst (Japan) (Disc 1)	dd7c5ae2	109	Riven - The Sequel to Myst (USA) (Disc 1)
Riven - The Sequel to Myst (Japan) (Disc 2)	dc217c33	109	Riven - The Sequel to Myst (USA) (Disc 1)
Riven - The Sequel to Myst (Japan) (Disc 3)	6a3a9c43	109	Riven - The Sequel to Myst (USA) (Disc 1)
Riven - The Sequel to Myst (Japan) (Disc 4)	de9b3191	109	Riven - The Sequel to Myst (USA) (Disc 1)
Riven - The Sequel to Myst (Japan) (Disc 5)	6880d1e1	109	Riven - The Sequel to Myst (USA) (Disc 1)
Riven - The Sequel to Myst (Japan) (Otameshi Disc)	bc81f9ed	116	Riven - The Sequel to Myst (USA) (Disc 1)
Riven - The Sequel to Myst (USA) (Disc 1)	7e9b72e0	107	Riven - The Sequel to Myst (USA) (Disc 1)
Riven - The Sequel to Myst (USA) (Disc 2)	7fc65431	107	Riven - The Sequel to Myst (USA) (Disc 1)
Riven - The Sequel to Myst (USA) (Disc 3)	c9ddb441	107	Riven - The Sequel to Myst (USA) (Disc 1)
Riven - The Sequel to Myst (USA) (Disc 4)	7d7c1993	107	Riven - The Sequel to Myst (USA) (Disc 1)
Riven - The Sequel to Myst (USA) (Disc 5)	cb67f9e3	107	Riven - The Sequel to Myst (USA) (Disc 1)
RoX - 6 = Six (Japan)	2afecb93	212	RoX - 6 = Six (Japan)
Road & Track Presents - The Need for Speed (Europe) (En,De)	734d5b6e	125	Road & Track Presents - The Need for Speed (USA)
Road & Track Presents - The Need for Speed (USA)	27cf32f5	114	Road & Track Presents - The Need for Speed (USA)
Road Rage (Europe)	283cb7f8	99	Road Rage (Europe)
Road Rash (Europe)	6b83dab8	84	Road Rash (USA)
Road Rash (Japan)	2080eb64	83	Road Rash (USA)
Road Rash (USA)	c1e6c938	81	Road Rash (USA)
Road Rash - Jailbreak (Europe) (En,Fr,De)	bd5bdce9	107	Road Rash - Jailbreak (USA)
Road Rash - Jailbreak (USA)	0cb5fa7c	93	Road Rash - Jailbreak (USA)
Road Rash 3D (Europe)	66a78a6e	87	Road Rash 3D (USA)
Road Rash 3D (France)	40af3b6b	87	Road Rash 3D (USA)
Road Rash 3D (Germany)	bedf3972	88	Road Rash 3D (USA)
Road Rash 3D (USA)	ddb21fca	84	Road Rash 3D (USA)
Roadsters (Europe) (En,Fr,De,Es,It)	80df6a9c	1143	Roadsters (USA)
Roadsters (USA)	531c9903	963	Roadsters (USA)
Robbit mon Dieu (Japan)	3abf1733	89	Robbit mon Dieu (Japan)
Robbit mon Dieu (Japan) (Demo)	69f92592	96	Robbit mon Dieu (Japan)
Robin Hood - The Siege (Europe)	a743176b	982	Robin Hood - The Siege (Europe)
Robin Lloyd no Bouken (Japan)	b1963628	228	Robin Lloyd no Bouken (Japan)
Robo Pit (Europe)	a28b1774	1662	Robo Pit (USA)
Robo Pit (Japan)	60c335b9	1647	Robo Pit (USA)
Robo Pit (USA)	80d53fa1	1617	Robo Pit (USA)
Robo Pit 2 (Europe)	591ca8a7	85	Robo Pit 2 (USA)
Robo Pit 2 (USA)	4e4c6713	82	Robo Pit 2 (USA)
Robo-Pit 2 (Japan) (Demo 1)	d49a0789	93	Robo-Pit 2 (Japan, Asia)
Robo-Pit 2 (Japan) (Demo 2)	d5c72158	93	Robo-Pit 2 (Japan, Asia)
Robo-Pit 2 (Japan, Asia)	1d7dfc17	90	Robo-Pit 2 (Japan, Asia)
Robocod - James Pond II (Europe) (En,Fr,De,Es,It)	865e0968	1269	Robocod - James Pond II (Europe) (En,Fr,De,Es,It)
Robot x Robot (Japan)	d0768f89	1722	Robot x Robot (Japan)
Robotron X (Europe)	4bd2611f	2262	Robotron X (USA)
Robotron X (Europe) (Demo)	8cdeea3c	2402	Robotron X (USA)
Robotron X (Japan)	74555bad	2355	Robotron X (USA)
Robotron X (USA)	a704a893	2202	Robotron X (USA)
Rock & Roll Racing 2 - Red Asphalt (Europe)	507b74e2	1362	Rock & Roll Racing 2 - Red Asphalt (Europe)
Rock 'Em Sock 'Em Robots Arena (USA)	0d6a994a	1816	Rock 'Em Sock 'Em Robots Arena (USA)
Rock-Climbing - Mitouhou e no Chousen - Alps-hen (Japan)	02ec1df7	3304	Rock-Climbing - Mitouhou e no Chousen - Alps-hen (Japan)
Rockman (Japan)	75a437cb	81	Rockman (Japan)
Rockman - Battle & Chase (Japan)	8235a01d	98	Mega Man - Battle & Chase (Europe)
Rockman - Battle & Chase (Japan) (PlayStation the Best for Family)	df58478b	132	Mega Man - Battle & Chase (Europe)
Rockman 2 - Dr. Wily no Nazo (Japan)	fac32f72	102	Rockman 2 - Dr. Wily no Nazo (Japan)
Rockman 3 - Dr. Wily no Saigo! (Japan)	dbe94ebc	104	Rockman 3 - Dr. Wily no Saigo! (Japan)
Rockman 4 - Aratanaru Yabou!! (Japan)	83d18a6e	103	Rockman 4 - Aratanaru Yabou!! (Japan)
Rockman 5 - Blues no Wana! (Japan)	8f658662	100	Rockman 5 - Blues no Wana! (Japan)
Rockman 6 - Shijou Saidai no Tatakai!! (Japan)	de270146	112	Rockman 6 - Shijou Saidai no Tatakai!! (Japan)
Rockman 8 - Metal Heroes (Japan)	7ef25186	486	Mega Man 8 (USA)
Rockman Dash - Hagane no Boukenshin (Japan)	76035658	256	Rockman Dash - Hagane no Boukenshin (Japan)
Rockman Dash - Hagane no Boukenshin (Japan) (Demo)	0ba700f1	270	Rockman Dash - Hagane no Boukenshin (Japan)
Rockman Dash - Hagane no Boukenshin (Japan) (Digest-ban)	deeb17f7	282	Rockman Dash - Hagane no Boukenshin (Japan)
Rockman Dash 2 - Episode 1 - 'Roll-chan Kiki Ippatsu!' no Maki (Japan) (Demo)	18fca94f	324	Rockman Dash 2 - Episode 2 - Ooinaru Isan (Japan)
Rockman Dash 2 - Episode 2 - Ooinaru Isan (Japan)	e3b1ee0a	268	Rockman Dash 2 - Episode 2 - Ooinaru Isan (Japan)
Rockman X3 (Japan)	95f4a958	3598	Mega Man X3 (Europe)
Rockman X4 (Japan)	96f06b44	84	Rockman X4 (Japan)
Rockman X4 (Japan) (Special Limited Pack)	fdab04d3	107	Rockman X4 (Japan)
Rockman X4, Rockman 8 - Metal Heroes, Rockman - Battle & Chase (Japan) (Demo)	7c1de502	143	Mega Man - Battle & Chase (Europe)
Rockman X5 (Japan)	43f51738	84	Rockman X5 (Japan)
Rockman X6 (Japan)	e78b95fd	84	Rockman X6 (Japan)
Roger Lemerre - La Selection des Champions (France)	2fb2492f	117	Roger Lemerre - La Selection des Champions (France)
Roger Lemerre - La Selection des Champions 2002 (France)	df09c129	122	Roger Lemerre - La Selection des Champions 2002 (France)
Rogue Trip - Vacation 2012 (Europe)	c88fad37	2192	Rogue Trip - Vacation 2012 (USA)
Rogue Trip - Vacation 2012 (USA)	a762c700	2141	Rogue Trip - Vacation 2012 (USA)
Rogue Trip - Vacation 2012 (USA) (Demo)	8b72a795	381	Rogue Trip - Vacation 2012 (USA)
Rogue Trip - Vacation 2012 (USA) (Trade Demo)	a7226bc0	399	Rogue Trip - Vacation 2012 (USA)
Roland Garros French Open 2001 (Europe) (En,Fr,De,Es,It)	a91f3b08	122	Roland Garros French Open 2001 (Europe) (En,Fr,De,Es,It)
Roll Away (USA)	34089960	81	Roll Away (USA)
Rollcage (Europe) (Demo)	68502a4c	218	Rollcage (USA)
Rollcage (Europe) (En,Fr,De,Es,It) (Demo)	3419c98c	387	Rollcage (USA)
Rollcage (Europe, Australia) (En,Fr,De,Es,It)	39103972	2222	Rollcage (USA)
Rollcage (USA)	d4eca934	1726	Rollcage (USA)
Rollcage (USA) (Demo)	ed9eb5c4	212	Rollcage (USA)
Rollcage Stage II (Europe) (En,Fr,De,Es,It)	b08cbe67	1776	Rollcage Stage II (USA)
Rollcage Stage II (Europe) (En,Fr,De,Es,It) (Beta) (2000-01-17)	c55775f9	2036	Rollcage Stage II (USA)
Rollcage Stage II (USA)	fd2ae459	1516	Rollcage Stage II (USA)
Romance of the Three Kingdoms IV - Wall of Fire (USA)	c446a804	2794	Romance of the Three Kingdoms IV - Wall of Fire (USA)
Romance of the Three Kingdoms VI - Awakening of the Dragon (USA)	f2a11c9c	298	Romance of the Three Kingdoms VI - Awakening of the Dragon (USA)
Romance wa Tsurugi no Kagayaki II - Gin no Niji o Sagashite (Japan) (Disc 1)	e0a72915	142	Romance wa Tsurugi no Kagayaki II - Gin no Niji o Sagashite (Japan) (Disc 1)
Romance wa Tsurugi no Kagayaki II - Gin no Niji o Sagashite (Japan) (Disc 1) (Shokai Genteiban)	669fe41e	161	Romance wa Tsurugi no Kagayaki II - Gin no Niji o Sagashite (Japan) (Disc 1)
Romance wa Tsurugi no Kagayaki II - Gin no Niji o Sagashite (Japan) (Disc 2)	e1fa0fc4	142	Romance wa Tsurugi no Kagayaki II - Gin no Niji o Sagashite (Japan) (Disc 1)
Romance wa Tsurugi no Kagayaki II - Gin no Niji o Sagashite (Japan) (Disc 2) (Shokai Genteiban)	d0dda18b	161	Romance wa Tsurugi no Kagayaki II - Gin no Niji o Sagashite (Japan) (Disc 1)
Ronaldo V-Football (Europe) (De,Es,It,Pt)	11c2815c	107	Ronaldo V-Football (Europe) (De,Es,It,Pt)
Ronaldo V-Football (Europe) (En,Fr,Nl,Sv)	7358f811	107	Ronaldo V-Football (Europe) (De,Es,It,Pt)
Ronin Blade (Europe) (En,Fr,De)	a078c3ee	97	Ronin Blade (Europe) (En,Fr,De)
Roommate - Inoue Ryoko (Japan)	25947173	230	Roommate - Inoue Ryoko (Japan)
Rosco McQueen (Europe) (En,Fr,De,Es,It)	b7531d10	105	Rosco McQueen (Europe) (En,Fr,De,Es,It)
Rosco McQueen (Europe) (En,Fr,De,Es,It) (Beta) (1997-06-19)	2706c28c	125	Rosco McQueen (Europe) (En,Fr,De,Es,It)
Rosco McQueen Firefighter Extreme (USA)	bb011c52	105	Rosco McQueen Firefighter Extreme (USA)
Roswell Conspiracies - Aliens, Myths & Legends (Europe) (En,Fr,De)	68eb2edc	462	Roswell Conspiracies - Aliens, Myths & Legends (USA)
Roswell Conspiracies - Aliens, Myths & Legends (USA)	a8abdb04	420	Roswell Conspiracies - Aliens, Myths & Legends (USA)
Rox (Europe)	45b6a06c	78	Rox (Europe)
Ruff & Tumble (Germany)	58417dde	89	Ruff & Tumble (Germany)
Ruff & Tumble (Netherlands)	756c455f	93	Ruff & Tumble (Germany)
Runabout (Japan)	77e4b442	82	Runabout (Japan)
Runabout (Japan) (Demo)	9ad3e377	89	Runabout (Japan)
Runabout 2 (Europe)	d78d94a1	208	Runabout 2 (USA)
Runabout 2 (Japan)	11d1a3bd	206	Runabout 2 (USA)
Runabout 2 (Japan) (Demo)	addf6740	220	Runabout 2 (USA)
Runabout 2 (Japan) (Fukyuuban 1500)	e91e05fb	240	Runabout 2 (USA)
Runabout 2 (USA)	a7e11c60	202	Runabout 2 (USA)
Running High (Japan) (Demo)	a0d2e7e7	466	Running High (Japan, Asia)
Running High (Japan, Asia)	60597c9f	1434	Running High (Japan, Asia)
Running Wild (Europe)	53da9bb8	87	Running Wild (USA)
Running Wild (USA)	395a46c6	4201	Running Wild (USA)
Running Wild (USA) (Beta) (1998-07-28)	2f7f9ceb	104	Running Wild (USA)
Running Wild (USA) (Demo)	edc79853	4488	Running Wild (USA)
Rupupu Cube - Lup Salad (Japan)	b04896a9	2754	Rupupu Cube - Lup Salad (Japan)
Rurouni Kenshin - Meiji Kenkaku Romantan - Ishin Gekitou-hen (Japan)	e156f5f2	134	Rurouni Kenshin - Meiji Kenkaku Romantan - Ishin Gekitou-hen (Japan)
Rurouni Kenshin - Meiji Kenkaku Romantan - Juuyuushi Inbou-hen (Japan)	147768b3	136	Rurouni Kenshin - Meiji Kenkaku Romantan - Juuyuushi Inbou-hen (Japan)
Rurouni Kenshin - Meiji Kenkaku Romantan - Juuyuushi Inbou-hen (Japan) (Demo)	8b06ccff	324	Rurouni Kenshin - Meiji Kenkaku Romantan - Juuyuushi Inbou-hen (Japan)
Rurouni Kenshin - Meiji Kenkaku Romantan - Juuyuushi Inbou-hen (Japan) (Rev 1)	a4fed6ef	144	Rurouni Kenshin - Meiji Kenkaku Romantan - Juuyuushi Inbou-hen (Japan)
Rush Hour (USA)	aaf07e74	1852	Rush Hour (USA)
Rushdown (Europe) (En,Fr,De)	0cc8e75a	1704	Rushdown (USA)
Rushdown (USA)	ec81e845	1399	Rushdown (USA)
Ryuuki Denshou - Dragoon (Japan)	db92b739	234	Ryuuki Denshou - Dragoon (Japan)
S.C.A.R.S. (Europe) (Demo)	762cdb5c	342	S.C.A.R.S. (USA)
S.C.A.R.S. (Europe) (En,Fr,De,Es,It)	9aaaadb8	1685	S.C.A.R.S. (USA)
S.C.A.R.S. (USA)	c9aa5222	1425	S.C.A.R.S. (USA)
SD Gundam - GCentury (Japan) (Rev 1)	daca7501	3519	SD Gundam - GCentury (Japan, Asia)
SD Gundam - GCentury (Japan, Asia)	7ada909d	3465	SD Gundam - GCentury (Japan, Asia)
SD Gundam - GGeneration (Japan)	56634826	232	SD Gundam - GGeneration (Japan)
SD Gundam - GGeneration (Japan) (Rev 1)	7f818f31	248	SD Gundam - GGeneration (Japan)
SD Gundam - GGeneration (Premium Disc) (Japan)	82f46f86	112	SD Gundam - GGeneration (Japan)
SD Gundam - GGeneration-0 (Japan) (Disc 1)	08a62f17	254	SD Gundam - GGeneration-0 (Japan) (Disc 1)
SD Gundam - GGeneration-0 (Japan) (Disc 1) (Rev 1)	1e99fb46	270	SD Gundam - GGeneration-0 (Japan) (Disc 1)
SD Gundam - GGeneration-0 (Japan) (Disc 2)	4ea21706	254	SD Gundam - GGeneration-0 (Japan) (Disc 1)
SD Gundam - GGeneration-0 (Japan) (Disc 2) (Rev 1)	7fae837a	270	SD Gundam - GGeneration-0 (Japan) (Disc 1)
SD Gundam - GGeneration-F (Japan) (Disc 1)	ca2d86b1	254	SD Gundam - GGeneration-F (Japan) (Disc 1)
SD Gundam - GGeneration-F (Japan) (Disc 1) (Tokubetsuban)	bf6335be	284	SD Gundam - GGeneration-F (Japan) (Disc 1)
SD Gundam - GGeneration-F (Japan) (Disc 2)	8c29bea0	254	SD Gundam - GGeneration-F (Japan) (Disc 1)
SD Gundam - GGeneration-F (Japan) (Disc 2) (Tokubetsuban)	c5fcefb2	284	SD Gundam - GGeneration-F (Japan) (Disc 1)
SD Gundam - GGeneration-F (Japan) (Disc 3)	07055490	254	SD Gundam - GGeneration-F (Japan) (Disc 1)
SD Gundam - GGeneration-F (Japan) (Disc 3) (Tokubetsuban)	ec7659b6	284	SD Gundam - GGeneration-F (Japan) (Disc 1)
SD Gundam - GGeneration-F (Japan) (Disc 4) (Premium Disc)	026aa63b	284	SD Gundam - GGeneration-F (Japan) (Disc 1)
SD Gundam - GGeneration-F (Japan) (Disc 4) (Premium Disc) (Limited Edition)	44ad0abb	320	SD Gundam - GGeneration-F (Japan) (Disc 1)
SD Gundam - GGeneration-F (Japan) (Disc 4) (Premium Disc) (Tokubetsuban)	330134da	314	SD Gundam - GGeneration-F (Japan) (Disc 1)
SD Gundam - GGeneration-F.I.F (Japan)	c14a3d14	244	SD Gundam - GGeneration-F.I.F (Japan)
SD Gundam - Over Galaxian (Japan)	58062d2a	3822	SD Gundam - Over Galaxian (Japan)
SD Gundam Eiyuuden - Daikessen!! Kishi vs. Musha (Japan)	20344fb4	122	SD Gundam Eiyuuden - Daikessen!! Kishi vs. Musha (Japan)
SaGa Frontier (Japan, Asia)	ea8e33d6	93	SaGa Frontier (USA)
SaGa Frontier (USA)	57683aaa	85	SaGa Frontier (USA)
SaGa Frontier 2 (Europe)	4a76c68b	90	SaGa Frontier 2 (USA)
SaGa Frontier 2 (France)	6c7e778e	90	SaGa Frontier 2 (USA)
SaGa Frontier 2 (Germany)	6e93fec9	91	SaGa Frontier 2 (USA)
SaGa Frontier 2 (USA)	5e4044f9	87	SaGa Frontier 2 (USA)
SaGa Frontier II (Japan, Asia)	81d9b685	96	SaGa Frontier 2 (USA)
Saban's Power Rangers - Lightspeed Rescue (Europe, Australia) (En,Fr,De)	55523bbb	138	Saban's Power Rangers - Lightspeed Rescue (USA)
Saban's Power Rangers - Lightspeed Rescue (USA)	d5d4eb4f	113	Saban's Power Rangers - Lightspeed Rescue (USA)
Saban's Power Rangers - Time Force (Europe)	a4952d47	109	Saban's Power Rangers - Time Force (USA)
Saban's Power Rangers - Time Force (USA)	e50e27d5	106	Saban's Power Rangers - Time Force (USA)
Saban's Power Rangers Zeo - Full Tilt Battle Pinball (Europe)	3ff7b843	292	Saban's Power Rangers Zeo - Full Tilt Battle Pinball (USA)
Saban's Power Rangers Zeo - Full Tilt Battle Pinball (USA)	f30d0c51	286	Saban's Power Rangers Zeo - Full Tilt Battle Pinball (USA)
Saber Marionette J - Battle Sabers (Japan)	0b14de3f	2585	Saber Marionette J - Battle Sabers (Japan)
Saber Marionette J - Battle Sabers (Japan) (Shokai Genteiban)	af68d152	2946	Saber Marionette J - Battle Sabers (Japan)
Sabrina l'Apprentie Sorciere et l'Horloge Cosmique (France)	67b10f12	14920	Sabrina l'Apprentie Sorciere et l'Horloge Cosmique (France)
Sabrina the Teenage Witch - A Twitch in Time! (Europe)	a5c711d3	14435	Sabrina the Teenage Witch - A Twitch in Time! (USA)
Sabrina the Teenage Witch - A Twitch in Time! (USA)	ec9dcb19	14144	Sabrina the Teenage Witch - A Twitch in Time! (USA)
Saibara Rieko no Mahjong Toriatama Kikou (Japan)	2535e7d3	114	Mahjong Toriatama Kikou (Japan)
Saikyou Ginsei Chess (Japan)	080bbec8	94	Saikyou Ginsei Chess (Japan)
Saikyou Ginsei Mahjong (Japan)	5fa5014c	230	Saikyou Ginsei Mahjong (Japan)
Saikyou Ginsei Shougi (Japan)	af15adaf	95	Saikyou Ginsei Shougi (Japan)
Saikyou Ginsei Shougi 2 (Japan)	ca7e6ff7	97	Saikyou Ginsei Shougi 2 (Japan)
Saikyou Toudai Shougi (Japan)	47a097d4	95	Saikyou Toudai Shougi (Japan)
Saikyou Toudai Shougi 2 (Japan)	c0b9fecd	97	Saikyou Toudai Shougi 2 (Japan)
Saikyou no Igo (Japan)	1c445f27	678	Saikyou no Igo (Japan)
Saikyou no Shougi (Japan)	aa73b841	696	Saikyou no Shougi (Japan)
Saishuu Densha (Japan)	0f404cb9	88	Saishuu Densha (Japan)
Saishuu Densha (Japan) (Demo)	2e47a705	95	Saishuu Densha (Japan)
Saiyuki - Journey West (USA)	8f16061b	94	Saiyuki - Journey West (USA)
Saiyuuki (Japan) (Rev 1)	ecf71df9	90	Saiyuki - Journey West (USA)
Sakamoto Ryouma - Ishin Kaikoku (Japan)	985676f2	105	Sakamoto Ryouma - Ishin Kaikoku (Japan)
Sakkyoku Surun da mon - Dance Remix-hen (Japan)	e5521931	113	Sakkyoku Surun da mon - Dance Remix-hen (Japan)
Sakuma-shiki Jinsei Game (Japan)	ecf41d91	98	Sakuma-shiki Jinsei Game (Japan)
Salamander Deluxe Pack Plus (Japan)	a44fa750	116	Salamander Deluxe Pack Plus (Japan)
Salaryman Champ - Tatakau Salaryman (Japan)	6cb1dcad	109	Salaryman Champ - Tatakau Salaryman (Japan)
Salaryman Kintarou - The Game (Japan)	b63caac7	103	Salaryman Kintarou - The Game (Japan)
Salaryman Settai Mahjong (Japan)	8cf62b53	98	Salaryman Settai Mahjong (Japan)
Saltwater Sportfishing (Europe) (En,Fr,De,Es,It)	ce006205	266	Saltwater Sportfishing (USA)
Saltwater Sportfishing (USA)	1dff9327	1581	Saltwater Sportfishing (USA)
Sammy Sosa High Heat Baseball 2001 (USA)	1f203503	250	Sammy Sosa High Heat Baseball 2001 (USA)
Sammy Sosa Softball Slam (USA)	394a6d08	354	Sammy Sosa Softball Slam (USA)
Sampras Extreme Tennis (Europe) (En,Fr,De,Es,It)	04480e4e	266	Sampras Extreme Tennis (Europe) (En,Fr,De,Es,It)
Sampras Extreme Tennis (Japan)	f57276a8	230	Sampras Extreme Tennis (Europe) (En,Fr,De,Es,It)
Samurai Deeper Kyo (Japan)	a21f7c69	92	Samurai Deeper Kyo (Japan)
Samurai Deeper Kyo (Japan) (Shokai Seisan Gentei Shiyou)	96a55354	122	Samurai Deeper Kyo (Japan)
Samurai Shodown - Warriors Rage (USA)	d9e15d67	103	Samurai Shodown - Warriors Rage (USA)
Samurai Shodown III (Europe)	e84a524b	94	Samurai Shodown III (Europe)
Samurai Shodown III - Blades of Blood (USA)	67f254d6	109	Samurai Shodown III - Blades of Blood (USA)
Samurai Spirits - Amakusa Kourin Special (Japan)	36512932	5702	Samurai Spirits - Amakusa Kourin Special (Japan)
Samurai Spirits - Kenkaku Shinan Pack (Japan, Asia)	e68b07b6	272	Samurai Spirits - Kenkaku Shinan Pack (Japan, Asia)
Samurai Spirits - Zankurou Musouken (Japan)	0c44aa1b	109	Samurai Spirits - Zankurou Musouken (Japan)
Samurai Spirits - Zankurou Musouken (Japan) (PlayStation the Best)	53de4e30	132	Samurai Spirits - Zankurou Musouken (Japan)
San Francisco Rush - Extreme Racing (Europe) (En,Fr,De,Es,It)	06344908	757	San Francisco Rush - Extreme Racing (USA)
San Francisco Rush - Extreme Racing (USA)	2cd72d4c	565	San Francisco Rush - Extreme Racing (USA)
Sangoku Musou (Japan)	b52de3b4	87	Sangoku Musou (Japan)
Sangoku Musou (Japan) (Demo)	29312fa4	226	Sangoku Musou (Japan)
Sangoku Musou (Japan) (Rev 1)	c478fc49	95	Sangoku Musou (Japan)
Sangokushi Eiketsuden (Japan)	9b48837c	228	Sangokushi Eiketsuden (Japan)
Sangokushi II (Japan)	ad9c211b	87	Sangokushi II (Japan)
Sangokushi III (Japan)	0bd7fc55	88	Sangokushi III (Japan)
Sangokushi IV (Japan)	c7106cb2	2186	Romance of the Three Kingdoms IV - Wall of Fire (USA)
Sangokushi IV (Japan) (Rev 1)	5ee692bb	2338	Romance of the Three Kingdoms IV - Wall of Fire (USA)
Sangokushi IV with Power-Up Kit (Japan) (Rev 1)	99e632f5	2680	Romance of the Three Kingdoms IV - Wall of Fire (USA)
Sangokushi Koumeiden (Japan)	99f11afa	226	Sangokushi Koumeiden (Japan)
Sangokushi Returns (Japan)	81b27187	222	Sangokushi II (Japan)
Sangokushi V (Japan)	13521573	894	Sangokushi V (Japan)
Sangokushi V with Power-Up Kit (Japan)	3a4a0b69	1038	Sangokushi V (Japan)
Sangokushi VI (Japan, Asia)	ecaf2171	224	Romance of the Three Kingdoms VI - Awakening of the Dragon (USA)
Sangokushi VI with Power-Up Kit (Japan)	4ac8fb4e	248	Romance of the Three Kingdoms VI - Awakening of the Dragon (USA)
Sangokushi VII (Japan)	8b468c63	214	Sangokushi VII (Japan)
Sanguozhi IV (Asia) (En,Zh)	7235d6a0	2300	Romance of the Three Kingdoms IV - Wall of Fire (USA)
Sanguozhi V (Asia)	fbfb01ea	878	Sangokushi V (Japan)
Sankyo Fever - Downtown Geki (Japan)	be63234d	12951	Sankyo Fever - Downtown Geki (Japan)
Sankyo Fever - Jikki Simulation (Japan)	7b3181e3	780	Sankyo Fever - Jikki Simulation (Japan)
Sankyo Fever - Jikki Simulation Vol. 2 (Japan)	9196a90e	1392	Sankyo Fever - Jikki Simulation Vol. 2 (Japan)
Sankyo Fever - Jikki Simulation Vol. 3 (Japan)	3ff64327	402	Sankyo Fever - Jikki Simulation Vol. 3 (Japan)
Santa Claus Saves the Earth (Europe)	e22d3055	2209	Santa Claus Saves the Earth (Europe)
Sanvein (Europe)	c7af614d	202	Sanvein (Europe)
Sanyo Pachinko Paradise (Japan)	df3f14f8	97	Sanyo Pachinko Paradise (Japan)
Sanyo Pachinko Paradise 2 - Umi Monogatari Special (Japan)	12a15b4c	124	Sanyo Pachinko Paradise 2 - Umi Monogatari Special (Japan)
Sanyo Pachinko Paradise 3 - Wan Wan Daikoushin (Japan)	70b79221	120	Sanyo Pachinko Paradise 3 - Wan Wan Daikoushin (Japan)
Sanyo Pachinko Paradise 4 - Sushiya da Gen-san!! (Japan)	6d4b01b9	122	Sanyo Pachinko Paradise 4 - Sushiya da Gen-san!! (Japan)
Sanyo Pachinko Paradise 5 - Uki Uki Tairyoubata (Japan)	bc30b5f7	121	Sanyo Pachinko Paradise 5 - Uki Uki Tairyoubata (Japan)
Saraba Uchuu Senkan Yamato - Ai no Senshitachi (Japan) (Disc 1)	549a030a	129	Saraba Uchuu Senkan Yamato - Ai no Senshitachi (Japan) (Disc 1)
Saraba Uchuu Senkan Yamato - Ai no Senshitachi (Japan) (Disc 2)	55c725db	129	Saraba Uchuu Senkan Yamato - Ai no Senshitachi (Japan) (Disc 1)
Saraba Uchuu Senkan Yamato - Ai no Senshitachi (Japan) (Disc 3)	e3dcc5ab	129	Saraba Uchuu Senkan Yamato - Ai no Senshitachi (Japan) (Disc 1)
Saru! Get You! (Japan) (Demo 2)	dd5365b0	97	Ape Escape (USA)
Saru! Get You! (Japan) (Rev 1)	cd211697	96	Ape Escape (USA)
Saru! Get You! (Japan, Asia)	bd33cd68	94	Ape Escape (USA)
Saru! Get You! (Japan, Asia) (Demo 1)	781142ef	103	Ape Escape (USA)
SatelliTV & Doki Doki Shutter Chance - Koi no Puzzle o Kumitatete (Japan) (Taikenban)	961b8c7e	151	Doki Doki Shutter Chance - Koi no Puzzle o Kumitatete (Japan)
SatelliTV (Japan)	05a77a48	83	SatelliTV (Japan)
Satomi no Nazo (Japan)	9f24d68d	214	Satomi no Nazo (Japan)
Schnappi - Das kleine Krokodil - 3 Fun-Games (Germany)	e22376a8	120	Schnappi - Das kleine Krokodil - 3 Fun-Games (Germany)
Scooby-Doo and the Cyber Chase (Europe)	3ec28bfe	105	Scooby-Doo and the Cyber Chase (USA)
Scooby-Doo and the Cyber Chase (USA)	593426bf	102	Scooby-Doo and the Cyber Chase (USA)
Scooby-Doo and the Cyber Chase (USA) (Demo)	06cca872	109	Scooby-Doo and the Cyber Chase (USA)
Scooby-Doo et la Cybertraque (France)	5ae3f2d6	103	Scooby-Doo et la Cybertraque (France)
Scooby-Doo! Night of 100 Frights (USA) (Proto) (2000-10-26)	7662f7e9	125	Scooby-Doo! Night of 100 Frights (USA) (Proto) (2000-10-26)
Scooter Racing (Europe)	d8fefd0d	89	Scooter Racing (Europe)
Scrabble (Europe) (En,De,Es)	73659aa3	470	Scrabble (USA)
Scrabble (France)	6d13c454	426	Scrabble (USA)
Scrabble (USA)	1c4ebe37	80	Scrabble (USA)
Screen (Japan)	8ce8ac77	198	Screen (Japan)
Sea-Doo Hydro Cross (USA)	d9e11b96	1182	Sea-Doo Hydro Cross (USA)
SeaBass Fishing (Japan)	d1369e4f	2106	SeaBass Fishing (Japan)
SeaBass Fishing 2 (Japan)	08b4bf2e	220	SeaBass Fishing 2 (Japan)
Segare Ijiri (Japan)	1a02b008	324	Segare Ijiri (Japan)
Segare Ijiri (Japan) (Demo)	8794e94a	93	Segare Ijiri (Japan)
Seikai no Monshou (Japan)	98bff297	220	Seikai no Monshou (Japan)
Seiken Densetsu - Legend of Mana (Japan, Asia)	7577854f	112	Legend of Mana (USA)
Seikon no Joka - Hikari to Yami no Seioujo (Japan)	efdb9b1d	4042	Seikon no Joka - Hikari to Yami no Seioujo (Japan)
Seirei Shoukan - Princess of Darkness (Japan)	d49912d1	260	Seirei Shoukan - Princess of Darkness (Japan)
Seirei Shoukan - Princess of Darkness (Japan) (Demo)	9092e915	2628	Seirei Shoukan - Princess of Darkness (Japan)
Seireiki Rayblade (Japan)	c4abe81d	220	Seireiki Rayblade (Japan)
Seireki 1999 - Pharaoh no Fukkatsu (Japan)	980b2440	108	Seireki 1999 - Pharaoh no Fukkatsu (Japan)
Seishoujo Kantai Virgin Fleet (Japan)	86f366f2	103	Seishoujo Kantai Virgin Fleet (Japan)
Sekai Saikyou Ginsei Igo (Japan)	a58d3b22	98	Sekai Saikyou Ginsei Igo (Japan)
Sekai Saikyou Ginsei Igo 2 (Japan)	5d3fb518	100	Sekai Saikyou Ginsei Igo 2 (Japan)
Sekai Saikyou Ginsei Igo 3 (Japan)	883ac964	100	Sekai Saikyou Ginsei Igo 3 (Japan)
Sengoku Cyber - Fujimaru Jigokuhen (Japan)	a5834e6b	108	Sengoku Cyber - Fujimaru Jigokuhen (Japan)
Sengoku Mugen (Japan)	46f21aaf	87	Sengoku Mugen (Japan)
Senkai Taisen - TV Animation Senkaiden Houshin Engi yori (Japan)	1845ef76	298	Senkai Taisen - TV Animation Senkaiden Houshin Engi yori (Japan)
Senkai Tsuuroku Seishi - TV Animation Senkaiden Houshin Engi yori (Japan)	fddd32bf	316	Senkai Tsuuroku Seishi - TV Animation Senkaiden Houshin Engi yori (Japan)
Senran (Japan)	a61385a3	80	Senran (Japan)
Senryaku Shidan - Tora! Tora! Tora! Rikusen-hen (Japan)	ef9bdd42	121	Senryaku Shidan - Tora! Tora! Tora! Rikusen-hen (Japan)
Senryaku Shougi (Japan)	83f177b5	1280	Senryaku Shougi (Japan)
Sensible Soccer (Europe) (En,Fr,De,Es,It,Nl)	48c4508c	258	Sensible Soccer (Europe) (En,Fr,De,Es,It,Nl)
Sentient (USA)	ddf81b47	198	Sentient (USA)
Sentient - Explore the Infinite (Europe)	9485cfa3	250	Sentient - Explore the Infinite (Europe)
Sentimental Graffiti (Japan)	94d8ab08	348	Sentimental Graffiti (Japan)
Sentimental Graffiti - Yakusoku (Japan)	68de20b3	647	Sentimental Graffiti - Yakusoku (Japan)
Sentimental Journey (Japan)	807f42ae	93	Sentimental Journey (Japan)
Sentinel Returns (Europe) (En,Fr,De,Es,It)	346c3339	1352	Sentinel Returns (USA)
Sentinel Returns (USA)	a58bd2af	1152	Sentinel Returns (USA)
Sento Monogatari - Sono I (Japan)	7e24056c	99	Sento Monogatari - Sono I (Japan)
Sentou Kokka - Air Land Battle (Japan)	058c3266	104	Sentou Kokka - Air Land Battle (Japan)
Sentou Kokka - Air Land Battle (Japan) (Rev 1)	4f734f86	112	Sentou Kokka - Air Land Battle (Japan)
Sentou Kokka Kai - Improved (Japan)	00876346	101	Sentou Kokka Kai - Improved (Japan)
Septentrion - Out of the Blue (Japan)	9978edb1	103	Septentrion - Out of the Blue (Japan)
Septentrion - Out of the Blue (Japan) (Major Wave)	dabb84e3	270	Septentrion - Out of the Blue (Japan)
Serial Experiments Lain (Japan) (Disc 1)	cc511463	106	Serial Experiments Lain (Japan) (Disc 1)
Serial Experiments Lain (Japan) (Disc 2)	cd0c32b2	106	Serial Experiments Lain (Japan) (Disc 1)
Sesame Street - Elmo's Letter Adventure (Europe)	dc5bf5f5	114	Sesame Street - Elmo's Letter Adventure (USA)
Sesame Street - Elmo's Letter Adventure (USA)	62d030c5	111	Sesame Street - Elmo's Letter Adventure (USA)
Sesame Street - Elmo's Number Journey (Europe)	2bf66d0e	112	Sesame Street - Elmo's Number Journey (USA)
Sesame Street - Elmo's Number Journey (USA)	3b7e9a07	109	Sesame Street - Elmo's Number Journey (USA)
Sesame Street Sports (Europe)	4967a5b2	95	Sesame Street Sports (USA)
Sesame Street Sports (USA)	2effa1b6	92	Sesame Street Sports (USA)
Sexy Parodius (Japan)	0d99ab6a	102	Sexy Parodius (Japan)
Sfida al Tetris Magico (Italy)	14027fb5	230	Sfida al Tetris Magico (Italy)
Shachou Eiyuuden (Japan) (Ja,Zh)	30e9e926	98	Shachou Eiyuuden (Japan) (Ja,Zh)
Shadow Gunner - The Robot Wars (Europe) (En,Fr,De,Es,It)	18d71b9c	882	Shadow Gunner - The Robot Wars (Europe) (En,Fr,De,Es,It)
Shadow Madness (Europe) (Disc 1)	ff0df614	360	Shadow Madness (USA) (Disc 1)
Shadow Madness (Europe) (Disc 2)	c4cf6f3f	486	Shadow Madness (USA) (Disc 1)
Shadow Madness (France) (Disc 1)	69c197e7	360	Shadow Madness (USA) (Disc 1)
Shadow Madness (France) (Disc 2)	85568dd4	486	Shadow Madness (USA) (Disc 1)
Shadow Madness (Germany) (Disc 1)	c2667bb7	363	Shadow Madness (USA) (Disc 1)
Shadow Madness (Germany) (Disc 2)	2ef8ec0f	490	Shadow Madness (USA) (Disc 1)
Shadow Madness (Italy) (Disc 1)	a2043f21	357	Shadow Madness (USA) (Disc 1)
Shadow Madness (Italy) (Disc 2)	60b2be4e	482	Shadow Madness (USA) (Disc 1)
Shadow Madness (Spain) (Disc 1)	288f9981	357	Shadow Madness (USA) (Disc 1)
Shadow Madness (Spain) (Disc 2)	83948da6	482	Shadow Madness (USA) (Disc 1)
Shadow Madness (USA) (Demo)	a016f941	345	Shadow Madness (USA) (Disc 1)
Shadow Madness (USA) (Disc 1)	4731532d	351	Shadow Madness (USA) (Disc 1)
Shadow Madness (USA) (Disc 2)	06f1f66e	474	Shadow Madness (USA) (Disc 1)
Shadow Man (Europe) (En,Fr,Es)	0c7d7a02	230	Shadow Man (USA)
Shadow Man (Italy)	7ee0e228	206	Shadow Man (USA)
Shadow Man (USA)	efd7df0b	202	Shadow Man (USA)
Shadow Man - Rette deine Seele (Germany)	5592dbcd	250	Shadow Man - Rette deine Seele (Germany)
Shadow Master (Europe) (En,Fr,De,Es,It)	88e8fc8d	647	Shadow Master (USA)
Shadow Master (Europe) (En,Fr,De,Es,It) (Demo)	d1b25da4	682	Shadow Master (USA)
Shadow Master (USA)	c9a06963	547	Shadow Master (USA)
Shadow Tower (Japan)	807e893c	86	Shadow Tower (USA)
Shadow Tower (USA)	9573782e	84	Shadow Tower (USA)
Shadow and Shadow (Japan)	547c82d9	220	Shadow and Shadow (Japan)
Shake Kids (Japan)	0d472708	2355	Shake Kids (Japan)
Shaman King - Spirit of Shamans (Japan)	9960739b	105	Shaman King - Spirit of Shamans (Japan)
Shane Warne Cricket (Australia)	95430f8e	232	Brian Lara Cricket (Europe)
Shanghai - Banri no Choujou (Japan)	0950a040	101	Shanghai - Banri no Choujou (Japan)
Shanghai - Banri no Choujou (Japan) (Gentei Box)	d3274628	114	Shanghai - Banri no Choujou (Japan)
Shanghai - Great Moments (Japan)	761e21a0	360	Shanghai - Great Moments (Japan)
Shanghai - Mateki Buyuu (Japan)	f4a90ca7	3006	Shanghai - Mateki Buyuu (Japan)
Shanghai - Shouryuu Sairin (Japan)	1c02eb4e	100	Shanghai - Shouryuu Sairin (Japan)
Shanghai - True Valor (Europe)	1a4f0481	2982	Shanghai - True Valor (USA)
Shanghai - True Valor (Europe) (Alt)	b60d6e73	3126	Shanghai - True Valor (USA)
Shanghai - True Valor (USA)	047f04f7	2910	Shanghai - True Valor (USA)
Shaolin (Europe)	8ebbaeef	82	Shaolin (Europe)
Shaolin (USA) (Proto) (1999-05-25)	d6e45555	100	Shaolin (Europe)
Shediao Yingxiongzhuan (Asia)	0ab17653	95	Shachou Eiyuuden (Japan) (Ja,Zh)
Sheep (Europe) (En,Fr,De,Es,It)	7b40fbbe	1746	Sheep (USA)
Sheep (Japan)	096da23a	1494	Sheep (USA)
Sheep (USA)	f884252b	1466	Sheep (USA)
Sheep, Dog 'n' Wolf (Europe) (En,Fr,De,Es,It,Nl)	fd502b2c	114	Sheep, Dog 'n' Wolf (Europe) (En,Fr,De,Es,It,Nl)
Sheep, Dog 'n' Wolf - Interactive Demo (Europe) (En,Fr,De,Es,It,Nl)	15d6fd0f	133	Sheep, Dog 'n' Wolf (Europe) (En,Fr,De,Es,It,Nl)
Shellshock (Europe)	f128bc1c	1350	Shellshock (USA)
Shellshock (France)	8151b90c	1350	Shellshock (USA)
Shellshock (Germany)	bca0606e	1362	Shellshock (USA)
Shellshock (USA)	20db3615	1314	Shellshock (USA)
Shellshock - Jus' Keepin' da Peace (Japan)	5bc9e3ed	1626	Shellshock - Jus' Keepin' da Peace (Japan)
Shichida-shiki Unou de Asobenture Vol. 1 - Kotoba ABC - 0-2-sai Muke (Japan)	09b3df2c	142	Shichida-shiki Unou de Asobenture Vol. 1 - Kotoba ABC - 0-2-sai Muke (Japan)
Shichida-shiki Unou de Asobenture Vol. 2 - Katachi 123 - 0-2-sai Muke (Japan)	b2eb55a5	143	Shichida-shiki Unou de Asobenture Vol. 2 - Katachi 123 - 0-2-sai Muke (Japan)
Shichida-shiki Unou de Asobenture Vol. 3 - Kotoba ABC - 2-4sai Muke (Japan)	42b8de1f	141	Shichida-shiki Unou de Asobenture Vol. 3 - Kotoba ABC - 2-4sai Muke (Japan)
Shichida-shiki Unou de Asobenture Vol. 4 - Katachi 123 - 2-4-sai Muke (Japan)	4f116221	143	Shichida-shiki Unou de Asobenture Vol. 4 - Katachi 123 - 2-4-sai Muke (Japan)
Shichida-shiki Unou de Asobenture Vol. 5 - Kotoba ABC - 4-6-sai Muke (Japan)	34e4796b	142	Shichida-shiki Unou de Asobenture Vol. 5 - Kotoba ABC - 4-6-sai Muke (Japan)
Shichida-shiki Unou de Asobenture Vol. 6 - Katachi 123 - 4-6-sai Muke (Japan)	f27c32fa	143	Shichida-shiki Unou de Asobenture Vol. 6 - Katachi 123 - 4-6-sai Muke (Japan)
Shichisei Toushin Guyferd - Crown Kaimetsu Sakusen (Japan)	bb2a94e3	1350	Shichisei Toushin Guyferd - Crown Kaimetsu Sakusen (Japan)
Shichuu Suimei Pitagraph (Japan)	d2ddfdd6	98	Shichuu Suimei Pitagraph (Japan)
Shiki Oriori no Bass Tsuri (Japan)	2a998c51	238	Shiki Oriori no Bass Tsuri (Japan)
Shin DX Okuman Chouja Game - Tsukutte! Utte! Oomouke! (Japan)	4235009e	292	Shin DX Okuman Chouja Game - Tsukutte! Utte! Oomouke! (Japan)
Shin Fortune Quest - Shokutaku no Kishitachi (Japan)	4c57fb7d	274	Shin Fortune Quest - Shokutaku no Kishitachi (Japan)
Shin Jidaigeki Action - Rasetsu no Ken (Japan, Asia)	5e799ee1	118	Shin Jidaigeki Action - Rasetsu no Ken (Japan, Asia)
Shin Masou Kishin - Panzer Warfare (Japan)	ca6f4832	108	Shin Masou Kishin - Panzer Warfare (Japan)
Shin Megami Tensei (Japan)	6db0d01f	92	Shin Megami Tensei (Japan)
Shin Megami Tensei - Devil Children - Kuro no Sho, Aka no Sho (Japan)	c909d9a2	135	Shin Megami Tensei - Devil Children - Kuro no Sho, Aka no Sho (Japan)
Shin Megami Tensei II (Japan)	421a79a7	95	Shin Megami Tensei II (Japan)
Shin Megami Tensei II (Japan) (Rev 1)	9e9f58ab	103	Shin Megami Tensei II (Japan)
Shin Megami Tensei If... (Japan)	de6a09ff	98	Shin Megami Tensei If... (Japan)
Shin Megami Tensei If... (Japan) (Anniversary Pack)	429c2bea	117	Shin Megami Tensei If... (Japan)
Shin Nihon Pro Wrestling - Toukon Retsuden (Japan)	68b3f037	990	Shin Nihon Pro Wrestling - Toukon Retsuden (Japan)
Shin Nihon Pro Wrestling - Toukon Retsuden 2 (Japan)	a872fd6c	118	Shin Nihon Pro Wrestling - Toukon Retsuden 2 (Japan)
Shin Nihon Pro Wrestling - Toukon Retsuden 3 (Japan)	7d778110	118	Shin Nihon Pro Wrestling - Toukon Retsuden 3 (Japan)
Shin Nihon Pro Wrestling - Toukon Retsuden 3 (Japan) (Antonio Inoki Intai Kinen Genteiban)	7c9f84f0	156	Shin Nihon Pro Wrestling - Toukon Retsuden 3 (Japan)
Shin SD Sengokuden - Kidou Musha Taisen (Japan)	7206009f	113	Shin SD Sengokuden - Kidou Musha Taisen (Japan)
Shin SD Sengokuden - Kidou Musha Taisen (Japan) (Genteiban)	0c30dcf1	125	Shin SD Sengokuden - Kidou Musha Taisen (Japan)
Shin Sedai Robot Senki - Brave Saga (Japan)	c7039d7e	109	Shin Sedai Robot Senki - Brave Saga (Japan)
Shin Sedai Robot Senki - Brave Saga - Yuusha Gentei Koushiki Data Disc - Yuusha no Akashi (Japan)	81d184f8	3822	Shin Sedai Robot Senki - Brave Saga (Japan)
Shin Seiki Evangelion - Eva to Yukai na Nakamatachi (Japan)	1a257d33	125	Shin Seiki Evangelion - Eva to Yukai na Nakamatachi (Japan)
Shin Seiki Evangelion - Koutetsu no Girlfriend (Japan) (Disc 1)	986d8dd2	129	Shin Seiki Evangelion - Koutetsu no Girlfriend (Japan) (Disc 1)
Shin Seiki Evangelion - Koutetsu no Girlfriend (Japan) (Disc 2)	9930ab03	129	Shin Seiki Evangelion - Koutetsu no Girlfriend (Japan) (Disc 1)
Shin Senki Van-Gale - The War of Neo-Century (Japan)	a858ca07	2187	Shin Senki Van-Gale - The War of Neo-Century (Japan)
Shin Shikoutei - The First Emperor (Japan, Asia)	99537283	114	Shin Shikoutei - The First Emperor (Japan, Asia)
Shin Super Robot Taisen (Japan)	7f30c980	232	Shin Super Robot Taisen (Japan)
Shin Super Robot Taisen - Special Disc (Japan)	ce1bfe48	262	Shin Super Robot Taisen - Special Disc (Japan)
Shin Theme Park (Japan)	95bcbbf7	3168	Shin Theme Park (Japan)
Shin Theme Park (Japan) (Rev 1)	f9487cdf	3384	Shin Theme Park (Japan)
Shingata Kururin Pa! (Japan)	4c34752b	4287	Shingata Kururin Pa! (Japan)
Shinobi no Roku (Japan)	9e136b92	216	Shinobi no Roku (Japan)
Shinri Game 10, The (Japan)	2c42d688	93	Shinri Game 10, The (Japan)
Shinri Game 2, The (Japan)	2a1c8cfa	3370	Shinri Game 2, The (Japan)
Shinri Game 3, The (Japan)	24f6e920	4096	Shinri Game 3, The (Japan)
Shinri Game 5, The (Japan)	38ab5515	92	Shinri Game 5, The (Japan)
Shinri Game 6, The (Japan)	ca0a70b9	92	Shinri Game 6, The (Japan)
Shinri Game 7, The (Japan)	2d4591e2	92	Shinri Game 7, The (Japan)
Shinri Game 8, The (Japan)	a3822e7c	92	Shinri Game 8, The (Japan)
Shinri Game 9, The (Japan)	44cdcf27	92	Shinri Game 9, The (Japan)
Shinri Game IV, The - Itsu mo Kokoro ni Hoshizora o (Japan)	381467ce	125	Shinri Game IV, The - Itsu mo Kokoro ni Hoshizora o (Japan)
Shinri Game, The (Japan)	f2f5beb4	90	Shinri Game, The (Japan)
Shinseiden Megaseed - Fukkatsu-hen (Japan)	7660a728	108	Shinseiden Megaseed - Fukkatsu-hen (Japan)
Shinsetsu Samurai Spirits - Bushidou Retsuden (Japan)	0d6b5e4f	570	Shinsetsu Samurai Spirits - Bushidou Retsuden (Japan)
Shinshuku Taisen - It's a Nony! (Japan)	371cc4a9	4002	Shinshuku Taisen - It's a Nony! (Japan)
Shinshuku Taisen - It's a Nony! (Japan) (Demo)	3f52be1e	3366	Shinshuku Taisen - It's a Nony! (Japan)
Shinsou Kaiten!! Wan Wan Umi Monogatari - Sanyo Pachinko Paradise DX (Japan)	c699a778	142	Shinsou Kaiten!! Wan Wan Umi Monogatari - Sanyo Pachinko Paradise DX (Japan)
Shipwreckers! (USA)	6e91e697	3516	Shipwreckers! (USA)
Shipwreckers! (USA) (Demo)	37c95992	92	Shipwreckers! (USA)
Shiritsu Justice Gakuen - Legion of Heroes (Japan) (Disc 1) (Evolution Disc)	364e22c0	142	Rival Schools - United by Fate (USA) (Disc 1) (Arcade Disc)
Shiritsu Justice Gakuen - Legion of Heroes (Japan) (Disc 2) (Arcade Disc)	c1c7058d	139	Rival Schools - United by Fate (USA) (Disc 1) (Arcade Disc)
Shiritsu Justice Gakuen - Nekketsu Seishun Nikki 2 (Japan)	7720680c	124	Shiritsu Justice Gakuen - Nekketsu Seishun Nikki 2 (Japan)
Shisenfuu Gekikara Mahjong (Japan)	d9bea126	100	Shisenfuu Gekikara Mahjong (Japan)
Shock Wave (Japan)	e0a72104	84	Shock Wave (Japan)
Shock Wave - Operation JumpGate (Japan)	b07fee83	105	Shock Wave (Japan)
Shockwave Assault (Europe) (Disc 1) (Shockwave - Invasion Earth)	dcd40ffe	130	Shockwave Assault (USA) (Disc 1) (Shockwave - Invasion Earth)
Shockwave Assault (Europe) (Disc 2) (Shockwave - Operation Jumpgate)	4f91becf	134	Shockwave Assault (USA) (Disc 1) (Shockwave - Invasion Earth)
Shockwave Assault (USA) (Disc 1) (Shockwave - Invasion Earth)	3e47c763	127	Shockwave Assault (USA) (Disc 1) (Shockwave - Invasion Earth)
Shockwave Assault (USA) (Disc 2) (Shockwave - Operation Jumpgate)	8b6f1ac3	131	Shockwave Assault (USA) (Disc 1) (Shockwave - Invasion Earth)
Shonen Jump's One Piece - Grand Battle (Europe) (En,Fr,De,Es,It)	e4ce3dd5	130	Shonen Jump's One Piece - Grand Battle (Europe) (En,Fr,De,Es,It)
Shoot (Germany)	b9d161ee	81	Shoot (Germany)
Shougi Joryuu Meijin'isen (Japan)	f0e93799	2670	Shougi Joryuu Meijin'isen (Japan)
Shougi Saikyou - Pro ni Manabu (Japan)	ba2c670b	104	Shougi Saikyou - Pro ni Manabu (Japan)
Shougi Saikyou 2 (Japan)	9dc3c056	90	Shougi Saikyou 2 (Japan)
Shouryuu Sangoku Engi (Japan)	6dd90016	95	Shouryuu Sangoku Engi (Japan)
Shrek Treasure Hunt (Europe) (En,Fr,De,Es)	3088abbe	108	Shrek Treasure Hunt (USA)
Shrek Treasure Hunt (USA)	f258d3f4	91	Shrek Treasure Hunt (USA)
Shura no Mon (Japan)	a77b9660	2397	Shura no Mon (Japan)
Shusse Mahjong Daisettai (Japan)	e6121f80	98	Shusse Mahjong Daisettai (Japan)
Shutokou Battle Gaiden - Super Technic Challenge - Drift King e no Michi (Japan)	e935251f	1374	Shutokou Battle Gaiden - Super Technic Challenge - Drift King e no Michi (Japan)
Shutokou Battle R (Japan)	f234d339	815	Shutokou Battle R (Japan)
Shutokou Battle R (Japan) (Demo)	8b405cb7	360	Shutokou Battle R (Japan)
Shuukan Gallop - Blood Master (Japan) (Disc 1)	ca107c53	1956	Shuukan Gallop - Blood Master (Japan) (Disc 1)
Shuukan Gallop - Blood Master (Japan) (Disc 2)	9b6b0248	402	Shuukan Gallop - Blood Master (Japan) (Disc 1)
Shuukan Pro Wres Kanshuu - Pro Wres Sengokuden (Japan)	02d8db02	278	Shuukan Pro Wres Kanshuu - Pro Wres Sengokuden (Japan)
Sid Meier's Civilization - Shin Sekai Shichidai Bunmei (Japan)	7c8e66a8	128	Sid Meier's Civilization - Shin Sekai Shichidai Bunmei (Japan)
Side Pocket 3 (Japan)	b4e22f9a	2766	Side Pocket 3 (Japan)
Side by Side Special (Japan)	20d91dd4	94	Side by Side Special (Japan)
Side by Side Special (Japan) (Demo)	27b3ab7b	101	Side by Side Special (Japan)
Side by Side Special 2000 (Japan)	50c0782e	99	Side by Side Special 2000 (Japan)
Sidewinder (Japan)	3ccfd2c5	1225	Bogey Dead 6 (USA)
Sidewinder 2 - Let's Dance in the Sky (Japan) (En,Ja)	609b85ac	2646	Sidewinder 2 - Let's Dance in the Sky (Japan) (En,Ja)
Sidewinder USA (Japan)	f8577e73	1269	Bogey Dead 6 (USA)
Silent Bomber (Europe)	b8ec6d1c	88	Silent Bomber (USA)
Silent Bomber (France)	9ee4dc19	88	Silent Bomber (USA)
Silent Bomber (Germany)	000a6285	89	Silent Bomber (USA)
Silent Bomber (Italy)	f02c9ae9	87	Silent Bomber (USA)
Silent Bomber (Japan)	99c3b403	87	Silent Bomber (USA)
Silent Bomber (Japan) (Demo)	3dee58a5	94	Silent Bomber (USA)
Silent Bomber (Spain)	ad686b31	87	Silent Bomber (USA)
Silent Bomber (USA)	255a1f8a	85	Silent Bomber (USA)
Silent Hill (Australia) (Demo)	5b65098a	96	Silent Hill (USA)
Silent Hill (Europe) (Demo)	f01e4a56	93	Silent Hill (USA)
Silent Hill (Europe) (En,Fr,De,Es,It)	2cd3daf1	103	Silent Hill (USA)
Silent Hill (Germany) (Demo)	83e0db29	94	Silent Hill (USA)
Silent Hill (Japan)	2eb46615	85	Silent Hill (USA)
Silent Hill (Japan) (Demo)	ad410689	92	Silent Hill (USA)
Silent Hill (Japan) (Rev 1)	e40e8f84	93	Silent Hill (USA)
Silent Hill (Japan) (Rev 2)	e553a955	93	Silent Hill (USA)
Silent Hill (USA)	11b5eb7b	83	Silent Hill (USA)
Silent Hill (USA) (Demo)	41cef770	90	Silent Hill (USA)
Silent Hill (USA) (Trade Demo)	1c72b17e	96	Silent Hill (USA)
Silent Iron (Europe)	91e99b84	324	Silent Iron (Europe)
Silent Moebius - Case - Titanic (Japan)	5c3a6592	8156	Silent Moebius - Case - Titanic (Japan)
Silent Moebius - Gen'ei no Datenshi (Japan)	af6a4a6d	109	Silent Moebius - Gen'ei no Datenshi (Japan)
Silhouette Mirage (USA)	24196091	3050	Silhouette Mirage (USA)
Silhouette Mirage - Reprogrammed Hope (Japan)	f896af26	3622	Silhouette Mirage - Reprogrammed Hope (Japan)
Silhouette Stories (Japan)	abbc456e	7121	Silhouette Stories (Japan)
Silver Jiken - The Silver (Japan)	8d2f3835	99	Silver Jiken - The Silver (Japan)
Silver Jiken - The Silver - Experience (Japan) (Demo)	f788e884	119	Silver Jiken - The Silver (Japan)
Silverload (USA)	2fc5b8fb	422	Silverload (USA)
Sim Town (Japan)	936699d1	82	Sim Town (Japan)
SimCity 2000 (Europe) (En,Fr,De,Es)	4687b8fb	101	SimCity 2000 (USA)
SimCity 2000 (Japan)	16fcb087	86	SimCity 2000 (USA)
SimCity 2000 (USA)	bafed874	84	SimCity 2000 (USA)
SimTheme Park (USA)	029f1a0d	85	SimTheme Park (USA)
Simple 1500 Jitsuyou Series Vol. 01 - Norikae Annai - 2000-nenban (Japan)	be061357	483	Simple 1500 Jitsuyou Series Vol. 01 - Norikae Annai - 2000-nenban (Japan)
Simple 1500 Jitsuyou Series Vol. 02 - Katei no Fuusui (Japan)	57222213	447	Simple 1500 Jitsuyou Series Vol. 02 - Katei no Fuusui (Japan)
Simple 1500 Jitsuyou Series Vol. 03 - Seimei Handan (Japan)	8bda397d	441	Simple 1500 Jitsuyou Series Vol. 03 - Seimei Handan (Japan)
Simple 1500 Jitsuyou Series Vol. 04 - Ryouri - Teiban Ryouri Recipe-shuu (Japan)	51721559	504	Simple 1500 Jitsuyou Series Vol. 04 - Ryouri - Teiban Ryouri Recipe-shuu (Japan)
Simple 1500 Jitsuyou Series Vol. 05 - Kusuri no Jiten - Pill Book 2001-nenban (Japan)	61f63f0e	151	Simple 1500 Jitsuyou Series Vol. 05 - Kusuri no Jiten - Pill Book 2001-nenban (Japan)
Simple 1500 Jitsuyou Series Vol. 06 - Cocktail no Recipe (Japan)	5012e4ac	130	Cocktail Harmony (Japan)
Simple 1500 Jitsuyou Series Vol. 07 - Tanoshiku Manabu Unten Menkyo (Japan)	f1d0726d	1334	Simple 1500 Jitsuyou Series Vol. 07 - Tanoshiku Manabu Unten Menkyo (Japan)
Simple 1500 Jitsuyou Series Vol. 08 - 1-jikan de Wakaru Kabushiki Toushi (Japan)	1fb25cfb	146	Simple 1500 Jitsuyou Series Vol. 08 - 1-jikan de Wakaru Kabushiki Toushi (Japan)
Simple 1500 Jitsuyou Series Vol. 09 - Watashi Style no Aromatherapy (Japan)	851e289a	141	Simple 1500 Jitsuyou Series Vol. 09 - Watashi Style no Aromatherapy (Japan)
Simple 1500 Jitsuyou Series Vol. 10 - Tarot Uranai (Japan)	304e9fa5	286	Simple 1500 Jitsuyou Series Vol. 10 - Tarot Uranai (Japan)
Simple 1500 Jitsuyou Series Vol. 11 - Katei de Dekiru Tsubo Shiatsu (Japan)	87647324	141	Simple 1500 Jitsuyou Series Vol. 11 - Katei de Dekiru Tsubo Shiatsu (Japan)
Simple 1500 Jitsuyou Series Vol. 12 - Katei no Igaku - Shindan Jiten (Japan)	408f1124	142	Simple 1500 Jitsuyou Series Vol. 12 - Katei no Igaku - Shindan Jiten (Japan)
Simple 1500 Jitsuyou Series Vol. 13 - Shinri Game - Soreike x Kokology - Kokoro no Uso no Makafushigi (Japan)	5c4b493e	175	Soreike no Kokology - Kokoro ga Oshieru Koi, Kekkon, Jinsei (Japan)
Simple 1500 Jitsuyou Series Vol. 14 - Kurashi no Manner - Kankon Sousai-hen (Japan)	b41c8de6	149	Simple 1500 Jitsuyou Series Vol. 14 - Kurashi no Manner - Kankon Sousai-hen (Japan)
Simple 1500 Jitsuyou Series Vol. 15 - Inu no Kaikata - Sekai no Inu Catalog (Japan)	f471b855	149	Simple 1500 Jitsuyou Series Vol. 15 - Inu no Kaikata - Sekai no Inu Catalog (Japan)
Simple 1500 Jitsuyou Series Vol. 16 - Neko no Kaikata - Sekai no Neko Catalog (Japan)	7c84b487	151	Simple 1500 Jitsuyou Series Vol. 16 - Neko no Kaikata - Sekai no Neko Catalog (Japan)
Simple 1500 Jitsuyou Series Vol. 17 - Planetarium (Japan)	c6146ce7	123	Simple 1500 Jitsuyou Series Vol. 17 - Planetarium (Japan)
Simple 1500 Jitsuyou Series Vol. 18 - Kanji Quiz - Kanji Kentei ni Challenge (Japan)	5f07fff3	338	Simple 1500 Jitsuyou Series Vol. 18 - Kanji Quiz - Kanji Kentei ni Challenge (Japan)
Simple 1500 Series - Hello Kitty Vol. 01 - Bowling (Japan)	fc06b8ec	2736	Simple 1500 Series - Hello Kitty Vol. 01 - Bowling (Japan)
Simple 1500 Series - Hello Kitty Vol. 02 - Illust Puzzle (Japan)	5013b2e7	1572	Simple 1500 Series - Hello Kitty Vol. 02 - Illust Puzzle (Japan)
Simple 1500 Series - Hello Kitty Vol. 03 - Block Kuzushi (Japan)	cac1ffde	1572	Simple 1500 Series - Hello Kitty Vol. 03 - Block Kuzushi (Japan)
Simple 1500 Series - Hello Kitty Vol. 04 - Trump (Japan)	c0f21e34	122	Simple 1500 Series - Hello Kitty Vol. 04 - Trump (Japan)
Simple 1500 Series Vol. 1 - The Mahjong (Japan)	16298236	828	Simple 1500 Series Vol. 1 - The Mahjong (Japan)
Simple 1500 Series Vol. 1 - The Mahjong (Japan) (Culture Publishers)	bec837a7	954	Simple 1500 Series Vol. 1 - The Mahjong (Japan)
Simple 1500 Series Vol. 1 - The Mahjong (Japan) (Culture Publishers) (Rev 1)	ae463048	1002	Simple 1500 Series Vol. 1 - The Mahjong (Japan)
Simple 1500 Series Vol. 10 - The Billiard (Japan)	ec4b772e	115	Simple 1500 Series Vol. 10 - The Billiard (Japan)
Simple 1500 Series Vol. 10 - The Billiard (Japan) (Culture Publishers)	af237c87	136	Simple 1500 Series Vol. 10 - The Billiard (Japan)
Simple 1500 Series Vol. 100 - The Uchuu Hikoushi (Japan)	26e4749e	122	Simple 1500 Series Vol. 100 - The Uchuu Hikoushi (Japan)
Simple 1500 Series Vol. 101 - The Sentou (Japan)	f4b6e258	114	Simple 1500 Series Vol. 101 - The Sentou (Japan)
Simple 1500 Series Vol. 102 - The Densha Untenshu - Densha de Go! Nagoya Tetsudou-hen (Japan)	15e06a6b	159	Densha de Go! Nagoya Tetsudou-hen (Japan)
Simple 1500 Series Vol. 103 - The Ganso Densha Untenshi - Densha de Go! (Japan)	4a48b9b5	145	Densha de Go! (Japan)
Simple 1500 Series Vol. 104 - The Pink Panther - Pinkadelic Pursuit (Japan)	47792ed9	3892	Simple 1500 Series Vol. 104 - The Pink Panther - Pinkadelic Pursuit (Japan)
Simple 1500 Series Vol. 11 - The Pinball 3D (Japan)	a36e4b14	997	Simple 1500 Series Vol. 11 - The Pinball 3D (Japan)
Simple 1500 Series Vol. 11 - The Pinball 3D (Japan) (Culture Publishers)	f82dec48	1144	Simple 1500 Series Vol. 11 - The Pinball 3D (Japan)
Simple 1500 Series Vol. 12 - The Quiz (Japan)	028c3035	1094	Simple 1500 Series Vol. 12 - The Quiz (Japan)
Simple 1500 Series Vol. 12 - The Quiz (Japan) (Culture Publishers)	b1392db4	1262	Simple 1500 Series Vol. 12 - The Quiz (Japan)
Simple 1500 Series Vol. 13 - The Race (Japan)	b925dc9e	111	Simple 1500 Series Vol. 13 - The Race (Japan)
Simple 1500 Series Vol. 13 - The Race (Japan) (Culture Publishers)	8de69c7a	132	Simple 1500 Series Vol. 13 - The Race (Japan)
Simple 1500 Series Vol. 14 - The Block Kuzushi (Japan)	90070e1f	722	Block Kuzushi 2 (Japan)
Simple 1500 Series Vol. 14 - The Block Kuzushi (Japan) (Culture Publishers)	a5b580c0	827	Block Kuzushi 2 (Japan)
Simple 1500 Series Vol. 15 - The Pachinko (Japan)	fca60e7d	115	Simple 1500 Series Vol. 15 - The Pachinko (Japan)
Simple 1500 Series Vol. 15 - The Pachinko (Japan) (Culture Publishers)	b45399fe	136	Simple 1500 Series Vol. 15 - The Pachinko (Japan)
Simple 1500 Series Vol. 16 - The Pachi-Slot (Japan)	6d94f31a	562	Simple 1500 Series Vol. 16 - The Pachi-Slot (Japan)
Simple 1500 Series Vol. 17 - The Bike Race (Japan)	edf5e4ac	1867	Simple 1500 Series Vol. 17 - The Bike Race (Japan)
Simple 1500 Series Vol. 17 - The Bike Race (Japan) (Culture Publishers)	83951c34	2140	Simple 1500 Series Vol. 17 - The Bike Race (Japan)
Simple 1500 Series Vol. 18 - The Bowling (Japan)	36a92766	1841	Simple 1500 Series Vol. 18 - The Bowling (Japan)
Simple 1500 Series Vol. 19 - The Sugoroku (Japan)	89dd5c3a	115	Simple 1500 Series Vol. 19 - The Sugoroku (Japan)
Simple 1500 Series Vol. 2 - The Shougi (Japan)	dffee63a	822	Simple 1500 Series Vol. 2 - The Shougi (Japan)
Simple 1500 Series Vol. 2 - The Shougi (Japan) (Culture Publishers)	d80c311f	948	Simple 1500 Series Vol. 2 - The Shougi (Japan)
Simple 1500 Series Vol. 20 - The Puzzle (Japan)	ff95d162	113	Pastel Muses (Japan)
Simple 1500 Series Vol. 21 - The Yakyuu (Japan)	3c09ff5d	113	Simple 1500 Series Vol. 21 - The Yakyuu (Japan)
Simple 1500 Series Vol. 21 - The Yakyuu - Pro Yakyuu Jitsumeiban (Japan)	8b63195b	138	Simple 1500 Series Vol. 21 - The Yakyuu (Japan)
Simple 1500 Series Vol. 22 - The Pro Wrestling (Japan)	2ed726e7	120	Simple 1500 Series Vol. 22 - The Pro Wrestling (Japan)
Simple 1500 Series Vol. 23 - The Gateball (Japan)	2be3f94d	1710	Simple 1500 Series Vol. 23 - The Gateball (Japan)
Simple 1500 Series Vol. 24 - The Gun Shooting (Japan)	596836b9	119	Simple 1500 Series Vol. 24 - The Gun Shooting (Japan)
Simple 1500 Series Vol. 25 - The Keiba (Japan)	1bf283c9	682	Simple 1500 Series Vol. 25 - The Keiba (Japan)
Simple 1500 Series Vol. 26 - The Tennis (Japan)	1c1d110f	546	Simple 1500 Series Vol. 26 - The Tennis (Japan)
Simple 1500 Series Vol. 27 - The Snowboard (Japan)	8a0af33e	1432	Simple 1500 Series Vol. 27 - The Snowboard (Japan)
Simple 1500 Series Vol. 28 - The Dungeon RPG (Japan)	f0b380ef	118	Simple 1500 Series Vol. 28 - The Dungeon RPG (Japan)
Simple 1500 Series Vol. 29 - The Tsuri (Japan)	e9172f3f	112	Simple 1500 Series Vol. 29 - The Tsuri (Japan)
Simple 1500 Series Vol. 3 - The Gomoku Narabe (Japan)	880c1727	864	Simple 1500 Series Vol. 3 - The Gomoku Narabe (Japan)
Simple 1500 Series Vol. 3 - The Gomoku Narabe (Japan) (Culture Publishers)	053df258	990	Simple 1500 Series Vol. 3 - The Gomoku Narabe (Japan)
Simple 1500 Series Vol. 30 - The Basket - 1 on 1 Plus (Japan)	bd94bfe4	127	1 on 1 (Japan)
Simple 1500 Series Vol. 31 - The Sound Novel (Japan)	c271667e	118	Simple 1500 Series Vol. 31 - The Sound Novel (Japan)
Simple 1500 Series Vol. 32 - The Boxing (Japan)	aeaf0bed	113	Simple 1500 Series Vol. 32 - The Boxing (Japan)
Simple 1500 Series Vol. 33 - The Takkyuu (Japan)	93dd5e13	114	Simple 1500 Series Vol. 33 - The Takkyuu (Japan)
Simple 1500 Series Vol. 34 - The Quiz Bangumi (Japan)	8d401aa2	119	Simple 1500 Series Vol. 34 - The Quiz Bangumi (Japan)
Simple 1500 Series Vol. 35 - The Shooting (Japan)	7e633300	115	Simple 1500 Series Vol. 35 - The Shooting (Japan)
Simple 1500 Series Vol. 36 - The Ren'ai Simulation - Natsuiro Celebration (Japan)	f33b7b43	682	Simple 1500 Series Vol. 36 - The Ren'ai Simulation - Natsuiro Celebration (Japan)
Simple 1500 Series Vol. 37 - The Illust Puzzle & Slide Puzzle (Japan)	c340db50	135	Simple 1500 Series Vol. 37 - The Illust Puzzle & Slide Puzzle (Japan)
Simple 1500 Series Vol. 38 - The Real Racing - Toyota (Japan)	6ae6550c	292	Simple 1500 Series Vol. 38 - The Real Racing - Toyota (Japan)
Simple 1500 Series Vol. 39 - The Mahjong 2 (Japan)	3c2dacff	116	Simple 1500 Series Vol. 39 - The Mahjong 2 (Japan)
Simple 1500 Series Vol. 39 - The Mahjong 2 (Japan) (Rev 1)	be3af581	124	Simple 1500 Series Vol. 39 - The Mahjong 2 (Japan)
Simple 1500 Series Vol. 4 - The Reversi (Japan)	5060e30f	828	Simple 1500 Series Vol. 4 - The Reversi (Japan)
Simple 1500 Series Vol. 4 - The Reversi (Japan) (Culture Publishers)	ba6c0267	954	Simple 1500 Series Vol. 4 - The Reversi (Japan)
Simple 1500 Series Vol. 40 - The Shougi 2 (Japan)	9660c255	115	Simple 1500 Series Vol. 40 - The Shougi 2 (Japan)
Simple 1500 Series Vol. 41 - The Reversi 2 (Japan)	d2856f34	116	Simple 1500 Series Vol. 41 - The Reversi 2 (Japan)
Simple 1500 Series Vol. 42 - The Igo 2 (Japan)	fd531cfb	112	Simple 1500 Series Vol. 42 - The Igo 2 (Japan)
Simple 1500 Series Vol. 43 - The Hanafuda 2 (Japan)	4a24bd8a	117	Simple 1500 Series Vol. 43 - The Hanafuda 2 (Japan)
Simple 1500 Series Vol. 44 - The Card 2 (Japan)	fb074190	113	Simple 1500 Series Vol. 44 - The Card 2 (Japan)
Simple 1500 Series Vol. 45 - The Block Kuzushi 2 (Japan)	527e45bb	1032	Block Kuzushi 2 (Japan)
Simple 1500 Series Vol. 46 - The Mahjong Ochigee - Raku Jongg (Japan)	4cb7855b	135	Simple 1500 Series Vol. 46 - The Mahjong Ochigee - Raku Jongg (Japan)
Simple 1500 Series Vol. 47 - The Skateboard (Japan)	8c4504bc	3486	Street Boarders (Japan)
Simple 1500 Series Vol. 48 - The Puzzle 2 (Japan)	f1b83c91	268	Simple 1500 Series Vol. 48 - The Puzzle 2 (Japan)
Simple 1500 Series Vol. 49 - The Casino (Japan)	ee954e03	113	Simple 1500 Series Vol. 49 - The Casino (Japan)
Simple 1500 Series Vol. 5 - The Igo (Japan)	94f17068	804	Simple 1500 Series Vol. 5 - The Igo (Japan)
Simple 1500 Series Vol. 5 - The Igo (Japan) (Culture Publishers)	82790581	930	Simple 1500 Series Vol. 5 - The Igo (Japan)
Simple 1500 Series Vol. 50 - The Billiard 2 (Japan)	5487457a	117	Simple 1500 Series Vol. 50 - The Billiard 2 (Japan)
Simple 1500 Series Vol. 51 - The Jigsaw Puzzle (Japan)	99183304	120	Simple 1500 Series Vol. 51 - The Jigsaw Puzzle (Japan)
Simple 1500 Series Vol. 52 - The Pro Wrestling 2 (Japan)	f8f29807	122	Simple 1500 Series Vol. 52 - The Pro Wrestling 2 (Japan)
Simple 1500 Series Vol. 53 - The Helicopter (Japan)	90f62ddc	117	Simple 1500 Series Vol. 53 - The Helicopter (Japan)
Simple 1500 Series Vol. 54 - The Volleyball - Break Volley Plus (Japan)	7c111969	137	Break Volley (Japan)
Simple 1500 Series Vol. 55 - The Darts (Japan)	60b8aa88	112	Simple 1500 Series Vol. 55 - The Darts (Japan)
Simple 1500 Series Vol. 56 - The Sniper (Japan)	ed5db04d	113	Simple 1500 Series Vol. 56 - The Sniper (Japan)
Simple 1500 Series Vol. 57 - The Meiro (Japan)	9b29ff57	112	Simple 1500 Series Vol. 57 - The Meiro (Japan)
Simple 1500 Series Vol. 58 - The Sumou (Japan)	d08e78bf	112	Simple 1500 Series Vol. 58 - The Sumou (Japan)
Simple 1500 Series Vol. 59 - The Suiri - IT Tantei 18 no Jikenbo (Japan)	4b4b3036	138	Simple 1500 Series Vol. 59 - The Suiri - IT Tantei 18 no Jikenbo (Japan)
Simple 1500 Series Vol. 6 - The Hanafuda (Japan)	fa16c4ff	834	Simple 1500 Series Vol. 6 - The Hanafuda (Japan)
Simple 1500 Series Vol. 6 - The Hanafuda (Japan) (Culture Publishers)	c6b16efa	960	Simple 1500 Series Vol. 6 - The Hanafuda (Japan)
Simple 1500 Series Vol. 60 - The Table Hockey (Japan)	116df190	119	Simple 1500 Series Vol. 60 - The Table Hockey (Japan)
Simple 1500 Series Vol. 61 - The Quiz 2 (Japan)	a37a7c0b	113	Simple 1500 Series Vol. 61 - The Quiz 2 (Japan)
Simple 1500 Series Vol. 62 - The Ski (Japan)	0f1b64c2	1372	Simple 1500 Series Vol. 62 - The Ski (Japan)
Simple 1500 Series Vol. 63 - The Gun Shooting 2 (Japan)	c23a4ac5	121	Simple 1500 Series Vol. 63 - The Gun Shooting 2 (Japan)
Simple 1500 Series Vol. 64 - The Kick Boxing (Japan)	480fe60f	118	Simple 1500 Series Vol. 64 - The Kick Boxing (Japan)
Simple 1500 Series Vol. 65 - The Golf (Japan)	318d0b89	111	Simple 1500 Series Vol. 65 - The Golf (Japan)
Simple 1500 Series Vol. 66 - The Kaiten - Mawasundaa!! (Japan)	65bd92fa	128	Simple 1500 Series Vol. 66 - The Kaiten - Mawasundaa!! (Japan)
Simple 1500 Series Vol. 67 - The Soccer - Dynamite Soccer 1500 (Japan)	9c2c6fb6	1458	Dynamite Soccer 98 (Japan, Asia)
Simple 1500 Series Vol. 68 - The RC Car - RC de Go! (Japan)	8085e69a	125	Simple 1500 Series Vol. 68 - The RC Car - RC de Go! (Japan)
Simple 1500 Series Vol. 69 - The Putter Golf (Japan)	bd4c3b70	118	Simple 1500 Series Vol. 69 - The Putter Golf (Japan)
Simple 1500 Series Vol. 7 - The Card (Japan)	a926b9e4	810	Simple 1500 Series Vol. 7 - The Card (Japan)
Simple 1500 Series Vol. 7 - The Card (Japan) (Culture Publishers)	79a52e22	936	Simple 1500 Series Vol. 7 - The Card (Japan)
Simple 1500 Series Vol. 70 - The War Simulation - Hito no Tsukurishi Monotachi (Japan)	b256cafe	152	Simple 1500 Series Vol. 70 - The War Simulation - Hito no Tsukurishi Monotachi (Japan)
Simple 1500 Series Vol. 71 - The Ren'ai Simulation 2 - Fureai (Japan)	153a5e0b	135	Simple 1500 Series Vol. 71 - The Ren'ai Simulation 2 - Fureai (Japan)
Simple 1500 Series Vol. 72 - The Beach Volley (Japan)	6125fd22	119	Simple 1500 Series Vol. 72 - The Beach Volley (Japan)
Simple 1500 Series Vol. 73 - The Invaders - Space Invaders 1500 (Japan)	7ebce040	312	Simple 1500 Series Vol. 73 - The Invaders - Space Invaders 1500 (Japan)
Simple 1500 Series Vol. 74 - The Horror Mystery - Sangeki-kan - Kevin Hakushaku no Fukkatsu (Japan)	5db08661	165	Simple 1500 Series Vol. 74 - The Horror Mystery - Sangeki-kan - Kevin Hakushaku no Fukkatsu (Japan)
Simple 1500 Series Vol. 75 - The Double Shooting - RayStorm x RayCrisis (Japan)	5ca02d1a	145	Simple 1500 Series Vol. 75 - The Double Shooting - RayStorm x RayCrisis (Japan)
Simple 1500 Series Vol. 76 - The Dodgeball (Japan)	de308c9c	116	Simple 1500 Series Vol. 76 - The Dodgeball (Japan)
Simple 1500 Series Vol. 77 - The Suiei (Japan)	1b198ac8	262	Simple 1500 Series Vol. 77 - The Suiei (Japan)
Simple 1500 Series Vol. 78 - The Zeroyon (Japan)	9697c86f	266	Simple 1500 Series Vol. 78 - The Zeroyon (Japan)
Simple 1500 Series Vol. 79 - The Shisenshou (Japan)	c8d1497e	117	Simple 1500 Series Vol. 79 - The Shisenshou (Japan)
Simple 1500 Series Vol. 8 - The Solitaire (Japan)	b0925cd3	115	Simple 1500 Series Vol. 8 - The Solitaire (Japan)
Simple 1500 Series Vol. 8 - The Solitaire (Japan) (Culture Publishers)	a7cd191c	136	Simple 1500 Series Vol. 8 - The Solitaire (Japan)
Simple 1500 Series Vol. 80 - The Jintori (Japan)	aa2262d8	114	Simple 1500 Series Vol. 80 - The Jintori (Japan)
Simple 1500 Series Vol. 81 - The Ren'ai Adventure - Okaeri! (Japan)	3c3c75ca	133	Simple 1500 Series Vol. 81 - The Ren'ai Adventure - Okaeri! (Japan)
Simple 1500 Series Vol. 82 - The Sensuikan (Japan)	564f7dbd	116	Simple 1500 Series Vol. 82 - The Sensuikan (Japan)
Simple 1500 Series Vol. 83 - The Wakeboard - BursTrick - Wake Boarding!! (Japan)	131097ca	146	Simple 1500 Series Vol. 83 - The Wakeboard - BursTrick - Wake Boarding!! (Japan)
Simple 1500 Series Vol. 84 - The Intro Quiz (Japan)	a6ecebc1	272	Simple 1500 Series Vol. 84 - The Intro Quiz (Japan)
Simple 1500 Series Vol. 85 - The Sengoku Bushou - Tenka Touitsu no Yabou (Japan)	db14bda5	146	Simple 1500 Series Vol. 85 - The Sengoku Bushou - Tenka Touitsu no Yabou (Japan)
Simple 1500 Series Vol. 86 - The Onigokko (Japan)	02feeb3c	115	Simple 1500 Series Vol. 86 - The Onigokko (Japan)
Simple 1500 Series Vol. 87 - The Kyoutei (Japan)	44aa3ec0	2270	Simple 1500 Series Vol. 87 - The Kyoutei (Japan)
Simple 1500 Series Vol. 88 - The Gal Mahjong - Love Songs - Idol wa High Rate (Japan)	8e59669a	340	Simple 1500 Series Vol. 88 - The Gal Mahjong - Love Songs - Idol wa High Rate (Japan)
Simple 1500 Series Vol. 89 - The Power Shovel ni Norou!! (Japan)	83b1e596	130	Power Shovel ni Norou!! (Japan)
Simple 1500 Series Vol. 9 - The Chess (Japan)	aec0f895	816	Simple 1500 Series Vol. 9 - The Chess (Japan)
Simple 1500 Series Vol. 9 - The Chess (Japan) (Culture Publishers)	9d407ae0	942	Simple 1500 Series Vol. 9 - The Chess (Japan)
Simple 1500 Series Vol. 90 - The Sensha (Japan)	383a72a1	1686	Simple 1500 Series Vol. 90 - The Sensha (Japan)
Simple 1500 Series Vol. 91 - The Gambler - Honoo no Tobaku Densetsu (Japan)	c2c3d63e	141	Simple 1500 Series Vol. 91 - The Gambler - Honoo no Tobaku Densetsu (Japan)
Simple 1500 Series Vol. 92 - The Tozan RPG - Ginrei no Hasha (Japan)	2844c11a	134	Simple 1500 Series Vol. 92 - The Tozan RPG - Ginrei no Hasha (Japan)
Simple 1500 Series Vol. 93 - The Puzzle Bobble - Puzzle Bobble 4 (Japan)	599940d0	3823	Puzzle Bobble 4 (Japan)
Simple 1500 Series Vol. 94 - The Cameraman - Gekisha Boy Omake Tsuki (Japan)	a623be1d	142	Simple 1500 Series Vol. 94 - The Cameraman - Gekisha Boy Omake Tsuki (Japan)
Simple 1500 Series Vol. 95 - The Hikouki (Japan)	4c5ba300	1984	Simple 1500 Series Vol. 95 - The Hikouki (Japan)
Simple 1500 Series Vol. 96 - The Yakyuu 2 - 2002 Pro Yakyuu (Japan)	8f463f8f	133	Simple 1500 Series Vol. 96 - The Yakyuu 2 - 2002 Pro Yakyuu (Japan)
Simple 1500 Series Vol. 97 - The Squash (Japan)	e11c6436	1544	Simple 1500 Series Vol. 97 - The Squash (Japan)
Simple 1500 Series Vol. 98 - The Futsal (Japan)	bf34bee8	113	Simple 1500 Series Vol. 98 - The Futsal (Japan)
Simple 1500 Series Vol. 99 - The Kendou - Ken no Hanamichi (Japan)	05ee88b8	132	Simple 1500 Series Vol. 99 - The Kendou - Ken no Hanamichi (Japan)
Simple Character 2000 Series Vol. 01 - Kidou Senshi Gundam - The Gunjin Shougi (Japan)	b98b7e9b	152	Simple Character 2000 Series Vol. 01 - Kidou Senshi Gundam - The Gunjin Shougi (Japan)
Simple Character 2000 Series Vol. 02 - Afro-ken - The Puzzle (Japan)	abad20d3	134	Simple Character 2000 Series Vol. 02 - Afro-ken - The Puzzle (Japan)
Simple Character 2000 Series Vol. 03 - Kamen Rider - The Bike Race (Japan)	fdcb4511	1672	Simple Character 2000 Series Vol. 03 - Kamen Rider - The Bike Race (Japan)
Simple Character 2000 Series Vol. 04 - Jarinko Chie - The Hanafuda (Japan)	df561046	140	Simple Character 2000 Series Vol. 04 - Jarinko Chie - The Hanafuda (Japan)
Simple Character 2000 Series Vol. 05 - High School! Kimengumi - The Table Hockey (Japan)	395c11eb	154	Simple Character 2000 Series Vol. 05 - High School! Kimengumi - The Table Hockey (Japan)
Simple Character 2000 Series Vol. 06 - Dokonjou Gaeru - The Mahjong (Japan)	14885ed8	141	Simple Character 2000 Series Vol. 06 - Dokonjou Gaeru - The Mahjong (Japan)
Simple Character 2000 Series Vol. 07 - Ikkyuu-san - The Quiz (Japan)	a44b7416	134	Simple Character 2000 Series Vol. 07 - Ikkyuu-san - The Quiz (Japan)
Simple Character 2000 Series Vol. 08 - Kagaku Ninja-tai Gatchaman - The Shooting (Japan)	5c5cdcda	154	Simple Character 2000 Series Vol. 08 - Kagaku Ninja-tai Gatchaman - The Shooting (Japan)
Simple Character 2000 Series Vol. 09 - Tsurikichi Sanpei - The Tsuri (Japan)	b3ca1737	142	Simple Character 2000 Series Vol. 09 - Tsurikichi Sanpei - The Tsuri (Japan)
Simple Character 2000 Series Vol. 10 - Sakigake!! Otokojuku - The Dodgeball (Japan)	b8a1d19e	149	Simple Character 2000 Series Vol. 10 - Sakigake!! Otokojuku - The Dodgeball (Japan)
Simple Character 2000 Series Vol. 11 - Meitantei Conan - The Board Game (Japan)	afb250d6	145	Simple Character 2000 Series Vol. 11 - Meitantei Conan - The Board Game (Japan)
Simple Character 2000 Series Vol. 12 - Kidou Butouden G Gundam - The Battle (Japan)	a4eb356a	336	Simple Character 2000 Series Vol. 12 - Kidou Butouden G Gundam - The Battle (Japan)
Simple Character 2000 Series Vol. 13 - Shin Kidou Senki Gundam W - The Battle (Japan)	b3e3f7e0	340	Simple Character 2000 Series Vol. 13 - Shin Kidou Senki Gundam W - The Battle (Japan)
Simple Character 2000 Series Vol. 14 - Nante Tantei Idol - The Jigsaw Puzzle (Japan)	758c87ab	150	Simple Character 2000 Series Vol. 14 - Nante Tantei Idol - The Jigsaw Puzzle (Japan)
Simple Character 2000 Series Vol. 15 - Cyborg 009 - The Block Kuzushi (Japan)	df5ea807	143	Simple Character 2000 Series Vol. 15 - Cyborg 009 - The Block Kuzushi (Japan)
Simple Character 2000 Series Vol. 16 - Gamba no Bouken - The Puzzle Action (Japan)	d36094aa	148	Simple Character 2000 Series Vol. 16 - Gamba no Bouken - The Puzzle Action (Japan)
Simple Character 2000 Series Vol. 17 - Sentou Mecha Xabungle - The Race in Action (Japan)	2e7b47f6	155	Simple Character 2000 Series Vol. 17 - Sentou Mecha Xabungle - The Race in Action (Japan)
Simpsons Wrestling, The (Europe)	9f44a894	98	Simpsons Wrestling, The (USA)
Simpsons Wrestling, The (USA)	f59b8817	95	Simpsons Wrestling, The (USA)
Simulation Pro Yakyuu '99 (Japan)	fdeec9ee	99	Simulation Pro Yakyuu '99 (Japan)
Simulation RPG Tkool (Japan)	6e0649e5	94	Simulation RPG Tkool (Japan)
Simulation RPG Tkool (Japan) (Enterbrain Collection)	de3e2ecb	118	Simulation RPG Tkool (Japan)
Simulation Zoo (Japan)	cbf59b5a	1026	Simulation Zoo (Japan)
Sister Princess (Japan) (Disc 1)	296e31cb	98	Sister Princess (Japan) (Disc 1)
Sister Princess (Japan) (Disc 1) (Shokai Genteiban)	26cf30ff	117	Sister Princess (Japan) (Disc 1)
Sister Princess (Japan) (Disc 2)	2833171a	98	Sister Princess (Japan) (Disc 1)
Sister Princess (Japan) (Disc 2) (Shokai Genteiban)	908d756a	117	Sister Princess (Japan) (Disc 1)
Sister Princess - Pure Stories (Japan)	9d810200	104	Sister Princess - Pure Stories (Japan)
Sister Princess 2 (Japan) (Disc 1)	a11461e4	100	Sister Princess 2 (Japan) (Disc 1)
Sister Princess 2 (Japan) (Disc 1) (Shokai Genteiban)	ae8c9fcc	119	Sister Princess 2 (Japan) (Disc 1)
Sister Princess 2 (Japan) (Disc 2)	a0494735	100	Sister Princess 2 (Japan) (Disc 1)
Sister Princess 2 (Japan) (Disc 2) (Shokai Genteiban)	18ceda59	119	Sister Princess 2 (Japan) (Disc 1)
Sister Princess 2 - Premium Fan Disc (Japan) (Disc A)	65ac46b5	119	Sister Princess 2 - Premium Fan Disc (Japan) (Disc A)
Sister Princess 2 - Premium Fan Disc (Japan) (Disc B)	64f16064	119	Sister Princess 2 - Premium Fan Disc (Japan) (Disc A)
Sitting Ducks (Europe) (En,Fr,De,Es,It,Nl)	c26310c0	108	Sitting Ducks (Europe) (En,Fr,De,Es,It,Nl)
Skeleton Warriors (Europe)	bdb3c9c1	2160	Skeleton Warriors (USA)
Skeleton Warriors (USA)	08032bfd	2106	Skeleton Warriors (USA)
Ski Air Mix (Europe)	72c5c2f1	1132	Ski Air Mix (Europe)
Ski Air Mix (Japan)	fddde5fd	999	Ski Air Mix (Europe)
Skullmonkeys (Europe)	b9e329f6	87	Skullmonkeys (USA)
Skullmonkeys (France)	9feb98f3	87	Skullmonkeys (USA)
Skullmonkeys (Germany)	40d466a7	88	Skullmonkeys (USA)
Skullmonkeys (USA)	47168517	84	Skullmonkeys (USA)
Sky Sports Football Quiz (Europe)	98d5a5b1	99	Sky Sports Football Quiz (Europe)
Sky Sports Football Quiz - Season 02 (Europe)	49f52c69	111	Sky Sports Football Quiz - Season 02 (Europe)
Skydiving Extreme (USA)	e1070e03	89	Skydiving Extreme (USA)
Slam 'n Jam '96 featuring Magic & Kareem (Europe)	c8ed4c7b	115	Slam 'n Jam '96 featuring Magic & Kareem (USA)
Slam 'n Jam '96 featuring Magic & Kareem (USA)	97bb5ff8	112	Slam 'n Jam '96 featuring Magic & Kareem (USA)
Slam Dragon (Japan)	fad50e71	208	Slam Dragon (Japan)
Slamscape (Europe)	760f6d25	84	Slamscape (USA)
Slamscape (USA)	141e6f4b	81	Slamscape (USA)
Slap Happy Rhythm Busters (Japan)	65e39192	99	Slap Happy Rhythm Busters (Japan)
Slayers Royal (Japan)	7535a913	87	Slayers Royal (Japan)
Slayers Royal 2 (Japan)	8563907a	89	Slayers Royal 2 (Japan)
Slayers Wonderful (Japan)	67101e01	91	Slayers Wonderful (Japan)
Sled Storm & Medal of Honor Demo CD (USA)	2a1e1c28	522	Sled Storm (USA, Canada)
Sled Storm (Europe) (Demo)	789e7298	222	Sled Storm (USA, Canada)
Sled Storm (Europe) (En,Fr,De,Es)	2470cb95	1390	Sled Storm (USA, Canada)
Sled Storm (Europe) (En,Fr,De,Es) (Alt)	d85ffb73	1456	Sled Storm (USA, Canada)
Sled Storm (USA, Canada)	596beac2	1291	Sled Storm (USA, Canada)
Slime Shiyou! (Japan)	e76cb69a	1606	Slime Shiyou! (Japan)
Slot! Pro - Ooedo Sakura Fubuki 2 (Japan)	a282ccd3	252	Slot! Pro - Ooedo Sakura Fubuki 2 (Japan)
Slot! Pro 2 - Bakuretsu Oozumou Aka & Murasaki (Japan)	4e233b86	278	Slot! Pro 2 - Bakuretsu Oozumou Aka & Murasaki (Japan)
Slot! Pro 3 - Juggler Special (Japan)	7e6f224d	103	Slot! Pro 3 - Juggler Special (Japan)
Slot! Pro 4 - Tairyou Special (Japan)	329d10db	103	Slot! Pro 4 - Tairyou Special (Japan)
Slot! Pro 5 - Naniwa Sakura Fubuki & Shimauta (Japan)	e2f76d78	276	Slot! Pro 5 - Naniwa Sakura Fubuki & Shimauta (Japan)
Slot! Pro 6 - Hyper Juggler V (Japan)	bc5044d5	103	Slot! Pro 6 - Hyper Juggler V (Japan)
Slot! Pro 7 - Hana Densetsu (Japan)	18baeec8	101	Slot! Pro 7 - Hana Densetsu (Japan)
Slot! Pro 8 - Shimamusume 30 & Hana Densetsu 25 (Japan)	cfcfc6ea	121	Slot! Pro 8 - Shimamusume 30 & Hana Densetsu 25 (Japan)
Slots (USA)	7f371389	77	Slots (USA)
Slotter Mania - Gekinetsu Oki-Slot! Siosai Special (Japan)	df594fe3	124	Slotter Mania - Gekinetsu Oki-Slot! Siosai Special (Japan)
Slotter Mania 2 - Chounetsu 30 Phi! Hana Hana & KingBary & Hai Hai Siosai (Japan)	c5e3c94a	147	Slotter Mania 2 - Chounetsu 30 Phi! Hana Hana & KingBary & Hai Hai Siosai (Japan)
Slotter Mania 3 - Bakuryou Houshutsu! Uminchu & Fire Element (Japan)	16ce38e4	134	Slotter Mania 3 - Bakuryou Houshutsu! Uminchu & Fire Element (Japan)
Slotter Mania 4 - Gekiatsu Youkou! Siolar & King Castle & Kabuto (Japan)	1542df3d	138	Slotter Mania 4 - Gekiatsu Youkou! Siolar & King Castle & Kabuto (Japan)
Slotter Mania 5 - Gekiuchi Shinzui! Hyper Juggler V & Kita-chan Country & Wonder Review 2 (Japan)	59de4c02	163	Slotter Mania 5 - Gekiuchi Shinzui! Hyper Juggler V & Kita-chan Country & Wonder Review 2 (Japan)
Slotter Mania 6 - Bakuretsu Sairai! Wadatsumi (2 Types) & Blue Lagoon (Japan)	00488377	143	Slotter Mania 6 - Bakuretsu Sairai! Wadatsumi (2 Types) & Blue Lagoon (Japan)
Slotter Mania 7 - Gekiatsu! Siosai-musume Seizoroi DX + Apache A (Japan)	533f7ffe	138	Slotter Mania 7 - Gekiatsu! Siosai-musume Seizoroi DX + Apache A (Japan)
Slotter Mania 8 - Miwaku no Takarabako! Jewel Magic 2 & Gold & Silver (Japan)	bb34840c	143	Slotter Mania 8 - Miwaku no Takarabako! Jewel Magic 2 & Gold & Silver (Japan)
Slotter Mania 9 - Gokunetsu 30 Phi! Haibi & Splash Seven (Japan)	4d9dda23	130	Slotter Mania 9 - Gokunetsu 30 Phi! Haibi & Splash Seven (Japan)
Slotter Mania Core - Tokonatsu no Atsusa! Oasis (Japan)	e7e04d26	121	Slotter Mania Core - Tokonatsu no Atsusa! Oasis (Japan)
Slotter Mania Gaiden - Chouatsu Densetsu! Golden Rookie & Fire V & Ryuuou (Japan)	daa29951	147	Slotter Mania Gaiden - Chouatsu Densetsu! Golden Rookie & Fire V & Ryuuou (Japan)
Small Soldiers (Europe)	8c164aa3	1752	Small Soldiers (USA)
Small Soldiers (France)	c7a18afe	1752	Small Soldiers (USA)
Small Soldiers (Germany)	a666e8a2	1767	Small Soldiers (USA)
Small Soldiers (USA)	105b83e5	1707	Small Soldiers (USA)
Small Soldiers (USA) (Beta) (1998-06-23)	79bd7e3a	1737	Small Soldiers (USA)
Smash Court (Japan)	12b91c77	85	Smash Court (Japan)
Smash Court 2 (Japan)	3ff91e56	87	Smash Court 2 (Japan)
Smash Court 3 (Japan)	eafc622a	87	Smash Court 3 (Japan)
Smurf Racer! (USA) (En,Fr,Es)	cb1eef81	95	Smurf Racer! (USA) (En,Fr,Es)
Smurfs, The (Europe) (En,Fr,De,Es,It,Nl)	bd1e5f17	6732	Smurfs, The (USA) (En,Fr,Es)
Smurfs, The (USA) (En,Fr,Es)	84f3c42b	6132	Smurfs, The (USA) (En,Fr,Es)
Snatcher (Japan)	c07a9f1f	82	Snatcher (Japan)
Sno Pokeler (Japan)	ac722b12	85	Sno Pokeler (Japan)
SnoCross Championship Racing (Europe) (En,Fr,De,Es,It)	72a4aa1a	120	SnoCross Championship Racing (USA)
SnoCross Championship Racing (USA)	0ff3e550	100	SnoCross Championship Racing (USA)
Snobow Kids Plus (Japan)	8a2dfcf7	90	Snobow Kids Plus (Japan)
Snow Break (Japan, Asia)	bfe84616	1648	Snow Break (Japan, Asia)
Snow Racer 98 (Europe) (En,Fr,De)	7be2d112	1390	Snow Racer 98 (Europe) (En,Fr,De)
Snowboard Racer (Europe)	4d05dbd9	1172	Snowboard Racer (Europe)
Snowboarding (USA)	8f1aaa1a	1112	Snowboarding (USA)
Snowman, The (Japan)	9e51123d	324	Snowman, The (Japan)
Soccer '97 (Europe) (En,Fr,De,Es,It)	d93a4649	2602	Soccer '97 (Europe) (En,Fr,De,Es,It)
Soccer Kid (Europe)	205e5209	2718	Soccer Kid (Europe)
Soeldnerschild Special (Japan)	2421d96b	96	Soeldnerschild Special (Japan)
Sol Divide (Japan, Asia)	28c05424	90	Sol Divide (USA)
Sol Divide (USA)	0f416b64	82	Sol Divide (USA)
Sold Out (Japan)	eccb70b7	82	Sold Out (Japan)
Solid Link - Dungeon Side (Japan)	379f2e2f	99	Solid Link - Dungeon Side (Japan)
Solid Link - Tower Side (Japan)	be57adb2	97	Solid Link - Tower Side (Japan)
Sonata (Japan) (Demo)	26b3330d	87	Sonata (Japan) (Disc 1)
Sonata (Japan) (Disc 1)	7777494a	89	Sonata (Japan) (Disc 1)
Sonata (Japan) (Disc 2)	762a6f9b	89	Sonata (Japan) (Disc 1)
Sonata (Japan) (Profile Disc)	ca2138bb	95	Sonata (Japan) (Disc 1)
Sonic Wings Special (Europe)	c39a5e9b	94	Sonic Wings Special (Europe)
Sonic Wings Special (Japan)	5edb9dc9	93	Sonic Wings Special (Europe)
Sorcerer's Maze (Europe) (En,Fr,De,Es,It)	c0729139	107	Sorcerer's Maze (USA)
Sorcerer's Maze (USA)	bac07f18	87	Sorcerer's Maze (USA)
Soreike Flyfishing - Let's Go Flyfishing (Japan)	955c5a32	550	Soreike Flyfishing - Let's Go Flyfishing (Japan)
Soreike no Kokology - Kokoro ga Oshieru Koi, Kekkon, Jinsei (Japan)	75e0c10d	304	Soreike no Kokology - Kokoro ga Oshieru Koi, Kekkon, Jinsei (Japan)
Sotsugyou - Crossworld (Japan)	9a46ce0a	96	Sotsugyou - Crossworld (Japan)
Sotsugyou II - Neo Generation (Japan)	4183706b	1138	Sotsugyou II - Neo Generation (Japan)
Sotsugyou III - Wedding Bell (Japan)	8d6c5792	102	Sotsugyou III - Wedding Bell (Japan)
Sotsugyou M - Seito Kaichou no Karei naru Inbou (Japan) (Demo)	8ea9dbca	128	Sotsugyou M - Seito Kaichou no Karei naru Inbou (Japan) (Disc 1)
Sotsugyou M - Seito Kaichou no Karei naru Inbou (Japan) (Disc 1)	5d1dca93	130	Sotsugyou M - Seito Kaichou no Karei naru Inbou (Japan) (Disc 1)
Sotsugyou M - Seito Kaichou no Karei naru Inbou (Japan) (Disc 2)	5c40ec42	130	Sotsugyou M - Seito Kaichou no Karei naru Inbou (Japan) (Disc 1)
Sotsugyou R - Graduation Real (Japan)	92694c7a	2886	Sotsugyou R - Graduation Real (Japan)
Sotsugyou Vacation (Japan)	58e02f77	92	Sotsugyou Vacation (Japan)
Sougaku Toshi Osaka (Japan) (Disc 1) (Method)	e9bc3282	260	Sougaku Toshi Osaka (Japan) (Disc 1) (Method)
Sougaku Toshi Osaka (Japan) (Disc 2) (Object)	e70c8afc	260	Sougaku Toshi Osaka (Japan) (Disc 1) (Method)
Soukaigi (Japan) (Disc 1)	86935b7c	91	Soukaigi (Japan) (Disc 1)
Soukaigi (Japan) (Disc 2)	87ce7dad	91	Soukaigi (Japan) (Disc 1)
Soukaigi (Japan) (Disc 3)	31d59ddd	91	Soukaigi (Japan) (Disc 1)
Soukoban - Nanmon Shinan (Japan)	95055c1e	234	Soukoban - Nanmon Shinan (Japan)
Soukoban Basic (Japan)	1a87c4f1	1269	Soukoban Basic (Japan)
Soukoban Basic 2 (Japan)	2d159e9e	1410	Soukoban Basic 2 (Japan)
Soukou Kidoutai L.A.P.D. (Japan)	94437dfd	98	Soukou Kidoutai L.A.P.D. (Japan)
Soukou Kidoutai L.A.P.D. (Japan) (Demo)	7cc43e12	105	Soukou Kidoutai L.A.P.D. (Japan)
Soukou Kihei Votoms - Koutetsu no Gunzei (Japan)	3329a48f	114	Soukou Kihei Votoms - Koutetsu no Gunzei (Japan)
Soukou Kihei Votoms - Koutetsu no Gunzei (Japan) (Shokai Seisan Genteiban)	930177ad	140	Soukou Kihei Votoms - Koutetsu no Gunzei (Japan)
Soukou Kihei Votoms - Lightning Slash (Japan)	a6e2ee16	111	Soukou Kihei Votoms - Lightning Slash (Japan)
Soukou Kihei Votoms - Lightning Slash (Japan) (Demo)	f1f42e1e	118	Soukou Kihei Votoms - Lightning Slash (Japan)
Soukou Kihei Votoms - Lightning Slash (Japan) (Limited Edition)	fea56439	129	Soukou Kihei Votoms - Lightning Slash (Japan)
Soukou Kihei Votoms - Woodo Kummen (Japan)	f5561866	108	Soukou Kihei Votoms - Woodo Kummen (Japan)
Soukou Kihei Votoms - Woodo Kummen (Japan) (Limited Edition)	a8f12839	126	Soukou Kihei Votoms - Woodo Kummen (Japan)
Soukou Kihei Votoms Gaiden - Ao no Kishi Berserga Monogatari (Japan) (Limited Edition)	f2731fcd	2878	Soukou Kihei Votoms Gaiden - Ao no Kishi Berserga Monogatari (Japan, Asia)
Soukou Kihei Votoms Gaiden - Ao no Kishi Berserga Monogatari (Japan, Asia)	b9ed09ec	2686	Soukou Kihei Votoms Gaiden - Ao no Kishi Berserga Monogatari (Japan, Asia)
Soukuu no Tsubasa - Gotha World (Japan) (Disc 1)	b482e9b1	1841	Soukuu no Tsubasa - Gotha World (Japan) (Disc 1)
Soukuu no Tsubasa - Gotha World (Japan) (Disc 2)	d887dd38	1841	Soukuu no Tsubasa - Gotha World (Japan) (Disc 1)
Soukyuu Gurentai - Oubu Shutsugeki (Japan)	8a7a1ad8	4366	Arcade Hits - Soukyuu Gurentai (Japan)
Soul Blade (Europe)	c185c099	85	Soul Blade (USA)
Soul Blade (USA)	71591c32	82	Soul Blade (USA)
Soul Blade (USA) (Rev 1)	4f3c3be8	90	Soul Blade (USA)
Soul Edge (Japan)	2d1cf696	83	Soul Edge (Japan)
Soul Edge (Japan) (Gentei Box)	93805cfd	96	Soul Edge (Japan)
Soul Edge (Japan) (Rev 1)	649d92d2	91	Soul Edge (Japan)
Soul of the Samurai (USA)	f77f52ed	91	Soul of the Samurai (USA)
Soulmaster (Japan)	beb252e6	206	Soulmaster (Japan)
Soumatou (Japan)	42d08fb9	82	Soumatou (Japan)
Soumatou (Japan) (Demo)	01436cef	89	Soumatou (Japan)
Sound Novel Evolution 1 - Otogirisou - Sosei-hen (Japan)	0bee7986	122	Sound Novel Evolution 1 - Otogirisou - Sosei-hen (Japan)
Sound Novel Evolution 1 - Otogirisou - Sosei-hen (Japan) (Rev 1)	70a35b54	130	Sound Novel Evolution 1 - Otogirisou - Sosei-hen (Japan)
Sound Novel Evolution 2 - Kamaitachi no Yoru Tokubetsu-hen (Japan)	5b401ba7	132	Sound Novel Evolution 2 - Kamaitachi no Yoru Tokubetsu-hen (Japan)
Sound Novel Evolution 3 - Machi - Unmei no Kousaten (Japan) (Disc 1)	7e883a04	134	Sound Novel Evolution 3 - Machi - Unmei no Kousaten (Japan) (Disc 1)
Sound Novel Evolution 3 - Machi - Unmei no Kousaten (Japan) (Disc 2)	7fd51cd5	134	Sound Novel Evolution 3 - Machi - Unmei no Kousaten (Japan) (Disc 1)
Sound Novel Tkool 2 (Japan)	cca39dfc	93	Sound Novel Tkool 2 (Japan)
Sound Qube (Japan)	ffad0f36	84	Sound Qube (Japan)
Sound Qube (Japan) (Best of the Best)	95174549	103	Sound Qube (Japan)
Souryuu (Japan)	62b0cadd	1522	Souryuu (Japan)
Souten no Shiroki Kami no Kura - Great Peak (Japan)	4ebcf314	117	Souten no Shiroki Kami no Kura - Great Peak (Japan)
South Park (Europe)	23a81496	208	South Park (USA)
South Park (USA)	052ac2be	202	South Park (USA)
South Park - Chef's Luv Shack (Europe)	1ab30c8f	378	South Park - Chef's Luv Shack (USA)
South Park - Chef's Luv Shack (Europe) (Demo)	acfd98ab	260	South Park - Chef's Luv Shack (USA)
South Park - Chef's Luv Shack (USA)	4dc86d1b	369	South Park - Chef's Luv Shack (USA)
South Park Rally (Europe) (En,Fr,De,Es)	01c86639	10166	South Park Rally (USA)
South Park Rally (Europe, Australia)	b32f0d71	9938	South Park Rally (USA)
South Park Rally (USA)	a5443a8a	8874	South Park Rally (USA)
Southern All Stars - Space MOSA Space Museum of Southern Art (Japan) (Disc 1) (Museum)	ec4e37c7	152	Southern All Stars - Space MOSA Space Museum of Southern Art (Japan) (Disc 1) (Museum)
Southern All Stars - Space MOSA Space Museum of Southern Art (Japan) (Disc 2) (Library)	b37ac630	153	Southern All Stars - Space MOSA Space Museum of Southern Art (Japan) (Disc 1) (Museum)
Southern All Stars - Space MOSA Space Museum of Southern Art (Japan) (Disc 3) (Theater)	67a8698a	153	Southern All Stars - Space MOSA Space Museum of Southern Art (Japan) (Disc 1) (Museum)
Soviet Strike (Europe)	b851590c	214	Soviet Strike (USA)
Soviet Strike (Europe) (EDC)	d0a3ade7	226	Soviet Strike (USA)
Soviet Strike (France)	944126a1	214	Soviet Strike (USA)
Soviet Strike (Germany)	b6b9ce36	216	Soviet Strike (USA)
Soviet Strike (Japan)	3680bd91	212	Soviet Strike (USA)
Soviet Strike (USA)	c3653318	208	Soviet Strike (USA)
Soviet Strike (USA) (Rev 1)	826c6811	224	Soviet Strike (USA)
Space Adventure Cobra - The Shooting (Japan)	c400420e	110	Space Adventure Cobra - The Shooting (Japan)
Space Debris (Europe)	e761602a	212	Space Debris (Europe)
Space Debris (France)	486b3c2e	212	Space Debris (Europe)
Space Debris (Germany)	07e11820	214	Space Debris (Europe)
Space Debris (Germany) (Beta) (1999-11-11)	f0e97064	254	Space Debris (Europe)
Space Debris (Italy)	51cb20ea	210	Space Debris (Europe)
Space Debris (Spain)	b7269a79	210	Space Debris (Europe)
Space Griffon VF-9 (Japan)	4fd20ed2	92	Space Griffon VF-9 (USA)
Space Griffon VF-9 (Japan) (Rev 1)	0ba4fd86	238	Space Griffon VF-9 (USA)
Space Griffon VF-9 (USA)	fb575c2d	218	Space Griffon VF-9 (USA)
Space Hulk - Vengeance of the Blood Angels (Europe)	5d9e4c5a	117	Space Hulk - Vengeance of the Blood Angels (USA)
Space Hulk - Vengeance of the Blood Angels (USA)	22d9e072	266	Space Hulk - Vengeance of the Blood Angels (USA)
Space Invaders (Europe)	bc4d3a96	216	Space Invaders (USA)
Space Invaders (Japan)	f2bc6be7	214	Space Invaders (USA)
Space Invaders (USA)	a4901e1c	210	Space Invaders (USA)
Space Invaders (USA) (Beta) (1999-08-17)	9e72f00b	106	Space Invaders (USA)
Space Invaders 2000 (Japan)	4c71c9d3	1934	Space Invaders 2000 (Japan)
Space Invaders X (Japan)	f683e279	90	Space Invaders (USA)
Space Jam (Europe)	6b38b685	206	Space Jam (USA)
Space Jam (Japan)	8883e0f2	204	Space Jam (USA)
Space Jam (USA)	94dc8970	200	Space Jam (USA)
Space Rider (Europe)	2f72e834	86	Space Rider (Europe)
Space Shot (USA)	ea6866e4	82	Space Shot (USA)
Sparrow Garden - Namco Mahjong (Japan)	db7ec632	5967	Sparrow Garden - Namco Mahjong (Japan)
Spawn - The Eternal (Europe)	ef3e38ad	1950	Spawn - The Eternal (USA)
Spawn - The Eternal (Japan)	58305c3c	1934	Spawn - The Eternal (USA)
Spawn - The Eternal (USA)	7d665928	1902	Spawn - The Eternal (USA)
Spawn - The Eternal (USA) (Beta) (1997-10-07)	1ea3fee0	1760	Spawn - The Eternal (USA)
Spec Ops - Airborne Commando (Europe) (En,Fr,De,It)	d2ad36b4	117	Spec Ops - Airborne Commando (USA)
Spec Ops - Airborne Commando (USA)	284fd494	100	Spec Ops - Airborne Commando (USA)
Spec Ops - Covert Assault (Europe) (En,Fr,De,Es,It)	7a5e1d27	117	Spec Ops - Covert Assault (USA)
Spec Ops - Covert Assault (USA)	ea555401	97	Spec Ops - Covert Assault (USA)
Spec Ops - Ranger Elite (Europe) (En,Fr,De,Es,It)	6548f462	115	Spec Ops - Ranger Elite (USA)
Spec Ops - Ranger Elite (USA)	ca20f884	95	Spec Ops - Ranger Elite (USA)
Spec Ops - Stealth Patrol (Europe) (En,Fr,De,Es,It)	0ae5fa73	117	Spec Ops - Stealth Patrol (USA)
Spec Ops - Stealth Patrol (USA)	dc930e68	97	Spec Ops - Stealth Patrol (USA)
Spectral Blade (Japan)	88679da8	88	Spectral Blade (Japan)
Spectral Force (Japan)	e65709cc	88	Spectral Force (Japan)
Spectral Force (Japan) (Shokai Gentei Box)	2bfc1984	108	Spectral Force (Japan)
Spectral Force - Itoshiki Jaaku (Japan)	f2764163	105	Spectral Force - Itoshiki Jaaku (Japan)
Spectral Force 2 (Japan)	55157920	90	Spectral Force 2 (Japan)
Spectral Tower (Japan)	dd2ffb34	88	Spectral Tower (Japan)
Spectral Tower II (Japan)	60c2a3aa	91	Spectral Tower II (Japan)
Spectral Tower II (Japan) (Demo)	37008ca6	98	Spectral Tower II (Japan)
Speed Freaks (Europe)	f46d3a6d	87	Speed Freaks (Europe)
Speed King - Neo Kobe 2045 (Japan)	be2dbf83	115	Road Rage (Europe)
Speed Machines (Europe)	4039e20d	1162	Speed Machines (Europe)
Speed Punks (USA)	b7eaba88	83	Speed Punks (USA)
Speed Punks (USA) (Demo)	01c912a5	90	Speed Punks (USA)
Speed Racer (USA)	4eea716f	83	Speed Racer (USA)
Speedball 2100 (Europe) (En,Fr,De,Es,It)	9ff16060	2142	Speedball 2100 (USA)
Speedball 2100 (USA)	9d6748b6	1822	Speedball 2100 (USA)
Speedster (Europe)	2d75d229	1903	Speedster (Europe)
Spice World (Europe)	ab9725df	86	Spice World (USA)
Spice World (Europe) (Beta) (1998-04-09)	512978ab	106	Spice World (USA)
Spice World (Europe) (Beta) (1998-05-11)	31f850d6	106	Spice World (USA)
Spice World (France)	8d9f94da	86	Spice World (USA)
Spice World (Germany)	02748ac7	87	Spice World (USA)
Spice World (Italy)	e7fc0ff1	85	Spice World (USA)
Spice World (Spain)	bab8fe29	85	Spice World (USA)
Spice World (USA)	d34b4d11	83	Spice World (USA)
Spider - The Video Game (Europe)	8ca15007	98	Spider - The Video Game (USA)
Spider - The Video Game (France)	aaa9e102	98	Spider - The Video Game (USA)
Spider - The Video Game (Germany)	8a5be654	99	Spider - The Video Game (USA)
Spider - The Video Game (Japan)	ba27536a	97	Spider - The Video Game (USA)
Spider - The Video Game (USA)	7d193fef	95	Spider - The Video Game (USA)
Spider-Man (Europe)	173345dc	85	Spider-Man (USA)
Spider-Man (France)	313bf4d9	85	Spider-Man (USA)
Spider-Man (Germany)	9bc17f1d	86	Spider-Man (USA)
Spider-Man (Italy)	251f1640	84	Spider-Man (USA)
Spider-Man (Japan)	4cf038aa	84	Spider-Man (USA)
Spider-Man (Spain)	785be798	84	Spider-Man (USA)
Spider-Man (USA)	5b840d78	82	Spider-Man (USA)
Spider-Man 2 - Enter - Electro (Europe)	f972cf11	105	Spider-Man 2 - Enter - Electro (USA)
Spider-Man 2 - Enter - Electro (Europe, Australia) (Rev 1)	5f3157dd	124	Spider-Man 2 - Enter - Electro (USA)
Spider-Man 2 - Enter - Electro (Germany)	7efa809a	106	Spider-Man 2 - Enter - Electro (USA)
Spider-Man 2 - Enter - Electro (Japan)	61d2c745	246	Spider-Man 2 - Enter - Electro (USA)
Spider-Man 2 - Enter - Electro (USA)	260d5211	102	Spider-Man 2 - Enter - Electro (USA)
Spider-Man 2 - Enter - Electro (USA) (Rev 1)	31dd0943	110	Spider-Man 2 - Enter - Electro (USA)
Spider-Man 2 - La Revanche d'Electro (France)	1caebcfa	111	Spider-Man 2 - La Revanche d'Electro (France)
Spin Jam (Europe)	f8924e52	537	Spin Jam (USA)
Spin Jam (USA)	aa8300c9	522	Spin Jam (USA)
Spin Tail (Japan)	2376cbe8	83	Spin Tail (Japan)
Sports Car GT (Europe)	5f8efdbd	1503	Sports Car GT (USA)
Sports Car GT (France)	f4d44dd4	1503	Sports Car GT (USA)
Sports Car GT (Germany)	dd90cc20	1516	Sports Car GT (USA)
Sports Car GT (Germany) (EDC)	7cb9ca51	1594	Sports Car GT (USA)
Sports Car GT (USA)	dbf2e2d8	1464	Sports Car GT (USA)
Sports Superbike (Europe) (En,Fr,De,It)	75a8f1d5	913	Sports Superbike (Europe) (En,Fr,De,It)
Sports Superbike 2 (Europe)	fbf8d864	466	Sports Superbike 2 (USA)
Sports Superbike 2 (USA)	3ba715a5	454	Sports Superbike 2 (USA)
Sportweek Player Manager 2000 (Netherlands) (En,Fr)	73c989be	707	Player Manager 2000 (Europe)
Sportweek Player Manager 2001 (Netherlands)	dfbad3c8	667	Alex Ferguson's Player Manager 2001 (Europe)
Spot Goes to Hollywood (Europe)	11cdc5f3	2880	Spot Goes to Hollywood (USA)
Spot Goes to Hollywood (Japan)	24b3332d	2857	Spot Goes to Hollywood (USA)
Spot Goes to Hollywood (USA)	7fffa689	2811	Spot Goes to Hollywood (USA)
Spriggan - Lunar Verse (Japan)	73908fd1	96	Spriggan - Lunar Verse (Japan)
Spriggan - Lunar Verse (Japan) (Demo)	a97ea9e0	103	Spriggan - Lunar Verse (Japan)
Spyro - Year of the Dragon (Europe) (En,Fr,De,Es,It)	522c933c	118	Spyro - Year of the Dragon (USA)
Spyro - Year of the Dragon (Europe) (En,Fr,De,Es,It) (Rev 1)	f9667a67	126	Spyro - Year of the Dragon (USA)
Spyro - Year of the Dragon (USA)	92bc8ead	98	Spyro - Year of the Dragon (USA)
Spyro - Year of the Dragon (USA) (Demo)	7097f49e	248	Spyro - Year of the Dragon (USA)
Spyro - Year of the Dragon (USA) (Rev 1)	e836cd9e	106	Spyro - Year of the Dragon (USA)
Spyro 2 - Gateway to Glimmer (Europe) (En,Fr,De,Es,It)	1a192ec2	120	Spyro 2 - Gateway to Glimmer (Europe) (En,Fr,De,Es,It)
Spyro 2 - Ripto's Rage! & Crash Team Racing (USA) (Demo)	b84ca8d0	282	Spyro 2 - Ripto's Rage! (USA)
Spyro 2 - Ripto's Rage! (USA)	fe1cd9e3	95	Spyro 2 - Ripto's Rage! (USA)
Spyro 2 - Ripto's Rage! (USA) (Demo)	67e7cffd	242	Spyro 2 - Ripto's Rage! (USA)
Spyro the Dragon (Europe, Australia) (En,Fr,De,Es,It)	d3012652	119	Spyro the Dragon (USA)
Spyro the Dragon (Japan)	931e519f	90	Spyro the Dragon (USA)
Spyro the Dragon (Japan) (Demo)	4dd79550	97	Spyro the Dragon (USA)
Spyro the Dragon (Japan, Asia) (Shokai Genteiban)	315262a2	115	Spyro the Dragon (USA)
Spyro the Dragon (USA)	639d58e5	88	Spyro the Dragon (USA)
Spyro the Dragon (USA) (Beta) (1998-04-21)	b152f340	108	Spyro the Dragon (USA)
Spyro the Dragon (USA) (Beta) (1998-06-15)	2fde64aa	108	Spyro the Dragon (USA)
Spyro the Dragon (USA) (Beta) (1998-07-19)	aa40ad08	108	Spyro the Dragon (USA)
Spyro the Dragon (USA) (Demo) (SCUS-94290)	e3849576	108	Spyro the Dragon (USA)
Spyro the Dragon (USA) (Demo) (SCUS-94439)	38250d26	108	Spyro the Dragon (USA)
Spyro x Sparx - Tondemo Tours (Japan)	7f40a38e	103	Spyro x Sparx - Tondemo Tours (Japan)
Spyro x Sparx - Tondemo Tours (Japan) (Demo)	cfae3512	110	Spyro x Sparx - Tondemo Tours (Japan)
St. Andrews Old Course - Eikou no St. Andrews (Japan)	b0d81549	119	St. Andrews Old Course - Eikou no St. Andrews (Japan)
St. Luminous Jogakuin (Japan)	7801dc4c	95	St. Luminous Jogakuin (Japan)
Stadt der verlorenen Kinder, Die (Germany)	71927a23	254	Stadt der verlorenen Kinder, Die (Germany)
Stahlfeder - Tekkou Hikuudan (Japan)	7e7a35c1	2209	Stahlfeder - Tekkou Hikuudan (Japan)
Stakes Winner - G1 Kanzen Seiha e no Michi (Japan)	8fa64515	3897	Stakes Winner - G1 Kanzen Seiha e no Michi (Japan)
Stakes Winner 2 - Saikyouba Densetsu (Japan)	b7f7bef6	110	Stakes Winner 2 - Saikyouba Densetsu (Japan)
Standby Say You! (Japan)	4543bef1	90	Standby Say You! (Japan)
Star Bowling DX, The (Japan) (Disc 1)	628d48ff	103	Star Bowling DX, The (Japan) (Disc 1)
Star Bowling DX, The (Japan) (Disc 2)	63d06e2e	103	Star Bowling DX, The (Japan) (Disc 1)
Star Bowling DX, The (Japan) (Disc 3)	d5cb8e5e	103	Star Bowling DX, The (Japan) (Disc 1)
Star Bowling DX, The (Japan) (Disc 4)	616a238c	103	Star Bowling DX, The (Japan) (Disc 1)
Star Fighter (USA)	ad8a09bc	206	Star Fighter (USA)
Star Gladiator (Europe) (Demo)	5afb84c5	3482	Star Gladiator (Europe) (Demo)
Star Gladiator - Episode I - Final Crusade (Europe)	b2f00b1f	4070	Star Gladiator - Episode I - Final Crusade (USA)
Star Gladiator - Episode I - Final Crusade (Japan)	22367c71	4042	Star Gladiator - Episode I - Final Crusade (USA)
Star Gladiator - Episode I - Final Crusade (Japan) (Demo)	fca35451	284	Star Gladiator - Episode I - Final Crusade (USA)
Star Gladiator - Episode I - Final Crusade (USA)	2479329a	3986	Star Gladiator - Episode I - Final Crusade (USA)
Star Ixiom (Europe)	58e6c63d	85	Star Ixiom (Europe)
Star Ixiom (Japan)	46818b09	84	Star Ixiom (Europe)
Star Monja (Japan)	5b3086a7	3372	Star Monja (Japan)
Star Ocean - The Second Story & Hello Charlie!! (Japan) (Demo)	41c9aa4c	128	Star Ocean - The Second Story (USA) (Disc 1)
Star Ocean - The Second Story (Europe) (Disc 1)	5ef70ac8	113	Star Ocean - The Second Story (USA) (Disc 1)
Star Ocean - The Second Story (Europe) (Disc 2)	5faa2c19	113	Star Ocean - The Second Story (USA) (Disc 1)
Star Ocean - The Second Story (France) (Disc 1)	ec2631f2	113	Star Ocean - The Second Story (USA) (Disc 1)
Star Ocean - The Second Story (France) (Disc 2)	ed7b1723	113	Star Ocean - The Second Story (USA) (Disc 1)
Star Ocean - The Second Story (Germany) (Disc 1)	1da2d9d7	114	Star Ocean - The Second Story (USA) (Disc 1)
Star Ocean - The Second Story (Germany) (Disc 2)	1cffff06	114	Star Ocean - The Second Story (USA) (Disc 1)
Star Ocean - The Second Story (Japan) (Disc 1) (Rev 1)	140fac51	120	Star Ocean - The Second Story (USA) (Disc 1)
Star Ocean - The Second Story (Japan) (Disc 2) (Rev 1)	ffa5e4ec	120	Star Ocean - The Second Story (USA) (Disc 1)
Star Ocean - The Second Story (Japan, Asia) (Disc 1)	cdd461c8	118	Star Ocean - The Second Story (USA) (Disc 1)
Star Ocean - The Second Story (Japan, Asia) (Disc 2)	cc894719	118	Star Ocean - The Second Story (USA) (Disc 1)
Star Ocean - The Second Story (USA) (Disc 1)	2ee82266	110	Star Ocean - The Second Story (USA) (Disc 1)
Star Ocean - The Second Story (USA) (Disc 2)	2fb504b7	110	Star Ocean - The Second Story (USA) (Disc 1)
Star Sweep (USA)	b6293318	82	Star Sweep (USA)
Star Trek - Invasion (Europe)	ec6455f9	95	Star Trek - Invasion (USA)
Star Trek - Invasion (Germany)	d03efc4a	96	Star Trek - Invasion (USA)
Star Trek - Invasion (USA)	fb82e5a4	92	Star Trek - Invasion (USA)
Star Wars - Dark Forces (Europe)	a069c19b	98	Star Wars - Dark Forces (USA)
Star Wars - Dark Forces (Italy)	c2c76a3e	97	Star Wars - Dark Forces (USA)
Star Wars - Dark Forces (Japan)	ab2844d4	97	Star Wars - Dark Forces (USA)
Star Wars - Dark Forces (Spain)	9f839be6	97	Star Wars - Dark Forces (USA)
Star Wars - Dark Forces (USA)	ba73d6e7	95	Star Wars - Dark Forces (USA)
Star Wars - Demolition (Europe)	784d31c9	1494	Star Wars - Demolition (USA)
Star Wars - Demolition (France)	a962afb4	1494	Star Wars - Demolition (USA)
Star Wars - Demolition (Germany)	7a454f97	1506	Star Wars - Demolition (USA)
Star Wars - Demolition (USA)	ead511d2	1458	Star Wars - Demolition (USA)
Star Wars - Demolition (USA) (Demo)	5c683f53	240	Star Wars - Demolition (USA)
Star Wars - Episode I - Die Dunkle Bedrohung (Germany) (Demo)	5f74c4cc	127	Star Wars - Episode I - Die dunkle Bedrohung (Germany)
Star Wars - Episode I - Die dunkle Bedrohung (Germany)	fd832ecf	120	Star Wars - Episode I - Die dunkle Bedrohung (Germany)
Star Wars - Episode I - Jedi Power Battles (Europe)	a218f50c	117	Star Wars - Episode I - Jedi Power Battles (USA)
Star Wars - Episode I - Jedi Power Battles (France)	84104409	117	Star Wars - Episode I - Jedi Power Battles (USA)
Star Wars - Episode I - Jedi Power Battles (Germany)	1da78679	118	Star Wars - Episode I - Jedi Power Battles (USA)
Star Wars - Episode I - Jedi Power Battles (USA)	27610b57	114	Star Wars - Episode I - Jedi Power Battles (USA)
Star Wars - Episode I - La Menace Fantome (France)	2aa26642	116	Star Wars - Episode I - La Menace Fantome (France)
Star Wars - Episode I - La Menace Fantome (France) (Demo)	2bf124c5	123	Star Wars - Episode I - La Menace Fantome (France)
Star Wars - Episode I - The Phantom Menace (Australia) (Demo)	6509f5fb	127	Star Wars - Episode I - The Phantom Menace (USA)
Star Wars - Episode I - The Phantom Menace (Europe)	c3e0f7d1	117	Star Wars - Episode I - The Phantom Menace (USA)
Star Wars - Episode I - The Phantom Menace (Japan)	2472d7c9	116	Star Wars - Episode I - The Phantom Menace (USA)
Star Wars - Episode I - The Phantom Menace (USA)	0297d741	114	Star Wars - Episode I - The Phantom Menace (USA)
Star Wars - Episode I - The Phantom Menace (USA) (Rev 1)	36698331	122	Star Wars - Episode I - The Phantom Menace (USA)
Star Wars - Episode I - The Phantom Menace (USA) (Trade Demo)	221e4d0f	127	Star Wars - Episode I - The Phantom Menace (USA)
Star Wars - Episodio I - Jedi Power Battles (Italy)	5b2e4e56	117	Star Wars - Episode I - Jedi Power Battles (USA)
Star Wars - Episodio I - Jedi Power Battles (Spain)	066abf8e	117	Star Wars - Episode I - Jedi Power Battles (USA)
Star Wars - Episodio I - La Amenaza Fantasma (Spain)	2d5ff571	118	Star Wars - Episodio I - La Amenaza Fantasma (Spain)
Star Wars - Episodio I - La Amenaza Fantasma (Spain) (Demo)	04fb53b2	125	Star Wars - Episodio I - La Amenaza Fantasma (Spain)
Star Wars - Episodio I - La Minaccia Fantasma (Italy)	5ef69d2c	119	Star Wars - Episodio I - La Minaccia Fantasma (Italy)
Star Wars - Masters of Teras Kasi (Europe)	16016260	2311	Star Wars - Masters of Teras Kasi (USA)
Star Wars - Masters of Teras Kasi (Japan)	e9eba32d	2294	Star Wars - Masters of Teras Kasi (USA)
Star Wars - Masters of Teras Kasi (USA)	4941b087	2260	Star Wars - Masters of Teras Kasi (USA)
Star Wars - Rebel Assault II - The Hidden Empire (Europe) (Disc 1)	f7277a53	132	Star Wars - Rebel Assault II - The Hidden Empire (USA) (Disc 1)
Star Wars - Rebel Assault II - The Hidden Empire (Europe) (Disc 2)	f67a5c82	132	Star Wars - Rebel Assault II - The Hidden Empire (USA) (Disc 1)
Star Wars - Rebel Assault II - The Hidden Empire (France) (Disc 1)	45f64169	132	Star Wars - Rebel Assault II - The Hidden Empire (USA) (Disc 1)
Star Wars - Rebel Assault II - The Hidden Empire (France) (Disc 2)	44ab67b8	132	Star Wars - Rebel Assault II - The Hidden Empire (USA) (Disc 1)
Star Wars - Rebel Assault II - The Hidden Empire (Germany) (Disc 1)	7ad6436b	133	Star Wars - Rebel Assault II - The Hidden Empire (USA) (Disc 1)
Star Wars - Rebel Assault II - The Hidden Empire (Germany) (Disc 2)	7b8b65ba	133	Star Wars - Rebel Assault II - The Hidden Empire (USA) (Disc 1)
Star Wars - Rebel Assault II - The Hidden Empire (Italy) (Disc 1)	2ee75f39	131	Star Wars - Rebel Assault II - The Hidden Empire (USA) (Disc 1)
Star Wars - Rebel Assault II - The Hidden Empire (Italy) (Disc 2)	2fba79e8	131	Star Wars - Rebel Assault II - The Hidden Empire (USA) (Disc 1)
Star Wars - Rebel Assault II - The Hidden Empire (Japan) (Disc 1)	b710ac44	131	Star Wars - Rebel Assault II - The Hidden Empire (USA) (Disc 1)
Star Wars - Rebel Assault II - The Hidden Empire (Japan) (Disc 2)	b64d8a95	131	Star Wars - Rebel Assault II - The Hidden Empire (USA) (Disc 1)
Star Wars - Rebel Assault II - The Hidden Empire (Spain) (Disc 1)	b2ade28f	131	Star Wars - Rebel Assault II - The Hidden Empire (USA) (Disc 1)
Star Wars - Rebel Assault II - The Hidden Empire (Spain) (Disc 2)	b3f0c45e	131	Star Wars - Rebel Assault II - The Hidden Empire (USA) (Disc 1)
Star Wars - Rebel Assault II - The Hidden Empire (USA) (Disc 1)	7ec2acce	129	Star Wars - Rebel Assault II - The Hidden Empire (USA) (Disc 1)
Star Wars - Rebel Assault II - The Hidden Empire (USA) (Disc 2)	7f9f8a1f	129	Star Wars - Rebel Assault II - The Hidden Empire (USA) (Disc 1)
StarFighter 3000 (Europe) (En,Fr,De,Es,It)	c33d8ee9	254	StarFighter 3000 (Europe) (En,Fr,De,Es,It)
StarFighter 3000 (Japan)	4b2e3c6b	218	StarFighter 3000 (Europe) (En,Fr,De,Es,It)
StarSweep (Europe)	0b9786ce	206	StarSweep (Europe)
StarSweep (Japan)	bdc9acd1	204	StarSweep (Europe)
StarSweep (Japan) (Demo 1)	7ec9ad7b	342	StarSweep (Europe)
StarSweep (Japan) (Demo 2)	436ed01a	342	StarSweep (Europe)
Starblade Alpha (Europe)	7047faf8	90	Starblade Alpha (USA)
Starblade Alpha (Japan)	e505d031	89	Starblade Alpha (USA)
Starblade Alpha (USA)	740bac9e	87	Starblade Alpha (USA)
Starborders (Japan)	b056e83b	2034	Starborders (Japan)
Starfighter Sanvein (USA)	651f1cc3	91	Starfighter Sanvein (USA)
Starlight Scramble - Ren'ai Kouhosei (Japan)	e63860e1	258	Starlight Scramble - Ren'ai Kouhosei (Japan)
Startling Adventures - Kuusou 3x Daibouken (Japan)	99078611	116	Startling Adventures - Kuusou 3x Daibouken (Japan)
Startling Odyssey 1 - Blue Evolution (Japan)	e9f467ef	110	Startling Odyssey 1 - Blue Evolution (Japan)
Starwinder - The Ultimate Space Race (Europe)	22ccb4e2	111	Starwinder - The Ultimate Space Race (USA)
Starwinder - The Ultimate Space Race (Japan)	06a9fc82	110	Starwinder - The Ultimate Space Race (USA)
Starwinder - The Ultimate Space Race (USA)	e93fbda8	108	Starwinder - The Ultimate Space Race (USA)
Steel Harbinger (Europe)	79ed3064	1172	Steel Harbinger (USA)
Steel Harbinger (USA)	004fda9b	1142	Steel Harbinger (USA)
Steel Reign (Europe)	baee95f0	1008	Steel Reign (USA)
Steel Reign (USA)	3c9c6740	981	Steel Reign (USA)
Stock Car Racer (Europe)	beb2d437	808	Stock Car Racer (Europe)
Stone Walkers (Japan)	d7ee0567	212	Stone Walkers (Japan)
Straight Victory - Hoshino Kazuyoshi e no Chousen (Japan)	2decc595	123	Straight Victory - Hoshino Kazuyoshi e no Chousen (Japan)
Stray Sheep - The Adventure of Poe & Merry (Japan)	2647f5f0	116	Stray Sheep - The Adventure of Poe & Merry (Japan)
Stray Sheep - The Adventure of Poe & Merry (Japan) (Rev 1)	5268e856	124	Stray Sheep - The Adventure of Poe & Merry (Japan)
Streak Hoverboard Racing (Europe)	60e04737	1125	Streak Hoverboard Racing (USA)
Streak Hoverboard Racing (USA)	f0a38d9e	1098	Streak Hoverboard Racing (USA)
Streak Hoverboard Racing (USA) (Beta) (1998-06-15)	d06d0170	1225	Streak Hoverboard Racing (USA)
Streak Hoverboard Racing (USA) (Beta) (1998-10-03)	714a288b	1117	Streak Hoverboard Racing (USA)
Street Boarders (Japan)	11cbc22d	2224	Street Boarders (Japan)
Street Boarders 2 (Japan)	ad8dc20a	1662	Street Boarders 2 (Japan)
Street Fighter - Real Battle on Film (Japan)	737e413e	4152	Street Fighter - The Movie (USA)
Street Fighter - The Movie (Europe)	272753ca	3882	Street Fighter - The Movie (USA)
Street Fighter - The Movie (USA)	06c9fd0e	3792	Street Fighter - The Movie (USA)
Street Fighter Alpha - Warriors' Dreams (Europe)	9380d2e5	7275	Street Fighter Alpha - Warriors' Dreams (USA)
Street Fighter Alpha - Warriors' Dreams (USA)	473c155d	7122	Street Fighter Alpha - Warriors' Dreams (USA)
Street Fighter Alpha 2 (Europe)	209bf457	237	Street Fighter Alpha 2 (USA)
Street Fighter Alpha 2 (USA)	3a1544ff	231	Street Fighter Alpha 2 (USA)
Street Fighter Alpha 2 (USA) (Rev 1)	93572194	247	Street Fighter Alpha 2 (USA)
Street Fighter Alpha 3 (Europe)	a6b8b32a	97	Street Fighter Alpha 3 (USA)
Street Fighter Alpha 3 (USA)	1db7caa6	231	Street Fighter Alpha 3 (USA)
Street Fighter Collection (Europe) (Disc 1)	55afcb8f	9918	Street Fighter Collection (USA) (Disc 1)
Street Fighter Collection (Europe) (Disc 2)	4c9ea747	261	Street Fighter Collection (USA) (Disc 1)
Street Fighter Collection (Japan) (Demo)	543ecd4c	255	Street Fighter Collection (USA) (Disc 1)
Street Fighter Collection (Japan) (Disc 1)	07646eb5	9851	Street Fighter Collection (USA) (Disc 1)
Street Fighter Collection (Japan) (Disc 2)	1cb78636	259	Street Fighter Collection (USA) (Disc 1)
Street Fighter Collection (USA) (Disc 1)	15bd13a9	9707	Street Fighter Collection (USA) (Disc 1)
Street Fighter Collection (USA) (Disc 1) (Rev 1)	4af1e61f	10278	Street Fighter Collection (USA) (Disc 1)
Street Fighter Collection (USA) (Disc 2)	29ab2e2f	250	Street Fighter Collection (USA) (Disc 1)
Street Fighter Collection (USA) (Disc 2) (Rev 1)	f4234ca2	271	Street Fighter Collection (USA) (Disc 1)
Street Fighter Collection 2 (Europe)	52607da3	242	Street Fighter Collection 2 (USA)
Street Fighter Collection 2 (USA)	8ec84477	236	Street Fighter Collection 2 (USA)
Street Fighter EX + Alpha (Europe) (Demo)	e66fe539	107	Street Fighter EX + Alpha (Europe) (Demo)
Street Fighter EX Plus Alpha (Europe)	4036a4e5	103	Street Fighter EX Plus Alpha (USA)
Street Fighter EX Plus Alpha (Japan)	21a424de	102	Street Fighter EX Plus Alpha (USA)
Street Fighter EX Plus Alpha (USA)	7030f8e1	100	Street Fighter EX Plus Alpha (USA)
Street Fighter EX2 Plus (Europe)	fd66352d	98	Street Fighter EX2 Plus (USA)
Street Fighter EX2 Plus (Japan)	ccc7f02e	97	Street Fighter EX2 Plus (USA)
Street Fighter EX2 Plus (Japan) (Demo)	0e1e11d3	104	Street Fighter EX2 Plus (USA)
Street Fighter EX2 Plus (USA)	9c29aecb	95	Street Fighter EX2 Plus (USA)
Street Fighter II Movie (Japan) (Disc 1)	ee151f60	384	Street Fighter II Movie (Japan) (Disc 1)
Street Fighter II Movie (Japan) (Disc 2)	5a4442b9	1188	Street Fighter II Movie (Japan) (Disc 1)
Street Fighter Zero (Japan)	285b88d9	6326	Street Fighter Alpha - Warriors' Dreams (USA)
Street Fighter Zero 2 (Japan)	8f5f51df	233	Street Fighter Zero 2 (Japan)
Street Fighter Zero 2 (Japan) (Demo)	9ccf7789	247	Street Fighter Zero 2 (Japan)
Street Fighter Zero 2 (Japan) (Rev 1)	1cbb1ab1	249	Street Fighter Zero 2 (Japan)
Street Fighter Zero 2' (Japan)	bdb30ef7	230	Street Fighter Zero 2' (Japan)
Street Fighter Zero 3 (Japan)	cfd90040	233	Street Fighter Alpha 3 (USA)
Street Fighter Zero 3 (Japan) (Demo)	66d03a7c	247	Street Fighter Alpha 3 (USA)
Street Games '97 (Japan)	45631c78	926	Street Games '97 (Japan)
Street Games '97 (Japan) (Demo)	c76e7d55	232	Street Games '97 (Japan)
Street Racer (Europe)	ddf036ce	1606	Street Racer (USA)
Street Racer (USA)	64cd63d0	1564	Street Racer (USA)
Street Racer Extra (Japan)	34173a80	1676	Street Racer Extra (Japan)
Street Racquetball (USA)	6bbe55fe	1291	Street Racquetball (USA)
Street Scooters (Europe) (En,Fr,De,Es,It)	5a5eea9b	1750	Street Scooters (Europe) (En,Fr,De,Es,It)
Street Scooters (Japan)	9f64cfa0	1516	Street Scooters (Europe) (En,Fr,De,Es,It)
Street Sk8er (USA)	23125bc8	2694	Street Sk8er (USA)
Street Sk8er 2 (USA)	13b0caf8	1592	Street Sk8er 2 (USA)
Street Skater (Europe) (En,Fr,De)	5875146e	3054	Street Skater (Europe) (En,Fr,De)
Street Skater 2 (Europe) (En,Fr,De)	c56c7426	1802	Street Skater 2 (Europe) (En,Fr,De)
Stressless Lesson - Les Les (Japan)	3280ab0a	3362	Stressless Lesson - Les Les (Japan)
Strider (Europe)	c4e4bfde	82	Strider (USA)
Strider (USA)	b3a4a85a	79	Strider (USA)
Strider 2 (Europe)	b7ace635	84	Strider 2 (USA)
Strider 2 (Europe) (Beta) (2000-05-30)	533b7868	104	Strider 2 (USA)
Strider 2 (USA)	54fdb3e0	81	Strider 2 (USA)
Strider Hiryuu 1 & 2 (Japan) (Demo)	c0cac7ab	101	Strider (USA)
Strider Hiryuu 1 & 2 (Japan) (Disc 1) (Strider Hiryuu)	4a2d5391	120	Strider (USA)
Strider Hiryuu 1 & 2 (Japan) (Disc 2) (Strider Hiryuu 2)	769c942c	122	Strider (USA)
Strike Force Hydra (Europe)	db488206	950	Strike Force Hydra (Europe)
Strike Point (USA)	556c61b3	766	Strike Point (USA)
Strikepoint - The Hex Missions (Europe) (En,Fr,De,Es,It)	6a91630a	1032	Strikepoint - The Hex Missions (Europe) (En,Fr,De,Es,It)
Striker - World Cup Premiere Stage (Japan)	2d7a3217	390	Striker - World Cup Premiere Stage (Japan)
Striker 96 (Europe)	e7cfc8fb	208	Striker 96 (USA)
Striker 96 (Europe) (Rev 1)	68b853ea	224	Striker 96 (USA)
Striker 96 (USA)	fee8855f	312	Striker 96 (USA)
Striker Pro 2000 (USA)	8d9ecf6f	88	Striker Pro 2000 (USA)
Strikers 1945 (Japan)	fe4eabb6	87	Strikers 1945 (USA)
Strikers 1945 (USA)	7552b8fa	85	Strikers 1945 (USA)
Strikers 1945 II (Europe)	e2720cd3	91	Strikers 1945 II (Europe)
Strikers 1945 II (Japan)	7f044f6d	218	Strikers 1945 II (Europe)
Strikers 1945 II (Korea)	a78bd40e	218	Strikers 1945 II (Europe)
Stuart Little 2 (Denmark)	a59130ce	91	Stuart Little 2 (USA)
Stuart Little 2 (Europe)	41f14a53	90	Stuart Little 2 (USA)
Stuart Little 2 (Finland)	78410c09	91	Stuart Little 2 (USA)
Stuart Little 2 (France)	67f9fb56	90	Stuart Little 2 (USA)
Stuart Little 2 (Germany)	e69023a3	91	Stuart Little 2 (USA)
Stuart Little 2 (Italy)	54d4ba75	89	Stuart Little 2 (USA)
Stuart Little 2 (Netherlands)	3ee15471	95	Stuart Little 2 (USA)
Stuart Little 2 (Norway)	90fd4fac	90	Stuart Little 2 (USA)
Stuart Little 2 (Portugal)	804db831	92	Stuart Little 2 (USA)
Stuart Little 2 (Spain)	09904bad	89	Stuart Little 2 (USA)
Stuart Little 2 (Sweden)	3e90d843	90	Stuart Little 2 (USA)
Stuart Little 2 (USA)	1862e1f3	87	Stuart Little 2 (USA)
Stuart Little 2 (USA) (Beta) (2002-04-27)	32ca65cf	107	Stuart Little 2 (USA)
Studio P (Japan)	149c940f	82	Studio P (Japan)
Study Quest - Keisan-jima no Daibouken (Japan)	4614f0cd	112	Study Quest - Keisan-jima no Daibouken (Japan)
Sub (France)	8961ed59	78	Sub (France)
Subete ga F ni Naru - The Perfect Insider (Japan)	09ff19e1	115	Subete ga F ni Naru - The Perfect Insider (Japan)
Submarine Commander (Europe)	99f74dea	94	Submarine Commander (Europe)
Submarine Hunter Shachi (Japan)	f4fc3706	97	Submarine Hunter Shachi (Japan)
Suchie-Pai Adventure - Doki Doki Nightmare (Japan) (Disc 1)	b98b7d59	288	Suchie-Pai Adventure - Doki Doki Nightmare (Japan) (Disc 1)
Suchie-Pai Adventure - Doki Doki Nightmare (Japan) (Disc 2)	ac236d61	288	Suchie-Pai Adventure - Doki Doki Nightmare (Japan) (Disc 1)
Suiko Enbu (Japan)	d8e2e16a	3146	Suiko Enbu (Japan)
Suikoden (Asia)	7d501f3f	96	Suikoden (USA)
Suikoden (Europe)	13e52ff9	98	Suikoden (USA)
Suikoden (USA)	5943e530	80	Suikoden (USA)
Suikoden (USA) (Rev 1)	af0306a7	88	Suikoden (USA)
Suikoden - Tendou Hyaku Hachi-sei (Japan)	3e912ef5	252	Suikoden - Tendou Hyaku Hachi-sei (Japan)
Suikoden - Tenmei no Chikai (Japan)	1f880de6	101	Suikoden - Tenmei no Chikai (Japan)
Suikoden II (Europe)	4b70b505	86	Suikoden II (USA)
Suikoden II (Europe) (Demo)	68b69627	108	Suikoden II (USA)
Suikoden II (France)	7bd89c70	101	Suikoden II (USA)
Suikoden II (Germany)	6492569d	87	Suikoden II (USA)
Suikoden II (Italy)	56f9aa8b	100	Suikoden II (USA)
Suikoden II (Spain)	729d6f8b	100	Suikoden II (USA)
Suikoden II (USA)	aa311fb0	83	Suikoden II (USA)
Suizokukan Project - Fish Hunter e no Michi (Japan)	49e2d3a3	272	Suizokukan Project - Fish Hunter e no Michi (Japan)
Summon Night (Japan)	b2ed8d4e	86	Summon Night (Japan)
Summon Night (Japan) (Demo)	3285a323	93	Summon Night (Japan)
Summon Night 2 (Japan) (Disc 1)	f36a4a0c	97	Summon Night 2 (Japan) (Disc 1)
Summon Night 2 (Japan) (Disc 1) (Rev 1)	d6b630db	105	Summon Night 2 (Japan) (Disc 1)
Summon Night 2 (Japan) (Disc 2)	f2376cdd	97	Summon Night 2 (Japan) (Disc 1)
Summon Night 2 (Japan) (Disc 2) (Rev 1)	3d1c7866	105	Summon Night 2 (Japan) (Disc 1)
Suna no Embrace - Edin no Sato no Navel (Japan)	3117299a	113	Suna no Embrace - Edin no Sato no Navel (Japan)
Super Adventure Rockman (Japan) (Disc 1) (Episode 1 Tsuki no Shinden)	807a0975	308	Super Adventure Rockman (Japan) (Disc 1) (Episode 1 Tsuki no Shinden)
Super Adventure Rockman (Japan) (Disc 2) (Episode 2 Shitou! Wily Numbers)	3a7d89d2	316	Super Adventure Rockman (Japan) (Disc 1) (Episode 1 Tsuki no Shinden)
Super Adventure Rockman (Japan) (Disc 3) (Episode 3 Saigo no Tatakai!!)	8b475af4	312	Super Adventure Rockman (Japan) (Disc 1) (Episode 1 Tsuki no Shinden)
Super Bass Fishing (Japan)	7a9e18d3	222	Super Bass Fishing (Japan)
Super Bass Fishing (Japan) (Fukyuuban 1500)	4bd51a48	256	Super Bass Fishing (Japan)
Super Black Bass X (Japan)	6527c1d0	1192	Super Black Bass X (Japan)
Super Blackbass X2 (Japan)	51c6dc0d	92	Black Bass with Blue Marlin (USA)
Super Bubble Pop (USA)	e6c701d4	2088	Super Bubble Pop (USA)
Super Casino Special (Japan)	4fd77726	1458	Super Casino Special (Japan)
Super Dropzone - Intergalactic Rescue Mission (Europe)	9afe7b6d	870	Super Dropzone - Intergalactic Rescue Mission (Europe)
Super Football Champ (Europe)	17eae8dd	95	Super Football Champ (Europe)
Super Football Champ (Japan)	955d39aa	94	Super Football Champ (Europe)
Super Gals! Kotobuki Ran Special - Ikemen Get You Gals Party (Japan)	9b911dc4	306	Super Gals! Kotobuki Ran Special - Ikemen Get You Gals Party (Japan)
Super Hero Sakusen (Japan)	c1adda38	462	Super Hero Sakusen (Japan)
Super Hero Sakusen (Japan) (Demo)	585d4329	363	Super Hero Sakusen (Japan)
Super Hero Sakusen - Diedal no Yabou (Japan)	e23a93e3	258	Super Hero Sakusen - Diedal no Yabou (Japan)
Super Hero Sakusen - Diedal no Yabou (Japan) (Genteiban)	88857ebc	282	Super Hero Sakusen - Diedal no Yabou (Japan)
Super Lite Best Vol. 1 - Cotton Original & Block Keeper (Korea)	95b0646a	453	SuperLite 1500 Series - Maerchen Adventure - Cotton 100% (Japan)
Super Lite Best Vol. 2 - Sanvein & Bomb Boat (Korea) (En,Ko)	dc56dc02	598	Super Lite Best Vol. 2 - Sanvein & Bomb Boat (Korea) (En,Ko)
Super Live Stadium (Japan)	eca966e5	222	Super Live Stadium (Japan)
Super Match Soccer (Europe) (En,Fr,De,Es,It)	6017c188	258	Super Match Soccer (Europe) (En,Fr,De,Es,It)
Super Pang Collection (Europe)	c023b014	7607	Super Pang Collection (Europe)
Super Pang Collection (Japan)	0b32c982	7546	Super Pang Collection (Europe)
Super Price Series - Billiards (Japan)	b76fb8d0	104	Super Price Series - Billiards (Japan)
Super Price Series - Block & Switch (Japan)	7a36f3b5	109	Super Price Series - Block & Switch (Japan)
Super Price Series - Hanafuda (Japan)	5a863f61	103	Super Price Series - Hanafuda (Japan)
Super Price Series - Mahjong (Japan)	d165145c	102	Super Price Series - Mahjong (Japan)
Super Price Series - Paipai (Japan)	c442f228	101	Super Price Series - Paipai (Japan)
Super Price Series - Reversi (Japan)	a150b225	102	Super Price Series - Reversi (Japan)
Super Puzzle Fighter II Turbo (Europe)	e3239fdb	378	Super Puzzle Fighter II Turbo (USA)
Super Puzzle Fighter II Turbo (USA)	ccab9119	369	Super Puzzle Fighter II Turbo (USA)
Super Puzzle Fighter II X (Japan)	63c2bd0e	490	Super Puzzle Fighter II X (Japan)
Super Robot Shooting (Japan)	9f6b29c5	2196	Super Robot Shooting (Japan)
Super Robot Shooting (Japan) (Genteiban)	c20a970d	2412	Super Robot Shooting (Japan)
Super Robot Taisen - Complete Box (Japan) (Disc 1) (Super Robot Wars Complete Box)	c68361e4	334	Super Robot Taisen - Complete Box (Japan) (Disc 1) (Super Robot Wars Complete Box)
Super Robot Taisen - Complete Box (Japan) (Disc 2) (History of Super Robot Wars)	50c54b6d	146	Super Robot Taisen - Complete Box (Japan) (Disc 1) (Super Robot Wars Complete Box)
Super Robot Taisen Alpha (Japan)	1e6460f0	98	Super Robot Taisen Alpha (Japan)
Super Robot Taisen Alpha (Japan) (Limited Edition)	0014dcee	116	Super Robot Taisen Alpha (Japan)
Super Robot Taisen Alpha Gaiden (Japan)	8ec372a0	105	Super Robot Taisen Alpha Gaiden (Japan)
Super Robot Taisen Alpha Gaiden (Japan) (Premium Edition)	ee787a65	123	Super Robot Taisen Alpha Gaiden (Japan)
Super Robot Taisen Alpha Gaiden (Japan) (Rev 1)	8f894d75	113	Super Robot Taisen Alpha Gaiden (Japan)
Super Robot Taisen Alpha Gaiden (Japan) (Shokai Genteiban)	8715a811	124	Super Robot Taisen Alpha Gaiden (Japan)
Super Robot Taisen EX (Japan)	967940fa	228	Super Robot Taisen EX (Japan)
Super Robot Taisen F (Japan)	1b9c1216	226	Super Robot Taisen F (Japan)
Super Robot Taisen F - Kanketsu-hen (Japan)	d24cb6e8	256	Super Robot Taisen F - Kanketsu-hen (Japan)
Super Shot Soccer (Korea)	0dc484b0	815	Super Shot Soccer (USA)
Super Shot Soccer (USA)	7dbf055d	801	Super Shot Soccer (USA)
Super Slammin' Dodgeball (Europe)	c6e73f2e	99	Super Slammin' Dodgeball (Europe)
Super Tokusatsu Taisen 2001 (Japan)	2cedf110	101	Super Tokusatsu Taisen 2001 (Japan)
SuperCross Circuit (USA)	d7106fce	1172	SuperCross Circuit (USA)
SuperCross Circuit (USA) (Demo)	a058f488	1242	SuperCross Circuit (USA)
SuperLite 1500 Series - A Ressha de Ikou 4 - Evolution Global (Japan) (En,Ja,Fr,De)	ffb1c52c	149	A Ressha de Ikou 4 - Evolution (Japan)
SuperLite 1500 Series - A Ressha de Ikou Z - Mezase! Tairiku Oudan (Japan)	34c0a9fe	1158	A5 - A Ressha de Ikou 5 (Japan, Asia)
SuperLite 1500 Series - A5 - A Ressha de Ikou 5 (Japan)	59ec105f	280	A5 - A Ressha de Ikou 5 (Japan, Asia)
SuperLite 1500 Series - Advanced V.G. (Japan)	d0d87452	2922	Advanced V.G. (Japan)
SuperLite 1500 Series - Advanced V.G. 2 (Japan)	1f403d55	264	Advanced V.G. 2 (Japan)
SuperLite 1500 Series - Angolmois 99 (Japan)	c914f615	110	SuperLite 1500 Series - Angolmois 99 (Japan)
SuperLite 1500 Series - Ano Ko Doko no Ko - Endless Season (Japan)	c7f9c53d	942	Ano Ko Doko no Ko (Japan)
SuperLite 1500 Series - Asteroids (Japan)	e3da89d5	257	SuperLite 1500 Series - Asteroids (Japan)
SuperLite 1500 Series - Asuka 120% Final - Burning Fest. Final (Japan)	23e31ed1	136	Asuka 120% Final - Burning Fest. Final (Japan)
SuperLite 1500 Series - Battle Qix (Japan)	2a8951d8	108	SuperLite 1500 Series - Battle Qix (Japan)
SuperLite 1500 Series - Battle Sugoroku the Hunter - A.R.0062 (Japan)	acc28afc	797	SuperLite 1500 Series - Battle Sugoroku the Hunter - A.R.0062 (Japan)
SuperLite 1500 Series - Bomboat (Japan)	9c3df431	248	SuperLite 1500 Series - Bomboat (Japan)
SuperLite 1500 Series - Burn Out (Japan)	a9f1ecf2	106	SuperLite 1500 Series - Burn Out (Japan)
SuperLite 1500 Series - Card II (Japan)	b46a2c79	780	SuperLite 1500 Series - Card II (Japan)
SuperLite 1500 Series - Carnage Heart (Japan)	5a2fb682	260	Carnage Heart (USA)
SuperLite 1500 Series - Carnage Heart EZ (Easy Zapping) (Japan)	b6a4d413	296	Carnage Heart EZ (Easy Zapping) (Japan)
SuperLite 1500 Series - Castrol Honda Super Bike Racing (Japan)	31304a98	1081	SuperLite 1500 Series - Castrol Honda Super Bike Racing (Japan)
SuperLite 1500 Series - Castrol Honda VTR (Japan)	683b4893	1269	SuperLite 1500 Series - Castrol Honda VTR (Japan)
SuperLite 1500 Series - Chitty Chitty Chicken (Japan)	a4ab7e3f	119	SuperLite 1500 Series - Chitty Chitty Chicken (Japan)
SuperLite 1500 Series - Crazy Balloon 2000 (Japan)	a13ce156	116	SuperLite 1500 Series - Crazy Balloon 2000 (Japan)
SuperLite 1500 Series - Crossword (Japan)	123c9007	927	SuperLite 1500 Series - Crossword (Japan)
SuperLite 1500 Series - Crossword 2 (Japan)	0dae4ca5	941	SuperLite 1500 Series - Crossword 2 (Japan)
SuperLite 1500 Series - Crossword 3 (Japan)	3f479acf	941	SuperLite 1500 Series - Crossword 3 (Japan)
SuperLite 1500 Series - Cyber Daisenryaku - Shutsugeki! Haruka-tai (Japan)	8a3d377d	822	Cyber Daisenryaku - Shutsugeki! Haruka-tai (Japan)
SuperLite 1500 Series - Deep Freeze (Japan)	a23c2eb7	941	Deep Freeze (Japan)
SuperLite 1500 Series - Densetsu-juu no Ana - Monster Complete World Ver. 2 (Japan)	405a1f41	149	Densetsu-juu no Ana - Monster Complete World Ver. 2 (Japan)
SuperLite 1500 Series - Dezaemon Kids! (Japan)	55e0d80f	112	Dezaemon Kids! (Japan)
SuperLite 1500 Series - Emmyrea (Japan)	c49a83a4	105	Emmyrea (Japan)
SuperLite 1500 Series - F1 Grand Prix 1996 - Team Un'ei Simulation (Japan)	8b012b8e	1672	F-1 Grand Prix 1996 - Team Un'ei Simulation (Japan)
SuperLite 1500 Series - Fantastic Night Dreams - Cotton Original (Japan)	61dae6a9	138	Fantastic Night Dreams - Cotton Original (Japan)
SuperLite 1500 Series - Farland Saga - Toki no Michishirube (Japan)	34f9de9c	133	Farland Saga - Toki no Michishirube (Japan)
SuperLite 1500 Series - Farland Story - Yottsu no Fuuin (Japan)	f42cf64e	767	Farland Story - Yottsu no Fuuin (Japan)
SuperLite 1500 Series - Fishing Club - Boat no Tsuri-hen (Japan)	4e1a99fe	298	SuperLite 1500 Series - Fishing Club - Boat no Tsuri-hen (Japan)
SuperLite 1500 Series - Fishing Club - Bouhatei no Tsuri-hen (Japan)	43dca16b	306	SuperLite 1500 Series - Fishing Club - Bouhatei no Tsuri-hen (Japan)
SuperLite 1500 Series - Fishing Club - Hama no Tsuri-hen (Japan)	475d8c0c	298	SuperLite 1500 Series - Fishing Club - Hama no Tsuri-hen (Japan)
SuperLite 1500 Series - Flamberge no Seirei (Japan)	cddae032	117	Flamberge no Seirei (Japan)
SuperLite 1500 Series - Game de Seishun (Japan)	752e4fb1	113	Game de Seishun (Japan)
SuperLite 1500 Series - Hanafuda II (Japan)	9cd796e0	667	SuperLite 1500 Series - Hanafuda II (Japan)
SuperLite 1500 Series - Hooockey!! (Japan)	db4c0d61	108	SuperLite 1500 Series - Hooockey!! (Japan)
SuperLite 1500 Series - Kaette kita Pachio-kun - Dream Collection (Japan)	db54ba1e	316	Kaette Kita Pachio-kun - Dream Collection (Japan)
SuperLite 1500 Series - Kaiteiban Mark Yazaki no Seiyou Senseijutsu (Japan)	86129cc9	1165	SuperLite 1500 Series - Seiyou Senseijutsu - Mark Yazaki Kanshuu (Japan)
SuperLite 1500 Series - Kaiteiban Shichuu Suimei - Mark Yazaki Kanshuu (Japan)	70e5400a	1186	SuperLite 1500 Series - Shichuu Suimei - Mark Yazaki Kanshuu (Japan)
SuperLite 1500 Series - KeePer (Japan)	9ac38304	378	SuperLite 1500 Series - KeePer (Japan)
SuperLite 1500 Series - Kouyasai - A Sherd of Youthful Memories (Japan)	9ba7f162	312	Kouyasai - A Sherd of Youthful Memories (Japan)
SuperLite 1500 Series - Lode Runner - The Legend Returns (Japan)	14300d5b	5229	Lode Runner Extra (Japan)
SuperLite 1500 Series - Lode Runner 2 (Japan)	81305fe6	4742	Lode Runner Extra (Japan)
SuperLite 1500 Series - Lunar Wing - Toki o Koeta Seisen (Japan)	19c96c71	130	Lunar Wing - Toki o Koeta Seisen (Japan)
SuperLite 1500 Series - Maerchen Adventure - Cotton 100% (Japan)	70da5777	298	SuperLite 1500 Series - Maerchen Adventure - Cotton 100% (Japan)
SuperLite 1500 Series - Mahjong II (Japan)	ff294e9b	108	SuperLite 1500 Series - Mahjong II (Japan)
SuperLite 1500 Series - Mahjong Senjutsu - Andou Mitsuru Pro no Akuukan Sappou (Japan)	ce34504d	4145	Mahjong Senjutsu - Andou Mitsuru Pro no Akuukan Sappou (Japan)
SuperLite 1500 Series - Mahjong Uranai Fortuna - Tsuki no Megamitachi (Japan)	f3242d0b	324	Mahjong Uranai Fortuna - Tsuki no Megamitachi (Japan)
SuperLite 1500 Series - Makikou (Japan)	32febbc1	105	SuperLite 1500 Series - Makikou (Japan)
SuperLite 1500 Series - Mawatte Mucho! (Japan)	5437d86c	112	Mawatte Mucho! (Japan)
SuperLite 1500 Series - Memories Off (Japan)	c2af3b0d	110	Memories Off (Japan)
SuperLite 1500 Series - Monster Complete World (Japan)	8c60fc13	120	Monster Complete World (Japan)
SuperLite 1500 Series - Naniwa Wangan Battle (Japan)	a0273afe	118	SuperLite 1500 Series - Naniwa Wangan Battle (Japan)
SuperLite 1500 Series - Neo Atlas (Japan)	a4594b98	252	Neo Atlas (Japan)
SuperLite 1500 Series - Neo Atlas II (Japan)	87bec354	110	Neo Atlas II (Japan)
SuperLite 1500 Series - Nobunaga Hiroku - Geten no Yume (Japan)	be8748af	129	Nobunaga Hiroku - Geten no Yume (Japan)
SuperLite 1500 Series - NumCro (Japan)	31a5a44e	104	SuperLite 1500 Series - NumCro (Japan)
SuperLite 1500 Series - NumCro 2 (Japan)	39ae0abb	920	SuperLite 1500 Series - NumCro 2 (Japan)
SuperLite 1500 Series - NumCro 3 (Japan)	039c0f65	920	SuperLite 1500 Series - NumCro 3 (Japan)
SuperLite 1500 Series - NumCro 4 (Japan)	a502167f	920	SuperLite 1500 Series - NumCro 4 (Japan)
SuperLite 1500 Series - Oekaki Puzzle (Japan)	b533da55	111	SuperLite 1500 Series - Oekaki Puzzle (Japan)
SuperLite 1500 Series - Oekaki Puzzle 2 (Japan)	0b1db6fb	828	SuperLite 1500 Series - Oekaki Puzzle 2 (Japan)
SuperLite 1500 Series - Oekaki Puzzle 3 (Japan)	5840d928	828	SuperLite 1500 Series - Oekaki Puzzle 3 (Japan)
SuperLite 1500 Series - Oekaki Puzzle 4 (Japan)	3ba3d050	828	SuperLite 1500 Series - Oekaki Puzzle 4 (Japan)
SuperLite 1500 Series - Oekaki Puzzle 5 (Japan)	68febf83	828	SuperLite 1500 Series - Oekaki Puzzle 5 (Japan)
SuperLite 1500 Series - Option - Tuning Car Battle Spec R (Japan)	c85424e9	1742	Option - Tuning Car Battle Spec R (Japan)
SuperLite 1500 Series - Pachi-Slot Hisshouhou! Sammy Revolution (Japan)	bc68aa9e	3302	Jissen Pachi-Slot Hisshouhou! Sammy Revolution (Japan)
SuperLite 1500 Series - Pangaea (Japan)	bc08a217	105	SuperLite 1500 Series - Pangaea (Japan)
SuperLite 1500 Series - Pao Leeming Kanshuu - Fuusui Nyuumon (Japan)	f93723b5	134	Pao Leeming Kanshuu - Fuusui Nyuumon (Japan)
SuperLite 1500 Series - Pinball - Golden Logres (Japan)	c451e416	7932	SuperLite 1500 Series - Pinball - Golden Logres (Japan)
SuperLite 1500 Series - Prismaticallization (Japan)	237d992f	117	Prismaticallization (Japan)
SuperLite 1500 Series - Qix 2000 (Japan)	2907a24d	106	SuperLite 1500 Series - Qix 2000 (Japan)
SuperLite 1500 Series - Quiz Master - Blue (Japan)	26a0b61b	1432	SuperLite 1500 Series - Quiz Master - Blue (Japan)
SuperLite 1500 Series - Quiz Master - Red (Japan)	bcff0d5d	1422	SuperLite 1500 Series - Quiz Master - Red (Japan)
SuperLite 1500 Series - Quiz Master - Yellow (Japan)	569b79f4	1452	SuperLite 1500 Series - Quiz Master - Yellow (Japan)
SuperLite 1500 Series - Reversi II (Japan)	b9e34998	798	SuperLite 1500 Series - Reversi II (Japan)
SuperLite 1500 Series - Ring of Sias (Japan)	8517cf55	110	Ring of Sias (Japan)
SuperLite 1500 Series - Sanvein (Japan)	532a2cdf	248	SuperLite 1500 Series - Sanvein (Japan)
SuperLite 1500 Series - Screen (Japan)	6ab4f1b7	246	Screen (Japan)
SuperLite 1500 Series - Seiyou Senseijutsu - Mark Yazaki Kanshuu (Japan)	b243b4e4	1144	SuperLite 1500 Series - Seiyou Senseijutsu - Mark Yazaki Kanshuu (Japan)
SuperLite 1500 Series - Shanghai - Dynasty (Japan)	26c35430	270	SuperLite 1500 Series - Shanghai - Dynasty (Japan)
SuperLite 1500 Series - Shichuu Suimei - Mark Yazaki Kanshuu (Japan)	55417bef	1116	SuperLite 1500 Series - Shichuu Suimei - Mark Yazaki Kanshuu (Japan)
SuperLite 1500 Series - Shinsei Toilet no Hanako-san (Japan)	6a92eb7a	126	SuperLite 1500 Series - Shinsei Toilet no Hanako-san (Japan)
SuperLite 1500 Series - Shougi II (Japan)	61dc8732	927	SuperLite 1500 Series - Shougi II (Japan)
SuperLite 1500 Series - Slither Link (Japan)	c4f869cc	948	SuperLite 1500 Series - Slither Link (Japan)
SuperLite 1500 Series - Space Chaser 2000 (Japan)	50af363a	115	SuperLite 1500 Series - Space Chaser 2000 (Japan)
SuperLite 1500 Series - StarSweep (Japan)	e5e72fbf	252	SuperLite 1500 Series - StarSweep (Japan)
SuperLite 1500 Series - Strikers 1945 II (Japan)	d80f588d	114	SuperLite 1500 Series - Strikers 1945 II (Japan)
SuperLite 1500 Series - Super Casino Special (Japan)	002ed7de	1746	Super Casino Special (Japan)
SuperLite 1500 Series - Suudoku (Japan)	01d321fa	105	SuperLite 1500 Series - Suudoku (Japan)
SuperLite 1500 Series - Suudoku 2 (Japan)	9761be56	792	SuperLite 1500 Series - Suudoku 2 (Japan)
SuperLite 1500 Series - Suudoku 3 (Japan)	8740a994	792	SuperLite 1500 Series - Suudoku 3 (Japan)
SuperLite 1500 Series - Suudoku 4 (Japan)	f7a7ceda	792	SuperLite 1500 Series - Suudoku 4 (Japan)
SuperLite 1500 Series - Suudoku 5 (Japan)	e786d918	792	SuperLite 1500 Series - Suudoku 5 (Japan)
SuperLite 1500 Series - Tenant Wars Alpha - SuperLite 1500 Version (Japan)	df6832ea	140	Tenant Wars (Japan)
SuperLite 1500 Series - The Curling (Japan)	7a1b40a1	1362	SuperLite 1500 Series - The Curling (Japan)
SuperLite 1500 Series - The FamiRes (Japan)	10516957	109	Famires, The (Japan)
SuperLite 1500 Series - The Game Maker (Japan)	05f464ef	112	SuperLite 1500 Series - The Game Maker (Japan)
SuperLite 1500 Series - The Tetris (Japan)	f869c6b7	108	SuperLite 1500 Series - The Tetris (Japan)
SuperLite 1500 Series - Tower Dream 2 (Japan)	621f3958	4742	Tower Dream 2 (Japan)
SuperLite 1500 Series - Uno (Japan)	6afa4930	627	Uno (Japan)
SuperLite 1500 Series - Wizard's Harmony (Japan)	d301943d	692	Wizard's Harmony (Japan)
SuperLite 1500 Series - Wizard's Harmony 2 (Japan)	cdd9155c	558	Wizard's Harmony 2 (Japan, Asia)
SuperLite 1500 Series - Wizard's Harmony R (Japan)	f1be8e27	846	Wizard's Harmony R (Japan)
SuperLite 1500 Series - Yoshimoto Mahjong Club (Japan)	637b36f8	1018	Yoshimoto Mahjong Club Deluxe (Japan)
SuperLite 3in1 Series - Arcade Classic-shuu (Japan)	9b4801a0	117	SuperLite 3in1 Series - Arcade Classic-shuu (Japan)
SuperLite 3in1 Series - Board Game-shuu (Japan)	a787329b	687	SuperLite 3in1 Series - Board Game-shuu (Japan)
SuperLite 3in1 Series - Card Game-shuu (Japan)	47fce849	1392	SuperLite 3in1 Series - Card Game-shuu (Japan)
SuperLite 3in1 Series - Crossword-shuu (Japan)	fa9a6b94	962	SuperLite 3in1 Series - Crossword-shuu (Japan)
SuperLite 3in1 Series - NumCro-shuu (Japan)	8a6f633f	941	SuperLite 3in1 Series - NumCro-shuu (Japan)
SuperLite 3in1 Series - Oekaki Puzzle-shuu (Japan)	19a720c4	846	SuperLite 3in1 Series - Oekaki Puzzle-shuu (Japan)
SuperLite 3in1 Series - Quiz-shuu (Japan)	2cefd071	1342	SuperLite 3in1 Series - Quiz-shuu (Japan)
SuperLite 3in1 Series - Suudoku-shuu (Japan)	cff5d664	948	SuperLite 3in1 Series - Suudoku-shuu (Japan)
SuperLite 3in1 Series - Tsuri-shuu (Japan)	9a6aa074	254	SuperLite 3in1 Series - Tsuri-shuu (Japan)
SuperLite Gold Series - Minna no Chess (Japan)	92bfebb0	112	SuperLite Gold Series - Minna no Chess (Japan)
SuperLite Gold Series - Minna no Igo (Japan)	22b5f5ba	110	SuperLite Gold Series - Minna no Igo (Japan)
SuperLite Gold Series - Minna no Mahjong (Japan)	ca29b00c	266	SuperLite Gold Series - Minna no Mahjong (Japan)
SuperLite Gold Series - Minna no Othello (Japan)	9747e604	266	SuperLite Gold Series - Minna no Othello (Japan)
SuperLite Gold Series - Minna no Shougi - Chuukyuu-hen (Japan)	92c8cb50	294	SuperLite Gold Series - Minna no Shougi - Chuukyuu-hen (Japan)
SuperLite Gold Series - Minna no Shougi - Joukyuu-hen (Japan)	ca514f08	292	SuperLite Gold Series - Minna no Shougi - Joukyuu-hen (Japan)
SuperLite Gold Series - Minna no Shougi - Shokyuu-hen (Japan)	106e7be1	292	SuperLite Gold Series - Minna no Shougi - Shokyuu-hen (Japan)
SuperLite Gold Series - Otenami Haiken (Japan)	3a97671b	112	SuperLite Gold Series - Otenami Haiken (Japan)
SuperLite Gold Series - Wizardry - Llylgamyn Saga (Japan)	770b2a58	123	Wizardry - Llylgamyn Saga (Japan) (En,Ja)
SuperLite Gold Series - Wizardry - New Age of Llylgamyn (Japan)	723a8dfb	301	Wizardry - New Age of Llylgamyn (Japan) (En,Ja)
Superbike Masters (Europe)	be4cdceb	1434	Superbike Masters (Europe)
Superman (USA) (Proto) (1999-10-29)	b1dfb296	101	Superman (USA) (Proto) (1999-10-29)
Supersonic Racers (Europe) (En,Fr,De,Es,It)	8779971e	3708	Dare Devil Derby 3D (USA)
Superstar Dance Club - 1 Hits!!! (Europe) (En,Fr,De,Es,It)	a6c2b91d	124	Superstar Dance Club - 1 Hits!!! (USA)
Superstar Dance Club - 1 Hits!!! (USA)	82bd069c	104	Superstar Dance Club - 1 Hits!!! (USA)
Surf Riders (Europe)	15754e46	1822	Surf Riders (USA)
Surf Riders (USA)	70d74fa7	1774	Surf Riders (USA)
Susume! Kaizoku - Be Pirates! (Japan)	c37d8a50	244	Susume! Kaizoku - Be Pirates! (Japan)
Susume! Kaizoku - Be Pirates! (Japan) (Demo)	96ec35fd	258	Susume! Kaizoku - Be Pirates! (Japan)
Susume! Taisen Puzzle-dama (Japan)	376e2c0e	5310	Susume! Taisen Puzzle-dama (Japan)
Suzu Monogatari (Japan)	4ac5b039	89	Suzu Monogatari (Japan)
Suzuki Alstare Challenge (France)	8a06d4e5	998	Suzuki Alstare Challenge (France)
Suzuki Bakuhatsu (Japan)	386c291b	90	Suzuki Bakuhatsu (Japan)
Suzuki Bakuhatsu (Japan) (Demo)	cf87f9b6	97	Suzuki Bakuhatsu (Japan)
Sven-Goeran Eriksson's World Challenge (Europe)	749bb53f	113	Sven-Goeran Eriksson's World Challenge (Europe)
Sven-Goeran Eriksson's World Manager (Europe)	bebe4e79	111	Sven-Goeran Eriksson's World Manager (Europe)
Swagman (Europe) (En,Fr,De)	840b9e3e	1568	Swagman (USA)
Swagman (Europe) (En,Fr,De) (Beta) (1997-05-19)	8419db16	1828	Swagman (USA)
Swagman (Europe) (En,Fr,De) (Demo)	cedc9b4b	622	Swagman (USA)
Swagman (USA)	04c50898	1386	Swagman (USA)
Swing (Europe) (En,Fr,De)	8c31e2ac	220	Swing (Europe) (En,Fr,De)
Swing (Germany)	da4d990b	1302	Swing (Europe) (En,Fr,De)
Sword of Camelot, The (Europe) (En,Fr,De,Nl)	31419c14	110	Sword of Camelot, The (Europe) (En,Fr,De,Nl)
Sydney 2000 (Australia)	6d479314	1035	Sydney 2000 (USA)
Sydney 2000 (Europe)	4d614e6f	1008	Sydney 2000 (USA)
Sydney 2000 (France)	99eca666	1008	Sydney 2000 (USA)
Sydney 2000 (Germany)	319201cb	1017	Sydney 2000 (USA)
Sydney 2000 (Italy)	b9f11c36	999	Sydney 2000 (USA)
Sydney 2000 (Japan)	f336ef39	1122	Sydney 2000 (USA)
Sydney 2000 (Spain)	29297e6a	999	Sydney 2000 (USA)
Sydney 2000 (USA)	7adc9558	981	Sydney 2000 (USA)
Syndicate Wars (Europe) (En,Fr,Es,It,Sv)	5cb80b30	250	Syndicate Wars (USA)
Syndicate Wars (Germany)	d0ad83e7	218	Syndicate Wars (USA)
Syndicate Wars (USA)	e8aace6d	86	Syndicate Wars (USA)
Syphon Filter (Europe, Australia)	a186ff1d	99	Syphon Filter (USA)
Syphon Filter (France)	795bb7e5	88	Syphon Filter (USA)
Syphon Filter (Germany)	b4e663d9	89	Syphon Filter (USA)
Syphon Filter (Italy)	f76a61e7	87	Syphon Filter (USA)
Syphon Filter (Japan)	9e854f0d	87	Syphon Filter (USA)
Syphon Filter (Japan) (Demo)	58e05f72	94	Syphon Filter (USA)
Syphon Filter (Spain)	aa2e903f	87	Syphon Filter (USA)
Syphon Filter (USA)	ae178930	85	Syphon Filter (USA)
Syphon Filter (USA) (Demo)	0d08ea98	92	Syphon Filter (USA)
Syphon Filter (USA) (Rev 1)	8e1ee69a	93	Syphon Filter (USA)
Syphon Filter 2 (Europe) (Disc 1) (Beta) (2000-02-18)	417c1785	119	Syphon Filter 2 (USA) (Disc 1)
Syphon Filter 2 (Europe) (Disc 1) (Rev 1)	3a6c62d5	107	Syphon Filter 2 (USA) (Disc 1)
Syphon Filter 2 (Europe) (Disc 2)	96f42a44	99	Syphon Filter 2 (USA) (Disc 1)
Syphon Filter 2 (Europe) (Disc 2) (Beta) (2000-02-18)	c1af320b	119	Syphon Filter 2 (USA) (Disc 1)
Syphon Filter 2 (Europe) (Disc 2) (Rev 1)	d1c62a68	107	Syphon Filter 2 (USA) (Disc 1)
Syphon Filter 2 (Europe, Australia) (Disc 1)	12bd794f	110	Syphon Filter 2 (USA) (Disc 1)
Syphon Filter 2 (France) (Disc 1)	257837af	99	Syphon Filter 2 (USA) (Disc 1)
Syphon Filter 2 (France) (Disc 1) (Rev 1)	37604836	107	Syphon Filter 2 (USA) (Disc 1)
Syphon Filter 2 (France) (Disc 2)	2425117e	99	Syphon Filter 2 (USA) (Disc 1)
Syphon Filter 2 (France) (Disc 2) (Rev 1)	dcca008b	107	Syphon Filter 2 (USA) (Disc 1)
Syphon Filter 2 (Germany) (Disc 1)	08b1aa98	100	Syphon Filter 2 (USA) (Disc 1)
Syphon Filter 2 (Germany) (Disc 1) (EDC)	088d1521	106	Syphon Filter 2 (USA) (Disc 1)
Syphon Filter 2 (Germany) (Disc 2)	09ec8c49	100	Syphon Filter 2 (USA) (Disc 1)
Syphon Filter 2 (Italy) (Disc 1)	101f4ca6	98	Syphon Filter 2 (USA) (Disc 1)
Syphon Filter 2 (Italy) (Disc 1) (Rev 1)	ba70dfd8	106	Syphon Filter 2 (USA) (Disc 1)
Syphon Filter 2 (Italy) (Disc 2)	11426a77	98	Syphon Filter 2 (USA) (Disc 1)
Syphon Filter 2 (Italy) (Disc 2) (Rev 1)	51da9765	106	Syphon Filter 2 (USA) (Disc 1)
Syphon Filter 2 (USA) (Demo)	dad1c921	94	Syphon Filter 2 (USA) (Disc 1)
Syphon Filter 2 (USA) (Disc 1)	132ec584	96	Syphon Filter 2 (USA) (Disc 1)
Syphon Filter 2 (USA) (Disc 2)	1273e355	96	Syphon Filter 2 (USA) (Disc 1)
Syphon Filter 2 (USA) (Disc 2) (Beta) (2000-01-11)	97490a53	116	Syphon Filter 2 (USA) (Disc 1)
Syphon Filter 2 - Conspiracion Mortal (Spain) (Disc 1)	ee55f2a4	120	Syphon Filter 2 - Conspiracion Mortal (Spain) (Disc 1)
Syphon Filter 2 - Conspiracion Mortal (Spain) (Disc 1) (Rev 1)	d1d82b6e	128	Syphon Filter 2 - Conspiracion Mortal (Spain) (Disc 1)
Syphon Filter 2 - Conspiracion Mortal (Spain) (Disc 2)	ef08d475	120	Syphon Filter 2 - Conspiracion Mortal (Spain) (Disc 1)
Syphon Filter 2 - Conspiracion Mortal (Spain) (Disc 2) (Rev 1)	3a7263d3	128	Syphon Filter 2 - Conspiracion Mortal (Spain) (Disc 1)
Syphon Filter 3 (Europe) (Beta) (2001-09-03)	7a816cf7	110	Syphon Filter 3 (USA)
Syphon Filter 3 (Europe, Australia)	c7f4dd8d	101	Syphon Filter 3 (USA)
Syphon Filter 3 (France)	3bbae4b9	90	Syphon Filter 3 (USA)
Syphon Filter 3 (Germany)	d6799f55	91	Syphon Filter 3 (USA)
Syphon Filter 3 (Italy)	a4a151ce	89	Syphon Filter 3 (USA)
Syphon Filter 3 (USA)	0ac7d978	87	Syphon Filter 3 (USA)
Syphon Filter 3 (USA) (Demo)	3d9e287a	94	Syphon Filter 3 (USA)
Syphon Filter 3 - Sentencia Final (Spain)	baced243	107	Syphon Filter 3 - Sentencia Final (Spain)
Syphon Filter 3 - Sentencia Final (Spain) (Demo)	ed5f05fa	114	Syphon Filter 3 - Sentencia Final (Spain)
T kara Hajimaru Monogatari (Japan)	ffc28479	366	T kara Hajimaru Monogatari (Japan)
T'ai Fu - Die Rache des Tigers (Germany)	6abd71c0	2142	T'ai Fu - Die Rache des Tigers (Germany)
T'ai Fu - Wrath of the Tiger (Europe)	3afda5b7	2094	T'ai Fu - Wrath of the Tiger (USA)
T'ai Fu - Wrath of the Tiger (Europe) (Demo)	da050e1b	258	T'ai Fu - Wrath of the Tiger (USA)
T'ai Fu - Wrath of the Tiger (France)	7fd203cf	2094	T'ai Fu - Wrath of the Tiger (USA)
T'ai Fu - Wrath of the Tiger (Italy)	81b7d785	2078	T'ai Fu - Wrath of the Tiger (USA)
T'ai Fu - Wrath of the Tiger (USA)	6b23524c	2046	T'ai Fu - Wrath of the Tiger (USA)
T.R.A.G. - Mission of Mercy (USA)	f972fa1f	99	T.R.A.G. - Mission of Mercy (USA)
TFX - Tactical Fighter eXperiment (Japan)	0cfd6193	2022	TFX - Tactical Fighter eXperiment (Japan)
TIZ - Tokyo Insect Zoo (Japan)	6b6d1d6a	478	TIZ - Tokyo Insect Zoo (Japan)
TIZ - Tokyo Insect Zoo (Japan) (Demo)	9d3cf0a0	375	TIZ - Tokyo Insect Zoo (Japan)
TNN Motor Sports HardCore 4X4 (USA)	9f6e29c5	1014	TNN Motor Sports HardCore 4X4 (USA)
TNN Motorsports HardCore TR (USA)	93330012	1390	TNN Motorsports HardCore TR (USA)
TOCA 2 - Touring Car Challenge (USA) (En,Fr,Es)	a33b9afd	264	TOCA 2 - Touring Car Challenge (USA) (En,Fr,Es)
TOCA 2 Touring Cars (Europe) (En,Fr,De)	7224e08e	248	TOCA 2 Touring Cars (Europe) (Es,It)
TOCA 2 Touring Cars (Europe) (En,Fr,De) (Rev 1)	e1566805	264	TOCA 2 Touring Cars (Europe) (Es,It)
TOCA 2 Touring Cars (Europe) (Es,It)	98a43945	242	TOCA 2 Touring Cars (Europe) (Es,It)
TOCA Championship Racing (USA) (En,Es)	7df75c80	1038	TOCA Championship Racing (USA) (En,Es)
TOCA Touring Car Championship (Europe) (En,Fr,De,Es,It)	7b391199	1174	TOCA Touring Car Championship (Europe) (En,Fr,De,Es,It)
TOCA Touring Car Championship (Europe) (En,Fr,De,Es,It) (Beta) (1997-09-29)	55a85a96	1334	TOCA Touring Car Championship (Europe) (En,Fr,De,Es,It)
TOCA Touring Car Championship (Europe) (En,Fr,De,Es,It) (Rev 1)	3e29c733	1238	TOCA Touring Car Championship (Europe) (En,Fr,De,Es,It)
TOCA Touring Car Championship (Japan)	c80103b7	1030	TOCA Touring Car Championship (Europe) (En,Fr,De,Es,It)
TOCA Touring Car Championship (Japan) (Demo)	aba03a39	810	TOCA Touring Car Championship (Europe) (En,Fr,De,Es,It)
TOCA World Touring Cars (Europe) (En,Fr,De)	0352da1c	109	TOCA World Touring Cars (Europe) (Es,It)
TOCA World Touring Cars (Europe) (Es,It)	6e0a8bf7	106	TOCA World Touring Cars (Europe) (Es,It)
TRL - The Rail Loaders (Japan)	faaf759d	1732	TRL - The Rail Loaders (Japan)
TV Animation X - Unmei no Sentaku (Japan)	372e3d47	252	TV Animation X - Unmei no Sentaku (Japan)
Tactical Armor Custom Gasaraki (Japan)	f32912a6	104	Tactical Armor Custom Gasaraki (Japan)
Tactics Ogre (USA)	3e6f51fe	318	Tactics Ogre (USA)
Tactics Ogre - Let Us Cling Together (Japan)	f82bea16	396	Tactics Ogre - Let Us Cling Together (Japan)
Tadaima Wakusei Kaitaku-chuu! (Japan)	4b77f3f1	103	Tadaima Wakusei Kaitaku-chuu! (Japan)
Taiho Shichau zo - You're Under Arrest (Japan) (Disc 1)	834d8dc8	121	Taiho Shichau zo - You're Under Arrest (Japan) (Disc 1)
Taiho Shichau zo - You're Under Arrest (Japan) (Disc 1) (Shokai Genteiban)	86a6882e	140	Taiho Shichau zo - You're Under Arrest (Japan) (Disc 1)
Taiho Shichau zo - You're Under Arrest (Japan) (Disc 2)	8210ab19	121	Taiho Shichau zo - You're Under Arrest (Japan) (Disc 1)
Taiho Shichau zo - You're Under Arrest (Japan) (Disc 2) (Shokai Genteiban)	30e4cdbb	140	Taiho Shichau zo - You're Under Arrest (Japan) (Disc 1)
Taiketsu Rumiizu! Meruhen Land (Japan)	8bafe86e	2908	Taiketsu Rumiizu! Meruhen Land (Japan)
Taikou Risshiden II (Japan)	95ea134c	224	Taikou Risshiden II (Japan)
Taikou Risshiden II (Japan) (Rev 1)	13e879f4	240	Taikou Risshiden II (Japan)
Taikou Risshiden III (Japan)	d5ea061c	94	Taikou Risshiden III (Japan)
Taikou Risshiden III (Japan) (Rev 1)	7997d081	102	Taikou Risshiden III (Japan)
Taikyoku Igo - Heisei Kiin (Japan)	d1b07b59	6174	Taikyoku Igo - Heisei Kiin (Japan)
Taikyoku Igo - Shinzui Gosennin (Japan)	6355b883	647	Taikyoku Igo - Shinzui Gosennin (Japan)
Taikyoku Igo - Shinzui Gosennin - Nigou (Japan)	c26e71c1	828	Taikyoku Igo - Shinzui Gosennin - Nigou (Japan)
Taikyoku Shougi - Kiwame (Japan)	b47eb16a	98	Taikyoku Shougi - Kiwame (Japan)
Tail Concerto (France)	9f963dbe	88	Tail Concerto (USA)
Tail Concerto (Japan)	30531542	87	Tail Concerto (USA)
Tail Concerto (USA)	8883164c	208	Tail Concerto (USA)
Tail Concerto (USA) (Demo)	baa13ec1	222	Tail Concerto (USA)
Tail of the Sun (USA)	8844f867	1258	Tail of the Sun (USA)
Taisen Ren'ai Simulation - Trifers Mahou Gakuen (Japan)	f225dcc8	121	Taisen Ren'ai Simulation - Trifers Mahou Gakuen (Japan)
Taiyo no Otsuge (Japan)	448298e7	2224	Taiyo no Otsuge (Japan)
Taiyou no Shippo - Wild, Pure, Simple Life (Japan)	533a19c7	270	Taiyou no Shippo - Wild, Pure, Simple Life (Japan)
Taklamakan - Tonkou Denki (Japan)	b354a61d	1390	Taklamakan - Tonkou Denki (Japan)
Tales of Destiny (Japan)	8001e61b	218	Tales of Destiny (USA)
Tales of Destiny (Japan) (Preview Edition by Namco)	350ab08a	707	Tales of Destiny (USA)
Tales of Destiny (Japan) (Preview Edition by Namco) (Famitsuu Version)	191cbee2	966	Tales of Destiny (USA)
Tales of Destiny (Japan) (Rev 1)	75380219	234	Tales of Destiny (USA)
Tales of Destiny (USA)	aebb7c2d	214	Tales of Destiny (USA)
Tales of Destiny II (USA) (Disc 1)	330f941c	238	Tales of Destiny II (USA) (Disc 1)
Tales of Destiny II (USA) (Disc 2)	89d87eeb	238	Tales of Destiny II (USA) (Disc 1)
Tales of Destiny II (USA) (Disc 3)	56ba2579	238	Tales of Destiny II (USA) (Disc 1)
Tales of Eternia (Japan) (Demo)	0f43dadd	232	Tales of Eternia (Japan) (Disc 1)
Tales of Eternia (Japan) (Disc 1)	0c32fb9f	236	Tales of Eternia (Japan) (Disc 1)
Tales of Eternia (Japan) (Disc 1) (Premium Box)	9d4288ca	264	Tales of Eternia (Japan) (Disc 1)
Tales of Eternia (Japan) (Disc 2)	59d2e033	236	Tales of Eternia (Japan) (Disc 1)
Tales of Eternia (Japan) (Disc 2) (Premium Box)	b2871599	264	Tales of Eternia (Japan) (Disc 1)
Tales of Eternia (Japan) (Disc 3)	dc5deb68	236	Tales of Eternia (Japan) (Disc 1)
Tales of Eternia (Japan) (Disc 3) (Premium Box)	a83b9ea8	264	Tales of Eternia (Japan) (Disc 1)
Tales of Fandom Vol. 1 - Cless Version (Japan)	dc82f27e	112	Tales of Fandom Vol. 1 - Mint Version (Japan)
Tales of Fandom Vol. 1 - Mint Version (Japan)	031c59ab	111	Tales of Fandom Vol. 1 - Mint Version (Japan)
Tales of Phantasia (Japan)	24f5f1b3	92	Tales of Phantasia (Japan)
Tales of Phantasia (Japan) (Demo)	837757bb	99	Tales of Phantasia (Japan)
Tall - Infinity (USA)	5111bf56	87	Tall - Infinity (USA)
Tall - Twins Tower (Japan)	8a60371d	92	Tall - Twins Tower (Japan)
Tall Unlimited (Japan)	f62460b8	88	Tall Unlimited (Japan)
Tall Unlimited (Japan) (Major Wave)	34c8a677	101	Tall Unlimited (Japan)
Tama - Adventurous Ball in Giddy Labyrinth (Japan)	093079cf	2012	Tama - Adventurous Ball in Giddy Labyrinth (Japan)
Tamago de Puzzle (Japan)	5c130655	218	Tamago de Puzzle (Japan)
Tamago de Puzzle (Japan) (Demo)	d32c9aaf	232	Tamago de Puzzle (Japan)
Tamamayu Monogatari (Japan)	c5f834df	93	Jade Cocoon - Story of the Tamamayu (USA)
Tamamayu Monogatari (Japan) (PlayStation the Best)	0f551969	116	Jade Cocoon - Story of the Tamamayu (USA)
Tanaka Torahiko no Ultra-ryuu Shougi - Ibisha Anaguma-hen (Japan)	90ae6182	300	Tanaka Torahiko no Ultra-ryuu Shougi - Ibisha Anaguma-hen (Japan)
Tank Racer (Europe) (Demo)	9aa49193	342	Tank Racer (Europe) (En,Fr,De,Es,It)
Tank Racer (Europe) (En,Fr,De,Es,It)	895a0613	1423	Tank Racer (Europe) (En,Fr,De,Es,It)
Tanoshii Mahjong (Japan)	cd1222bc	3671	Tanoshii Mahjong (Japan)
Tantei Jinguuji Saburou - Early Collection (Japan)	ec4fc0bc	116	Tantei Jinguuji Saburou - Early Collection (Japan)
Tantei Jinguuji Saburou - Early Collection (Japan) (Fukyuuban)	1cb93f8e	128	Tantei Jinguuji Saburou - Early Collection (Japan)
Tantei Jinguuji Saburou - Mikan no Report (Japan)	545db73b	268	Tantei Jinguuji Saburou - Mikan no Report (Japan)
Tantei Jinguuji Saburou - Mikan no Report (Japan) (Fukyuuban)	3002cf4a	292	Tantei Jinguuji Saburou - Mikan no Report (Japan)
Tantei Jinguuji Saburou - Tomoshibi ga Kienu Ma ni (Japan)	c2aaadf7	124	Tantei Jinguuji Saburou - Tomoshibi ga Kienu Ma ni (Japan)
Tantei Jinguuji Saburou - Tomoshibi ga Kienu Ma ni (Japan) (Fukyuuban)	5df0684b	136	Tantei Jinguuji Saburou - Tomoshibi ga Kienu Ma ni (Japan)
Tantei Jinguuji Saburou - Yume no Owari ni (Japan)	5fa5d20e	116	Tantei Jinguuji Saburou - Yume no Owari ni (Japan)
Tantei Jinguuji Saburou - Yume no Owari ni (Japan) (Fukyuuban)	23dfe41f	128	Tantei Jinguuji Saburou - Yume no Owari ni (Japan)
Taregoro - Tarepanda no Iru Nichijou (Japan)	e0b175ea	258	Taregoro - Tarepanda no Iru Nichijou (Japan)
Tasogare no Ode (Japan)	afb76678	89	Tasogare no Ode (Japan)
Tatsunoko Fight (Japan)	dd8e9bb9	216	Tatsunoko Fight (Japan)
Taxi 2 (France) (En,Fr)	8f0ae066	1162	Taxi 2 (France) (En,Fr)
Team Buddies (Europe) (En,Es,It)	40e6d4a7	98	Team Buddies (USA)
Team Buddies (Europe) (En,Fr,De)	374b2c11	98	Team Buddies (USA)
Team Buddies (USA)	783112a2	206	Team Buddies (USA)
Team Losi RC Racer (USA)	1bb14479	1291	Team Losi RC Racer (USA)
Techno BB (Japan)	91dc60c9	1998	Techno BB (Japan)
TechnoMage - De Terugkeer der Eeuwigheid (Netherlands)	5fa9cd4f	120	TechnoMage - Return of Eternity (Europe)
TechnoMage - Die Rueckkehr der Ewigkeit (Germany)	cf387233	115	TechnoMage - Die Rueckkehr der Ewigkeit (Germany)
TechnoMage - El Retorno de la Eternidad (Spain)	d32661dc	113	TechnoMage - El Retorno de la Eternidad (Spain)
TechnoMage - En Quete de L'Eternite (France)	c17633fb	110	TechnoMage - En Quete de L'Eternite (France)
TechnoMage - Return of Eternity (Europe)	6ed71521	106	TechnoMage - Return of Eternity (Europe)
TechnoMage - Ritorno all'Eternita (Italy)	3cbf68ca	107	TechnoMage - Return of Eternity (Europe)
Tecmo Stackers (USA)	f91f1fdd	1477	Tecmo Stackers (USA)
Tecmo Super Bowl (Japan)	93643703	218	Tecmo Super Bowl (USA)
Tecmo Super Bowl (USA)	572ee0c2	214	Tecmo Super Bowl (USA)
Tecmo World Golf - Japan (USA)	a16fa0e2	96	Tecmo World Golf - Japan (USA)
Tecmo's Deception - Invitation to Darkness (USA)	0d97d78c	266	Tecmo's Deception - Invitation to Darkness (USA)
Teitoku no Ketsudan II (Japan)	59f77e41	230	Teitoku no Ketsudan II (Japan)
Teitoku no Ketsudan III (Japan)	d18b2604	232	Teitoku no Ketsudan III (Japan)
Teitoku no Ketsudan III with Power-Up Kit (Japan)	b44d5a5f	115	Teitoku no Ketsudan III (Japan)
Tekken (Europe)	7e849ce6	3062	Tekken (USA)
Tekken (Japan)	2f0e1ac8	2925	Tekken (USA)
Tekken (Japan) (Rev 1)	eb7bf84b	3258	Tekken (USA)
Tekken (USA)	f7001c1d	2978	Tekken (USA)
Tekken 2 & Fade to Black & F1 & V-CD (Europe, Australia)	dc3d4b75	282	Tekken 2 & Fade to Black & F1 & V-CD (Europe, Australia)
Tekken 2 (Europe)	2a6e7d48	315	Tekken 2 (USA)
Tekken 2 (Europe) (EDC)	0d192bb7	333	Tekken 2 (USA)
Tekken 2 (Japan)	08440b2b	312	Tekken 2 (USA)
Tekken 2 (Japan) (Rev 1)	3e96c4f4	336	Tekken 2 (USA)
Tekken 2 (USA)	7b45c1a8	306	Tekken 2 (USA)
Tekken 2 (USA) (Rev 1)	0908bc3f	330	Tekken 2 (USA)
Tekken 2 + Fade to Black + V-CD (France)	8040fb4e	250	Tekken 2 (USA)
Tekken 3 (Europe) (Alt)	0611087b	333	Tekken 3 (USA)
Tekken 3 (Europe, Australia)	6eb8c11b	348	Tekken 3 (USA)
Tekken 3 (France) (Demo)	c12e152b	218	Tekken 3 (USA)
Tekken 3 (Japan) (Rev 1)	141ef229	336	Tekken 3 (USA)
Tekken 3 (Japan, Asia)	221e3002	330	Tekken 3 (USA)
Tekken 3 (USA)	7b45fae0	306	Tekken 3 (USA)
Tekkyuu - True Pinball (Japan)	e2f3d17d	6232	Tekkyuu - True Pinball (Japan)
Telefoot Manager (France)	bd87dce5	220	Telefoot Manager (France)
Tempest X3 (Europe)	51e0bfd1	85	Tempest X3 (USA)
Tempest X3 (USA)	7d157df1	82	Tempest X3 (USA)
Ten Pin Alley (Europe)	677ba19e	2556	Ten Pin Alley (USA)
Ten Pin Alley (USA)	bd7f8d2f	2490	Ten Pin Alley (USA)
Ten made Jack - Odoroki Mamenoki Daitoubou!! (Japan)	b2b73dd4	274	Ten made Jack - Odoroki Mamenoki Daitoubou!! (Japan)
Tenant Wars (Japan)	9889d0da	85	Tenant Wars (Japan)
Tenchi Muyou! Toukou Muyou (Japan) (Disc 1)	cacd20e2	256	Tenchi Muyou! Toukou Muyou (Japan) (Disc 1)
Tenchi Muyou! Toukou Muyou (Japan) (Disc 2)	c5d9e107	256	Tenchi Muyou! Toukou Muyou (Japan) (Disc 1)
Tenchi o Kurau II - Sekiheki no Tatakai (Japan)	88795c47	5946	Tenchi o Kurau II - Sekiheki no Tatakai (Japan)
Tenchu - Stealth Assassins (Europe) (En,Fr,It)	5cd54a34	112	Tenchu - Stealth Assassins (USA)
Tenchu - Stealth Assassins (Europe) (En,Fr,It) (Demo)	d181c706	119	Tenchu - Stealth Assassins (USA)
Tenchu - Stealth Assassins (USA)	1b35fea7	98	Tenchu - Stealth Assassins (USA)
Tenchu - Stealth Assassins (USA) (Rev 1)	10d7968e	106	Tenchu - Stealth Assassins (USA)
Tenchu 2 - Birth of the Stealth Assassins (Europe)	55fc8bfa	116	Tenchu 2 - Birth of the Stealth Assassins (USA)
Tenchu 2 - Birth of the Stealth Assassins (France)	73f43aff	116	Tenchu 2 - Birth of the Stealth Assassins (USA)
Tenchu 2 - Birth of the Stealth Assassins (Germany)	498e352e	117	Tenchu 2 - Birth of the Stealth Assassins (USA)
Tenchu 2 - Birth of the Stealth Assassins (Italy)	58495c69	115	Tenchu 2 - Birth of the Stealth Assassins (USA)
Tenchu 2 - Birth of the Stealth Assassins (Spain)	050dadb1	115	Tenchu 2 - Birth of the Stealth Assassins (USA)
Tenchu 2 - Birth of the Stealth Assassins (USA)	511cb849	113	Tenchu 2 - Birth of the Stealth Assassins (USA)
Tenga Seiha (Japan)	f18355ae	85	Tenga Seiha (Japan)
Tenka Touitsu (Japan)	22c74e76	87	Tenka Touitsu (Japan)
Tenka Touitsu (Japan) (Rev 1)	0e7ecd49	95	Tenka Touitsu (Japan)
Tenkuu no Escaflowne (Japan)	fb0cb887	226	Tenkuu no Escaflowne (Japan)
Tenkuu no Escaflowne (Japan) (Genteiban)	9d8a1b60	250	Tenkuu no Escaflowne (Japan)
Tenkuu no Restaurant (Japan)	e4c49f68	94	Tenkuu no Restaurant (Japan)
Tenkuu no Restaurant (Japan) (Rev 1)	8a3a8974	102	Tenkuu no Restaurant (Japan)
Tenkuu no Restaurant - Hello! Project Ver. (Japan)	7a228bd1	116	Tenkuu no Restaurant - Hello! Project Ver. (Japan)
Tennis (USA)	7b292773	406	Tennis (USA)
Tennis Arena (Europe) (En,Fr,De,Es,It)	93ebcc64	7164	Tennis Arena (USA)
Tennis Arena (Japan)	fe974716	6192	Tennis Arena (USA)
Tennis Arena (USA)	d091cf73	6084	Tennis Arena (USA)
Tennis no Oujisama (Japan)	fa5e7528	222	Tennis no Oujisama (Japan)
Tennis no Oujisama - Sweat & Tears (Japan)	5348a92c	108	Tennis no Oujisama - Sweat & Tears (Japan)
Tennis no Oujisama - Sweat & Tears (Japan) (Rev 1)	27cbd5ac	116	Tennis no Oujisama - Sweat & Tears (Japan)
Tensen Nyannyan Gekijouban (Japan)	b2906580	100	Tensen Nyannyan Gekijouban (Japan)
Tenshi Doumei (Japan)	4bfc2a69	902	Tenshi Doumei (Japan)
Tenshi na Konamaiki (Japan)	8e96d27a	93	Tenshi na Konamaiki (Japan)
Tentama (Japan)	8bfbb729	81	Tentama (Japan)
Terracon (Europe) (En,Fr,De,Es,It)	490cf687	2304	Terracon (Europe) (En,Fr,De,Es,It)
Terry Pratchett's Discworld (Europe) (En,Fr,De,Es,It)	e9a87ef0	119	Terry Pratchett's Discworld (USA)
Terry Pratchett's Discworld (Germany)	a5db6c8b	103	Terry Pratchett's Discworld (USA)
Terry Pratchett's Discworld (USA)	68895fa1	99	Terry Pratchett's Discworld (USA)
Test Drive 4 (Europe) (En,Fr,De,It)	f9ca448e	101	Test Drive 4 (USA)
Test Drive 4 (Japan)	34d57d8f	86	Test Drive 4 (USA)
Test Drive 4 (USA)	d515fcce	84	Test Drive 4 (USA)
Test Drive 4x4 (Europe) (En,Fr,De)	2789af88	100	Test Drive 4x4 (Europe) (En,Fr,De)
Test Drive 5 (Europe) (En,Fr,De,Es,It,Nl,Sv)	fe3ac21d	110	Test Drive 5 (USA)
Test Drive 5 (Japan)	e1d001f3	86	Test Drive 5 (USA)
Test Drive 5 (USA)	58541896	84	Test Drive 5 (USA)
Test Drive 6 (Europe) (En,Fr,De,Es,It)	288aa866	104	Test Drive 6 (USA)
Test Drive 6 (USA)	14e7323f	84	Test Drive 6 (USA)
Test Drive Le Mans (USA) (En,Fr,Es)	9c23859b	101	Test Drive Le Mans (USA) (En,Fr,Es)
Test Drive Off-Road (Europe)	bba0b953	1704	Test Drive Off-Road (USA)
Test Drive Off-Road (USA)	b2dd492c	1662	Test Drive Off-Road (USA)
Test Drive Off-Road 2 (Japan)	cfd79f6f	95	Test Drive Off-Road 2 (USA)
Test Drive Off-Road 2 (USA)	ad334b6e	93	Test Drive Off-Road 2 (USA)
Test Drive Off-Road 3 (USA)	2072af36	93	Test Drive Off-Road 3 (USA)
Tetris Magiska Utmaning (Sweden)	99b9fb34	234	Magical Tetris Challenge (Europe)
Tetris Plus (Europe)	ca635601	5962	Tetris Plus (USA)
Tetris Plus (Japan)	f23e5b3c	5910	Tetris Plus (USA)
Tetris Plus (USA)	cd18c97a	5806	Tetris Plus (USA)
Tetris X (Japan)	978df7cf	202	Tetris X (Japan)
Tetris with Cardcaptor Sakura - Eternal Heart (Japan)	e4639c39	119	Tetris with Cardcaptor Sakura - Eternal Heart (Japan)
Tetsudou-ou '96 - Iku ze Okuman Chouja!! (Japan)	4b009c99	1118	Tetsudou-ou '96 - Iku ze Okuman Chouja!! (Japan)
Tetsudou-ou '96 - Iku ze Okuman Chouja!! (Japan) (Rev 1)	eac34d39	1182	Tetsudou-ou '96 - Iku ze Okuman Chouja!! (Japan)
Tetsudou-ou 2 - Sekai Seifuku no Yabou!! (Japan)	f4b21752	2275	Tetsudou-ou 2 - Sekai Seifuku no Yabou!! (Japan)
Tetsuya Komuro - Gaball Screen (Japan)	377cbc01	104	Tetsuya Komuro - Gaball Screen (Japan)
Tettei Kaiseki - Hisshou Pachi-Slot Doujou - Yamasa & Pioneer (Japan)	49ff3d40	634	Tettei Kaiseki - Hisshou Pachi-Slot Doujou - Yamasa & Pioneer (Japan)
That's QT (Japan)	cd6c2de9	83	That's QT (Japan)
Theme Aquarium (Japan)	a59e4ebb	88	Theme Aquarium (Japan)
Theme Hospital (Europe) (En,Fr,De,Es,It,Sv)	771d5f4d	109	Theme Hospital (USA)
Theme Hospital (Japan)	f04c89c2	88	Theme Hospital (USA)
Theme Hospital (USA)	094e6c13	86	Theme Hospital (USA)
Theme Park (Europe) (En,Fr,De,Es,Sv)	8dde57e3	2864	Theme Park (USA)
Theme Park (Japan)	7780e633	2468	Theme Park (USA)
Theme Park (Japan) (Rev 1)	cd919a0e	2644	Theme Park (USA)
Theme Park (USA)	53f94a96	2424	Theme Park (USA)
Theme Park World (Europe) (En,Fr,De,Es,It,Nl,Sv)	81467bfc	114	Theme Park World (Europe) (En,Fr,De,Es,It,Nl,Sv)
Theme Park World (Japan)	21021a43	90	Theme Park World (Europe) (En,Fr,De,Es,It,Nl,Sv)
This Is Football (Europe)	2af862ef	91	This Is Football (Europe)
This Is Football (Europe) (Beta) (1998-02-12)	d54236e9	111	This Is Football (Europe)
This Is Football (Europe) (Fr,Nl)	962f6cc7	99	This Is Football (Europe)
This Is Football (Italy)	36adf225	90	This Is Football (Europe)
This Is Football 2 (Belgium)	dc2aca0a	94	This Is Football 2 (Europe)
This Is Football 2 (Belgium) (Demo)	10507c66	101	This Is Football 2 (Europe)
This Is Football 2 (Europe)	8993a1f2	93	This Is Football 2 (Europe)
This Is Football 2 (Italy)	e16e9b47	92	This Is Football 2 (Europe)
This Is Football 2 (Italy) (Demo)	5d6c6d78	99	This Is Football 2 (Europe)
This Is Football 2 (Netherlands)	3aa86666	98	This Is Football 2 (Europe)
This Is Football 2 (Netherlands) (Demo)	0aaa7674	105	This Is Football 2 (Europe)
This Is Football 2 (UK) (Demo)	f84bacbd	96	This Is Football 2 (Europe)
This Is Soccer (Australia)	1d76d100	92	This Is Football (Europe)
This Is Soccer 2 (Australia)	9ed9ef19	94	This Is Football 2 (Europe)
This Is Soccer 2 (Australia) (Demo)	2f8ed48b	101	This Is Football 2 (Europe)
Thoroughbred Breeder - Sekai Seiha-hen (Japan)	85cc6f45	112	Thoroughbred Breeder - Sekai Seiha-hen (Japan)
Thoroughbred Breeder - Sekai Seiha-hen (Japan) (Demo 1)	99d8081a	121	Thoroughbred Breeder - Sekai Seiha-hen (Japan)
Thoroughbred Breeder - Sekai Seiha-hen (Japan) (Demo 2)	98852ecb	121	Thoroughbred Breeder - Sekai Seiha-hen (Japan)
Thoroughbred Breeder - Sekai Seiha-hen (Japan) (Rev 1)	c43618ba	120	Thoroughbred Breeder - Sekai Seiha-hen (Japan)
Thoroughbred Breeder II Plus (Japan)	630d7a3a	102	Thoroughbred Breeder II Plus (Japan)
Thoroughbred-tachi no Eikan - The Victorious Thoroughbreds (Japan)	fa0a41d3	132	Thoroughbred-tachi no Eikan - The Victorious Thoroughbreds (Japan)
Thousand Arms (Japan) (Disc 1)	0aada683	96	Thousand Arms (USA) (Disc 1)
Thousand Arms (Japan) (Disc 2)	8229b29f	230	Thousand Arms (USA) (Disc 1)
Thousand Arms (USA) (Demo)	0143e7f9	92	Thousand Arms (USA) (Disc 1)
Thousand Arms (USA) (Disc 1)	86195cce	94	Thousand Arms (USA) (Disc 1)
Thousand Arms (USA) (Disc 2)	14f3f7d8	226	Thousand Arms (USA) (Disc 1)
Thrasher - SK8 (Japan)	67a56c70	88	Thrasher - SK8 (Japan)
Thrasher - Skate and Destroy (Australia)	b1489b87	106	Thrasher - Skate and Destroy (USA)
Thrasher - Skate and Destroy (Europe) (En,Fr,De,Es,It)	29543acf	120	Thrasher - Skate and Destroy (USA)
Thrasher - Skate and Destroy (USA)	279dad6c	100	Thrasher - Skate and Destroy (USA)
Thrasher - Skate and Destroy (USA) (Demo)	1e477ff9	107	Thrasher - Skate and Destroy (USA)
Threads of Fate (USA, Canada)	95d00f21	95	Threads of Fate (USA, Canada)
Three Lions (UK) (En,Fr,De,Es,It)	2db3a1ef	236	Alexi Lalas International Soccer (USA) (En,Fr,De,Es,It)
Three Stooges, The (USA)	1cbb208c	1529	Three Stooges, The (USA)
Thrill Kill (USA) (Proto) (1998-08-10)	8e05f1bb	1458	Thrill Kill (USA) (Proto) (1998-08-10)
Thunder Force V - Perfect System (Japan)	a856e3d0	106	Thunder Force V - Perfect System (USA)
Thunder Force V - Perfect System (USA)	282ad4d5	104	Thunder Force V - Perfect System (USA)
Thunder Storm & Road Blaster (Japan) (Disc 1) (Thunder Storm)	b14a48a6	127	Thunder Storm & Road Blaster (Japan) (Disc 1) (Thunder Storm)
Thunder Storm & Road Blaster (Japan) (Disc 2) (Road Blaster)	852d7fac	126	Thunder Storm & Road Blaster (Japan) (Disc 1) (Thunder Storm)
Thunder Truck Rally (USA)	d06bcf49	91	Thunder Truck Rally (USA)
Thunderhawk II (Japan)	0c74bb47	5130	Thunderhawk II (Japan)
Thunderstrike 2 (USA)	8a3cc2f7	5086	Thunderstrike 2 (USA)
Tiger Woods 99 PGA Tour Golf (Europe) (En,Fr,De,Es,Sv)	a0d89d44	120	Tiger Woods 99 PGA Tour Golf (USA)
Tiger Woods 99 PGA Tour Golf (Japan)	010d6669	102	Tiger Woods 99 PGA Tour Golf (USA)
Tiger Woods 99 PGA Tour Golf (USA)	bbed3fdb	100	Tiger Woods 99 PGA Tour Golf (USA)
Tiger Woods 99 PGA Tour Golf (USA) (Rev 1)	0f0887ba	108	Tiger Woods 99 PGA Tour Golf (USA)
Tiger Woods 99 USA Tour Golf (Australia)	b4e319fd	106	Tiger Woods 99 PGA Tour Golf (USA)
Tiger Woods PGA Tour 2000 (Europe) (En,Fr,De,Es,Sv)	3701202e	117	Tiger Woods PGA Tour 2000 (USA)
Tiger Woods PGA Tour 2000 (USA)	f3915824	97	Tiger Woods PGA Tour 2000 (USA)
Tiger Woods PGA Tour Golf (Europe)	e6f23859	100	Tiger Woods PGA Tour Golf (USA)
Tiger Woods PGA Tour Golf (USA)	6e402555	97	Tiger Woods PGA Tour Golf (USA)
Tiger Woods USA Tour 2000 (Australia)	2455da30	103	Tiger Woods PGA Tour 2000 (USA)
Tiger Woods USA Tour 2001 (Australia)	d399863e	103	Tiger Woods PGA Tour Golf (USA)
Tigershark (Europe)	9c14657c	1236	Tigershark (USA)
Tigershark (Japan)	a7d4dd8d	1225	Tigershark (USA)
Tigershark (USA)	8232adcc	1203	Tigershark (USA)
Tilk - Aoi Umi kara Kita Shoujo (Japan)	0828ddc1	3868	Tilk - Aoi Umi kara Kita Shoujo (Japan)
Tilt! (Europe) (En,Fr,De)	a6cccf2c	934	Tilt! (Europe) (En,Fr,De)
Time Bokan - Yattaman (Italy)	6bf8179b	2958	Time Bokan - Yattaman (Italy)
Time Bokan Series - Bokan GoGoGo (Japan)	b13f6bda	106	Time Bokan Series - Bokan GoGoGo (Japan)
Time Bokan Series - Bokan desu yo (Japan)	1fc48c18	3246	Time Bokan Series - Bokan desu yo (Japan)
Time Bokan Series - Bokan to Ippatsu! Doronbow (Japan)	baee553c	3260	Time Bokan Series - Bokan to Ippatsu! Doronbow (Japan)
Time Bokan Series - Bokan to Ippatsu! Doronbow (Japan) (Demo)	b3e16686	3414	Time Bokan Series - Bokan to Ippatsu! Doronbow (Japan)
Time Commando (Australia)	dd33e0db	339	Time Commando (USA)
Time Commando (Europe)	afbed871	330	Time Commando (USA)
Time Commando (Japan)	f835394d	327	Time Commando (USA)
Time Commando (USA)	a1047708	321	Time Commando (USA)
Time Crisis (Europe) (En,Fr,De)	a22fe6ad	4140	Time Crisis (USA)
Time Crisis (Japan)	057904a5	3744	Time Crisis (USA)
Time Crisis (Japan) (Time Crisis + GunCon)	14bfae84	4503	Time Crisis (USA)
Time Crisis (USA)	d985905d	3678	Time Crisis (USA)
Time Crisis - Project Titan (Europe) (En,Fr,De,Es,It)	156700fb	3238	Time Crisis - Project Titan (USA)
Time Crisis - Project Titan (Europe) (En,Fr,De,Es,It) (Beta) (2001-02-09)	e45e545a	3678	Time Crisis - Project Titan (USA)
Time Crisis - Project Titan (Europe) (En,Fr,De,Es,It) (Beta) (2001-02-09) (Alt)	2bd0c15c	3810	Time Crisis - Project Titan (USA)
Time Crisis - Project Titan (Japan, Asia)	b79204f6	2974	Time Crisis - Project Titan (USA)
Time Crisis - Project Titan (USA)	8f4098e2	2798	Time Crisis - Project Titan (USA)
Time Gal & Ninja Hayate (Japan) (En,Ja) (Disc 1) (Time Gal)	271c5bfb	1053	Time Gal & Ninja Hayate (Japan) (En,Ja) (Disc 1) (Time Gal)
Time Gal & Ninja Hayate (Japan) (En,Ja) (Disc 2) (Ninja Hayate)	9f8ca00d	1238	Time Gal & Ninja Hayate (Japan) (En,Ja) (Disc 1) (Time Gal)
Tintin - Destination Adventure (Europe) (En,Fr,De,Es,It,Nl,Pt)	3ad63410	128	Tintin - Destination Adventure (Europe) (En,Fr,De,Es,It,Nl,Pt)
Tiny Bullets (Japan)	471af203	86	Tiny Bullets (Japan)
Tiny Tank (Europe)	1af47a2a	206	Tiny Tank (USA)
Tiny Tank (France)	92cbf524	206	Tiny Tank (USA)
Tiny Tank (Germany)	74e91e44	208	Tiny Tank (USA)
Tiny Tank (Italy)	d1477e89	204	Tiny Tank (USA)
Tiny Tank (Spain)	3702ee6d	204	Tiny Tank (USA)
Tiny Tank (USA)	7592fd65	200	Tiny Tank (USA)
Tiny Toon Adventures - Buster and the Beanstalk (Europe) (En,Es,Pt)	34e71ca1	133	Tiny Toon Adventures - Buster and the Beanstalk (Europe) (En,Es,Pt)
Tiny Toon Adventures - Buster and the Beanstalk (Europe) (Fr,De,It)	88486c46	133	Tiny Toon Adventures - Buster and the Beanstalk (Europe) (En,Es,Pt)
Tiny Toon Adventures - Buster and the Beanstalk (Scandinavia) (No,Da)	9fd3a2f5	135	Tiny Toon Adventures - Buster and the Beanstalk (Europe) (En,Es,Pt)
Tiny Toon Adventures - Plucky's Big Adventure (Europe) (En,Fr,De)	3bd161cc	300	Tiny Toon Adventures - Plucky's Big Adventure (USA)
Tiny Toon Adventures - Plucky's Big Adventure (USA)	91a4c1de	272	Tiny Toon Adventures - Plucky's Big Adventure (USA)
Tiny Toon Adventures - The Great Beanstalk (USA)	5293bdf7	114	Tiny Toon Adventures - The Great Beanstalk (USA)
Tiny Toon Adventures - Toonenstein - Dare to Scare! (Europe)	a86b2427	444	Tiny Toon Adventures - Toonenstein - Dare to Scare! (USA)
Tiny Toon Adventures - Toonenstein - Dare to Scare! (USA)	9a9364ff	284	Tiny Toon Adventures - Toonenstein - Dare to Scare! (USA)
Tiny Toon Adventures - Toonenstein - Geisterstunde! (Germany)	f1397edb	447	Tiny Toon Adventures - Toonenstein - Geisterstunde! (Germany)
Tiny Toon Adventures - Toonenstein - Le Chateau hante (France)	8fe7e10d	450	Tiny Toon Adventures - Toonenstein - Le Chateau hante (France)
Titan Wars (Europe)	438bc550	85	Titan Wars (Europe)
ToHeart (Japan) (Disc 1)	3cccec3d	90	ToHeart (Japan) (Disc 1)
ToHeart (Japan) (Disc 2)	3d91caec	90	ToHeart (Japan) (Disc 1)
ToPoLo (Japan)	6cdd15b0	198	ToPoLo (Japan)
ToPoLo (Japan) (Demo)	c3dbd988	212	ToPoLo (Japan)
Toaplan Shooting Battle 1 (Japan)	a73e45d4	3310	Toaplan Shooting Battle 1 (Japan)
Tobaku Mokushiroku Kaiji (Japan)	0f52a35a	98	Tobaku Mokushiroku Kaiji (Japan)
Tobal 2 (Japan) (Rev 1)	9a5378f4	89	Tobal 2 (Japan, Asia)
Tobal 2 (Japan, Asia)	bca1c47c	87	Tobal 2 (Japan, Asia)
Tobal No. 1 (Europe)	67651ffd	2282	Tobal No. 1 (USA)
Tobal No. 1 (Japan)	8978b36a	2262	Tobal No. 1 (USA)
Tobal No. 1 (Japan) (Demo)	dfacc8bd	2281	Tobal No. 1 (USA)
Tobal No. 1 (USA)	2f29ef74	2222	Tobal No. 1 (USA)
Todd McFarlane's Spawn - The Ultimate (Japan)	2c3e795b	111	Todd McFarlane's Spawn - The Ultimate (Japan)
Tokimeki Memorial - Forever with You (Japan) (Genteiban) (Rev 1)	c1b24677	328	Tokimeki Memorial - Forever with You (Japan) (PlayStation the Best)
Tokimeki Memorial - Forever with You (Japan) (PlayStation the Best)	29a7c734	334	Tokimeki Memorial - Forever with You (Japan) (PlayStation the Best)
Tokimeki Memorial - Forever with You (Japan) (Rev 1)	1db1870c	304	Tokimeki Memorial - Forever with You (Japan) (PlayStation the Best)
Tokimeki Memorial - Forever with You (Japan) (Rev 2)	458cd190	304	Tokimeki Memorial - Forever with You (Japan) (PlayStation the Best)
Tokimeki Memorial - Forever with You (Japan) (Rev 4)	e5a999e2	274	Tokimeki Memorial - Forever with You (Japan) (PlayStation the Best)
Tokimeki Memorial - Taisen Tokkaedama (Japan)	f1a0a7e8	260	Tokimeki Memorial - Taisen Tokkaedama (Japan)
Tokimeki Memorial 2 (Japan) (Disc 1) (Limited Box)	bb0a95ac	131	Tokimeki Memorial 2 (Japan, Asia) (Disc 1)
Tokimeki Memorial 2 (Japan) (Disc 1) (Rev 1)	899c07b6	125	Tokimeki Memorial 2 (Japan, Asia) (Disc 1)
Tokimeki Memorial 2 (Japan) (Disc 2) (Limited Box)	20902f43	131	Tokimeki Memorial 2 (Japan, Asia) (Disc 1)
Tokimeki Memorial 2 (Japan) (Disc 2) (Rev 1)	951e6235	125	Tokimeki Memorial 2 (Japan, Asia) (Disc 1)
Tokimeki Memorial 2 (Japan) (Disc 3) (Limited Box)	e0c944d9	131	Tokimeki Memorial 2 (Japan, Asia) (Disc 1)
Tokimeki Memorial 2 (Japan) (Disc 3) (Rev 1)	9e9fbeb4	125	Tokimeki Memorial 2 (Japan, Asia) (Disc 1)
Tokimeki Memorial 2 (Japan) (Disc 4) (Limited Box)	ccd45cdc	131	Tokimeki Memorial 2 (Japan, Asia) (Disc 1)
Tokimeki Memorial 2 (Japan) (Disc 4) (Rev 1)	ac1aa933	125	Tokimeki Memorial 2 (Japan, Asia) (Disc 1)
Tokimeki Memorial 2 (Japan) (Disc 5) (Limited Box)	0c8d3746	131	Tokimeki Memorial 2 (Japan, Asia) (Disc 1)
Tokimeki Memorial 2 (Japan) (Disc 5) (Rev 1)	a79b75b2	125	Tokimeki Memorial 2 (Japan, Asia) (Disc 1)
Tokimeki Memorial 2 (Japan, Asia) (Disc 1)	fc106374	123	Tokimeki Memorial 2 (Japan, Asia) (Disc 1)
Tokimeki Memorial 2 (Japan, Asia) (Disc 2)	6550841b	123	Tokimeki Memorial 2 (Japan, Asia) (Disc 1)
Tokimeki Memorial 2 (Japan, Asia) (Disc 3)	a4bfdb01	123	Tokimeki Memorial 2 (Japan, Asia) (Disc 1)
Tokimeki Memorial 2 (Japan, Asia) (Disc 4)	8ca04c84	123	Tokimeki Memorial 2 (Japan, Asia) (Disc 1)
Tokimeki Memorial 2 (Japan, Asia) (Disc 5)	4d4f139e	123	Tokimeki Memorial 2 (Japan, Asia) (Disc 1)
Tokimeki Memorial 2 - Taisen Puzzledama (Japan)	025503e7	113	Tokimeki Memorial Taisen Puzzledama (Japan)
Tokimeki Memorial 2 Emotional Voice System Append Disc (Japan) (Disc 1) (Minadzuki - Kotobuki - Sakura)	57f6ca09	184	Tokimeki Memorial 2 (Japan, Asia) (Disc 1)
Tokimeki Memorial 2 Emotional Voice System Append Disc (Japan) (Disc 2) (Akai - Ichimonji - Yae)	deeddd24	177	Tokimeki Memorial 2 (Japan, Asia) (Disc 1)
Tokimeki Memorial 2 Emotional Voice System Append Disc (Japan) (Disc 3) (Shirayuki - Ijuin - Nozaki)	c46d932e	181	Tokimeki Memorial 2 (Japan, Asia) (Disc 1)
Tokimeki Memorial 2 Substories - Dancing Summer Vacation (Japan) (Disc 1)	73e93aba	528	Tokimeki Memorial 2 Substories - Dancing Summer Vacation (Japan) (Disc 1)
Tokimeki Memorial 2 Substories - Dancing Summer Vacation (Japan) (Disc 2)	2b7cc98c	1620	Tokimeki Memorial 2 Substories - Dancing Summer Vacation (Japan) (Disc 1)
Tokimeki Memorial 2 Substories - Leaping School Festival (Japan) (Disc 1)	b67ec104	154	Tokimeki Memorial 2 Substories - Leaping School Festival (Japan) (Disc 1)
Tokimeki Memorial 2 Substories - Leaping School Festival (Japan) (Disc 2)	2f3e266b	154	Tokimeki Memorial 2 Substories - Leaping School Festival (Japan) (Disc 1)
Tokimeki Memorial 2 Substories - Memories Ringing On (Japan) (Disc 1)	3692456e	308	Tokimeki Memorial 2 Substories - Memories Ringing On (Japan) (Disc 1)
Tokimeki Memorial 2 Substories - Memories Ringing On (Japan) (Disc 2)	cde09ee4	308	Tokimeki Memorial 2 Substories - Memories Ringing On (Japan) (Disc 1)
Tokimeki Memorial Drama Series Vol. 1 - Nijiiro no Seishun (Japan)	5405c07c	132	Tokimeki Memorial Drama Series Vol. 1 - Nijiiro no Seishun (Japan)
Tokimeki Memorial Drama Series Vol. 1 - Nijiiro no Seishun (Japan) (Demo)	550f9c10	139	Tokimeki Memorial Drama Series Vol. 1 - Nijiiro no Seishun (Japan)
Tokimeki Memorial Drama Series Vol. 2 - Irodori no Love Song (Japan) (Disc 1)	69201e62	143	Tokimeki Memorial Drama Series Vol. 2 - Irodori no Love Song (Japan) (Disc 1)
Tokimeki Memorial Drama Series Vol. 2 - Irodori no Love Song (Japan) (Disc 2)	687d38b3	143	Tokimeki Memorial Drama Series Vol. 2 - Irodori no Love Song (Japan) (Disc 1)
Tokimeki Memorial Drama Series Vol. 3 - Tabidachi no Uta (Japan) (Disc 1)	9700642b	139	Tokimeki Memorial Drama Series Vol. 3 - Tabidachi no Uta (Japan) (Disc 1)
Tokimeki Memorial Drama Series Vol. 3 - Tabidachi no Uta (Japan) (Disc 2)	965d42fa	139	Tokimeki Memorial Drama Series Vol. 3 - Tabidachi no Uta (Japan) (Disc 1)
Tokimeki Memorial Selection - Fujisaki Shiori (Japan)	058c8d7c	134	Tokimeki Memorial Selection - Fujisaki Shiori (Japan)
Tokimeki Memorial Taisen Puzzledama (Japan)	3837e96a	286	Tokimeki Memorial Taisen Puzzledama (Japan)
Tokimeki no Houkago - Ne Quiz Shiyo (Japan) (Rev 1)	10d6fe41	117	Tokimeki no Houkago - Ne Quiz Shiyo (Japan, Asia)
Tokimeki no Houkago - Ne Quiz Shiyo (Japan, Asia)	2611c176	115	Tokimeki no Houkago - Ne Quiz Shiyo (Japan, Asia)
Toko Toko Trouble - Chikyuu Itadaki! (Japan)	d2baac10	110	Toko Toko Trouble - Chikyuu Itadaki! (Japan)
Tokoro-san no Daifugou (Japan)	a5bf2e83	96	Tokoro-san no Daifugou (Japan)
Tokyo 23-ku Seifuku Wars (Japan)	7781af6a	98	Tokyo 23-ku Seifuku Wars (Japan)
Tokyo Dungeon (Japan)	95284b68	87	Tokyo Dungeon (Japan)
Tokyo Game Show '99 Spring Special Version - Tomy Paradise Taikenban (Japan)	a69a9fc6	142	Tokyo Game Show '99 Spring Special Version - Tomy Paradise Taikenban (Japan)
Tokyo Highway Battle (Europe)	b7cc4033	966	Tokyo Highway Battle (USA)
Tokyo Highway Battle (USA)	b436476f	942	Tokyo Highway Battle (USA)
Tokyo Majin Gakuen - Gehouchou (Japan) (Demo)	a2aea1a7	111	Tokyo Majin Gakuen - Gehouchou (Japan) (Disc 1) (You)
Tokyo Majin Gakuen - Gehouchou (Japan) (Disc 1) (You)	f9a19ea4	119	Tokyo Majin Gakuen - Gehouchou (Japan) (Disc 1) (You)
Tokyo Majin Gakuen - Gehouchou (Japan) (Disc 1) (You) (Genteiban)	4d6e1b93	131	Tokyo Majin Gakuen - Gehouchou (Japan) (Disc 1) (You)
Tokyo Majin Gakuen - Gehouchou (Japan) (Disc 2) (In)	8498b538	118	Tokyo Majin Gakuen - Gehouchou (Japan) (Disc 1) (You)
Tokyo Majin Gakuen - Gehouchou (Japan) (Disc 2) (In) (Genteiban)	140c51ed	130	Tokyo Majin Gakuen - Gehouchou (Japan) (Disc 1) (You)
Tokyo Majin Gakuen - Gehouchou (Japan) (Disc 3) (Ja)	fc255391	118	Tokyo Majin Gakuen - Gehouchou (Japan) (Disc 1) (You)
Tokyo Majin Gakuen - Gehouchou (Japan) (Disc 3) (Ja) (Genteiban)	0ea0d7c4	130	Tokyo Majin Gakuen - Gehouchou (Japan) (Disc 1) (You)
Tokyo Majin Gakuen - Kenpuuchou (Japan) (Disc 1) (You)	29d7bb63	120	Tokyo Majin Gakuen - Kenpuuchou (Japan) (Disc 1) (You)
Tokyo Majin Gakuen - Kenpuuchou (Japan) (Disc 2) (In)	92ab85dd	119	Tokyo Majin Gakuen - Kenpuuchou (Japan) (Disc 1) (You)
Tokyo Majin Gakuen - Oboro Kitan (Japan)	73e330c2	106	Tokyo Majin Gakuen - Oboro Kitan (Japan)
Tokyo Majin Gakuen Denki - Jin no Shou - Tokyo Majin Gakuen Kenpuuchou Emaki (Japan) (Bonus Disc)	f7d9d012	163	Tokyo Majin Gakuen - Kenpuuchou (Japan) (Disc 1) (You)
Tokyo Mew Mew - Toujou Shin Mew Mew! Minna Issho ni Gohoushi Suru Nyan (Japan)	603d6957	326	Tokyo Mew Mew - Toujou Shin Mew Mew! Minna Issho ni Gohoushi Suru Nyan (Japan)
Tokyo Shadow (Japan) (Demo)	39a34232	93	Tokyo Shadow (Japan) (Disc 1)
Tokyo Shadow (Japan) (Disc 1)	08ab3dcc	95	Tokyo Shadow (Japan) (Disc 1)
Tokyo Shadow (Japan) (Disc 2)	09f61b1d	95	Tokyo Shadow (Japan) (Disc 1)
Tokyo Shadow (Japan) (Disc 3)	920d1815	474	Tokyo Shadow (Japan) (Disc 1)
Tokyo Wakusei Planetokio (Japan) (Disc 1)	b5242d9a	107	Tokyo Wakusei Planetokio (Japan) (Disc 1)
Tokyo Wakusei Planetokio (Japan) (Disc 2)	b4790b4b	107	Tokyo Wakusei Planetokio (Japan) (Disc 1)
Tokyo Wakusei Planetokio (Japan) (Disc 3)	0262eb3b	107	Tokyo Wakusei Planetokio (Japan) (Disc 1)
Tom Clancy's Rainbow Six (Europe) (En,Fr,It)	871ac06e	3735	Tom Clancy's Rainbow Six (USA)
Tom Clancy's Rainbow Six (Germany)	884b94b6	3465	Tom Clancy's Rainbow Six (USA)
Tom Clancy's Rainbow Six (USA)	31b809c8	3357	Tom Clancy's Rainbow Six (USA)
Tom Clancy's Rainbow Six - Lone Wolf (Europe) (En,Fr,De,Es,It)	4f66c3c9	128	Tom Clancy's Rainbow Six - Lone Wolf (USA)
Tom Clancy's Rainbow Six - Lone Wolf (USA)	5f716f91	108	Tom Clancy's Rainbow Six - Lone Wolf (USA)
Tom Clancy's Rainbow Six - Rogue Spear (Europe) (En,Fr,De)	9a9f42ea	124	Tom Clancy's Rainbow Six - Rogue Spear (USA)
Tom Clancy's Rainbow Six - Rogue Spear (USA)	0dc0ade2	110	Tom Clancy's Rainbow Six - Rogue Spear (USA)
Tom and Jerry in House Trap (Europe) (En,Fr,De,Es,It,Nl,Da)	26fdce58	288	Tom and Jerry in House Trap (USA)
Tom and Jerry in House Trap (Japan)	2ea4d582	240	Tom and Jerry in House Trap (USA)
Tom and Jerry in House Trap (USA)	7da1793e	236	Tom and Jerry in House Trap (USA)
Tomb Raider & Blam! Machinehead (France)	4e7652cb	518	Machine Head (USA)
Tomb Raider (Europe)	2632f6df	6537	Tomb Raider (USA)
Tomb Raider (Europe) (Demo)	3fd8eed7	345	Tomb Raider (USA)
Tomb Raider (Europe) (EDC)	061acdc9	6879	Tomb Raider (USA)
Tomb Raider (France)	2fb83265	6537	Tomb Raider (USA)
Tomb Raider (Germany)	502c9f28	6594	Tomb Raider (USA)
Tomb Raider (Germany) (EDC)	a150ff4b	6936	Tomb Raider (USA)
Tomb Raider (USA)	4a7c2195	6366	Tomb Raider (USA)
Tomb Raider (USA) (Rev 1)	2add6951	6822	Tomb Raider (USA)
Tomb Raider (USA) (Rev 2)	a7802454	6822	Tomb Raider (USA)
Tomb Raider (USA) (Rev 3)	6a641d68	6822	Tomb Raider (USA)
Tomb Raider (USA) (Rev 4)	664bb81f	6822	Tomb Raider (USA)
Tomb Raider (USA) (Rev 5)	abaf8123	6822	Tomb Raider (USA)
Tomb Raider (USA) (Rev 6)	26f2cc26	6822	Tomb Raider (USA)
Tomb Raider - Die Chronik (Germany)	5adf08c1	101	Tomb Raider - Die Chronik (Germany)
Tomb Raider - La Revelation Finale (France)	e5613239	109	Tomb Raider - La Revelation Finale (France)
Tomb Raider - Sur les Traces de Lara Croft (France)	9f17c0e3	117	Tomb Raider - Sur les Traces de Lara Croft (France)
Tomb Raider - The Last Revelation (Europe, Australia)	7d6ae88b	119	Tomb Raider - The Last Revelation (USA)
Tomb Raider - The Last Revelation (France) (Demo)	7abd370c	115	Tomb Raider - The Last Revelation (USA)
Tomb Raider - The Last Revelation (Italy)	34765814	107	Tomb Raider - The Last Revelation (USA)
Tomb Raider - The Last Revelation (Spain)	6932a9cc	107	Tomb Raider - The Last Revelation (USA)
Tomb Raider - The Last Revelation (USA)	c33f2eaa	105	Tomb Raider - The Last Revelation (USA)
Tomb Raider - The Last Revelation (USA) (Rev 1)	380f97e4	113	Tomb Raider - The Last Revelation (USA)
Tomb Raider 2 (Japan)	00bcc38e	7058	Tomb Raider 2 (Japan)
Tomb Raider 2 (Japan) (Demo)	95d4c1b3	226	Tomb Raider 2 (Japan)
Tomb Raider Chronicles (Europe)	0670e8bc	97	Tomb Raider Chronicles (USA)
Tomb Raider Chronicles (Spain)	3afddb43	96	Tomb Raider Chronicles (USA)
Tomb Raider Chronicles (USA)	fe6f6b64	94	Tomb Raider Chronicles (USA)
Tomb Raider Chronicles (USA) (Rev 1)	142fecff	102	Tomb Raider Chronicles (USA)
Tomb Raider Chronicles - La Leggenda di Lara Croft (Italy)	df65c7af	124	Tomb Raider Chronicles - La Leggenda di Lara Croft (Italy)
Tomb Raider II - Starring Lara Croft (Europe)	29e94636	8522	Tomb Raider II - Starring Lara Croft (USA)
Tomb Raider II - Starring Lara Croft (Europe) (EDC)	a75a1b69	8888	Tomb Raider II - Starring Lara Croft (USA)
Tomb Raider II - Starring Lara Croft (France)	bbb0d387	8522	Tomb Raider II - Starring Lara Croft (USA)
Tomb Raider II - Starring Lara Croft (France) (En,Fr,De) (Demo)	040fc749	453	Tomb Raider II - Starring Lara Croft (USA)
Tomb Raider II - Starring Lara Croft (Germany)	22bcefdb	8583	Tomb Raider II - Starring Lara Croft (USA)
Tomb Raider II - Starring Lara Croft (Italy)	77e511b9	8461	Tomb Raider II - Starring Lara Croft (USA)
Tomb Raider II - Starring Lara Croft (USA)	3bb0d87d	8339	Tomb Raider II - Starring Lara Croft (USA)
Tomb Raider II - Starring Lara Croft (USA) (Rev 1)	a21023be	8827	Tomb Raider II - Starring Lara Croft (USA)
Tomb Raider II - Starring Lara Croft (USA) (Rev 2)	05309414	8827	Tomb Raider II - Starring Lara Croft (USA)
Tomb Raider II - Starring Lara Croft (USA) (Rev 3)	67d0f972	8827	Tomb Raider II - Starring Lara Croft (USA)
Tomb Raider III - Adventures of Lara Croft (Asia) (Disc 1) (Japanese Version)	7524639b	143	Tomb Raider III - Adventures of Lara Croft (USA)
Tomb Raider III - Adventures of Lara Croft (Asia) (Disc 2) (International Version)	7bc6f4c2	148	Tomb Raider III - Adventures of Lara Croft (USA)
Tomb Raider III - Adventures of Lara Croft (Europe)	751f23d4	117	Tomb Raider III - Adventures of Lara Croft (USA)
Tomb Raider III - Adventures of Lara Croft (Europe) (Rev 1)	78298d04	125	Tomb Raider III - Adventures of Lara Croft (USA)
Tomb Raider III - Adventures of Lara Croft (Europe) (Rev 1) (EDC)	3dcd9116	131	Tomb Raider III - Adventures of Lara Croft (USA)
Tomb Raider III - Adventures of Lara Croft (Germany)	9578db49	118	Tomb Raider III - Adventures of Lara Croft (USA)
Tomb Raider III - Adventures of Lara Croft (Germany) (Rev 1)	a618a0a7	126	Tomb Raider III - Adventures of Lara Croft (USA)
Tomb Raider III - Adventures of Lara Croft (Italy)	d464c11c	116	Tomb Raider III - Adventures of Lara Croft (USA)
Tomb Raider III - Adventures of Lara Croft (Italy) (Rev 1)	69f72d9c	124	Tomb Raider III - Adventures of Lara Croft (USA)
Tomb Raider III - Adventures of Lara Croft (Japan) (Demo)	2a329e0e	123	Tomb Raider III - Adventures of Lara Croft (USA)
Tomb Raider III - Adventures of Lara Croft (Japan) (Disc 1) (Japanese Version)	6cb77855	144	Tomb Raider III - Adventures of Lara Croft (USA)
Tomb Raider III - Adventures of Lara Croft (Japan) (Disc 2) (International Version)	ceaedd57	149	Tomb Raider III - Adventures of Lara Croft (USA)
Tomb Raider III - Adventures of Lara Croft (Spain)	892030c4	116	Tomb Raider III - Adventures of Lara Croft (USA)
Tomb Raider III - Adventures of Lara Croft (Spain) (Rev 1)	2a4c3258	124	Tomb Raider III - Adventures of Lara Croft (USA)
Tomb Raider III - Adventures of Lara Croft (USA)	648190d1	114	Tomb Raider III - Adventures of Lara Croft (USA)
Tomb Raider III - Adventures of Lara Croft (USA) (Rev 1)	5bb81f5c	122	Tomb Raider III - Adventures of Lara Croft (USA)
Tomb Raider III - Adventures of Lara Croft (USA) (Rev 2)	5ae5398d	122	Tomb Raider III - Adventures of Lara Croft (USA)
Tomb Raider III - Les Aventures de Lara Croft (France)	8d788a04	120	Tomb Raider III - Les Aventures de Lara Croft (France)
Tomb Raider III - Les Aventures de Lara Croft (France) (Demo)	63a88059	447	Tomb Raider III - Les Aventures de Lara Croft (France)
Tomb Raider III - Les Aventures de Lara Croft (France) (Rev 1)	c1b249db	128	Tomb Raider III - Les Aventures de Lara Croft (France)
Tomb Raider IV - The Last Revelation (Germany)	4ad2c54f	112	Tomb Raider IV - The Last Revelation (Japan)
Tomb Raider IV - The Last Revelation (Germany) (EDC)	4659d869	118	Tomb Raider IV - The Last Revelation (Japan)
Tomb Raider IV - The Last Revelation (Japan)	f68cc907	110	Tomb Raider IV - The Last Revelation (Japan)
Tomb Raider V - Chronicles (Japan)	e2a2373b	100	Tomb Raider V - Chronicles (Japan)
Tomb Raiders (Japan)	beefecf1	6537	Tomb Raiders (Japan)
Tomba! (USA)	acd20464	78	Tomba! (USA)
Tomba! (USA) (Beta) (1998-02-03)	ce42f761	98	Tomba! (USA)
Tomba! (USA) (Demo)	f3408f1a	85	Tomba! (USA)
Tomba! 2 - The Evil Swine Return (USA)	141f7af5	246	Tomba! 2 - The Evil Swine Return (USA)
Tomba! 2 - The Evil Swine Return (USA) (Demo)	2a59e246	260	Tomba! 2 - The Evil Swine Return (USA)
Tomba! The Wild Adventures (Japan)	9c7c2aa2	238	Tomba! The Wild Adventures (Japan)
Tomba! The Wild Adventures (Japan) (Demo)	49ef6924	252	Tomba! The Wild Adventures (Japan)
Tombi! (Europe) (En,Es,Pt,Sv,Da)	b6335ac5	98	Tombi! (Europe) (En,Es,Pt,Sv,Da)
Tombi! (Europe) (En,Es,Pt,Sv,Da) (Beta) (1998-05-05)	a55f3e32	118	Tombi! (Europe) (En,Es,Pt,Sv,Da)
Tombi! (Europe) (En,Es,Pt,Sv,Da) (Rev 1)	6f137e0f	106	Tombi! (Europe) (En,Es,Pt,Sv,Da)
Tombi! (Europe) (En,Fr,De,It,Nl)	cee8dafe	98	Tombi! (Europe) (En,Es,Pt,Sv,Da)
Tombi! (Europe) (En,Fr,De,It,Nl) (Rev 1)	8ef99c34	106	Tombi! (Europe) (En,Es,Pt,Sv,Da)
Tombi! 2 (Europe)	a41db853	204	Tombi! 2 (Europe)
Tombi! 2 (France)	f5232a31	204	Tombi! 2 (Europe)
Tombi! 2 (Germany)	61c9fe79	206	Tombi! 2 (Europe)
Tombi! 2 (Italy)	595ec89c	202	Tombi! 2 (Europe)
Tombi! 2 - Contra los Cerdiablos (Spain)	8e1a2ed6	250	Tombi! 2 - Contra los Cerdiablos (Spain)
Tomica Town o Tsukurou! (Japan)	ed1cb0a6	97	Tomica Town o Tsukurou! (Japan)
Tommi Maekinen Rally (Europe) (En,Fr,De,Es,Fi)	bdc98d9c	2520	Tommi Maekinen Rally (Europe) (En,Fr,De,Es,Fi)
Tommi Maekinen Rally (Europe) (En,Fr,De,Es,Fi) (Demo)	f413ef4b	423	Tommi Maekinen Rally (Europe) (En,Fr,De,Es,Fi)
Tommi Maekinen Rally (Italy)	9bba6e36	1704	Tommi Maekinen Rally (Europe) (En,Fr,De,Es,Fi)
Tomoyasu Hotei - Stolen Song (Japan) (Disc 1)	273d98cd	111	Tomoyasu Hotei - Stolen Song (Japan) (Disc 1)
Tomoyasu Hotei - Stolen Song (Japan) (Disc 1) (VPick Included)	ba7fe68f	128	Tomoyasu Hotei - Stolen Song (Japan) (Disc 1)
Tomoyasu Hotei - Stolen Song (Japan) (Disc 2)	2660be1c	111	Tomoyasu Hotei - Stolen Song (Japan) (Disc 1)
Tomoyasu Hotei - Stolen Song (Japan) (Disc 2) (VPick Included)	66747f7c	128	Tomoyasu Hotei - Stolen Song (Japan) (Disc 1)
Tomoyasu Hotei - Stolen Song (Japan) (Taikenban 1)	85bc8ed6	116	Tomoyasu Hotei - Stolen Song (Japan) (Disc 1)
Tomoyasu Hotei - Stolen Song (Japan) (Taikenban 2)	84e1a807	116	Tomoyasu Hotei - Stolen Song (Japan) (Disc 1)
Tonde! Tonde! Diet - Stepper Action Game (Japan)	73c105f2	114	Tonde! Tonde! Diet - Stepper Action Game (Japan)
Tondemo Crisis! (Japan)	24fe78a6	89	Tondemo Crisis! (Japan)
Tondemo Crisis! (Japan) (Demo)	f8fe90d3	96	Tondemo Crisis! (Japan)
Tonka Space Station (USA)	f2dfc32e	1542	Tonka Space Station (USA)
Tony Hawk's Pro Skater (Japan)	fea525ec	96	Tony Hawk's Pro Skater (USA)
Tony Hawk's Pro Skater (USA)	f53e873f	94	Tony Hawk's Pro Skater (USA)
Tony Hawk's Pro Skater (USA) (Beta) (1999-08-20)	ad665c2c	114	Tony Hawk's Pro Skater (USA)
Tony Hawk's Pro Skater 2 (Australia) (Demo)	9d8bede5	109	Tony Hawk's Pro Skater 2 (USA)
Tony Hawk's Pro Skater 2 (Europe) (Demo)	32005b04	106	Tony Hawk's Pro Skater 2 (USA)
Tony Hawk's Pro Skater 2 (Europe, Australia)	44dd6efb	110	Tony Hawk's Pro Skater 2 (USA)
Tony Hawk's Pro Skater 2 (France)	6e80c5c0	99	Tony Hawk's Pro Skater 2 (USA)
Tony Hawk's Pro Skater 2 (Germany)	fff56cec	100	Tony Hawk's Pro Skater 2 (USA)
Tony Hawk's Pro Skater 2 (Japan)	f2492993	98	Tony Hawk's Pro Skater 2 (USA)
Tony Hawk's Pro Skater 2 (USA)	e7a657c1	96	Tony Hawk's Pro Skater 2 (USA)
Tony Hawk's Pro Skater 2 (USA) (Beta) (2000-07-10)	e281d200	116	Tony Hawk's Pro Skater 2 (USA)
Tony Hawk's Pro Skater 2 (USA) (Demo)	2c8e90b9	103	Tony Hawk's Pro Skater 2 (USA)
Tony Hawk's Pro Skater 3 (Europe)	11ee4cae	99	Tony Hawk's Pro Skater 3 (USA)
Tony Hawk's Pro Skater 3 (France)	37e6fdab	99	Tony Hawk's Pro Skater 3 (USA)
Tony Hawk's Pro Skater 3 (Germany)	25ccb204	100	Tony Hawk's Pro Skater 3 (USA)
Tony Hawk's Pro Skater 3 (USA)	6ae7b399	96	Tony Hawk's Pro Skater 3 (USA)
Tony Hawk's Pro Skater 4 (Europe)	44ade3fe	99	Tony Hawk's Pro Skater 4 (USA)
Tony Hawk's Pro Skater 4 (France)	62a552fb	99	Tony Hawk's Pro Skater 4 (USA)
Tony Hawk's Pro Skater 4 (Germany)	4ef2a05f	100	Tony Hawk's Pro Skater 4 (USA)
Tony Hawk's Pro Skater 4 (USA)	7ec00293	96	Tony Hawk's Pro Skater 4 (USA)
Tony Hawk's Skateboarding (Europe)	18afcdf0	100	Tony Hawk's Skateboarding (Europe)
Tony Hawk's Skateboarding (Europe) (Demo)	a0e65391	252	Tony Hawk's Skateboarding (Europe)
Tonzura-kun (Japan)	55eac2c6	85	Tonzura-kun (Japan)
Top Gun - Fire at Will! (Europe) (En,Fr,De,Es,It)	81b331c9	115	Top Gun - Fire at Will! (USA)
Top Gun - Fire at Will! (Japan)	f32867bc	97	Top Gun - Fire at Will! (USA)
Top Gun - Fire at Will! (USA)	08b91335	95	Top Gun - Fire at Will! (USA)
Top Shop (USA)	3b3b986f	80	Top Shop (USA)
Topolino e le Sue Avventure (Italy)	569e7b67	3622	Mickey's Wild Adventure (Europe)
Tora! Tora! Tora! (Japan)	06701707	934	Tora! Tora! Tora! (Japan)
Toshinden 4 (Europe)	825abd42	86	Toshinden 4 (Europe)
Total Drivin (Europe) (En,Fr,De,Es,It,Pt)	6db26584	927	Total Drivin (Europe) (En,Fr,De,Es,It,Pt)
Total Eclipse Turbo (Europe)	60ad5b09	94	Total Eclipse Turbo (USA)
Total Eclipse Turbo (Japan)	d5de7bab	93	Total Eclipse Turbo (USA)
Total Eclipse Turbo (USA)	4b7ea409	91	Total Eclipse Turbo (USA)
Total NBA '96 (Europe)	eb601033	88	Total NBA '96 (Europe)
Total NBA '96 (Japan)	a62dabf1	87	Total NBA '96 (Europe)
Total NBA '96 (Japan) (Demo)	03235252	94	Total NBA '96 (Europe)
Total NBA '97 (Europe)	b2062858	88	Total NBA '97 (Europe)
Total NBA '97 (Japan)	7328d78d	87	Total NBA '97 (Europe)
Total NBA '97 (Japan) (Demo)	4e843e98	226	Total NBA '97 (Europe)
Total NBA 98 (Europe)	ac055c48	87	Total NBA 98 (Europe)
Touge Max - Saisoku Drift Master (Japan, Asia)	65c12511	1674	Touge Max - Saisoku Drift Master (Japan, Asia)
Touge Max 2 (Japan)	789e8af7	1692	Touge Max 2 (Japan)
Touge Max G (Japan)	d754ee7e	85	Touge Max G (Japan)
Touge Max G (Japan) (Demo)	05a916d1	92	Touge Max G (Japan)
Touhaiden Akagi (Japan)	e77ce2ec	1280	Touhaiden Akagi (Japan)
Touhou Chinyuuki - Halfling Hearts (Japan)	f7df4f39	254	Touhou Chinyuuki - Halfling Hearts (Japan)
Touki Denshou - Angel Eyes (Japan)	5e77a037	494	Touki Denshou - Angel Eyes (Japan)
Tour Party - Sotsugyou Ryokou ni Ikou (Japan)	b03e4e6c	111	Tour Party - Sotsugyou Ryokou ni Ikou (Japan)
Tournament Leader (Japan)	a8018df9	10302	Tournament Leader (Japan)
Toushinden (Japan)	f2a5cb8f	1564	Toushinden (Japan)
Toushinden (Japan) (Rev 1)	f487b8d5	1676	Toushinden (Japan)
Toushinden - Card Quest (Japan)	92dcbfbb	97	Toushinden - Card Quest (Japan)
Toushinden Subaru (Japan)	1aa15576	91	Toushinden Subaru (Japan)
Tower Dream 2 (Japan)	1fa32be7	3926	Tower Dream 2 (Japan)
Tower, The - Bonus Edition (Japan)	168092f7	100	Tower, The - Bonus Edition (Japan)
Toyomaru Club Vol. 1 - CR Nanasy (Japan)	0c24353d	106	Toyomaru Club Vol. 1 - CR Nanasy (Japan)
Toyota Netz Racing (Japan)	ec0d5347	222	Toyota Netz Racing (Japan)
Toys (Europe) (En,Fr,De)	485b7314	90	Toys (Europe) (En,Fr,De)
Toys Dream (Japan)	264b79af	84	Toys Dream (Japan)
Transformers - Beast Wars (Japan)	56d336be	236	Transformers - Beast Wars (Japan)
Transformers - Beast Wars Metals (Japan)	311a3406	106	Transformers - Beast Wars Metals (Japan)
Transformers - Beast Wars Transmetals (USA)	0ddda03b	109	Transformers - Beast Wars Transmetals (USA)
Transport Tycoon (Europe) (En,Fr,De,Es,It)	c0d4caef	1489	Transport Tycoon (Europe) (En,Fr,De,Es,It)
Transport Tycoon 3D - SL Kara Hajimeyou!! (Japan)	d2603384	1566	Transport Tycoon (Europe) (En,Fr,De,Es,It)
Trap Gunner (Japan)	2e699bc7	85	Trap Gunner (USA)
Trap Gunner (Japan) (Demo)	4974a5ca	92	Trap Gunner (USA)
Trap Gunner (USA)	e11b2214	83	Trap Gunner (USA)
Trap Runner (Europe) (En,Fr,De)	0ca2f9f6	97	Trap Runner (Europe) (En,Fr,De)
Trash It (Europe) (En,Fr,De,Es,It)	105bb5d9	100	Trash It (Europe) (En,Fr,De,Es,It)
Treasure Gear (Japan)	c661acbb	4274	Treasure Gear (Japan)
Treasures of the Deep (Europe)	64a1a7cb	354	Treasures of the Deep (USA)
Treasures of the Deep (France)	08f40b66	354	Treasures of the Deep (USA)
Treasures of the Deep (Germany)	e2783984	357	Treasures of the Deep (USA)
Treasures of the Deep (Italy)	309d4e8d	351	Treasures of the Deep (USA)
Treasures of the Deep (Spain)	f78aa34f	351	Treasures of the Deep (USA)
Treasures of the Deep (USA)	e46cecdd	345	Treasures of the Deep (USA)
Trick'n Snowboarder (Europe)	a04e01ae	94	Trick'n Snowboarder (USA)
Trick'n Snowboarder (USA)	1926005b	91	Trick'n Snowboarder (USA)
Trickshot (Europe)	06675a1d	84	Trickshot (Europe)
Tricky Sliders - Freestyle Snowboard (Japan)	09318280	110	Tricky Sliders - Freestyle Snowboard (Japan)
Triple Play 2000 (USA)	1fed97b0	88	Triple Play 2000 (USA)
Triple Play 2001 (USA)	92ac73e8	88	Triple Play 2001 (USA)
Triple Play 97 (Japan)	29f14898	88	Triple Play 97 (USA)
Triple Play 97 (USA)	f9997143	86	Triple Play 97 (USA)
Triple Play 98 (Japan)	71e6cb8a	88	Triple Play 98 (USA)
Triple Play 98 (USA)	5c97f70f	86	Triple Play 98 (USA)
Triple Play 99 (Japan)	a4e3b7f6	88	Triple Play 99 (USA) (En,Es)
Triple Play 99 (USA) (En,Es)	771830bc	94	Triple Play 99 (USA) (En,Es)
Triple Play Baseball (USA)	abc835d1	92	Triple Play Baseball (USA)
Triple Play Baseball 2000 (Europe)	4724a148	100	Triple Play Baseball 2000 (Europe)
Tripuzz (Japan)	2979a09e	1852	Tripuzz (Japan)
Tron ni Kobun (Japan)	76013085	212	Misadventures of Tron Bonne, The (USA)
Truck Racing (Europe)	d395d9e4	902	Truck Racing (Europe)
Truck Rally (Europe)	f1037015	1362	Truck Rally (Europe)
True Love Story (Japan)	727eb29a	89	True Love Story (Japan)
True Love Story - Remember My Heart (Japan)	62cf6f25	109	True Love Story - Remember My Heart (Japan)
True Love Story 2 (Japan) (Disc 1)	5caa314c	100	True Love Story 2 (Japan) (Disc 1)
True Love Story 2 (Japan) (Disc 2)	5df7179d	100	True Love Story 2 (Japan) (Disc 1)
True Love Story 2 (Japan) (Disc 3)	ebecf7ed	100	True Love Story 2 (Japan) (Disc 1)
True Love Story Fan Disc (Japan)	f56ac6ab	98	True Love Story Fan Disc (Japan)
True Pinball (Europe)	11b319ea	5782	True Pinball (USA)
True Pinball (USA)	523ab8db	5632	True Pinball (USA)
Trump Shiyou yo! (Japan)	c52ea5b0	1529	Trump Shiyou yo! (Japan)
Trump Shiyou yo! (Japan) (Fukkokuban)	a1846691	1698	Trump Shiyou yo! (Japan)
Tsumu (Japan)	4198ac7a	79	Tsumu (Japan)
Tsumu Light (Japan)	5354172d	85	Tsumu Light (Japan)
TsunTsun-gumi - Suuji de PuniPuni (Japan)	ffe895fe	107	TsunTsun-gumi - Suuji de PuniPuni (Japan)
TsunTsun-gumi 2 - MojiMoji Pakkun (Japan)	3bca050f	107	TsunTsun-gumi 2 - MojiMoji Pakkun (Japan)
TsunTsun-gumi 3 - Kanji Vader (Japan)	3bbfa8c8	103	TsunTsun-gumi 3 - Kanji Vader (Japan)
Tsuri Baka Nisshi (Japan)	2796af42	1053	Tsuri Baka Nisshi (Japan)
Tsuridou - Keiryuu Mizuumi-hen (Japan)	ddc1fe47	104	Tsuridou - Keiryuu Mizuumi-hen (Japan)
Tsuridou - Umizuri-hen (Japan)	a981f293	1357	Tsuridou - Umizuri-hen (Japan)
Tsuridou - Umizuri-hen (Japan) (PlayStation the Best)	c104fc7d	1462	Tsuridou - Umizuri-hen (Japan)
Tsuukai!! Slot Shooting (Japan)	8ab89e3a	1494	Tsuukai!! Slot Shooting (Japan)
Tunguska - Legend of Faith (Europe) (En,Fr,De,Es,It)	4148a185	118	Tunguska - Legend of Faith (Europe) (En,Fr,De,Es,It)
Tunnel B1 (Europe) (En,Fr,De,Es,It)	348a6cfb	1932	Tunnel B1 (USA)
Tunnel B1 (USA)	f7d5beff	1632	Tunnel B1 (USA)
Tunnel B1 + X2 - No Relief + Break Point + Cheesy (Europe)	da80ab78	124	Tunnel B1 + X2 - No Relief + Break Point + Cheesy (Europe)
Turbo Prop Racing (USA)	c4ee8036	1035	Turbo Prop Racing (USA)
Turf Wind '96 - Take Yutaka Kyousouba Ikusei Game (Japan)	978de387	123	Turf Wind '96 - Take Yutaka Kyousouba Ikusei Game (Japan)
Turnabout (Europe)	dabac20f	1112	Turnabout (USA)
Turnabout (USA)	c35e4533	1082	Turnabout (USA)
Tweenies - Game Time (Europe)	52a1f458	228	Tweenies - Game Time (Europe)
Twilight Syndrome (Japan) (Demo)	15ae130c	98	Twilight Syndrome - Saikai (Japan)
Twilight Syndrome - Kyuumei-hen (Japan)	1006881c	105	Twilight Syndrome - Kyuumei-hen (Japan)
Twilight Syndrome - Saikai (Japan)	914f1468	100	Twilight Syndrome - Saikai (Japan)
Twilight Syndrome - Tansaku-hen (Japan)	48029f2d	105	Twilight Syndrome - Tansaku-hen (Japan)
Twilight Syndrome - The Memorize (Japan)	271142d4	106	Twilight Syndrome - Tansaku-hen (Japan)
Twin Goddesses (Japan)	54ebc87f	1503	Twin Goddesses (Japan)
TwinBee RPG (Japan, Asia)	017e09b9	91	TwinBee RPG (Japan, Asia)
TwinBee Taisen Puzzle-dama (Japan)	3207c5f5	238	TwinBee Taisen Puzzle-dama (Japan)
Twins Story - Kimi ni Tsutaetakute... (Japan)	6d5011c6	111	Twins Story - Kimi ni Tsutaetakute... (Japan)
Twisted Metal (Europe)	0cd4644c	1026	Twisted Metal (USA)
Twisted Metal (Japan)	19a08314	1017	Twisted Metal (USA)
Twisted Metal (USA)	ddf3727e	999	Twisted Metal (USA)
Twisted Metal - Small Brawl (USA)	72676df7	99	Twisted Metal - Small Brawl (USA)
Twisted Metal - World Tour (Europe)	1826c904	1542	Twisted Metal - World Tour (Europe)
Twisted Metal 2 (USA)	ea3d72cd	1374	Twisted Metal 2 (USA)
Twisted Metal 4 (USA) (Demo)	7540898d	348	Twisted Metal 4 (USA, Canada)
Twisted Metal 4 (USA) (Rev 1)	d7db1875	2834	Twisted Metal 4 (USA, Canada)
Twisted Metal 4 (USA, Canada)	a0ed6362	2834	Twisted Metal 4 (USA, Canada)
Twisted Metal EX - World Tour (Japan)	3e1fb3e8	1566	Twisted Metal EX - World Tour (Japan)
Twisted Metal III (USA)	696d7128	4348	Twisted Metal III (USA)
Twisted Metal III (USA) (Demo)	f3f5a521	230	Twisted Metal III (USA)
Twisted Metal III (USA) (Rev 1)	b1748dab	4644	Twisted Metal III (USA)
Two-Ten Kaku (Japan)	066862d2	324	Two-Ten Kaku (Japan)
Tyco R-C - Assault with a Battery (USA)	6d7f692f	1322	Tyco R-C - Assault with a Battery (USA)
Tyco R-C - Assault with a Battery (USA) (Demo)	7f2351e0	112	Tyco R-C - Assault with a Battery (USA)
U-SA (Japan)	3897e366	1052	U-SA (Japan)
U.P.P. (Japan)	ea1769eb	846	U.P.P. (Japan)
U.S. Navy Fighters (Japan)	3251b38e	92	U.S. Navy Fighters (Japan)
UEFA Challenge (Europe) (En,Fr,De,Nl)	055d9250	103	UEFA Challenge (Europe) (En,Fr,De,Nl)
UEFA Challenge (Europe) (Fr,Es,It,Pt)	3f33b590	103	UEFA Challenge (Europe) (En,Fr,De,Nl)
UEFA Champions League - Saison 1998-99 (France)	8e2510bb	405	UEFA Champions League - Saison 1998-99 (France)
UEFA Champions League - Saison 1998-99 (Germany)	1f03c5ba	408	UEFA Champions League - Saison 1998-99 (France)
UEFA Champions League - Season 1998-99 (Europe)	75b48cb4	405	UEFA Champions League - Season 1998-99 (Europe)
UEFA Champions League - Season 1999-2000 (Europe)	1b1da91c	411	UEFA Champions League - Season 1999-2000 (Europe)
UEFA Champions League - Season 1999-2000 (Europe) (Beta) (2000-02-16)	bd8e970f	471	UEFA Champions League - Season 1999-2000 (Europe)
UEFA Champions League - Season 1999-2000 (France)	5c181d5d	411	UEFA Champions League - Season 1999-2000 (Europe)
UEFA Champions League - Season 1999-2000 (Germany)	291d9593	414	UEFA Champions League - Season 1999-2000 (Europe)
UEFA Champions League - Season 1999-2000 (Italy)	092c302e	408	UEFA Champions League - Season 1999-2000 (Europe)
UEFA Champions League - Season 1999-2000 (Spain)	f7b564c5	408	UEFA Champions League - Season 1999-2000 (Europe)
UEFA Champions League - Season 2000-2001 (Europe)	c5eb5ad0	554	UEFA Champions League - Season 2000-2001 (Europe)
UEFA Champions League - Season 2000-2001 (France)	d6f9d04c	554	UEFA Champions League - Season 2000-2001 (Europe)
UEFA Champions League - Season 2000-2001 (Germany)	edd5d37c	558	UEFA Champions League - Season 2000-2001 (Europe)
UEFA Champions League - Season 2000-2001 (Italy)	7e736b40	550	UEFA Champions League - Season 2000-2001 (Europe)
UEFA Champions League - Season 2000-2001 (Spain)	8543c0ae	550	UEFA Champions League - Season 2000-2001 (Europe)
UEFA Champions League - Stagione 1998-99 (Italy)	ad7bbcff	408	UEFA Champions League - Season 1998-99 (Europe)
UEFA Champions League - Temporada 1998-99 (Spain)	be0c6d89	411	UEFA Champions League - Season 1998-99 (Europe)
UEFA Euro 2000 (Europe)	6838e070	89	UEFA Euro 2000 (Europe)
UEFA Euro 2000 (France)	4e305175	89	UEFA Euro 2000 (Europe)
UEFA Euro 2000 (Germany)	44de9b7b	90	UEFA Euro 2000 (Europe)
UEFA Euro 2000 (Italy)	44b7010c	88	UEFA Euro 2000 (Europe)
UEFA Euro 2000 (Spain)	19f3f0d4	88	UEFA Euro 2000 (Europe)
UEFA Striker (Europe) (En,Fr,De,Es,It,Nl)	96464bc4	107	UEFA Striker (Europe) (En,Fr,De,Es,It,Nl)
UFC - Ultimate Fighting Championship (Japan)	1e581c34	110	UFC - Ultimate Fighting Championship (Japan)
UFO - A Day in the Life (Japan)	4882df58	97	UFO - A Day in the Life (Japan)
US Racer (Europe) (En,Fr,De,Nl)	85e57e71	97	US Racer (Europe) (En,Fr,De,Nl)
Ubik (Europe) (En,Fr,De)	3fa3e6e3	690	Ubik (Europe) (En,Fr,De)
Uchi ni Pochi ga Yattekita in my Pocket (Japan)	9933ba9c	113	Uchi ni Pochi ga Yattekita in my Pocket (Japan)
Uchuu Goushouden - Bakuretsu Akindo (Japan)	170bf3f8	3018	Uchuu Goushouden - Bakuretsu Akindo (Japan)
Uchuu Seibutsu Flopon-kun P! (Japan)	1de523a6	1022	Uchuu Seibutsu Flopon-kun P! (Japan)
Uchuu Senkan Yamato - Eiyuu no Kiseki (Japan)	544e79b7	111	Uchuu Senkan Yamato - Eiyuu no Kiseki (Japan)
Uchuu Senkan Yamato - Haruka naru Hoshi Iscandar (Japan)	19e9c634	122	Uchuu Senkan Yamato - Haruka naru Hoshi Iscandar (Japan)
Uchuu Senkan Yamato - Haruka naru Hoshi Iscandar (Japan) (Rev 1)	3568419d	130	Uchuu Senkan Yamato - Haruka naru Hoshi Iscandar (Japan)
Uchuu no Rendezvous - Rama (Japan) (Disc 1)	395e3623	109	Uchuu no Rendezvous - Rama (Japan) (Disc 1)
Uchuu no Rendezvous - Rama (Japan) (Disc 2)	380310f2	109	Uchuu no Rendezvous - Rama (Japan) (Disc 1)
Ugetsu Kitan (Japan)	76415e80	438	Ugetsu Kitan (Japan)
Uki Uki Tsuri Tengoku - Gyoshin Densetsu o Oe (Japan)	9ba723ca	276	Uki Uki Tsuri Tengoku - Gyoshin Densetsu o Oe (Japan)
Uki Uki Tsuri Tengoku - Kawa Monogatari (Japan)	8f3ba995	969	Uki Uki Tsuri Tengoku - Kawa Monogatari (Japan)
Uki Uki Tsuri Tengoku - Ningyo Densetsu no Nazo (Japan)	a48c117b	1025	Uki Uki Tsuri Tengoku - Ningyo Densetsu no Nazo (Japan)
Uki Uki Tsuri Tengoku - Ningyo Densetsu no Nazo (Japan) (Dual Shock Edition)	7d4a6a9b	1172	Uki Uki Tsuri Tengoku - Ningyo Densetsu no Nazo (Japan)
Ultima Underworld - The Stygian Abyss (Japan)	69f12e74	538	Ultima Underworld - The Stygian Abyss (Japan)
Ultima Underworld - The Stygian Abyss (Japan) (Rev 1)	a95edc04	570	Ultima Underworld - The Stygian Abyss (Japan)
Ultimate 8 Ball (USA)	f00be595	2650	Ultimate 8 Ball (USA)
Ultimate Brain Games (Europe)	fc7c382f	1718	Ultimate Brain Games (USA)
Ultimate Brain Games (USA)	0a369b96	1676	Ultimate Brain Games (USA)
Ultimate Fighting Championship (Europe)	97ec74ae	105	Ultimate Fighting Championship (USA)
Ultimate Fighting Championship (USA)	07c62da8	102	Ultimate Fighting Championship (USA)
Ultimate Fighting Championship (USA) (Trade Demo)	fab1777b	115	Ultimate Fighting Championship (USA)
Ultraman - Fighting Evolution (Japan)	df09c5a3	103	Ultraman - Fighting Evolution (Japan)
Ultraman - Fighting Evolution (Japan) (Demo)	a7e1a234	110	Ultraman - Fighting Evolution (Japan)
Ultraman Tiga & Ultraman Dyna - Arata naru Futatsu no Hikari (Japan)	0e1603d9	4546	Ultraman Tiga & Ultraman Dyna - Arata naru Futatsu no Hikari (Japan)
Ultraman Zearth (Japan)	b8d14af0	216	Ultraman Zearth (Japan)
Um Jammer Lammy (Europe) (En,Fr,De,Es,It)	a696377d	107	Um Jammer Lammy (USA)
Um Jammer Lammy (Japan)	e7136de9	89	Um Jammer Lammy (USA)
Um Jammer Lammy (Japan) (Demo)	ad1a44ed	96	Um Jammer Lammy (USA)
Um Jammer Lammy (USA)	ebf2c154	87	Um Jammer Lammy (USA)
Um Jammer Lammy (USA) (Demo)	dd04eacf	94	Um Jammer Lammy (USA)
Umapoly (Japan)	20495954	81	Umapoly (Japan)
Umezawa Yukari no Taikyoku Igo - Heisei Kiin II (Japan)	52bd183f	578	Umezawa Yukari no Taikyoku Igo - Heisei Kiin II (Japan)
Umi no Nushi-tsuri - Takarajima ni Mukatte (Japan)	d8021bd5	116	Umi no Nushi-tsuri - Takarajima ni Mukatte (Japan)
Umi no Nushi-tsuri - Takarajima ni Mukatte (Japan) (Demo)	ea6a33d2	123	Umi no Nushi-tsuri - Takarajima ni Mukatte (Japan)
Umi no Oh! Yah! (Japan)	d7731f0b	333	Umi no Oh! Yah! (Japan)
Umi no Oh! Yah! (Japan) (Demo)	19cdb192	96	Umi no Oh! Yah! (Japan)
Umihara Kawase Shun (Japan)	69a2fc52	93	Umihara Kawase Shun (Japan)
Umihara Kawase Shun - Second Edition (Japan)	17c987a9	258	Umihara Kawase Shun - Second Edition (Japan)
UnGro Walker (Japan)	7ca5c467	86	UnGro Walker (Japan)
Undou Busoku Kaishou! Punch de Diet (Japan)	b93dd0f4	109	Undou Busoku Kaishou! Punch de Diet (Japan)
Unholy War, The (Europe) (Demo)	736b4c6b	97	Unholy War, The (USA)
Unholy War, The (Europe) (En,Fr,De,Es,It)	9f8ac568	107	Unholy War, The (USA)
Unholy War, The (USA)	657b0f3d	87	Unholy War, The (USA)
Unholy War, The (USA) (Demo)	59b88fd6	94	Unholy War, The (USA)
Universal Nuts (Japan)	b01c5a09	562	Universal Nuts (Japan)
Universal Virtua Pachi-Slot - Hisshou Kouryakuhou (Japan)	931df91b	1806	Universal Virtua Pachi-Slot - Hisshou Kouryakuhou (Japan)
Universal-ki Kanzen Kaiseki - Pachi-Slot Simulator (Japan)	35935df1	286	Universal-ki Kanzen Kaiseki - Pachi-Slot Simulator (Japan)
Uno (Japan)	58137616	507	Uno (Japan)
Unsolved, The - Hyper Science Adventure (Japan) (Disc 1)	0fb86625	432	Unsolved, The - Hyper Science Adventure (Japan) (Disc 1)
Unsolved, The - Hyper Science Adventure (Japan) (Disc 2)	f28237c0	432	Unsolved, The - Hyper Science Adventure (Japan) (Disc 1)
Unsolved, The - Hyper Science Adventure (Japan) (Disc 3)	10bb055c	432	Unsolved, The - Hyper Science Adventure (Japan) (Disc 1)
Unstack (Japan)	d8a26709	1082	Unstack (Japan)
Uprising X (USA)	c7249231	422	Uprising X (USA)
Uranai 2, The - Mainichi no Tarot Uranai (Japan)	da9a4439	114	Uranai 2, The - Mainichi no Tarot Uranai (Japan)
Uranai 3, The - Mainichi no Houi Uranai (Japan)	aa35aaed	113	Uranai 3, The - Mainichi no Houi Uranai (Japan)
Uranai 4, The - Harapeko Kuma no Kaiun Kabbalah Uranai (Japan)	f3552754	128	Uranai 4, The - Harapeko Kuma no Kaiun Kabbalah Uranai (Japan)
Uranai 5, The - Shinpi no Rune Uranai (Japan)	26b5e0d8	111	Uranai 5, The - Shinpi no Rune Uranai (Japan)
Uranai 6, The - Suisei-san no Tottemo Kyuusei Senseijutsu (Japan)	559466d8	131	Uranai 6, The - Suisei-san no Tottemo Kyuusei Senseijutsu (Japan)
Uranai, The - Ren'ai Seiza Uranai (Japan)	aadd7205	107	Uranai, The - Ren'ai Seiza Uranai (Japan)
Urawaza Mahjong - Korette Tenwatte Yatsukai (Japan)	3028ff48	117	Urawaza Mahjong - Korette Tenwatte Yatsukai (Japan)
Urban Chaos (Europe) (En,Es,It)	abc474f1	97	Urban Chaos (USA)
Urban Chaos (France)	26b8ccd6	86	Urban Chaos (USA)
Urban Chaos (Germany)	0b69e1b4	87	Urban Chaos (USA)
Urban Chaos (USA)	7632573f	83	Urban Chaos (USA)
Urban Chaos (USA) (Beta) (1999-08-30)	cc61d0e4	103	Urban Chaos (USA)
Utauta Woo - Seirei-Songs (Japan)	d9ff845f	99	Utauta Woo - Seirei-Songs (Japan)
Utchan Nanchan no Honoo no Challenger - Denryuu Iraira-bou Returns (Japan) (Demo)	d9338d08	147	Utchan Nanchan no Honoo no Challenger - Denryuu Iraira-bou Returns (Japan, Asia)
Utchan Nanchan no Honoo no Challenger - Denryuu Iraira-bou Returns (Japan, Asia)	97c7f43e	146	Utchan Nanchan no Honoo no Challenger - Denryuu Iraira-bou Returns (Japan, Asia)
V-Ball - Beach Volley Heroes (Europe)	a4dec26a	2886	V-Ball - Beach Volley Heroes (Europe)
V-Beach Volleyball (Europe) (En,Fr,De,Es,It) (Beta) (2000-04-21)	c23bd9fe	130	Beach Volleyball (Europe) (En,Fr,De,Es,It)
V-Rally - 97 Championship Edition (Europe) (En,Fr,De)	de89ab3c	1610	V-Rally - 97 Championship Edition (Europe) (En,Fr,De)
V-Rally - 97 Championship Edition (Europe) (En,Fr,De) (Rev 1)	9353c384	1698	V-Rally - 97 Championship Edition (Europe) (En,Fr,De)
V-Rally - 97 Championship Edition (Europe) (En,Fr,De) (Rev 2)	ed562945	1698	V-Rally - 97 Championship Edition (Europe) (En,Fr,De)
V-Rally - Championship Edition (Japan)	2c1bc0c0	1445	V-Rally - Championship Edition (Japan)
V-Rally - Championship Edition (Japan) (Demo)	f3b98a0b	111	V-Rally - Championship Edition (Japan)
V-Rally - Championship Edition 2 (Europe) (Demo)	e47593bc	114	V-Rally - Championship Edition 2 (Europe) (En,Fr,De)
V-Rally - Championship Edition 2 (Europe) (En,Fr,De)	b9cd0f1d	1150	V-Rally - Championship Edition 2 (Europe) (En,Fr,De)
V-Rally - Championship Edition 2 (Japan)	a36336a4	1054	V-Rally - Championship Edition 2 (Europe) (En,Fr,De)
V-Rally - Championship Edition 2 (Japan) (Demo)	c7c4a395	113	V-Rally - Championship Edition 2 (Europe) (En,Fr,De)
V-Tennis (Europe)	bddb14f0	204	V-Tennis (USA)
V-Tennis (Japan)	40dfb128	312	V-Tennis (USA)
V-Tennis (USA)	336c73f8	306	V-Tennis (USA)
V-Tennis 2 (Japan)	168b69b6	84	V-Tennis 2 (Japan)
V.I.P. (Europe) (En,Fr,De,Es,It)	14dede3a	98	V.I.P. (USA)
V.I.P. (USA)	0929a772	78	V.I.P. (USA)
V2000 (Europe) (En,Fr,De,Es,It)	6ada4ce0	1107	V2000 (Europe) (En,Fr,De,Es,It)
V2000 (Europe) (En,Fr,De,Es,It) (Demo)	49b0ae55	1170	V2000 (Europe) (En,Fr,De,Es,It)
VMX Racing (Europe)	891170d9	1350	VMX Racing (USA)
VMX Racing (USA)	f30cbb45	1314	VMX Racing (USA)
VR Baseball '97 (Europe)	6edccd63	454	VR Baseball '97 (USA)
VR Baseball '97 (USA)	001de9b3	442	VR Baseball '97 (USA)
VR Baseball 99 (Europe)	1e285dc0	216	VR Baseball 99 (USA)
VR Baseball 99 (USA)	b6e1fd16	210	VR Baseball 99 (USA)
VR Golf '97 (USA) (En,Fr)	e6a642cf	220	VR Golf '97 (USA) (En,Fr)
VR Soccer '96 (USA, Canada)	c20fbf52	224	VR Soccer '96 (USA, Canada)
VR Sports Powerboat Racing (Europe) (Demo)	9f7e6519	390	VR Sports Powerboat Racing (USA)
VR Sports Powerboat Racing (Europe) (En,Fr,De,Es,It)	d7a2844b	3216	VR Sports Powerboat Racing (USA)
VR Sports Powerboat Racing (USA)	3cb06d7a	2649	VR Sports Powerboat Racing (USA)
Vadims (Japan)	4b59ae02	1072	Vadims (Japan)
Vagrant Story (Europe)	4e105ecd	88	Vagrant Story (USA)
Vagrant Story (France)	6818efc8	88	Vagrant Story (USA)
Vagrant Story (Germany)	f1287cf4	89	Vagrant Story (USA)
Vagrant Story (Japan, Asia)	ecee9f9b	93	Vagrant Story (USA)
Vagrant Story (USA)	4938b87b	85	Vagrant Story (USA)
Valkyrie Profile (Japan) (Disc 1)	943ac13c	99	Valkyrie Profile (USA) (Disc 1)
Valkyrie Profile (Japan) (Disc 1) (Deluxe Pack)	2403fcab	113	Valkyrie Profile (USA) (Disc 1)
Valkyrie Profile (Japan) (Disc 1) (Rev 1)	fef67e04	107	Valkyrie Profile (USA) (Disc 1)
Valkyrie Profile (Japan) (Disc 2)	9567e7ed	99	Valkyrie Profile (USA) (Disc 1)
Valkyrie Profile (Japan) (Disc 2) (Deluxe Pack)	6db529a8	113	Valkyrie Profile (USA) (Disc 1)
Valkyrie Profile (Japan) (Disc 2) (Rev 1)	155c36b9	107	Valkyrie Profile (USA) (Disc 1)
Valkyrie Profile (USA) (Disc 1)	cd7413dc	97	Valkyrie Profile (USA) (Disc 1)
Valkyrie Profile (USA) (Disc 2)	cc29350d	97	Valkyrie Profile (USA) (Disc 1)
Value 1500 - The Shanghai (Japan)	ee389360	2798	Value 1500 - The Shanghai (Japan)
Value 1500 - The Shikinjou (Japan)	2c93057e	2820	Value 1500 - The Shikinjou (Japan)
Vampir - Kyuuketsuki Densetsu (Japan)	34d40bce	244	Vampir - Kyuuketsuki Densetsu (Japan)
Vampire - The Night Warriors (Japan)	840cccc9	6139	Vampire - The Night Warriors (Japan)
Vampire Hunter D (Europe) (En,Fr,De)	3aa202ee	102	Vampire Hunter D (USA)
Vampire Hunter D (Japan)	e1c08cc3	90	Vampire Hunter D (USA)
Vampire Hunter D (Japan) (Rev 1)	785a399b	98	Vampire Hunter D (USA)
Vampire Hunter D (USA)	0f1e420c	88	Vampire Hunter D (USA)
Vampire Savior - EX Edition (Japan)	1d339627	101	Vampire Savior - EX Edition (Japan)
Vanark (USA)	40a7aa01	1266	Vanark (USA)
Vandal Hearts (Asia)	3bff7e92	101	Vandal Hearts (USA)
Vandal Hearts (Europe) (En,Fr,De)	8e7e05d0	114	Vandal Hearts (USA)
Vandal Hearts (USA)	149e3744	100	Vandal Hearts (USA)
Vandal Hearts - Ushinawareta Kodai Bunmei (Japan)	f28b4c34	130	Vandal Hearts - Ushinawareta Kodai Bunmei (Japan)
Vandal Hearts - Ushinawareta Kodai Bunmei (Japan) (Demo)	3961e2b4	137	Vandal Hearts - Ushinawareta Kodai Bunmei (Japan)
Vandal Hearts II (Europe) (En,Fr,De)	34fa4d2d	102	Vandal Hearts II (USA)
Vandal Hearts II (Italy)	16cd8ec7	105	Vandal Hearts II (USA)
Vandal Hearts II (Spain)	32a94bc7	105	Vandal Hearts II (USA)
Vandal Hearts II (USA)	ecf4c590	88	Vandal Hearts II (USA)
Vandal Hearts II - Tenjou no Mon (Japan)	d27d13b2	106	Vandal Hearts II - Tenjou no Mon (Japan)
Vanguard Bandits (USA)	0827855d	88	Vanguard Bandits (USA)
Vanguard Bandits (USA) (Beta) (2000-03-22)	6c14caac	108	Vanguard Bandits (USA)
Vanishing Point (Europe) (En,Fr,De,Es)	b5780e64	1844	Vanishing Point (USA)
Vanishing Point (Italy)	998c71fc	1634	Vanishing Point (USA)
Vanishing Point (USA)	f078dd09	1606	Vanishing Point (USA)
Vegas Casino (Europe)	2365feb0	1490	Vegas Casino (Europe)
Vegas Games 2000 (USA)	954e1059	88	Vegas Games 2000 (USA)
Vehicle Cavalier (Japan)	0ea3341e	572	Vehicle Cavalier (Japan)
Velldeselba Senki - Tsubasa no Kunshou (Japan)	5f493b36	112	Velldeselba Senki - Tsubasa no Kunshou (Japan)
Velldeselba Senki - Tsubasa no Kunshou (Japan) (Demo)	80236db4	119	Velldeselba Senki - Tsubasa no Kunshou (Japan)
Vem vill bli Miljonaer (Sweden)	b741c575	97	Who Wants to Be a Millionaire (Europe)
Vermin Kids (Japan)	800d261e	3858	Vermin Kids (Japan)
Verrat in der Verbotenen Stadt (Germany)	54a2e6c7	106	Verrat in der Verbotenen Stadt (Germany)
Versailles - A Game of Intrigue (Europe)	c578fac6	106	Versailles - A Game of Intrigue (Europe)
Versailles - Complot a la Cour du Roi Soleil (France)	603872d0	119	Versailles - Complot a la Cour du Roi Soleil (France)
Versailles - Complotto alla Corte del Re Sole (Italy)	0d3fc2e2	119	Versailles - A Game of Intrigue (Europe)
Versailles - Verschwoerung am Hof (Germany)	277040d3	109	Versailles - Verschwoerung am Hof (Germany)
Versalles - Complot en la Corte del Rey Sol (Spain)	5a942a0b	117	Versalles - Complot en la Corte del Rey Sol (Spain)
Vib-Ribbon (Europe) (En,Fr,De,Es,It)	3900eba5	1022	Vib-Ribbon (Europe) (En,Fr,De,Es,It)
Vib-Ribbon (Europe) (En,Fr,De,Es,It) (Beta) (2000-06-13)	8e714d58	1182	Vib-Ribbon (Europe) (En,Fr,De,Es,It)
Vib-Ribbon (Japan) (Demo)	b0d04509	458	Vib-Ribbon (Europe) (En,Fr,De,Es,It)
Vib-Ribbon (Japan, Asia)	8b4a6f0d	926	Vib-Ribbon (Europe) (En,Fr,De,Es,It)
Victory Boxing (Japan)	0692ca9e	88	Victory Boxing (Japan)
Victory Boxing 2 (Europe)	fcf2b68a	1542	Victory Boxing 2 (Europe)
Victory Boxing 2 (Europe) (Demo)	891ed074	612	Victory Boxing 2 (Europe)
Victory Boxing Challenger (Europe) (En,Fr,De,Es)	07c91b52	114	Victory Boxing Challenger (Europe) (En,Fr,De,Es)
Victory Boxing Champion Edition (Europe)	a51d6f7f	3627	Victory Boxing Champion Edition (Europe)
Victory Boxing Contender (Europe)	c58535a5	99	Victory Boxing Contender (Europe)
Victory Spike (Japan)	765a6642	1490	Victory Spike (Japan)
Victory Zone (Japan)	8224c95f	86	Victory Zone (Japan)
Victory Zone 2 (Japan)	79dc1d02	1026	Victory Zone 2 (Japan)
Viewpoint (Europe)	f1f719c4	318	Viewpoint (USA)
Viewpoint (USA)	f14e8d27	309	Viewpoint (USA)
Vigilante 8 (Europe)	ec6fa074	1477	Vigilante 8 (USA)
Vigilante 8 (Europe) (Demo)	01b926c5	224	Vigilante 8 (USA)
Vigilante 8 (France)	76b56504	1477	Vigilante 8 (USA)
Vigilante 8 (Germany)	db6f228d	1490	Vigilante 8 (USA)
Vigilante 8 (Italy)	cccf60e9	1464	Vigilante 8 (USA)
Vigilante 8 (Japan)	2dc498e6	1464	Vigilante 8 (USA)
Vigilante 8 (Japan) (Demo)	b3d01271	342	Vigilante 8 (USA)
Vigilante 8 (USA)	8ec6135f	1438	Vigilante 8 (USA)
Vigilante 8 (USA) (Beta) (1998-03-30)	38224f54	1698	Vigilante 8 (USA)
Vigilante 8 (USA) (Demo)	6637add6	1291	Vigilante 8 (USA)
Vigilante 8 (USA) (Rev 1)	bfee6451	1542	Vigilante 8 (USA)
Vigilante 8 - 2nd Battle (Japan)	6976af96	2141	Vigilante 8 - 2nd Battle (Japan)
Vigilante 8 - 2nd Offense (Europe)	979c8681	2175	Vigilante 8 - 2nd Offense (USA)
Vigilante 8 - 2nd Offense (USA)	1bdad73d	2124	Vigilante 8 - 2nd Offense (USA)
Vil du bli millionaer (Norway)	64cbbf61	96	Who Wants to Be a Millionaire (Europe)
Viper (Europe) (En,Fr,De,Es,It)	3c6f8732	1746	Viper (Europe) (En,Fr,De,Es,It)
Virtua Pachi-Slot - Olympia Special (Japan)	433dd021	1215	Virtua Pachi-Slot - Olympia Special (Japan)
Virtua Pachi-Slot 7 - Kita Denshi, Olympia (Japan)	e11cec63	990	Virtua Pachi-Slot 7 - Kita Denshi, Olympia (Japan)
Virtua Pachi-Slot EX (Japan)	9c79fd9d	836	Virtua Pachi-Slot EX (Japan)
Virtua Pachi-Slot V - Yamasa, Kita Denshi, Olympia (Japan)	5c435ce9	1046	Virtua Pachi-Slot V - Yamasa, Kita Denshi, Olympia (Japan)
Virtua Pachi-Slot VI (Japan)	1072ab9f	836	Virtua Pachi-Slot VI (Japan)
Virtual Bowling - Ten Pin Alley no Kiseki (Japan)	4dc29807	3150	Virtual Bowling - Ten Pin Alley no Kiseki (Japan)
Virtual Gallop - Kishudou (Japan)	a61b2dbc	4078	Virtual Gallop - Kishudou (Japan)
Virtual Gallop - Kishudou (Japan) (Genteiban)	fbcd99a1	4462	Virtual Gallop - Kishudou (Japan)
Virtual Golf (Europe) (En,Fr,De)	ce907172	3411	Virtual Golf (Europe) (En,Fr,De)
Virtual Hiryuu no Ken (Japan)	e8c256c7	2338	Virtual Hiryuu no Ken (Japan)
Virtual Hiryuu no Ken (Japan) (Demo)	de247e74	892	Virtual Hiryuu no Ken (Japan)
Virtual Kasparov (Europe) (En,Fr,De,Es,It,Nl)	3c8edf3c	677	Virtual Kasparov (USA) (En,Fr,Es)
Virtual Kasparov (USA) (En,Fr,Es)	0c72b2e8	617	Virtual Kasparov (USA) (En,Fr,Es)
Virtual Kyoutei '98 (Japan)	01c61dd5	93	Virtual Kyoutei '98 (Japan)
Virtual Kyoutei '99 (Japan)	d4c361a9	93	Virtual Kyoutei '99 (Japan)
Virtual Kyoutei 2000 (Japan)	4f2ffdfb	2196	Virtual Kyoutei 2000 (Japan)
Virtual Kyoutei 21 (Japan)	e4d12349	2402	Virtual Kyoutei 21 (Japan)
Virtual Pool (Europe)	c02c0d9f	87	Virtual Pool (USA)
Virtual Pool (USA)	1ddad987	84	Virtual Pool (USA)
Virtual Pool 3 (USA)	ca28033e	86	Virtual Pool 3 (USA)
Virtual Pro Wrestling (Japan)	2d4a0d4c	2214	Virtual Pro Wrestling (Japan)
Virus - It Is Aware (Europe) (En,Fr,De,Es,It)	36e98ed9	1662	Virus - It Is Aware (Europe) (En,Fr,De,Es,It)
Virus - The Battle Field (Japan)	317888c4	98	Virus - The Battle Field (Japan)
Visiteurs, Les - La Relique de Sainte Rolande (France)	fa5e53a9	1770	Visiteurs, Les - La Relique de Sainte Rolande (France)
Viva Football (Europe) (En,Fr,De,Es,It,Pt)	9877f511	108	Viva Football (Europe) (En,Fr,De,Es,It,Pt)
Viva Football (Europe) (En,Fr,De,Es,It,Pt) (Demo)	5450c53a	115	Viva Football (Europe) (En,Fr,De,Es,It,Pt)
Viva Football (Europe) (En,Fr,De,Es,It,Pt) (Rev 1)	b69f7c71	116	Viva Football (Europe) (En,Fr,De,Es,It,Pt)
Viva Football (Europe) (En,Fr,De,Es,It,Pt) (Rev 2)	b7c25aa0	116	Viva Football (Europe) (En,Fr,De,Es,It,Pt)
Viva Soccer (USA) (En,Fr,De,Es,It,Pt)	25a8b3e4	103	Viva Soccer (USA) (En,Fr,De,Es,It,Pt)
Voice Fantasia - Ushinawareta Voice Power (Japan)	9a6a65f1	115	Voice Fantasia - Ushinawareta Voice Power (Japan)
Voice Idol Collection - Pool Bar Story (Japan) (Disc 1)	607161b2	1632	Voice Idol Collection - Pool Bar Story (Japan) (Disc 1)
Voice Idol Collection - Pool Bar Story (Japan) (Disc 2)	814603a9	280	Voice Idol Collection - Pool Bar Story (Japan) (Disc 1)
Voice Paradice Excella (Japan) (Disc 1)	1b14d8aa	1724	Voice Paradice Excella (Japan) (Disc 1)
Voice Paradice Excella (Japan) (Disc 2)	ea16cee7	514	Voice Paradice Excella (Japan) (Disc 1)
Volfoss (Japan)	1f7e0011	81	Volfoss (Japan)
Vs. (Europe)	48d1f681	78	Vs. (USA)
Vs. (USA)	f03fc46f	75	Vs. (USA)
WCW Backstage Assault (Europe)	bea3dbc4	96	WCW Backstage Assault (USA)
WCW Backstage Assault (USA)	ed46867e	93	WCW Backstage Assault (USA)
WCW Mayhem (Europe)	0dbbe71f	85	WCW Mayhem (USA)
WCW Mayhem (USA)	0654d6ea	82	WCW Mayhem (USA)
WCW Nitro (Europe)	a0bd0780	766	WCW Nitro (USA)
WCW Nitro (Europe) (Demo)	603629c2	339	WCW Nitro (USA)
WCW Nitro (USA)	91849a94	745	WCW Nitro (USA)
WCW vs. the World (Europe)	ba94e8bd	2160	WCW vs. the World (USA)
WCW vs. the World (USA)	64f0e110	2106	WCW vs. the World (USA)
WCW-nWo Thunder (Europe)	ae2eacf1	690	WCW-nWo Thunder (USA)
WCW-nWo Thunder (USA)	e8219fba	672	WCW-nWo Thunder (USA)
WM Nationalspieler (Germany)	34e1f8da	94	WM Nationalspieler (Germany)
WRC - FIA World Rally Championship Arcade (Europe) (En,Fr,De,Es,It,Nl,Pt,Sv,No,Da,Fi)	79fa4e62	151	WRC - FIA World Rally Championship Arcade (Europe) (En,Fr,De,Es,It,Nl,Pt,Sv,No,Da,Fi)
WTC - World Touring Car Championship (Japan)	c20e4ef3	110	Jarrett & Labonte Stock Car Racing (USA)
WWF Attitude (Europe)	aba97529	212	WWF Attitude (USA)
WWF Attitude (Germany)	a8eaf1eb	214	WWF Attitude (USA)
WWF Attitude (USA)	3738bc08	206	WWF Attitude (USA)
WWF In Your House (Europe)	5fe9e88f	222	WWF In Your House (USA)
WWF In Your House (Japan)	512f9775	220	WWF In Your House (USA)
WWF In Your House (USA)	bf422406	216	WWF In Your House (USA)
WWF In Your House (USA) (Rev 1)	65ef6736	232	WWF In Your House (USA)
WWF SmackDown! (Europe)	3cfdc8ea	89	WWF SmackDown! (USA)
WWF SmackDown! (Europe) (Demo)	b392990b	96	WWF SmackDown! (USA)
WWF SmackDown! (USA)	18649a88	86	WWF SmackDown! (USA)
WWF SmackDown! 2 - Know Your Role (Europe)	3491752d	108	WWF SmackDown! 2 - Know Your Role (USA)
WWF SmackDown! 2 - Know Your Role (USA)	5d81c637	105	WWF SmackDown! 2 - Know Your Role (USA)
WWF War Zone (Europe)	2552f773	212	WWF War Zone (USA)
WWF War Zone (USA)	5f682425	206	WWF War Zone (USA)
WWF War Zone (USA) (Rev 1)	d0673246	222	WWF War Zone (USA)
WWF WrestleMania - The Arcade Game (Europe)	3f829d24	109	WWF WrestleMania - The Arcade Game (USA)
WWF WrestleMania - The Arcade Game (Japan)	ff905e92	108	WWF WrestleMania - The Arcade Game (USA)
WWF WrestleMania - The Arcade Game (USA)	f127ea3d	106	WWF WrestleMania - The Arcade Game (USA)
Wacky Races (Europe) (En,Fr,De,Es,It,Nl)	0db878f0	106	Wacky Races (Europe) (En,Fr,De,Es,It,Nl)
Wacky Races (Japan)	8be26299	208	Wacky Races (Europe) (En,Fr,De,Es,It,Nl)
Wagamama Fairy Mirumo de Pon! Mirumo no Mahou Gakkou Monogatari (Japan)	82d87466	312	Wagamama Fairy Mirumo de Pon! Mirumo no Mahou Gakkou Monogatari (Japan)
Wai Wai 3-nin Uchi Mahjong (Japan)	3db0b4a0	1659	Wai Wai 3-nin Uchi Mahjong (Japan)
Wai Wai Bowling (Japan)	802bb042	2342	Family Bowling (Japan)
Wai Wai Jansou (Japan)	677cd4b0	1620	Wai Wai Jansou (Japan)
Wai Wai Kart (Japan) (Major Wave)	ae50c419	99	Extreme Go-Kart Racing (USA)
Wai Wai Kusa Yakyuu (Japan)	75319d59	93	Wai Wai Kusa Yakyuu (Japan)
Wai Wai Trump Taisen (Japan)	fb511c70	714	Wai Wai Trump Taisen (Japan)
Waku Puyo Dungeon - Ketteiban (Japan)	c74e4cea	103	Waku Puyo Dungeon - Ketteiban (Japan)
Waku Waku Bowling (Japan)	123d99e4	1542	Waku Waku Bowling (Japan)
Waku Waku Derby (Japan)	8f9aad66	89	Waku Waku Derby (Japan)
Waku Waku Volley (Japan)	e5ca00ca	218	Waku Waku Volley (Japan)
Waku Waku Volley (Japan) (Demo)	e64c0c13	232	Waku Waku Volley (Japan)
Wakusei Koukitai - Little Cats (Japan)	170300a9	378	Wakusei Koukitai - Little Cats (Japan)
Walt Disney El Libro de la Selva - Muevete con Ritmo (Spain)	8774e7e7	126	Walt Disney's The Jungle Book - Rhythm n' Groove (USA)
Walt Disney Il Libro della Giungla - Il Ballo della Giungla (Italy)	b929601a	133	Walt Disney's The Jungle Book - Rhythm n' Groove (USA)
Walt Disney Ksiega Dzungli - Groove Party (Poland)	05806ade	116	Walt Disney's The Jungle Book - Rhythm n' Groove (USA)
Walt Disney Le Livre de la Jungle - Groove Party (France)	208c2234	123	Walt Disney Le Livre de la Jungle - Groove Party (France)
Walt Disney World Quest - Magical Racing Tour (Europe) (En,Fr,De,Es,It,Nl,Sv,No,Da)	a15d68db	149	Walt Disney World Quest - Magical Racing Tour (USA)
Walt Disney World Quest - Magical Racing Tour (USA)	ab1ab1e0	117	Walt Disney World Quest - Magical Racing Tour (USA)
Walt Disney's Jungle Boek - Groove Party (Netherlands)	ac053e37	120	Walt Disney's The Jungle Book - Rhythm n' Groove (USA)
Walt Disney's The Jungle Book - Groove Party (Europe)	e653fc07	119	Walt Disney's The Jungle Book - Groove Party (Europe)
Walt Disney's The Jungle Book - Rhythm n' Groove (USA)	c74beb88	120	Walt Disney's The Jungle Book - Rhythm n' Groove (USA)
Walt Disneyn Viidakkokirja - Svengiseikkailu (Finland)	a8a54e54	120	Walt Disney's The Jungle Book - Rhythm n' Groove (USA)
Walt Disneys Das Dschungelbuch - Groove Party (Germany)	2dca2c4d	121	Walt Disney's The Jungle Book - Rhythm n' Groove (USA)
Walt Disneys Djungelboken - Groove Party (Sweden)	9deaa53a	115	Walt Disney's The Jungle Book - Rhythm n' Groove (USA)
Walt Disneys Jungelboken - Groove Party (Norway)	ce9a5877	114	Walt Disney's The Jungle Book - Rhythm n' Groove (USA)
Walt Disneys Junglebogen - Groove Party (Denmark)	07ff221d	115	Walt Disney's The Jungle Book - Rhythm n' Groove (USA)
Wander Vehicles - Doggy Bone Daisakusen (Japan)	86839d35	4100	Wander Vehicles - Doggy Bone Daisakusen (Japan)
Wangan Trial (Japan) (Disc 1)	8d2864a9	95	Wangan Trial (Japan) (Disc 1)
Wangan Trial (Japan) (Disc 2)	8c754278	95	Wangan Trial (Japan) (Disc 1)
Wanted (Europe)	9af3ae48	81	Wanted (Europe)
War Gods (Europe)	4db57567	3118	War Gods (USA)
War Gods (USA)	ceddec9d	3034	War Gods (USA)
WarCraft II - The Dark Saga (Europe) (En,Fr,De,Es,It)	09d37b84	119	WarCraft II - The Dark Saga (USA) (En,Fr,De,Es,It)
WarCraft II - The Dark Saga (Japan)	e113b078	101	WarCraft II - The Dark Saga (USA) (En,Fr,De,Es,It)
WarCraft II - The Dark Saga (USA) (En,Fr,De,Es,It)	f979cb59	116	WarCraft II - The Dark Saga (USA) (En,Fr,De,Es,It)
WarGames - Defcon 1 (Europe) (En,Fr,De)	3bedf638	1456	WarGames - Defcon 1 (USA)
WarGames - Defcon 1 (Europe) (En,Fr,De,Es,It)	fd97cde9	1662	WarGames - Defcon 1 (USA)
WarGames - Defcon 1 (Europe, Australia) (Demo)	6954f0f2	262	WarGames - Defcon 1 (USA)
WarGames - Defcon 1 (USA)	05fd701a	1302	WarGames - Defcon 1 (USA)
Warera Mitsurin Tankentai!! (Japan)	d0cfcf60	369	Warera Mitsurin Tankentai!! (Japan)
Wares 1092 - Souheiden (Japan)	e12436e9	354	Wares 1092 - Souheiden (Japan)
Warhammer - Dark Omen (Europe) (En,Fr,De)	3504a6bd	107	Warhammer - Dark Omen (USA)
Warhammer - Dark Omen (USA)	e3c4b0ee	93	Warhammer - Dark Omen (USA)
Warhammer - Shadow of the Horned Rat (Europe) (En,Fr,De)	e21464fc	882	Warhammer - Shadow of the Horned Rat (USA)
Warhammer - Shadow of the Horned Rat (USA)	19b8bd35	798	Warhammer - Shadow of the Horned Rat (USA)
Warhawk - The Red Mercury Missions (Europe)	8d513641	1500	Warhawk - The Red Mercury Missions (USA)
Warhawk - The Red Mercury Missions (USA)	b0c86d74	1467	Warhawk - The Red Mercury Missions (USA)
Warm Up! (Europe) (En,Fr,De,Es,It,Pt)	39e0db71	244	Warm Up! (Europe) (En,Fr,De,Es,It,Pt)
Warpath - Jurassic Park (Europe) (En,Fr,De)	699bc13d	109	Warpath - Jurassic Park (USA)
Warpath - Jurassic Park (USA)	130a2d11	95	Warpath - Jurassic Park (USA)
Warriors of Might and Magic (Europe) (En,Es,It)	74860027	264	Warriors of Might and Magic (USA)
Warriors of Might and Magic (Europe) (En,Fr,De)	3ee5afd4	264	Warriors of Might and Magic (USA)
Warriors of Might and Magic (USA)	23e5dbc4	236	Warriors of Might and Magic (USA)
Warzone 2100 (Europe) (En,Es,It)	4c1ec2be	98	Warzone 2100 (USA)
Warzone 2100 (France)	e3409827	87	Warzone 2100 (USA)
Warzone 2100 (Germany)	c116db6a	88	Warzone 2100 (USA)
Warzone 2100 (UK) (Demo)	dbe08193	218	Warzone 2100 (USA)
Warzone 2100 (USA)	ac9ab750	84	Warzone 2100 (USA)
Water Summer (Japan)	335e25a9	438	Water Summer (Japan)
Water Summer (Japan) (Shokai Genteiban)	8a3a6116	514	Water Summer (Japan)
Wayne Gretzky's 3D Hockey '98 (Europe) (En,Fr,De,Es)	5ee10e6f	274	Wayne Gretzky's 3D Hockey '98 (USA)
Wayne Gretzky's 3D Hockey '98 (USA)	2a243e7d	240	Wayne Gretzky's 3D Hockey '98 (USA)
Weakest Link, The (Europe)	000ba6fe	92	Weakest Link, The (USA)
Weakest Link, The (USA)	7c2715da	89	Weakest Link, The (USA)
Weakest Link, The (USA) (Rev 1)	4329e8ef	97	Weakest Link, The (USA)
Wedding Peach - Doki Doki Oironaoshi (Japan)	65e05033	110	Wedding Peach - Doki Doki Oironaoshi (Japan)
Welcome House (Japan)	e5bd9077	787	Welcome House (Japan)
Welcome House 2 - Keaton and His Uncle (Japan)	232f37be	822	Welcome House 2 - Keaton and His Uncle (Japan)
Weltorv Estleia (Japan)	1811ca32	684	Weltorv Estleia (Japan)
Wer wird Millionaer (Germany)	39b4f197	95	Wer wird Millionaer (Germany)
Wer wird Millionaer - 2. Edition (Germany)	6caaad3d	108	Wer wird Millionaer - 2. Edition (Germany)
Wer wird Millionaer - Dritte Edition (Germany)	40662be2	112	Wer wird Millionaer - Dritte Edition (Germany)
Wer wird Millionaer - Junior (Germany)	56ae7adf	104	Wer wird Millionaer - Junior (Germany)
Westlife - Fan-O-Mania (Europe)	5fab41a3	97	Westlife - Fan-O-Mania (Europe)
Westlife - Fan-O-Mania (Europe) (Fr,De)	e29df42e	105	Westlife - Fan-O-Mania (Europe)
Wheel of Fortune (USA)	ac3d9348	88	Wheel of Fortune (USA)
Wheel of Fortune - 2nd Edition (USA)	d81f4b08	102	Wheel of Fortune - 2nd Edition (USA)
Whistle - Fuki Nukeru Kaze (Japan)	cb62a2a0	100	Whistle - Fuki Nukeru Kaze (Japan)
White Diamond (Japan)	5fcf0031	87	White Diamond (Japan)
Whizz (Europe)	1c73441e	80	Whizz (Europe)
Whizz (Japan)	d72edb65	79	Whizz (Europe)
Who Wants to Be a Millionaire (Europe)	45a5e931	104	Who Wants to Be a Millionaire (Europe)
Who Wants to Be a Millionaire - 2nd Edition (Europe)	4bdf35f4	118	Who Wants to Be a Millionaire - 2nd Edition (USA)
Who Wants to Be a Millionaire - 2nd Edition (USA)	25b45aab	115	Who Wants to Be a Millionaire - 2nd Edition (USA)
Who Wants to Be a Millionaire - 3rd Edition (USA)	90e76951	115	Who Wants to Be a Millionaire - 3rd Edition (USA)
Who Wants to Be a Millionaire - Australian Edition (Australia)	a19f48b6	128	Who Wants to Be a Millionaire (Europe)
Who Wants to Be a Millionaire - Irish Edition (Ireland)	73d861ff	121	Who Wants to Be a Millionaire (Europe)
Who Wants to Be a Millionaire - Junior (Europe)	1f2f3295	113	Who Wants to Be a Millionaire - Junior (Europe)
Wild 9 & MDK & Crime Killer (France) (Demo)	7a1d5014	667	Wild 9 (USA)
Wild 9 (Europe) (Demo)	09ce5c46	330	Wild 9 (USA)
Wild 9 (Europe) (En,Fr,De,Es,It)	0d7c8522	2014	Wild 9 (USA)
Wild 9 (USA)	54cdb8ce	1587	Wild 9 (USA)
Wild Arms (Europe)	f98fa943	84	Wild Arms (USA)
Wild Arms (Europe) (Beta) (1997-12-12)	b7f6e89a	104	Wild Arms (USA)
Wild Arms (France)	df871846	84	Wild Arms (USA)
Wild Arms (Germany)	fb9f4d24	85	Wild Arms (USA)
Wild Arms (Italy)	9792a542	83	Wild Arms (USA)
Wild Arms (Japan)	fe7d8ba8	83	Wild Arms (USA)
Wild Arms (Japan) (Demo)	84681386	90	Wild Arms (USA)
Wild Arms (Japan) (Rev 1)	7498bb00	91	Wild Arms (USA)
Wild Arms (Spain)	cad6549a	83	Wild Arms (USA)
Wild Arms (USA)	56515d97	81	Wild Arms (USA)
Wild Arms - 2nd Ignition (Japan) (Demo 1)	c20b2fdc	107	Wild Arms 2 (USA) (Disc 1)
Wild Arms - 2nd Ignition (Japan) (Demo 2)	c356090d	107	Wild Arms 2 (USA) (Disc 1)
Wild Arms - 2nd Ignition (Japan) (Disc 1)	e4b9592e	107	Wild Arms 2 (USA) (Disc 1)
Wild Arms - 2nd Ignition (Japan) (Disc 1) (Rev 1)	7db9f6b0	115	Wild Arms 2 (USA) (Disc 1)
Wild Arms - 2nd Ignition (Japan) (Disc 2)	e5e47fff	107	Wild Arms 2 (USA) (Disc 1)
Wild Arms - 2nd Ignition (Japan) (Disc 2) (Rev 1)	9613be0d	115	Wild Arms 2 (USA) (Disc 1)
Wild Arms 2 (USA) (Demo)	065985d5	90	Wild Arms 2 (USA) (Disc 1)
Wild Arms 2 (USA) (Disc 1)	1c94300e	92	Wild Arms 2 (USA) (Disc 1)
Wild Arms 2 (USA) (Disc 2)	1dc916df	92	Wild Arms 2 (USA) (Disc 1)
Wild Boater (Japan)	7ca2997e	85	Wild Boater (Japan)
Wild Rapids (Europe)	d92cda66	86	Wild Rapids (Europe)
Wild Thornberrys, The - Animal Adventures (USA)	2acf9792	113	Wild Thornberrys, The - Animal Adventures (USA)
Wildroid 9 (Japan)	05944338	1677	Wildroid 9 (Japan)
Williams Arcade's Greatest Hits (Europe)	eb154f18	250	Williams Arcade's Greatest Hits (USA)
Williams Arcade's Greatest Hits (USA)	13061f76	244	Williams Arcade's Greatest Hits (USA)
Windsurfers Paradise (Europe) (En,Fr,De)	a24f8793	1188	Windsurfers Paradise (Europe) (En,Fr,De)
Wing Commander III - Heart of the Tiger (Europe) (Disc 1)	490fd167	123	Wing Commander III - Heart of the Tiger (USA) (Disc 1)
Wing Commander III - Heart of the Tiger (Europe) (Disc 2)	4852f7b6	123	Wing Commander III - Heart of the Tiger (USA) (Disc 1)
Wing Commander III - Heart of the Tiger (Europe) (Disc 3)	fe4917c6	123	Wing Commander III - Heart of the Tiger (USA) (Disc 1)
Wing Commander III - Heart of the Tiger (Europe) (Disc 4)	4ae8ba14	123	Wing Commander III - Heart of the Tiger (USA) (Disc 1)
Wing Commander III - Heart of the Tiger (France) (Disc 1)	fbdeea5d	123	Wing Commander III - Heart of the Tiger (USA) (Disc 1)
Wing Commander III - Heart of the Tiger (France) (Disc 2)	fa83cc8c	123	Wing Commander III - Heart of the Tiger (USA) (Disc 1)
Wing Commander III - Heart of the Tiger (France) (Disc 3)	4c982cfc	123	Wing Commander III - Heart of the Tiger (USA) (Disc 1)
Wing Commander III - Heart of the Tiger (France) (Disc 4)	f839812e	123	Wing Commander III - Heart of the Tiger (USA) (Disc 1)
Wing Commander III - Heart of the Tiger (Germany) (Disc 1)	5bdc9f75	124	Wing Commander III - Heart of the Tiger (USA) (Disc 1)
Wing Commander III - Heart of the Tiger (Germany) (Disc 2)	5a81b9a4	124	Wing Commander III - Heart of the Tiger (USA) (Disc 1)
Wing Commander III - Heart of the Tiger (Germany) (Disc 3)	ec9a59d4	124	Wing Commander III - Heart of the Tiger (USA) (Disc 1)
Wing Commander III - Heart of the Tiger (Germany) (Disc 4)	583bf406	124	Wing Commander III - Heart of the Tiger (USA) (Disc 1)
Wing Commander III - Heart of the Tiger (Japan) (Disc 1)	94ab8836	122	Wing Commander III - Heart of the Tiger (USA) (Disc 1)
Wing Commander III - Heart of the Tiger (Japan) (Disc 2)	95f6aee7	122	Wing Commander III - Heart of the Tiger (USA) (Disc 1)
Wing Commander III - Heart of the Tiger (Japan) (Disc 3)	23ed4e97	122	Wing Commander III - Heart of the Tiger (USA) (Disc 1)
Wing Commander III - Heart of the Tiger (Japan) (Disc 4)	974ce345	122	Wing Commander III - Heart of the Tiger (USA) (Disc 1)
Wing Commander III - Heart of the Tiger (USA) (Disc 1)	e0128492	120	Wing Commander III - Heart of the Tiger (USA) (Disc 1)
Wing Commander III - Heart of the Tiger (USA) (Disc 2)	e14fa243	120	Wing Commander III - Heart of the Tiger (USA) (Disc 1)
Wing Commander III - Heart of the Tiger (USA) (Disc 3)	57544233	120	Wing Commander III - Heart of the Tiger (USA) (Disc 1)
Wing Commander III - Heart of the Tiger (USA) (Disc 4)	e3f5efe1	120	Wing Commander III - Heart of the Tiger (USA) (Disc 1)
Wing Commander IV - The Price of Freedom (Europe) (Disc 1)	b8398262	124	Wing Commander IV - The Price of Freedom (USA) (Disc 1)
Wing Commander IV - The Price of Freedom (Europe) (Disc 2)	b964a4b3	124	Wing Commander IV - The Price of Freedom (USA) (Disc 1)
Wing Commander IV - The Price of Freedom (Europe) (Disc 3)	0f7f44c3	124	Wing Commander IV - The Price of Freedom (USA) (Disc 1)
Wing Commander IV - The Price of Freedom (Europe) (Disc 4)	bbdee911	124	Wing Commander IV - The Price of Freedom (USA) (Disc 1)
Wing Commander IV - The Price of Freedom (France) (Disc 1)	0ae8b958	124	Wing Commander IV - The Price of Freedom (USA) (Disc 1)
Wing Commander IV - The Price of Freedom (France) (Disc 2)	0bb59f89	124	Wing Commander IV - The Price of Freedom (USA) (Disc 1)
Wing Commander IV - The Price of Freedom (France) (Disc 3)	bdae7ff9	124	Wing Commander IV - The Price of Freedom (USA) (Disc 1)
Wing Commander IV - The Price of Freedom (France) (Disc 4)	090fd22b	124	Wing Commander IV - The Price of Freedom (USA) (Disc 1)
Wing Commander IV - The Price of Freedom (Germany) (Disc 1)	2b475da9	125	Wing Commander IV - The Price of Freedom (USA) (Disc 1)
Wing Commander IV - The Price of Freedom (Germany) (Disc 2)	2a1a7b78	125	Wing Commander IV - The Price of Freedom (USA) (Disc 1)
Wing Commander IV - The Price of Freedom (Germany) (Disc 3)	9c019b08	125	Wing Commander IV - The Price of Freedom (USA) (Disc 1)
Wing Commander IV - The Price of Freedom (Germany) (Disc 4)	28a036da	125	Wing Commander IV - The Price of Freedom (USA) (Disc 1)
Wing Commander IV - The Price of Freedom (USA) (Disc 1)	6b9b669e	121	Wing Commander IV - The Price of Freedom (USA) (Disc 1)
Wing Commander IV - The Price of Freedom (USA) (Disc 2)	6ac6404f	121	Wing Commander IV - The Price of Freedom (USA) (Disc 1)
Wing Commander IV - The Price of Freedom (USA) (Disc 3)	dcdda03f	121	Wing Commander IV - The Price of Freedom (USA) (Disc 1)
Wing Commander IV - The Price of Freedom (USA) (Disc 4)	687c0ded	121	Wing Commander IV - The Price of Freedom (USA) (Disc 1)
Wing Over (Europe)	ee4bc0cc	766	Wing Over (Europe)
Wing Over (Japan)	4d14cd3f	759	Wing Over (Europe)
Wing Over 2 (Europe)	f0ab7c0f	438	Wing Over 2 (Europe)
Winky the Little Bear (Europe) (En,Fr,De)	e9e4d5d2	107	Winky the Little Bear (Europe) (En,Fr,De)
Winning Lure (Japan)	4882478d	86	Winning Lure (Japan)
Winning Post 2 (Japan)	af16166c	1152	Winning Post 2 (Japan)
Winning Post 2 - Final '97 (Japan)	bbd8ca87	1272	Winning Post 2 - Final '97 (Japan)
Winning Post 2 - Program '96 (Japan)	8eb17ea0	1292	Winning Post 2 - Program '96 (Japan)
Winning Post 2 - Program '96 (Japan) (Rev 1)	c07a674d	1372	Winning Post 2 - Program '96 (Japan)
Winning Post 3 (Japan)	bc08accd	214	Winning Post 3 (Japan)
Winning Post 3 - Program '98 (Japan)	1809d796	102	Winning Post 3 - Program '98 (Japan)
Winning Post 4 (Japan)	fb68f43a	214	Winning Post 4 (Japan)
Winning Post 4 - Program 2000 (Japan)	e119f33e	244	Winning Post 4 - Program 2000 (Japan)
Winning Post EX (Japan)	e3686845	89	Winning Post EX (Japan)
Wip3out (Europe) (Demo)	6b76da6e	216	Wip3out (Europe) (En,Fr,De,Es,It)
Wip3out (Europe) (En,Fr,De,Es,It)	99547271	1774	Wip3out (Europe) (En,Fr,De,Es,It)
Wipeout (Europe)	c8d0161c	1314	Wipeout (USA)
Wipeout (Europe) (Rev 1)	68202ba3	1410	Wipeout (USA)
Wipeout (Japan)	30e40e64	1302	Wipeout (USA)
Wipeout (USA)	3a999794	945	Wipeout (USA)
Wipeout 2097 (Europe)	cceda01b	1374	Wipeout 2097 (Europe)
Wipeout 2097 (Europe) (Demo)	c51ab3c7	226	Wipeout 2097 (Europe)
Wipeout 3 (Japan)	735e5c86	1550	Wipeout 3 (USA)
Wipeout 3 (USA)	754e634e	1522	Wipeout 3 (USA)
Wipeout 3 (USA) (Demo)	b59a6b0f	214	Wipeout 3 (USA)
Wipeout 3 - Special Edition (Europe) (En,Fr,De,Es,It)	248bffad	2054	Wipeout 3 - Special Edition (Europe) (En,Fr,De,Es,It)
Wipeout XL (Japan, Asia)	08cb30b8	1410	Wipeout XL (USA)
Wipeout XL (USA)	81756305	1314	Wipeout XL (USA)
Wipeout XL (USA) (Beta) (1996-08-08)	14e01612	1554	Wipeout XL (USA)
Witch of Salzburg, The (Japan)	38b3e4b0	96	Witch of Salzburg, The (Japan)
Wizard's Harmony (Japan)	6629aea1	572	Wizard's Harmony (Japan)
Wizard's Harmony 2 (Japan, Asia)	09afd5bc	486	Wizard's Harmony 2 (Japan, Asia)
Wizard's Harmony R (Japan)	10de4d1c	582	Wizard's Harmony R (Japan)
Wizardry - Dimguil (Japan)	b3ca8a0a	342	Wizardry - Dimguil (Japan)
Wizardry - Dimguil (Japan) (Rev 1)	92d24fee	366	Wizardry - Dimguil (Japan)
Wizardry - Llylgamyn Saga (Japan) (En,Ja)	3f518d96	107	Wizardry - Llylgamyn Saga (Japan) (En,Ja)
Wizardry - New Age of Llylgamyn (Japan) (En,Ja)	d631c54a	113	Wizardry - New Age of Llylgamyn (Japan) (En,Ja)
Wizardry Empire - Inishie no Oujo (Japan)	473b7874	107	Wizardry Empire - Inishie no Oujo (Japan)
Wizardry Empire II - Oujo no Isan (Japan)	b14b875c	107	Wizardry Empire II - Oujo no Isan (Japan)
Wizardry VII - Guardia no Houju (Japan)	4aad05c7	105	Wizardry VII - Guardia no Houju (Japan)
Wolf Fang - Kuuga 2001 (Japan)	9e863cb3	354	Wolf Fang - Kuuga 2001 (Japan)
Wolkenkratzer - Shinpan no Tou (Japan)	5e3312a0	104	Wolkenkratzer - Shinpan no Tou (Japan)
Wonder Trek (Japan)	e255ea5e	85	Wonder Trek (Japan)
Woody Woodpecker Racing (Europe) (En,Fr,De,Es,It)	8ee15031	115	Woody Woodpecker Racing (USA)
Woody Woodpecker Racing (USA)	a399f567	95	Woody Woodpecker Racing (USA)
Woody Woodpecker no Go! Go! Racing (Japan)	0c2d685d	108	Woody Woodpecker no Go! Go! Racing (Japan)
World Championship Snooker (Europe) (En,Fr,De)	aa4aa9ee	112	World Championship Snooker (Europe) (En,Fr,De)
World Cup 98 (Europe) (En,Fr,De,Es,Nl,Sv,Da)	60f56209	110	World Cup 98 (USA) (En,Fr,De,Es,Nl,Sv,Da)
World Cup 98 (USA) (En,Fr,De,Es,Nl,Sv,Da)	5af71c35	107	World Cup 98 (USA) (En,Fr,De,Es,Nl,Sv,Da)
World Cup 98 - Coppa del Mondo (Italy)	6518efbd	104	World Cup 98 (USA) (En,Fr,De,Es,Nl,Sv,Da)
World Cup Golf - In Hyatt Dorado Beach (Japan)	5a4d6b76	402	World Cup Golf - In Hyatt Dorado Beach (Japan)
World Cup Golf - Professional Edition (Europe)	f8a7288d	402	World Cup Golf - Professional Edition (USA)
World Cup Golf - Professional Edition (France)	a3e20d48	402	World Cup Golf - Professional Edition (USA)
World Cup Golf - Professional Edition (Germany)	b326c1ca	405	World Cup Golf - Professional Edition (USA)
World Cup Golf - Professional Edition (USA)	68a2752e	393	World Cup Golf - Professional Edition (USA)
World Destruction League - Thunder Tanks (Europe) (En,Fr,De,Es,It)	ed5efbcf	132	World Destruction League - Thunder Tanks (USA)
World Destruction League - Thunder Tanks (USA)	71005691	112	World Destruction League - Thunder Tanks (USA)
World Destruction League - WarJetz (Europe) (En,Fr,De,Es,It)	bad08865	126	World Destruction League - WarJetz (USA)
World Destruction League - WarJetz (USA)	7c380bc9	106	World Destruction League - WarJetz (USA)
World Destruction League - WarJetz (USA) (Beta) (2000-11-03)	ecf32eac	126	World Destruction League - WarJetz (USA)
World Greatest Hits Series Vol. 1 - Pro Pinball - Big Race USA (Japan)	b535da8e	6582	World Greatest Hits Series Vol. 1 - Pro Pinball - Big Race USA (Japan)
World Greatest Hits Series Vol. 2 - Pipe Dreams 3D (Japan)	00e1cb45	124	World Greatest Hits Series Vol. 2 - Pipe Dreams 3D (Japan)
World Greatest Hits Series Vol. 3 - Speedball 2100 (Japan)	4234dd9a	2430	World Greatest Hits Series Vol. 3 - Speedball 2100 (Japan)
World Greatest Hits Series Vol. 4 - Tom Clancy's Rainbow Six (Japan)	29551d17	4383	World Greatest Hits Series Vol. 4 - Tom Clancy's Rainbow Six (Japan)
World Greatest Hits Series Vol. 5 - Tyco R-C - Assault with a Battery (Japan)	f596a26a	1874	World Greatest Hits Series Vol. 5 - Tyco R-C - Assault with a Battery (Japan)
World League Basketball (Europe)	c7b900ce	98	World League Basketball (Europe)
World League Soccer '98 (Europe) (En,Es,It)	0af6a1e5	941	World League Soccer '98 (Europe) (En,Es,It)
World League Soccer '98 (France)	e634a6d9	864	World League Soccer '98 (Europe) (En,Es,It)
World League Soccer '98 (France) (En,Fr,De,Es,It) (Demo)	27976fd8	1032	World League Soccer '98 (Europe) (En,Es,It)
World League Soccer '98 (Germany)	4318f59f	871	World League Soccer '98 (Europe) (En,Es,It)
World League Soccer (Japan)	db9264cf	224	World League Soccer (Japan)
World Never Island (Japan)	69b53628	92	World Never Island (Japan)
World Neverland - The Olerud Kingdom Stories (Japan)	0de3c9c5	118	World Neverland - The Olerud Kingdom Stories (Japan)
World Neverland 2 - The Waktic Republic of Pluto (Japan)	80792564	122	World Neverland 2 - The Waktic Republic of Pluto (Japan)
World Pro Tennis '98 (Japan)	47e271d2	94	World Pro Tennis '98 (Japan)
World Soccer Jikkyou Winning Eleven 2000 - U-23 Medal e no Chousen (Japan)	d9c8d4dc	2190	ISS Pro Evolution 2 (Europe) (Es,It)
World Soccer Jikkyou Winning Eleven 2000 - U-23 Medal e no Chousen (Japan) (Demo)	09288c07	2274	ISS Pro Evolution 2 (Europe) (Es,It)
World Soccer Jikkyou Winning Eleven 3 - Final Ver. (Japan)	8b557e04	1485	World Soccer Jikkyou Winning Eleven 3 - Final Ver. (Japan)
World Soccer Jikkyou Winning Eleven 3 - Final Ver. (Japan) (Rev 1)	30594989	1557	World Soccer Jikkyou Winning Eleven 3 - Final Ver. (Japan)
World Soccer Jikkyou Winning Eleven 3 - World Cup France '98 (Japan)	970300f8	513	World Soccer Jikkyou Winning Eleven 3 - World Cup France '98 (Japan)
World Soccer Jikkyou Winning Eleven 3 - World Cup France '98 (Japan) (Demo)	9cf37c46	156	World Soccer Jikkyou Winning Eleven 3 - World Cup France '98 (Japan)
World Soccer Jikkyou Winning Eleven 3 - World Cup France '98 (Japan) (Rev 1)	2e08bf9e	492	World Soccer Jikkyou Winning Eleven 3 - World Cup France '98 (Japan)
World Soccer Jikkyou Winning Eleven 4 (Japan)	588f4c53	1662	World Soccer Jikkyou Winning Eleven 4 (Japan)
World Soccer Jikkyou Winning Eleven 4 (Japan) (Rev 1)	b3acad38	1758	World Soccer Jikkyou Winning Eleven 4 (Japan)
World Soccer Winning Eleven '97 (Japan)	fe23b7d8	1621	Goal Storm '97 (USA)
World Soccer Winning Eleven '97 (Japan) (Rev 1)	a640548f	1709	Goal Storm '97 (USA)
World Soccer Winning Eleven (Japan)	555c686b	1577	Goal Storm (USA)
World Soccer Winning Eleven 2002 (Japan)	b8f261ef	1188	Pro Evolution Soccer 2 (Europe) (Es,It)
World Stadium 2 (Japan)	0d7a056f	216	World Stadium 2 (Japan)
World Stadium 3 (Japan)	1f383408	216	World Stadium 3 (Japan)
World Stadium 4 (Japan)	60f6a23d	216	World Stadium 4 (Japan)
World Stadium 5 (Japan)	72b4935a	216	World Stadium 5 (Japan)
World Stadium EX (Japan)	bc96273d	218	World Stadium EX (Japan)
World Stadium EX (Japan) (Rev 1)	31934d01	234	World Stadium EX (Japan)
World Tennis Stars (Europe)	6e7c8c7a	708	World Tennis Stars (Europe)
World Tour Conductor - Sekai Yume Kikou (Japan)	1b67a1d6	113	World Tour Conductor - Sekai Yume Kikou (Japan)
World of Dragon Warrior - Torneko - The Last Hope (USA)	a1310217	280	World of Dragon Warrior - Torneko - The Last Hope (USA)
World of Philosoma, The (Japan)	3756bbf7	97	Philosoma (USA)
World's Scariest Police Chases (Europe)	67bfba9d	105	World's Scariest Police Chases (USA)
World's Scariest Police Chases (USA)	1433baaa	102	World's Scariest Police Chases (USA)
Worms (Europe)	bea03f7e	846	Worms (USA)
Worms (Japan)	f6797d9e	945	Worms (USA)
Worms (USA)	1b2291c8	822	Worms (USA)
Worms Armageddon (Europe)	5fefe4e6	91	Worms Armageddon (USA)
Worms Armageddon (Europe) (Fr,Nl,Sv,No,Da)	e1b0a9ad	108	Worms Armageddon (USA)
Worms Armageddon (Germany)	5d857a0e	92	Worms Armageddon (USA)
Worms Armageddon (USA)	954ce623	88	Worms Armageddon (USA)
Worms Pinball (Europe) (En,Fr,De,Es,It)	c7d77bbf	105	Worms Pinball (Europe) (En,Fr,De,Es,It)
Worms World Party (Europe) (En,Fr,De,Es,It,Nl,Sv,Da)	0a18b069	118	Worms World Party (USA) (En,Fr,De,Es,It,Nl,Sv,Da)
Worms World Party (Europe) (En,Fr,De,Es,It,Nl,Sv,Da) (Beta) (2001-09-25)	5564de33	138	Worms World Party (USA) (En,Fr,De,Es,It,Nl,Sv,Da)
Worms World Party (USA) (En,Fr,De,Es,It,Nl,Sv,Da)	d0acb669	115	Worms World Party (USA) (En,Fr,De,Es,It,Nl,Sv,Da)
Wreckin Crew - Drive Dangerously (Europe) (En,Fr,De,Es,It)	0df49dfd	124	Wreckin Crew - Drive Dangerously (USA) (En,Es)
Wreckin Crew - Drive Dangerously (USA) (En,Es)	47b85e2c	112	Wreckin Crew - Drive Dangerously (USA) (En,Es)
Wu-Tang - Shaolin Style (France)	5312ceb1	1887	Wu-Tang - Shaolin Style (USA)
Wu-Tang - Shaolin Style (Germany)	ad5e9ab5	1902	Wu-Tang - Shaolin Style (USA)
Wu-Tang - Shaolin Style (Japan)	a4bd7851	1872	Wu-Tang - Shaolin Style (USA)
Wu-Tang - Shaolin Style (USA)	2ead16c6	1842	Wu-Tang - Shaolin Style (USA)
Wu-Tang - Taste the Pain (Europe)	4b4c97c1	1902	Wu-Tang - Taste the Pain (Europe)
Wu-Tang - Taste the Pain (Italy)	3ff83521	1887	Wu-Tang - Taste the Pain (Europe)
Wu-Tang - Taste the Pain (UK) (Demo)	5265bfad	502	Wu-Tang - Taste the Pain (Europe)
X Games Pro Boarder (Europe) (En,Fr,De,Es,It,Sv,No)	7bbbfc52	1880	X Games Pro Boarder (USA)
X Games Pro Boarder (Europe) (En,Fr,De,Es,It,Sv,No) (Rev 1)	d209750f	1984	X Games Pro Boarder (USA)
X Games Pro Boarder (Japan)	7b07a2f2	224	X Games Pro Boarder (USA)
X Games Pro Boarder (Japan) (Demo)	ef8260a3	238	X Games Pro Boarder (USA)
X Games Pro Boarder (USA)	0538744c	1542	X Games Pro Boarder (USA)
X'treme Roller (Europe) (En,Fr,De,Es,It,Pt)	39404c9b	1776	X'treme Roller (Europe) (En,Fr,De,Es,It,Pt)
X-Bladez - Inline Skater (Europe)	83c50a3e	1902	X-Bladez - Inline Skater (USA)
X-Bladez - Inline Skater (USA)	6adc45fc	1857	X-Bladez - Inline Skater (USA)
X-COM - Enemy Unknown (Europe) (En,Fr,De,Es,It)	9248a8a8	1828	X-COM - UFO Defense (USA)
X-COM - Michinaru Shinryakusha (Japan)	9074bef3	1844	X-COM - UFO Defense (USA)
X-COM - Terror from the Deep (Europe) (En,Fr,De,Es,It)	d4d55f9e	870	X-COM - Terror from the Deep (Europe) (En,Fr,De,Es,It)
X-COM - UFO Defense (USA)	6df3ca27	1542	X-COM - UFO Defense (USA)
X-Files, The (Europe, Australia) (Disc 1)	ea127f8c	107	X-Files, The (USA) (Disc 1)
X-Files, The (Europe, Australia) (Disc 2)	eb4f595d	107	X-Files, The (USA) (Disc 1)
X-Files, The (Europe, Australia) (Disc 3)	5d54b92d	107	X-Files, The (USA) (Disc 1)
X-Files, The (Europe, Australia) (Disc 4)	e9f514ff	107	X-Files, The (USA) (Disc 1)
X-Files, The (France) (Disc 1)	2e3a41bf	96	X-Files, The (USA) (Disc 1)
X-Files, The (France) (Disc 2)	2f67676e	96	X-Files, The (USA) (Disc 1)
X-Files, The (France) (Disc 3)	997c871e	96	X-Files, The (USA) (Disc 1)
X-Files, The (France) (Disc 4)	2ddd2acc	96	X-Files, The (USA) (Disc 1)
X-Files, The (Germany) (Disc 1)	150df88a	97	X-Files, The (USA) (Disc 1)
X-Files, The (Germany) (Disc 2)	1450de5b	97	X-Files, The (USA) (Disc 1)
X-Files, The (Germany) (Disc 3)	a24b3e2b	97	X-Files, The (USA) (Disc 1)
X-Files, The (Germany) (Disc 4)	16ea93f9	97	X-Files, The (USA) (Disc 1)
X-Files, The (Italy) (Disc 1)	89b67d69	95	X-Files, The (USA) (Disc 1)
X-Files, The (Italy) (Disc 2)	88eb5bb8	95	X-Files, The (USA) (Disc 1)
X-Files, The (Italy) (Disc 3)	3ef0bbc8	95	X-Files, The (USA) (Disc 1)
X-Files, The (Italy) (Disc 4)	8a51161a	95	X-Files, The (USA) (Disc 1)
X-Files, The (Spain) (Disc 1)	15fcc0df	95	X-Files, The (USA) (Disc 1)
X-Files, The (Spain) (Disc 2)	14a1e60e	95	X-Files, The (USA) (Disc 1)
X-Files, The (Spain) (Disc 3)	a2ba067e	95	X-Files, The (USA) (Disc 1)
X-Files, The (Spain) (Disc 4)	161babac	95	X-Files, The (USA) (Disc 1)
X-Files, The (USA) (Disc 1)	79b9be64	93	X-Files, The (USA) (Disc 1)
X-Files, The (USA) (Disc 2)	78e498b5	93	X-Files, The (USA) (Disc 1)
X-Files, The (USA) (Disc 3)	ceff78c5	93	X-Files, The (USA) (Disc 1)
X-Files, The (USA) (Disc 4)	7a5ed517	93	X-Files, The (USA) (Disc 1)
X-Men - Children of the Atom (Europe)	5ff0c5e5	2490	X-Men - Children of the Atom (USA)
X-Men - Children of the Atom (USA)	902aeb0a	2433	X-Men - Children of the Atom (USA)
X-Men - Mutant Academy & Spider-Man (Japan) (Demo)	d4e81232	846	X-Men - Mutant Academy & Spider-Man (Japan) (Demo)
X-Men - Mutant Academy (Europe)	31e6d145	1494	X-Men - Mutant Academy (USA)
X-Men - Mutant Academy (Germany)	b7f39afc	1506	X-Men - Mutant Academy (USA)
X-Men - Mutant Academy (Japan)	fae9eed5	1482	X-Men - Mutant Academy (USA)
X-Men - Mutant Academy (USA)	78abd8bb	1458	X-Men - Mutant Academy (USA)
X-Men - Mutant Academy (USA) (Trade Demo)	8ba8896b	252	X-Men - Mutant Academy (USA)
X-Men - Mutant Academy 2 (Europe)	0478a4c0	1646	X-Men - Mutant Academy 2 (USA)
X-Men - Mutant Academy 2 (Japan)	8e072011	1633	X-Men - Mutant Academy 2 (USA)
X-Men - Mutant Academy 2 (USA)	a171da7d	1607	X-Men - Mutant Academy 2 (USA)
X-Men vs. Street Fighter (Europe)	07a7216f	99	X-Men vs. Street Fighter (USA)
X-Men vs. Street Fighter (USA)	eb9e926c	96	X-Men vs. Street Fighter (USA)
X-Men vs. Street Fighter - EX Edition (Japan)	3668cb90	111	X-Men vs. Street Fighter - EX Edition (Japan)
X.Racing (Japan)	82a746fe	3201	X.Racing (Japan)
X2 - No Relief (Europe)	1e1fadbe	1398	X2 - No Relief (Europe)
X2 - No Relief (Japan)	8bf91496	1386	X2 - No Relief (Europe)
XI [sai] (Asia) (En,Zh)	cf0d2252	1398	XI [sai] (Japan) (En,Ja)
XI [sai] (Japan) (Demo 2)	f06b67b1	1422	XI [sai] (Japan) (En,Ja)
XI [sai] (Japan) (En,Ja)	8c2eb716	1410	XI [sai] (Japan) (En,Ja)
XI [sai] (Japan) (En,Ja) (Demo 1)	00124ef2	1518	XI [sai] (Japan) (En,Ja)
XI [sai] Jumbo (Japan)	30f33b03	1971	XI [sai] Jumbo (Japan)
XI [sai] Super Play Collection - XI wa Futatabi Nagerareta - Special CD-ROM (Japan)	9d291633	867	XI [sai] Jumbo (Japan)
XS Airboat Racing (Europe) (En,Fr,De,Es,It)	daf815f2	109	XS Airboat Racing (USA)
XS Airboat Racing (USA)	5daee6bd	89	XS Airboat Racing (USA)
XS Junior League Dodgeball (USA)	e76bb33c	98	XS Junior League Dodgeball (USA)
XS Junior League Football (USA)	0252bd55	97	XS Junior League Football (USA)
XS Junior League Soccer (Europe) (En,Fr,De,Es,It)	59d1c82d	115	XS Junior League Soccer (USA)
XS Junior League Soccer (USA)	b5ba7ca5	95	XS Junior League Soccer (USA)
XS Moto (Europe) (En,Fr,De,Es,It)	3d7a3e3c	1125	XS Moto (USA)
XS Moto (USA)	4221e9ab	945	XS Moto (USA)
Xena - Warrior Princess (Europe)	ae47d108	98	Xena - Warrior Princess (USA)
Xena - Warrior Princess (Europe) (Beta) (1999-08-19)	4c3ef6c5	118	Xena - Warrior Princess (USA)
Xena - Warrior Princess (France)	884f600d	98	Xena - Warrior Princess (USA)
Xena - Warrior Princess (Germany)	1ac61d44	99	Xena - Warrior Princess (USA)
Xena - Warrior Princess (Spain)	6a1b3aee	97	Xena - Warrior Princess (USA)
Xena - Warrior Princess (USA)	0df509ec	95	Xena - Warrior Princess (USA)
Xenocracy - The Ultimate Solar War (Europe)	9252dcfd	109	Xenocracy - The Ultimate Solar War (Europe)
Xenocracy - The Ultimate Solar War (France)	b45a6df8	109	Xenocracy - The Ultimate Solar War (Europe)
Xenocracy - The Ultimate Solar War (Germany)	d72d0eda	110	Xenocracy - The Ultimate Solar War (Europe)
Xenocracy - The Ultimate Solar War (Italy)	21b6ef12	108	Xenocracy - The Ultimate Solar War (Europe)
Xenocracy - The Ultimate Solar War (Spain)	7cf21eca	108	Xenocracy - The Ultimate Solar War (Europe)
Xenogears (Japan) (Disc 1)	7fe76aed	92	Xenogears (USA) (Disc 1)
Xenogears (Japan) (Disc 2)	7eba4c3c	92	Xenogears (USA) (Disc 1)
Xenogears (USA) (Disc 1)	866e2dbb	90	Xenogears (USA) (Disc 1)
Xenogears (USA) (Disc 2)	87330b6a	90	Xenogears (USA) (Disc 1)
Xevious 3D-G+ (Europe)	029b2cd3	88	Xevious 3D-G+ (USA)
Xevious 3D-G+ (Japan)	3eb47ef7	87	Xevious 3D-G+ (USA)
Xevious 3D-G+ (USA)	13b5a110	85	Xevious 3D-G+ (USA)
Yagami Hiroki no Game-Taste - Munasawagi no Yokan (Japan)	56cf1341	284	Yagami Hiroki no Game-Taste - Munasawagi no Yokan (Japan)
Yakiniku Action Game - Yakiniku Bugyou (Japan)	64cdc449	112	Yakiniku Action Game - Yakiniku Bugyou (Japan)
Yakiniku Action Game - Yakiniku Bugyou (Japan) (Demo)	1d8b0f48	119	Yakiniku Action Game - Yakiniku Bugyou (Japan)
Yakitori Musume - Sugoude Hanjouki (Japan)	d0796d77	108	Yakitori Musume - Sugoude Hanjouki (Japan)
Yakitori Musume - Sugoude Hanjouki (Japan) (Demo)	ac93e678	115	Yakitori Musume - Sugoude Hanjouki (Japan)
Yaku - Yuujou Dangi (Japan)	c49cbbd8	93	Yaku - Yuujou Dangi (Japan)
Yaku Tsuu - Noroi no Game (Japan)	7a967282	99	Yaku Tsuu - Noroi no Game (Japan)
Yamagata Digital Museum (Japan) (Disc 1) (Spring)	ee79e2d8	115	Yamagata Digital Museum (Japan) (Disc 1) (Spring)
Yamagata Digital Museum (Japan) (Disc 2) (Summer)	94f9bb44	115	Yamagata Digital Museum (Japan) (Disc 1) (Spring)
Yamagata Digital Museum (Japan) (Disc 3) (Autumn)	62ea7c76	115	Yamagata Digital Museum (Japan) (Disc 1) (Spring)
Yamagata Digital Museum (Japan) (Disc 4) (Winter)	0f45a9e9	115	Yamagata Digital Museum (Japan) (Disc 1) (Spring)
Yamasa Digi Guide - Faust (Japan)	89cb7da4	1518	Yamasa Digi Guide - Faust (Japan)
Yamasa Digi Guide - Hyper Rush (Japan)	c2cbd9f6	1445	Yamasa Digi Guide - Hyper Rush (Japan)
Yamasa Digi Guide - M771 (Japan)	89b8bc12	1379	Yamasa Digi Guide - M771 (Japan)
Yamasa Digi Guide - New Pulsar R (Japan)	c2b30caa	1467	Yamasa Digi Guide - New Pulsar R (Japan)
Yamasa Digi Guide - Umekagetsu R (Japan)	1e8c02b9	1602	Yamasa Digi Guide - Umekagetsu R (Japan)
Yamasa Digi Selection (Japan)	097f6597	1346	Yamasa Digi Selection (Japan)
Yamasa Digi Selection (Japan) (DX)	0fab83e9	1401	Yamasa Digi Selection (Japan)
Yamasa Digi Selection 2 (Japan)	c93070d0	1242	Yamasa Digi Selection 2 (Japan)
Yamasa Digi World - Tetra Master (Japan)	a14f099e	1188	Yamasa Digi World - Tetra Master (Japan)
Yamasa Digi World - Tetra Master (Japan) (Demo)	e6076caf	264	Yamasa Digi World - Tetra Master (Japan)
Yamifuku Natsu - Teito Monogatari Futatabi (Japan)	adc12a69	116	Yamifuku Natsu - Teito Monogatari Futatabi (Japan)
Yaoi Jun'ichi Gokuhi Project - UFO o Oe!! (Japan)	64ff03e6	115	Yaoi Jun'ichi Gokuhi Project - UFO o Oe!! (Japan)
Yarudora (Japan) (Demo)	bfdcaca5	89	Yarudora Series Vol. 1 - Double Cast (Japan) (Disc 1)
Yarudora Series Vol. 1 - Double Cast (Japan) (Demo 1)	e6d33f54	119	Yarudora Series Vol. 1 - Double Cast (Japan) (Disc 1)
Yarudora Series Vol. 1 - Double Cast (Japan) (Demo 2)	e78e1985	119	Yarudora Series Vol. 1 - Double Cast (Japan) (Disc 1)
Yarudora Series Vol. 1 - Double Cast (Japan) (Disc 1)	c06149a6	119	Yarudora Series Vol. 1 - Double Cast (Japan) (Disc 1)
Yarudora Series Vol. 1 - Double Cast (Japan) (Disc 2)	c13c6f77	119	Yarudora Series Vol. 1 - Double Cast (Japan) (Disc 1)
Yarudora Series Vol. 2 - Kisetsu o Dakishimete (Japan) (Demo)	ee598130	127	Yarudora Series Vol. 2 - Kisetsu o Dakishimete (Japan) (Disc 1)
Yarudora Series Vol. 2 - Kisetsu o Dakishimete (Japan) (Disc 1)	38f01bbe	129	Yarudora Series Vol. 2 - Kisetsu o Dakishimete (Japan) (Disc 1)
Yarudora Series Vol. 2 - Kisetsu o Dakishimete (Japan) (Disc 2)	39ad3d6f	129	Yarudora Series Vol. 2 - Kisetsu o Dakishimete (Japan) (Disc 1)
Yarudora Series Vol. 3 - Sampaguita (Japan) (Demo)	82f1b8d6	116	Yarudora Series Vol. 3 - Sampaguita (Japan) (Disc 1)
Yarudora Series Vol. 3 - Sampaguita (Japan) (Disc 1)	6fd1ab74	118	Yarudora Series Vol. 3 - Sampaguita (Japan) (Disc 1)
Yarudora Series Vol. 3 - Sampaguita (Japan) (Disc 2)	6e8c8da5	118	Yarudora Series Vol. 3 - Sampaguita (Japan) (Disc 1)
Yarudora Series Vol. 4 - Yukiwari no Hana (Japan) (Disc 1)	5818dcbd	124	Yarudora Series Vol. 4 - Yukiwari no Hana (Japan) (Disc 1)
Yarudora Series Vol. 4 - Yukiwari no Hana (Japan) (Disc 2)	5945fa6c	124	Yarudora Series Vol. 4 - Yukiwari no Hana (Japan) (Disc 1)
Yeh Yeh Tennis (Europe) (En,Fr,De)	5e5310b1	2433	Yeh Yeh Tennis (Europe) (En,Fr,De)
Yellow Brick Road (Japan)	66ba62b8	91	Yellow Brick Road (Japan)
Yetisports Deluxe (Europe) (En,Fr,De,Es,It)	765ca394	393	Yetisports Deluxe (Europe) (En,Fr,De,Es,It)
Yetisports World Tour (Europe) (En,Fr,De,Es,It)	6e479be1	113	Yetisports World Tour (Europe) (En,Fr,De,Es,It)
YoYo's Puzzle Park (Europe)	7eb745a2	93	YoYo's Puzzle Park (Europe)
Yoshimoto Mahjong Club Deluxe (Japan)	aa9429a1	899	Yoshimoto Mahjong Club Deluxe (Japan)
Yoshimoto Muchicco Dai-kessen - Minami no Umi no Gorongo-tou (Japan)	82df7ded	134	Yoshimoto Muchicco Dai-kessen - Minami no Umi no Gorongo-tou (Japan)
Yoshimura Shougi (Japan)	88241805	926	Yoshimura Shougi (Japan)
You Don't Know Jack (Germany)	21488ec5	95	You Don't Know Jack (USA) (Disc 1)
You Don't Know Jack (USA) (Demo)	c28ab357	98	You Don't Know Jack (USA) (Disc 1)
You Don't Know Jack (USA) (Disc 1)	da9b9b8d	100	You Don't Know Jack (USA) (Disc 1)
You Don't Know Jack (USA) (Disc 2)	dbc6bd5c	100	You Don't Know Jack (USA) (Disc 1)
You Don't Know Jack - Mock 2 (USA)	2e083fa5	100	You Don't Know Jack - Mock 2 (USA)
Youchien Gaiden - Karei naru Casino Club - Double Draw (Japan)	ae779deb	294	Youchien Gaiden - Karei naru Casino Club - Double Draw (Japan)
Youkai Hana Asobi (Japan)	753938b5	577	Youkai Hana Asobi (Japan)
Yu-Gi-Oh! Forbidden Memories (Europe)	3a291e47	103	Yu-Gi-Oh! Forbidden Memories (USA)
Yu-Gi-Oh! Forbidden Memories (France)	1c21af42	103	Yu-Gi-Oh! Forbidden Memories (USA)
Yu-Gi-Oh! Forbidden Memories (Germany)	fc312f8a	104	Yu-Gi-Oh! Forbidden Memories (USA)
Yu-Gi-Oh! Forbidden Memories (Italy)	3dab00bf	102	Yu-Gi-Oh! Forbidden Memories (USA)
Yu-Gi-Oh! Forbidden Memories (Spain)	60eff167	102	Yu-Gi-Oh! Forbidden Memories (USA)
Yu-Gi-Oh! Forbidden Memories (USA)	bceed6fa	100	Yu-Gi-Oh! Forbidden Memories (USA)
Yu-Gi-Oh! Monster Capsule Breed & Battle (Japan)	7af87762	114	Yu-Gi-Oh! Monster Capsule Breed & Battle (Japan)
Yu-Gi-Oh! Shin Duel Monsters - Fuuin Sareshi Kioku (Japan)	c5378fd9	124	Yu-Gi-Oh! Forbidden Memories (USA)
Yu-Gi-Oh! Shin Duel Monsters - Fuuin Sareshi Kioku (Japan) (Genteiban)	9c434bea	136	Yu-Gi-Oh! Forbidden Memories (USA)
Yukinko Burning (Japan)	d525f1a9	1516	Yukinko Burning (Japan)
Yume Iroiro (Japan)	be3fe9f3	434	Yume Iroiro (Japan)
Yume no Tsubasa (Japan)	bc21ad4c	89	Yume no Tsubasa (Japan)
Yusha - Heaven's Gate (Europe)	d56d4664	2107	Yusha - Heaven's Gate (Europe)
Yutona Eiyuu Senki - TearRingSaga (Japan)	0c932953	107	Yutona Eiyuu Senki - TearRingSaga (Japan)
Yutona Eiyuu Senki - TearRingSaga - Prelude (Japan) (Demo)	7c244720	124	Yutona Eiyuu Senki - TearRingSaga (Japan)
Yuugen Gaisha Chikyuu Boueitai (Japan)	eb439d37	104	Yuugen Gaisha Chikyuu Boueitai (Japan)
Yuukyuu Gensoukyoku (Japan)	d3ab9924	587	Yuukyuu Gensoukyoku (Japan)
Yuukyuu Gensoukyoku (Japan) (Genteiban)	01529a49	647	Yuukyuu Gensoukyoku (Japan)
Yuukyuu Gensoukyoku (Japan) (Tentou Jitsuenban)	922e7db1	264	Yuukyuu Gensoukyoku (Japan)
Yuukyuu Gensoukyoku 2nd Album (Japan)	4adc2f5a	375	Yuukyuu Gensoukyoku 2nd Album (Japan)
Yuukyuu Gensoukyoku 2nd Album (Japan) (Demo)	73ce31d6	258	Yuukyuu Gensoukyoku 2nd Album (Japan)
Yuukyuu Gensoukyoku 3 - Perpetual Blue (Japan)	f56d9c16	262	Yuukyuu Gensoukyoku 3 - Perpetual Blue (Japan)
Yuukyuu Gensoukyoku 3 - Perpetual Blue - Visual Collection (Japan)	02965543	462	Yuukyuu Gensoukyoku 3 - Perpetual Blue (Japan)
Yuukyuu Gensoukyoku Ensemble (Japan)	c6a1ac60	632	Yuukyuu Gensoukyoku Ensemble (Japan)
Yuukyuu Gensoukyoku Ensemble 2 (Japan)	179d5380	774	Yuukyuu Gensoukyoku Ensemble 2 (Japan)
Yuukyuu Kumikyoku - All Star Project (Japan)	6abe3213	258	Yuukyuu Kumikyoku - All Star Project (Japan)
Yuukyuu no Eden - The Eternal Eden (Japan)	83cd500b	108	Yuukyuu no Eden - The Eternal Eden (Japan)
Yuukyuu no Eden - The Eternal Eden (Japan) (Rev 1)	e2163bdb	116	Yuukyuu no Eden - The Eternal Eden (Japan)
Yuusha-ou GaoGaiGar - Blockaded Numbers (Japan)	a0cab3e7	113	Yuusha-ou GaoGaiGar - Blockaded Numbers (Japan)
Yuuwaku Office Ren'aika (Japan)	5e507f4a	97	Yuuwaku Office Ren'aika (Japan)
Yuuyami Doori Tankentai (Japan)	d8373752	97	Yuuyami Doori Tankentai (Japan)
Yuuyami Doori Tankentai (Japan) (Demo)	be741515	104	Yuuyami Doori Tankentai (Japan)
Z (Europe)	ad69a56c	190	Z (Europe)
Z (France)	c5f9638b	190	Z (Europe)
Z (Germany)	9e69db2b	192	Z (Europe)
Z (Italy)	e4547442	188	Z (Europe)
Z (Spain)	4db6b9b9	188	Z (Europe)
ZXE-D - Legend of Plasmatlite (Japan)	fff8263f	2490	ZXE-D - Legend of Plasmatlite (Japan)
Zanac x Zanac (Japan)	bf9b92c3	87	Zanac x Zanac (Japan)
Zanac x Zanac (Japan) (Demo)	52b8b839	226	Zanac x Zanac (Japan)
Zap! Snowboarding Trix '98 (Japan)	a0134c71	2433	Zap! Snowboarding Trix '98 (Japan)
Zap! Snowboarding Trix (Japan) (Fukyuuban 1500)	9884d106	2680	Zap! Snowboarding Trix '98 (Japan)
Zeiramzone (Japan)	406e151d	2581	Zeiramzone (Japan)
Zeitgeist (Japan)	f7193f07	83	Zeitgeist (Japan)
Zen Nihon GT Senshuken Kai (Japan)	a4db55bd	2304	Zen Nihon GT Senshuken Kai (Japan)
Zen Nihon GT Senshuken Max Rev. (Japan) (Disc 1)	8b32faf1	114	Zen Nihon GT Senshuken Max Rev. (Japan) (Disc 1)
Zen Nihon GT Senshuken Max Rev. (Japan) (Disc 2)	4cd6f4d2	1081	Zen Nihon GT Senshuken Max Rev. (Japan) (Disc 1)
Zen Nihon Joshi Pro Wrestling - Joou Densetsu - Yume no Taikousen (Japan)	b80beedb	316	Zen Nihon Joshi Pro Wrestling - Joou Densetsu - Yume no Taikousen (Japan)
Zen Nihon Pro Wres - Ouja no Tamashii (Japan)	0eb66037	111	Zen Nihon Pro Wres - Ouja no Tamashii (Japan)
Zen Nihon Pro Wres - Ouja no Tamashii (Japan) (Spike Library)	c0511578	127	Zen Nihon Pro Wres - Ouja no Tamashii (Japan)
Zen Super Robot Taisen Denshi Daihyakka (Japan) (Disc 1)	11b7e491	122	Zen Super Robot Taisen Denshi Daihyakka (Japan) (Disc 1)
Zen Super Robot Taisen Denshi Daihyakka (Japan) (Disc 2)	10eac240	122	Zen Super Robot Taisen Denshi Daihyakka (Japan) (Disc 1)
Zera-chan Puzzle - Pitatto Pair (Japan)	387382d4	105	Zera-chan Puzzle - Pitatto Pair (Japan)
Zero Divide (Europe)	b9770c70	86	Zero Divide (USA)
Zero Divide (Japan)	d9d3de42	85	Zero Divide (USA)
Zero Divide (Japan) (Demo)	8d09c5eb	92	Zero Divide (USA)
Zero Divide (USA)	fee86cbc	83	Zero Divide (USA)
Zero Divide 2 - The Secret Wish (Europe)	1768c9f0	106	Zero Divide 2 - The Secret Wish (Europe)
Zero Divide 2 - The Secret Wish (Europe) (Beta) (1997-09-02)	5dba70b5	126	Zero Divide 2 - The Secret Wish (Europe)
Zero Divide 2 - The Secret Wish (France)	316078f5	106	Zero Divide 2 - The Secret Wish (Europe)
Zero Divide 2 - The Secret Wish (Germany)	a9194872	107	Zero Divide 2 - The Secret Wish (Europe)
Zero Divide 2 - The Secret Wish (Italy)	7e933a40	105	Zero Divide 2 - The Secret Wish (Europe)
Zero Divide 2 - The Secret Wish (Japan) (Demo)	69d0813b	112	Zero Divide 2 - The Secret Wish (Europe)
Zero Divide 2 - The Secret Wish (Japan, Asia)	a453e544	111	Zero Divide 2 - The Secret Wish (Europe)
Zero Divide 2 - The Secret Wish (Spain)	23d7cb98	105	Zero Divide 2 - The Secret Wish (Europe)
Zero Pilot - Gin'yoku no Senshi (Japan)	46eb2c22	105	Zero Pilot - Gin'yoku no Senshi (Japan)
Zero Pilot - Gin'yoku no Senshi (Japan) (Rev 1)	dfe77979	113	Zero Pilot - Gin'yoku no Senshi (Japan)
Zero4 Champ DooZy-J (Japan)	47c293b6	2178	Zero4 Champ DooZy-J (Japan)
Zeus - Carnage Heart Second (Japan)	44662043	240	Zeus - Carnage Heart Second (Japan)
Zeus - Carnage Heart Second (Japan) (Demo)	29c39ad1	254	Zeus - Carnage Heart Second (Japan)
Zeus II - Carnage Heart (Japan)	125323b9	232	Zeus II - Carnage Heart (Japan)
ZigZagBall (Japan)	036856f7	84	ZigZagBall (Japan)
Zill O'll (Japan)	39d74dd5	83	Zill O'll (Japan)
Zill O'll (Japan) (Rev 1)	0fb293b3	91	Zill O'll (Japan)
Zipangu - Unmei wa Saikoro ga Kimeru! (Japan) (Demo)	384630be	118	Zipangu-jima - Unmei wa Saikoro ga Kimeru! (Japan)
Zipangu-jima - Unmei wa Saikoro ga Kimeru! (Japan)	a214a549	116	Zipangu-jima - Unmei wa Saikoro ga Kimeru! (Japan)
Zipangu-jima - Unmei wa Saikoro ga Kimeru! (Japan) (Demo 1)	160fd85d	125	Zipangu-jima - Unmei wa Saikoro ga Kimeru! (Japan)
Zipangu-jima - Unmei wa Saikoro ga Kimeru! (Japan) (Demo 2)	1752fe8c	125	Zipangu-jima - Unmei wa Saikoro ga Kimeru! (Japan)
Zipangu-jima - Unmei wa Saikoro ga Kimeru! (Japan) (Major Wave)	a352e44f	129	Zipangu-jima - Unmei wa Saikoro ga Kimeru! (Japan)
Zoboomafoo - Leapin' Lemurs! (USA)	c1f38b38	750	Zoboomafoo - Leapin' Lemurs! (USA)
Zoids - Battle Card Game - Seihou Tairiku Senki (Japan)	3a560299	121	Zoids - Battle Card Game - Seihou Tairiku Senki (Japan)
Zoids - Teikoku vs. Kyouwakoku - Meka Seitai no Idenshi (Japan)	b49b9935	129	Zoids - Teikoku vs. Kyouwakoku - Meka Seitai no Idenshi (Japan)
Zoids 2 - Heric Kyouwakoku vs. Guylos Teikoku (Japan)	54c7e2d2	119	Zoids 2 - Heric Kyouwakoku vs. Guylos Teikoku (Japan)
Zoku Gussun Oyoyo (Japan)	6a27007b	220	Zoku Gussun Oyoyo (Japan)
Zoku Hatsukoi Monogatari - Shuugaku Ryokou (Japan) (Disc 1)	c6e7e39a	125	Zoku Hatsukoi Monogatari - Shuugaku Ryokou (Japan) (Disc 1)
Zoku Hatsukoi Monogatari - Shuugaku Ryokou (Japan) (Disc 2)	c7bac54b	125	Zoku Hatsukoi Monogatari - Shuugaku Ryokou (Japan) (Disc 1)
Zoku Hatsukoi Monogatari - Shuugaku Ryokou (Japan) (Disc 3)	71a1253b	125	Zoku Hatsukoi Monogatari - Shuugaku Ryokou (Japan) (Disc 1)
Zoku Hatsukoi Monogatari - Shuugaku Ryokou (Japan) (Disc 4)	c50088e9	125	Zoku Hatsukoi Monogatari - Shuugaku Ryokou (Japan) (Disc 1)
Zoku Mikagura Shoujo Tanteidan - Kanketsu-hen (Japan) (Disc 1)	6db143d1	128	Zoku Mikagura Shoujo Tanteidan - Kanketsu-hen (Japan) (Disc 1)
Zoku Mikagura Shoujo Tanteidan - Kanketsu-hen (Japan) (Disc 2)	6cec6500	128	Zoku Mikagura Shoujo Tanteidan - Kanketsu-hen (Japan) (Disc 1)
Zoku Mikagura Shoujo Tanteidan - Kanketsu-hen (Japan) (Disc 3)	daf78570	128	Zoku Mikagura Shoujo Tanteidan - Kanketsu-hen (Japan) (Disc 1)
Zoku Mikagura Shoujo Tanteidan - Kanketsu-hen (Japan) (Disc 4)	6e5628a2	128	Zoku Mikagura Shoujo Tanteidan - Kanketsu-hen (Japan) (Disc 1)
Zoop (Japan)	31f3fbb3	724	Zoop - America's Largest Killer of Time! (USA)
Zoop - America's Largest Killer of Time! (USA)	9ebee6b5	962	Zoop - America's Largest Killer of Time! (USA)
Zork I - The Great Underground Empire (Japan)	0d31f688	4462	Zork I - The Great Underground Empire (Japan)
Zutto Issho - With Me Everytime... (Japan)	b3382d9a	254	Zutto Issho - With Me Everytime... (Japan)
Zutto Issho - With Me Everytime... (Japan) (Major Wave)	bd80e6e3	280	Zutto Issho - With Me Everytime... (Japan)
iS - Internal Section (Japan)	e56528da	95	iS - Internal Section (Japan)
m [emu] - Kimi o Tsutaete (Japan)	c5e335c9	617	m [emu] - Kimi o Tsutaete (Japan)
