#key	style	ss_system_id
'98 Koushien - Koukou Yakyuu Simulation (Japan)	mixrbv2	57
'99 Koushien (Japan)	mixrbv2	57
'Butagee' de Iinja Nai (Japan)	mixrbv2	57
0 kara no Mahjong - Mahjong Youchien Tamago-gumi (Japan)	mixrbv2	57
0 kara no Shougi - Shougi Youchien Ayumi-gumi (Japan)	mixrbv2	57
007 - Demain ne Meurt Jamais (France)	mixrbv2	57
007 - Der Morgen Stirbt Nie (Germany)	mixrbv2	57
007 - Die Welt Ist Nicht Genug (Germany)	mixrbv2	57
007 - El Mundo Nunca es Suficiente (Spain)	mixrbv2	57
007 - Le Monde ne Suffit Pas (France)	mixrbv2	57
007 - The World Is Not Enough (USA)	mixrbv2	57
007 - Tomorrow Never Dies (USA)	mixrbv2	57
007 Racing (USA)	mixrbv2	57
1 on 1 (Japan)	mixrbv2	57
100 Man Yen Quiz Hunter (Japan)	mixrbv2	57
100% Star (Europe)	mixrbv2	57
10101 - Will the Starship (Japan)	mixrbv2	57
19-ji 03-pun - Ueno-hatsu Yakou Ressha (Japan)	mixrbv2	57
1Xtreme (USA)	mixrbv2	57
2002 FIFA World Cup (USA) (En,Es)	mixrbv2	57
2Xtreme (USA)	mixrbv2	57
3, 2, 1, Smurf! My First Racing Game (Europe) (En,Fr,De,Es,It,Nl)	mixrbv2	57
360 Three Sixty (Europe) (En,Fr,De,Es,It,Sv)	mixrbv2	57
3D Baseball (USA)	mixrbv2	57
3D Baseball - The Majors (Japan)	mixrbv2	57
3D Lemmings (USA)	mixrbv2	57
3D Mission Shooting - Finalist (Japan)	mixrbv2	57
3D Shooting Tkool (Japan)	mixrbv2	57
3Xtreme (USA)	mixrbv2	57
3x3 Eyes - Kyuusei Koushu (Japan) (Disc 1)	mixrbv2	57
3x3 Eyes - Tenrin'ou Genmu (Japan) (Disc 1)	mixrbv2	57
4-4-2 Soccer (Europe) (En,Fr,De,Es)	mixrbv2	57
40 Winks (USA)	mixrbv2	57
4x4 World Trophy (Europe) (En,Fr,De,Es,It)	mixrbv2	57
5 Star Racing (Europe)	mixrbv2	57
50 por 15 - Quiere Ser Millonario (Spain)	mixrbv2	57
70's Robot Anime - Geppy-X - The Super Boosted Armor (Japan) (Disc 1)	mixrbv2	57
A Ressha de Ikou 4 - Evolution (Japan)	mixrbv2	57
A Ressha de Ikou Z - Mezase! Tairiku Oudan (Japan)	mixrbv2	57
A Sangre Fria (Spain) (Disc 1)	mixrbv2	57
A-Train - Trains, Power, Money (USA) (En,Ja,Fr,De)	mixrbv2	57
A.IV - Evolution Global (Europe) (En,Ja,Fr,De)	mixrbv2	57
A2 Racer - Europa Tour (Netherlands)	mixrbv2	57
A5 - A Ressha de Ikou 5 (Japan, Asia)	mixrbv2	57
AFL 99 (Australia)	mixrbv2	57
AI Mahjong 2000 (Japan)	mixrbv2	57
AI Mahjong Selection (Japan)	mixrbv2	57
AI Shougi (Japan)	mixrbv2	57
AI Shougi 2 (Japan)	mixrbv2	57
AI Shougi 2 Deluxe (Japan)	mixrbv2	57
AI Shougi Selection (Japan)	mixrbv2	57
ATV - Quad Power Racing (USA)	mixrbv2	57
ATV Mania (USA)	mixrbv2	57
ATV Racers (USA)	mixrbv2	57
AbalaBurn (Japan)	mixrbv2	57
Abe a GoGo (Japan)	mixrbv2	57
Absolute Football (France) (En,Fr,De,Es,It,Pt)	mixrbv2	57
Ace Combat (Japan)	mixrbv2	57
Ace Combat 2 (USA)	mixrbv2	57
Ace Combat 3 - Electrosphere (USA)	mixrbv2	57
Aces of the Air (USA)	mixrbv2	57
Acid (Japan)	mixrbv2	57
Aconcagua (Japan) (Disc 1)	mixrbv2	57
Action Bass (USA)	mixrbv2	57
Action Man - Destruction X (Europe) (En,Fr,De,Es,It)	mixrbv2	57
Action Man - Mission Xtreme (Europe) (En,Fr,De,Es,It,Nl,Sv,No,Da,Fi)	mixrbv2	57
Action Man - Operation Extreme (USA)	mixrbv2	57
Activision Classics (USA)	mixrbv2	57
Actua Golf (Europe) (En,Fr,De)	mixrbv2	57
Actua Golf 2 (Europe)	mixrbv2	57
Actua Golf 3 (Europe)	mixrbv2	57
Actua Ice Hockey (Europe) (En,Fr,De,Sv,Fi)	mixrbv2	57
Actua Ice Hockey 2 (Europe)	mixrbv2	57
Actua Pool (Europe)	mixrbv2	57
Actua Soccer (Europe) (En,Fr)	mixrbv2	57
Actua Soccer - Club Edition (Europe)	mixrbv2	57
Actua Soccer 2 (Europe) (En,Fr)	mixrbv2	57
Actua Soccer 3 (Europe)	mixrbv2	57
Actua Tennis (Europe)	mixrbv2	57
Addie no Okurimono - To Moze from Addie (Japan)	mixrbv2	57
Adiboo & Paziral's Secret (Europe) (En,Fr,De,Es,It)	mixrbv2	57
Adibou et l'Ombre Verte (France)	mixrbv2	57
Adidas Power Soccer (USA)	mixrbv2	57
Adidas Power Soccer + Resident Evil + Shellshock + Descent (Europe)	mixrbv2	57
Adidas Power Soccer 2 (Europe) (En,Fr,De,Es,It,Nl)	mixrbv2	57
Adidas Power Soccer 98 (USA)	mixrbv2	57
Adidas Power Soccer International '97 (Europe) (En,Fr,De,Es,It,Nl)	mixrbv2	57
Adlib Ouji - ...to Fuyukai na Nakamatachi! (Japan)	mixrbv2	57
Advan Racing (Japan)	mixrbv2	57
Advanced Dungeons & Dragons - Iron & Blood - Warriors of Ravenloft (USA)	mixrbv2	57
Advanced V.G. (Japan)	mixrbv2	57
Advanced V.G. 2 (Japan)	mixrbv2	57
Adventure of Little Ralph, The (Japan) (Rev 1)	mixrbv2	57
Adventures of Lomax, The (USA)	mixrbv2	57
Aeon Flux (USA) (Proto) (1996-11-21)	mixrbv2	57
Aerodive (Japan)	mixrbv2	57
Afraid Gear (Japan)	mixrbv2	57
Afraid Gear Another (Japan)	mixrbv2	57
Agent Armstrong (Europe) (En,Fr,De,Es)	mixrbv2	57
Agent Armstrong - Himitsu Shirei Daisakusen (Japan)	mixrbv2	57
Agile Warrior - F-111X (USA)	mixrbv2	57
Ah Nanjarin (Japan)	mixrbv2	57
Ai to Yuujou no Neko Monogatari. Jingle Cats - Love Para Daisakusen no Maki (Japan, Asia)	mixrbv2	57
Air Combat (USA)	mixrbv2	57
Air Hockey (USA)	mixrbv2	57
Air Management '96 (Japan)	mixrbv2	57
Air Race (Europe)	mixrbv2	57
AirGrave (Japan)	mixrbv2	57
AirRace Championship (Japan)	mixrbv2	57
Aironauts (Europe) (En,Fr,De)	mixrbv2	57
Airs, The (Japan)	mixrbv2	57
Aishiau Koto Shika Dekinai (Japan)	mixrbv2	57
Aitakute... - Your Smiles in My Heart (Japan) (Disc 1)	mixrbv2	57
Akagawa Jirou - Majotachi no Nemuri - Fukkatsusai (Japan)	mixrbv2	57
Akagawa Jirou - Yasoukyoku (Japan)	mixrbv2	57
Akagawa Jirou - Yasoukyoku 2 (Japan)	mixrbv2	57
Akazu no Ma (Japan)	mixrbv2	57
Akuji the Heartless (USA)	mixrbv2	57
Akumajou Dracula X - Gekka no Yasoukyoku (Japan)	mixrbv2	57
Albaria no Otome - Uruwashi no Seikishitachi (Japan)	mixrbv2	57
Alex Ferguson's Player Manager 2001 (Europe)	mixrbv2	57
Alex Ferguson's Player Manager 2002 (Europe)	mixrbv2	57
Alexandra Ledermann 2 - Equitation Competition (France)	mixrbv2	57
Alexi Lalas International Soccer (USA) (En,Fr,De,Es,It)	mixrbv2	57
Alfred Chicken (Europe) (En,Fr,De,Es,It)	mixrbv2	57
Alice in Cyberland (Japan)	mixrbv2	57
Alien Resurrection (USA)	mixrbv2	57
Alien Trilogy (USA)	mixrbv2	57
Alive (Japan) (Disc 1)	mixrbv2	57
All Music Dance! (Italy)	mixrbv2	57
All Star Action (Europe) (Disc 1)	mixrbv2	57
All Star Boxing (Europe)	mixrbv2	57
All Star Racing (USA)	mixrbv2	57
All Star Racing 2 (USA)	mixrbv2	57
All Star Soccer (Europe) (En,Fr,De,It)	mixrbv2	57
All Star Tennis '99 (Europe) (En,Fr,De,Es,It)	mixrbv2	57
All Star Tennis (Europe)	mixrbv2	57
All Star Tennis 2000 (Europe) (En,De,Es,It)	mixrbv2	57
All Star Watersports (Europe)	mixrbv2	57
All-Star Baseball 97 featuring Frank Thomas (USA)	mixrbv2	57
All-Star Mahjong - Karei naru Shoubushi kara no Chousen (Japan)	mixrbv2	57
All-Star Slammin' D-Ball (USA)	mixrbv2	57
Allied General (USA)	mixrbv2	57
Alnam no Kiba - Juuzoku Juuni Shinto Densetsu (Japan)	mixrbv2	57
Alnam no Tsubasa - Shoujin no Sora no Kanata e (Japan) (Disc 1)	mixrbv2	57
Alone in the Dark - Jack Is Back (Europe) (En,Fr,De,Es,It)	mixrbv2	57
Alone in the Dark - One-Eyed Jack's Revenge (USA)	mixrbv2	57
Alone in the Dark - The New Nightmare (USA) (Disc 1)	mixrbv2	57
Alone in the Dark 2 (Japan)	mixrbv2	57
Alundra (USA)	mixrbv2	57
Alundra 2 - A New Legend Begins (USA)	mixrbv2	57
Alundra 2 - Der Beginn einer neuen Legende (Germany)	mixrbv2	57
Alundra 2 - Mashinka no Nazo (Japan)	mixrbv2	57
Alundra 2 - Une Legende Est Nee (France)	mixrbv2	57
Amazing Virtual Sea-Monkeys, The (USA) (En,Es)	mixrbv2	57
America Oudan Ultra Quiz (Japan)	mixrbv2	57
American Pool (USA)	mixrbv2	57
Amerzone - El Legado del Explorador (Spain) (Disc 1)	mixrbv2	57
Amerzone - Il Testamento dell'Esploratore (Italy) (Disc 1)	mixrbv2	57
Amerzone - The Explorer's Legacy (Europe) (Disc 1)	mixrbv2	57
Amerzone, L' (France) (Disc 1)	mixrbv2	57
Anastasia (Europe) (En,Fr,De,Nl)	mixrbv2	57
Ancient Roman - Power of Dark Side (Japan) (Disc 1)	mixrbv2	57
Andretti Racing (USA)	mixrbv2	57
Angel Blade - Neo Tokyo Guardians (Japan)	mixrbv2	57
Angel Graffiti - Anata e no Profile (Japan)	mixrbv2	57
Angelique - Tenkuu no Requiem (Japan)	mixrbv2	57
Angelique Duet (Japan)	mixrbv2	57
Angelique Special (Japan)	mixrbv2	57
Angelique Special 2 (Japan)	mixrbv2	57
Animal Football (Europe) (En,Fr,De)	mixrbv2	57
Animal Snap - Rescue Them 2 by 2 (Europe)	mixrbv2	57
Animaniacs - Ten Pin Alley (USA)	mixrbv2	57
Animetic Story Game 1 - Cardcaptor Sakura (Japan) (Disc 1)	mixrbv2	57
Animorphs - Shattered Reality (USA)	mixrbv2	57
Ankh - Tutankhamen no Nazo (Japan) (Disc 1)	mixrbv2	57
Anna Kournikova's Smash Court Tennis (Europe)	mixrbv2	57
Ano Ko Doko no Ko (Japan)	mixrbv2	57
Another Memories (Japan)	mixrbv2	57
Another Mind (Japan)	mixrbv2	57
Anstoss - Premier Manager (Germany)	mixrbv2	57
Ao no 6-gou - Antarctica (Japan) (Disc 1)	mixrbv2	57
Aoki Ookami to Shiroki Mejika - Genchou Hishi (Japan)	mixrbv2	57
Aozora to Nakamatachi - Yume no Bouken Plus (Japan)	mixrbv2	57
Ape Escape (USA)	mixrbv2	57
Ape Escape - La Invasion de los Monos (Spain)	mixrbv2	57
Apocalypse (USA)	mixrbv2	57
Aqua GT (Europe) (En,Fr,De,Es,It,Nl)	mixrbv2	57
Aqua Paradise (Japan)	mixrbv2	57
Aquanaut no Kyuujitsu (Japan)	mixrbv2	57
Aquanaut no Kyuujitsu - Memories of Summer 1996 (Japan)	mixrbv2	57
Aquanaut no Kyuujitsu 2 (Japan)	mixrbv2	57
Aquanaut's Holiday (USA)	mixrbv2	57
Aquarian Age - Tokyo Wars (Japan)	mixrbv2	57
Arc the Lad II (Japan)	mixrbv2	57
Arcade Gears - ImageFight & XMultiply (Japan)	mixrbv2	57
Arcade Gears - Pu-Li-Ru-La (Japan)	mixrbv2	57
Arcade Gears - Wonder 3 (Japan)	mixrbv2	57
Arcade Hits - Crazy Climber (Japan)	mixrbv2	57
Arcade Hits - Frisky Tom (Japan)	mixrbv2	57
Arcade Hits - Moon Cresta (Japan)	mixrbv2	57
Arcade Hits - Soukyuu Gurentai (Japan)	mixrbv2	57
Arcade Party Pak (USA)	mixrbv2	57
Arcade's Greatest Hits - The Atari Collection 1 (USA)	mixrbv2	57
Arcade's Greatest Hits - The Atari Collection 2 (USA)	mixrbv2	57
Arcade's Greatest Hits - The Midway Collection 2 (USA)	mixrbv2	57
Arcana Senki Ludo (Japan)	mixrbv2	57
Archer Maclean's 3D Pool (Europe)	mixrbv2	57
Are!Mo KoreMo Momotarou (Japan)	mixrbv2	57
Area 51 (USA)	mixrbv2	57
Ark of Time (Europe) (En,Fr,De,Es,It)	mixrbv2	57
Arkanoid R 2000 (Japan)	mixrbv2	57
Arkanoid Returns (Japan)	mixrbv2	57
Armed Fighter (Japan)	mixrbv2	57
Armored Core (USA)	mixrbv2	57
Armored Core - Master of Arena (USA) (Disc 1)	mixrbv2	57
Armored Core - Project Phantasma (USA)	mixrbv2	57
Armorines - Project S.W.A.R.M. (USA)	mixrbv2	57
Army Men - Air Attack (USA)	mixrbv2	57
Army Men - Air Attack 2 (USA, Canada)	mixrbv2	57
Army Men - Green Rogue (USA)	mixrbv2	57
Army Men - Land, Sea, Air (Europe) (En,Fr,De,Es,It)	mixrbv2	57
Army Men - Lock 'n' Load (Europe) (En,Fr,De,Es,It)	mixrbv2	57
Army Men - Omega Soldier (Europe) (En,Fr,De,Es,It)	mixrbv2	57
Army Men - Operation Meltdown (Europe) (En,Fr,De,Es,It)	mixrbv2	57
Army Men - Sarge's Heroes (USA)	mixrbv2	57
Army Men - Sarge's Heroes 2 (USA)	mixrbv2	57
Army Men - Team Assault (Europe) (En,Fr,De,Es,It)	mixrbv2	57
Army Men - World War (USA)	mixrbv2	57
Army Men - World War - Final Front (USA)	mixrbv2	57
Army Men - World War - Land, Sea, Air (USA, Canada)	mixrbv2	57
Army Men - World War - Team Assault (USA)	mixrbv2	57
Army Men 3D (USA)	mixrbv2	57
Art Camion - Geijutsuden (Japan)	mixrbv2	57
Art Camion - Sugorokuden (Japan)	mixrbv2	57
Arthur to Astaroth no Nazo Makaimura - Incredible Toons (Japan)	mixrbv2	57
Arthur! Ready to Race (USA)	mixrbv2	57
Asonde Chinou Up (Japan)	mixrbv2	57
Assault (Europe) (En,Fr,De,Es,It)	mixrbv2	57
Assault - Retribution (USA)	mixrbv2	57
Assault Rigs (USA)	mixrbv2	57
Assault Suits Valken 2 (Japan)	mixrbv2	57
Asterix & Obelix Take on Caesar (Europe)	mixrbv2	57
Asterix (Europe) (En,Fr,De,Nl)	mixrbv2	57
Asterix - Mega Madness (Europe) (En,Fr,De,Es,It,Nl)	mixrbv2	57
Asteroids (USA)	mixrbv2	57
Astro Trooper Vanark (Japan)	mixrbv2	57
Astronoka (Japan) (Disc 1)	mixrbv2	57
Asuka 120% Excellent - Burning Fest. Excellent (Japan, Asia)	mixrbv2	57
Asuka 120% Final - Burning Fest. Final (Japan)	mixrbv2	57
Asuka 120% Special - Burning Fest. Special (Japan)	mixrbv2	57
Asuncia - Majou no Jubaku (Japan)	mixrbv2	57
Atari Anniversary Edition Redux (USA)	mixrbv2	57
Atelier Elie - Elie no Atelier - Salburg no Renkinjutsushi 2 (Japan)	mixrbv2	57
Athena - Awakening from the Ordinary Life (Japan) (Disc 1)	mixrbv2	57
Athena no Kateiban - Family Games (Japan)	mixrbv2	57
Atlantis - Das sagenhafte Abenteuer (Germany) (Disc 1)	mixrbv2	57
Atlantis - Secrets d'un Monde Oublie (France) (Disc 1)	mixrbv2	57
Atlantis - Segreti d'un Mondo Perduto (Italy) (Disc 1)	mixrbv2	57
Atlantis - The Lost Continent (Europe) (En,Fr,De)	mixrbv2	57
Atlantis - The Lost Tales (Europe) (Disc 1)	mixrbv2	57
Attack of the Saucerman (Europe) (En,Fr,De,Es,It)	mixrbv2	57
Aubirdforce (Japan)	mixrbv2	57
Aubirdforce - After (Japan)	mixrbv2	57
Aura Battler Dunbine - Seisenshi Densetsu (Japan) (Rev 1)	mixrbv2	57
Austin Powers Pinball (USA)	mixrbv2	57
Auto Destruct (USA)	mixrbv2	57
Autobahn Raser II (Germany)	mixrbv2	57
Ayakashi Ninden Kunoichiban (Japan) (Disc 1)	mixrbv2	57
Ayrton Senna Kart Duel (Europe)	mixrbv2	57
Ayrton Senna Kart Duel 2 (Europe)	mixrbv2	57
Ayrton Senna Kart Duel Special (Japan)	mixrbv2	57
Ayrton Senna KartDuel 2 (Japan)	mixrbv2	57
Azito (Japan)	mixrbv2	57
Azito 2 (Japan)	mixrbv2	57
Azito 3 (Japan)	mixrbv2	57
Aztec - The Curse in the Heart of the City of Gold (Europe) (En,Nl)	mixrbv2	57
Azumanga Donjara Daiou (Japan)	mixrbv2	57
Azure Dreams (USA)	mixrbv2	57
B Senjou no Alice - Alice on Borderlines (Japan) (Disc 1)	mixrbv2	57
B-Movie (Europe) (En,Es,It)	mixrbv2	57
B. L. U. E. - Legend of Water (Japan)	mixrbv2	57
BDFL Manager 2001 (Germany)	mixrbv2	57
BDFL Manager 2002 (Germany)	mixrbv2	57
BFS - Blue Forest Story - Kaze no Fuuin (Japan)	mixrbv2	57
Baby Felix Tennis (Europe) (En,Fr,De,Es,It,Nl)	mixrbv2	57
Baby Universe (Europe)	mixrbv2	57
BackGuiner - Yomigaeru Yuushatachi - Hishou-hen - Uragiri no Senjou (Japan) (Disc 1)	mixrbv2	57
BackGuiner - Yomigaeru Yuushatachi - Kakusei-hen - Guiner Tensei (Japan) (Disc 1)	mixrbv2	57
Backgammon (Japan)	mixrbv2	57
Backgammon 2000 (Japan)	mixrbv2	57
Backstreet Billiards (USA)	mixrbv2	57
Backyard Soccer (USA)	mixrbv2	57
Bakumatsu Roman - Gekka no Kenshi (Japan)	mixrbv2	57
Bakuretsu Hunter - Mahjong Special (Japan)	mixrbv2	57
Bakuretsu Hunter - Sorezore no Omoi ... Nowaanchatte (Japan)	mixrbv2	57
Bakuretsu Soccer (Japan)	mixrbv2	57
Bakuryuu (Japan)	mixrbv2	57
Bakushou!! All Yoshimoto Quiz-ou Ketteisen DX (Japan)	mixrbv2	57
Bakusou Dekotora Densetsu - Otoko Ippiki Yume Kaidou (Japan)	mixrbv2	57
Bakusou Dekotora Densetsu 2 - Otoko Jinsei Yume Ichiro (Japan)	mixrbv2	57
Bakusou Kyoudai Let's & Go!! Eternal Wings (Japan)	mixrbv2	57
Bakuten Shoot Beyblade - Bey Battle Tournament (Japan)	mixrbv2	57
Bakuten Shoot Beyblade 2002 - Bey Battle Tournament 2 (Japan)	mixrbv2	57
Baldies (USA)	mixrbv2	57
Ball Breakers (USA)	mixrbv2	57
Ballblazer Champions (USA)	mixrbv2	57
Ballerburg (Europe)	mixrbv2	57
Ballerburg - Castle Chaos (USA)	mixrbv2	57
Ballistic (USA)	mixrbv2	57
Baphomets Fluch (Germany)	mixrbv2	57
Baphomets Fluch II - Die Spiegel der Finsternis (Germany)	mixrbv2	57
Barbie - Aventure Equestre (France)	mixrbv2	57
Barbie - Aventuriere (France)	mixrbv2	57
Barbie - Explorer (USA)	mixrbv2	57
Barbie - Gotta Have Games (USA)	mixrbv2	57
Barbie - Race & Ride (USA)	mixrbv2	57
Barbie - Sports Extreme (France)	mixrbv2	57
Barbie - Super Sport (Germany)	mixrbv2	57
Barbie - Super Sports (USA)	mixrbv2	57
Barca Manager 2000 (Spain) (Es,Ca)	mixrbv2	57
Bardysh - Kromeford no Juunin (Japan)	mixrbv2	57
Baroque - Yuganda Mousou (Japan)	mixrbv2	57
Baroque Syndrome (Japan)	mixrbv2	57
Baseball Navigator (Japan)	mixrbv2	57
Baseball Simulation - ID Pro Yakyuu (Japan)	mixrbv2	57
Bases Loaded '96 - Double Header (USA)	mixrbv2	57
Bass Fisherman - Texas (Japan)	mixrbv2	57
Bass Landing (USA)	mixrbv2	57
Bass Landing 2 (Japan)	mixrbv2	57
Bass Rise (USA)	mixrbv2	57
Bass Tsuri ni Ikou! (Japan)	mixrbv2	57
Bassing Beat 2 (Japan)	mixrbv2	57
Bastard!! Utsuronaru Kamigami no Utsuwa (Japan)	mixrbv2	57
Batman & Robin (USA)	mixrbv2	57
Batman - Gotham City Racer (USA)	mixrbv2	57
Batman Beyond - Return of the Joker (USA)	mixrbv2	57
Batman Forever - The Arcade Game (USA)	mixrbv2	57
Batman of the Future - Return of the Joker (Europe) (En,Fr,De)	mixrbv2	57
Battle Arena Nitoushinden (Japan)	mixrbv2	57
Battle Arena Toshinden (USA)	mixrbv2	57
Battle Arena Toshinden 2 (USA)	mixrbv2	57
Battle Arena Toshinden 3 (USA) (En,Ja)	mixrbv2	57
Battle Arena Toushinden 2 (Japan)	mixrbv2	57
Battle Arena Toushinden 3 (Japan, Asia)	mixrbv2	57
Battle Athletess - Daiundoukai Alternative (Japan)	mixrbv2	57
Battle Athletess - Daiundoukai GTO (Grand Trial Onnanoco) (Japan)	mixrbv2	57
Battle Bugs (Japan)	mixrbv2	57
Battle Formation (Japan)	mixrbv2	57
Battle Hunter (USA)	mixrbv2	57
Battle Konchuuden (Japan)	mixrbv2	57
Battle Master (Japan)	mixrbv2	57
Battle Stations (USA)	mixrbv2	57
BattleRound USA (Japan)	mixrbv2	57
BattleSport (USA)	mixrbv2	57
BattleTanx - Global Assault (USA)	mixrbv2	57
Beach Volleyball (Europe) (En,Fr,De,Es,It)	mixrbv2	57
Bealphareth (Japan)	mixrbv2	57
Beast Wars - Transformers (USA)	mixrbv2	57
Beat Mania - The Sound of Tokyo (Japan)	mixrbv2	57
Beat Mania 3rd Mix Mini (Japan)	mixrbv2	57
Beat Mania Append GottaMix (Japan, Asia)	mixrbv2	57
Beat Mania Append GottaMix 2 - Going Global (Japan)	mixrbv2	57
Beat Planet Music (Japan)	mixrbv2	57
Beatmania (Europe)	mixrbv2	57
Beatmania 6thMix + Core Remix (Japan)	mixrbv2	57
Beatmania Append 4thMix - The Beat Goes On (Japan)	mixrbv2	57
Beatmania Append 5thMix - Time to Get Down (Japan)	mixrbv2	57
Beatmania Append Club Mix (Japan)	mixrbv2	57
Beatmania Best Hits (Japan)	mixrbv2	57
Beatmania featuring Dreams Come True (Japan)	mixrbv2	57
Beavis and Butt-Head - Virtual Aho Shoukougun (Japan)	mixrbv2	57
Bedlam (Europe) (En,Fr,De,Es,It,Nl)	mixrbv2	57
Beyblade (USA)	mixrbv2	57
Beyond the Beyond (USA)	mixrbv2	57
Big Air (USA)	mixrbv2	57
Big Bass Fishing (USA)	mixrbv2	57
Big Bass World Championship (USA)	mixrbv2	57
Big Challenge Golf - Tokyo Yomiuri Country Club-hen (Japan)	mixrbv2	57
Big League Slugger Baseball (USA)	mixrbv2	57
Big Ol' Bass 2 (USA)	mixrbv2	57
Big Strike Bowling (USA)	mixrbv2	57
Billiards (USA)	mixrbv2	57
Bio F.R.E.A.K.S. (USA)	mixrbv2	57
Biohazard - Gun Survivor (Japan)	mixrbv2	57
Biohazard 2 (Japan) (Disc 1) (Leon-hen)	mixrbv2	57
Bishi Bashi Special (Europe)	mixrbv2	57
Bishi Bashi Special 2 (Japan)	mixrbv2	57
Bishi Bashi Special 3 - Step Champ (Japan)	mixrbv2	57
Bishoujo Hanafuda Kikou - Michinoku Hitou Koi Monogatari (Japan)	mixrbv2	57
Bishoujo Ren'ai Mahjong Series - Karan Koron Gakuen - Doki Doki-hen (Japan)	mixrbv2	57
Bishoujo Ren'ai Mahjong Series - Karan Koron Gakuen - Munekyun-hen (Japan)	mixrbv2	57
Bishoujo Ren'ai Mahjong Series - Karan Koron Gakuen - Pure Love-hen (Japan)	mixrbv2	57
Bishoujo Ren'ai Mahjong Series 2nd - Shiritsu Houou Gakuen - 1-nen Jun'ai-gumi (Japan)	mixrbv2	57
Bishoujo Ren'ai Mahjong Series 2nd - Shiritsu Houou Gakuen - 2-nen Junjou-gumi (Japan)	mixrbv2	57
Bishoujo Senshi Sailor Moon SuperS - Shin Shuyaku Soudatsusen (Japan)	mixrbv2	57
Bistro, The - Ryouri & Wine no Shokunintachi (Japan)	mixrbv2	57
Black Bass with Blue Marlin (USA)	mixrbv2	57
Black Dawn (USA)	mixrbv2	57
Black-Matrix + (Japan) (Disc 1)	mixrbv2	57
Black-Matrix 00 (Japan) (Disc 1)	mixrbv2	57
Blackjack vs. Matsuda Jun (Japan)	mixrbv2	57
Blade (USA)	mixrbv2	57
Blade Arts - Tasogare no Miyako R'lyeh (Japan)	mixrbv2	57
Blade Maker (Japan)	mixrbv2	57
Blam! Machinehead (Europe)	mixrbv2	57
Blast Chamber (USA)	mixrbv2	57
Blast Lacrosse (USA)	mixrbv2	57
Blast Radius (USA)	mixrbv2	57
Blaster Master (Japan)	mixrbv2	57
Blaster Master - Blasting Again (USA)	mixrbv2	57
Blasto (USA)	mixrbv2	57
Blaze & Blade - Eternal Quest (Europe)	mixrbv2	57
Blaze & Blade Busters (Japan)	mixrbv2	57
Blazing Dragons (USA)	mixrbv2	57
Blend x Brand - Odekake Gousei RPG (Japan)	mixrbv2	57
Block Buster (Europe)	mixrbv2	57
Block Kuzushi (Japan)	mixrbv2	57
Block Kuzushi - Deden no Gyakushuu (Japan)	mixrbv2	57
Block Kuzushi 2 (Japan)	mixrbv2	57
Block Wars (Japan)	mixrbv2	57
Blockids (USA)	mixrbv2	57
Blood Factory (Japan)	mixrbv2	57
Blood Lines (Europe) (En,Fr,De,Es,It)	mixrbv2	57
Blood Omen - Legacy of Kain (USA)	mixrbv2	57
Bloody Roar (USA)	mixrbv2	57
Bloody Roar - Hyper Beast Duel (Europe)	mixrbv2	57
Bloody Roar 2 - Bringer of the New Age (Europe)	mixrbv2	57
Bloody Roar II (USA)	mixrbv2	57
Blue Breaker - Egao no Yakusoku (Japan)	mixrbv2	57
Blue Breaker Burst - Egao no Asu ni (Japan)	mixrbv2	57
Blue Breaker Burst - Hohoemi o Anata to (Japan)	mixrbv2	57
Blue Marlin, The (Japan)	mixrbv2	57
Blue's Clues - Blue's Big Musical (USA)	mixrbv2	57
Bob le Bricoleur - Reparer C'est Gagne ! (France)	mixrbv2	57
Bob the Builder - Can We Fix It (USA)	mixrbv2	57
Body Hazard (Japan)	mixrbv2	57
Bogey Dead 6 (USA)	mixrbv2	57
Boku no Choro Q (Japan)	mixrbv2	57
Boku no Natsuyasumi - Summer Holiday 20th Century (Japan)	mixrbv2	57
Boku wa Koukuu Kanseikan (Japan)	mixrbv2	57
Bokujou Monogatari - Harvest Moon (Japan)	mixrbv2	57
Bokujou Monogatari - Harvest Moon for Girl (Japan)	mixrbv2	57
Bomberman (Europe)	mixrbv2	57
Bomberman - Party Edition (USA)	mixrbv2	57
Bomberman Fantasy Race (USA)	mixrbv2	57
Bomberman Land (Japan)	mixrbv2	57
Bomberman Wars (Japan, Asia)	mixrbv2	57
Bomberman World (USA)	mixrbv2	57
Bombing Islands, The (USA)	mixrbv2	57
Bonogurashi - Kore de Kanpeki Disu (Japan)	mixrbv2	57
Book of Watermarks, The (Japan) (Disc 1)	mixrbv2	57
BoomBots (USA)	mixrbv2	57
Bottom of the 9th '97 (USA)	mixrbv2	57
Bottom of the 9th '99 (USA)	mixrbv2	57
Bottom of the 9th (USA)	mixrbv2	57
Bottom of the 9th - Major League Heroes (Japan)	mixrbv2	57
Boucliers de Quetzalcoatl, Les - Les Chevaliers de Baphomet II (France)	mixrbv2	57
Boundary Gate - Daughter of Kingdom (Japan)	mixrbv2	57
Bounty Hunter Sara - Holy Mountain no Teiou (Japan)	mixrbv2	57
Bounty Sword - Double Edge (Japan)	mixrbv2	57
Bounty Sword First (Japan)	mixrbv2	57
Bowling (USA)	mixrbv2	57
Box Champions 2000 (Germany)	mixrbv2	57
Box Champions 2001 (Germany)	mixrbv2	57
Box-Champions (Germany)	mixrbv2	57
Boxer's Road (Japan)	mixrbv2	57
Boxing (USA)	mixrbv2	57
Boys Be... (Japan)	mixrbv2	57
Boys Be... 2nd Season (Japan)	mixrbv2	57
Brahma Force (Europe)	mixrbv2	57
Brahma Force - The Assault on Beltlogger 9 (USA)	mixrbv2	57
BrainDead 13 (USA) (Disc 1)	mixrbv2	57
Bratz - Dress Up, Get Down and Be a Bratz Superstar! (USA) (En,Fr,Es)	mixrbv2	57
Brave Fencer Musashi (USA)	mixrbv2	57
Brave Prove (Japan)	mixrbv2	57
Brave Saga 2 (Japan) (Disc 1)	mixrbv2	57
Brave Sword (Japan)	mixrbv2	57
Bravo Air Race (USA)	mixrbv2	57
Break Point (Europe) (En,Fr)	mixrbv2	57
Break Thru! (Japan)	mixrbv2	57
Break Volley (Japan)	mixrbv2	57
Breakout (USA)	mixrbv2	57
Breakout - A Story of Bat Meets Ball...! (Europe) (En,Fr,De,It)	mixrbv2	57
Breath of Fire III (USA)	mixrbv2	57
Breath of Fire IV (USA)	mixrbv2	57
Breed Master (Japan)	mixrbv2	57
Breeding Stud - Bokujou de Aimashou (Japan)	mixrbv2	57
Breeding Stud 2 (Japan)	mixrbv2	57
Brian Lara Cricket (Europe)	mixrbv2	57
Brigandine - Grand Edition (Japan) (Disc 1)	mixrbv2	57
Brigandine - The Legend of Forsena (USA)	mixrbv2	57
Brightis (Japan)	mixrbv2	57
Broken Helix (USA)	mixrbv2	57
Broken Sword - La Leyenda de los Templarios (Spain)	mixrbv2	57
Broken Sword - The Shadow of the Templars (USA)	mixrbv2	57
Broken Sword II - La Profezia dei Maya (Italy)	mixrbv2	57
Broken Sword II - Las Fuerzas del Mal (Spain)	mixrbv2	57
Broken Sword II - The Smoking Mirror (USA)	mixrbv2	57
Brunswick Circuit Pro Bowling (USA)	mixrbv2	57
Brunswick Circuit Pro Bowling 2 (USA)	mixrbv2	57
Bubble Bobble also featuring Rainbow Islands (USA)	mixrbv2	57
Bubblegun Kid (Japan)	mixrbv2	57
Bubsy 3D - Furbitten Planet (USA)	mixrbv2	57
Buckle Up! (Japan)	mixrbv2	57
Buggy (Europe) (En,Fr,De,Es,It,Pt)	mixrbv2	57
Bugi (Japan)	mixrbv2	57
Bugriders - The Race of Kings (USA)	mixrbv2	57
Bugs Bunny & Taz - Time Busters (USA) (En,Fr,Es)	mixrbv2	57
Bugs Bunny - Lost in Time (USA) (En,Fr,Es)	mixrbv2	57
Builder's Block (USA)	mixrbv2	57
Building Crush! (Japan)	mixrbv2	57
Bundesliga 2000 - Der Fussball-Manager (Germany)	mixrbv2	57
Bundesliga Stars 2000 (Germany)	mixrbv2	57
Bundesliga Stars 2001 (Germany)	mixrbv2	57
Burger Burger - Hamburger Simulation (Japan)	mixrbv2	57
Burger Burger 2 (Japan)	mixrbv2	57
Burning Road (USA)	mixrbv2	57
BursTrick - Wake Boarding!! (USA)	mixrbv2	57
Bushido Blade (USA)	mixrbv2	57
Bushido Blade 2 (USA)	mixrbv2	57
Bust A Groove (USA)	mixrbv2	57
Bust A Groove 2 (USA)	mixrbv2	57
Bust A Move (Japan) (Disc 1) (Genteiban)	mixrbv2	57
Bust A Move 2 - Dance Tengoku Mix (Japan)	mixrbv2	57
Bust-A-Groove (Europe) (En,Fr,De,Es,It)	mixrbv2	57
Bust-A-Move '99 (USA)	mixrbv2	57
Bust-A-Move 2 - Arcade Edition (USA)	mixrbv2	57
Bust-A-Move 3 DX (Europe)	mixrbv2	57
Bust-A-Move 4 (USA)	mixrbv2	57
Buster Bros. Collection (USA)	mixrbv2	57
Buttsubushi (Europe, Australia)	mixrbv2	57
C - The Contra Adventure (USA)	mixrbv2	57
C-12 - Final Resistance (USA)	mixrbv2	57
C1 - Circuit (Japan)	mixrbv2	57
CART World Series (USA)	mixrbv2	57
CBZ - CyBall Zone (Germany)	mixrbv2	57
CG Mukashi Banashi - Jiisan 2-do Bikkuri!! (Japan)	mixrbv2	57
CRW - Counter Revolution War (Japan)	mixrbv2	57
CT Special Forces (Europe) (En,Fr,De,Es,It,Nl)	mixrbv2	57
CT Special Forces - Back to Hell (Europe) (En,Fr,De,Es,It,Nl)	mixrbv2	57
CT Special Forces 3 - Bioterror (Europe) (En,Fr,De,Es,It,Nl)	mixrbv2	57
CTR - Crash Team Racing (USA)	mixrbv2	57
Cabela's Big Game Hunter - Ultimate Challenge (USA)	mixrbv2	57
Cabela's Ultimate Deer Hunt - Open Season (USA)	mixrbv2	57
Cadillac (Japan)	mixrbv2	57
Caesars Palace (USA)	mixrbv2	57
Caesars Palace 2000 - Millennium Gold Edition (USA)	mixrbv2	57
Caesars Palace II (USA)	mixrbv2	57
Calcolo! Ochimono Shooting (Japan)	mixrbv2	57
California Surfing (Europe)	mixrbv2	57
California Watersports (Europe) (En,Fr,De)	mixrbv2	57
Capcom Generation - Dai-1-shuu Gekitsuiou no Jidai (Japan)	mixrbv2	57
Capcom Generation - Dai-2-shuu Makai to Kishi (Japan)	mixrbv2	57
Capcom Generation - Dai-3-shuu Koko ni Rekishi Hajimaru (Japan)	mixrbv2	57
Capcom Generation - Dai-4-shuu Kokou no Eiyuu (Japan)	mixrbv2	57
Capcom Generation - Dai-5-shuu Kakutoukatachi (Japan)	mixrbv2	57
Capcom Generations (Europe) (Disc 1) (Wings of Destiny)	mixrbv2	57
Capcom vs. SNK - Millennium Fight 2000 Pro (Europe)	mixrbv2	57
Capcom vs. SNK Pro (USA)	mixrbv2	57
Captain Commando (Japan)	mixrbv2	57
Captain Love (Japan)	mixrbv2	57
Captain Tsubasa - Arata naru Densetsu Joshou (Japan)	mixrbv2	57
Captain Tsubasa J - Get in the Tomorrow (Japan)	mixrbv2	57
Car and Driver Presents - Grand Tour Racing '98 (USA)	mixrbv2	57
Card Games (USA)	mixrbv2	57
Card Shark (Europe)	mixrbv2	57
Cardcaptor Sakura - Clow Card Magic (Japan)	mixrbv2	57
Cardinal Syn (USA)	mixrbv2	57
Carmageddon (Europe) (En,Fr,Es,It)	mixrbv2	57
Carnage Heart (USA)	mixrbv2	57
Carnage Heart EZ (Easy Zapping) (Japan)	mixrbv2	57
Carom Shot (Japan)	mixrbv2	57
Carom Shot 2 (Japan)	mixrbv2	57
Carton-kun (Japan)	mixrbv2	57
Casper (USA)	mixrbv2	57
Casper - Friends Around the World (USA)	mixrbv2	57
Castlevania - Symphony of the Night (USA)	mixrbv2	57
Castlevania Chronicle - Akumajou Dracula (Japan)	mixrbv2	57
Castlevania Chronicles (USA)	mixrbv2	57
Castrol Honda Superbike Racing (USA)	mixrbv2	57
Castrol Honda VTR (Europe) (En,Fr,De,It)	mixrbv2	57
Cat in the Hat, The (USA)	mixrbv2	57
Cat the Ripper - 13Ninme no Tanteishi (Japan)	mixrbv2	57
Catan - Die erste Insel (Germany)	mixrbv2	57
Cellophanes (Japan)	mixrbv2	57
Centipede (USA)	mixrbv2	57
Chakushin Melody da mon (Japan)	mixrbv2	57
Chakushin Melody da mon Gold (Japan)	mixrbv2	57
Chakushin Melody da mon Volume. 2 (Japan)	mixrbv2	57
Chakushin Melody da mon Volume. 3 (Japan)	mixrbv2	57
Chakushin Melody da mon Volume. 4 (Japan)	mixrbv2	57
Champion Wrestler - Jikkyou Live (Japan)	mixrbv2	57
Championship Bass (USA)	mixrbv2	57
Championship Manager Quiz (Europe)	mixrbv2	57
Championship Motocross 2001 featuring Ricky Carmichael (USA)	mixrbv2	57
Championship Motocross featuring Ricky Carmichael (USA)	mixrbv2	57
Championship Surfer (USA)	mixrbv2	57
Chaos Break (Europe) (En,Fr,De,It)	mixrbv2	57
Chaos Control (Japan)	mixrbv2	57
Character Tkool (Japan)	mixrbv2	57
Charumera (Japan)	mixrbv2	57
Chase the Express - El Expreso de la Muerte (Spain) (Disc 1)	mixrbv2	57
Checkmate (Europe)	mixrbv2	57
Checkmate II (Europe)	mixrbv2	57
Cheesy (Europe) (En,Fr)	mixrbv2	57
Chess (USA)	mixrbv2	57
Chess 2000 (Japan)	mixrbv2	57
Chessmaster 3-D, The (USA)	mixrbv2	57
Chessmaster II (USA)	mixrbv2	57
Chessmaster, The (Japan)	mixrbv2	57
Chevaliers de Baphomet, Les (France)	mixrbv2	57
Chi Vuol Essere Miliardario (Italy)	mixrbv2	57
Chi Vuol Essere Milionario Seconda Edizione (Italy)	mixrbv2	57
Chibi Chara Game - Ginga Eiyuu Densetsu (Japan) (Disc 1) (Go! Go! Casino)	mixrbv2	57
Chibi Maruko-chan - Maruko Enikki World (Japan)	mixrbv2	57
Chicken Run (USA)	mixrbv2	57
Chiisana Kyojin Microman (Japan)	mixrbv2	57
Chiisana Oukoku Erutoria (Japan)	mixrbv2	57
Chill (Europe) (En,Fr,De,Es,It)	mixrbv2	57
China - The Forbidden City (Europe) (En,Es,Nl,Sv)	mixrbv2	57
Chine - Intrigue dans la Cite Interdite (France)	mixrbv2	57
Chinmoku no Kantai - The Silent Service (Japan)	mixrbv2	57
Chivas 1-2-3 - Destiny! Unmei o Kaeru Mono! (Japan)	mixrbv2	57
Chocobo Racing (USA)	mixrbv2	57
Chocobo Racing - Genkai e no Road (Japan)	mixrbv2	57
Chocobo Stallion (Japan)	mixrbv2	57
Chocobo no Fushigi na Dungeon (Japan)	mixrbv2	57
Chocobo's Dungeon 2 (USA)	mixrbv2	57
Chocolate Kiss (Japan)	mixrbv2	57
Choro Q (Japan)	mixrbv2	57
Choro Q 2 (Japan)	mixrbv2	57
Choro Q 3 (Japan)	mixrbv2	57
Choro Q Jet - Rainbow Wings (Japan)	mixrbv2	57
Choro Q Marine - Q-Boat (Japan)	mixrbv2	57
Choro Q Wonderful! (Japan)	mixrbv2	57
Chou Aniki - Kyuukyoku Muteki Ginga Saikyou Otoko (Japan)	mixrbv2	57
Chou Hatsumei Boy Kanipan - Hirameki Wonderland (Japan)	mixrbv2	57
Chou Jikuu Yousai Macross - Ai Oboete Imasu ka (Japan) (Disc 1)	mixrbv2	57
Chou Jiryoku Senshi Microman - Generation 2000 (Japan)	mixrbv2	57
Chou Kousoku Gran Doll (Japan) (Disc 1) (Premium Edition)	mixrbv2	57
Chou Mashin Eiyuuden Wataru - Another Step (Japan)	mixrbv2	57
Chou Nazo-ou (Japan)	mixrbv2	57
Chou Sentou Kyuugi Vanborg (Japan)	mixrbv2	57
Choujin Gakuen - Gowcaizer (Japan)	mixrbv2	57
Chris Kamara's Street Soccer (Europe)	mixrbv2	57
Chronicles of the Sword (USA) (Disc 1)	mixrbv2	57
Chrono Cross (USA, Canada) (Disc 1)	mixrbv2	57
Chrono Trigger (Japan)	mixrbv2	57
Cina - Crimini nella Citta Proibita (Italy)	mixrbv2	57
Cindy's Caribbean Holiday (Europe)	mixrbv2	57
Cindy's Fashion World (Europe)	mixrbv2	57
Circadia (Japan) (Disc 1)	mixrbv2	57
Circuit Beat (Japan)	mixrbv2	57
Circuit Breakers (USA)	mixrbv2	57
Cite des Enfants Perdus, La (France)	mixrbv2	57
City Bravo! (Japan)	mixrbv2	57
City Bravo! Business-hen (Japan)	mixrbv2	57
City of Lost Children, The (USA) (En,Es,It)	mixrbv2	57
Ciudad de los Ninos Perdidos, La (Spain)	mixrbv2	57
Civilization II (USA)	mixrbv2	57
Civizard - Majutsu no Keifu (Japan)	mixrbv2	57
Classic Road (Japan)	mixrbv2	57
Classic Road - Yuushun 2 (Japan)	mixrbv2	57
Classic Road 2 (Japan)	mixrbv2	57
Cleopatra Fortune (Europe)	mixrbv2	57
Cleopatra's Fortune (USA)	mixrbv2	57
Click Manga - Click no Hi (Japan)	mixrbv2	57
Click Manga - Dynamic Robot Taisen 1 - Shutsugeki! Kyoui no Robot Gundan!! (Japan)	mixrbv2	57
Click Manga - Dynamic Robot Taisen 2 - Kyoufu! Akuma Zoku Fukkatsu (Japan)	mixrbv2	57
Click Manga - Ginga Eiyuu Densetsu 1 - Eien no Yoru no Naka de (Japan)	mixrbv2	57
Click Manga - Ginga Eiyuu Densetsu 2 - Iserlohn Kouryaku (Japan)	mixrbv2	57
Click Manga - Opera-za no Kaijin (Japan)	mixrbv2	57
Click Medic (Japan)	mixrbv2	57
Clock Tower (USA)	mixrbv2	57
Clock Tower - The First Fear (Japan)	mixrbv2	57
Clock Tower II - The Struggle Within (USA)	mixrbv2	57
ClockWerx (Japan)	mixrbv2	57
Cochons de Guerre, Les (France)	mixrbv2	57
Cocktail Harmony (Japan)	mixrbv2	57
Codename - Tenka (USA)	mixrbv2	57
Colin McRae - The Rally 02 (Japan)	mixrbv2	57
Colin McRae Rally (USA)	mixrbv2	57
Colin McRae Rally 2.0 (USA) (En,Fr,Es)	mixrbv2	57
College Slam (USA)	mixrbv2	57
Colony Wars (USA) (Disc 1)	mixrbv2	57
Colony Wars - El Sol Rojo (Spain)	mixrbv2	57
Colony Wars - Red Sun (USA)	mixrbv2	57
Colony Wars - Vengeance (USA, Canada)	mixrbv2	57
Colorful Logic (Japan)	mixrbv2	57
Colorful Logic 2 (Japan)	mixrbv2	57
Colorful Logic 3 (Japan)	mixrbv2	57
Combat Choro Q (Japan)	mixrbv2	57
Combi Mahjong Awase uchi with Maboroshi Tsukiyo Characters (Japan)	mixrbv2	57
Combination Pro Soccer - J.League no Kantoku ni Natte Sekai o Mezase! (Japan)	mixrbv2	57
Command & Conquer (USA) (Disc 1) (GDI)	mixrbv2	57
Command & Conquer - Alarmstufe Rot & Bloody Roar (Germany) (Demo)	mixrbv2	57
Command & Conquer - Alarmstufe Rot (Germany) (Disc 1)	mixrbv2	57
Command & Conquer - Alarmstufe Rot - Gegenschlag (Germany) (Disc 1) (Die Alliierten)	mixrbv2	57
Command & Conquer - Alerte Rouge (France) (Disc 1) (Allies)	mixrbv2	57
Command & Conquer - Alerte Rouge - Mission Tesla (France) (Disc 1) (Allies)	mixrbv2	57
Command & Conquer - Red Alert & Bloody Roar (Europe)	mixrbv2	57
Command & Conquer - Red Alert (USA) (Disc 1) (Allies)	mixrbv2	57
Command & Conquer - Red Alert - Retaliation (USA) (Disc 1) (Allies)	mixrbv2	57
Command & Conquer - Teil 1 - Der Tiberiumkonflikt (Germany) (Disc 1) (GDI)	mixrbv2	57
Community Pom (Japan)	mixrbv2	57
Complete Soccer Onside (Japan)	mixrbv2	57
Concert, Le - ff - Fortissimo (Japan)	mixrbv2	57
Concert, Le - pp - Pianissimo (Japan)	mixrbv2	57
Constructor (Europe) (En,Fr,De,Es)	mixrbv2	57
Contender (USA)	mixrbv2	57
Contender 2 (USA)	mixrbv2	57
Contra - Legacy of War (USA)	mixrbv2	57
Conveni 2, The - Zenkoku Chain Tenkai da! (Japan)	mixrbv2	57
Conveni Special, The - 3-tsu no Sekai o Dokusen seyo (Japan)	mixrbv2	57
Conveni, The - Ano Machi o Dokusen seyo (Japan)	mixrbv2	57
Cool Boarders (USA)	mixrbv2	57
Cool Boarders 2 (USA)	mixrbv2	57
Cool Boarders 2 - Killing Session (Japan, Asia)	mixrbv2	57
Cool Boarders 2001 (USA)	mixrbv2	57
Cool Boarders 3 (USA)	mixrbv2	57
Cool Boarders 4 (USA)	mixrbv2	57
Cooly Skunk (Japan)	mixrbv2	57
Copa del Mundo - Francia '98 (Spain)	mixrbv2	57
Cosmic Race (Japan)	mixrbv2	57
Cosmowarrior Zero (Japan)	mixrbv2	57
Countdown Vampires (USA) (Disc 1)	mixrbv2	57
Coupe du Monde 98 (France)	mixrbv2	57
Courier Crisis - The Saga of the Modern Fatalist (USA)	mixrbv2	57
Covert Ops - Nuclear Dawn (USA) (Disc 1)	mixrbv2	57
Cowboy Bebop (Japan)	mixrbv2	57
Crash Bandicoot (USA)	mixrbv2	57
Crash Bandicoot - Warped (USA)	mixrbv2	57
Crash Bandicoot 2 - Cortex Strikes Back (USA)	mixrbv2	57
Crash Bandicoot 2 - Cortex no Gyakushuu! (Japan, Asia)	mixrbv2	57
Crash Bandicoot 3 - Buttobi! Sekai Isshuu (Japan, Asia)	mixrbv2	57
Crash Bandicoot 3 - Warped (Europe, Australia) (En,Fr,De,Es,It)	mixrbv2	57
Crash Bandicoot Carnival (Japan, Asia)	mixrbv2	57
Crash Bandicoot Racing (Japan, Asia)	mixrbv2	57
Crash Bash (USA)	mixrbv2	57
Crazy Climber 2000 (Japan)	mixrbv2	57
Creature Shock (Japan) (Disc 1)	mixrbv2	57
Creatures (USA)	mixrbv2	57
Creatures - Raised in Space (USA)	mixrbv2	57
Cricket 2000 (Europe)	mixrbv2	57
Crime Crackers (Japan)	mixrbv2	57
Crime Crackers 2 (Japan)	mixrbv2	57
Crime Killer (USA)	mixrbv2	57
Crisis Beat (Europe)	mixrbv2	57
Crisis City (Japan)	mixrbv2	57
Critical Blow (Japan)	mixrbv2	57
Critical Depth (USA)	mixrbv2	57
Criticom (USA)	mixrbv2	57
Criticom - The Critical Combat (Japan)	mixrbv2	57
Croc - Legend of the Gobbos (USA)	mixrbv2	57
Croc 2 (USA)	mixrbv2	57
Croket! Kindan no Kinka Box! (Japan)	mixrbv2	57
Cross Romance - Koi to Mahjong to Hanafuda to (Japan)	mixrbv2	57
Cross Tantei Monogatari (Japan) (Disc 1)	mixrbv2	57
Crossroad Crisis (USA)	mixrbv2	57
Crow, The - City of Angels (USA)	mixrbv2	57
Crown Knights, The - Jaja-uma! Quartet - Mega Dream Destruction+ (Japan)	mixrbv2	57
Crusader - No Remorse (USA)	mixrbv2	57
Crusaders of Might and Magic (USA)	mixrbv2	57
Crypt Killer (USA)	mixrbv2	57
Cu-On-Pa (Japan)	mixrbv2	57
Cubix Robots for Everyone - Race 'n Robots (USA)	mixrbv2	57
Culdcept - Expansion (Japan)	mixrbv2	57
Culdcept - Expansion Plus (Japan)	mixrbv2	57
Curiosity Kills the Cat Koukishin wa Neko o Korosu ka (Japan)	mixrbv2	57
Cyber Daisenryaku - Shutsugeki! Haruka-tai (Japan)	mixrbv2	57
Cyber Egg - Battle Champion (Japan)	mixrbv2	57
Cyber Org (Japan)	mixrbv2	57
CyberSled (USA)	mixrbv2	57
CyberSpeed (USA)	mixrbv2	57
CyberTiger (USA)	mixrbv2	57
Cyberbots - Fullmetal Madness (Japan)	mixrbv2	57
Cyberia (USA)	mixrbv2	57
Cybernetic Empire (Japan) (Disc 1)	mixrbv2	57
Cyberwar (Japan) (Disc 1)	mixrbv2	57
D (USA) (Disc 1)	mixrbv2	57
D no Shokutaku - Complete Graphics (Japan) (Disc 1)	mixrbv2	57
DBZ - Dead Ball Zone (USA) (En,Fr,De,Es,It)	mixrbv2	57
DSF Fussball Manager 2001 (Germany)	mixrbv2	57
DSF Fussball Manager 2002 (Germany)	mixrbv2	57
DX Hyakunin Isshu (Japan)	mixrbv2	57
DX Monopoly (Japan)	mixrbv2	57
DX Nippon Tokkyuu Ryokou Game - Let's Travel in Japan (Japan)	mixrbv2	57
DX Okuman Chouja Game - The Money Battle (Japan)	mixrbv2	57
DX Okuman Chouja Game II - The Money Battle (Japan)	mixrbv2	57
DX Shachou Game (Japan)	mixrbv2	57
Dai-2-ji Super Robot Taisen (Japan)	mixrbv2	57
Dai-2-kai! Quiz Darake no Jinsei Game (Japan)	mixrbv2	57
Dai-3-ji Super Robot Taisen (Japan)	mixrbv2	57
Dai-4-ji Super Robot Taisen S (Japan)	mixrbv2	57
Daibouken Deluxe - Haruka naru Umi (Japan)	mixrbv2	57
Daikoukai Jidai Gaiden (Japan)	mixrbv2	57
Daikoukai Jidai II (Japan)	mixrbv2	57
Daikoukai Jidai IV - Porto Estado (Japan)	mixrbv2	57
Daiobake Yashiki - Hamamura Jun no Jitsuwa Kaidan (Japan)	mixrbv2	57
Daisenryaku - Master Combat (Japan)	mixrbv2	57
Daisenryaku - Player's Spirit (Japan)	mixrbv2	57
Dakar '97 (Japan)	mixrbv2	57
Dalmatians 2 (Europe) (En,Fr,De)	mixrbv2	57
Dalmatians, The (Europe) (En,Fr,De,Nl)	mixrbv2	57
DamDam Stompland (Japan)	mixrbv2	57
Dance Dance Revolution (USA)	mixrbv2	57
Dance Dance Revolution - Best Hits (Japan)	mixrbv2	57
Dance Dance Revolution - Disney Mix (USA)	mixrbv2	57
Dance Dance Revolution - Disney's Rave (Japan)	mixrbv2	57
Dance Dance Revolution - Extra Mix (Japan)	mixrbv2	57
Dance Dance Revolution 2nd Remix (Japan)	mixrbv2	57
Dance Dance Revolution 2nd Remix - Append Club Version Vol. 1 (Japan, Asia)	mixrbv2	57
Dance Dance Revolution 2nd Remix - Append Club Version Vol. 2 (Japan)	mixrbv2	57
Dance Dance Revolution 3rd Mix (Japan)	mixrbv2	57
Dance Dance Revolution 4th Mix (Japan)	mixrbv2	57
Dance Dance Revolution 5th Mix (Japan)	mixrbv2	57
Dance Dance Revolution Konamix (USA)	mixrbv2	57
Dance Europe (Europe) (Fr,De,Es,It,Nl,Pt)	mixrbv2	57
Dance! Dance! Dance! (Japan)	mixrbv2	57
Dance-UK eXtra Trax (UK)	mixrbv2	57
Dancing Blade Katte ni Momotenshi II - Tears of Eden (Japan) (Disc 1)	mixrbv2	57
Dancing Blade Katte ni Momotenshi! (Japan) (Disc 1)	mixrbv2	57
Dancing Stage - Disney Mix (Europe)	mixrbv2	57
Dancing Stage - Euromix (Europe)	mixrbv2	57
Dancing Stage - Party Edition (Europe)	mixrbv2	57
Dancing Stage Fever (Europe)	mixrbv2	57
Dancing Stage Fusion (Europe) (En,Fr,De,Es,It)	mixrbv2	57
Dancing Stage featuring Dreams Come True (Japan)	mixrbv2	57
Dancing Stage featuring True Kiss Destination (Japan)	mixrbv2	57
Dangan (Japan)	mixrbv2	57
Danger Girl (USA)	mixrbv2	57
Dare Devil Derby 3D (USA)	mixrbv2	57
Darius Gaiden (Japan)	mixrbv2	57
Dark Hunter Ge - Youma no Mori (Japan)	mixrbv2	57
Dark Hunter Jou - Ijigen Gakuen (Japan) (En,Ja)	mixrbv2	57
Dark Messiah (Japan)	mixrbv2	57
Dark Seed II (Japan)	mixrbv2	57
Dark Tales - From the Lost Soul (Japan)	mixrbv2	57
Darklight Conflict (USA) (En,Fr,De,Es,It,Sv)	mixrbv2	57
Darkseed (Japan)	mixrbv2	57
Darkstalkers - The Night Warriors (USA)	mixrbv2	57
Darkstalkers 3 (USA)	mixrbv2	57
Darkstone (USA)	mixrbv2	57
Dave Mirra Freestyle BMX (USA)	mixrbv2	57
Dave Mirra Freestyle BMX - Maximum Remix (USA)	mixrbv2	57
David Beckham Soccer (USA)	mixrbv2	57
Davis Cup Complete Tennis (Europe)	mixrbv2	57
De Sang Froid (France) (Disc 1)	mixrbv2	57
Dead in the Water (USA)	mixrbv2	57
Dead or Alive (USA)	mixrbv2	57
Deadheat Road (Japan)	mixrbv2	57
Deadly Skies (Japan)	mixrbv2	57
Death Wing (Japan)	mixrbv2	57
DeathMask (Japan) (Disc 1)	mixrbv2	57
Debut 21 (Japan)	mixrbv2	57
Deception III - Dark Delusion (USA)	mixrbv2	57
Deep Freeze (Japan)	mixrbv2	57
Deep Sea Adventure - Kaitei-kyuu Pantarassa no Nazo (Japan) (Disc 1)	mixrbv2	57
Deep, The - Ushinawareta Shinkai (Japan)	mixrbv2	57
Defcon 5 - Peace Has a Price... (USA)	mixrbv2	57
Defi au Tetris Magique (France)	mixrbv2	57
Deka Yonku - Tough the Truck (Japan)	mixrbv2	57
Dekiru! Game Center (Japan)	mixrbv2	57
Delta Force Urban Warfare (USA) (En,Fr,Es)	mixrbv2	57
Demolition Racer (USA)	mixrbv2	57
Dengeki Construction - Ochigee Yarou ze! (Japan)	mixrbv2	57
Denkou Sekka Micro Runner - Maniac Hakase no Hisaku (Japan)	mixrbv2	57
Denpa Shounen-teki Game (Japan)	mixrbv2	57
Densetsu-juu no Ana - Monster Complete World Ver. 2 (Japan)	mixrbv2	57
Densha Daisuki - Plarail ga Ippai (Japan)	mixrbv2	57
Densha de Go! (Japan)	mixrbv2	57
Densha de Go! 2 (Japan)	mixrbv2	57
Densha de Go! Nagoya Tetsudou-hen (Japan)	mixrbv2	57
Densha de Go! Professional Shiyou (Japan)	mixrbv2	57
Derby Jockey 2001 (Japan)	mixrbv2	57
Derby Jockey R (Japan)	mixrbv2	57
Deroon Dero Dero (Japan)	mixrbv2	57
Descent (USA)	mixrbv2	57
Descent II (Europe)	mixrbv2	57
Descent Maximum (USA)	mixrbv2	57
Deserted Island (Japan)	mixrbv2	57
Destrega (USA)	mixrbv2	57
Destruction Derby (USA)	mixrbv2	57
Destruction Derby 2 (USA, Canada)	mixrbv2	57
Destruction Derby Raw (USA)	mixrbv2	57
Destructo 2 (Europe)	mixrbv2	57
Detana Twinbee Yahoo! Deluxe Pack (Japan)	mixrbv2	57
Detective Barbie - The Mystery Cruise (USA)	mixrbv2	57
Detective Mouse (Europe) (En,Fr,De)	mixrbv2	57
Deuce (USA) (Proto) (2000-07-24)	mixrbv2	57
Devicereign (Japan)	mixrbv2	57
Devil Dice (USA)	mixrbv2	57
Devil Man (Japan)	mixrbv2	57
Devil Summoner - Soul Hackers (Japan) (Disc 1)	mixrbv2	57
Devil's Deception (Europe) (En,Fr,De)	mixrbv2	57
DewPrism (Japan, Asia)	mixrbv2	57
Dexter's Laboratory - Mandark's Lab (USA)	mixrbv2	57
Dezaemon Kids! (Japan)	mixrbv2	57
Dezaemon Plus (Japan)	mixrbv2	57
Diablo (USA) (En,Fr,De,Sv)	mixrbv2	57
Dice de Chocobo (Japan)	mixrbv2	57
Die Hard Trilogy (USA)	mixrbv2	57
Die Hard Trilogy 2 - Viva Las Vegas (USA)	mixrbv2	57
DigiCro - Digital Number Crossword (Japan)	mixrbv2	57
Digical League (Japan)	mixrbv2	57
Digimon - Digital Card Battle (USA)	mixrbv2	57
Digimon Digital Card Battle (Europe)	mixrbv2	57
Digimon Rumble Arena (USA)	mixrbv2	57
Digimon World (USA)	mixrbv2	57
Digimon World 2 (USA)	mixrbv2	57
Digimon World 2003 (Europe) (En,Fr,De,Es,It)	mixrbv2	57
Digimon World 3 (USA)	mixrbv2	57
DigimonTamers - Battle Evolution (Japan)	mixrbv2	57
DigimonTamers - PocketCulumon (Japan)	mixrbv2	57
DigimonWorld (Japan)	mixrbv2	57
DigimonWorld - Digital Card Arena (Japan)	mixrbv2	57
DigimonWorld - Digital Card Battle (Japan)	mixrbv2	57
DigimonWorld 2 (Japan)	mixrbv2	57
DigimonWorld 3 - Aratanaru Bouken no Tobira (Japan)	mixrbv2	57
Digital Ehon Vol. 1 - Imadoki no Momotarou (Japan)	mixrbv2	57
Digital Ehon Vol. 2 - Imadoki no Kaguya-hime (Japan)	mixrbv2	57
Digital Ehon Vol. 4 - Imadoki no Hanasaka Jiisan (Japan)	mixrbv2	57
Digital Ehon Vol. 5 - Imadoki no Urashima-tarou (Japan)	mixrbv2	57
Digital Figure Iina (Japan)	mixrbv2	57
Digital Glider Airman (Japan)	mixrbv2	57
Dino Crisis (USA)	mixrbv2	57
Dino Crisis 2 (USA)	mixrbv2	57
Dinomaster Party (Europe) (En,Fr,De,Es,It,Nl)	mixrbv2	57
Dinosaurs (Europe) (En,Fr,De)	mixrbv2	57
Dioramos (Japan)	mixrbv2	57
Dirt Champ Motocross No. 1 (Japan)	mixrbv2	57
Dirt Jockey - Heavy Equipment Operator (USA)	mixrbv2	57
Disc Derby - Meiba o Tsukurou!! (Japan)	mixrbv2	57
Discworld (Japan)	mixrbv2	57
Discworld II - Missing Presumed...! (Europe) (En,Es,It)	mixrbv2	57
Discworld II - Mortality Bytes! (USA)	mixrbv2	57
Discworld II - Mortellement Votre (France)	mixrbv2	57
Discworld II - Vermutlich vermisst...! (Germany)	mixrbv2	57
Discworld Noir (Europe) (En,Es,It)	mixrbv2	57
Disney Aladdin - La Revanche de Nasira (France)	mixrbv2	57
Disney Aladdin - La Vendetta di Nasira (Italy)	mixrbv2	57
Disney Aladdin - La Venganza de Nasira (Spain)	mixrbv2	57
Disney Atlantide - L'Empire Perdu (France)	mixrbv2	57
Disney Atlantis - El Imperio Perdido (Spain)	mixrbv2	57
Disney Aventuras de Peter Pan en el Pais de Nunca Jamas (Spain)	mixrbv2	57
Disney Dingo Une Journee de Dingue! (France)	mixrbv2	57
Disney Dinosaure (France)	mixrbv2	57
Disney Dinosaurio (Spain)	mixrbv2	57
Disney El Emperador y sus Locuras (Spain)	mixrbv2	57
Disney El Planeta del Tesoro (Spain)	mixrbv2	57
Disney Fais Ton Histoire! Mulan (France)	mixrbv2	57
Disney Il Pianeta del Tesoro (Italy)	mixrbv2	57
Disney Jeu d'Action Disney Presente Hercule (France)	mixrbv2	57
Disney Juego de Accion Disney Presenta Hercules (Spain)	mixrbv2	57
Disney Kuzco - L'Empereur Megalo (France)	mixrbv2	57
Disney La Petite Sirene 2 (France)	mixrbv2	57
Disney La Planete au Tresor (France)	mixrbv2	57
Disney La Sirenita 2 (Spain)	mixrbv2	57
Disney La Super-Diver Casa de Goofy (Spain)	mixrbv2	57
Disney Learning - Mickey (Europe) (En,Fr,De,Es,It,Nl)	mixrbv2	57
Disney Learning - Winnie the Pooh (Europe) (En,Fr,De,It,Nl,Sv,Da)	mixrbv2	57
Disney Lilo & Stitch - Ouragan sur Hawai (France)	mixrbv2	57
Disney Lilo & Stitch en Problemas en el Paraiso (Spain)	mixrbv2	57
Disney Pato Donald - Cuac Attack (Spain)	mixrbv2	57
Disney Peter Pan - Aventures au Pays Imaginaire (France)	mixrbv2	57
Disney Presents Tigger's Honey Hunt (USA)	mixrbv2	57
Disney Tarzan (Italy)	mixrbv2	57
Disney Tigger tras un Bote de Miel (Spain)	mixrbv2	57
Disney Tigro e la Caccia al Miele (Italy)	mixrbv2	57
Disney Winnie l'Ourson - La Chasse au Miel de Tigrou (France)	mixrbv2	57
Disney le Roi Lion - La Formidable Aventure de Simba (France)	mixrbv2	57
Disney's 101 Dalmatians II - Patch's London Adventure (USA)	mixrbv2	57
Disney's 102 Dalmatians - Puppies to the Rescue (USA)	mixrbv2	57
Disney's Action Game featuring Hercules (Europe)	mixrbv2	57
Disney's Aladdin in Nasira's Revenge (USA)	mixrbv2	57
Disney's Atlantis - The Lost Empire (USA, Canada)	mixrbv2	57
Disney's Aventura Interactiva - Mulan (Spain)	mixrbv2	57
Disney's Dinosaur (USA)	mixrbv2	57
Disney's Dinosaurier (Germany)	mixrbv2	57
Disney's Donald Duck - Goin' Quackers (USA)	mixrbv2	57
Disney's Donald Duck - Quack Attack (Europe) (En,Fr,De,It)	mixrbv2	57
Disney's El Rey Leon - Las Aventuras del Poderoso Simba (Spain)	mixrbv2	57
Disney's Goofy's Fun House (USA)	mixrbv2	57
Disney's Hercules Action Game (USA)	mixrbv2	57
Disney's Lilo & Stitch (USA)	mixrbv2	57
Disney's Lilo & Stitch - Trouble in Paradise (Europe)	mixrbv2	57
Disney's Mulan - Story Studio (Europe)	mixrbv2	57
Disney's Party Time with Winnie the Pooh (Europe)	mixrbv2	57
Disney's Peter Pan - Adventures in Never Land (Europe)	mixrbv2	57
Disney's Pooh's Party Game - In Search of the Treasure (USA)	mixrbv2	57
Disney's Story Studio - Mulan (USA)	mixrbv2	57
Disney's Tarzan (USA)	mixrbv2	57
Disney's The Emperor's New Groove (USA)	mixrbv2	57
Disney's The Lion King - Simba's Mighty Adventure (USA)	mixrbv2	57
Disney's The Little Mermaid II (USA)	mixrbv2	57
Disney's Tigger's Honey Hunt (Europe)	mixrbv2	57
Disney's Treasure Planet (USA)	mixrbv2	57
Disney's Winnie L'Ourson - C' Est La Recre ! (France)	mixrbv2	57
Disney's Winnie the Pooh - Kindergarten (USA)	mixrbv2	57
Disney's Winnie the Pooh - Preschool (USA)	mixrbv2	57
Disney-Pixar A Bug's Life (USA)	mixrbv2	57
Disney-Pixar A Bug's Life - Atelier de Jeux (France)	mixrbv2	57
Disney-Pixar A Bug's Life - Disney's Activity Centre (Europe)	mixrbv2	57
Disney-Pixar A Bug's Life - Disneys Malen und Spielen (Germany)	mixrbv2	57
Disney-Pixar Bichos - Una Aventura en Miniatura (Spain)	mixrbv2	57
Disney-Pixar Buzz Lightyear - Guardianes del Espacio (Spain)	mixrbv2	57
Disney-Pixar Buzz Lightyear of Star Command (USA)	mixrbv2	57
Disney-Pixar Die Monster AG - Schreckens-Insel (Germany)	mixrbv2	57
Disney-Pixar Les Aventures de Buzz L'Eclair (France)	mixrbv2	57
Disney-Pixar Monsters, Inc. - Scare Island (Europe)	mixrbv2	57
Disney-Pixar Monsters, Inc. - Scream Team (USA)	mixrbv2	57
Disney-Pixar Monstres & Cie - L'ile de l'Epouvante (France)	mixrbv2	57
Disney-Pixar Monstruos, S.A. - Isla de los Sustos (Spain)	mixrbv2	57
Disney-Pixar Toy Story 2 - Buzz Lightyear al Rescate! (Spain)	mixrbv2	57
Disney-Pixar Toy Story 2 - Buzz Lightyear to the Rescue! (USA)	mixrbv2	57
Disney-Pixar Toy Story 2 - Buzz l'Eclair a la Rescousse ! (France)	mixrbv2	57
Disney-Pixar Toy Story Racer (USA)	mixrbv2	57
Disneys Aladdin - Nasiras Rache (Germany)	mixrbv2	57
Disneys Arielle 2 (Germany)	mixrbv2	57
Disneys Atlantis - Das Geheimnis der verlorenen Stadt (Germany)	mixrbv2	57
Disneys Der Koenig der Loewen - Simbas grosses Abenteuer (Germany)	mixrbv2	57
Disneys Ein Koenigreich fuer ein Lama (Germany)	mixrbv2	57
Disneys Hercules Action-Spiel (Germany)	mixrbv2	57
Disneys Interaktive Abenteuer - Mulan (Germany)	mixrbv2	57
Disneys Peter Pan - Rueckkehr nach Nimmerland (Germany)	mixrbv2	57
Disneys Tiggers Honigjagd (Germany)	mixrbv2	57
Disruptor (USA)	mixrbv2	57
Diver's Dream (Europe) (En,Fr,De)	mixrbv2	57
Divide, The - Enemies Within (USA)	mixrbv2	57
DoDonPachi (Japan)	mixrbv2	57
Dodgem Arena (Europe)	mixrbv2	57
Dog Master, The (Japan)	mixrbv2	57
Dokapon! Ikari no Tekken (Japan)	mixrbv2	57
Doki Doki On Air (Japan)	mixrbv2	57
Doki Doki On Air 2 (Japan)	mixrbv2	57
Doki Doki Poyatchio!! (Japan)	mixrbv2	57
Doki Doki Pretty League (Japan)	mixrbv2	57
Doki Doki Pretty League - Lovely Star (Japan)	mixrbv2	57
Doki Doki Pretty League - Nekketsu Otome Seishunki (Japan) (Disc 1)	mixrbv2	57
Doki Doki Shutter Chance - Koi no Puzzle o Kumitatete (Japan)	mixrbv2	57
Dokiou-ki (Japan)	mixrbv2	57
Doko Demo Hamster - Bi! Click Tankentai (Japan)	mixrbv2	57
Doko Demo Hamster 2 (Japan)	mixrbv2	57
Doko Demo Hamster 4 - Doki Doki Sugoroku Daibouken! (Japan)	mixrbv2	57
Doko Demo Issho (Japan)	mixrbv2	57
Doko made mo Aoku... (Japan)	mixrbv2	57
Dolphin's Dream (Japan)	mixrbv2	57
Dome no Yabou 2 - The Race of Champions (Japan)	mixrbv2	57
Domino-kun o Tomenai de. (Japan)	mixrbv2	57
DonPachi (Japan)	mixrbv2	57
Doom (USA)	mixrbv2	57
Doraemon - Nobita to Fukkatsu no Hoshi (Japan)	mixrbv2	57
Doraemon 2 - SOS! Otogi no Kuni (Japan)	mixrbv2	57
Doraemon 3 - Makai no Dungeon (Japan)	mixrbv2	57
Dosukoi Densetsu (Japan)	mixrbv2	57
Dotchi Mecha! (Japan)	mixrbv2	57
Dotchi de Ball! (Japan)	mixrbv2	57
Dotsubo-chan (Japan)	mixrbv2	57
Double Dragon (Japan)	mixrbv2	57
Doubutsu Chara Navi Uranai 2 - Kosei Shinrigaku + Ren'ai Uranai Puzzle (Japan)	mixrbv2	57
Douga de Puzzle da! Puppukupuu (Japan)	mixrbv2	57
Doukyuu - Billiard Master (Japan)	mixrbv2	57
Doukyuu Re-mix - Billiards Multiple (Japan)	mixrbv2	57
Doukyuusei 2 (Japan, Asia)	mixrbv2	57
Doukyuusei Mahjong (Japan)	mixrbv2	57
Downhill Snow (Japan)	mixrbv2	57
Dr. Rin ni Kiite Mite! Koi no Happy Four Seasons (Japan)	mixrbv2	57
Dr. Slump (Japan)	mixrbv2	57
Dracula - La Risurrezione (Italy) (Disc 1)	mixrbv2	57
Dracula - Resurreccion (Spain) (Disc 1)	mixrbv2	57
Dracula - Resurrection (France) (Disc 1)	mixrbv2	57
Dracula - The Last Sanctuary (USA) (Disc 1)	mixrbv2	57
Dracula - The Resurrection (USA) (Disc 1)	mixrbv2	57
Dracula 2 - El Ultimo Santuario (Spain) (Disc 1)	mixrbv2	57
Dracula 2 - Le Dernier Sanctuaire (France) (Disc 1)	mixrbv2	57
Dragon Ball - Final Bout (Europe)	mixrbv2	57
Dragon Ball GT - Final Bout (USA)	mixrbv2	57
Dragon Ball Z - Idainaru Dragon Ball Densetsu (Japan)	mixrbv2	57
Dragon Ball Z - Ultimate Battle 22 (USA)	mixrbv2	57
Dragon Drive - Tactics Break (Japan)	mixrbv2	57
Dragon Knight 4 (Japan)	mixrbv2	57
Dragon Money (Japan)	mixrbv2	57
Dragon Quest Characters - Torneko no Daibouken 2 - Fushigi no Dungeon (Japan)	mixrbv2	57
Dragon Quest IV - Michibikareshi Monotachi (Japan)	mixrbv2	57
Dragon Quest Monsters 1 & 2 - Hoshifuri no Yuusha to Bokujou no Nakamatachi (Japan)	mixrbv2	57
Dragon Seeds (USA)	mixrbv2	57
Dragon Seeds - Saishuu Shinka Keitai (Japan)	mixrbv2	57
Dragon Tales - Dragonseek (USA)	mixrbv2	57
Dragon Valor (USA) (Disc 1)	mixrbv2	57
Dragon Warrior VII (USA) (Disc 1)	mixrbv2	57
DragonHeart - Fire & Steel (USA)	mixrbv2	57
Dragonbeat - Legend of Pinball (Japan)	mixrbv2	57
Dragstars (Europe)	mixrbv2	57
Dream Circus (Japan)	mixrbv2	57
Dream Generation - Koi ka Shigoto ka!... (Japan)	mixrbv2	57
Dream Story - Les Aventures de Tim et Lola (France)	mixrbv2	57
Dreams (Europe) (En,Fr,De,Es,It)	mixrbv2	57
Driver (Europe)	mixrbv2	57
Driver - You Are the Wheelman (USA)	mixrbv2	57
Driver 2 (USA) (Disc 1)	mixrbv2	57
Driver 2 - Back on the Streets (Europe) (Disc 1)	mixrbv2	57
Drug Store, The (Japan)	mixrbv2	57
Druid - Yami e no Tsuisekisha (Japan)	mixrbv2	57
Ducati World (Europe)	mixrbv2	57
Ducati World - Racing Challenge (USA)	mixrbv2	57
Duke Nukem (Europe)	mixrbv2	57
Duke Nukem - Land of the Babes (USA)	mixrbv2	57
Duke Nukem - Time to Kill (USA)	mixrbv2	57
Duke Nukem - Total Meltdown (USA)	mixrbv2	57
Dukes of Hazzard II, The - Daisy Dukes It Out (USA)	mixrbv2	57
Dukes of Hazzard, The - Racing for Home (USA)	mixrbv2	57
Dune (Spain)	mixrbv2	57
Dune 2000 (USA)	mixrbv2	57
Dungeon Creator (Japan) (Disc 1)	mixrbv2	57
Dungeon Shoutenkai - Densetsu no Ken Hajime mashita (Japan)	mixrbv2	57
Dynamite Boxing (Japan)	mixrbv2	57
Dynamite Soccer 2000 (Japan)	mixrbv2	57
Dynamite Soccer 2002 (Japan)	mixrbv2	57
Dynamite Soccer 2004 Final (Japan)	mixrbv2	57
Dynamite Soccer 98 (Japan, Asia)	mixrbv2	57
Dynasty Warriors (USA)	mixrbv2	57
E.T. the Extra-Terrestrial - Interplanetary Mission (USA)	mixrbv2	57
EA Sports Superbike 2000 (USA)	mixrbv2	57
EA Sports Supercross (USA)	mixrbv2	57
EA Sports Supercross 2000 (USA)	mixrbv2	57
ECW Anarchy Rulz (USA)	mixrbv2	57
ECW Hardcore Revolution (USA)	mixrbv2	57
EOS - Edge of Skyhigh (Japan)	mixrbv2	57
EPS Series Vol. 1 - Because I Love You - Yukiko Morikawa (Japan)	mixrbv2	57
EPS Series Vol. 2 - Moonlight to Daybreak - Yukie Nakama (Japan)	mixrbv2	57
EPS Series Vol. 3 - Come and Kiss Me - Tomomi Tsunoda (Japan)	mixrbv2	57
EPS Series Vol. 4 - Noise Reduction - Tomoa Yamamoto (Japan)	mixrbv2	57
EPS Series Vol. 5 - Believer Dreamer - Junko Mizutani (Japan)	mixrbv2	57
ESPN MLS Gamenight (USA)	mixrbv2	57
Eagle One - Harrier Attack (USA) (En,Fr,Es)	mixrbv2	57
Earthworm Jim 2 (Europe)	mixrbv2	57
East End x Yuri - Eexy Life (Japan)	mixrbv2	57
Easter Bunny's Big Day (USA)	mixrbv2	57
Eberouge (Japan) (Disc 1)	mixrbv2	57
Eberouge 2 (Japan)	mixrbv2	57
Eberouge Special - Koi to Mahou no Gakuen Seikatsu (Japan)	mixrbv2	57
Ebisu Yoshikazu no Ooana Kyoutei (Japan)	mixrbv2	57
Echo Night (USA)	mixrbv2	57
Echo Night 2 - Nemuri no Shihaisha (Japan)	mixrbv2	57
Econo Kids - Ta ga Tame ni Kane wa Naru (Japan)	mixrbv2	57
Ecsaform (Japan) (Disc 1)	mixrbv2	57
Efficus - Kono Omoi o Kimi ni... (Japan)	mixrbv2	57
Egg (Japan)	mixrbv2	57
Eggs of Steel - Charlie's Eggcellent Adventure (USA)	mixrbv2	57
Egipto II - La Profecia de Heliopolis (Spain)	mixrbv2	57
Egypt 1156 A.C. - L'Enigma della Tomba Reale (Italy)	mixrbv2	57
Egypt 1156 B.C. - Tomb of the Pharaoh (Europe) (En,Es,Nl,Sv)	mixrbv2	57
Egypt II - Die Prophezeiung von Helipolis (Germany)	mixrbv2	57
Egypt II - La Profezia di Heliopolis (Italy)	mixrbv2	57
Egypt II - La Prophetie d'Heliopolis (France)	mixrbv2	57
Egypt II - The Heliopolis Prophecy (Europe)	mixrbv2	57
Egypte 1156 AV. J.-C. - L'Enigme de la Tombe Royale (France)	mixrbv2	57
Ehrgeiz - God Bless the Ring (USA)	mixrbv2	57
Eikan wa Kimi ni 4 (Japan)	mixrbv2	57
Einhaender (USA)	mixrbv2	57
Eisei Meijin (Japan)	mixrbv2	57
Eisei Meijin II (Japan)	mixrbv2	57
Eisei Meijin III - Game Creator Yoshimura Nobuhiro no Zunou (Japan)	mixrbv2	57
Eithea (Japan) (Disc 1)	mixrbv2	57
Eko Eko Azarak - Wizard of Darkness (Japan)	mixrbv2	57
Elan (Japan)	mixrbv2	57
Elan Plus (Japan)	mixrbv2	57
Elder Gate (Japan)	mixrbv2	57
Elemental Gearbolt (USA)	mixrbv2	57
Elemental Pinball (Europe)	mixrbv2	57
Elf Masters presente Formula Karts - Special Edition (France)	mixrbv2	57
Elf o Karu Monotachi - Hanafuda-hen (Japan)	mixrbv2	57
Elf o Karu Monotachi - Kanzenban (Japan) (Disc 1)	mixrbv2	57
Elf o Karu Monotachi II (Japan) (Disc 1)	mixrbv2	57
Elfin Paradise (Japan)	mixrbv2	57
Eliminator (USA)	mixrbv2	57
Emit Value Pack (Japan) (En,Ja) (Disc 1) (Vol. 1 - Toki no Maigo)	mixrbv2	57
Emmyrea (Japan)	mixrbv2	57
En Busca del Valle Encantado - El Retorno al Gran Valle (Spain)	mixrbv2	57
End Sector (Japan)	mixrbv2	57
Enen Angel (Japan)	mixrbv2	57
Engacho! (Japan)	mixrbv2	57
Enigma (Japan, Asia) (Disc 1)	mixrbv2	57
Enomoto Kanako no Boke Shindan Game (Japan)	mixrbv2	57
Entertainment Jansou - That's Pon! (Japan)	mixrbv2	57
Epica Stella (Japan)	mixrbv2	57
Epidemic (USA)	mixrbv2	57
Equestriad 2001 (Europe) (En,De,Es)	mixrbv2	57
Equestrian Showcase (USA)	mixrbv2	57
Esto Es Futbol (Spain)	mixrbv2	57
Esto Es Futbol 2 (Spain)	mixrbv2	57
Eternal Eyes (USA)	mixrbv2	57
Eternal Melody (Japan)	mixrbv2	57
Eurasia Express Satsujin Jiken (Japan) (Disc 1)	mixrbv2	57
Europe Racer (Europe) (En,Fr,De,Es,It,Nl)	mixrbv2	57
European Super League (Europe) (En,Fr,De,Es,It,Pt)	mixrbv2	57
Eve - The Fatal Attraction (Japan) (Disc 1)	mixrbv2	57
Eve - The Lost One (Japan) (Disc 1) (Kyoko Disc)	mixrbv2	57
Eve Zero (Japan) (Disc 1)	mixrbv2	57
Evergreen Avenue (Japan)	mixrbv2	57
Everybody's Golf (Europe, Australia) (En,Fr,De,Es,It)	mixrbv2	57
Everybody's Golf 2 (Europe)	mixrbv2	57
Evil Dead - Hail to the King (USA) (Disc 1)	mixrbv2	57
Evil Zone (USA)	mixrbv2	57
Evo's Space Adventures (Europe) (En,Fr,De,Es,It)	mixrbv2	57
Exalegiuse (Japan)	mixrbv2	57
Excalibur 2555 A.D. (USA)	mixrbv2	57
Exciting Bass (Japan)	mixrbv2	57
Exciting Bass 2 (Japan)	mixrbv2	57
Exciting Bass 3 (Japan)	mixrbv2	57
Exciting Pro Wres (Japan)	mixrbv2	57
Exector (Japan)	mixrbv2	57
Exhumed (Europe) (En,Fr,De,Es)	mixrbv2	57
Exodus Guilty (Japan)	mixrbv2	57
Expendable (USA)	mixrbv2	57
Expert (Japan)	mixrbv2	57
Explosive Racing (Europe)	mixrbv2	57
Extra Bright (Japan)	mixrbv2	57
Extreme 500 (Europe) (En,De)	mixrbv2	57
Extreme Ghostbusters - The Ultimate Invasion (Europe) (En,Fr,De,Es,It,Nl)	mixrbv2	57
Extreme Go-Kart Racing (USA)	mixrbv2	57
Extreme Pinball (USA)	mixrbv2	57
Extreme Power (Japan)	mixrbv2	57
Extreme Snow Break (Europe)	mixrbv2	57
F-1 Grand Prix 1996 - Team Un'ei Simulation (Japan)	mixrbv2	57
F.A. Manager (Europe)	mixrbv2	57
F.A. Premier League Football Manager 2000, The (Europe)	mixrbv2	57
F.A. Premier League Football Manager 2001, The (Europe)	mixrbv2	57
F.A. Premier League Stars 2001, The (Europe)	mixrbv2	57
F.A. Premier League Stars, The (Europe)	mixrbv2	57
F1 2000 (USA) (En,Fr,Es)	mixrbv2	57
F1 Championship Season 2000 (USA) (En,Fr,Es)	mixrbv2	57
F1 GP Nippon no Chousen - Dome no Yabou (Japan)	mixrbv2	57
F1 Racing Championship (USA) (En,Fr)	mixrbv2	57
F1 World Grand Prix (USA)	mixrbv2	57
F1 World Grand Prix - 1999 Season (USA) (En,Fr,De,Es,It)	mixrbv2	57
F1 World Grand Prix - Saison 2000 (France)	mixrbv2	57
FEDA 2 - White Surge the Platoon (Japan)	mixrbv2	57
FIFA - Die WM-Qualifikation 98 (Germany) (En,Fr,De,Es,Nl,Sv)	mixrbv2	57
FIFA - En Route pour la Coupe du Monde 98 (France) (En,Fr,De,Es,Nl,Sv)	mixrbv2	57
FIFA - Road to World Cup 98 (USA) (En,Fr,De,Es,Nl,Sv)	mixrbv2	57
FIFA - Rumbo al Mundial 98 (Spain) (En,Fr,De,Es,Nl,Sv)	mixrbv2	57
FIFA 2000 (Europe) (En,De,Es,Nl,Sv)	mixrbv2	57
FIFA 2000 - Europe League Soccer (Japan)	mixrbv2	57
FIFA 2000 - Major League Soccer (USA) (En,De,Es,Nl,Sv)	mixrbv2	57
FIFA 2001 (USA) (En,De,Es,Nl,Sv)	mixrbv2	57
FIFA 97 (Europe) (En,Fr,De,Es,It,Sv)	mixrbv2	57
FIFA 99 (USA) (En,Fr,De,Es,Nl,Sv)	mixrbv2	57
FIFA 99 - Europe League Soccer (Japan)	mixrbv2	57
FIFA Football 2002 (Europe) (En,De,Es,Nl,Sv)	mixrbv2	57
FIFA Football 2003 (Europe) (En,Nl,Sv)	mixrbv2	57
FIFA Football 2004 (Europe) (En,Nl,Sv)	mixrbv2	57
FIFA Soccer 2002 (USA) (En,Es)	mixrbv2	57
FIFA Soccer 2003 (USA) (En,Es)	mixrbv2	57
FIFA Soccer 2004 (USA) (En,Es)	mixrbv2	57
FIFA Soccer 2005 (USA) (En,Es)	mixrbv2	57
FIFA Soccer 96 (USA) (En,Fr,De,Es,It,Sv)	mixrbv2	57
FIFA Soccer 97 (USA) (En,Fr,De,Es,It,Sv)	mixrbv2	57
Fade to Black (USA) (En,Fr,De,Es,It)	mixrbv2	57
Falcata - Astran Pardma no Monshou (Japan)	mixrbv2	57
Family 1500 Series - Mahjong (Japan)	mixrbv2	57
Family Bowling (Japan)	mixrbv2	57
Family Card Games Fun Pack (USA)	mixrbv2	57
Family Chess (Japan)	mixrbv2	57
Family Diamond (Japan)	mixrbv2	57
Family Feud (USA)	mixrbv2	57
Family Game Pack (USA)	mixrbv2	57
Family Games Compendium (Europe) (Disc 1)	mixrbv2	57
Family Gunjin Shougi (Japan)	mixrbv2	57
Family Igo - Super Strong (Japan)	mixrbv2	57
Family Igo 2 (Japan)	mixrbv2	57
Family Shougi - Super Strong (Japan)	mixrbv2	57
Family Shougi 2 (Japan)	mixrbv2	57
Famires e Youkoso! (Japan)	mixrbv2	57
Famires, The (Japan)	mixrbv2	57
Famires, The - Shijou Saikyou no Menu (Japan)	mixrbv2	57
Fantastep (Japan)	mixrbv2	57
Fantastic Fortune (Japan)	mixrbv2	57
Fantastic Four (USA)	mixrbv2	57
Fantastic Night Dreams - Cotton Original (Japan)	mixrbv2	57
Farland Saga - Toki no Michishirube (Japan)	mixrbv2	57
Farland Story - Yottsu no Fuuin (Japan)	mixrbv2	57
Fatal Fury - Wild Ambition (USA)	mixrbv2	57
Favorite Dear (Japan)	mixrbv2	57
Favorite Dear - Enkan no Monogatari (Japan)	mixrbv2	57
Favorite Dear - Junpaku no Yogensha (Japan)	mixrbv2	57
Fear Effect (USA) (Disc 1)	mixrbv2	57
Fear Effect 2 - Retro Helix (USA) (Disc 1)	mixrbv2	57
Felony 11-79 (USA)	mixrbv2	57
Fever - Sankyo Koushiki Pachinko Simulation (Japan)	mixrbv2	57
Fever 2 - Sankyo Koushiki Pachinko Simulation (Japan)	mixrbv2	57
Fever 3 - Sankyo Koushiki Pachinko Simulation (Japan)	mixrbv2	57
Fever 4 - Sankyo Koushiki Pachinko Simulation (Japan)	mixrbv2	57
Fever 5 - Sankyo Koushiki Pachinko Simulation (Japan)	mixrbv2	57
Fifth Element, The (USA)	mixrbv2	57
Fighter Maker (USA)	mixrbv2	57
Fighters' Impact (Japan, Asia)	mixrbv2	57
Fighting Eyes (Japan)	mixrbv2	57
Fighting Force (USA)	mixrbv2	57
Fighting Force 2 (USA)	mixrbv2	57
Fighting Illusion - K-1 GP 2000 (Japan)	mixrbv2	57
Fighting Illusion - K-1 Revenge (Japan)	mixrbv2	57
Fighting Illusion V - K-1 Grand Prix '99 (Japan)	mixrbv2	57
Fighting Network Rings (Japan)	mixrbv2	57
Final Doom (USA)	mixrbv2	57
Final Fantasy (Japan)	mixrbv2	57
Final Fantasy Anthology - European Edition - Final Fantasy IV (Europe, Australia)	mixrbv2	57
Final Fantasy Anthology - European Edition - Final Fantasy V (Europe, Australia)	mixrbv2	57
Final Fantasy Anthology - Final Fantasy V (USA)	mixrbv2	57
Final Fantasy Anthology - Final Fantasy VI (USA)	mixrbv2	57
Final Fantasy Chronicles - Chrono Trigger (USA, Canada)	mixrbv2	57
Final Fantasy Chronicles - Final Fantasy IV (USA, Canada)	mixrbv2	57
Final Fantasy II (Japan)	mixrbv2	57
Final Fantasy IX (USA, Canada) (Disc 1)	mixrbv2	57
Final Fantasy Origins (USA)	mixrbv2	57
Final Fantasy Origins - Final Fantasy (Europe)	mixrbv2	57
Final Fantasy Origins - Final Fantasy II (Europe)	mixrbv2	57
Final Fantasy Tactics (USA)	mixrbv2	57
Final Fantasy V (Japan, Asia)	mixrbv2	57
Final Fantasy VI (Europe, Australia)	mixrbv2	57
Final Fantasy VII (USA) (Disc 1)	mixrbv2	57
Final Fantasy VIII (USA) (Disc 1)	mixrbv2	57
Final Round (Japan)	mixrbv2	57
Final Round, The (USA)	mixrbv2	57
Finger Flashing (Japan)	mixrbv2	57
Fire Pro Wrestling - Iron Slam '96 (Japan)	mixrbv2	57
Fire Pro Wrestling G (Japan)	mixrbv2	57
Fire Woman Matoigumi (Japan)	mixrbv2	57
Firebugs (Europe) (En,Fr,De,Es,It,Nl,Pt,Sv,No,Da,Fi)	mixrbv2	57
Firemen 2, The - Pete & Danny (Japan)	mixrbv2	57
Firestorm - Thunderhawk 2 (Europe) (En,Fr)	mixrbv2	57
Firo & Klawd (Europe)	mixrbv2	57
First Kiss Story (Japan) (Disc 1)	mixrbv2	57
First Queen IV - Varcia Senki (Japan)	mixrbv2	57
Fish Eyes II (Japan)	mixrbv2	57
Fish On! Bass (Japan)	mixrbv2	57
Fisher's Road (Japan)	mixrbv2	57
Fisher-Price Rescue Heroes - Molten Menace (USA)	mixrbv2	57
Fisherman's Bait - A Bass Challenge (USA)	mixrbv2	57
Fisherman's Bait - Bass Challenge (Europe)	mixrbv2	57
Fisherman's Bait 2 - Big Ol' Bass (USA)	mixrbv2	57
Fisherman's Bait 3 (Europe)	mixrbv2	57
Fishing Freaks - BassRise (Japan)	mixrbv2	57
Fishing Freaks - BassRise Plus (Japan)	mixrbv2	57
Fishing Koushien II (Japan)	mixrbv2	57
Fist (Japan)	mixrbv2	57
Flamberge no Seirei (Japan)	mixrbv2	57
Flintstones, The - Bedrock Bowling (USA)	mixrbv2	57
Floating Runner (Europe)	mixrbv2	57
Floating Runner - 7-tsu no Suishou no Monogatari (Japan)	mixrbv2	57
Floating Runner - Quest for the 7 Crystals (USA)	mixrbv2	57
Fluid (Europe)	mixrbv2	57
Flying Squadron (Europe)	mixrbv2	57
Folles Poursuites (France)	mixrbv2	57
Football Madness (Europe)	mixrbv2	57
Football Manager Campionato 2001 (Italy)	mixrbv2	57
Ford Racing (USA)	mixrbv2	57
Ford Truck Mania (USA)	mixrbv2	57
Forget Me Not - Palette (Japan)	mixrbv2	57
Formation Soccer '97 - The Road to France (Japan)	mixrbv2	57
Formation Soccer '98 (Japan)	mixrbv2	57
Formula 1 (USA)	mixrbv2	57
Formula 1 97 (Europe) (En,Fr,De,Es,It)	mixrbv2	57
Formula 1 98 (USA, Canada) (En,Fr,De,Es,It,Fi)	mixrbv2	57
Formula 1 Championship Edition (USA) (En,Fr,De,Es,It)	mixrbv2	57
Formula Circus (Japan)	mixrbv2	57
Formula GP (Europe)	mixrbv2	57
Formula Grand Prix - Team Un'ei Simulation 2 - 1997-nenban (Japan)	mixrbv2	57
Formula Karts - Special Edition (Europe) (En,De,Es,It)	mixrbv2	57
Formula Nippon (Europe) (Fr,De)	mixrbv2	57
Formula One 2000 (USA)	mixrbv2	57
Formula One 2001 (Europe) (En,Fi)	mixrbv2	57
Formula One 99 (USA, Canada) (En,Fr,Es)	mixrbv2	57
Formula One Arcade (Europe) (En,Fr,De,Es,It)	mixrbv2	57
Forsaken (USA)	mixrbv2	57
Fox Hunt (USA) (Disc 1)	mixrbv2	57
Fox Junction (Japan)	mixrbv2	57
Fox Sports Golf '99 (USA)	mixrbv2	57
Fox Sports Soccer '99 (USA) (En,Es)	mixrbv2	57
FoxKids.com - Micro Maniacs Racing (USA)	mixrbv2	57
Frank Thomas Big Hurt Baseball (USA)	mixrbv2	57
Frankreich 98 - Die Fussball-WM (Germany) (En,Fr,De,Es,Nl,Sv,Da)	mixrbv2	57
Free Talk Studio - Mari no Kimamana Oshaberi (Japan)	mixrbv2	57
Freestyle Boardin' '99 (USA)	mixrbv2	57
Freestyle Motocross - McGrath vs. Pastrana (USA)	mixrbv2	57
Freestyle Scooter (Europe)	mixrbv2	57
Frenzy! (Europe)	mixrbv2	57
Frogger (USA)	mixrbv2	57
Frogger 2 - Swampy's Revenge (USA)	mixrbv2	57
From TV Animation One Piece - Grand Battle! (Japan)	mixrbv2	57
From TV Animation One Piece - Grand Battle! 2 (Japan)	mixrbv2	57
From TV Animation One Piece - Oceans of Dreams! (Japan)	mixrbv2	57
From TV Animation One Piece - Tobidase Kaizokudan! (Japan)	mixrbv2	57
Front Mission 1st (Japan)	mixrbv2	57
Front Mission 2 (Japan, Asia)	mixrbv2	57
Front Mission 3 (USA)	mixrbv2	57
Front Mission Alternative (Japan)	mixrbv2	57
Frontschweine (Germany)	mixrbv2	57
Fun! Fun! Pingu - Youkoso! Nankyoku e (Japan)	mixrbv2	57
Furimukeba Tonari ni (Japan)	mixrbv2	57
Fushigi Deka (Japan)	mixrbv2	57
Fushigi no Kuni no Angelique (Japan)	mixrbv2	57
Fussball Live (Germany)	mixrbv2	57
Fussball Live 2 (Germany)	mixrbv2	57
Fussball Manager 2001 (Germany)	mixrbv2	57
Future Cop - L.A.P.D. (USA)	mixrbv2	57
Future GPX Cyber Formula - Aratanaru Chousensha (Japan) (Disc 1)	mixrbv2	57
Future Racer (Europe)	mixrbv2	57
Fuujin Ryouiki Eretzvaju (Japan, Asia)	mixrbv2	57
Fuuraiki (Japan)	mixrbv2	57
Fuuun Gokuu Ninden (Japan)	mixrbv2	57
G Darius (Japan, Asia)	mixrbv2	57
G-Police (USA) (Disc 1)	mixrbv2	57
G-Police - Weapons of Justice (USA)	mixrbv2	57
G. Darius (USA)	mixrbv2	57
G.O.D pure (Japan)	mixrbv2	57
GI Jockey (Japan)	mixrbv2	57
GI Jockey 2000 (Japan)	mixrbv2	57
GP Challenge (Europe) (En,Fr,De,It)	mixrbv2	57
GZSZ Quiz (Germany)	mixrbv2	57
GZSZ Vol. 2 (Germany) (Disc 1)	mixrbv2	57
GZSZ Vol. 3 (Germany)	mixrbv2	57
Gadget - Past as Future (Japan) (Disc 1)	mixrbv2	57
GaiaMaster - Kamigami no Board Game (Japan)	mixrbv2	57
GaiaSeed - Project Seed Trap (Japan)	mixrbv2	57
Gakkou de Atta Kowai Hanashi S (Japan)	mixrbv2	57
Gakkou no Kowai Uwasa - Hanako-san ga Kita!! (Japan)	mixrbv2	57
Gakkou o Tsukurou!! (Japan)	mixrbv2	57
Gakkou o Tsukurou!! 2 (Japan)	mixrbv2	57
Gakkou o Tsukurou!! Kouchou Sensei Monogatari (Japan)	mixrbv2	57
Gakuen Sentai Solblast (Japan)	mixrbv2	57
Galaga - Destination Earth (USA)	mixrbv2	57
Galaxian^3 (Europe)	mixrbv2	57
Galaxy Fight (Europe)	mixrbv2	57
Galaxy Fight - Universal Warriors (Japan)	mixrbv2	57
Gale Gunner (Japan)	mixrbv2	57
Galeoz (Japan)	mixrbv2	57
Galerians (USA) (Disc 1)	mixrbv2	57
Gallop Racer (USA)	mixrbv2	57
Gallop Racer 2 (Japan)	mixrbv2	57
Gallop Racer 2000 (Japan)	mixrbv2	57
Gallop Racer 3 (Japan)	mixrbv2	57
Game Nihonshi - Kakumeiji Oda Nobunaga (Japan)	mixrbv2	57
Game Soft o Tsukurou - Let's Be a Super Game Creator!! (Japan)	mixrbv2	57
Game de Seishun (Japan)	mixrbv2	57
Game no Tatsujin (Japan)	mixrbv2	57
Game no Tatsujin 2 (Japan)	mixrbv2	57
Game no Tetsujin - The Shanghai (Japan)	mixrbv2	57
Game of Life, The (USA)	mixrbv2	57
Game of Life, The - DX Jinsei Game (Japan)	mixrbv2	57
Game of Life, The - DX Jinsei Game II (Japan)	mixrbv2	57
Game of Life, The - DX Jinsei Game III (Japan)	mixrbv2	57
Game of Life, The - DX Jinsei Game IV (Japan)	mixrbv2	57
Game of Life, The - DX Jinsei Game V (Japan)	mixrbv2	57
Gamera 2000 (Japan) (En,Ja)	mixrbv2	57
Ganbare Goemon - Kuru nara Koi! Ayashige Ikka no Kuroi Kage (Japan)	mixrbv2	57
Ganbare Goemon - Ooedo Daikaiten (Japan)	mixrbv2	57
Ganbare Goemon - Uchuu Kaizoku Akogingu (Japan)	mixrbv2	57
Ganbare! Nippon! Olympic 2000 (Japan)	mixrbv2	57
Gangway Monsters (Japan)	mixrbv2	57
Ganso Family Mahjong (Japan)	mixrbv2	57
Ganso Family Mahjong 2 (Japan)	mixrbv2	57
Garou Densetsu - Wild Ambition (Japan, Asia)	mixrbv2	57
Gate Keepers (Japan) (Disc 1)	mixrbv2	57
Gauntlet Legends (USA)	mixrbv2	57
GeGeGe no Kitarou (Japan)	mixrbv2	57
GeGeGe no Kitarou - Gyakushuu! Youma Daikessen (Japan)	mixrbv2	57
Gear Fighter Dendoh (Japan)	mixrbv2	57
Geki-Oh - Shienryuu (Japan)	mixrbv2	57
Gekido - Urban Fighters (USA)	mixrbv2	57
Gekioh - Shooting King (USA)	mixrbv2	57
Gekiretsu Pachinkers (Japan)	mixrbv2	57
Gekisou Tomarunner (Japan)	mixrbv2	57
Gekisou!! Grand Racing - Total Drivin' (Japan)	mixrbv2	57
Gekitotsu Toma L'Arc - Tomarunner vs L'Arc-en-Ciel (Japan)	mixrbv2	57
Gekitotsu! Yonku Battle 4WD (Japan)	mixrbv2	57
Gekitou! Crush Gear Turbo (Japan)	mixrbv2	57
Gekka no Kishi - Ouryuusen (Japan)	mixrbv2	57
Gen'ei Tougi - Shadow Struggle (Japan)	mixrbv2	57
Genghis Khan - Aoki Ookami to Shiroki Mejika IV (Japan)	mixrbv2	57
Gensei Kyokou Seirei Kidoudan - Elemental Gearbolt (Japan, Asia)	mixrbv2	57
Gensou Maden Saiyuuki - Haruka naru Nishi e (Japan)	mixrbv2	57
Gensou Suiko Gaiden Vol. 1 - Harmonia no Kenshi (Japan)	mixrbv2	57
Gensou Suiko Gaiden Vol. 2 - Crystal Valley no Kettou (Japan)	mixrbv2	57
Gensou Suikoden II (Japan)	mixrbv2	57
Gensou no Artemis (Japan)	mixrbv2	57
Geom Cube (USA)	mixrbv2	57
Geometry Duel (Japan)	mixrbv2	57
Germs - Nerawareta Machi (Japan)	mixrbv2	57
GetBackers - Dakkan'ya (Japan)	mixrbv2	57
Getter Robo Daikessen! (Japan)	mixrbv2	57
Gex (USA)	mixrbv2	57
Gex - Deep Cover Gecko (Europe) (Fr,De)	mixrbv2	57
Gex - Enter the Gecko (USA)	mixrbv2	57
Gex 3 - Deep Cover Gecko (USA)	mixrbv2	57
Gex 3D - Enter the Gecko (Europe)	mixrbv2	57
Ghost in the Shell (USA)	mixrbv2	57
Ghoul Panic (Europe) (En,Fr,De,Es,It)	mixrbv2	57
Ginga Eiyuu Densetsu (Japan)	mixrbv2	57
Ginga Ojousama Densetsu Yuna - Final Edition (Japan)	mixrbv2	57
Gionbana (Japan)	mixrbv2	57
Gionbana 2 - Kanazawa Bunko-hen (Japan)	mixrbv2	57
Glint Glitters (Japan)	mixrbv2	57
Global Domination (Europe)	mixrbv2	57
Global Force - Shin Sentou Kokka (Japan)	mixrbv2	57
Glocal Hexcite (Japan)	mixrbv2	57
Glover (USA)	mixrbv2	57
Go Go I Land (Japan) (Disc 1)	mixrbv2	57
Go II Professional - Taikyoku Igo (Japan)	mixrbv2	57
Goal Storm '97 (USA)	mixrbv2	57
Goal Storm (USA)	mixrbv2	57
Godzilla - Trading Battle (Japan)	mixrbv2	57
Goemon - Shin Sedai Shuumei (Japan)	mixrbv2	57
Goiken Muyou II (Japan) (En,Ja)	mixrbv2	57
Gokuu Densetsu - Magic Beast Warriors (Japan)	mixrbv2	57
Gold and Glory - The Road to El Dorado (USA)	mixrbv2	57
Golden Goal 98 (Europe) (En,Fr,De,Es,It)	mixrbv2	57
Golden Nugget (USA) (Disc 1)	mixrbv2	57
Goldie (Europe) (En,Fr,De,Nl)	mixrbv2	57
Golgo 13 Vol. 1 - Carlyle no Yabou (Japan) (En,Ja)	mixrbv2	57
Golgo 13 Vol. 2 - Mienai Guntai (Japan) (En,Ja)	mixrbv2	57
Goo! Goo! Soundy (Japan)	mixrbv2	57
Goo-Cho de Park - Theme Park Monogatari (Japan)	mixrbv2	57
Goryuujin + Electro (Japan)	mixrbv2	57
Gotha II - Tenkuu no Kishi (Japan)	mixrbv2	57
Gotouchi Hello Kitty Sugoroku Monogatari (Japan)	mixrbv2	57
Goujin Senki (Japan)	mixrbv2	57
Gouketsuji Ichizoku 2 - Chotto dake Saikyou Densetsu (Japan)	mixrbv2	57
Gourmet Action Game - Manpuku!! Nabe Kazoku (Japan)	mixrbv2	57
Grab des Pharao, Das (Germany)	mixrbv2	57
Gradius Deluxe Pack (Japan)	mixrbv2	57
Gradius Gaiden (Japan)	mixrbv2	57
Gran Turismo (USA)	mixrbv2	57
Gran Turismo 2 (USA) (Arcade Mode)	mixrbv2	57
Grand Slam (USA)	mixrbv2	57
Grand Theft Auto (USA)	mixrbv2	57
Grand Theft Auto - London 1969 (Europe) (En,Fr,De,It)	mixrbv2	57
Grand Theft Auto - Mission Pack 1 - London 1969 (USA)	mixrbv2	57
Grand Theft Auto 2 (USA)	mixrbv2	57
Grande Fratello - Il Gioco (Italy)	mixrbv2	57
Grandia (USA) (Disc 1)	mixrbv2	57
Granew-tou! Daibouken (Japan)	mixrbv2	57
Granstream Saga, The (USA)	mixrbv2	57
Great Battle VI, The (Japan)	mixrbv2	57
Great Hits (Japan)	mixrbv2	57
Great Rugby Jikkyou '98 - World Cup e no Michi (Japan)	mixrbv2	57
Grid Run (Europe)	mixrbv2	57
Grid Runner (USA)	mixrbv2	57
Grille Logic (Japan)	mixrbv2	57
Grinch, The (USA) (En,Fr,Es)	mixrbv2	57
Grind Session (USA)	mixrbv2	57
Gritz - The Pyramid Adventure (Japan)	mixrbv2	57
Groove Adventure Rave - Mikan no Hiseki (Japan)	mixrbv2	57
Groove Adventure Rave - Yuukyuu no Kizuna (Japan)	mixrbv2	57
Groove Jigoku V - SweepStation Version (Japan)	mixrbv2	57
Ground Stroke - Advanced Tennis Game (Japan)	mixrbv2	57
Growlanser (Japan) (Disc 1)	mixrbv2	57
Grudge Warriors (USA)	mixrbv2	57
Guardian Recall - Shugojuu Shoukan (Japan) (Disc 1)	mixrbv2	57
Guardian of Darkness, The (Europe) (En,Fr,De,Es,It)	mixrbv2	57
Guardian's Crusade (USA)	mixrbv2	57
Gubble (USA)	mixrbv2	57
Guilty Gear (USA)	mixrbv2	57
Guitar Freaks (Japan)	mixrbv2	57
Guitar Freaks Append 2nd Mix (Japan)	mixrbv2	57
GunBullet (Japan)	mixrbv2	57
Gunbalina (Japan)	mixrbv2	57
Gunbare! Game Tengoku - The Game Paradise 2 (Japan)	mixrbv2	57
Gunbarl (Japan, Asia)	mixrbv2	57
Gunbird (Japan)	mixrbv2	57
Gundam 0079 - The War for Earth (Japan) (Disc 1)	mixrbv2	57
Gundam Battle Assault (USA)	mixrbv2	57
Gundam Battle Assault 2 (USA)	mixrbv2	57
Gundam the Battle Master (Japan, Asia)	mixrbv2	57
Gundam the Battle Master 2 (Japan, Asia)	mixrbv2	57
Gundress (Japan)	mixrbv2	57
Gunfighter - The Legend of Jesse James (USA)	mixrbv2	57
Gungage (Europe)	mixrbv2	57
Gungho Brigade (Japan)	mixrbv2	57
Gunnm - Kasei no Kioku (Japan)	mixrbv2	57
Gunpey (Japan)	mixrbv2	57
Gunship (USA)	mixrbv2	57
Guntu - Western Front June, 1944 - Tetsu no Kioku (Japan)	mixrbv2	57
Gussun Oyoyo (Japan)	mixrbv2	57
Gussun Paradise (Japan)	mixrbv2	57
Guuguuthropus (Japan)	mixrbv2	57
Guy Roux Football Manager Saison 97-98 (France)	mixrbv2	57
Guy Roux Manager '99 (France)	mixrbv2	57
Guy Roux Manager 2000 (France)	mixrbv2	57
Guy Roux Manager 2001 (France)	mixrbv2	57
Gyuwambler Jiko Chuushinha - Ippatsu Shoubu! (Japan)	mixrbv2	57
HBO Boxing (USA)	mixrbv2	57
Hacha Mecha Pon! (Japan)	mixrbv2	57
Haishin 2 (Japan)	mixrbv2	57
Hajime no Ippo - The Fighting! (Japan)	mixrbv2	57
Hakai-ou - King of Crusher (Japan)	mixrbv2	57
Hamster Club-i (Japan)	mixrbv2	57
Hamster Monogatari (Japan)	mixrbv2	57
Hamster no Odekake (Japan)	mixrbv2	57
Hamunaptra - Ushinawareta Sabaku no Miyako (Japan)	mixrbv2	57
Hana to Ryuu (Japan)	mixrbv2	57
Hanabi - Fantast (Japan)	mixrbv2	57
Hanafuda Graffiti - Koi Koi Monogatari (Japan)	mixrbv2	57
Hanafuda Real 3D (Japan)	mixrbv2	57
Happy Diet (Japan)	mixrbv2	57
Happy Hotel (Japan)	mixrbv2	57
Happy Jogging in Hawaii (Japan)	mixrbv2	57
Happy Salvage (Japan)	mixrbv2	57
Hard Blow (Japan)	mixrbv2	57
Hard Boiled (Europe)	mixrbv2	57
Hard Boiled - Neuro Tower o Hakai seyo (Japan)	mixrbv2	57
Hard Edge (Europe) (En,Fr,De)	mixrbv2	57
Hard Rock Cab (Japan)	mixrbv2	57
HardBall '99 (USA)	mixrbv2	57
HardBall 5 (USA)	mixrbv2	57
Hardcore 4x4 (Europe) (En,Fr,De)	mixrbv2	57
Harlem Beat - You're the One (Japan)	mixrbv2	57
Harmful Park (Japan)	mixrbv2	57
Harry Potter and the Chamber of Secrets (USA, Canada) (En,Fr,Es)	mixrbv2	57
Harry Potter and the Philosopher's Stone (Europe) (En,Fr,De)	mixrbv2	57
Harry Potter and the Sorcerer's Stone (USA) (En,Fr,Es)	mixrbv2	57
Harry Potter to Himitsu no Heya (Japan)	mixrbv2	57
Harry Potter to Kenja no Ishi (Japan)	mixrbv2	57
Harukanaru Toki no Naka de (Japan)	mixrbv2	57
Harukanaru Toki no Naka de - Banjou Yuugi (Japan)	mixrbv2	57
Harukaze Sentai V-Force (Japan) (Disc 1)	mixrbv2	57
Harvest Moon - Back to Nature (USA)	mixrbv2	57
Hashiriya - Ookamitachi no Densetsu (Japan)	mixrbv2	57
Hatsukoi Valentine (Japan)	mixrbv2	57
Hatsukoi Valentine Special (Japan)	mixrbv2	57
Haunted Junction - Seitokai Badge o Oe! (Japan)	mixrbv2	57
Heart of Darkness (USA) (Disc 1)	mixrbv2	57
Heaven's Gate (Japan)	mixrbv2	57
Hebereke Station Popoitto (Japan)	mixrbv2	57
Hebereke's Popoitto (Europe)	mixrbv2	57
Heisa Byouin (Japan)	mixrbv2	57
Heiwa Pachinko Daisuki (Japan)	mixrbv2	57
Heiwa Pachinko Graffiti Vol. 1 (Japan)	mixrbv2	57
Heiwa Pachinko Graffiti Vol. 2 (Japan)	mixrbv2	57
Heiwa Parlor! Pro - BunDori King SP (Japan)	mixrbv2	57
Heiwa Parlor! Pro - Dolphin Ring Special (Japan)	mixrbv2	57
Heiwa Parlor! Pro - Fujiko ni O-Ma-Ka-Se Special (Japan)	mixrbv2	57
Heiwa Parlor! Pro - Inakappe Taishou Special (Japan)	mixrbv2	57
Heiwa Parlor! Pro - Lupin Sansei Special (Japan)	mixrbv2	57
Heiwa Parlor! Pro - Tsunatori Special (Japan)	mixrbv2	57
Heiwa Parlor! Pro - Western Special (Japan)	mixrbv2	57
Heiwa, The - Otenki Studio (Japan)	mixrbv2	57
Helix - Fear Effect (Japan) (Disc 1)	mixrbv2	57
Hellboy - Asylum Seeker (USA)	mixrbv2	57
Hellnight (Europe) (En,Fr,De)	mixrbv2	57
Hello Charlie!! (Japan)	mixrbv2	57
Hello Kitty - Cube Frenzy (USA)	mixrbv2	57
Hello Kitty - White Present (Japan)	mixrbv2	57
Hello Kitty no Cube de Cute (Japan)	mixrbv2	57
Herc's Adventures (USA)	mixrbv2	57
Herc's Adventures - Hercules no Daibouken (Japan)	mixrbv2	57
Herkules (Europe) (En,De)	mixrbv2	57
Hermie Hopperhead - Scrap Panic (Japan)	mixrbv2	57
Heroine Dream (Japan)	mixrbv2	57
Heroine Dream 2 (Japan)	mixrbv2	57
Hexamoon Guardians (Japan) (Disc 1)	mixrbv2	57
Hexen (USA)	mixrbv2	57
Hexen - Beyond Heretic (Japan)	mixrbv2	57
Hi-Hou-Ou - Mou Omae to wa Kuchi Kikan!! (Japan)	mixrbv2	57
Hi-Octane (Europe) (En,Fr,De,Es)	mixrbv2	57
Hi-Octane - The Track Fights Back! (USA) (En,Fr,De,Es)	mixrbv2	57
Hidden & Dangerous (Europe) (En,Fr,De,Es,It)	mixrbv2	57
High Heat Baseball 2000 (USA)	mixrbv2	57
High Heat Major League Baseball 2002 (USA)	mixrbv2	57
High School of Blitz (Japan)	mixrbv2	57
Hikari no Shima - Seven Lithographs in Shining Island (Japan)	mixrbv2	57
Hikaru no Go - Heian Gensou Ibunroku (Japan)	mixrbv2	57
Hikaru no Go - Insei Choujou Kessen (Japan)	mixrbv2	57
Himiko-den - Renge (Japan) (Disc 1)	mixrbv2	57
Himitsu Kessha Q (Japan)	mixrbv2	57
Himitsu Sentai Metamor V Deluxe (Japan) (Disc 1)	mixrbv2	57
Hissatsu Pachi-Slot Station - Meoshi Ichiban (Japan)	mixrbv2	57
Hissatsu Pachi-Slot Station 2 - Bakuto! Joushiki Yaburi no 2 Types (Japan)	mixrbv2	57
Hissatsu Pachi-Slot Station 3 - Tetra Reel e no Chousen (Japan)	mixrbv2	57
Hissatsu Pachi-Slot Station 4 - New Pulsar R & Hot Rod Queen (Japan)	mixrbv2	57
Hissatsu Pachi-Slot Station 5 - Invaders 2000 (Japan)	mixrbv2	57
Hissatsu Pachi-Slot Station SP - Yamasa Best Choice (Japan)	mixrbv2	57
Hissatsu Pachi-Slot Station Special 2 - The Tetra (Japan)	mixrbv2	57
Hissatsu Pachinko Station (Japan)	mixrbv2	57
Hissatsu Pachinko Station - Monster House Special (Japan)	mixrbv2	57
Hissatsu Pachinko Station - Toyomaru Special (Japan)	mixrbv2	57
Hissatsu Pachinko Station 10 - EX Jack 2000 & Super Dragon (Japan)	mixrbv2	57
Hissatsu Pachinko Station 2 (Japan)	mixrbv2	57
Hissatsu Pachinko Station 3 - Genshijin ga Ippai (Japan)	mixrbv2	57
Hissatsu Pachinko Station 4 - Hero-tachi no Chousen (Japan)	mixrbv2	57
Hissatsu Pachinko Station 5 - Deramaitta & Irete Nanbo (Japan)	mixrbv2	57
Hissatsu Pachinko Station 6 - Gakideka & Jamaica (Japan)	mixrbv2	57
Hissatsu Pachinko Station 7 - CR Chumy House XL & CR Battle Hero V & Fine Play (Japan)	mixrbv2	57
Hissatsu Pachinko Station 8 - Kamashi no Kin-chan & Soreyuke Hama-chan (Japan)	mixrbv2	57
Hissatsu Pachinko Station 9 - Ushiwaka to Lemi (Japan)	mixrbv2	57
Hissatsu Pachinko Station Classic - Fukkatsu! Natsukashi no Meikitachi (Japan)	mixrbv2	57
Hissatsu Pachinko Station Classic 2 - Tsui ni yomigaeru!! Bakuretsu Meiki Fukkatsu (Japan)	mixrbv2	57
Hissatsu Pachinko Station Now - Kore ga Ichiban!! Shin Pikaichi Tengoku (Japan)	mixrbv2	57
Hissatsu Pachinko Station Now 2 - Yatta ze Ippatsu Tsumo Tsumo Tengoku (Japan)	mixrbv2	57
Hissatsu Pachinko Station Now 3 - Youkai Engei (Japan)	mixrbv2	57
Hissatsu Pachinko Station Now 4 - Ore wa Nekketsu Bouken-ou da!! (Japan)	mixrbv2	57
Hissatsu Pachinko Station Now 5 - GeGeGe no Kitarou (Japan)	mixrbv2	57
Hissatsu Pachinko Station Now 6 - Shinsei!! Areddin 21 (Japan)	mixrbv2	57
Hissatsu Pachinko Station Now 7 - Magical Circus (Japan)	mixrbv2	57
Hissatsu Pachinko Station Now 8 - Jarinko Chie (Japan)	mixrbv2	57
Hissatsu Pachinko Station Now 9 - Dirty Pair (Japan)	mixrbv2	57
Hissatsu Pachinko Station Petit - Nanasy tte Nani (Japan)	mixrbv2	57
Hissatsu Pachinko Station Petit 2 - Areddin tte Great! (Japan)	mixrbv2	57
Hissatsu Pachinko Station SP3 (Japan)	mixrbv2	57
History of Kita Denshi (Japan)	mixrbv2	57
Hit Back (Japan)	mixrbv2	57
Hive, The (USA) (Disc 1)	mixrbv2	57
Hiza no Ue no Partner - Kitty on Your Lap (Japan)	mixrbv2	57
Hogs of War (USA)	mixrbv2	57
Hokuto no Ken (Japan)	mixrbv2	57
Hokuto no Ken - Seikimatsu Kyuuseishu Densetsu (Japan)	mixrbv2	57
Home Doctor (Japan)	mixrbv2	57
Honkaku 4-nin Uchi - Geinoujin Taikyoku Mahjong - The Wareme de Pon (Japan)	mixrbv2	57
Honkaku Hanafuda (Japan)	mixrbv2	57
Honkaku Igo (Japan)	mixrbv2	57
Honkaku Mahjong - Tetsuman Special (Japan)	mixrbv2	57
Honkaku Shougi - Shougi-ou (Japan)	mixrbv2	57
Honkaku Yonin Uchi Pro Mahjong - Mahjong-ou (Japan)	mixrbv2	57
Honkakuha Yonin Uchi - Mahjong Club (Japan)	mixrbv2	57
Honoo no Ryourinin - Cooking Fighter Hao (Japan)	mixrbv2	57
Hooters - Road Trip (USA)	mixrbv2	57
Hoshi de Hakken!! Tamagotchi (Japan, Asia)	mixrbv2	57
Hoshi no Mahoroba (Japan)	mixrbv2	57
Hoshigami - Ruining Blue Earth (USA)	mixrbv2	57
Hoshinooka Gakuen Monogatari - Gakuensai (Japan)	mixrbv2	57
Hot Shot (Europe)	mixrbv2	57
Hot Shots Golf (USA)	mixrbv2	57
Hot Shots Golf 2 (USA)	mixrbv2	57
Hot Wheels - Extreme Racing (USA)	mixrbv2	57
Hot Wheels - Turbo Racing (USA)	mixrbv2	57
Houma Hunter Lime - Special Collection Vol. 1 (Japan)	mixrbv2	57
Houma Hunter Lime - Special Collection Vol. 2 (Japan)	mixrbv2	57
Houshin Engi (Japan)	mixrbv2	57
Houshin Engi - Aizouban (Japan)	mixrbv2	57
Hugo (Europe)	mixrbv2	57
Hugo - Black Diamond Fever (Europe) (En,Sv,Fi)	mixrbv2	57
Hugo - Frog Fighter (Europe) (En,Fr,De,Es,It,Nl,Pt,Sv,No,Da,Fi)	mixrbv2	57
Hugo - The Evil Mirror (USA) (En,Es)	mixrbv2	57
Hugo - The Quest for the Sunstones (Europe) (Fr,Nl,Pl)	mixrbv2	57
Hugo 2 (Europe)	mixrbv2	57
Hunchback of Notredame (Europe)	mixrbv2	57
Hunter x Hunter - Maboroshi no Greed Island (Japan)	mixrbv2	57
Hunter x Hunter - Ubawareta Aura Stone (Japan)	mixrbv2	57
Hunter, The (Europe)	mixrbv2	57
Hyakujuu Sentai GaoRanger (Japan)	mixrbv2	57
Hybrid (Europe)	mixrbv2	57
Hydro Thunder (USA)	mixrbv2	57
Hyouryuuki - The Reportage Beyond the Sea (Japan)	mixrbv2	57
Hyper 3D Pinball (Japan)	mixrbv2	57
Hyper Crazy Climber (Japan)	mixrbv2	57
Hyper Final Match Tennis (Japan)	mixrbv2	57
Hyper Formation Soccer (Japan)	mixrbv2	57
Hyper Olympic in Atlanta (Japan)	mixrbv2	57
Hyper Olympic in Nagano (Japan)	mixrbv2	57
Hyper Securities 2 (Japan)	mixrbv2	57
Hyper Tennis - Final Match (Europe)	mixrbv2	57
Hyper Value 2800 - Hanafuda (Japan)	mixrbv2	57
Hyper Value 2800 - Hyper Pachinko (Japan)	mixrbv2	57
Hyper Value 2800 - Mahjong (Japan)	mixrbv2	57
I'Max Shougi II (Japan)	mixrbv2	57
I.Q - Intelligent Qube (USA)	mixrbv2	57
IHRA Drag Racing (USA)	mixrbv2	57
ISS Pro Evolution (USA)	mixrbv2	57
ISS Pro Evolution 2 (Europe) (Es,It)	mixrbv2	57
Ian Livingstone's Deathtrap Dungeon (USA)	mixrbv2	57
Iblard - Laputa no Kaeru Machi (Japan)	mixrbv2	57
Ichigeki - Hagane no Hito (Japan)	mixrbv2	57
Ide Yousuke Meijin no Shin Jissen Mahjong (Japan)	mixrbv2	57
Ide Yousuke no Mahjong Kazoku (Japan)	mixrbv2	57
Ide Yousuke no Mahjong Kyoushitsu (Japan)	mixrbv2	57
Idol Janshi Suchie-Pai II Limited (Japan) (Disc 1)	mixrbv2	57
Idol Janshi Suchie-Pai Limited (Japan)	mixrbv2	57
Idol Promotion - Suzuki Yumie (Japan)	mixrbv2	57
Ikasama Mahjong (Japan)	mixrbv2	57
Ile LEGO 2, L' - La Revanche de Cassbrik (France)	mixrbv2	57
Imadoki no Vampire - Bloody Bride (Japan)	mixrbv2	57
Impact Racing (USA)	mixrbv2	57
In Cold Blood (USA) (Disc 1)	mixrbv2	57
In einem Land vor unserer Zeit - Die Rueckkehr ins Grosse Tal (Germany)	mixrbv2	57
In the Hunt (USA)	mixrbv2	57
Inagawa Junji - Kyoufu no Yashiki (Japan)	mixrbv2	57
Inagawa Junji - Mayonaka no Taxi (Japan)	mixrbv2	57
Incredible Crisis (USA)	mixrbv2	57
Incredible Hulk, The - The Pantheon Saga (USA)	mixrbv2	57
Independence Day (USA)	mixrbv2	57
Independence Day - The Game (Europe) (En,Fr,De,Es,It,Sv)	mixrbv2	57
Indy 500 (Europe)	mixrbv2	57
Infestation (Europe) (En,Fr,De,Es,It,Nl)	mixrbv2	57
Infinity (Japan)	mixrbv2	57
Initial D (Japan)	mixrbv2	57
Inspector Gadget - Gadget's Crazy Maze (USA) (En,Fr,De,Es,It,Nl)	mixrbv2	57
Intellivision Classic Games (USA)	mixrbv2	57
International Cricket Captain 2000 (Europe)	mixrbv2	57
International Cricket Captain 2001 - Ashes Edition (Europe)	mixrbv2	57
International Cricket Captain 2002 (Europe)	mixrbv2	57
International Karate + (Europe)	mixrbv2	57
International Moto X (Europe) (En,Fr,De,Es,It,Nl)	mixrbv2	57
International Moto-X (Japan)	mixrbv2	57
International Soccer - Excite Stage 2000 (Japan)	mixrbv2	57
International Superstar Soccer (Europe) (En,De)	mixrbv2	57
International Superstar Soccer Deluxe (Europe)	mixrbv2	57
International Superstar Soccer Pro '98 (USA) (En,Fr,De,Es,It)	mixrbv2	57
International Superstar Soccer Pro (Europe)	mixrbv2	57
International Track & Field (USA)	mixrbv2	57
International Track & Field 2 (Europe)	mixrbv2	57
International Track & Field 2000 (USA)	mixrbv2	57
Interplay Sports Baseball 2000 (USA)	mixrbv2	57
Inuyasha (Japan)	mixrbv2	57
Inuyasha - A Feudal Fairy Tale (USA)	mixrbv2	57
Inuyasha - Sengoku Otogi Gassen (Japan)	mixrbv2	57
Invasion (Europe) (En,Fr,De,Es,It,Nl)	mixrbv2	57
Invasion Vient de l'Espace, L' (France)	mixrbv2	57
Invasion from Beyond (USA)	mixrbv2	57
Ippatsu Gyakuten - Gamble King Densetsu (Japan)	mixrbv2	57
Irem Arcade Classics (Japan)	mixrbv2	57
Iron Man & X-O Manowar in Heavy Metal (USA)	mixrbv2	57
Iron Soldier 3 (USA)	mixrbv2	57
Irritating Stick (USA)	mixrbv2	57
Iru! (Japan)	mixrbv2	57
Ishin no Arashi (Japan)	mixrbv2	57
Ishin no Arashi - Bakumatsu Shishiden (Japan)	mixrbv2	57
Itadaki Street - Gorgeous King (Japan)	mixrbv2	57
Italian Job, The (USA)	mixrbv2	57
Itsuka, Kasanariau Ashita e - Sayuri-hen (Japan)	mixrbv2	57
Itsuka, Kasanariau Ashita e - Shirou-hen (Japan)	mixrbv2	57
Iwatobi Penguin Rocky x Hopper (Japan)	mixrbv2	57
Iwatobi Penguin Rocky x Hopper 2 - Tantei Monogatari (Japan)	mixrbv2	57
Iznogoud (Europe) (En,Fr,De,It,Nl)	mixrbv2	57
J's Racin' (Japan)	mixrbv2	57
J. B. Harold - Blue Chicago Blues (Japan) (Disc 1)	mixrbv2	57
J.League Jikkyou Winning Eleven '98-'99 (Japan)	mixrbv2	57
J.League Jikkyou Winning Eleven (Japan)	mixrbv2	57
J.League Jikkyou Winning Eleven 2000 (Japan)	mixrbv2	57
J.League Jikkyou Winning Eleven 2000 2nd (Japan)	mixrbv2	57
J.League Jikkyou Winning Eleven 2001 (Japan)	mixrbv2	57
J.League Jikkyou Winning Eleven 3 (Japan)	mixrbv2	57
J.League Soccer - Jikkyou Survival League (Japan)	mixrbv2	57
J.League Soccer - Prime Goal EX (Japan)	mixrbv2	57
J.League Virtual Stadium '96 (Japan)	mixrbv2	57
JGTC - All Japan Grand Touring Car Championship (Japan)	mixrbv2	57
Jackie Chan Stuntmaster (USA)	mixrbv2	57
Jade Cocoon - Die Tamamayu Legende (Germany)	mixrbv2	57
Jade Cocoon - La Leyenda de Tamamayu (Spain)	mixrbv2	57
Jade Cocoon - Story of the Tamamayu (USA)	mixrbv2	57
JailBreaker (Japan) (Disc 1)	mixrbv2	57
Jaleco Collection Vol. 1 (Japan)	mixrbv2	57
Jang Jang Koi Shimashow - Lovely Pop 2 in 1 (Japan)	mixrbv2	57
Jang Jang Koi Shimashow Separate 1 - Jang Jang Shimashow (Japan)	mixrbv2	57
Jang Jang Koi Shimashow Separate 2 - Koi Koi Shimashow (Japan)	mixrbv2	57
Janhai Yuugi '99 - Tanuki no Kawazanyou (Japan)	mixrbv2	57
Jarrett & Labonte Stock Car Racing (USA)	mixrbv2	57
Jeff Wayne's La Guerre des Mondes (France)	mixrbv2	57
Jeff Wayne's The War of the Worlds (Europe)	mixrbv2	57
Jellyfish - The Healing Friend (Japan)	mixrbv2	57
Jeopardy! (USA)	mixrbv2	57
Jeopardy! 2nd Edition (USA)	mixrbv2	57
Jeremy McGrath Supercross 2000 (USA)	mixrbv2	57
Jeremy McGrath Supercross 98 (USA)	mixrbv2	57
Jersey Devil (USA)	mixrbv2	57
Jersey Devil no Daibouken (Japan)	mixrbv2	57
Jet Ace (Europe)	mixrbv2	57
Jet Copter X (Japan)	mixrbv2	57
Jet Moto '98 (Japan)	mixrbv2	57
Jet Moto (USA)	mixrbv2	57
Jet Moto 2 (USA)	mixrbv2	57
Jet Moto 3 (USA)	mixrbv2	57
Jet Rider (Europe)	mixrbv2	57
Jet Rider 2 (Europe)	mixrbv2	57
Jet de Go! Let's Go by Airliner (Japan)	mixrbv2	57
JetMoto (Japan, Asia)	mixrbv2	57
Jetracer (Europe) (En,Fr,De)	mixrbv2	57
Jewel Bem Hunter Lime with Paint Maker (Japan)	mixrbv2	57
Jigoku Sensei Nube (Japan)	mixrbv2	57
Jigsaw Island - Japan Graffiti (Japan)	mixrbv2	57
Jigsaw Madness (USA)	mixrbv2	57
Jigsaw World (Japan)	mixrbv2	57
Jikki Pachi-Slot Tettei Kouryaku - Speed-CR Kinkakuji 3 (Japan)	mixrbv2	57
Jikki Pachi-Slot Tettei Kouryaku - Yamasa Collection (Japan)	mixrbv2	57
Jikkyou American Baseball (Japan)	mixrbv2	57
Jikkyou American Baseball 2 (Japan)	mixrbv2	57
Jikkyou Golf Master 2000 (Japan)	mixrbv2	57
Jikkyou J.League 1999 - Perfect Striker (Japan)	mixrbv2	57
Jikkyou Kyousouba Ikusei Simulation Game - Breeding Stud '99 (Japan)	mixrbv2	57
Jikkyou Oshaberi Parodius - Forever with Me (Japan)	mixrbv2	57
Jikkyou Powerful Pro Yakyuu '95 (Japan)	mixrbv2	57
Jikkyou Powerful Pro Yakyuu '95 - Kaimakuban (Japan)	mixrbv2	57
Jikkyou Powerful Pro Yakyuu '97 - Kaimakuban (Japan)	mixrbv2	57
Jikkyou Powerful Pro Yakyuu '98 - Kaimakuban (Japan)	mixrbv2	57
Jikkyou Powerful Pro Yakyuu '98 - Ketteiban (Japan)	mixrbv2	57
Jikkyou Powerful Pro Yakyuu '99 - Kaimakuban (Japan)	mixrbv2	57
Jikkyou Powerful Pro Yakyuu '99 - Ketteiban (Japan)	mixrbv2	57
Jikkyou Powerful Pro Yakyuu - Premium-ban (Japan)	mixrbv2	57
Jikkyou Powerful Pro Yakyuu 2000 - Kaimakuban (Japan)	mixrbv2	57
Jikkyou Powerful Pro Yakyuu 2000 - Ketteiban (Japan)	mixrbv2	57
Jikkyou Powerful Pro Yakyuu 2001 (Japan)	mixrbv2	57
Jikkyou Powerful Pro Yakyuu 2001 - Ketteiban (Japan)	mixrbv2	57
Jikkyou Powerful Pro Yakyuu 2002 - Haru (Japan)	mixrbv2	57
Jikuu Tantei DD - Maboroshi no Lorelei (Japan) (Disc 1)	mixrbv2	57
Jikuu Tantei DD 2 - Hangyaku no Apsalar (Japan) (Disc 1)	mixrbv2	57
Jim Henson's Bear in the Big Blue House (USA)	mixrbv2	57
Jim Henson's The Hoobs (Europe)	mixrbv2	57
Jimmy Johnson's VR Football '98 (USA)	mixrbv2	57
Jimmy White's 2 - Cueball (USA)	mixrbv2	57
Jinx (Europe) (En,Fr,De,Es,It)	mixrbv2	57
Jishaku de Tonjau! Phix no Daibouken (Japan)	mixrbv2	57
Jissen Pachi-Slot Hisshouhou! 5 (Japan)	mixrbv2	57
Jissen Pachi-Slot Hisshouhou! Disc Up (Japan)	mixrbv2	57
Jissen Pachi-Slot Hisshouhou! Sammy Revolution (Japan)	mixrbv2	57
Jissen Pachi-Slot Hisshouhou! Sammy Revolution 2 (Japan)	mixrbv2	57
Jissen Pachi-Slot Hisshouhou! Single - Epsilon R (Japan)	mixrbv2	57
Jissen Pachi-Slot Hisshouhou! Single - Kamen Rider & Gallop (Japan) (Disc 1) (Kamen Rider)	mixrbv2	57
Jissen Pachi-Slot Hisshouhou! Single - Kamen Rider V3 (Japan)	mixrbv2	57
Jissen Pachi-Slot Hisshouhou! Single - Kung-Fu Lady (Japan)	mixrbv2	57
Jissen Pachi-Slot Hisshouhou! Single - Sea Master X (Japan)	mixrbv2	57
Jissen Pachi-Slot Hisshouhou! Single - Super Star Dust 2 (Japan)	mixrbv2	57
Jissen Pachi-Slot Hisshouhou! Single - The Kongdom (Japan)	mixrbv2	57
Jitsumei Jikkyou Keiba - Dream Classic (Japan)	mixrbv2	57
JoJo's Bizarre Adventure (USA)	mixrbv2	57
Jockey Zero (Japan)	mixrbv2	57
Johnny Bazooka (Japan)	mixrbv2	57
Johnny Bazookatone (USA)	mixrbv2	57
Jonah Lomu Rugby (Europe) (En,De,Es,It)	mixrbv2	57
Joshikousei no Houkago... Pukunpa (Japan)	mixrbv2	57
Joue avec les Teletubbies (France)	mixrbv2	57
Jouki Kikansha Unten Simulation - SL de Ikou! (Japan)	mixrbv2	57
Jouki Kikansha Unten Simulation - SL de Ikou! II (Japan)	mixrbv2	57
Jounetsu Nekketsu Athletes - Nakimushi Coach no Diary (Japan)	mixrbv2	57
Judge Dredd (USA)	mixrbv2	57
Juega con los Teletubbies (Spain)	mixrbv2	57
Juggernaut (USA) (Disc 1)	mixrbv2	57
Juggernaut - Senritsu no Tobira (Japan) (Disc 1)	mixrbv2	57
JumpStart Wildlife Safari - Field Trip (USA)	mixrbv2	57
Jumping Flash! (USA)	mixrbv2	57
Jumping Flash! 2 (USA)	mixrbv2	57
Junclassic C.C. & Rope Club (Japan)	mixrbv2	57
Jungla de Cristal Trilogia 2 - Viva Las Vegas (Spain)	mixrbv2	57
Jungle Park (Japan)	mixrbv2	57
Junior Sports Football (Europe)	mixrbv2	57
Junior Sports Fussball (Germany)	mixrbv2	57
Junjou de Karen - Meymay Kishidan - Spectral Force Seishoujo Gaiden (Japan)	mixrbv2	57
Jupiter Strike (USA)	mixrbv2	57
K-1 Grand Prix (USA)	mixrbv2	57
K-1 Ouja ni Narou! King of Kings (Japan)	mixrbv2	57
K-1 Revenge (USA)	mixrbv2	57
K-1 The Arena Fighters (USA)	mixrbv2	57
K-1 World Grand Prix 2001 - Kaimakuban (Japan)	mixrbv2	57
K.O. - The Live Boxing (Japan)	mixrbv2	57
KISS Pinball (USA)	mixrbv2	57
KKND Krossfire (Europe)	mixrbv2	57
Kaeru no Ehon - Nakushita Kioku o Motomete (Japan)	mixrbv2	57
Kaette Kita Cyborg Kuro-chan (Japan)	mixrbv2	57
Kaette Kita Pachio-kun - Dream Collection (Japan)	mixrbv2	57
Kagayaku Kisetsu e (Japan) (Disc 1) (Shokai Genteiban)	mixrbv2	57
Kagero - Deception II (USA)	mixrbv2	57
Kagero - Kokumeikan Shinshou (Japan)	mixrbv2	57
Kahen Soukou Gunbike - Speed Power Gunbike (Japan)	mixrbv2	57
Kaibutsu Para-Dice - Monster Paradise (Japan)	mixrbv2	57
Kaijuu Senki (Japan)	mixrbv2	57
Kaikan Phrase - Datenshi Kourin (Japan)	mixrbv2	57
Kain the Vampire (Japan)	mixrbv2	57
Kaishin!! Derby Analyst (Japan)	mixrbv2	57
Kaisoku Tenshi - The Rapid Angel (Japan)	mixrbv2	57
Kaitei Daisensou - In the Hunt (Japan)	mixrbv2	57
Kaitou Apricot (Japan)	mixrbv2	57
Kaitou Ranma Miyabi (Japan)	mixrbv2	57
Kakinoki Shougi (Japan)	mixrbv2	57
Kakinoki Shougi II (Japan)	mixrbv2	57
Kakuge Yarou - Fighting Game Creator (Japan)	mixrbv2	57
Kakugo no Susume (Japan)	mixrbv2	57
Kamen Rider (Japan)	mixrbv2	57
Kamen Rider Agito (Japan)	mixrbv2	57
Kamen Rider Kuuga (Japan)	mixrbv2	57
Kamen Rider Ryuuki (Japan)	mixrbv2	57
Kamen Rider V3 (Japan)	mixrbv2	57
Kanazawa Shougi '95 (Japan)	mixrbv2	57
Kanazawa Shougi - Tsuki (Japan)	mixrbv2	57
Kart Challenge (Europe) (En,Fr,De,It)	mixrbv2	57
Kartia - The Word of Fate (USA)	mixrbv2	57
Karyuujou (Japan) (Disc 1) (Ryuu Hangan Hen)	mixrbv2	57
Kasei Monogatari (Japan)	mixrbv2	57
Katou Hifumi Kudan - Shougi Club (Japan)	mixrbv2	57
Kattobi Tune (Japan)	mixrbv2	57
Katze von Schroedinger, Die (Japan)	mixrbv2	57
Kawa no Nushi-tsuri - Hikyou o Motomete (Japan)	mixrbv2	57
Kaze no Klonoa - Door to Phantomile (Japan)	mixrbv2	57
Kaze no Oka Kouen Nite (Japan)	mixrbv2	57
Keiba Eight '98 Aki Fuyu (Japan)	mixrbv2	57
Keiba Eight '98 Haru Natsu (Japan)	mixrbv2	57
Keiba Eight '99 Haru Natsu (Japan)	mixrbv2	57
Keiba Saishou no Housoku '95 (Japan)	mixrbv2	57
Keiba Saishou no Housoku '96 Vol. 1 (Japan)	mixrbv2	57
Keiba Saishou no Housoku '96 Vol. 2 - GI-Road (Japan)	mixrbv2	57
Keiba Saishou no Housoku '97 Vol. 1 - Nerae! Manbaken! (Japan)	mixrbv2	57
Keiba Saishou no Housoku '97 Vol. II - To Hit (Japan)	mixrbv2	57
Keiba Saishou no Housoku '99 Shuutou (Japan)	mixrbv2	57
Keitai Eddy (Japan)	mixrbv2	57
Kekkon - Marriage (Japan)	mixrbv2	57
Kellogg Original Waku Waku Doki Doki Ninki Game Chara Daishuugou! (Japan)	mixrbv2	57
Kenkaku Ibunroku - Yomigaerishi Souku no Yaiba - Samurai Spirits Shinshou (Japan, Asia)	mixrbv2	57
Kenki Ippatsu! Crane Master ni Narou! (Japan)	mixrbv2	57
Kenki Ippatsu! Shovel Master ni Narou! (Japan)	mixrbv2	57
Kensei - Sacred Fist (USA)	mixrbv2	57
Kensei - The King of Boxing (Japan)	mixrbv2	57
Kensetsu Kikai Simulator - Kenki Ippai! (Japan)	mixrbv2	57
Kenshou Akou Jiken - Chuushingura - Rekishi Adventure (Japan)	mixrbv2	57
Kero Kero King (Japan)	mixrbv2	57
Khamrai (Japan)	mixrbv2	57
Kick Off World (Europe) (Es,Nl)	mixrbv2	57
Kickboxing (USA)	mixrbv2	57
Kickboxing Knockout (Europe)	mixrbv2	57
Kid Clown no Crazy Chase 2 - Love Love Honey Soudatsusen (Japan)	mixrbv2	57
Kid Mix Section - Character Collection (Japan)	mixrbv2	57
Kidou Senshi Gundam - Gihren no Yabou - Zeon no Keifu (Japan, Asia) (Disc 1) (Earth Federation Disc)	mixrbv2	57
Kidou Senshi Gundam - Gihren no Yabou - Zeon no Keifu - Kouryaku Shireisho (Japan)	mixrbv2	57
Kids Station - Asobou! Hanasou! Guru Guru Town Hanamaru-kun (Japan)	mixrbv2	57
Kids Station - Barbapapa (Japan)	mixrbv2	57
Kids Station - Bishoujo Senshi Sailor Moon World - Chibiusa to Tanoshii Mainichi (Japan)	mixrbv2	57
Kids Station - Bokura to Asobou! Ultraman TV (Japan)	mixrbv2	57
Kids Station - Crayon Shin-chan - Ora to Omoide Tsukuru zo! (Japan)	mixrbv2	57
Kids Station - Digimon Park (Japan)	mixrbv2	57
Kids Station - Doraemon - Himitsu no Yojigen Pocket (Japan)	mixrbv2	57
Kids Station - Hello Kitty no Oshaberi ABC (Japan)	mixrbv2	57
Kids Station - Hello Kitty no Oshaberi Town (Japan)	mixrbv2	57
Kids Station - Hello Kitty no Ouchi e Oide yo! (Japan)	mixrbv2	57
Kids Station - Hello Kitty to Album Nikki o Tsukurimasho! (Japan)	mixrbv2	57
Kids Station - Hitori de Dekiru mon! (Japan)	mixrbv2	57
Kids Station - Kamen Rider Heroes (Japan)	mixrbv2	57
Kids Station - Kikansha Thomas to Nakamatachi (Japan)	mixrbv2	57
Kids Station - Kuma no Pooh-san - Mori no Nakama to 1, 2, 3 (Japan)	mixrbv2	57
Kids Station - LEGO no Sekai (Japan)	mixrbv2	57
Kids Station - Magical Music - Eigo de One, Two, Three! (Japan) (En,Ja)	mixrbv2	57
Kids Station - Mickey to Nakamatachi - Kazu Asobi Iro Iro (Japan)	mixrbv2	57
Kids Station - Mini-Moni. ni Naru no da Pyon! (Japan)	mixrbv2	57
Kids Station - Motto! Oja Majo DoReMi - Maho-dou Smile Party (Japan)	mixrbv2	57
Kids Station - Oja Majo DoReMi - Maho-dou Dance Carnival! (Japan)	mixrbv2	57
Kids Station - Oja Majo DoReMi Dokkan! Maho-dou Eigo Festival (Japan)	mixrbv2	57
Kids Station - Oshaberi Oekaki - Kikansha Thomas to Nakamatachi (Japan)	mixrbv2	57
Kids Station - Oshaberi Oekaki - Soreike! Anpanman (Japan)	mixrbv2	57
Kids Station - Plarail - Tetsudou Monoshiri Hyakka (Japan)	mixrbv2	57
Kids Station - Ponkickies 21 - Game no Omocha-bako (Japan)	mixrbv2	57
Kids Station - Soreike! Anpanman (Japan)	mixrbv2	57
Kids Station - Soreike! Anpanman 2 - Anpanman to Daibouken! (Japan)	mixrbv2	57
Kids Station - Soreike! Anpanman 3 - Sugoroku Anpanman (Japan)	mixrbv2	57
Kids Station - Ugoku Tomica Zukan (Japan)	mixrbv2	57
Kids Station - Ultraman Cosmos - Yuusha no Chikai (Japan)	mixrbv2	57
Kids Station - Unten Daisuki - Doki Doki - Norimono Daibouken (Japan)	mixrbv2	57
Kids Station - Yancharu Moncha (Japan)	mixrbv2	57
Kiganjou (Japan)	mixrbv2	57
Kikuni Masahiko Jirushi - Warau Fukei-san Pachi-Slot Hunter (Japan)	mixrbv2	57
Kileak - The Blood (Europe)	mixrbv2	57
Kileak - The DNA Imperative (USA)	mixrbv2	57
Kileak, The Blood (Japan)	mixrbv2	57
Killer Bass (Japan)	mixrbv2	57
Killer Loop (USA)	mixrbv2	57
Killing Time (USA) (Proto) (1997-04-29)	mixrbv2	57
Killing Zone (USA)	mixrbv2	57
Kimagure My Baby - Musume no Sugoroku Seichouki (Japan)	mixrbv2	57
Kimero!! Hero Gakuen - Eiyuu ni Kotae Nashi (Japan)	mixrbv2	57
Kimi ni Steady (Japan)	mixrbv2	57
Kimi no Kimochi, Boku no Kokoro - I've Possessed Your Body! (Japan)	mixrbv2	57
Kindaichi Shounen no Jikenbo - Hihou-tou Arata naru Sangeki (Japan)	mixrbv2	57
Kindaichi Shounen no Jikenbo - Jigoku Yuuen Satsujin Jiken (Japan) (Disc 1)	mixrbv2	57
Kindaichi Shounen no Jikenbo 3 - Seiryuu Densetsu Satsujin Jiken (Japan) (Disc 1)	mixrbv2	57
King of Bowling (Japan)	mixrbv2	57
King of Bowling 2 (Europe)	mixrbv2	57
King of Bowling 2 - Professional-hen (Japan)	mixrbv2	57
King of Bowling 3 (Europe)	mixrbv2	57
King of Fighters '95, The (USA)	mixrbv2	57
King of Fighters '96, The (Japan, Asia)	mixrbv2	57
King of Fighters '97, The (Japan)	mixrbv2	57
King of Fighters '98, The - Dream Match Never Ends (Japan)	mixrbv2	57
King of Fighters '99, The (USA)	mixrbv2	57
King of Fighters Kyou, The (Japan)	mixrbv2	57
King of Parlor (Japan)	mixrbv2	57
King of Parlor 2 (Japan)	mixrbv2	57
King of Producer (Japan)	mixrbv2	57
King of Stallion (Japan)	mixrbv2	57
King's Field (USA)	mixrbv2	57
King's Field II (USA)	mixrbv2	57
King's Field III - Pilot Style (Japan)	mixrbv2	57
Kingsley's Adventure (USA)	mixrbv2	57
Kinniku Banzuke - Road to Sasuke (Japan)	mixrbv2	57
Kinniku Banzuke Vol. 1 - Ore ga Saikyou no Otoko da! (Japan)	mixrbv2	57
Kinniku Banzuke Vol. 2 - Arata naru Genkai e no Chousen! (Japan)	mixrbv2	57
Kinniku Banzuke Vol. 3 - Saikyou no Challenger Tanjou! (Japan)	mixrbv2	57
Kirikou (Europe) (En,Fr,De)	mixrbv2	57
Kisha de Go! (Japan)	mixrbv2	57
Kita Denshi - Virtua Pachi-Slot (Japan)	mixrbv2	57
Kita Denshi - Virtua Pachi-Slot 2 (Japan)	mixrbv2	57
Kitchen Panic (Japan)	mixrbv2	57
Kitty the Kool! Kabuki de Tanoshiku Odotte ne!! (Japan)	mixrbv2	57
Kiwame Daidougi - Tsumuya Tsumazaruya (Japan)	mixrbv2	57
Kizuna toyuu Na no Pendant with Toybox Stories (Japan) (Disc 1)	mixrbv2	57
Klaymen Gun-Hockey (Japan)	mixrbv2	57
Klaymen Klaymen - Neverhood no Nazo (Japan)	mixrbv2	57
Klaymen Klaymen 2 - Skullmonkey no Gyakushuu (Japan)	mixrbv2	57
Klonoa - Door to Phantomile (USA)	mixrbv2	57
Klonoa Beach Volley - Saikyou Team Ketteisen! (Japan, Asia)	mixrbv2	57
Klonoa Beach Volleyball (Europe) (En,Fr,De,Es,It)	mixrbv2	57
Knight & Baby (Japan)	mixrbv2	57
Knockout Kings (USA)	mixrbv2	57
Knockout Kings 2000 (USA)	mixrbv2	57
Knockout Kings 2001 (USA)	mixrbv2	57
Knockout Kings 99 (Europe)	mixrbv2	57
Kochira Katsushika-ku Kameari Kouen-mae Hashutsujo - High-Tech Buil Shinkou Soshi Sakusen! no Maki (Japan)	mixrbv2	57
Kogepan - Pan mo Game o Yarurashii... (Japan)	mixrbv2	57
Koiyohou (Japan)	mixrbv2	57
Kojima Takeo - Mahjong Teiou (Japan)	mixrbv2	57
Kojin Kyouju - La Lecon Particuliere (Japan)	mixrbv2	57
Koko Hore! Pukka (Japan)	mixrbv2	57
Kokumeikan (Japan)	mixrbv2	57
Komotchi (Japan)	mixrbv2	57
Kon'ya mo Dorubako!! (Japan)	mixrbv2	57
Kon'ya mo Dorubako!! 2000 (Japan)	mixrbv2	57
Kon'ya mo Dorubako!! 2001 (Japan)	mixrbv2	57
Konami 80's Arcade Gallery (Japan)	mixrbv2	57
Konami Antiques - MSX Collection Vol. 1 (Japan)	mixrbv2	57
Konami Antiques - MSX Collection Vol. 2 (Japan)	mixrbv2	57
Konami Antiques - MSX Collection Vol. 3 (Japan, Asia)	mixrbv2	57
Konami Arcade Classics (USA)	mixrbv2	57
Konami Open Golf (Europe)	mixrbv2	57
Koneko mo Issho (Japan)	mixrbv2	57
Konohana - TrueReport (Japan)	mixrbv2	57
KoroKoro Post nin (Japan)	mixrbv2	57
Kosodate Quiz Motto My Angel (Japan)	mixrbv2	57
Kosodate Quiz My Angel (Japan)	mixrbv2	57
Koten Tsumego-shuu - Shijin no Maki (Japan)	mixrbv2	57
Kotobuki Grand Prix (Europe)	mixrbv2	57
Kotobuki Grand Prix - Mezase! Genchari King (Japan)	mixrbv2	57
Koudelka (USA) (Disc 1)	mixrbv2	57
Koukai Sarenakatta Shuki (Japan)	mixrbv2	57
Koukidou Gensou - Gunparade March (Japan)	mixrbv2	57
Kouklotheatro - Yuukyuu no Hitomi (Japan)	mixrbv2	57
Koukyaku Kikou Shidan - Bein Panzer (Japan)	mixrbv2	57
Kouni Shougun (Japan)	mixrbv2	57
Kouryuu Sangoku Engi (Japan)	mixrbv2	57
Kouryuuki (Japan)	mixrbv2	57
Koushien V (Japan)	mixrbv2	57
Koutetsu Reiiki - Steeldom (Japan)	mixrbv2	57
Kouyasai - A Sherd of Youthful Memories (Japan)	mixrbv2	57
Kowai Shashin - Shinrei Shashin Kitan (Japan)	mixrbv2	57
Kowloon's Gate - Kowloon Fuusuiden (Japan) (Disc 1) (Byakko)	mixrbv2	57
Kowloon-jou (Japan)	mixrbv2	57
Krazy Ivan (USA)	mixrbv2	57
Kula World (Europe)	mixrbv2	57
KulaQuest (Japan)	mixrbv2	57
Kuma no Pooh-tarou - Sora wa Pink da! Zen'in Shuugou!! (Japan)	mixrbv2	57
Kumitate Battle Kuttu Ketto (Japan)	mixrbv2	57
Kunoichi Torimonochou (Japan)	mixrbv2	57
Kuon no Kizuna (Japan)	mixrbv2	57
Kuro no Juusan (Japan)	mixrbv2	57
Kuro no Ken - Blade of the Darkness (Japan)	mixrbv2	57
Kuroi Hitomi no Noir - Cielgris Fantasm (Japan)	mixrbv2	57
Kurt Warner's Arena Football Unleashed (USA)	mixrbv2	57
Kuru Kuru Cube (Japan)	mixrbv2	57
Kuru Kuru Maru Maru (Japan)	mixrbv2	57
Kuru Kuru Panic (Japan)	mixrbv2	57
Kuru Kuru Twinkle - Onegai Ohoshi-sama (Japan)	mixrbv2	57
Kurumi Miracle (Japan)	mixrbv2	57
Kururin Pa! (Japan)	mixrbv2	57
Kurushi (Europe) (En,Fr,De,Es,It)	mixrbv2	57
Kurushi Final (Europe)	mixrbv2	57
Kuubo Senki (Japan)	mixrbv2	57
Kyaiin no Tanoshi Mail - PS. I Love You (Japan)	mixrbv2	57
Kyoro-chan no Prikura Daisakusen (Japan)	mixrbv2	57
Kyoto Maiko Monogatari (Japan)	mixrbv2	57
Kyoufu Shinbun (Japan)	mixrbv2	57
Kyousouba Ikusei Simulation - Derby Stallion (Japan)	mixrbv2	57
Kyousouba Ikusei Simulation - Derby Stallion 99 (Japan)	mixrbv2	57
Kyoutei Wars Makuru 6 (Japan)	mixrbv2	57
Kyuiin (Japan)	mixrbv2	57
Kyuu-bakku (Japan)	mixrbv2	57
Kyuukyoku no Soukoban (Japan)	mixrbv2	57
Kyuutenkai (Japan)	mixrbv2	57
L no Kisetsu - A Piece of Memories (Japan)	mixrbv2	57
LEGO Island 2 - The Brickster's Revenge (USA)	mixrbv2	57
LEGO Racers (USA) (En,Fr,De,Es,It,Nl,Sv,No,Da,Fi)	mixrbv2	57
LEGO Rock Raiders (USA)	mixrbv2	57
LMA Manager (Europe)	mixrbv2	57
LMA Manager 2001 (Europe)	mixrbv2	57
LMA Manager 2002 (Europe)	mixrbv2	57
LNF Stars 2001 (France)	mixrbv2	57
LSD - Dream Emulator (Japan)	mixrbv2	57
Lady Maid (Japan)	mixrbv2	57
Lagnacure (Japan, Asia)	mixrbv2	57
Lagnacure Legend (Japan)	mixrbv2	57
Lake Masters (Japan)	mixrbv2	57
Lake Masters 2 - Bass Fishing in Japan (Japan)	mixrbv2	57
Lake Masters Pro - Nihon Juudan Kuromasu Kikou (Japan)	mixrbv2	57
Land Before Time, The - Big Water Adventure (USA)	mixrbv2	57
Land Before Time, The - Great Valley Racing Adventure (USA)	mixrbv2	57
Land Before Time, The - Racing Adventure (Europe) (En,Fr,De,Es,It)	mixrbv2	57
Land Before Time, The - Return to the Great Valley (USA)	mixrbv2	57
Land Maker (Europe)	mixrbv2	57
Langrisser I & II (Japan)	mixrbv2	57
Langrisser IV & V - Final Edition (Japan) (Disc 1) (Langrisser IV Disc)	mixrbv2	57
Largo Winch - Commando SAR (USA)	mixrbv2	57
Las Vegas Dream 2 (Japan)	mixrbv2	57
Last Report, The (Europe) (De,Nl)	mixrbv2	57
Lattice - 200EC7 (Japan)	mixrbv2	57
Le Mans 24 Hours (Europe) (En,Fr,De,Es,It,Pt)	mixrbv2	57
Leading Jockey '99 (Japan)	mixrbv2	57
Leading Jockey Highbred (Japan)	mixrbv2	57
Legacy of Kain - Soul Reaver (USA)	mixrbv2	57
Legend (Europe)	mixrbv2	57
Legend of Dragoon, The (USA, Canada) (Disc 1)	mixrbv2	57
Legend of Foresia - La Contree Interdite (France)	mixrbv2	57
Legend of Heroes I & II, The - Eiyuu Densetsu (Japan)	mixrbv2	57
Legend of Heroes III, The - Shiroki Majo - Mou Hitotsu no Eiyuutachi no Monogatari (Japan)	mixrbv2	57
Legend of Heroes IV, The - Akai Shizuku (Japan)	mixrbv2	57
Legend of Kartia (Europe) (En,Fr,De)	mixrbv2	57
Legend of Legaia (USA)	mixrbv2	57
Legend of Mana (USA)	mixrbv2	57
Legend of Mulan (Europe) (En,Fr,De)	mixrbv2	57
Legend of Pocahontas (Europe) (En,De,Nl)	mixrbv2	57
Lemmings & Oh No! More Lemmings (USA)	mixrbv2	57
Lethal Enforcers (Europe)	mixrbv2	57
Lethal Enforcers Deluxe Pack (Japan)	mixrbv2	57
Lethal Enforcers I & II (USA)	mixrbv2	57
LiberoGrande (Europe)	mixrbv2	57
LiberoGrande 2 (Japan)	mixrbv2	57
Liberogrande International (Europe) (En,Fr,De,Es,It)	mixrbv2	57
LifeScape - Seimei 40-okunen Haruka na Tabi (Japan) (Disc 1) (Aquasphere)	mixrbv2	57
LifeScape 2 - Body Bionics - Kyoui no Shouuchuu Jintai (Japan)	mixrbv2	57
Lifeforce Tenka (Europe)	mixrbv2	57
Light Fantasy Gaiden - Nya Nyan ga Nyan (Japan)	mixrbv2	57
Lightning Legend - Daigo no Daibouken (Japan)	mixrbv2	57
Linda^3 Again (Japan)	mixrbv2	57
Ling Rise (Japan)	mixrbv2	57
Lion and the King (Europe) (En,Fr,De)	mixrbv2	57
Lion and the King 2 (Europe) (En,Fr,De)	mixrbv2	57
Liquid Books Adventure 1 - Lety's Favorite Stories (USA)	mixrbv2	57
Liquid Books Adventure 2 - Amrita's Trees & Cerdito and the Coyote (USA)	mixrbv2	57
Liquid Books Adventure 3 - Far-Fetched Frontier Tales (USA)	mixrbv2	57
Liquid Books Adventure 4 - The Adventures of Adelita and Bo (USA)	mixrbv2	57
Liquid Books Adventure 5 - Pop-Out Prose (USA)	mixrbv2	57
Liquid Books Adventure 6 - The Wandering Path (USA)	mixrbv2	57
Little Big Adventure (Europe) (En,Fr,De,Es,It)	mixrbv2	57
Little Lovers - She So Game (Japan) (Disc 1)	mixrbv2	57
Little Princess - Marl Oukoku no Ningyou-hime 2 (Japan) (Disc 1) (+1 Tasu Ichi)	mixrbv2	57
Live Wire! (Europe) (En,Fr,De,Es,It)	mixrbv2	57
Loaded (USA) (En,Fr)	mixrbv2	57
Lode Runner (USA)	mixrbv2	57
Lode Runner Extra (Japan)	mixrbv2	57
Logic Pro Adventure (Japan)	mixrbv2	57
Logic Puzzle Rainbow Town (Japan)	mixrbv2	57
Lomax (Europe) (En,Fr,De,Es,It)	mixrbv2	57
London Racer (Europe)	mixrbv2	57
London Racer II (Europe)	mixrbv2	57
London Seirei Tanteidan (Japan)	mixrbv2	57
Lone Soldier (Europe)	mixrbv2	57
Looney Tunes - Sheep Raider (USA) (En,Fr,Es,Pt)	mixrbv2	57
Looney Tunes Racing (USA) (En,Fr,Es)	mixrbv2	57
Lord Monarch - Shin Gaia Oukokuki (Japan)	mixrbv2	57
Lord of Fist (Japan)	mixrbv2	57
Lord of Monsters (Japan)	mixrbv2	57
Lord of the Jungle (Europe) (En,Fr,De,Nl)	mixrbv2	57
Lost Sword - Ushinawareta Seiken (Japan)	mixrbv2	57
Lost Vikings 2 - Norse by Norsewest (Europe) (En,Fr,De)	mixrbv2	57
Lost World, The - Jurassic Park (USA)	mixrbv2	57
Louvre - L'Ultime Malediction (France) (Disc 1)	mixrbv2	57
Louvre - La Maldicion Final (Spain) (Disc 1)	mixrbv2	57
Louvre - La Maledizione Finale (Italy) (Disc 1)	mixrbv2	57
Louvre - The Final Curse (Europe) (Disc 1)	mixrbv2	57
Love & Destroy (Japan)	mixrbv2	57
Love Game's - Wai Wai Tennis (Japan)	mixrbv2	57
Love Game's - Wai Wai Tennis 2 (Japan)	mixrbv2	57
Love Game's - Wai Wai Tennis Plus (Japan)	mixrbv2	57
Love Hina - Ai wa Kotoba no Naka ni (Japan)	mixrbv2	57
Love Hina 2 - Kotoba wa Konayuki no You ni (Japan)	mixrbv2	57
Love Para - Lovely Tokyo Para-Para Musume (Japan)	mixrbv2	57
Love Therapy (Japan)	mixrbv2	57
Love^2 Torokko (Japan)	mixrbv2	57
LuLu - Un Conte Interactif de Romain Victor-Pujebet (Japan)	mixrbv2	57
Lucifer Ring (Japan)	mixrbv2	57
Luciferd (Japan)	mixrbv2	57
Lucky Luke (USA)	mixrbv2	57
Lucky Luke - Western Fever (Europe) (En,Fr,De,Es,It,Nl)	mixrbv2	57
Luftwaffe - Deutsch Kuugun o Shiki seyo (Japan)	mixrbv2	57
Lunar - Silver Star Story Complete (USA) (Disc 1)	mixrbv2	57
Lunar 2 - Eternal Blue (Japan) (Disc 1)	mixrbv2	57
Lunar 2 - Eternal Blue Complete (USA) (Disc 1)	mixrbv2	57
Lunar Wing - Toki o Koeta Seisen (Japan)	mixrbv2	57
Lunatic Dawn - Odyssey (Japan)	mixrbv2	57
Lunatic Dawn III (Japan)	mixrbv2	57
Lupin 3sei (Japan)	mixrbv2	57
Lupin 3sei - Cagliostro no Shiro - Saikai (Japan) (Disc 1)	mixrbv2	57
M&M's - Shell Shocked (USA)	mixrbv2	57
M6 Turbo Racing (France)	mixrbv2	57
MDK (USA)	mixrbv2	57
MGG - Manic Game Girl (Korea)	mixrbv2	57
MLB 2000 (USA)	mixrbv2	57
MLB 2001 (USA)	mixrbv2	57
MLB 2002 (USA)	mixrbv2	57
MLB 2003 (USA)	mixrbv2	57
MLB 2004 (USA)	mixrbv2	57
MLB 2005 (USA)	mixrbv2	57
MLB 98 (USA)	mixrbv2	57
MLB 99 (USA)	mixrbv2	57
MLB Pennant Race (USA)	mixrbv2	57
MTB Dirt Cross (Japan)	mixrbv2	57
MTV Celebrity Deathmatch (USA)	mixrbv2	57
MTV Music Generator (USA)	mixrbv2	57
MTV Sports - Pure Ride (USA)	mixrbv2	57
MTV Sports - Skateboarding featuring Andy Macdonald (USA)	mixrbv2	57
MTV Sports - Snowboarding (USA)	mixrbv2	57
MTV Sports - T.J. Lavin's Ultimate BMX (USA)	mixrbv2	57
Maboroshi Tsukiyo - Tsukiyono Kitan (Japan) (Disc 1)	mixrbv2	57
Machine Head (USA)	mixrbv2	57
Machine Hunter (USA)	mixrbv2	57
Macross Digital Mission VF-X (Japan)	mixrbv2	57
Macross Plus - Game Edition (Japan)	mixrbv2	57
Macross VF-X2 (Japan)	mixrbv2	57
Mad Panic Coaster (Japan)	mixrbv2	57
Mad Stalker - FullMetalForce (Japan)	mixrbv2	57
Madden NFL 2000 (USA)	mixrbv2	57
Madden NFL 2001 (USA)	mixrbv2	57
Madden NFL 2002 (USA, Canada)	mixrbv2	57
Madden NFL 2003 (USA)	mixrbv2	57
Madden NFL 2004 (USA)	mixrbv2	57
Madden NFL 2005 (USA)	mixrbv2	57
Madden NFL 96 (USA) (Proto) (1995-10-25)	mixrbv2	57
Madden NFL 97 (USA)	mixrbv2	57
Madden NFL 98 (USA)	mixrbv2	57
Madden NFL 99 (USA)	mixrbv2	57
Maestromusic, The (Japan)	mixrbv2	57
Maestromusic, The - Encore Disc (Japan)	mixrbv2	57
Maestromusic, The - Merry Christmas (Japan)	mixrbv2	57
Magic - The Gathering - BattleMage (USA)	mixrbv2	57
Magic Carpet (USA) (En,Fr,De,Es,Sv)	mixrbv2	57
Magic Johnson to Kareem Abdul-Jabbar no Slam 'n Jam '96 (Japan)	mixrbv2	57
Magical Date - Doki Doki Kokuhaku Daisakusen (Japan)	mixrbv2	57
Magical Dice Kids (Japan)	mixrbv2	57
Magical Drop (Japan)	mixrbv2	57
Magical Drop F - Daibouken mo Rakujanai! (Japan)	mixrbv2	57
Magical Drop III (Europe) (En,Fr,De,Es,It,Nl) (Disc 1) (Magical Drop III)	mixrbv2	57
Magical Drop III - Yokubari Tokudaigou! (Japan)	mixrbv2	57
Magical Hoppers (Japan)	mixrbv2	57
Magical Medical (Japan)	mixrbv2	57
Magical Tetris Challenge (Europe)	mixrbv2	57
Magical Tetris Challenge featuring Mickey (Japan)	mixrbv2	57
Magical Zunou Power!! Party Selection (Japan)	mixrbv2	57
Mahjong Ganryuu-jima (Japan)	mixrbv2	57
Mahjong Gokuu Tenjiku (Japan)	mixrbv2	57
Mahjong Gokuu Tenjiku 99 (Japan)	mixrbv2	57
Mahjong Senjutsu - Andou Mitsuru Pro no Akuukan Sappou (Japan)	mixrbv2	57
Mahjong Station Mazin (Japan)	mixrbv2	57
Mahjong Taikai II Special (Japan)	mixrbv2	57
Mahjong Toriatama Kikou (Japan)	mixrbv2	57
Mahjong Uranai Fortuna - Tsuki no Megamitachi (Japan)	mixrbv2	57
Mahjong Yarou ze! (Japan)	mixrbv2	57
Mahjong Youchien Tamago-gumi 2 - Taikai e Ikou! (Japan)	mixrbv2	57
Mahjong de Asobo (Japan)	mixrbv2	57
Mahou Shoujo Fancy CoCo (Japan)	mixrbv2	57
Mahou Shoujo Pretty Samy - Part 1 - In the Earth (Japan) (Disc 1) (Episode 23)	mixrbv2	57
Mahou Shoujo Pretty Samy - Part 2 - In the Julyhelm (Japan) (Disc 1) (Episode 25)	mixrbv2	57
Mahoutsukai ni Naru Houhou (Japan)	mixrbv2	57
Mainichi Nekoyoubi (Japan)	mixrbv2	57
Majokko Daisakusen - Little Witching Mischiefs (Japan)	mixrbv2	57
Makeruna! Makendou 2 (Japan)	mixrbv2	57
Making of Nightruth, The (Japan)	mixrbv2	57
Manager de Liga (Spain)	mixrbv2	57
Manager de Liga 2001 (Spain)	mixrbv2	57
Manager de Liga 2002 (Spain)	mixrbv2	57
Maniac Moons (USA) (Proto) (1999-02-25)	mixrbv2	57
Marble Master (USA)	mixrbv2	57
Marby Baby Story (Japan)	mixrbv2	57
Marcel Desailly Pro Football (France)	mixrbv2	57
March Madness '98 (USA)	mixrbv2	57
Maria - Kimitachi ga Umareta Wake (Japan) (Disc 1)	mixrbv2	57
Maria 2 - Jutai Kokuchi no Nazo (Japan) (Disc 1)	mixrbv2	57
Marie no Atelier - Salburg no Renkinjutsushi (Japan)	mixrbv2	57
Marie no Atelier Plus - Salburg no Renkinjutsushi (Japan)	mixrbv2	57
Mario Mushano's Hyper Shogi School (Japan)	mixrbv2	57
Marionette Company (Japan)	mixrbv2	57
Marionette Company 2 Chu! (Japan)	mixrbv2	57
Marl Jong!! (Japan)	mixrbv2	57
Marl Oukoku no Ningyou-hime - The Adventure of Puppet Princess (Japan)	mixrbv2	57
Marranos en Guerra (Spain)	mixrbv2	57
Martialbeat (Japan)	mixrbv2	57
Martialbeat 2 (Japan) (Disc 1) (Disc-B)	mixrbv2	57
Martian Gothic - Unification (USA)	mixrbv2	57
Marvel Super Heroes (USA)	mixrbv2	57
Marvel Super Heroes vs. Street Fighter (USA)	mixrbv2	57
Marvel Super Heroes vs. Street Fighter - EX Edition (Japan)	mixrbv2	57
Marvel vs. Capcom - Clash of Super Heroes (USA)	mixrbv2	57
Marvel vs. Capcom - Clash of Super Heroes - EX Edition (Japan)	mixrbv2	57
Mary King's Riding Star (Europe) (En,Fr,De,Es,It,Nl,Pt)	mixrbv2	57
Mary-Kate and Ashley - Crush Course (USA)	mixrbv2	57
Mary-Kate and Ashley - Magical Mystery Mall (USA)	mixrbv2	57
Mary-Kate and Ashley - Winners Circle (USA)	mixrbv2	57
MasMon Kids - The Another World of the Master of Monsters (Japan)	mixrbv2	57
Mass Destruction (USA)	mixrbv2	57
Master of Monsters - Disciples of Gaia (USA)	mixrbv2	57
Masters - Shin Harukanaru Augusta (Japan)	mixrbv2	57
Masters Fighter, The (Japan)	mixrbv2	57
Mat Hoffman's Pro BMX (USA)	mixrbv2	57
Match Golf, The (Japan)	mixrbv2	57
Matsukata Hiroki no World Fishing (Japan)	mixrbv2	57
Matsumoto Reiji 999 - Story of Galaxy Express 999 (Japan) (Disc 1)	mixrbv2	57
Mawatte Mucho! (Japan)	mixrbv2	57
Max Power Racing (Europe)	mixrbv2	57
Max Surfing 2000 (Japan)	mixrbv2	57
Max Surfing 2nd (Japan)	mixrbv2	57
MaxRacer (Japan)	mixrbv2	57
Maximum Force (USA)	mixrbv2	57
Maze Heroes - Meikyuu Densetsu (Japan)	mixrbv2	57
MechWarrior 2 - 31st Century Combat - Arcade Combat Edition (USA)	mixrbv2	57
MechWarrior 2 - Arcade Combat Edition (Japan)	mixrbv2	57
MechWarrior 2 - Combat au 31ieme Siecle (France)	mixrbv2	57
MechWarrior 2 - Kampfspiel des 31. Jahrhunderts - Arcade Combat Edition (Germany)	mixrbv2	57
Medal of Honor (USA)	mixrbv2	57
Medal of Honor - Resistance (France)	mixrbv2	57
Medal of Honor - Underground (USA)	mixrbv2	57
Medarot R (Japan)	mixrbv2	57
Medarot R - Parts Collection (Japan)	mixrbv2	57
MediEvil (USA)	mixrbv2	57
MediEvil 2 (Europe) (En,Fr,De)	mixrbv2	57
MediEvil II (USA)	mixrbv2	57
MediEvil Special (France) (Demo)	mixrbv2	57
Mega Man - Battle & Chase (Europe)	mixrbv2	57
Mega Man 8 (USA)	mixrbv2	57
Mega Man Legends (USA)	mixrbv2	57
Mega Man Legends 2 (USA)	mixrbv2	57
Mega Man X3 (Europe)	mixrbv2	57
Mega Man X4 (USA)	mixrbv2	57
Mega Man X5 (USA)	mixrbv2	57
Mega Man X6 (USA)	mixrbv2	57
Megatudo 2096 (Japan)	mixrbv2	57
Meguri Ai shite (Japan)	mixrbv2	57
Meisha Retsuden - Greatest 70's (Japan)	mixrbv2	57
Meitantei Conan (Japan)	mixrbv2	57
Meitantei Conan - 3-nin no Meisuiri (Japan)	mixrbv2	57
Meitantei Conan - Saikou no Partner (Japan)	mixrbv2	57
Meitantei Conan - Trick Trick Vol. 1 (Japan)	mixrbv2	57
MeltyLancer - Ginga Shoujo Keisatsu 2086 (Japan)	mixrbv2	57
MeltyLancer - Re-inforce (Japan) (Disc 1)	mixrbv2	57
MeltyLancer - The 3rd Planet (Japan) (Disc 1)	mixrbv2	57
Memorial Series - Sunsoft Vol. 1 (Japan)	mixrbv2	57
Memorial Series - Sunsoft Vol. 2 (Japan)	mixrbv2	57
Memorial Series - Sunsoft Vol. 3 (Japan)	mixrbv2	57
Memorial Series - Sunsoft Vol. 4 (Japan)	mixrbv2	57
Memorial Series - Sunsoft Vol. 5 (Japan)	mixrbv2	57
Memorial Series - Sunsoft Vol. 6 (Japan)	mixrbv2	57
Memories Off (Japan)	mixrbv2	57
Memories Off 2nd (Japan) (Disc 1)	mixrbv2	57
Men in Black - The Game (Europe)	mixrbv2	57
Men in Black - The Series - Crashdown (USA)	mixrbv2	57
Menkyo o Torou (Japan)	mixrbv2	57
Meremanoid (Japan)	mixrbv2	57
Mermaid no Kisetsu (Japan) (Disc 1)	mixrbv2	57
Mermaid no Kisetsu - Curtain Call (Japan) (Disc 1)	mixrbv2	57
Merriment Carrying Caravan (Japan)	mixrbv2	57
Meru Purana (Japan)	mixrbv2	57
Meta-Ph-List Mu.X.2297 (Japan) (Disc 1)	mixrbv2	57
Metal Angel 3 (Japan) (Disc 1)	mixrbv2	57
Metal Fist (Japan)	mixrbv2	57
Metal Gear Solid (USA) (Disc 1)	mixrbv2	57
Metal Gear Solid - Integral (Japan, Asia) (En,Ja) (Disc 1)	mixrbv2	57
Metal Gear Solid - VR Missions (USA)	mixrbv2	57
Metal Jacket (Japan)	mixrbv2	57
Metal Slug - Super Vehicle-001 (Japan, Asia)	mixrbv2	57
Metal Slug X (USA)	mixrbv2	57
Metal Slug X - Super Vehicle-001 (Japan, Asia)	mixrbv2	57
Metamor Panic - Doki Doki Youma Busters!! (Japan)	mixrbv2	57
Mezase! Meimon Yakyuubu (Japan)	mixrbv2	57
Mezase! Senkyuu-ou (Japan)	mixrbv2	57
Mezase! Skymark - Challenge Airline Pilot (Japan)	mixrbv2	57
Michael Owen's World League Soccer '99 (Europe) (En,Fr,It)	mixrbv2	57
Michael Schumacher Racing World Kart 2002 (Europe) (En,Fr,De,Es,It)	mixrbv2	57
Michelin Rally Masters - Race of Champions (USA) (En,Fr,Es)	mixrbv2	57
Michinoku Hitou Koi Monogatari Kai (Japan)	mixrbv2	57
Mickey's Wild Adventure (Europe)	mixrbv2	57
Micro Machines (Japan)	mixrbv2	57
Micro Machines V3 (USA)	mixrbv2	57
Micro Maniacs (Europe) (En,Fr,De,Es,It)	mixrbv2	57
Midnight Run - Road Fighter 2 (Europe)	mixrbv2	57
Midnight in Vegas (Europe) (En,Fr,De)	mixrbv2	57
Midori no Makibao - Kuroi Inazuma Shiroi Kiseki (Japan)	mixrbv2	57
Mighty Hits (Japan)	mixrbv2	57
Mighty Hits Special (Europe) (En,Fr,De)	mixrbv2	57
Mikagura Shoujo Tanteidan (Japan) (Disc 1) (Honpen Disc Ichi)	mixrbv2	57
Mike Tyson Boxing (USA) (En,Fr,Es)	mixrbv2	57
Milano no Arbeit Collection (Japan)	mixrbv2	57
Milky Season (Japan)	mixrbv2	57
Mille Miglia (Europe) (En,Fr,De,Es,It)	mixrbv2	57
Millennium Soldier - Expendable (Europe) (En,Fr,De,Es,It)	mixrbv2	57
Million Classic (Japan) (Disc 1) (Honpen Game Sen'you)	mixrbv2	57
Minakata Hakudou Toujou (Japan) (Disc 1)	mixrbv2	57
Mini Yonku Bakusou Kyoudai Let's & Go!! WGP Hyper Heat (Japan)	mixrbv2	57
Mini-Moni. Dice de Pyon! (Japan)	mixrbv2	57
Mini-Moni. Shakatto Tambourine! da Pyon! (Japan)	mixrbv2	57
Mini-Moni. Step Pyon Pyon Pyon (Japan)	mixrbv2	57
Minna Atsumare! Igo Kyoushitsu (Japan)	mixrbv2	57
Minna no Golf (Japan, Asia)	mixrbv2	57
Minna no Golf 2 (Japan, Asia)	mixrbv2	57
Minna no Kanji Kyoushitsu - Chousen! Kanji Kentei (Japan)	mixrbv2	57
Minna no Shiiku Kyoushitsu - Kuwagata-hen (Japan)	mixrbv2	57
Minna no Takaramono - Watashi no Licca-chan - Otetsudai o Shiyou (Japan)	mixrbv2	57
Minnya de Ghost Hunter (Japan)	mixrbv2	57
Minton Keibu no Sousa File - Doukeshi Satsujin Jiken (Japan)	mixrbv2	57
Miracle Jim no Bassing Beat (Japan)	mixrbv2	57
Miracle Jumpers (Japan)	mixrbv2	57
Miracle Space Race (USA)	mixrbv2	57
Miracle World - Fushigi no Kuni no IQ Meiro (Japan)	mixrbv2	57
Misa no Mahou Monogatari (Japan) (Disc 1)	mixrbv2	57
Misadventures of Tron Bonne, The (USA)	mixrbv2	57
Misaki Aggressive! (Japan)	mixrbv2	57
Miss Spider's Tea Party (USA)	mixrbv2	57
Missile Command (USA)	mixrbv2	57
Mission - Impossible (USA) (En,Fr,Es)	mixrbv2	57
Mission, The (Europe) (En,Fr,De,Es,It,Nl,Pt)	mixrbv2	57
Missland (Japan)	mixrbv2	57
Missland 2 (Japan)	mixrbv2	57
Mitsumete Knight (Japan)	mixrbv2	57
Mitsumete Knight R - Daibouken-hen (Japan)	mixrbv2	57
Miyake Yuji Produce - Kiseki no Maya Uranai (Japan)	mixrbv2	57
Mizuki Shigeru no Youkai Butouden (Japan)	mixrbv2	57
Mizzurna Falls (Japan)	mixrbv2	57
MoHo (Europe) (En,Fr,De,Es,It)	mixrbv2	57
Mobil 1 Rally Championship (USA)	mixrbv2	57
Mobile Armor (USA)	mixrbv2	57
Mobile Light Force (USA)	mixrbv2	57
Mobile Police Patlabor - Game Edition (Japan)	mixrbv2	57
Mobile Suit Gundam (Japan)	mixrbv2	57
Mobile Suit Gundam - Char's Counterattack (Japan)	mixrbv2	57
Mobile Suit Gundam - Perfect One Year War (Japan)	mixrbv2	57
Mobile Suit Gundam - Version 2.0 (Japan)	mixrbv2	57
Mobile Suit Z-Gundam (Japan) (Disc 1)	mixrbv2	57
Mobile Tomodachi (Japan)	mixrbv2	57
Moebius Link 3D (Japan)	mixrbv2	57
Moero!! Pro Yakyuu '95 - Double Header (Japan)	mixrbv2	57
Momotarou Densetsu (Japan)	mixrbv2	57
Momotarou Dentetsu 7 (Japan)	mixrbv2	57
Momotarou Dentetsu V (Japan)	mixrbv2	57
Momotarou Matsuri - Ishikawa Rokuemon no Maki (Japan)	mixrbv2	57
Monaco Grand Prix (USA)	mixrbv2	57
Monaco Grand Prix Racing Simulation 2 (Europe) (En,Fr,Es,It)	mixrbv2	57
Monde des Bleus 2, Le (France)	mixrbv2	57
Monde des Bleus, Le - Le Jeu Officiel de l'Equipe de France (France)	mixrbv2	57
Money Idol Exchanger (Japan)	mixrbv2	57
Monkey Hero (USA)	mixrbv2	57
Monkey Magic (USA)	mixrbv2	57
Monopoly (USA)	mixrbv2	57
Monster Bass (USA)	mixrbv2	57
Monster Collection - Kamen no Madoushi (Japan)	mixrbv2	57
Monster Complete World (Japan)	mixrbv2	57
Monster Farm (Japan)	mixrbv2	57
Monster Farm 2 (Japan)	mixrbv2	57
Monster Farm Battle Card (Japan)	mixrbv2	57
Monster Farm Jump (Japan)	mixrbv2	57
Monster Punish (Japan)	mixrbv2	57
Monster Race (Japan)	mixrbv2	57
Monster Racer (Europe) (En,Fr,De,Es,It,Pt)	mixrbv2	57
Monster Rancher (USA)	mixrbv2	57
Monster Rancher 2 (USA)	mixrbv2	57
Monster Rancher Battle Card - Episode II (USA)	mixrbv2	57
Monster Rancher Hop-A-Bout (USA)	mixrbv2	57
Monster Trucks (Europe)	mixrbv2	57
MonsterSeed (USA)	mixrbv2	57
Monsters, Inc. - Monsters Academy (Japan)	mixrbv2	57
Monte Carlo Games Compendium (Europe) (Disc 1)	mixrbv2	57
Moon - Remix RPG Adventure (Japan)	mixrbv2	57
Moonlight Syndrome (Japan) (Disc 1)	mixrbv2	57
Moorhen 3 - Chicken Chase (Europe) (Es,It)	mixrbv2	57
Moorhuhn 2 - Die Jagd Geht Weiter (Germany)	mixrbv2	57
Moorhuhn Kart (Germany)	mixrbv2	57
Moorhuhn X (Germany) (En,De)	mixrbv2	57
Mori no Oukoku (Japan)	mixrbv2	57
Morita Kazurou no Chess (Japan)	mixrbv2	57
Morita Kazurou no Gomoku Narabe to Renju (Japan)	mixrbv2	57
Morita Kazurou no Hanafuda (Japan)	mixrbv2	57
Morita Kazurou no Mahjong (Japan)	mixrbv2	57
Morita Kazurou no Reversi (Japan)	mixrbv2	57
Morita Kazurou no Shougi Doujou (Japan)	mixrbv2	57
Morita Shougi (Japan)	mixrbv2	57
Moritaka Chisato - Safari Tokyo (Japan) (Disc 1)	mixrbv2	57
Mort the Chicken (USA)	mixrbv2	57
Mortal Kombat - Special Forces (USA)	mixrbv2	57
Mortal Kombat 3 (USA)	mixrbv2	57
Mortal Kombat 4 (USA)	mixrbv2	57
Mortal Kombat II (Japan)	mixrbv2	57
Mortal Kombat Mythologies - Sub-Zero (USA)	mixrbv2	57
Mortal Kombat Trilogy (USA)	mixrbv2	57
Moses - Prince of Egypt (Europe) (En,Fr,De,Nl)	mixrbv2	57
Moto Racer (USA)	mixrbv2	57
Moto Racer 2 (USA)	mixrbv2	57
Moto Racer World Tour (USA)	mixrbv2	57
Motocross Mania (USA)	mixrbv2	57
Motocross Mania 2 (USA)	mixrbv2	57
Motor Mash (Europe) (En,Fr,De)	mixrbv2	57
Motor Toon Grand Prix (USA)	mixrbv2	57
Motor Toon Grand Prix - USA Edition (Japan)	mixrbv2	57
Motor Toon Grand Prix 2 (Europe)	mixrbv2	57
Motorhead (USA)	mixrbv2	57
Motteke Tamago with Ganbare! Kamonohashi (Japan)	mixrbv2	57
Motto Trump Shiyou yo! i-Mode de Grand Prix (Japan)	mixrbv2	57
Motto! Nyan to Wonderful 2 (Japan)	mixrbv2	57
Mouja (Japan)	mixrbv2	57
Mouri Motonari - Chikai no Sanshi (Japan)	mixrbv2	57
Mr. Driller (USA)	mixrbv2	57
Mr. Driller G (Japan)	mixrbv2	57
Mr. Prospector - Horiate-kun (Japan)	mixrbv2	57
Ms. Pac-Man Maze Madness (USA)	mixrbv2	57
Mummy, The (USA)	mixrbv2	57
Muppet Monster Adventure (USA)	mixrbv2	57
Muppet RaceMania (USA)	mixrbv2	57
Murakoshi Seikai no Bakuchou Nihon Rettou (Japan)	mixrbv2	57
Murakoshi Seikai no Bakuchou Nihon Rettou 2 (Japan)	mixrbv2	57
Murakoshi Seikai no Bakuchou SeaBass Fishing (Japan) (Disc 1)	mixrbv2	57
Mushi no Idokoro (Japan)	mixrbv2	57
Mushitarou (Japan)	mixrbv2	57
Music - Music Creation for the PlayStation (Europe) (En,Fr,De,Es,It)	mixrbv2	57
Music 2000 (Europe) (En,Fr,De,Es,It)	mixrbv2	57
Muteki-ou Tri-Zenon (Japan)	mixrbv2	57
My Disney Kitchen (USA)	mixrbv2	57
My Dream - On Air ga Matenakute (Japan) (Disc 1)	mixrbv2	57
My Garden (Japan)	mixrbv2	57
My Home Dream (Japan)	mixrbv2	57
My Home Dream 2 - Niwatsuki Ikkodate de, Ikou! (Japan)	mixrbv2	57
Myst (USA)	mixrbv2	57
Mystic Ark - Maboroshi Gekijou (Japan)	mixrbv2	57
Mystic Dragoons, The (Japan)	mixrbv2	57
Mystic Mind - Yureru Omoi (Japan) (Disc 1)	mixrbv2	57
N Gauge Unten Kibun Game - Gatan Goton (Japan)	mixrbv2	57
N-Gen Racing (USA)	mixrbv2	57
N2O - Nitrous Oxide (USA)	mixrbv2	57
NASCAR 2000 (USA)	mixrbv2	57
NASCAR 2001 (USA)	mixrbv2	57
NASCAR 98 (USA)	mixrbv2	57
NASCAR 98 Collector's Edition (USA)	mixrbv2	57
NASCAR 99 (USA)	mixrbv2	57
NASCAR 99 Legacy (USA)	mixrbv2	57
NASCAR Heat (USA)	mixrbv2	57
NASCAR Racing (USA)	mixrbv2	57
NASCAR Racing - Season 96 (Japan)	mixrbv2	57
NASCAR Rumble (USA, Canada)	mixrbv2	57
NASCAR Thunder 2002 (USA, Canada)	mixrbv2	57
NASCAR Thunder 2003 (USA)	mixrbv2	57
NASCAR Thunder 2004 (USA)	mixrbv2	57
NBA Basketball 2000 (USA)	mixrbv2	57
NBA Fastbreak '98 (USA)	mixrbv2	57
NBA Hangtime (USA)	mixrbv2	57
NBA Hoopz (USA)	mixrbv2	57
NBA Jam - Tournament Edition (USA)	mixrbv2	57
NBA Jam Extreme (USA)	mixrbv2	57
NBA Live 2000 (USA)	mixrbv2	57
NBA Live 2001 (USA)	mixrbv2	57
NBA Live 2002 (USA, Canada)	mixrbv2	57
NBA Live 2003 (USA)	mixrbv2	57
NBA Live 96 (USA)	mixrbv2	57
NBA Live 97 (USA)	mixrbv2	57
NBA Live 98 (USA)	mixrbv2	57
NBA Live 99 (USA)	mixrbv2	57
NBA Power Dunkers (Japan)	mixrbv2	57
NBA Power Dunkers 2 (Japan)	mixrbv2	57
NBA Power Dunkers 3 (Japan, Asia)	mixrbv2	57
NBA Power Dunkers 4 (Japan)	mixrbv2	57
NBA Power Dunkers 5 (Japan)	mixrbv2	57
NBA Pro 98 (Europe)	mixrbv2	57
NBA Pro 99 (Europe)	mixrbv2	57
NBA Shoot Out '97 (USA)	mixrbv2	57
NBA Shoot Out (USA)	mixrbv2	57
NBA ShootOut 2000 (USA)	mixrbv2	57
NBA ShootOut 2001 (USA)	mixrbv2	57
NBA ShootOut 2002 (USA)	mixrbv2	57
NBA ShootOut 2003 (USA)	mixrbv2	57
NBA ShootOut 2004 (USA)	mixrbv2	57
NBA ShootOut 98 (USA)	mixrbv2	57
NBA Showtime - NBA on NBC (USA)	mixrbv2	57
NBA in the Zone '98 (USA)	mixrbv2	57
NBA in the Zone '99 (USA)	mixrbv2	57
NBA in the Zone (USA)	mixrbv2	57
NBA in the Zone 2 (USA)	mixrbv2	57
NBA in the Zone 2000 (USA)	mixrbv2	57
NCAA Basketball Final Four 97 (USA)	mixrbv2	57
NCAA Final Four 2000 (USA)	mixrbv2	57
NCAA Final Four 2001 (USA)	mixrbv2	57
NCAA Final Four 99 (USA)	mixrbv2	57
NCAA Football 2000 (USA)	mixrbv2	57
NCAA Football 2001 (USA)	mixrbv2	57
NCAA Football 98 (USA)	mixrbv2	57
NCAA Football 99 (USA)	mixrbv2	57
NCAA Football GameBreaker (USA)	mixrbv2	57
NCAA GameBreaker 2000 (USA)	mixrbv2	57
NCAA GameBreaker 2001 (USA)	mixrbv2	57
NCAA GameBreaker 98 (USA)	mixrbv2	57
NCAA GameBreaker 99 (USA)	mixrbv2	57
NCAA March Madness 2000 (USA)	mixrbv2	57
NCAA March Madness 2001 (USA)	mixrbv2	57
NCAA March Madness 99 (USA)	mixrbv2	57
NFL Blitz (USA)	mixrbv2	57
NFL Blitz 2000 (USA)	mixrbv2	57
NFL Blitz 2001 (USA)	mixrbv2	57
NFL Full Contact (USA)	mixrbv2	57
NFL GameDay (USA)	mixrbv2	57
NFL GameDay 2000 (USA)	mixrbv2	57
NFL GameDay 2001 (USA)	mixrbv2	57
NFL GameDay 2002 (USA)	mixrbv2	57
NFL GameDay 2003 (USA, Canada)	mixrbv2	57
NFL GameDay 2004 (USA)	mixrbv2	57
NFL GameDay 2005 (USA)	mixrbv2	57
NFL GameDay 97 (USA)	mixrbv2	57
NFL GameDay 98 (USA)	mixrbv2	57
NFL GameDay 99 (USA)	mixrbv2	57
NFL Quarterback Club '97 (USA)	mixrbv2	57
NFL Xtreme (USA)	mixrbv2	57
NFL Xtreme 2 (USA)	mixrbv2	57
NHL 2000 (USA)	mixrbv2	57
NHL 2001 (USA)	mixrbv2	57
NHL 97 (USA)	mixrbv2	57
NHL 98 (USA)	mixrbv2	57
NHL 99 (USA)	mixrbv2	57
NHL Blades of Steel 2000 (USA)	mixrbv2	57
NHL Breakaway 98 (USA)	mixrbv2	57
NHL Championship 2000 (USA)	mixrbv2	57
NHL Face Off '97 (USA)	mixrbv2	57
NHL Face Off (USA)	mixrbv2	57
NHL FaceOff 2000 (USA)	mixrbv2	57
NHL FaceOff 2001 (USA)	mixrbv2	57
NHL FaceOff 98 (USA)	mixrbv2	57
NHL FaceOff 99 (USA)	mixrbv2	57
NHL Open Ice - 2 on 2 Challenge (USA)	mixrbv2	57
NHL Powerplay '96 (USA)	mixrbv2	57
NHL Powerplay (Europe)	mixrbv2	57
NHL Powerplay 98 (USA) (En,Fr,De)	mixrbv2	57
NHL Rock the Rink (USA)	mixrbv2	57
Nagano Winter Olympics '98 (USA)	mixrbv2	57
Nage Libre - Rasen no Soukoku (Japan)	mixrbv2	57
Nainai no Meitantei (Japan)	mixrbv2	57
Najavu no Daibouken - My Favorite Namjatown (Japan)	mixrbv2	57
Nakajima Miyuki - Namiromu (Japan)	mixrbv2	57
Namco Anthology 1 (Japan)	mixrbv2	57
Namco Anthology 2 (Japan)	mixrbv2	57
Namco Museum Encore (Japan)	mixrbv2	57
Namco Museum Vol. 1 (USA)	mixrbv2	57
Namco Museum Vol. 2 (USA)	mixrbv2	57
Namco Museum Vol. 3 (USA)	mixrbv2	57
Namco Museum Vol. 4 (USA)	mixrbv2	57
Namco Museum Vol. 5 (USA)	mixrbv2	57
Namco Soccer Prime Goal (Europe)	mixrbv2	57
Namco Tennis Smash Court (Europe)	mixrbv2	57
Nanatsu no Hikan (Japan) (Disc 1)	mixrbv2	57
Naniwa Kinyuudou - Aoki Yuji no Seken Munazanyou (Japan)	mixrbv2	57
Naniwa no Akindo - Futte Nanbo no Saikoro Jinsei (Japan)	mixrbv2	57
NanoTek Warrior (USA)	mixrbv2	57
Naruto - Shinobi no Sato no Jintori Gassen (Japan)	mixrbv2	57
Natsuiro Kenjutsu Komachi (Japan) (Disc 1) (Shokai Gentei Seisanban)	mixrbv2	57
Navit (Japan)	mixrbv2	57
Nazoou (Japan)	mixrbv2	57
Necronomicon - Das Mysterium der Daemmerung (Germany) (Disc 1)	mixrbv2	57
Necronomicon - El Alba de las Tinieblas (Spain) (Disc 1)	mixrbv2	57
Necronomicon - Ispirato alle opere di H.P. Lovecraft (Italy) (Disc 1)	mixrbv2	57
Necronomicon - L'Aube des Tenebres (France) (Disc 1)	mixrbv2	57
Necronomicon - The Dawning of Darkness (Europe) (Disc 1)	mixrbv2	57
Nectaris (Japan)	mixrbv2	57
Nectaris - Military Madness (USA)	mixrbv2	57
Need for Speed - High Stakes (USA)	mixrbv2	57
Need for Speed - Porsche 2000 (Europe) (En,De,Sv)	mixrbv2	57
Need for Speed - Porsche Unleashed (USA)	mixrbv2	57
Need for Speed - Road Challenge (Europe) (En,Sv)	mixrbv2	57
Need for Speed - V-Rally (USA)	mixrbv2	57
Need for Speed - V-Rally 2 (USA)	mixrbv2	57
Need for Speed II (USA)	mixrbv2	57
Need for Speed III - Hot Pursuit (USA)	mixrbv2	57
Nekketsu Oyako (Japan)	mixrbv2	57
Neko Zamurai (Japan) (Disc 1)	mixrbv2	57
Neko na Ka-N-Ke-I (Japan)	mixrbv2	57
Nemuru Mayu (Japan)	mixrbv2	57
Neo Atlas (Japan)	mixrbv2	57
Neo Atlas II (Japan)	mixrbv2	57
Neo Planet (Japan)	mixrbv2	57
Neorude (Japan) (Disc 1) (Game Disc)	mixrbv2	57
Neorude - Kizamareta Monshou (Japan)	mixrbv2	57
Neorude 2 (Japan)	mixrbv2	57
Nessa no Hoshi (Japan) (Disc 1)	mixrbv2	57
Netz Magazine - Altezza (Japan)	mixrbv2	57
Netz Magazine - Vitz (Japan)	mixrbv2	57
Neues (Japan)	mixrbv2	57
Newcomer - Be a Popstar (Germany)	mixrbv2	57
Newman Haas Racing (USA)	mixrbv2	57
Next King - Koi no Sennen Oukoku (Japan)	mixrbv2	57
Next Tetris DLX, The (Japan)	mixrbv2	57
Next Tetris, The (USA)	mixrbv2	57
Nibiiro no Koubou - 32-nin no Senshachou (Japan)	mixrbv2	57
Nice Cats (Europe) (En,Fr,De,Nl)	mixrbv2	57
Nice Price Series Vol. 01 - Nihon Pro Mahjong Renmei Kounin - Honkaku Pro Mahjong (Japan)	mixrbv2	57
Nice Price Series Vol. 02 - Honkaku Shougi Shinan (Japan)	mixrbv2	57
Nice Price Series Vol. 03 - Hanafuda & Card Game (Japan)	mixrbv2	57
Nice Price Series Vol. 04 - Billiard King (Japan)	mixrbv2	57
Nice Price Series Vol. 05 - Chess & Reversi (Japan)	mixrbv2	57
Nice Price Series Vol. 06 - Quiz de Battle (Japan)	mixrbv2	57
Nice Price Series Vol. 07 - World Tournament Bowling (Japan)	mixrbv2	57
Nice Price Series Vol. 08 - Elemental Pinball (Japan)	mixrbv2	57
Nice Price Series Vol. 09 - Paradise Casino (Japan)	mixrbv2	57
Nice Price Series Vol. 10 - Igo o Utou! (Japan)	mixrbv2	57
Nice Price Series Vol. 11 - Nikakudori Deluxe (Japan)	mixrbv2	57
Nichibutsu Arcade Classics (Japan)	mixrbv2	57
Nichibutsu Mahjong - Joshikou Meijinsen (Japan)	mixrbv2	57
Nick Jr. Dora the Explorer - Barnyard Buddies (USA)	mixrbv2	57
Nickelodeon Les Razmoket - 100% Angelica (France)	mixrbv2	57
Nickelodeon Les Razmoket - A la Recherche de Reptar (France)	mixrbv2	57
Nickelodeon Les Razmoket - Font leur Cinema (France)	mixrbv2	57
Nickelodeon Les Razmoket a Paris - Le Film (France)	mixrbv2	57
Nickelodeon Rocket Power - Sauvetage Extreme (France)	mixrbv2	57
Nickelodeon Rocket Power - Team Rocket Rescue (USA)	mixrbv2	57
Nickelodeon Rugrats - Alla Ricerca di Reptar (Italy)	mixrbv2	57
Nickelodeon Rugrats - Auf der Suche nach Reptar (Germany)	mixrbv2	57
Nickelodeon Rugrats - Excursion al estudio (Spain)	mixrbv2	57
Nickelodeon Rugrats - La Busqueda de Reptar (Spain)	mixrbv2	57
Nickelodeon Rugrats - Search for Reptar (USA)	mixrbv2	57
Nickelodeon Rugrats - Studio Tour (USA)	mixrbv2	57
Nickelodeon Rugrats - Totally Angelica (USA)	mixrbv2	57
Nickelodeon Rugrats en Paris - La pelicula (Spain)	mixrbv2	57
Nickelodeon Rugrats in Paris - The Movie (USA)	mixrbv2	57
Nickelodeon SpongeBob SquarePants - SuperSponge (USA)	mixrbv2	57
Nicktoons Racing (USA)	mixrbv2	57
Night Head - The Labyrinth (Japan)	mixrbv2	57
Night Raid (Japan)	mixrbv2	57
Night Striker (Japan)	mixrbv2	57
Nightmare Creatures (USA)	mixrbv2	57
Nightmare Creatures II (USA)	mixrbv2	57
Nightmare Project - Yakata (Japan) (Disc 1)	mixrbv2	57
Nihon Pro Golf Kyoukai Kanshuu - Double Eagle (Japan)	mixrbv2	57
Nihon Pro Mahjong Renmei Kounin - Doujou Yaburi (Japan)	mixrbv2	57
Nihon Pro Mahjong Renmei Kounin - Doujou Yaburi 2 (Japan)	mixrbv2	57
Nihon Pro Mahjong Renmei Kounin - Honkaku Pro Mahjong - Shin Tetsuman (Japan)	mixrbv2	57
Nihon Pro Mahjong Renmei Kounin - Tehodoki Mahjong Nyuumon-hen (Japan)	mixrbv2	57
Nihon Sumou Kyoukai Kounin - Nihon Oozumou (Japan)	mixrbv2	57
Nijiiro Dodgeball - Otometachi no Seishun (Japan)	mixrbv2	57
Nijiiro Twinkle - Guru Guru Daisakusen (Japan)	mixrbv2	57
Ningyo no Rakuin (Japan)	mixrbv2	57
Ninja - L'Ombre des Tenebres (France)	mixrbv2	57
Ninja - Shadow of Darkness (USA)	mixrbv2	57
Ninja Jajamaru-kun - Onigiri Ninpouchou (Japan)	mixrbv2	57
Ninkuu (Japan)	mixrbv2	57
Ninpuu Sentai Hurricanger (Japan)	mixrbv2	57
Ninteiou - Zen Nihon Tsume Shougi Renmei Kaichou Okada Toshi no Tsume Shougi Kyoushitsu (Japan)	mixrbv2	57
Nishijin Pachinko Tengoku EX (Japan)	mixrbv2	57
Nishijin Pachinko Tengoku Vol. 1 (Japan)	mixrbv2	57
Nishijin Pachinko Tengoku Vol. 2 (Japan)	mixrbv2	57
Nishijin Pachinko Tengoku Vol. 3 (Japan)	mixrbv2	57
Nishijin Pachinko Tettei Kouryaku - CR Hanaman Sokuhou & CR Obake Land (Japan)	mixrbv2	57
Nissan Presents - Over Drivin' - Skyline Memorial (Japan)	mixrbv2	57
No Fear Downhill Mountain Bike Racing (USA)	mixrbv2	57
No Fear Downhill Mountain Biking (Europe) (En,Fr,De,Es,It,Sv)	mixrbv2	57
No One Can Stop Mr. Domino (USA)	mixrbv2	57
No-appointment Gals Olympos - Apo Nashi Gals Olympos (Japan)	mixrbv2	57
Nobunaga Hiroku - Geten no Yume (Japan)	mixrbv2	57
Nobunaga Shippuuki - Kirameki (Japan)	mixrbv2	57
Nobunaga no Yabou - Bushou Fuuunroku (Japan)	mixrbv2	57
Nobunaga no Yabou - Haouden (Japan)	mixrbv2	57
Nobunaga no Yabou - Reppuuden (Japan)	mixrbv2	57
Nobunaga no Yabou - Returns (Japan)	mixrbv2	57
Nobunaga no Yabou - Sengoku Gunyuuden (Japan)	mixrbv2	57
Nobunaga no Yabou - Shouseiroku (Japan)	mixrbv2	57
Nobunaga no Yabou - Tenshouki (Japan)	mixrbv2	57
Nobunaga no Yabou - Zenkokuban (Japan)	mixrbv2	57
Noddy - Una Aventura Magica (Spain)	mixrbv2	57
Noddy's Magic Adventure (Europe) (En,Fr)	mixrbv2	57
Noel - La Neige (Japan) (Disc 1)	mixrbv2	57
Noel - La Neige Special (Japan)	mixrbv2	57
Noel - Not Digital (Japan) (Disc 1)	mixrbv2	57
Noel 3 - Mission on the Line (Japan) (Disc 1)	mixrbv2	57
Noon (Japan)	mixrbv2	57
Norse by Norsewest - The Return of the Lost Vikings (USA)	mixrbv2	57
Not Treasure Hunter (Japan)	mixrbv2	57
Notam of Wind (Japan, Asia)	mixrbv2	57
Note, The (Europe) (En,Fr,De,Es,It)	mixrbv2	57
Novastorm (USA) (Disc 1)	mixrbv2	57
Novels - Game Center Arashi R (Japan)	mixrbv2	57
NuPa - Numeric Paint Puzzle (Japan)	mixrbv2	57
Nuclear Strike (USA)	mixrbv2	57
Nukumori no Naka de - In the Warmth (Japan)	mixrbv2	57
Nurse Story (Japan)	mixrbv2	57
Nyan to Wonderful (Japan)	mixrbv2	57
O.D.T. (USA)	mixrbv2	57
Oasis Road (Japan)	mixrbv2	57
Ocha no Ma Battle (Japan)	mixrbv2	57
Oda Nobunaga Den (Japan)	mixrbv2	57
Oddworld - Abe's Exoddus (USA) (Disc 1)	mixrbv2	57
Oddworld - Abe's Exoddus + Duke Nukem - Time to Kill + B-Movie (Europe) (Demo)	mixrbv2	57
Oddworld - Abe's Oddysee (USA)	mixrbv2	57
Oddworld - L'Exode d'Abe (France) (Disc 1)	mixrbv2	57
Oddworld - L'Odyssee d'Abe (France)	mixrbv2	57
Odo Odo Oddity (Japan)	mixrbv2	57
Oehlins Hyper-Rally (Japan)	mixrbv2	57
Off-World Interceptor Extreme (USA)	mixrbv2	57
Ogre Battle - Limited Edition (USA)	mixrbv2	57
Oh No! (Japan)	mixrbv2	57
Oh! Bakyuuun (Japan)	mixrbv2	57
Oh-chan no Oekaki Logic (Japan)	mixrbv2	57
Oh-chan no Oekaki Logic 2 (Japan)	mixrbv2	57
Oh-chan no Oekaki Logic 3 (Japan)	mixrbv2	57
Oha Suta Dance Dance Revolution (Japan)	mixrbv2	57
Oja Majo DoReMi Dokkan! Nijiiro ParaDice (Japan)	mixrbv2	57
Ojousama Express (Japan) (Disc 1)	mixrbv2	57
Okappari-ou (Japan)	mixrbv2	57
Olympia, Takasago - Virtua Pachi-Slot III (Japan)	mixrbv2	57
Olympia, Yamasa - Virtua Pachi-Slot II - Jissen! Bishoujo Kouryakuhou (Japan)	mixrbv2	57
Olympic Games (Europe) (En,Fr,De,Es,It)	mixrbv2	57
Olympic Soccer (USA)	mixrbv2	57
Olympic Summer Games (USA)	mixrbv2	57
Omega Assault (Europe)	mixrbv2	57
Omega Boost (USA)	mixrbv2	57
Omiai Commando - Ba-Couple ni Tsukkomi o (Japan)	mixrbv2	57
Omise de Tenshu (Japan)	mixrbv2	57
Omizu no Hanamichi (Japan)	mixrbv2	57
One (USA)	mixrbv2	57
One Piece Mansion (USA)	mixrbv2	57
One Two Smash - Tanoshii Tennis (Japan)	mixrbv2	57
Ongaku Tkool 3 (Japan)	mixrbv2	57
Oni Taiji!!, The - Mezase! Nidaime Momotarou (Japan)	mixrbv2	57
Onside Complete Soccer (Europe) (En,Fr,De,Es)	mixrbv2	57
Ooedo Fuusui Ingaritsu - Hanabi 2 (Japan)	mixrbv2	57
Ooumi Nobunaga Den - Geten II (Japan)	mixrbv2	57
Open Golf, The - History of Turnberry (Japan)	mixrbv2	57
Option - Tuning Car Battle (Japan)	mixrbv2	57
Option - Tuning Car Battle 2 (Japan)	mixrbv2	57
Option - Tuning Car Battle Spec R (Japan)	mixrbv2	57
Oracle no Houseki - Jewels of the Oracle (Japan) (En,Ja,Fr,De)	mixrbv2	57
Ore no Ryouri (Japan)	mixrbv2	57
Ore no Shikabane o Koete Yuke (Japan)	mixrbv2	57
Ore no Yotto - Ganbare! Nippon Challenge (Japan) (En,Ja)	mixrbv2	57
Ore! Tomba (Japan)	mixrbv2	57
Osaka Naniwa Matenrou (Japan)	mixrbv2	57
Oshigoto-shiki Jinsei Game - Mezase Shokugyou King (Japan)	mixrbv2	57
Otenki Kororin (Japan)	mixrbv2	57
Othello World II - Yume to Michi e no Chousen (Japan)	mixrbv2	57
Other Life Azure Dreams (Japan, Asia)	mixrbv2	57
Otogi Story - Tenshi no Shippo (Japan)	mixrbv2	57
Otona no Asobi (Japan)	mixrbv2	57
Oujisama Lv1 (Japan)	mixrbv2	57
Oujisama Lv1.5 - Oujisama no Tamago (Japan)	mixrbv2	57
Oukyuu no Hihou Tension (Japan)	mixrbv2	57
Oumagatoki (Japan)	mixrbv2	57
Oumagatoki 2 (Japan)	mixrbv2	57
Our Graduation - Mahjong de Pon! Hanafuda de Koi! (Japan) (Disc 1) (Mahjong de Pon!)	mixrbv2	57
Out Live - Be Eliminate Yesterday (Japan)	mixrbv2	57
Over Drivin' DX (Japan)	mixrbv2	57
Over Drivin' II (Japan)	mixrbv2	57
Over Drivin' III - Hot Pursuit (Japan)	mixrbv2	57
Over Drivin' IV (Japan)	mixrbv2	57
OverBlood (USA)	mixrbv2	57
OverBlood 2 (Europe) (Disc 1)	mixrbv2	57
Overboard! (Europe)	mixrbv2	57
Oyaji no Jikan - Nee-chan Hanafuda de Shoubu ya! (Japan)	mixrbv2	57
Oyaji no Jikan - Nee-chan Mahjong de Shoubu ya! (Japan)	mixrbv2	57
Oyaji no Jikan - Nee-chan Tsuri Iku de! (Japan)	mixrbv2	57
Oyako Entertainment Series - TV Kamishibai Vol. 1 (Japan)	mixrbv2	57
Oz no Mahoutsukai - Another World - Rung Rung (Japan)	mixrbv2	57
PAQA (Japan)	mixrbv2	57
PD Ultraman Invader (Japan)	mixrbv2	57
PGA European Tour Golf (Europe) (En,De)	mixrbv2	57
PGA Tour 96 (USA)	mixrbv2	57
PGA Tour 97 (USA)	mixrbv2	57
PGA Tour 98 (USA)	mixrbv2	57
PO'ed (USA)	mixrbv2	57
PaRappa the Rapper (USA) (En,Fr,De,Es,It)	mixrbv2	57
PaRappa the Rapper - The Hip Hop Hero (Europe) (En,Fr,De,Es,It)	mixrbv2	57
Pac-Man World - 20th Anniversary (USA)	mixrbv2	57
Paca Paca Passion (Japan)	mixrbv2	57
Paca Paca Passion 2 (Japan)	mixrbv2	57
Paca Paca Passion Special (Japan)	mixrbv2	57
Pachi Pachi Saga (Japan)	mixrbv2	57
Pachi Slot Teiou - Big Wave, Pika Gorou, BB Junky 7 (Japan)	mixrbv2	57
Pachi Slot Teiou W - Arabesque R, Hot Rod Queen (Japan)	mixrbv2	57
Pachi-Slot Aruze Oukoku (Japan)	mixrbv2	57
Pachi-Slot Aruze Oukoku 2 (Japan)	mixrbv2	57
Pachi-Slot Aruze Oukoku 3 (Japan)	mixrbv2	57
Pachi-Slot Aruze Oukoku 4 (Japan)	mixrbv2	57
Pachi-Slot Aruze Oukoku 5 (Japan)	mixrbv2	57
Pachi-Slot Aruze Oukoku 7 (Japan) (Disc 2) (4th Reel Disc)	mixrbv2	57
Pachi-Slot Kanzen Kaiseki - Wai Wai Pulsar 2 & 77 2 (Japan)	mixrbv2	57
Pachi-Slot Kanzen Kouryaku - Aruze Koushiki Guide Volume 4 (Japan)	mixrbv2	57
Pachi-Slot Kanzen Kouryaku - Cranky Pro (Japan)	mixrbv2	57
Pachi-Slot Kanzen Kouryaku - Takasago Super Project (Japan)	mixrbv2	57
Pachi-Slot Kanzen Kouryaku - Takasago Super Project 2 (Japan)	mixrbv2	57
Pachi-Slot Kanzen Kouryaku - Universal Koushiki Guide Volume 1 (Japan)	mixrbv2	57
Pachi-Slot Kanzen Kouryaku - Universal Koushiki Guide Volume 2 (Japan)	mixrbv2	57
Pachi-Slot Kanzen Kouryaku - Universal Koushiki Guide Volume 3 (Japan)	mixrbv2	57
Pachi-Slot Master - Sammy SP (Japan)	mixrbv2	57
Pachi-Slot Teiou - Battle Knight, Atlantis Doom (Japan)	mixrbv2	57
Pachi-Slot Teiou - Beat the Dragon 2 (Japan)	mixrbv2	57
Pachi-Slot Teiou - Bunny Girl SP (Japan)	mixrbv2	57
Pachi-Slot Teiou - Dateline Pegasus (Japan)	mixrbv2	57
Pachi-Slot Teiou - Golgo 13, Las Vegas (Japan)	mixrbv2	57
Pachi-Slot Teiou - Maker Suishou Manual Vol. 2 - Ice Story (Japan)	mixrbv2	57
Pachi-Slot Teiou - Maker Suishou Manual Vol. 3 - I'm Angel - White 2 & Blue 2 (Japan)	mixrbv2	57
Pachi-Slot Teiou - Maker Suishou Manual Vol. 4 - Exhaust, Ooedo Sakura Fubuki 2 (Japan)	mixrbv2	57
Pachi-Slot Teiou - Maker Suishou Manual Vol. 5 - Race Queen 2, Tomcat (Japan)	mixrbv2	57
Pachi-Slot Teiou - Maker Suishou Manual Vol. 6 - Takarabune (Japan)	mixrbv2	57
Pachi-Slot Teiou - Maker Suishou Manual Vol. 7 - Trick Monster 2 (Japan)	mixrbv2	57
Pachi-Slot Teiou - Naniwa Sakura Fubuki (Japan)	mixrbv2	57
Pachi-Slot Teiou - Shimauta-30, Twist, Nangoku Monogatari-30 (Japan)	mixrbv2	57
Pachi-Slot Teiou - Yamasa Remix (Japan)	mixrbv2	57
Pachi-Slot Teiou 2 - Kagetsu, Two Pair, Beaver X (Japan)	mixrbv2	57
Pachi-Slot Teiou 3 - Sea Master X, Epsilon R, Wai Wai Pulsar 2 (Japan)	mixrbv2	57
Pachi-Slot Teiou 4 - Oicho Kaba X, Magical Pops, LequiO-30 (Japan)	mixrbv2	57
Pachi-Slot Teiou 5 - Kongdom, Super Star Dust 2, Flying Momonga (Japan)	mixrbv2	57
Pachi-Slot Teiou 6 - Kung-Fu Lady, BangBang, Prelude 2 (Japan)	mixrbv2	57
Pachi-Slot Teiou 7 - Maker Suishou Manual Vol. 1 - Beat the Dragon 2, Lupin Sansei, Hot Rod Queen (Japan)	mixrbv2	57
Pachi-Slot Teiou Mini - Dr. A7 (Japan)	mixrbv2	57
Pachinko Dream (Japan)	mixrbv2	57
Pachinko Hall - Shinsou Daikaiten (Japan)	mixrbv2	57
Pachinko Teiou - CR Sore Ute Hama-chan 2 & CR Sore Yuke Matchan S (Japan)	mixrbv2	57
Pachio-kun - Pachinko Land Daibouken (Japan)	mixrbv2	57
Pachitte Chonmage - Ouendan & C. C. Girls (Japan)	mixrbv2	57
Pachitte Chonmage 2 - Kyoraku Kounin Tanukichi 2000 & Jungle P (Japan)	mixrbv2	57
Pachitte Chonmage 3 - Kyoraku Kounin Gladiator & Tama-chan (Japan)	mixrbv2	57
Pajama Sam - You Are What You Eat from Your Head to Your Feet (USA)	mixrbv2	57
Pal - Shinken Densetsu (Japan)	mixrbv2	57
Palm Town (Japan)	mixrbv2	57
Pandemonium 2 (USA)	mixrbv2	57
Pandemonium! (USA)	mixrbv2	57
Pandora Max Series Vol. 1 - Dragon Knights Glorious (Japan)	mixrbv2	57
Pandora Max Series Vol. 2 - Shisha no Yobu Yakata (Japan)	mixrbv2	57
Pandora Max Series Vol. 3 - Rubbish Blazon (Japan)	mixrbv2	57
Pandora Max Series Vol. 4 - Catch! Kimochi Sensation (Japan)	mixrbv2	57
Pandora Max Series Vol. 5 - Gochachiru (Japan)	mixrbv2	57
Pandora Max Series Vol. 6 - Oni Zero - Fukkatsu (Japan)	mixrbv2	57
Pandora Project - The Logic Master (Japan)	mixrbv2	57
Panekit - Infinitive Crafting Toy Case (Japan)	mixrbv2	57
Panel Quiz Attack 25 (Japan)	mixrbv2	57
Panzer Bandit (Japan)	mixrbv2	57
Panzer Front (USA)	mixrbv2	57
Panzer Front bis. (Japan)	mixrbv2	57
Panzer General (USA)	mixrbv2	57
Pao Leeming Kanshuu - Fuusui Nyuumon (Japan)	mixrbv2	57
Paradise Casino (Europe)	mixrbv2	57
Paranoia Scape (Japan)	mixrbv2	57
Parasite Eve (USA) (Disc 1)	mixrbv2	57
Parasite Eve II (USA, Canada) (Disc 1)	mixrbv2	57
Paris-Marseille Racing (France)	mixrbv2	57
Paris-Marseille Racing II (France)	mixrbv2	57
Parlor Station (Japan)	mixrbv2	57
Parlor! Pro (Japan)	mixrbv2	57
Parlor! Pro 2 (Japan)	mixrbv2	57
Parlor! Pro 3 (Japan)	mixrbv2	57
Parlor! Pro 4 (Japan)	mixrbv2	57
Parlor! Pro 5 (Japan)	mixrbv2	57
Parlor! Pro 6 (Japan)	mixrbv2	57
Parlor! Pro 7 (Japan)	mixrbv2	57
Parlor! Pro 8 (Japan)	mixrbv2	57
Parlor! Pro Collection (Japan)	mixrbv2	57
Parlor! Pro Jr. Collection (Japan)	mixrbv2	57
Parlor! Pro Jr. Vol. 1 - CR Dera Maitta J-3 (Japan)	mixrbv2	57
Parlor! Pro Jr. Vol. 2 - CR Lupin Sansei K (Japan)	mixrbv2	57
Parlor! Pro Jr. Vol. 3 - CR Shin Pikaichi Tengoku T (Japan)	mixrbv2	57
Parlor! Pro Jr. Vol. 4 - Thunder Skeleton X (Japan)	mixrbv2	57
Parlor! Pro Jr. Vol. 5 - CR Fruit World X (Japan)	mixrbv2	57
Parlor! Pro Jr. Vol. 6 - CR Tsumo Tsumo Tengoku Nan 2-kyoku (Japan)	mixrbv2	57
Parlor! Pro Special - CR Harenchi Gakuen & CR Toukon (Japan)	mixrbv2	57
Paro Wars (Japan)	mixrbv2	57
Parodius (Europe)	mixrbv2	57
Pastel Muses (Japan)	mixrbv2	57
Patriotic Pinball (USA)	mixrbv2	57
Pax Corpus (Europe) (En,Fr,De)	mixrbv2	57
Peak Performance (USA)	mixrbv2	57
Pebble Beach no Hatou Plus (Japan)	mixrbv2	57
Penny Racers (Europe)	mixrbv2	57
Pepsiman (Japan)	mixrbv2	57
Perfect Assassin (Europe) (En,Fr,De,Es,It)	mixrbv2	57
Perfect Fishing - Bass Tsuri (Japan)	mixrbv2	57
Perfect Fishing - Isozuri (Japan)	mixrbv2	57
Perfect Golf 2 (Japan)	mixrbv2	57
Perfect Performer - The Yellow Monkey (Japan)	mixrbv2	57
Perfect Weapon (USA)	mixrbv2	57
Persona (USA)	mixrbv2	57
Persona 2 - Eternal Punishment (USA)	mixrbv2	57
Persona 2 - Tsumi - Innocent Sin (Japan)	mixrbv2	57
Pet Pet Pet (Japan)	mixrbv2	57
Pet in TV (Europe)	mixrbv2	57
Pet in TV - With My Dear Dog (Japan)	mixrbv2	57
Peter Jacobsen's Golden Tee Golf (USA)	mixrbv2	57
Peter Pan in Disney's Return to Never Land (USA)	mixrbv2	57
Petit Dinosaure, Le - Retour vers la Grande Vallee (France)	mixrbv2	57
Phat Air - Extreme Snowboarding (Europe)	mixrbv2	57
Philosoma (USA)	mixrbv2	57
Phix - The Adventure (USA)	mixrbv2	57
Photo Genic (Japan)	mixrbv2	57
Pierrafeu, Les - Bedrock Bowling (France)	mixrbv2	57
Pikiinya! Excellent (Japan)	mixrbv2	57
Pikupiku Sentaro - Puzzle de Gohan! (Japan)	mixrbv2	57
Pilot ni Narou! (Japan)	mixrbv2	57
Pinball Fantasies Deluxe (Japan)	mixrbv2	57
Pinball Power (Europe)	mixrbv2	57
Pink Panther - Pinkadelic Pursuit (USA)	mixrbv2	57
Pinobee (USA)	mixrbv2	57
Pinobee no Daibouken (Japan)	mixrbv2	57
Pinocchia no Miru Yume (Japan)	mixrbv2	57
Pipe Dreams 3D (USA)	mixrbv2	57
Pipe Mania 3D (Europe) (En,Fr,De,Es,It)	mixrbv2	57
Pitball (USA)	mixrbv2	57
Pitfall 3D - Beyond the Jungle (USA)	mixrbv2	57
Pixygarden (Japan) (Disc 1) (Game Disc)	mixrbv2	57
Planet Dob (Japan)	mixrbv2	57
Planet Laika (Japan)	mixrbv2	57
Planet of the Apes (USA)	mixrbv2	57
Play de Oboeru Chuugaku Eitango Deruderu 1200 (Japan)	mixrbv2	57
Play de Oboeru Eijukugo Deruderu 750 (Japan)	mixrbv2	57
Play de Oboeru Eitango Deruderu 1700 - Center Shiken Level Taiou (Japan)	mixrbv2	57
Play de Oboeru Series - Nihonshi Keyword Deruderu 1800 (Japan)	mixrbv2	57
Play de Oboeru Series - Sekaishi Keyword Deruderu 1800 (Japan)	mixrbv2	57
Play de Oboeru Series 6 - Play de Oboeru Kanji Kentei Deruderu 1100 (Japan)	mixrbv2	57
Play de Oboeru Series 7 - Play de Oboeru TOEIC Test - Goku Deruderu 1700 (Japan)	mixrbv2	57
Play with the Teletubbies (USA)	mixrbv2	57
PlayStadium (Japan)	mixrbv2	57
PlayStadium 2 (Japan)	mixrbv2	57
PlayStadium 3 (Japan)	mixrbv2	57
PlayStadium 4 - Fumetsu no Dai League Ball (Japan)	mixrbv2	57
PlayStation Comic - 2999-nen no Game Kids (Japan)	mixrbv2	57
PlayStation Comic - Carol the DarkAngel (Japan)	mixrbv2	57
Player Manager (Europe) (En,Fr,De,Es,It,Sv,No)	mixrbv2	57
Player Manager 2000 (Europe)	mixrbv2	57
Player Manager Ninety Nine (Europe)	mixrbv2	57
Player Manager Novanta Nove (Italy)	mixrbv2	57
Plue no Daibouken from Groove Adventure Rave (Japan)	mixrbv2	57
PoPoLoCrois Monogatari (Japan)	mixrbv2	57
PoPoLoCrois Monogatari II (Japan, Asia) (Disc 1)	mixrbv2	57
PoPoRoGue (Japan)	mixrbv2	57
Pocke-Kano - Aida Yumi (Japan)	mixrbv2	57
Pocke-Kano - Houjouin Shizuka (Japan)	mixrbv2	57
Pocke-Kano - Ueno Fumio (Japan)	mixrbv2	57
Pocket DigimonWorld (Japan)	mixrbv2	57
Pocket DigimonWorld - Cool & Nature Battle Disc (Japan)	mixrbv2	57
Pocket DigimonWorld - Wind Battle Disc (Japan)	mixrbv2	57
Pocket Dungeon (Japan)	mixrbv2	57
Pocket Family - Happy Family Plan (Japan)	mixrbv2	57
Pocket Fighter (USA)	mixrbv2	57
Pocket Jiman (Japan)	mixrbv2	57
Pocket MuuMuu (Japan)	mixrbv2	57
Pocket Tuner (Japan)	mixrbv2	57
Point Blank (USA)	mixrbv2	57
Point Blank 2 (USA)	mixrbv2	57
Point Blank 3 (USA)	mixrbv2	57
Poitter's Point 2 - Sodom no Inbou (Japan, Asia)	mixrbv2	57
Polaris SnoCross (USA)	mixrbv2	57
Policenauts (Japan) (Disc 1)	mixrbv2	57
Pong (Europe) (En,Fr,De,Es,It,Nl)	mixrbv2	57
Pong - The Next Level (USA)	mixrbv2	57
Pooh-san no Minna de Mori no Daikyousou! (Japan)	mixrbv2	57
Pool Academy (Europe) (En,Fr,De)	mixrbv2	57
Pool Hustler (USA)	mixrbv2	57
Pop de Cute na Shinri Test - Alabama (Japan)	mixrbv2	57
Pop n' Pop (Europe)	mixrbv2	57
Pop'n Music (Japan)	mixrbv2	57
Pop'n Music - Animation Melody (Japan)	mixrbv2	57
Pop'n Music - Disney Tunes (Japan)	mixrbv2	57
Pop'n Music 2 (Japan)	mixrbv2	57
Pop'n Music 3 - Append Disc (Japan)	mixrbv2	57
Pop'n Music 4 - Append Disc (Japan)	mixrbv2	57
Pop'n Music 5 (Japan)	mixrbv2	57
Pop'n Music 6 (Japan)	mixrbv2	57
Pop'n Pop (Japan, Asia)	mixrbv2	57
Pop'n Tanks! (Japan)	mixrbv2	57
Populous - The Beginning (USA)	mixrbv2	57
Porsche Challenge (USA) (En,Fr,Es)	mixrbv2	57
Posit (Japan)	mixrbv2	57
Potestas (Japan)	mixrbv2	57
Pour l'Or et la Gloire - La Route d'Eldorado (France)	mixrbv2	57
Power Diggerz (Europe) (En,Fr,De)	mixrbv2	57
Power DoLLS 2 (Japan)	mixrbv2	57
Power League (Japan)	mixrbv2	57
Power Move Pro Wrestling (USA)	mixrbv2	57
Power Play - Sports Trivia (USA)	mixrbv2	57
Power Rangers - La Force du Temps (France)	mixrbv2	57
Power Rangers Pinball (Japan)	mixrbv2	57
Power Serve 3D Tennis (USA)	mixrbv2	57
Power Shovel (USA)	mixrbv2	57
Power Shovel ni Norou!! (Japan)	mixrbv2	57
Power Spike - Pro Beach Volleyball (USA)	mixrbv2	57
Power Stakes (Japan)	mixrbv2	57
Power Stakes 2 (Japan)	mixrbv2	57
Power Stakes Grade 1 (Japan)	mixrbv2	57
Powerpuff Girls, The - Chemical X-Traction (USA) (En,Es)	mixrbv2	57
Powerslave (USA)	mixrbv2	57
Poy Poy (USA)	mixrbv2	57
Poy Poy 2 (Europe)	mixrbv2	57
Premier Manager 2000 (Europe)	mixrbv2	57
Premier Manager 98 (Europe)	mixrbv2	57
Premier Manager Ninety Nine (Europe)	mixrbv2	57
Primal Rage (USA)	mixrbv2	57
Primera Division Stars (Spain)	mixrbv2	57
Prince Naseem Boxing (Europe) (En,Fr,De,Es,It)	mixrbv2	57
Princess Maker - Go! Go! Princess (Japan)	mixrbv2	57
Princess Maker - Pocket Daisakusen (Japan)	mixrbv2	57
Princess Maker - Yumemiru Yousei (Japan, Asia)	mixrbv2	57
Prism Court (Japan)	mixrbv2	57
Prism Land (Japan)	mixrbv2	57
Prism Land Story (Europe)	mixrbv2	57
Prismaticallization (Japan)	mixrbv2	57
Prisoner (Japan)	mixrbv2	57
Prisoner of Ice - Jashin Kourin (Japan)	mixrbv2	57
Private Collection - Tokimeki Memorial (Japan)	mixrbv2	57
Pro 18 - World Tour Golf (USA)	mixrbv2	57
Pro Backgammon (Europe)	mixrbv2	57
Pro Body Boarding (Europe) (En,Fr,De)	mixrbv2	57
Pro Evolution Soccer (Europe) (Es,It)	mixrbv2	57
Pro Evolution Soccer 2 (Europe) (Es,It)	mixrbv2	57
Pro Logic Mahjong Haishin (Japan)	mixrbv2	57
Pro Mahjong Kiwame - Tengensen-hen (Japan)	mixrbv2	57
Pro Mahjong Kiwame Plus (Japan)	mixrbv2	57
Pro Mahjong Kiwame Plus II (Japan)	mixrbv2	57
Pro Mahjong Tsuwamono 2 (Japan)	mixrbv2	57
Pro Mahjong Tsuwamono 3 (Japan)	mixrbv2	57
Pro Mahjong Tsuwamono Series - Joryuu Janshi ni Chousen - Watashitachi ni Chousen Shite ne! (Japan)	mixrbv2	57
Pro Mahjong, The - Menkyo Kaiden (Japan)	mixrbv2	57
Pro Pinball - Big Race USA (USA)	mixrbv2	57
Pro Pinball - Fantastic Journey (USA)	mixrbv2	57
Pro Pinball - The Web (Europe)	mixrbv2	57
Pro Pinball - Timeshock! (USA)	mixrbv2	57
Pro Racer (Europe)	mixrbv2	57
Pro Wres Sengokuden - Hyper Tag Match (Japan)	mixrbv2	57
Pro Wrestling Sengokuden 2 - Kakutou Emaki (Japan)	mixrbv2	57
Pro Yakyuu Nettou Puzzle Stadium (Japan)	mixrbv2	57
Pro Yakyuu Simulation Dugout '99 (Japan)	mixrbv2	57
Pro-Pinball (USA)	mixrbv2	57
Professional Underground League of Pain (USA)	mixrbv2	57
Project - Horned Owl (USA)	mixrbv2	57
Project Gaiaray (Japan, Asia)	mixrbv2	57
Project Overkill (USA)	mixrbv2	57
Project V6 (Japan)	mixrbv2	57
Proof Club (Japan)	mixrbv2	57
Psybadek (USA)	mixrbv2	57
Psychic Detective (USA) (Disc 1)	mixrbv2	57
Psychic Force (USA)	mixrbv2	57
Psychic Force - Puzzle Taisen (Japan) (Disc 1) (Game Disc)	mixrbv2	57
Psychic Force 2 (Europe)	mixrbv2	57
Psychometrer Eiji (Japan)	mixrbv2	57
Puchi Carat (Europe)	mixrbv2	57
Puffy no P.S. I Love You (Japan)	mixrbv2	57
Puma Street Soccer (Europe) (En,Fr,De,It)	mixrbv2	57
Punch the Monkey! Game Edition (Japan)	mixrbv2	57
Punky Skunk (USA)	mixrbv2	57
Puppet Zoo Pilomy (Japan) (En,Ja)	mixrbv2	57
Purumui Purumui (Japan)	mixrbv2	57
Pururun! with Shape Up Girls (Japan)	mixrbv2	57
Putter Golf (USA)	mixrbv2	57
Puyo Puyo Box (Japan)	mixrbv2	57
Puyo Puyo Sun - Ketteiban (Japan)	mixrbv2	57
Puyo Puyo Tsuu - Ketteiban (Japan, Asia)	mixrbv2	57
Puyo Puyoon - Car-kun to Issho (Japan)	mixrbv2	57
Puzz Loop (Japan)	mixrbv2	57
Puzzle Arena Toushinden (Japan)	mixrbv2	57
Puzzle Bobble 2 (Japan)	mixrbv2	57
Puzzle Bobble 3DX (Japan)	mixrbv2	57
Puzzle Bobble 4 (Japan)	mixrbv2	57
Puzzle Mania (Japan)	mixrbv2	57
Puzzle Mania 2 (Japan)	mixrbv2	57
Puzznic (USA)	mixrbv2	57
Pyjama Sam - Heros du Gouter (France)	mixrbv2	57
Q-bert (USA)	mixrbv2	57
Qix Neo (USA)	mixrbv2	57
Quaddle Family Mysteries, The 1 - The Case of the Scarce Scarab - Lobby & Kitchen (USA)	mixrbv2	57
Quaddle Family Mysteries, The 2 - The Case of the Scarce Scarab - Garden (USA)	mixrbv2	57
Quaddle Family Mysteries, The 3 - The Case of the Scarce Scarab - Parlor & Family Room (USA)	mixrbv2	57
Quake II (USA)	mixrbv2	57
Quantum Gate I - Akumu no Joshou (Japan)	mixrbv2	57
Queen's Road (Japan)	mixrbv2	57
Quest for Fame - Be a Virtual Rock Legend (Japan) (Disc 1)	mixrbv2	57
Qui Veut Gagner des Millions (France)	mixrbv2	57
Qui Veut Gagner des Millions - Junior (France)	mixrbv2	57
Qui Veut Gagner des Millions - Seconde Edition (France)	mixrbv2	57
Quiz Chara-Oke Don! Toei Tokusatsu Hero Part 1 (Japan)	mixrbv2	57
Quiz Chara-Oke Don! Toei Tokusatsu Hero Part 2 (Japan)	mixrbv2	57
Quiz Darake no Jinsei Game - Un to Atama de Daifugou! (Japan)	mixrbv2	57
Quiz Nanairo Dreams - Nijiiro-chou no Kiseki (Japan)	mixrbv2	57
Quiz Show (Italy) (Disc 1) (CD Gioco)	mixrbv2	57
Quiz$Millionaire (Japan)	mixrbv2	57
Quiz$Millionaire - Waku Waku Party (Japan)	mixrbv2	57
QuoVadis - Iverkurtz Sen'eki (Japan)	mixrbv2	57
R (Japan) (Disc 1) (Shokai Genteiban)	mixrbv2	57
R-C Stunt Copter (USA)	mixrbv2	57
R-Type Delta (USA)	mixrbv2	57
R-Types (USA)	mixrbv2	57
R4 - Ridge Racer Type 4 (USA)	mixrbv2	57
RC Helicopter (USA)	mixrbv2	57
RC Revenge (USA)	mixrbv2	57
RC de Go! (USA)	mixrbv2	57
RMJ - The Mystery Hospital (Japan) (Disc 1) (What's Going On)	mixrbv2	57
RPG Maker (USA)	mixrbv2	57
RPG Tkool 3 (Japan)	mixrbv2	57
RPG Tkool 4 (Japan)	mixrbv2	57
RTL Skispringen 2002 (Germany) (En,De)	mixrbv2	57
Raamen-bashi (Japan)	mixrbv2	57
Race Drivin' a Go! Go! (Japan)	mixrbv2	57
Racing (USA) (En,Fr,Es)	mixrbv2	57
Racing Lagoon (Japan, Asia)	mixrbv2	57
Racing Simulation 2 (Germany)	mixrbv2	57
Racingroovy VS (Japan)	mixrbv2	57
Radikal Bikers (Europe) (En,Fr,De,Es,It)	mixrbv2	57
Rage Racer (USA)	mixrbv2	57
Rageball (USA)	mixrbv2	57
Raging Skies (Europe) (En,Fr,De)	mixrbv2	57
Raiden DX (Japan)	mixrbv2	57
Raiden Project (Japan)	mixrbv2	57
Raiden Project, The (USA)	mixrbv2	57
Railroad Tycoon II (USA)	mixrbv2	57
Rakugaki Showtime (Japan)	mixrbv2	57
Rally Cross (USA)	mixrbv2	57
Rally Cross 2 (USA)	mixrbv2	57
Rally de Africa (Japan)	mixrbv2	57
Rally de Europe (Japan)	mixrbv2	57
Rami-chan no Ooedo Sugoroku - Keiou Yuugekitai Gaiden (Japan)	mixrbv2	57
Rampage - Through Time (USA)	mixrbv2	57
Rampage - World Tour (USA)	mixrbv2	57
Rampage 2 - Universal Tour (USA)	mixrbv2	57
Ran Soccer (Germany)	mixrbv2	57
Ranma 1-2 - Battle Renaissance (Japan)	mixrbv2	57
Rapid Racer (Europe) (En,Fr,De,Es,It)	mixrbv2	57
Rapid Reload (Europe)	mixrbv2	57
Rascal (USA)	mixrbv2	57
Rascal Racers (USA)	mixrbv2	57
Rat Attack (Europe) (En,Fr,De,Es,It,Nl)	mixrbv2	57
Rat Attack! (USA)	mixrbv2	57
Raven Project, The (Europe) (En,Fr,De) (Disc 1)	mixrbv2	57
Ray Tracers (USA)	mixrbv2	57
RayCrisis (Europe)	mixrbv2	57
RayCrisis - Series Termination (USA)	mixrbv2	57
RayStorm (USA)	mixrbv2	57
Rayman (USA)	mixrbv2	57
Rayman 2 - The Great Escape (USA) (En,Fr,Es)	mixrbv2	57
Rayman Brain Games (USA)	mixrbv2	57
Rayman Junior (Europe) (Fr,De,Es,It)	mixrbv2	57
Rayman Junior - Level 1 (Europe) (En,Fr,De,Es,It)	mixrbv2	57
Rayman Junior - Level 2 (Europe) (En,Fr,De,Es,It)	mixrbv2	57
Rayman Junior - Level 3 (Europe) (En,Fr,Es,It)	mixrbv2	57
Rayman Rush (USA)	mixrbv2	57
Razor Freestyle Scooter (USA)	mixrbv2	57
Razor Racing (USA)	mixrbv2	57
Re-Loaded (Europe) (En,Fr,De)	mixrbv2	57
Re-Loaded - The Hardcore Sequel (USA)	mixrbv2	57
Re-Volt (USA)	mixrbv2	57
ReBoot (USA)	mixrbv2	57
Ready 2 Rumble Boxing (USA)	mixrbv2	57
Ready 2 Rumble Boxing - Round 2 (USA)	mixrbv2	57
Real Bout Fatal Fury (Europe)	mixrbv2	57
Real Bout Garou Densetsu (Japan, Asia) (En,Ja)	mixrbv2	57
Real Bout Garou Densetsu Special - Dominated Mind (Japan)	mixrbv2	57
Real Robot Sensen (Japan)	mixrbv2	57
Real Robots - Final Attack (Japan)	mixrbv2	57
Recipro Heat 5000 (Japan, Asia)	mixrbv2	57
Red Asphalt (USA)	mixrbv2	57
Reel Fishing (USA)	mixrbv2	57
Reel Fishing II (USA)	mixrbv2	57
Refrain Love - Anata ni Aitai (Japan)	mixrbv2	57
Refrain Love 2 (Japan) (Disc 1)	mixrbv2	57
Reikoku - Ikeda Kizoku Shinrei Kenkyuujo (Japan)	mixrbv2	57
Remote Control Dandy (Japan)	mixrbv2	57
Ren'ai Kouza - Real Age (Japan)	mixrbv2	57
Renegade Racers (USA)	mixrbv2	57
Rescue 24 Hours (Japan)	mixrbv2	57
Rescue Copter (USA)	mixrbv2	57
Rescue Shot (Europe) (En,Fr,De,Es,It)	mixrbv2	57
Rescue Shot Bubibo (Japan)	mixrbv2	57
Resident Evil (USA)	mixrbv2	57
Resident Evil - Director's Cut (USA)	mixrbv2	57
Resident Evil - Survivor (USA)	mixrbv2	57
Resident Evil 2 (USA) (Disc 1)	mixrbv2	57
Resident Evil 3 - Nemesis (USA, Canada)	mixrbv2	57
Restaurant Dream (Japan)	mixrbv2	57
Retro Force (Europe) (En,Fr,De,Es,It)	mixrbv2	57
Return Fire (USA) (En,Ja,Fr,De,Es,It,Pt,Ko,Ru,Ar)	mixrbv2	57
Return to Zork (Japan) (Disc 1)	mixrbv2	57
Reverthion (Japan)	mixrbv2	57
Revolution X - Music Is the Weapon (USA)	mixrbv2	57
Rhapsody - A Musical Adventure (USA)	mixrbv2	57
Rhythm 'n' Face (Japan)	mixrbv2	57
Rhythm Beat (Europe)	mixrbv2	57
Ridegear Guybrave (Japan)	mixrbv2	57
Ridegear Guybrave II (Japan) (Disc 1)	mixrbv2	57
Ridge Racer (USA)	mixrbv2	57
Ridge Racer - High Spec Ver. & Namco Catalogue '98 (Japan, Asia)	mixrbv2	57
Ridge Racer Hi-Spec Demo (Europe)	mixrbv2	57
Ridge Racer Revolution (USA)	mixrbv2	57
Riichi Mahjong - Ohitorisama demo Utemasu! (Japan)	mixrbv2	57
Rikujou Boueitai Mao-chan (Japan)	mixrbv2	57
Ring of Sias (Japan)	mixrbv2	57
Riot (Europe)	mixrbv2	57
Riot Stars (Japan)	mixrbv2	57
Rise 2 - Resurrection (USA) (En,Fr,De,Es,It)	mixrbv2	57
Rising Zan - The Samurai Gunman (USA)	mixrbv2	57
Risk (Europe) (En,Fr,De,Es)	mixrbv2	57
Risk - The Game of Global Domination (USA)	mixrbv2	57
Rittai Ninja Katsugeki - Tenchu - Shinobi Gaisen (Japan) (En,Ja,Fr,It)	mixrbv2	57
Rittai Ninja Katsugeki - Tenchu - Shinobi Hyakusen (Japan)	mixrbv2	57
Rival Schools + Resident Evil 2 + Bloody Roar + Street Fighter EX Plus Alpha + Mr Domino + Victory Boxing 2 (France)	mixrbv2	57
Rival Schools - United by Fate (USA) (Disc 1) (Arcade Disc)	mixrbv2	57
Riven - The Sequel to Myst (USA) (Disc 1)	mixrbv2	57
RoX - 6 = Six (Japan)	mixrbv2	57
Road & Track Presents - The Need for Speed (USA)	mixrbv2	57
Road Rage (Europe)	mixrbv2	57
Road Rash (USA)	mixrbv2	57
Road Rash - Jailbreak (USA)	mixrbv2	57
Road Rash 3D (USA)	mixrbv2	57
Roadsters (USA)	mixrbv2	57
Robbit mon Dieu (Japan)	mixrbv2	57
Robin Hood - The Siege (Europe)	mixrbv2	57
Robin Lloyd no Bouken (Japan)	mixrbv2	57
Robo Pit (USA)	mixrbv2	57
Robo Pit 2 (USA)	mixrbv2	57
Robo-Pit 2 (Japan, Asia)	mixrbv2	57
Robocod - James Pond II (Europe) (En,Fr,De,Es,It)	mixrbv2	57
Robot x Robot (Japan)	mixrbv2	57
Robotron X (USA)	mixrbv2	57
Rock & Roll Racing 2 - Red Asphalt (Europe)	mixrbv2	57
Rock 'Em Sock 'Em Robots Arena (USA)	mixrbv2	57
Rock-Climbing - Mitouhou e no Chousen - Alps-hen (Japan)	mixrbv2	57
Rockman (Japan)	mixrbv2	57
Rockman 2 - Dr. Wily no Nazo (Japan)	mixrbv2	57
Rockman 3 - Dr. Wily no Saigo! (Japan)	mixrbv2	57
Rockman 4 - Aratanaru Yabou!! (Japan)	mixrbv2	57
Rockman 5 - Blues no Wana! (Japan)	mixrbv2	57
Rockman 6 - Shijou Saidai no Tatakai!! (Japan)	mixrbv2	57
Rockman Dash - Hagane no Boukenshin (Japan)	mixrbv2	57
Rockman Dash 2 - Episode 2 - Ooinaru Isan (Japan)	mixrbv2	57
Rockman X4 (Japan)	mixrbv2	57
Rockman X5 (Japan)	mixrbv2	57
Rockman X6 (Japan)	mixrbv2	57
Roger Lemerre - La Selection des Champions (France)	mixrbv2	57
Roger Lemerre - La Selection des Champions 2002 (France)	mixrbv2	57
Rogue Trip - Vacation 2012 (USA)	mixrbv2	57
Roland Garros French Open 2001 (Europe) (En,Fr,De,Es,It)	mixrbv2	57
Roll Away (USA)	mixrbv2	57
Rollcage (USA)	mixrbv2	57
Rollcage Stage II (USA)	mixrbv2	57
Romance of the Three Kingdoms IV - Wall of Fire (USA)	mixrbv2	57
Romance of the Three Kingdoms VI - Awakening of the Dragon (USA)	mixrbv2	57
Romance wa Tsurugi no Kagayaki II - Gin no Niji o Sagashite (Japan) (Disc 1)	mixrbv2	57
Ronaldo V-Football (Europe) (De,Es,It,Pt)	mixrbv2	57
Ronin Blade (Europe) (En,Fr,De)	mixrbv2	57
Roommate - Inoue Ryoko (Japan)	mixrbv2	57
Rosco McQueen (Europe) (En,Fr,De,Es,It)	mixrbv2	57
Rosco McQueen Firefighter Extreme (USA)	mixrbv2	57
Roswell Conspiracies - Aliens, Myths & Legends (USA)	mixrbv2	57
Rox (Europe)	mixrbv2	57
Ruff & Tumble (Germany)	mixrbv2	57
Runabout (Japan)	mixrbv2	57
Runabout 2 (USA)	mixrbv2	57
Running High (Japan, Asia)	mixrbv2	57
Running Wild (USA)	mixrbv2	57
Rupupu Cube - Lup Salad (Japan)	mixrbv2	57
Rurouni Kenshin - Meiji Kenkaku Romantan - Ishin Gekitou-hen (Japan)	mixrbv2	57
Rurouni Kenshin - Meiji Kenkaku Romantan - Juuyuushi Inbou-hen (Japan)	mixrbv2	57
Rush Hour (USA)	mixrbv2	57
Rushdown (USA)	mixrbv2	57
Ryuuki Denshou - Dragoon (Japan)	mixrbv2	57
S.C.A.R.S. (USA)	mixrbv2	57
SD Gundam - GCentury (Japan, Asia)	mixrbv2	57
SD Gundam - GGeneration (Japan)	mixrbv2	57
SD Gundam - GGeneration-0 (Japan) (Disc 1)	mixrbv2	57
SD Gundam - GGeneration-F (Japan) (Disc 1)	mixrbv2	57
SD Gundam - GGeneration-F.I.F (Japan)	mixrbv2	57
SD Gundam - Over Galaxian (Japan)	mixrbv2	57
SD Gundam Eiyuuden - Daikessen!! Kishi vs. Musha (Japan)	mixrbv2	57
SaGa Frontier (USA)	mixrbv2	57
SaGa Frontier 2 (USA)	mixrbv2	57
Saban's Power Rangers - Lightspeed Rescue (USA)	mixrbv2	57
Saban's Power Rangers - Time Force (USA)	mixrbv2	57
Saban's Power Rangers Zeo - Full Tilt Battle Pinball (USA)	mixrbv2	57
Saber Marionette J - Battle Sabers (Japan)	mixrbv2	57
Sabrina l'Apprentie Sorciere et l'Horloge Cosmique (France)	mixrbv2	57
Sabrina the Teenage Witch - A Twitch in Time! (USA)	mixrbv2	57
Saikyou Ginsei Chess (Japan)	mixrbv2	57
Saikyou Ginsei Mahjong (Japan)	mixrbv2	57
Saikyou Ginsei Shougi (Japan)	mixrbv2	57
Saikyou Ginsei Shougi 2 (Japan)	mixrbv2	57
Saikyou Toudai Shougi (Japan)	mixrbv2	57
Saikyou Toudai Shougi 2 (Japan)	mixrbv2	57
Saikyou no Igo (Japan)	mixrbv2	57
Saikyou no Shougi (Japan)	mixrbv2	57
Saishuu Densha (Japan)	mixrbv2	57
Saiyuki - Journey West (USA)	mixrbv2	57
Sakamoto Ryouma - Ishin Kaikoku (Japan)	mixrbv2	57
Sakkyoku Surun da mon - Dance Remix-hen (Japan)	mixrbv2	57
Sakuma-shiki Jinsei Game (Japan)	mixrbv2	57
Salamander Deluxe Pack Plus (Japan)	mixrbv2	57
Salaryman Champ - Tatakau Salaryman (Japan)	mixrbv2	57
Salaryman Kintarou - The Game (Japan)	mixrbv2	57
Salaryman Settai Mahjong (Japan)	mixrbv2	57
Saltwater Sportfishing (USA)	mixrbv2	57
Sammy Sosa High Heat Baseball 2001 (USA)	mixrbv2	57
Sammy Sosa Softball Slam (USA)	mixrbv2	57
Sampras Extreme Tennis (Europe) (En,Fr,De,Es,It)	mixrbv2	57
Samurai Deeper Kyo (Japan)	mixrbv2	57
Samurai Shodown - Warriors Rage (USA)	mixrbv2	57
Samurai Shodown III (Europe)	mixrbv2	57
Samurai Shodown III - Blades of Blood (USA)	mixrbv2	57
Samurai Spirits - Amakusa Kourin Special (Japan)	mixrbv2	57
Samurai Spirits - Kenkaku Shinan Pack (Japan, Asia)	mixrbv2	57
Samurai Spirits - Zankurou Musouken (Japan)	mixrbv2	57
San Francisco Rush - Extreme Racing (USA)	mixrbv2	57
Sangoku Musou (Japan)	mixrbv2	57
Sangokushi Eiketsuden (Japan)	mixrbv2	57
Sangokushi II (Japan)	mixrbv2	57
Sangokushi III (Japan)	mixrbv2	57
Sangokushi Koumeiden (Japan)	mixrbv2	57
Sangokushi V (Japan)	mixrbv2	57
Sangokushi VII (Japan)	mixrbv2	57
Sankyo Fever - Downtown Geki (Japan)	mixrbv2	57
Sankyo Fever - Jikki Simulation (Japan)	mixrbv2	57
Sankyo Fever - Jikki Simulation Vol. 2 (Japan)	mixrbv2	57
Sankyo Fever - Jikki Simulation Vol. 3 (Japan)	mixrbv2	57
Santa Claus Saves the Earth (Europe)	mixrbv2	57
Sanvein (Europe)	mixrbv2	57
Sanyo Pachinko Paradise (Japan)	mixrbv2	57
Sanyo Pachinko Paradise 2 - Umi Monogatari Special (Japan)	mixrbv2	57
Sanyo Pachinko Paradise 3 - Wan Wan Daikoushin (Japan)	mixrbv2	57
Sanyo Pachinko Paradise 4 - Sushiya da Gen-san!! (Japan)	mixrbv2	57
Sanyo Pachinko Paradise 5 - Uki Uki Tairyoubata (Japan)	mixrbv2	57
Saraba Uchuu Senkan Yamato - Ai no Senshitachi (Japan) (Disc 1)	mixrbv2	57
SatelliTV (Japan)	mixrbv2	57
Satomi no Nazo (Japan)	mixrbv2	57
Schnappi - Das kleine Krokodil - 3 Fun-Games (Germany)	mixrbv2	57
Scooby-Doo and the Cyber Chase (USA)	mixrbv2	57
Scooby-Doo et la Cybertraque (France)	mixrbv2	57
Scooby-Doo! Night of 100 Frights (USA) (Proto) (2000-10-26)	mixrbv2	57
Scooter Racing (Europe)	mixrbv2	57
Scrabble (USA)	mixrbv2	57
Screen (Japan)	mixrbv2	57
Sea-Doo Hydro Cross (USA)	mixrbv2	57
SeaBass Fishing (Japan)	mixrbv2	57
SeaBass Fishing 2 (Japan)	mixrbv2	57
Segare Ijiri (Japan)	mixrbv2	57
Seikai no Monshou (Japan)	mixrbv2	57
Seikon no Joka - Hikari to Yami no Seioujo (Japan)	mixrbv2	57
Seirei Shoukan - Princess of Darkness (Japan)	mixrbv2	57
Seireiki Rayblade (Japan)	mixrbv2	57
Seireki 1999 - Pharaoh no Fukkatsu (Japan)	mixrbv2	57
Seishoujo Kantai Virgin Fleet (Japan)	mixrbv2	57
Sekai Saikyou Ginsei Igo (Japan)	mixrbv2	57
Sekai Saikyou Ginsei Igo 2 (Japan)	mixrbv2	57
Sekai Saikyou Ginsei Igo 3 (Japan)	mixrbv2	57
Sengoku Cyber - Fujimaru Jigokuhen (Japan)	mixrbv2	57
Sengoku Mugen (Japan)	mixrbv2	57
Senkai Taisen - TV Animation Senkaiden Houshin Engi yori (Japan)	mixrbv2	57
Senkai Tsuuroku Seishi - TV Animation Senkaiden Houshin Engi yori (Japan)	mixrbv2	57
Senran (Japan)	mixrbv2	57
Senryaku Shidan - Tora! Tora! Tora! Rikusen-hen (Japan)	mixrbv2	57
Senryaku Shougi (Japan)	mixrbv2	57
Sensible Soccer (Europe) (En,Fr,De,Es,It,Nl)	mixrbv2	57
Sentient (USA)	mixrbv2	57
Sentient - Explore the Infinite (Europe)	mixrbv2	57
Sentimental Graffiti (Japan)	mixrbv2	57
Sentimental Graffiti - Yakusoku (Japan)	mixrbv2	57
Sentimental Journey (Japan)	mixrbv2	57
Sentinel Returns (USA)	mixrbv2	57
Sento Monogatari - Sono I (Japan)	mixrbv2	57
Sentou Kokka - Air Land Battle (Japan)	mixrbv2	57
Sentou Kokka Kai - Improved (Japan)	mixrbv2	57
Septentrion - Out of the Blue (Japan)	mixrbv2	57
Serial Experiments Lain (Japan) (Disc 1)	mixrbv2	57
Sesame Street - Elmo's Letter Adventure (USA)	mixrbv2	57
Sesame Street - Elmo's Number Journey (USA)	mixrbv2	57
Sesame Street Sports (USA)	mixrbv2	57
Sexy Parodius (Japan)	mixrbv2	57
Sfida al Tetris Magico (Italy)	mixrbv2	57
Shachou Eiyuuden (Japan) (Ja,Zh)	mixrbv2	57
Shadow Gunner - The Robot Wars (Europe) (En,Fr,De,Es,It)	mixrbv2	57
Shadow Madness (USA) (Disc 1)	mixrbv2	57
Shadow Man (USA)	mixrbv2	57
Shadow Man - Rette deine Seele (Germany)	mixrbv2	57
Shadow Master (USA)	mixrbv2	57
Shadow Tower (USA)	mixrbv2	57
Shadow and Shadow (Japan)	mixrbv2	57
Shake Kids (Japan)	mixrbv2	57
Shaman King - Spirit of Shamans (Japan)	mixrbv2	57
Shanghai - Banri no Choujou (Japan)	mixrbv2	57
Shanghai - Great Moments (Japan)	mixrbv2	57
Shanghai - Mateki Buyuu (Japan)	mixrbv2	57
Shanghai - Shouryuu Sairin (Japan)	mixrbv2	57
Shanghai - True Valor (USA)	mixrbv2	57
Shaolin (Europe)	mixrbv2	57
Sheep (USA)	mixrbv2	57
Sheep, Dog 'n' Wolf (Europe) (En,Fr,De,Es,It,Nl)	mixrbv2	57
Shellshock (USA)	mixrbv2	57
Shellshock - Jus' Keepin' da Peace (Japan)	mixrbv2	57
Shichida-shiki Unou de Asobenture Vol. 1 - Kotoba ABC - 0-2-sai Muke (Japan)	mixrbv2	57
Shichida-shiki Unou de Asobenture Vol. 2 - Katachi 123 - 0-2-sai Muke (Japan)	mixrbv2	57
Shichida-shiki Unou de Asobenture Vol. 3 - Kotoba ABC - 2-4sai Muke (Japan)	mixrbv2	57
Shichida-shiki Unou de Asobenture Vol. 4 - Katachi 123 - 2-4-sai Muke (Japan)	mixrbv2	57
Shichida-shiki Unou de Asobenture Vol. 5 - Kotoba ABC - 4-6-sai Muke (Japan)	mixrbv2	57
Shichida-shiki Unou de Asobenture Vol. 6 - Katachi 123 - 4-6-sai Muke (Japan)	mixrbv2	57
Shichisei Toushin Guyferd - Crown Kaimetsu Sakusen (Japan)	mixrbv2	57
Shichuu Suimei Pitagraph (Japan)	mixrbv2	57
Shiki Oriori no Bass Tsuri (Japan)	mixrbv2	57
Shin DX Okuman Chouja Game - Tsukutte! Utte! Oomouke! (Japan)	mixrbv2	57
Shin Fortune Quest - Shokutaku no Kishitachi (Japan)	mixrbv2	57
Shin Jidaigeki Action - Rasetsu no Ken (Japan, Asia)	mixrbv2	57
Shin Masou Kishin - Panzer Warfare (Japan)	mixrbv2	57
Shin Megami Tensei (Japan)	mixrbv2	57
Shin Megami Tensei - Devil Children - Kuro no Sho, Aka no Sho (Japan)	mixrbv2	57
Shin Megami Tensei II (Japan)	mixrbv2	57
Shin Megami Tensei If... (Japan)	mixrbv2	57
Shin Nihon Pro Wrestling - Toukon Retsuden (Japan)	mixrbv2	57
Shin Nihon Pro Wrestling - Toukon Retsuden 2 (Japan)	mixrbv2	57
Shin Nihon Pro Wrestling - Toukon Retsuden 3 (Japan)	mixrbv2	57
Shin SD Sengokuden - Kidou Musha Taisen (Japan)	mixrbv2	57
Shin Sedai Robot Senki - Brave Saga (Japan)	mixrbv2	57
Shin Seiki Evangelion - Eva to Yukai na Nakamatachi (Japan)	mixrbv2	57
Shin Seiki Evangelion - Koutetsu no Girlfriend (Japan) (Disc 1)	mixrbv2	57
Shin Senki Van-Gale - The War of Neo-Century (Japan)	mixrbv2	57
Shin Shikoutei - The First Emperor (Japan, Asia)	mixrbv2	57
Shin Super Robot Taisen (Japan)	mixrbv2	57
Shin Super Robot Taisen - Special Disc (Japan)	mixrbv2	57
Shin Theme Park (Japan)	mixrbv2	57
Shingata Kururin Pa! (Japan)	mixrbv2	57
Shinobi no Roku (Japan)	mixrbv2	57
Shinri Game 10, The (Japan)	mixrbv2	57
Shinri Game 2, The (Japan)	mixrbv2	57
Shinri Game 3, The (Japan)	mixrbv2	57
Shinri Game 5, The (Japan)	mixrbv2	57
Shinri Game 6, The (Japan)	mixrbv2	57
Shinri Game 7, The (Japan)	mixrbv2	57
Shinri Game 8, The (Japan)	mixrbv2	57
Shinri Game 9, The (Japan)	mixrbv2	57
Shinri Game IV, The - Itsu mo Kokoro ni Hoshizora o (Japan)	mixrbv2	57
Shinri Game, The (Japan)	mixrbv2	57
Shinseiden Megaseed - Fukkatsu-hen (Japan)	mixrbv2	57
Shinsetsu Samurai Spirits - Bushidou Retsuden (Japan)	mixrbv2	57
Shinshuku Taisen - It's a Nony! (Japan)	mixrbv2	57
Shinsou Kaiten!! Wan Wan Umi Monogatari - Sanyo Pachinko Paradise DX (Japan)	mixrbv2	57
Shipwreckers! (USA)	mixrbv2	57
Shiritsu Justice Gakuen - Nekketsu Seishun Nikki 2 (Japan)	mixrbv2	57
Shisenfuu Gekikara Mahjong (Japan)	mixrbv2	57
Shock Wave (Japan)	mixrbv2	57
Shockwave Assault (USA) (Disc 1) (Shockwave - Invasion Earth)	mixrbv2	57
Shonen Jump's One Piece - Grand Battle (Europe) (En,Fr,De,Es,It)	mixrbv2	57
Shoot (Germany)	mixrbv2	57
Shougi Joryuu Meijin'isen (Japan)	mixrbv2	57
Shougi Saikyou - Pro ni Manabu (Japan)	mixrbv2	57
Shougi Saikyou 2 (Japan)	mixrbv2	57
Shouryuu Sangoku Engi (Japan)	mixrbv2	57
Shrek Treasure Hunt (USA)	mixrbv2	57
Shura no Mon (Japan)	mixrbv2	57
Shusse Mahjong Daisettai (Japan)	mixrbv2	57
Shutokou Battle Gaiden - Super Technic Challenge - Drift King e no Michi (Japan)	mixrbv2	57
Shutokou Battle R (Japan)	mixrbv2	57
Shuukan Gallop - Blood Master (Japan) (Disc 1)	mixrbv2	57
Shuukan Pro Wres Kanshuu - Pro Wres Sengokuden (Japan)	mixrbv2	57
Sid Meier's Civilization - Shin Sekai Shichidai Bunmei (Japan)	mixrbv2	57
Side Pocket 3 (Japan)	mixrbv2	57
Side by Side Special (Japan)	mixrbv2	57
Side by Side Special 2000 (Japan)	mixrbv2	57
Sidewinder 2 - Let's Dance in the Sky (Japan) (En,Ja)	mixrbv2	57
Silent Bomber (USA)	mixrbv2	57
Silent Hill (USA)	mixrbv2	57
Silent Iron (Europe)	mixrbv2	57
Silent Moebius - Case - Titanic (Japan)	mixrbv2	57
Silent Moebius - Gen'ei no Datenshi (Japan)	mixrbv2	57
Silhouette Mirage (USA)	mixrbv2	57
Silhouette Mirage - Reprogrammed Hope (Japan)	mixrbv2	57
Silhouette Stories (Japan)	mixrbv2	57
Silver Jiken - The Silver (Japan)	mixrbv2	57
Silverload (USA)	mixrbv2	57
Sim Town (Japan)	mixrbv2	57
SimCity 2000 (USA)	mixrbv2	57
SimTheme Park (USA)	mixrbv2	57
Simple 1500 Jitsuyou Series Vol. 01 - Norikae Annai - 2000-nenban (Japan)	mixrbv2	57
Simple 1500 Jitsuyou Series Vol. 02 - Katei no Fuusui (Japan)	mixrbv2	57
Simple 1500 Jitsuyou Series Vol. 03 - Seimei Handan (Japan)	mixrbv2	57
Simple 1500 Jitsuyou Series Vol. 04 - Ryouri - Teiban Ryouri Recipe-shuu (Japan)	mixrbv2	57
Simple 1500 Jitsuyou Series Vol. 05 - Kusuri no Jiten - Pill Book 2001-nenban (Japan)	mixrbv2	57
Simple 1500 Jitsuyou Series Vol. 07 - Tanoshiku Manabu Unten Menkyo (Japan)	mixrbv2	57
Simple 1500 Jitsuyou Series Vol. 08 - 1-jikan de Wakaru Kabushiki Toushi (Japan)	mixrbv2	57
Simple 1500 Jitsuyou Series Vol. 09 - Watashi Style no Aromatherapy (Japan)	mixrbv2	57
Simple 1500 Jitsuyou Series Vol. 10 - Tarot Uranai (Japan)	mixrbv2	57
Simple 1500 Jitsuyou Series Vol. 11 - Katei de Dekiru Tsubo Shiatsu (Japan)	mixrbv2	57
Simple 1500 Jitsuyou Series Vol. 12 - Katei no Igaku - Shindan Jiten (Japan)	mixrbv2	57
Simple 1500 Jitsuyou Series Vol. 14 - Kurashi no Manner - Kankon Sousai-hen (Japan)	mixrbv2	57
Simple 1500 Jitsuyou Series Vol. 15 - Inu no Kaikata - Sekai no Inu Catalog (Japan)	mixrbv2	57
Simple 1500 Jitsuyou Series Vol. 16 - Neko no Kaikata - Sekai no Neko Catalog (Japan)	mixrbv2	57
Simple 1500 Jitsuyou Series Vol. 17 - Planetarium (Japan)	mixrbv2	57
Simple 1500 Jitsuyou Series Vol. 18 - Kanji Quiz - Kanji Kentei ni Challenge (Japan)	mixrbv2	57
Simple 1500 Series - Hello Kitty Vol. 01 - Bowling (Japan)	mixrbv2	57
Simple 1500 Series - Hello Kitty Vol. 02 - Illust Puzzle (Japan)	mixrbv2	57
Simple 1500 Series - Hello Kitty Vol. 03 - Block Kuzushi (Japan)	mixrbv2	57
Simple 1500 Series - Hello Kitty Vol. 04 - Trump (Japan)	mixrbv2	57
Simple 1500 Series Vol. 1 - The Mahjong (Japan)	mixrbv2	57
Simple 1500 Series Vol. 10 - The Billiard (Japan)	mixrbv2	57
Simple 1500 Series Vol. 100 - The Uchuu Hikoushi (Japan)	mixrbv2	57
Simple 1500 Series Vol. 101 - The Sentou (Japan)	mixrbv2	57
Simple 1500 Series Vol. 104 - The Pink Panther - Pinkadelic Pursuit (Japan)	mixrbv2	57
Simple 1500 Series Vol. 11 - The Pinball 3D (Japan)	mixrbv2	57
Simple 1500 Series Vol. 12 - The Quiz (Japan)	mixrbv2	57
Simple 1500 Series Vol. 13 - The Race (Japan)	mixrbv2	57
Simple 1500 Series Vol. 15 - The Pachinko (Japan)	mixrbv2	57
Simple 1500 Series Vol. 16 - The Pachi-Slot (Japan)	mixrbv2	57
Simple 1500 Series Vol. 17 - The Bike Race (Japan)	mixrbv2	57
Simple 1500 Series Vol. 18 - The Bowling (Japan)	mixrbv2	57
Simple 1500 Series Vol. 19 - The Sugoroku (Japan)	mixrbv2	57
Simple 1500 Series Vol. 2 - The Shougi (Japan)	mixrbv2	57
Simple 1500 Series Vol. 21 - The Yakyuu (Japan)	mixrbv2	57
Simple 1500 Series Vol. 22 - The Pro Wrestling (Japan)	mixrbv2	57
Simple 1500 Series Vol. 23 - The Gateball (Japan)	mixrbv2	57
Simple 1500 Series Vol. 24 - The Gun Shooting (Japan)	mixrbv2	57
Simple 1500 Series Vol. 25 - The Keiba (Japan)	mixrbv2	57
Simple 1500 Series Vol. 26 - The Tennis (Japan)	mixrbv2	57
Simple 1500 Series Vol. 27 - The Snowboard (Japan)	mixrbv2	57
Simple 1500 Series Vol. 28 - The Dungeon RPG (Japan)	mixrbv2	57
Simple 1500 Series Vol. 29 - The Tsuri (Japan)	mixrbv2	57
Simple 1500 Series Vol. 3 - The Gomoku Narabe (Japan)	mixrbv2	57
Simple 1500 Series Vol. 31 - The Sound Novel (Japan)	mixrbv2	57
Simple 1500 Series Vol. 32 - The Boxing (Japan)	mixrbv2	57
Simple 1500 Series Vol. 33 - The Takkyuu (Japan)	mixrbv2	57
Simple 1500 Series Vol. 34 - The Quiz Bangumi (Japan)	mixrbv2	57
Simple 1500 Series Vol. 35 - The Shooting (Japan)	mixrbv2	57
Simple 1500 Series Vol. 36 - The Ren'ai Simulation - Natsuiro Celebration (Japan)	mixrbv2	57
Simple 1500 Series Vol. 37 - The Illust Puzzle & Slide Puzzle (Japan)	mixrbv2	57
Simple 1500 Series Vol. 38 - The Real Racing - Toyota (Japan)	mixrbv2	57
Simple 1500 Series Vol. 39 - The Mahjong 2 (Japan)	mixrbv2	57
Simple 1500 Series Vol. 4 - The Reversi (Japan)	mixrbv2	57
Simple 1500 Series Vol. 40 - The Shougi 2 (Japan)	mixrbv2	57
Simple 1500 Series Vol. 41 - The Reversi 2 (Japan)	mixrbv2	57
Simple 1500 Series Vol. 42 - The Igo 2 (Japan)	mixrbv2	57
Simple 1500 Series Vol. 43 - The Hanafuda 2 (Japan)	mixrbv2	57
Simple 1500 Series Vol. 44 - The Card 2 (Japan)	mixrbv2	57
Simple 1500 Series Vol. 46 - The Mahjong Ochigee - Raku Jongg (Japan)	mixrbv2	57
Simple 1500 Series Vol. 48 - The Puzzle 2 (Japan)	mixrbv2	57
Simple 1500 Series Vol. 49 - The Casino (Japan)	mixrbv2	57
Simple 1500 Series Vol. 5 - The Igo (Japan)	mixrbv2	57
Simple 1500 Series Vol. 50 - The Billiard 2 (Japan)	mixrbv2	57
Simple 1500 Series Vol. 51 - The Jigsaw Puzzle (Japan)	mixrbv2	57
Simple 1500 Series Vol. 52 - The Pro Wrestling 2 (Japan)	mixrbv2	57
Simple 1500 Series Vol. 53 - The Helicopter (Japan)	mixrbv2	57
Simple 1500 Series Vol. 55 - The Darts (Japan)	mixrbv2	57
Simple 1500 Series Vol. 56 - The Sniper (Japan)	mixrbv2	57
Simple 1500 Series Vol. 57 - The Meiro (Japan)	mixrbv2	57
Simple 1500 Series Vol. 58 - The Sumou (Japan)	mixrbv2	57
Simple 1500 Series Vol. 59 - The Suiri - IT Tantei 18 no Jikenbo (Japan)	mixrbv2	57
Simple 1500 Series Vol. 6 - The Hanafuda (Japan)	mixrbv2	57
Simple 1500 Series Vol. 60 - The Table Hockey (Japan)	mixrbv2	57
Simple 1500 Series Vol. 61 - The Quiz 2 (Japan)	mixrbv2	57
Simple 1500 Series Vol. 62 - The Ski (Japan)	mixrbv2	57
Simple 1500 Series Vol. 63 - The Gun Shooting 2 (Japan)	mixrbv2	57
Simple 1500 Series Vol. 64 - The Kick Boxing (Japan)	mixrbv2	57
Simple 1500 Series Vol. 65 - The Golf (Japan)	mixrbv2	57
Simple 1500 Series Vol. 66 - The Kaiten - Mawasundaa!! (Japan)	mixrbv2	57
Simple 1500 Series Vol. 68 - The RC Car - RC de Go! (Japan)	mixrbv2	57
Simple 1500 Series Vol. 69 - The Putter Golf (Japan)	mixrbv2	57
Simple 1500 Series Vol. 7 - The Card (Japan)	mixrbv2	57
Simple 1500 Series Vol. 70 - The War Simulation - Hito no Tsukurishi Monotachi (Japan)	mixrbv2	57
Simple 1500 Series Vol. 71 - The Ren'ai Simulation 2 - Fureai (Japan)	mixrbv2	57
Simple 1500 Series Vol. 72 - The Beach Volley (Japan)	mixrbv2	57
Simple 1500 Series Vol. 73 - The Invaders - Space Invaders 1500 (Japan)	mixrbv2	57
Simple 1500 Series Vol. 74 - The Horror Mystery - Sangeki-kan - Kevin Hakushaku no Fukkatsu (Japan)	mixrbv2	57
Simple 1500 Series Vol. 75 - The Double Shooting - RayStorm x RayCrisis (Japan)	mixrbv2	57
Simple 1500 Series Vol. 76 - The Dodgeball (Japan)	mixrbv2	57
Simple 1500 Series Vol. 77 - The Suiei (Japan)	mixrbv2	57
Simple 1500 Series Vol. 78 - The Zeroyon (Japan)	mixrbv2	57
Simple 1500 Series Vol. 79 - The Shisenshou (Japan)	mixrbv2	57
Simple 1500 Series Vol. 8 - The Solitaire (Japan)	mixrbv2	57
Simple 1500 Series Vol. 80 - The Jintori (Japan)	mixrbv2	57
Simple 1500 Series Vol. 81 - The Ren'ai Adventure - Okaeri! (Japan)	mixrbv2	57
Simple 1500 Series Vol. 82 - The Sensuikan (Japan)	mixrbv2	57
Simple 1500 Series Vol. 83 - The Wakeboard - BursTrick - Wake Boarding!! (Japan)	mixrbv2	57
Simple 1500 Series Vol. 84 - The Intro Quiz (Japan)	mixrbv2	57
Simple 1500 Series Vol. 85 - The Sengoku Bushou - Tenka Touitsu no Yabou (Japan)	mixrbv2	57
Simple 1500 Series Vol. 86 - The Onigokko (Japan)	mixrbv2	57
Simple 1500 Series Vol. 87 - The Kyoutei (Japan)	mixrbv2	57
Simple 1500 Series Vol. 88 - The Gal Mahjong - Love Songs - Idol wa High Rate (Japan)	mixrbv2	57
Simple 1500 Series Vol. 9 - The Chess (Japan)	mixrbv2	57
Simple 1500 Series Vol. 90 - The Sensha (Japan)	mixrbv2	57
Simple 1500 Series Vol. 91 - The Gambler - Honoo no Tobaku Densetsu (Japan)	mixrbv2	57
Simple 1500 Series Vol. 92 - The Tozan RPG - Ginrei no Hasha (Japan)	mixrbv2	57
Simple 1500 Series Vol. 94 - The Cameraman - Gekisha Boy Omake Tsuki (Japan)	mixrbv2	57
Simple 1500 Series Vol. 95 - The Hikouki (Japan)	mixrbv2	57
Simple 1500 Series Vol. 96 - The Yakyuu 2 - 2002 Pro Yakyuu (Japan)	mixrbv2	57
Simple 1500 Series Vol. 97 - The Squash (Japan)	mixrbv2	57
Simple 1500 Series Vol. 98 - The Futsal (Japan)	mixrbv2	57
Simple 1500 Series Vol. 99 - The Kendou - Ken no Hanamichi (Japan)	mixrbv2	57
Simple Character 2000 Series Vol. 01 - Kidou Senshi Gundam - The Gunjin Shougi (Japan)	mixrbv2	57
Simple Character 2000 Series Vol. 02 - Afro-ken - The Puzzle (Japan)	mixrbv2	57
Simple Character 2000 Series Vol. 03 - Kamen Rider - The Bike Race (Japan)	mixrbv2	57
Simple Character 2000 Series Vol. 04 - Jarinko Chie - The Hanafuda (Japan)	mixrbv2	57
Simple Character 2000 Series Vol. 05 - High School! Kimengumi - The Table Hockey (Japan)	mixrbv2	57
Simple Character 2000 Series Vol. 06 - Dokonjou Gaeru - The Mahjong (Japan)	mixrbv2	57
Simple Character 2000 Series Vol. 07 - Ikkyuu-san - The Quiz (Japan)	mixrbv2	57
Simple Character 2000 Series Vol. 08 - Kagaku Ninja-tai Gatchaman - The Shooting (Japan)	mixrbv2	57
Simple Character 2000 Series Vol. 09 - Tsurikichi Sanpei - The Tsuri (Japan)	mixrbv2	57
Simple Character 2000 Series Vol. 10 - Sakigake!! Otokojuku - The Dodgeball (Japan)	mixrbv2	57
Simple Character 2000 Series Vol. 11 - Meitantei Conan - The Board Game (Japan)	mixrbv2	57
Simple Character 2000 Series Vol. 12 - Kidou Butouden G Gundam - The Battle (Japan)	mixrbv2	57
Simple Character 2000 Series Vol. 13 - Shin Kidou Senki Gundam W - The Battle (Japan)	mixrbv2	57
Simple Character 2000 Series Vol. 14 - Nante Tantei Idol - The Jigsaw Puzzle (Japan)	mixrbv2	57
Simple Character 2000 Series Vol. 15 - Cyborg 009 - The Block Kuzushi (Japan)	mixrbv2	57
Simple Character 2000 Series Vol. 16 - Gamba no Bouken - The Puzzle Action (Japan)	mixrbv2	57
Simple Character 2000 Series Vol. 17 - Sentou Mecha Xabungle - The Race in Action (Japan)	mixrbv2	57
Simpsons Wrestling, The (USA)	mixrbv2	57
Simulation Pro Yakyuu '99 (Japan)	mixrbv2	57
Simulation RPG Tkool (Japan)	mixrbv2	57
Simulation Zoo (Japan)	mixrbv2	57
Sister Princess (Japan) (Disc 1)	mixrbv2	57
Sister Princess - Pure Stories (Japan)	mixrbv2	57
Sister Princess 2 (Japan) (Disc 1)	mixrbv2	57
Sister Princess 2 - Premium Fan Disc (Japan) (Disc A)	mixrbv2	57
Sitting Ducks (Europe) (En,Fr,De,Es,It,Nl)	mixrbv2	57
Skeleton Warriors (USA)	mixrbv2	57
Ski Air Mix (Europe)	mixrbv2	57
Skullmonkeys (USA)	mixrbv2	57
Sky Sports Football Quiz (Europe)	mixrbv2	57
Sky Sports Football Quiz - Season 02 (Europe)	mixrbv2	57
Skydiving Extreme (USA)	mixrbv2	57
Slam 'n Jam '96 featuring Magic & Kareem (USA)	mixrbv2	57
Slam Dragon (Japan)	mixrbv2	57
Slamscape (USA)	mixrbv2	57
Slap Happy Rhythm Busters (Japan)	mixrbv2	57
Slayers Royal (Japan)	mixrbv2	57
Slayers Royal 2 (Japan)	mixrbv2	57
Slayers Wonderful (Japan)	mixrbv2	57
Sled Storm (USA, Canada)	mixrbv2	57
Slime Shiyou! (Japan)	mixrbv2	57
Slot! Pro - Ooedo Sakura Fubuki 2 (Japan)	mixrbv2	57
Slot! Pro 2 - Bakuretsu Oozumou Aka & Murasaki (Japan)	mixrbv2	57
Slot! Pro 3 - Juggler Special (Japan)	mixrbv2	57
Slot! Pro 4 - Tairyou Special (Japan)	mixrbv2	57
Slot! Pro 5 - Naniwa Sakura Fubuki & Shimauta (Japan)	mixrbv2	57
Slot! Pro 6 - Hyper Juggler V (Japan)	mixrbv2	57
Slot! Pro 7 - Hana Densetsu (Japan)	mixrbv2	57
Slot! Pro 8 - Shimamusume 30 & Hana Densetsu 25 (Japan)	mixrbv2	57
Slots (USA)	mixrbv2	57
Slotter Mania - Gekinetsu Oki-Slot! Siosai Special (Japan)	mixrbv2	57
Slotter Mania 2 - Chounetsu 30 Phi! Hana Hana & KingBary & Hai Hai Siosai (Japan)	mixrbv2	57
Slotter Mania 3 - Bakuryou Houshutsu! Uminchu & Fire Element (Japan)	mixrbv2	57
Slotter Mania 4 - Gekiatsu Youkou! Siolar & King Castle & Kabuto (Japan)	mixrbv2	57
Slotter Mania 5 - Gekiuchi Shinzui! Hyper Juggler V & Kita-chan Country & Wonder Review 2 (Japan)	mixrbv2	57
Slotter Mania 6 - Bakuretsu Sairai! Wadatsumi (2 Types) & Blue Lagoon (Japan)	mixrbv2	57
Slotter Mania 7 - Gekiatsu! Siosai-musume Seizoroi DX + Apache A (Japan)	mixrbv2	57
Slotter Mania 8 - Miwaku no Takarabako! Jewel Magic 2 & Gold & Silver (Japan)	mixrbv2	57
Slotter Mania 9 - Gokunetsu 30 Phi! Haibi & Splash Seven (Japan)	mixrbv2	57
Slotter Mania Core - Tokonatsu no Atsusa! Oasis (Japan)	mixrbv2	57
Slotter Mania Gaiden - Chouatsu Densetsu! Golden Rookie & Fire V & Ryuuou (Japan)	mixrbv2	57
Small Soldiers (USA)	mixrbv2	57
Smash Court (Japan)	mixrbv2	57
Smash Court 2 (Japan)	mixrbv2	57
Smash Court 3 (Japan)	mixrbv2	57
Smurf Racer! (USA) (En,Fr,Es)	mixrbv2	57
Smurfs, The (USA) (En,Fr,Es)	mixrbv2	57
Snatcher (Japan)	mixrbv2	57
Sno Pokeler (Japan)	mixrbv2	57
SnoCross Championship Racing (USA)	mixrbv2	57
Snobow Kids Plus (Japan)	mixrbv2	57
Snow Break (Japan, Asia)	mixrbv2	57
Snow Racer 98 (Europe) (En,Fr,De)	mixrbv2	57
Snowboard Racer (Europe)	mixrbv2	57
Snowboarding (USA)	mixrbv2	57
Snowman, The (Japan)	mixrbv2	57
Soccer '97 (Europe) (En,Fr,De,Es,It)	mixrbv2	57
Soccer Kid (Europe)	mixrbv2	57
Soeldnerschild Special (Japan)	mixrbv2	57
Sol Divide (USA)	mixrbv2	57
Sold Out (Japan)	mixrbv2	57
Solid Link - Dungeon Side (Japan)	mixrbv2	57
Solid Link - Tower Side (Japan)	mixrbv2	57
Sonata (Japan) (Disc 1)	mixrbv2	57
Sonic Wings Special (Europe)	mixrbv2	57
Sorcerer's Maze (USA)	mixrbv2	57
Soreike Flyfishing - Let's Go Flyfishing (Japan)	mixrbv2	57
Soreike no Kokology - Kokoro ga Oshieru Koi, Kekkon, Jinsei (Japan)	mixrbv2	57
Sotsugyou - Crossworld (Japan)	mixrbv2	57
Sotsugyou II - Neo Generation (Japan)	mixrbv2	57
Sotsugyou III - Wedding Bell (Japan)	mixrbv2	57
Sotsugyou M - Seito Kaichou no Karei naru Inbou (Japan) (Disc 1)	mixrbv2	57
Sotsugyou R - Graduation Real (Japan)	mixrbv2	57
Sotsugyou Vacation (Japan)	mixrbv2	57
Sougaku Toshi Osaka (Japan) (Disc 1) (Method)	mixrbv2	57
Soukaigi (Japan) (Disc 1)	mixrbv2	57
Soukoban - Nanmon Shinan (Japan)	mixrbv2	57
Soukoban Basic (Japan)	mixrbv2	57
Soukoban Basic 2 (Japan)	mixrbv2	57
Soukou Kidoutai L.A.P.D. (Japan)	mixrbv2	57
Soukou Kihei Votoms - Koutetsu no Gunzei (Japan)	mixrbv2	57
Soukou Kihei Votoms - Lightning Slash (Japan)	mixrbv2	57
Soukou Kihei Votoms - Woodo Kummen (Japan)	mixrbv2	57
Soukou Kihei Votoms Gaiden - Ao no Kishi Berserga Monogatari (Japan, Asia)	mixrbv2	57
Soukuu no Tsubasa - Gotha World (Japan) (Disc 1)	mixrbv2	57
Soul Blade (USA)	mixrbv2	57
Soul Edge (Japan)	mixrbv2	57
Soul of the Samurai (USA)	mixrbv2	57
Soulmaster (Japan)	mixrbv2	57
Soumatou (Japan)	mixrbv2	57
Sound Novel Evolution 1 - Otogirisou - Sosei-hen (Japan)	mixrbv2	57
Sound Novel Evolution 2 - Kamaitachi no Yoru Tokubetsu-hen (Japan)	mixrbv2	57
Sound Novel Evolution 3 - Machi - Unmei no Kousaten (Japan) (Disc 1)	mixrbv2	57
Sound Novel Tkool 2 (Japan)	mixrbv2	57
Sound Qube (Japan)	mixrbv2	57
Souryuu (Japan)	mixrbv2	57
Souten no Shiroki Kami no Kura - Great Peak (Japan)	mixrbv2	57
South Park (USA)	mixrbv2	57
South Park - Chef's Luv Shack (USA)	mixrbv2	57
South Park Rally (USA)	mixrbv2	57
Southern All Stars - Space MOSA Space Museum of Southern Art (Japan) (Disc 1) (Museum)	mixrbv2	57
Soviet Strike (USA)	mixrbv2	57
Space Adventure Cobra - The Shooting (Japan)	mixrbv2	57
Space Debris (Europe)	mixrbv2	57
Space Griffon VF-9 (USA)	mixrbv2	57
Space Hulk - Vengeance of the Blood Angels (USA)	mixrbv2	57
Space Invaders (USA)	mixrbv2	57
Space Invaders 2000 (Japan)	mixrbv2	57
Space Jam (USA)	mixrbv2	57
Space Rider (Europe)	mixrbv2	57
Space Shot (USA)	mixrbv2	57
Sparrow Garden - Namco Mahjong (Japan)	mixrbv2	57
Spawn - The Eternal (USA)	mixrbv2	57
Spec Ops - Airborne Commando (USA)	mixrbv2	57
Spec Ops - Covert Assault (USA)	mixrbv2	57
Spec Ops - Ranger Elite (USA)	mixrbv2	57
Spec Ops - Stealth Patrol (USA)	mixrbv2	57
Spectral Blade (Japan)	mixrbv2	57
Spectral Force (Japan)	mixrbv2	57
Spectral Force - Itoshiki Jaaku (Japan)	mixrbv2	57
Spectral Force 2 (Japan)	mixrbv2	57
Spectral Tower (Japan)	mixrbv2	57
Spectral Tower II (Japan)	mixrbv2	57
Speed Freaks (Europe)	mixrbv2	57
Speed Machines (Europe)	mixrbv2	57
Speed Punks (USA)	mixrbv2	57
Speed Racer (USA)	mixrbv2	57
Speedball 2100 (USA)	mixrbv2	57
Speedster (Europe)	mixrbv2	57
Spice World (USA)	mixrbv2	57
Spider - The Video Game (USA)	mixrbv2	57
Spider-Man (USA)	mixrbv2	57
Spider-Man 2 - Enter - Electro (USA)	mixrbv2	57
Spider-Man 2 - La Revanche d'Electro (France)	mixrbv2	57
Spin Jam (USA)	mixrbv2	57
Spin Tail (Japan)	mixrbv2	57
Sports Car GT (USA)	mixrbv2	57
Sports Superbike (Europe) (En,Fr,De,It)	mixrbv2	57
Sports Superbike 2 (USA)	mixrbv2	57
Spot Goes to Hollywood (USA)	mixrbv2	57
Spriggan - Lunar Verse (Japan)	mixrbv2	57
Spyro - Year of the Dragon (USA)	mixrbv2	57
Spyro 2 - Gateway to Glimmer (Europe) (En,Fr,De,Es,It)	mixrbv2	57
Spyro 2 - Ripto's Rage! (USA)	mixrbv2	57
Spyro the Dragon (USA)	mixrbv2	57
Spyro x Sparx - Tondemo Tours (Japan)	mixrbv2	57
St. Andrews Old Course - Eikou no St. Andrews (Japan)	mixrbv2	57
St. Luminous Jogakuin (Japan)	mixrbv2	57
Stadt der verlorenen Kinder, Die (Germany)	mixrbv2	57
Stahlfeder - Tekkou Hikuudan (Japan)	mixrbv2	57
Stakes Winner - G1 Kanzen Seiha e no Michi (Japan)	mixrbv2	57
Stakes Winner 2 - Saikyouba Densetsu (Japan)	mixrbv2	57
Standby Say You! (Japan)	mixrbv2	57
Star Bowling DX, The (Japan) (Disc 1)	mixrbv2	57
Star Fighter (USA)	mixrbv2	57
Star Gladiator (Europe) (Demo)	mixrbv2	57
Star Gladiator - Episode I - Final Crusade (USA)	mixrbv2	57
Star Ixiom (Europe)	mixrbv2	57
Star Monja (Japan)	mixrbv2	57
Star Ocean - The Second Story (USA) (Disc 1)	mixrbv2	57
Star Sweep (USA)	mixrbv2	57
Star Trek - Invasion (USA)	mixrbv2	57
Star Wars - Dark Forces (USA)	mixrbv2	57
Star Wars - Demolition (USA)	mixrbv2	57
Star Wars - Episode I - Die dunkle Bedrohung (Germany)	mixrbv2	57
Star Wars - Episode I - Jedi Power Battles (USA)	mixrbv2	57
Star Wars - Episode I - La Menace Fantome (France)	mixrbv2	57
Star Wars - Episode I - The Phantom Menace (USA)	mixrbv2	57
Star Wars - Episodio I - La Amenaza Fantasma (Spain)	mixrbv2	57
Star Wars - Episodio I - La Minaccia Fantasma (Italy)	mixrbv2	57
Star Wars - Masters of Teras Kasi (USA)	mixrbv2	57
Star Wars - Rebel Assault II - The Hidden Empire (USA) (Disc 1)	mixrbv2	57
StarFighter 3000 (Europe) (En,Fr,De,Es,It)	mixrbv2	57
StarSweep (Europe)	mixrbv2	57
Starblade Alpha (USA)	mixrbv2	57
Starborders (Japan)	mixrbv2	57
Starfighter Sanvein (USA)	mixrbv2	57
Starlight Scramble - Ren'ai Kouhosei (Japan)	mixrbv2	57
Startling Adventures - Kuusou 3x Daibouken (Japan)	mixrbv2	57
Startling Odyssey 1 - Blue Evolution (Japan)	mixrbv2	57
Starwinder - The Ultimate Space Race (USA)	mixrbv2	57
Steel Harbinger (USA)	mixrbv2	57
Steel Reign (USA)	mixrbv2	57
Stock Car Racer (Europe)	mixrbv2	57
Stone Walkers (Japan)	mixrbv2	57
Straight Victory - Hoshino Kazuyoshi e no Chousen (Japan)	mixrbv2	57
Stray Sheep - The Adventure of Poe & Merry (Japan)	mixrbv2	57
Streak Hoverboard Racing (USA)	mixrbv2	57
Street Boarders (Japan)	mixrbv2	57
Street Boarders 2 (Japan)	mixrbv2	57
Street Fighter - The Movie (USA)	mixrbv2	57
Street Fighter Alpha - Warriors' Dreams (USA)	mixrbv2	57
Street Fighter Alpha 2 (USA)	mixrbv2	57
Street Fighter Alpha 3 (USA)	mixrbv2	57
Street Fighter Collection (USA) (Disc 1)	mixrbv2	57
Street Fighter Collection 2 (USA)	mixrbv2	57
Street Fighter EX + Alpha (Europe) (Demo)	mixrbv2	57
Street Fighter EX Plus Alpha (USA)	mixrbv2	57
Street Fighter EX2 Plus (USA)	mixrbv2	57
Street Fighter II Movie (Japan) (Disc 1)	mixrbv2	57
Street Fighter Zero 2 (Japan)	mixrbv2	57
Street Fighter Zero 2' (Japan)	mixrbv2	57
Street Games '97 (Japan)	mixrbv2	57
Street Racer (USA)	mixrbv2	57
Street Racer Extra (Japan)	mixrbv2	57
Street Racquetball (USA)	mixrbv2	57
Street Scooters (Europe) (En,Fr,De,Es,It)	mixrbv2	57
Street Sk8er (USA)	mixrbv2	57
Street Sk8er 2 (USA)	mixrbv2	57
Street Skater (Europe) (En,Fr,De)	mixrbv2	57
Street Skater 2 (Europe) (En,Fr,De)	mixrbv2	57
Stressless Lesson - Les Les (Japan)	mixrbv2	57
Strider (USA)	mixrbv2	57
Strider 2 (USA)	mixrbv2	57
Strike Force Hydra (Europe)	mixrbv2	57
Strike Point (USA)	mixrbv2	57
Strikepoint - The Hex Missions (Europe) (En,Fr,De,Es,It)	mixrbv2	57
Striker - World Cup Premiere Stage (Japan)	mixrbv2	57
Striker 96 (USA)	mixrbv2	57
Striker Pro 2000 (USA)	mixrbv2	57
Strikers 1945 (USA)	mixrbv2	57
Strikers 1945 II (Europe)	mixrbv2	57
Stuart Little 2 (USA)	mixrbv2	57
Studio P (Japan)	mixrbv2	57
Study Quest - Keisan-jima no Daibouken (Japan)	mixrbv2	57
Sub (France)	mixrbv2	57
Subete ga F ni Naru - The Perfect Insider (Japan)	mixrbv2	57
Submarine Commander (Europe)	mixrbv2	57
Submarine Hunter Shachi (Japan)	mixrbv2	57
Suchie-Pai Adventure - Doki Doki Nightmare (Japan) (Disc 1)	mixrbv2	57
Suiko Enbu (Japan)	mixrbv2	57
Suikoden (USA)	mixrbv2	57
Suikoden - Tendou Hyaku Hachi-sei (Japan)	mixrbv2	57
Suikoden - Tenmei no Chikai (Japan)	mixrbv2	57
Suikoden II (USA)	mixrbv2	57
Suizokukan Project - Fish Hunter e no Michi (Japan)	mixrbv2	57
Summon Night (Japan)	mixrbv2	57
Summon Night 2 (Japan) (Disc 1)	mixrbv2	57
Suna no Embrace - Edin no Sato no Navel (Japan)	mixrbv2	57
Super Adventure Rockman (Japan) (Disc 1) (Episode 1 Tsuki no Shinden)	mixrbv2	57
Super Bass Fishing (Japan)	mixrbv2	57
Super Black Bass X (Japan)	mixrbv2	57
Super Bubble Pop (USA)	mixrbv2	57
Super Casino Special (Japan)	mixrbv2	57
Super Dropzone - Intergalactic Rescue Mission (Europe)	mixrbv2	57
Super Football Champ (Europe)	mixrbv2	57
Super Gals! Kotobuki Ran Special - Ikemen Get You Gals Party (Japan)	mixrbv2	57
Super Hero Sakusen (Japan)	mixrbv2	57
Super Hero Sakusen - Diedal no Yabou (Japan)	mixrbv2	57
Super Lite Best Vol. 2 - Sanvein & Bomb Boat (Korea) (En,Ko)	mixrbv2	57
Super Live Stadium (Japan)	mixrbv2	57
Super Match Soccer (Europe) (En,Fr,De,Es,It)	mixrbv2	57
Super Pang Collection (Europe)	mixrbv2	57
Super Price Series - Billiards (Japan)	mixrbv2	57
Super Price Series - Block & Switch (Japan)	mixrbv2	57
Super Price Series - Hanafuda (Japan)	mixrbv2	57
Super Price Series - Mahjong (Japan)	mixrbv2	57
Super Price Series - Paipai (Japan)	mixrbv2	57
Super Price Series - Reversi (Japan)	mixrbv2	57
Super Puzzle Fighter II Turbo (USA)	mixrbv2	57
Super Puzzle Fighter II X (Japan)	mixrbv2	57
Super Robot Shooting (Japan)	mixrbv2	57
Super Robot Taisen - Complete Box (Japan) (Disc 1) (Super Robot Wars Complete Box)	mixrbv2	57
Super Robot Taisen Alpha (Japan)	mixrbv2	57
Super Robot Taisen Alpha Gaiden (Japan)	mixrbv2	57
Super Robot Taisen EX (Japan)	mixrbv2	57
Super Robot Taisen F (Japan)	mixrbv2	57
Super Robot Taisen F - Kanketsu-hen (Japan)	mixrbv2	57
Super Shot Soccer (USA)	mixrbv2	57
Super Slammin' Dodgeball (Europe)	mixrbv2	57
Super Tokusatsu Taisen 2001 (Japan)	mixrbv2	57
SuperCross Circuit (USA)	mixrbv2	57
SuperLite 1500 Series - Angolmois 99 (Japan)	mixrbv2	57
SuperLite 1500 Series - Asteroids (Japan)	mixrbv2	57
SuperLite 1500 Series - Battle Qix (Japan)	mixrbv2	57
SuperLite 1500 Series - Battle Sugoroku the Hunter - A.R.0062 (Japan)	mixrbv2	57
SuperLite 1500 Series - Bomboat (Japan)	mixrbv2	57
SuperLite 1500 Series - Burn Out (Japan)	mixrbv2	57
SuperLite 1500 Series - Card II (Japan)	mixrbv2	57
SuperLite 1500 Series - Castrol Honda Super Bike Racing (Japan)	mixrbv2	57
SuperLite 1500 Series - Castrol Honda VTR (Japan)	mixrbv2	57
SuperLite 1500 Series - Chitty Chitty Chicken (Japan)	mixrbv2	57
SuperLite 1500 Series - Crazy Balloon 2000 (Japan)	mixrbv2	57
SuperLite 1500 Series - Crossword (Japan)	mixrbv2	57
SuperLite 1500 Series - Crossword 2 (Japan)	mixrbv2	57
SuperLite 1500 Series - Crossword 3 (Japan)	mixrbv2	57
SuperLite 1500 Series - Fishing Club - Boat no Tsuri-hen (Japan)	mixrbv2	57
SuperLite 1500 Series - Fishing Club - Bouhatei no Tsuri-hen (Japan)	mixrbv2	57
SuperLite 1500 Series - Fishing Club - Hama no Tsuri-hen (Japan)	mixrbv2	57
SuperLite 1500 Series - Hanafuda II (Japan)	mixrbv2	57
SuperLite 1500 Series - Hooockey!! (Japan)	mixrbv2	57
SuperLite 1500 Series - KeePer (Japan)	mixrbv2	57
SuperLite 1500 Series - Maerchen Adventure - Cotton 100% (Japan)	mixrbv2	57
SuperLite 1500 Series - Mahjong II (Japan)	mixrbv2	57
SuperLite 1500 Series - Makikou (Japan)	mixrbv2	57
SuperLite 1500 Series - Naniwa Wangan Battle (Japan)	mixrbv2	57
SuperLite 1500 Series - NumCro (Japan)	mixrbv2	57
SuperLite 1500 Series - NumCro 2 (Japan)	mixrbv2	57
SuperLite 1500 Series - NumCro 3 (Japan)	mixrbv2	57
SuperLite 1500 Series - NumCro 4 (Japan)	mixrbv2	57
SuperLite 1500 Series - Oekaki Puzzle (Japan)	mixrbv2	57
SuperLite 1500 Series - Oekaki Puzzle 2 (Japan)	mixrbv2	57
SuperLite 1500 Series - Oekaki Puzzle 3 (Japan)	mixrbv2	57
SuperLite 1500 Series - Oekaki Puzzle 4 (Japan)	mixrbv2	57
SuperLite 1500 Series - Oekaki Puzzle 5 (Japan)	mixrbv2	57
SuperLite 1500 Series - Pangaea (Japan)	mixrbv2	57
SuperLite 1500 Series - Pinball - Golden Logres (Japan)	mixrbv2	57
SuperLite 1500 Series - Qix 2000 (Japan)	mixrbv2	57
SuperLite 1500 Series - Quiz Master - Blue (Japan)	mixrbv2	57
SuperLite 1500 Series - Quiz Master - Red (Japan)	mixrbv2	57
SuperLite 1500 Series - Quiz Master - Yellow (Japan)	mixrbv2	57
SuperLite 1500 Series - Reversi II (Japan)	mixrbv2	57
SuperLite 1500 Series - Sanvein (Japan)	mixrbv2	57
SuperLite 1500 Series - Seiyou Senseijutsu - Mark Yazaki Kanshuu (Japan)	mixrbv2	57
SuperLite 1500 Series - Shanghai - Dynasty (Japan)	mixrbv2	57
SuperLite 1500 Series - Shichuu Suimei - Mark Yazaki Kanshuu (Japan)	mixrbv2	57
SuperLite 1500 Series - Shinsei Toilet no Hanako-san (Japan)	mixrbv2	57
SuperLite 1500 Series - Shougi II (Japan)	mixrbv2	57
SuperLite 1500 Series - Slither Link (Japan)	mixrbv2	57
SuperLite 1500 Series - Space Chaser 2000 (Japan)	mixrbv2	57
SuperLite 1500 Series - StarSweep (Japan)	mixrbv2	57
SuperLite 1500 Series - Strikers 1945 II (Japan)	mixrbv2	57
SuperLite 1500 Series - Suudoku (Japan)	mixrbv2	57
SuperLite 1500 Series - Suudoku 2 (Japan)	mixrbv2	57
SuperLite 1500 Series - Suudoku 3 (Japan)	mixrbv2	57
SuperLite 1500 Series - Suudoku 4 (Japan)	mixrbv2	57
SuperLite 1500 Series - Suudoku 5 (Japan)	mixrbv2	57
SuperLite 1500 Series - The Curling (Japan)	mixrbv2	57
SuperLite 1500 Series - The Game Maker (Japan)	mixrbv2	57
SuperLite 1500 Series - The Tetris (Japan)	mixrbv2	57
SuperLite 3in1 Series - Arcade Classic-shuu (Japan)	mixrbv2	57
SuperLite 3in1 Series - Board Game-shuu (Japan)	mixrbv2	57
SuperLite 3in1 Series - Card Game-shuu (Japan)	mixrbv2	57
SuperLite 3in1 Series - Crossword-shuu (Japan)	mixrbv2	57
SuperLite 3in1 Series - NumCro-shuu (Japan)	mixrbv2	57
SuperLite 3in1 Series - Oekaki Puzzle-shuu (Japan)	mixrbv2	57
SuperLite 3in1 Series - Quiz-shuu (Japan)	mixrbv2	57
SuperLite 3in1 Series - Suudoku-shuu (Japan)	mixrbv2	57
SuperLite 3in1 Series - Tsuri-shuu (Japan)	mixrbv2	57
SuperLite Gold Series - Minna no Chess (Japan)	mixrbv2	57
SuperLite Gold Series - Minna no Igo (Japan)	mixrbv2	57
SuperLite Gold Series - Minna no Mahjong (Japan)	mixrbv2	57
SuperLite Gold Series - Minna no Othello (Japan)	mixrbv2	57
SuperLite Gold Series - Minna no Shougi - Chuukyuu-hen (Japan)	mixrbv2	57
SuperLite Gold Series - Minna no Shougi - Joukyuu-hen (Japan)	mixrbv2	57
SuperLite Gold Series - Minna no Shougi - Shokyuu-hen (Japan)	mixrbv2	57
SuperLite Gold Series - Otenami Haiken (Japan)	mixrbv2	57
Superbike Masters (Europe)	mixrbv2	57
Superman (USA) (Proto) (1999-10-29)	mixrbv2	57
Superstar Dance Club - 1 Hits!!! (USA)	mixrbv2	57
Surf Riders (USA)	mixrbv2	57
Susume! Kaizoku - Be Pirates! (Japan)	mixrbv2	57
Susume! Taisen Puzzle-dama (Japan)	mixrbv2	57
Suzu Monogatari (Japan)	mixrbv2	57
Suzuki Alstare Challenge (France)	mixrbv2	57
Suzuki Bakuhatsu (Japan)	mixrbv2	57
Sven-Goeran Eriksson's World Challenge (Europe)	mixrbv2	57
Sven-Goeran Eriksson's World Manager (Europe)	mixrbv2	57
Swagman (USA)	mixrbv2	57
Swing (Europe) (En,Fr,De)	mixrbv2	57
Sword of Camelot, The (Europe) (En,Fr,De,Nl)	mixrbv2	57
Sydney 2000 (USA)	mixrbv2	57
Syndicate Wars (USA)	mixrbv2	57
Syphon Filter (USA)	mixrbv2	57
Syphon Filter 2 (USA) (Disc 1)	mixrbv2	57
Syphon Filter 2 - Conspiracion Mortal (Spain) (Disc 1)	mixrbv2	57
Syphon Filter 3 (USA)	mixrbv2	57
Syphon Filter 3 - Sentencia Final (Spain)	mixrbv2	57
T kara Hajimaru Monogatari (Japan)	mixrbv2	57
T'ai Fu - Die Rache des Tigers (Germany)	mixrbv2	57
T'ai Fu - Wrath of the Tiger (USA)	mixrbv2	57
T.R.A.G. - Mission of Mercy (USA)	mixrbv2	57
TFX - Tactical Fighter eXperiment (Japan)	mixrbv2	57
TIZ - Tokyo Insect Zoo (Japan)	mixrbv2	57
TNN Motor Sports HardCore 4X4 (USA)	mixrbv2	57
TNN Motorsports HardCore TR (USA)	mixrbv2	57
TOCA 2 - Touring Car Challenge (USA) (En,Fr,Es)	mixrbv2	57
TOCA 2 Touring Cars (Europe) (Es,It)	mixrbv2	57
TOCA Championship Racing (USA) (En,Es)	mixrbv2	57
TOCA Touring Car Championship (Europe) (En,Fr,De,Es,It)	mixrbv2	57
TOCA World Touring Cars (Europe) (Es,It)	mixrbv2	57
TRL - The Rail Loaders (Japan)	mixrbv2	57
TV Animation X - Unmei no Sentaku (Japan)	mixrbv2	57
Tactical Armor Custom Gasaraki (Japan)	mixrbv2	57
Tactics Ogre (USA)	mixrbv2	57
Tactics Ogre - Let Us Cling Together (Japan)	mixrbv2	57
Tadaima Wakusei Kaitaku-chuu! (Japan)	mixrbv2	57
Taiho Shichau zo - You're Under Arrest (Japan) (Disc 1)	mixrbv2	57
Taiketsu Rumiizu! Meruhen Land (Japan)	mixrbv2	57
Taikou Risshiden II (Japan)	mixrbv2	57
Taikou Risshiden III (Japan)	mixrbv2	57
Taikyoku Igo - Heisei Kiin (Japan)	mixrbv2	57
Taikyoku Igo - Shinzui Gosennin (Japan)	mixrbv2	57
Taikyoku Igo - Shinzui Gosennin - Nigou (Japan)	mixrbv2	57
Taikyoku Shougi - Kiwame (Japan)	mixrbv2	57
Tail Concerto (USA)	mixrbv2	57
Tail of the Sun (USA)	mixrbv2	57
Taisen Ren'ai Simulation - Trifers Mahou Gakuen (Japan)	mixrbv2	57
Taiyo no Otsuge (Japan)	mixrbv2	57
Taiyou no Shippo - Wild, Pure, Simple Life (Japan)	mixrbv2	57
Taklamakan - Tonkou Denki (Japan)	mixrbv2	57
Tales of Destiny (USA)	mixrbv2	57
Tales of Destiny II (USA) (Disc 1)	mixrbv2	57
Tales of Eternia (Japan) (Disc 1)	mixrbv2	57
Tales of Fandom Vol. 1 - Mint Version (Japan)	mixrbv2	57
Tales of Phantasia (Japan)	mixrbv2	57
Tall - Infinity (USA)	mixrbv2	57
Tall - Twins Tower (Japan)	mixrbv2	57
Tall Unlimited (Japan)	mixrbv2	57
Tama - Adventurous Ball in Giddy Labyrinth (Japan)	mixrbv2	57
Tamago de Puzzle (Japan)	mixrbv2	57
Tanaka Torahiko no Ultra-ryuu Shougi - Ibisha Anaguma-hen (Japan)	mixrbv2	57
Tank Racer (Europe) (En,Fr,De,Es,It)	mixrbv2	57
Tanoshii Mahjong (Japan)	mixrbv2	57
Tantei Jinguuji Saburou - Early Collection (Japan)	mixrbv2	57
Tantei Jinguuji Saburou - Mikan no Report (Japan)	mixrbv2	57
Tantei Jinguuji Saburou - Tomoshibi ga Kienu Ma ni (Japan)	mixrbv2	57
Tantei Jinguuji Saburou - Yume no Owari ni (Japan)	mixrbv2	57
Taregoro - Tarepanda no Iru Nichijou (Japan)	mixrbv2	57
Tasogare no Ode (Japan)	mixrbv2	57
Tatsunoko Fight (Japan)	mixrbv2	57
Taxi 2 (France) (En,Fr)	mixrbv2	57
Team Buddies (USA)	mixrbv2	57
Team Losi RC Racer (USA)	mixrbv2	57
Techno BB (Japan)	mixrbv2	57
TechnoMage - Die Rueckkehr der Ewigkeit (Germany)	mixrbv2	57
TechnoMage - El Retorno de la Eternidad (Spain)	mixrbv2	57
TechnoMage - En Quete de L'Eternite (France)	mixrbv2	57
TechnoMage - Return of Eternity (Europe)	mixrbv2	57
Tecmo Stackers (USA)	mixrbv2	57
Tecmo Super Bowl (USA)	mixrbv2	57
Tecmo World Golf - Japan (USA)	mixrbv2	57
Tecmo's Deception - Invitation to Darkness (USA)	mixrbv2	57
Teitoku no Ketsudan II (Japan)	mixrbv2	57
Teitoku no Ketsudan III (Japan)	mixrbv2	57
Tekken (USA)	mixrbv2	57
Tekken 2 & Fade to Black & F1 & V-CD (Europe, Australia)	mixrbv2	57
Tekken 2 (USA)	mixrbv2	57
Tekken 3 (USA)	mixrbv2	57
Tekkyuu - True Pinball (Japan)	mixrbv2	57
Telefoot Manager (France)	mixrbv2	57
Tempest X3 (USA)	mixrbv2	57
Ten Pin Alley (USA)	mixrbv2	57
Ten made Jack - Odoroki Mamenoki Daitoubou!! (Japan)	mixrbv2	57
Tenant Wars (Japan)	mixrbv2	57
Tenchi Muyou! Toukou Muyou (Japan) (Disc 1)	mixrbv2	57
Tenchi o Kurau II - Sekiheki no Tatakai (Japan)	mixrbv2	57
Tenchu - Stealth Assassins (USA)	mixrbv2	57
Tenchu 2 - Birth of the Stealth Assassins (USA)	mixrbv2	57
Tenga Seiha (Japan)	mixrbv2	57
Tenka Touitsu (Japan)	mixrbv2	57
Tenkuu no Escaflowne (Japan)	mixrbv2	57
Tenkuu no Restaurant (Japan)	mixrbv2	57
Tenkuu no Restaurant - Hello! Project Ver. (Japan)	mixrbv2	57
Tennis (USA)	mixrbv2	57
Tennis Arena (USA)	mixrbv2	57
Tennis no Oujisama (Japan)	mixrbv2	57
Tennis no Oujisama - Sweat & Tears (Japan)	mixrbv2	57
Tensen Nyannyan Gekijouban (Japan)	mixrbv2	57
Tenshi Doumei (Japan)	mixrbv2	57
Tenshi na Konamaiki (Japan)	mixrbv2	57
Tentama (Japan)	mixrbv2	57
Terracon (Europe) (En,Fr,De,Es,It)	mixrbv2	57
Terry Pratchett's Discworld (USA)	mixrbv2	57
Test Drive 4 (USA)	mixrbv2	57
Test Drive 4x4 (Europe) (En,Fr,De)	mixrbv2	57
Test Drive 5 (USA)	mixrbv2	57
Test Drive 6 (USA)	mixrbv2	57
Test Drive Le Mans (USA) (En,Fr,Es)	mixrbv2	57
Test Drive Off-Road (USA)	mixrbv2	57
Test Drive Off-Road 2 (USA)	mixrbv2	57
Test Drive Off-Road 3 (USA)	mixrbv2	57
Tetris Plus (USA)	mixrbv2	57
Tetris X (Japan)	mixrbv2	57
Tetris with Cardcaptor Sakura - Eternal Heart (Japan)	mixrbv2	57
Tetsudou-ou '96 - Iku ze Okuman Chouja!! (Japan)	mixrbv2	57
Tetsudou-ou 2 - Sekai Seifuku no Yabou!! (Japan)	mixrbv2	57
Tetsuya Komuro - Gaball Screen (Japan)	mixrbv2	57
Tettei Kaiseki - Hisshou Pachi-Slot Doujou - Yamasa & Pioneer (Japan)	mixrbv2	57
That's QT (Japan)	mixrbv2	57
Theme Aquarium (Japan)	mixrbv2	57
Theme Hospital (USA)	mixrbv2	57
Theme Park (USA)	mixrbv2	57
Theme Park World (Europe) (En,Fr,De,Es,It,Nl,Sv)	mixrbv2	57
This Is Football (Europe)	mixrbv2	57
This Is Football 2 (Europe)	mixrbv2	57
Thoroughbred Breeder - Sekai Seiha-hen (Japan)	mixrbv2	57
Thoroughbred Breeder II Plus (Japan)	mixrbv2	57
Thoroughbred-tachi no Eikan - The Victorious Thoroughbreds (Japan)	mixrbv2	57
Thousand Arms (USA) (Disc 1)	mixrbv2	57
Thrasher - SK8 (Japan)	mixrbv2	57
Thrasher - Skate and Destroy (USA)	mixrbv2	57
Threads of Fate (USA, Canada)	mixrbv2	57
Three Stooges, The (USA)	mixrbv2	57
Thrill Kill (USA) (Proto) (1998-08-10)	mixrbv2	57
Thunder Force V - Perfect System (USA)	mixrbv2	57
Thunder Storm & Road Blaster (Japan) (Disc 1) (Thunder Storm)	mixrbv2	57
Thunder Truck Rally (USA)	mixrbv2	57
Thunderhawk II (Japan)	mixrbv2	57
Thunderstrike 2 (USA)	mixrbv2	57
Tiger Woods 99 PGA Tour Golf (USA)	mixrbv2	57
Tiger Woods PGA Tour 2000 (USA)	mixrbv2	57
Tiger Woods PGA Tour Golf (USA)	mixrbv2	57
Tigershark (USA)	mixrbv2	57
Tilk - Aoi Umi kara Kita Shoujo (Japan)	mixrbv2	57
Tilt! (Europe) (En,Fr,De)	mixrbv2	57
Time Bokan - Yattaman (Italy)	mixrbv2	57
Time Bokan Series - Bokan GoGoGo (Japan)	mixrbv2	57
Time Bokan Series - Bokan desu yo (Japan)	mixrbv2	57
Time Bokan Series - Bokan to Ippatsu! Doronbow (Japan)	mixrbv2	57
Time Commando (USA)	mixrbv2	57
Time Crisis (USA)	mixrbv2	57
Time Crisis - Project Titan (USA)	mixrbv2	57
Time Gal & Ninja Hayate (Japan) (En,Ja) (Disc 1) (Time Gal)	mixrbv2	57
Tintin - Destination Adventure (Europe) (En,Fr,De,Es,It,Nl,Pt)	mixrbv2	57
Tiny Bullets (Japan)	mixrbv2	57
Tiny Tank (USA)	mixrbv2	57
Tiny Toon Adventures - Buster and the Beanstalk (Europe) (En,Es,Pt)	mixrbv2	57
Tiny Toon Adventures - Plucky's Big Adventure (USA)	mixrbv2	57
Tiny Toon Adventures - The Great Beanstalk (USA)	mixrbv2	57
Tiny Toon Adventures - Toonenstein - Dare to Scare! (USA)	mixrbv2	57
Tiny Toon Adventures - Toonenstein - Geisterstunde! (Germany)	mixrbv2	57
Tiny Toon Adventures - Toonenstein - Le Chateau hante (France)	mixrbv2	57
Titan Wars (Europe)	mixrbv2	57
ToHeart (Japan) (Disc 1)	mixrbv2	57
ToPoLo (Japan)	mixrbv2	57
Toaplan Shooting Battle 1 (Japan)	mixrbv2	57
Tobaku Mokushiroku Kaiji (Japan)	mixrbv2	57
Tobal 2 (Japan, Asia)	mixrbv2	57
Tobal No. 1 (USA)	mixrbv2	57
Todd McFarlane's Spawn - The Ultimate (Japan)	mixrbv2	57
Tokimeki Memorial - Forever with You (Japan) (PlayStation the Best)	mixrbv2	57
Tokimeki Memorial - Taisen Tokkaedama (Japan)	mixrbv2	57
Tokimeki Memorial 2 (Japan, Asia) (Disc 1)	mixrbv2	57
Tokimeki Memorial 2 Substories - Dancing Summer Vacation (Japan) (Disc 1)	mixrbv2	57
Tokimeki Memorial 2 Substories - Leaping School Festival (Japan) (Disc 1)	mixrbv2	57
Tokimeki Memorial 2 Substories - Memories Ringing On (Japan) (Disc 1)	mixrbv2	57
Tokimeki Memorial Drama Series Vol. 1 - Nijiiro no Seishun (Japan)	mixrbv2	57
Tokimeki Memorial Drama Series Vol. 2 - Irodori no Love Song (Japan) (Disc 1)	mixrbv2	57
Tokimeki Memorial Drama Series Vol. 3 - Tabidachi no Uta (Japan) (Disc 1)	mixrbv2	57
Tokimeki Memorial Selection - Fujisaki Shiori (Japan)	mixrbv2	57
Tokimeki Memorial Taisen Puzzledama (Japan)	mixrbv2	57
Tokimeki no Houkago - Ne Quiz Shiyo (Japan, Asia)	mixrbv2	57
Toko Toko Trouble - Chikyuu Itadaki! (Japan)	mixrbv2	57
Tokoro-san no Daifugou (Japan)	mixrbv2	57
Tokyo 23-ku Seifuku Wars (Japan)	mixrbv2	57
Tokyo Dungeon (Japan)	mixrbv2	57
Tokyo Game Show '99 Spring Special Version - Tomy Paradise Taikenban (Japan)	mixrbv2	57
Tokyo Highway Battle (USA)	mixrbv2	57
Tokyo Majin Gakuen - Gehouchou (Japan) (Disc 1) (You)	mixrbv2	57
Tokyo Majin Gakuen - Kenpuuchou (Japan) (Disc 1) (You)	mixrbv2	57
Tokyo Majin Gakuen - Oboro Kitan (Japan)	mixrbv2	57
Tokyo Mew Mew - Toujou Shin Mew Mew! Minna Issho ni Gohoushi Suru Nyan (Japan)	mixrbv2	57
Tokyo Shadow (Japan) (Disc 1)	mixrbv2	57
Tokyo Wakusei Planetokio (Japan) (Disc 1)	mixrbv2	57
Tom Clancy's Rainbow Six (USA)	mixrbv2	57
Tom Clancy's Rainbow Six - Lone Wolf (USA)	mixrbv2	57
Tom Clancy's Rainbow Six - Rogue Spear (USA)	mixrbv2	57
Tom and Jerry in House Trap (USA)	mixrbv2	57
Tomb Raider (USA)	mixrbv2	57
Tomb Raider - Die Chronik (Germany)	mixrbv2	57
Tomb Raider - La Revelation Finale (France)	mixrbv2	57
Tomb Raider - Sur les Traces de Lara Croft (France)	mixrbv2	57
Tomb Raider - The Last Revelation (USA)	mixrbv2	57
Tomb Raider 2 (Japan)	mixrbv2	57
Tomb Raider Chronicles (USA)	mixrbv2	57
Tomb Raider Chronicles - La Leggenda di Lara Croft (Italy)	mixrbv2	57
Tomb Raider II - Starring Lara Croft (USA)	mixrbv2	57
Tomb Raider III - Adventures of Lara Croft (USA)	mixrbv2	57
Tomb Raider III - Les Aventures de Lara Croft (France)	mixrbv2	57
Tomb Raider IV - The Last Revelation (Japan)	mixrbv2	57
Tomb Raider V - Chronicles (Japan)	mixrbv2	57
Tomb Raiders (Japan)	mixrbv2	57
Tomba! (USA)	mixrbv2	57
Tomba! 2 - The Evil Swine Return (USA)	mixrbv2	57
Tomba! The Wild Adventures (Japan)	mixrbv2	57
Tombi! (Europe) (En,Es,Pt,Sv,Da)	mixrbv2	57
Tombi! 2 (Europe)	mixrbv2	57
Tombi! 2 - Contra los Cerdiablos (Spain)	mixrbv2	57
Tomica Town o Tsukurou! (Japan)	mixrbv2	57
Tommi Maekinen Rally (Europe) (En,Fr,De,Es,Fi)	mixrbv2	57
Tomoyasu Hotei - Stolen Song (Japan) (Disc 1)	mixrbv2	57
Tonde! Tonde! Diet - Stepper Action Game (Japan)	mixrbv2	57
Tondemo Crisis! (Japan)	mixrbv2	57
Tonka Space Station (USA)	mixrbv2	57
Tony Hawk's Pro Skater (USA)	mixrbv2	57
Tony Hawk's Pro Skater 2 (USA)	mixrbv2	57
Tony Hawk's Pro Skater 3 (USA)	mixrbv2	57
Tony Hawk's Pro Skater 4 (USA)	mixrbv2	57
Tony Hawk's Skateboarding (Europe)	mixrbv2	57
Tonzura-kun (Japan)	mixrbv2	57
Top Gun - Fire at Will! (USA)	mixrbv2	57
Top Shop (USA)	mixrbv2	57
Tora! Tora! Tora! (Japan)	mixrbv2	57
Toshinden 4 (Europe)	mixrbv2	57
Total Drivin (Europe) (En,Fr,De,Es,It,Pt)	mixrbv2	57
Total Eclipse Turbo (USA)	mixrbv2	57
Total NBA '96 (Europe)	mixrbv2	57
Total NBA '97 (Europe)	mixrbv2	57
Total NBA 98 (Europe)	mixrbv2	57
Touge Max - Saisoku Drift Master (Japan, Asia)	mixrbv2	57
Touge Max 2 (Japan)	mixrbv2	57
Touge Max G (Japan)	mixrbv2	57
Touhaiden Akagi (Japan)	mixrbv2	57
Touhou Chinyuuki - Halfling Hearts (Japan)	mixrbv2	57
Touki Denshou - Angel Eyes (Japan)	mixrbv2	57
Tour Party - Sotsugyou Ryokou ni Ikou (Japan)	mixrbv2	57
Tournament Leader (Japan)	mixrbv2	57
Toushinden (Japan)	mixrbv2	57
Toushinden - Card Quest (Japan)	mixrbv2	57
Toushinden Subaru (Japan)	mixrbv2	57
Tower Dream 2 (Japan)	mixrbv2	57
Tower, The - Bonus Edition (Japan)	mixrbv2	57
Toyomaru Club Vol. 1 - CR Nanasy (Japan)	mixrbv2	57
Toyota Netz Racing (Japan)	mixrbv2	57
Toys (Europe) (En,Fr,De)	mixrbv2	57
Toys Dream (Japan)	mixrbv2	57
Transformers - Beast Wars (Japan)	mixrbv2	57
Transformers - Beast Wars Metals (Japan)	mixrbv2	57
Transformers - Beast Wars Transmetals (USA)	mixrbv2	57
Transport Tycoon (Europe) (En,Fr,De,Es,It)	mixrbv2	57
Trap Gunner (USA)	mixrbv2	57
Trap Runner (Europe) (En,Fr,De)	mixrbv2	57
Trash It (Europe) (En,Fr,De,Es,It)	mixrbv2	57
Treasure Gear (Japan)	mixrbv2	57
Treasures of the Deep (USA)	mixrbv2	57
Trick'n Snowboarder (USA)	mixrbv2	57
Trickshot (Europe)	mixrbv2	57
Tricky Sliders - Freestyle Snowboard (Japan)	mixrbv2	57
Triple Play 2000 (USA)	mixrbv2	57
Triple Play 2001 (USA)	mixrbv2	57
Triple Play 97 (USA)	mixrbv2	57
Triple Play 98 (USA)	mixrbv2	57
Triple Play 99 (USA) (En,Es)	mixrbv2	57
Triple Play Baseball (USA)	mixrbv2	57
Triple Play Baseball 2000 (Europe)	mixrbv2	57
Tripuzz (Japan)	mixrbv2	57
Truck Racing (Europe)	mixrbv2	57
Truck Rally (Europe)	mixrbv2	57
True Love Story (Japan)	mixrbv2	57
True Love Story - Remember My Heart (Japan)	mixrbv2	57
True Love Story 2 (Japan) (Disc 1)	mixrbv2	57
True Love Story Fan Disc (Japan)	mixrbv2	57
True Pinball (USA)	mixrbv2	57
Trump Shiyou yo! (Japan)	mixrbv2	57
Tsumu (Japan)	mixrbv2	57
Tsumu Light (Japan)	mixrbv2	57
TsunTsun-gumi - Suuji de PuniPuni (Japan)	mixrbv2	57
TsunTsun-gumi 2 - MojiMoji Pakkun (Japan)	mixrbv2	57
TsunTsun-gumi 3 - Kanji Vader (Japan)	mixrbv2	57
Tsuri Baka Nisshi (Japan)	mixrbv2	57
Tsuridou - Keiryuu Mizuumi-hen (Japan)	mixrbv2	57
Tsuridou - Umizuri-hen (Japan)	mixrbv2	57
Tsuukai!! Slot Shooting (Japan)	mixrbv2	57
Tunguska - Legend of Faith (Europe) (En,Fr,De,Es,It)	mixrbv2	57
Tunnel B1 (USA)	mixrbv2	57
Tunnel B1 + X2 - No Relief + Break Point + Cheesy (Europe)	mixrbv2	57
Turbo Prop Racing (USA)	mixrbv2	57
Turf Wind '96 - Take Yutaka Kyousouba Ikusei Game (Japan)	mixrbv2	57
Turnabout (USA)	mixrbv2	57
Tweenies - Game Time (Europe)	mixrbv2	57
Twilight Syndrome - Kyuumei-hen (Japan)	mixrbv2	57
Twilight Syndrome - Saikai (Japan)	mixrbv2	57
Twilight Syndrome - Tansaku-hen (Japan)	mixrbv2	57
Twin Goddesses (Japan)	mixrbv2	57
TwinBee RPG (Japan, Asia)	mixrbv2	57
TwinBee Taisen Puzzle-dama (Japan)	mixrbv2	57
Twins Story - Kimi ni Tsutaetakute... (Japan)	mixrbv2	57
Twisted Metal (USA)	mixrbv2	57
Twisted Metal - Small Brawl (USA)	mixrbv2	57
Twisted Metal - World Tour (Europe)	mixrbv2	57
Twisted Metal 2 (USA)	mixrbv2	57
Twisted Metal 4 (USA, Canada)	mixrbv2	57
Twisted Metal EX - World Tour (Japan)	mixrbv2	57
Twisted Metal III (USA)	mixrbv2	57
Two-Ten Kaku (Japan)	mixrbv2	57
Tyco R-C - Assault with a Battery (USA)	mixrbv2	57
U-SA (Japan)	mixrbv2	57
U.P.P. (Japan)	mixrbv2	57
U.S. Navy Fighters (Japan)	mixrbv2	57
UEFA Challenge (Europe) (En,Fr,De,Nl)	mixrbv2	57
UEFA Champions League - Saison 1998-99 (France)	mixrbv2	57
UEFA Champions League - Season 1998-99 (Europe)	mixrbv2	57
UEFA Champions League - Season 1999-2000 (Europe)	mixrbv2	57
UEFA Champions League - Season 2000-2001 (Europe)	mixrbv2	57
UEFA Euro 2000 (Europe)	mixrbv2	57
UEFA Striker (Europe) (En,Fr,De,Es,It,Nl)	mixrbv2	57
UFC - Ultimate Fighting Championship (Japan)	mixrbv2	57
UFO - A Day in the Life (Japan)	mixrbv2	57
US Racer (Europe) (En,Fr,De,Nl)	mixrbv2	57
Ubik (Europe) (En,Fr,De)	mixrbv2	57
Uchi ni Pochi ga Yattekita in my Pocket (Japan)	mixrbv2	57
Uchuu Goushouden - Bakuretsu Akindo (Japan)	mixrbv2	57
Uchuu Seibutsu Flopon-kun P! (Japan)	mixrbv2	57
Uchuu Senkan Yamato - Eiyuu no Kiseki (Japan)	mixrbv2	57
Uchuu Senkan Yamato - Haruka naru Hoshi Iscandar (Japan)	mixrbv2	57
Uchuu no Rendezvous - Rama (Japan) (Disc 1)	mixrbv2	57
Ugetsu Kitan (Japan)	mixrbv2	57
Uki Uki Tsuri Tengoku - Gyoshin Densetsu o Oe (Japan)	mixrbv2	57
Uki Uki Tsuri Tengoku - Kawa Monogatari (Japan)	mixrbv2	57
Uki Uki Tsuri Tengoku - Ningyo Densetsu no Nazo (Japan)	mixrbv2	57
Ultima Underworld - The Stygian Abyss (Japan)	mixrbv2	57
Ultimate 8 Ball (USA)	mixrbv2	57
Ultimate Brain Games (USA)	mixrbv2	57
Ultimate Fighting Championship (USA)	mixrbv2	57
Ultraman - Fighting Evolution (Japan)	mixrbv2	57
Ultraman Tiga & Ultraman Dyna - Arata naru Futatsu no Hikari (Japan)	mixrbv2	57
Ultraman Zearth (Japan)	mixrbv2	57
Um Jammer Lammy (USA)	mixrbv2	57
Umapoly (Japan)	mixrbv2	57
Umezawa Yukari no Taikyoku Igo - Heisei Kiin II (Japan)	mixrbv2	57
Umi no Nushi-tsuri - Takarajima ni Mukatte (Japan)	mixrbv2	57
Umi no Oh! Yah! (Japan)	mixrbv2	57
Umihara Kawase Shun (Japan)	mixrbv2	57
Umihara Kawase Shun - Second Edition (Japan)	mixrbv2	57
UnGro Walker (Japan)	mixrbv2	57
Undou Busoku Kaishou! Punch de Diet (Japan)	mixrbv2	57
Unholy War, The (USA)	mixrbv2	57
Universal Nuts (Japan)	mixrbv2	57
Universal Virtua Pachi-Slot - Hisshou Kouryakuhou (Japan)	mixrbv2	57
Universal-ki Kanzen Kaiseki - Pachi-Slot Simulator (Japan)	mixrbv2	57
Uno (Japan)	mixrbv2	57
Unsolved, The - Hyper Science Adventure (Japan) (Disc 1)	mixrbv2	57
Unstack (Japan)	mixrbv2	57
Uprising X (USA)	mixrbv2	57
Uranai 2, The - Mainichi no Tarot Uranai (Japan)	mixrbv2	57
Uranai 3, The - Mainichi no Houi Uranai (Japan)	mixrbv2	57
Uranai 4, The - Harapeko Kuma no Kaiun Kabbalah Uranai (Japan)	mixrbv2	57
Uranai 5, The - Shinpi no Rune Uranai (Japan)	mixrbv2	57
Uranai 6, The - Suisei-san no Tottemo Kyuusei Senseijutsu (Japan)	mixrbv2	57
Uranai, The - Ren'ai Seiza Uranai (Japan)	mixrbv2	57
Urawaza Mahjong - Korette Tenwatte Yatsukai (Japan)	mixrbv2	57
Urban Chaos (USA)	mixrbv2	57
Utauta Woo - Seirei-Songs (Japan)	mixrbv2	57
Utchan Nanchan no Honoo no Challenger - Denryuu Iraira-bou Returns (Japan, Asia)	mixrbv2	57
V-Ball - Beach Volley Heroes (Europe)	mixrbv2	57
V-Rally - 97 Championship Edition (Europe) (En,Fr,De)	mixrbv2	57
V-Rally - Championship Edition (Japan)	mixrbv2	57
V-Rally - Championship Edition 2 (Europe) (En,Fr,De)	mixrbv2	57
V-Tennis (USA)	mixrbv2	57
V-Tennis 2 (Japan)	mixrbv2	57
V.I.P. (USA)	mixrbv2	57
V2000 (Europe) (En,Fr,De,Es,It)	mixrbv2	57
VMX Racing (USA)	mixrbv2	57
VR Baseball '97 (USA)	mixrbv2	57
VR Baseball 99 (USA)	mixrbv2	57
VR Golf '97 (USA) (En,Fr)	mixrbv2	57
VR Soccer '96 (USA, Canada)	mixrbv2	57
VR Sports Powerboat Racing (USA)	mixrbv2	57
Vadims (Japan)	mixrbv2	57
Vagrant Story (USA)	mixrbv2	57
Valkyrie Profile (USA) (Disc 1)	mixrbv2	57
Value 1500 - The Shanghai (Japan)	mixrbv2	57
Value 1500 - The Shikinjou (Japan)	mixrbv2	57
Vampir - Kyuuketsuki Densetsu (Japan)	mixrbv2	57
Vampire - The Night Warriors (Japan)	mixrbv2	57
Vampire Hunter D (USA)	mixrbv2	57
Vampire Savior - EX Edition (Japan)	mixrbv2	57
Vanark (USA)	mixrbv2	57
Vandal Hearts (USA)	mixrbv2	57
Vandal Hearts - Ushinawareta Kodai Bunmei (Japan)	mixrbv2	57
Vandal Hearts II (USA)	mixrbv2	57
Vandal Hearts II - Tenjou no Mon (Japan)	mixrbv2	57
Vanguard Bandits (USA)	mixrbv2	57
Vanishing Point (USA)	mixrbv2	57
Vegas Casino (Europe)	mixrbv2	57
Vegas Games 2000 (USA)	mixrbv2	57
Vehicle Cavalier (Japan)	mixrbv2	57
Velldeselba Senki - Tsubasa no Kunshou (Japan)	mixrbv2	57
Vermin Kids (Japan)	mixrbv2	57
Verrat in der Verbotenen Stadt (Germany)	mixrbv2	57
Versailles - A Game of Intrigue (Europe)	mixrbv2	57
Versailles - Complot a la Cour du Roi Soleil (France)	mixrbv2	57
Versailles - Verschwoerung am Hof (Germany)	mixrbv2	57
Versalles - Complot en la Corte del Rey Sol (Spain)	mixrbv2	57
Vib-Ribbon (Europe) (En,Fr,De,Es,It)	mixrbv2	57
Victory Boxing (Japan)	mixrbv2	57
Victory Boxing 2 (Europe)	mixrbv2	57
Victory Boxing Challenger (Europe) (En,Fr,De,Es)	mixrbv2	57
Victory Boxing Champion Edition (Europe)	mixrbv2	57
Victory Boxing Contender (Europe)	mixrbv2	57
Victory Spike (Japan)	mixrbv2	57
Victory Zone (Japan)	mixrbv2	57
Victory Zone 2 (Japan)	mixrbv2	57
Viewpoint (USA)	mixrbv2	57
Vigilante 8 (USA)	mixrbv2	57
Vigilante 8 - 2nd Battle (Japan)	mixrbv2	57
Vigilante 8 - 2nd Offense (USA)	mixrbv2	57
Viper (Europe) (En,Fr,De,Es,It)	mixrbv2	57
Virtua Pachi-Slot - Olympia Special (Japan)	mixrbv2	57
Virtua Pachi-Slot 7 - Kita Denshi, Olympia (Japan)	mixrbv2	57
Virtua Pachi-Slot EX (Japan)	mixrbv2	57
Virtua Pachi-Slot V - Yamasa, Kita Denshi, Olympia (Japan)	mixrbv2	57
Virtua Pachi-Slot VI (Japan)	mixrbv2	57
Virtual Bowling - Ten Pin Alley no Kiseki (Japan)	mixrbv2	57
Virtual Gallop - Kishudou (Japan)	mixrbv2	57
Virtual Golf (Europe) (En,Fr,De)	mixrbv2	57
Virtual Hiryuu no Ken (Japan)	mixrbv2	57
Virtual Kasparov (USA) (En,Fr,Es)	mixrbv2	57
Virtual Kyoutei '98 (Japan)	mixrbv2	57
Virtual Kyoutei '99 (Japan)	mixrbv2	57
Virtual Kyoutei 2000 (Japan)	mixrbv2	57
Virtual Kyoutei 21 (Japan)	mixrbv2	57
Virtual Pool (USA)	mixrbv2	57
Virtual Pool 3 (USA)	mixrbv2	57
Virtual Pro Wrestling (Japan)	mixrbv2	57
Virus - It Is Aware (Europe) (En,Fr,De,Es,It)	mixrbv2	57
Virus - The Battle Field (Japan)	mixrbv2	57
Visiteurs, Les - La Relique de Sainte Rolande (France)	mixrbv2	57
Viva Football (Europe) (En,Fr,De,Es,It,Pt)	mixrbv2	57
Viva Soccer (USA) (En,Fr,De,Es,It,Pt)	mixrbv2	57
Voice Fantasia - Ushinawareta Voice Power (Japan)	mixrbv2	57
Voice Idol Collection - Pool Bar Story (Japan) (Disc 1)	mixrbv2	57
Voice Paradice Excella (Japan) (Disc 1)	mixrbv2	57
Volfoss (Japan)	mixrbv2	57
Vs. (USA)	mixrbv2	57
WCW Backstage Assault (USA)	mixrbv2	57
WCW Mayhem (USA)	mixrbv2	57
WCW Nitro (USA)	mixrbv2	57
WCW vs. the World (USA)	mixrbv2	57
WCW-nWo Thunder (USA)	mixrbv2	57
WM Nationalspieler (Germany)	mixrbv2	57
WRC - FIA World Rally Championship Arcade (Europe) (En,Fr,De,Es,It,Nl,Pt,Sv,No,Da,Fi)	mixrbv2	57
WWF Attitude (USA)	mixrbv2	57
WWF In Your House (USA)	mixrbv2	57
WWF SmackDown! (USA)	mixrbv2	57
WWF SmackDown! 2 - Know Your Role (USA)	mixrbv2	57
WWF War Zone (USA)	mixrbv2	57
WWF WrestleMania - The Arcade Game (USA)	mixrbv2	57
Wacky Races (Europe) (En,Fr,De,Es,It,Nl)	mixrbv2	57
Wagamama Fairy Mirumo de Pon! Mirumo no Mahou Gakkou Monogatari (Japan)	mixrbv2	57
Wai Wai 3-nin Uchi Mahjong (Japan)	mixrbv2	57
Wai Wai Jansou (Japan)	mixrbv2	57
Wai Wai Kusa Yakyuu (Japan)	mixrbv2	57
Wai Wai Trump Taisen (Japan)	mixrbv2	57
Waku Puyo Dungeon - Ketteiban (Japan)	mixrbv2	57
Waku Waku Bowling (Japan)	mixrbv2	57
Waku Waku Derby (Japan)	mixrbv2	57
Waku Waku Volley (Japan)	mixrbv2	57
Wakusei Koukitai - Little Cats (Japan)	mixrbv2	57
Walt Disney Le Livre de la Jungle - Groove Party (France)	mixrbv2	57
Walt Disney World Quest - Magical Racing Tour (USA)	mixrbv2	57
Walt Disney's The Jungle Book - Groove Party (Europe)	mixrbv2	57
Walt Disney's The Jungle Book - Rhythm n' Groove (USA)	mixrbv2	57
Wander Vehicles - Doggy Bone Daisakusen (Japan)	mixrbv2	57
Wangan Trial (Japan) (Disc 1)	mixrbv2	57
Wanted (Europe)	mixrbv2	57
War Gods (USA)	mixrbv2	57
WarCraft II - The Dark Saga (USA) (En,Fr,De,Es,It)	mixrbv2	57
WarGames - Defcon 1 (USA)	mixrbv2	57
Warera Mitsurin Tankentai!! (Japan)	mixrbv2	57
Wares 1092 - Souheiden (Japan)	mixrbv2	57
Warhammer - Dark Omen (USA)	mixrbv2	57
Warhammer - Shadow of the Horned Rat (USA)	mixrbv2	57
Warhawk - The Red Mercury Missions (USA)	mixrbv2	57
Warm Up! (Europe) (En,Fr,De,Es,It,Pt)	mixrbv2	57
Warpath - Jurassic Park (USA)	mixrbv2	57
Warriors of Might and Magic (USA)	mixrbv2	57
Warzone 2100 (USA)	mixrbv2	57
Water Summer (Japan)	mixrbv2	57
Wayne Gretzky's 3D Hockey '98 (USA)	mixrbv2	57
Weakest Link, The (USA)	mixrbv2	57
Wedding Peach - Doki Doki Oironaoshi (Japan)	mixrbv2	57
Welcome House (Japan)	mixrbv2	57
Welcome House 2 - Keaton and His Uncle (Japan)	mixrbv2	57
Weltorv Estleia (Japan)	mixrbv2	57
Wer wird Millionaer (Germany)	mixrbv2	57
Wer wird Millionaer - 2. Edition (Germany)	mixrbv2	57
Wer wird Millionaer - Dritte Edition (Germany)	mixrbv2	57
Wer wird Millionaer - Junior (Germany)	mixrbv2	57
Westlife - Fan-O-Mania (Europe)	mixrbv2	57
Wheel of Fortune (USA)	mixrbv2	57
Wheel of Fortune - 2nd Edition (USA)	mixrbv2	57
Whistle - Fuki Nukeru Kaze (Japan)	mixrbv2	57
White Diamond (Japan)	mixrbv2	57
Whizz (Europe)	mixrbv2	57
Who Wants to Be a Millionaire (Europe)	mixrbv2	57
Who Wants to Be a Millionaire - 2nd Edition (USA)	mixrbv2	57
Who Wants to Be a Millionaire - 3rd Edition (USA)	mixrbv2	57
Who Wants to Be a Millionaire - Junior (Europe)	mixrbv2	57
Wild 9 (USA)	mixrbv2	57
Wild Arms (USA)	mixrbv2	57
Wild Arms 2 (USA) (Disc 1)	mixrbv2	57
Wild Boater (Japan)	mixrbv2	57
Wild Rapids (Europe)	mixrbv2	57
Wild Thornberrys, The - Animal Adventures (USA)	mixrbv2	57
Wildroid 9 (Japan)	mixrbv2	57
Williams Arcade's Greatest Hits (USA)	mixrbv2	57
Windsurfers Paradise (Europe) (En,Fr,De)	mixrbv2	57
Wing Commander III - Heart of the Tiger (USA) (Disc 1)	mixrbv2	57
Wing Commander IV - The Price of Freedom (USA) (Disc 1)	mixrbv2	57
Wing Over (Europe)	mixrbv2	57
Wing Over 2 (Europe)	mixrbv2	57
Winky the Little Bear (Europe) (En,Fr,De)	mixrbv2	57
Winning Lure (Japan)	mixrbv2	57
Winning Post 2 (Japan)	mixrbv2	57
Winning Post 2 - Final '97 (Japan)	mixrbv2	57
Winning Post 2 - Program '96 (Japan)	mixrbv2	57
Winning Post 3 (Japan)	mixrbv2	57
Winning Post 3 - Program '98 (Japan)	mixrbv2	57
Winning Post 4 (Japan)	mixrbv2	57
Winning Post 4 - Program 2000 (Japan)	mixrbv2	57
Winning Post EX (Japan)	mixrbv2	57
Wip3out (Europe) (En,Fr,De,Es,It)	mixrbv2	57
Wipeout (USA)	mixrbv2	57
Wipeout 2097 (Europe)	mixrbv2	57
Wipeout 3 (USA)	mixrbv2	57
Wipeout 3 - Special Edition (Europe) (En,Fr,De,Es,It)	mixrbv2	57
Wipeout XL (USA)	mixrbv2	57
Witch of Salzburg, The (Japan)	mixrbv2	57
Wizard's Harmony (Japan)	mixrbv2	57
Wizard's Harmony 2 (Japan, Asia)	mixrbv2	57
Wizard's Harmony R (Japan)	mixrbv2	57
Wizardry - Dimguil (Japan)	mixrbv2	57
Wizardry - Llylgamyn Saga (Japan) (En,Ja)	mixrbv2	57
Wizardry - New Age of Llylgamyn (Japan) (En,Ja)	mixrbv2	57
Wizardry Empire - Inishie no Oujo (Japan)	mixrbv2	57
Wizardry Empire II - Oujo no Isan (Japan)	mixrbv2	57
Wizardry VII - Guardia no Houju (Japan)	mixrbv2	57
Wolf Fang - Kuuga 2001 (Japan)	mixrbv2	57
Wolkenkratzer - Shinpan no Tou (Japan)	mixrbv2	57
Wonder Trek (Japan)	mixrbv2	57
Woody Woodpecker Racing (USA)	mixrbv2	57
Woody Woodpecker no Go! Go! Racing (Japan)	mixrbv2	57
World Championship Snooker (Europe) (En,Fr,De)	mixrbv2	57
World Cup 98 (USA) (En,Fr,De,Es,Nl,Sv,Da)	mixrbv2	57
World Cup Golf - In Hyatt Dorado Beach (Japan)	mixrbv2	57
World Cup Golf - Professional Edition (USA)	mixrbv2	57
World Destruction League - Thunder Tanks (USA)	mixrbv2	57
World Destruction League - WarJetz (USA)	mixrbv2	57
World Greatest Hits Series Vol. 1 - Pro Pinball - Big Race USA (Japan)	mixrbv2	57
World Greatest Hits Series Vol. 2 - Pipe Dreams 3D (Japan)	mixrbv2	57
World Greatest Hits Series Vol. 3 - Speedball 2100 (Japan)	mixrbv2	57
World Greatest Hits Series Vol. 4 - Tom Clancy's Rainbow Six (Japan)	mixrbv2	57
World Greatest Hits Series Vol. 5 - Tyco R-C - Assault with a Battery (Japan)	mixrbv2	57
World League Basketball (Europe)	mixrbv2	57
World League Soccer '98 (Europe) (En,Es,It)	mixrbv2	57
World League Soccer (Japan)	mixrbv2	57
World Never Island (Japan)	mixrbv2	57
World Neverland - The Olerud Kingdom Stories (Japan)	mixrbv2	57
World Neverland 2 - The Waktic Republic of Pluto (Japan)	mixrbv2	57
World Pro Tennis '98 (Japan)	mixrbv2	57
World Soccer Jikkyou Winning Eleven 3 - Final Ver. (Japan)	mixrbv2	57
World Soccer Jikkyou Winning Eleven 3 - World Cup France '98 (Japan)	mixrbv2	57
World Soccer Jikkyou Winning Eleven 4 (Japan)	mixrbv2	57
World Stadium 2 (Japan)	mixrbv2	57
World Stadium 3 (Japan)	mixrbv2	57
World Stadium 4 (Japan)	mixrbv2	57
World Stadium 5 (Japan)	mixrbv2	57
World Stadium EX (Japan)	mixrbv2	57
World Tennis Stars (Europe)	mixrbv2	57
World Tour Conductor - Sekai Yume Kikou (Japan)	mixrbv2	57
World of Dragon Warrior - Torneko - The Last Hope (USA)	mixrbv2	57
World's Scariest Police Chases (USA)	mixrbv2	57
Worms (USA)	mixrbv2	57
Worms Armageddon (USA)	mixrbv2	57
Worms Pinball (Europe) (En,Fr,De,Es,It)	mixrbv2	57
Worms World Party (USA) (En,Fr,De,Es,It,Nl,Sv,Da)	mixrbv2	57
Wreckin Crew - Drive Dangerously (USA) (En,Es)	mixrbv2	57
Wu-Tang - Shaolin Style (USA)	mixrbv2	57
Wu-Tang - Taste the Pain (Europe)	mixrbv2	57
X Games Pro Boarder (USA)	mixrbv2	57
X'treme Roller (Europe) (En,Fr,De,Es,It,Pt)	mixrbv2	57
X-Bladez - Inline Skater (USA)	mixrbv2	57
X-COM - Terror from the Deep (Europe) (En,Fr,De,Es,It)	mixrbv2	57
X-COM - UFO Defense (USA)	mixrbv2	57
X-Files, The (USA) (Disc 1)	mixrbv2	57
X-Men - Children of the Atom (USA)	mixrbv2	57
X-Men - Mutant Academy & Spider-Man (Japan) (Demo)	mixrbv2	57
X-Men - Mutant Academy (USA)	mixrbv2	57
X-Men - Mutant Academy 2 (USA)	mixrbv2	57
X-Men vs. Street Fighter (USA)	mixrbv2	57
X-Men vs. Street Fighter - EX Edition (Japan)	mixrbv2	57
X.Racing (Japan)	mixrbv2	57
X2 - No Relief (Europe)	mixrbv2	57
XI [sai] (Japan) (En,Ja)	mixrbv2	57
XI [sai] Jumbo (Japan)	mixrbv2	57
XS Airboat Racing (USA)	mixrbv2	57
XS Junior League Dodgeball (USA)	mixrbv2	57
XS Junior League Football (USA)	mixrbv2	57
XS Junior League Soccer (USA)	mixrbv2	57
XS Moto (USA)	mixrbv2	57
Xena - Warrior Princess (USA)	mixrbv2	57
Xenocracy - The Ultimate Solar War (Europe)	mixrbv2	57
Xenogears (USA) (Disc 1)	mixrbv2	57
Xevious 3D-G+ (USA)	mixrbv2	57
Yagami Hiroki no Game-Taste - Munasawagi no Yokan (Japan)	mixrbv2	57
Yakiniku Action Game - Yakiniku Bugyou (Japan)	mixrbv2	57
Yakitori Musume - Sugoude Hanjouki (Japan)	mixrbv2	57
Yaku - Yuujou Dangi (Japan)	mixrbv2	57
Yaku Tsuu - Noroi no Game (Japan)	mixrbv2	57
Yamagata Digital Museum (Japan) (Disc 1) (Spring)	mixrbv2	57
Yamasa Digi Guide - Faust (Japan)	mixrbv2	57
Yamasa Digi Guide - Hyper Rush (Japan)	mixrbv2	57
Yamasa Digi Guide - M771 (Japan)	mixrbv2	57
Yamasa Digi Guide - New Pulsar R (Japan)	mixrbv2	57
Yamasa Digi Guide - Umekagetsu R (Japan)	mixrbv2	57
Yamasa Digi Selection (Japan)	mixrbv2	57
Yamasa Digi Selection 2 (Japan)	mixrbv2	57
Yamasa Digi World - Tetra Master (Japan)	mixrbv2	57
Yamifuku Natsu - Teito Monogatari Futatabi (Japan)	mixrbv2	57
Yaoi Jun'ichi Gokuhi Project - UFO o Oe!! (Japan)	mixrbv2	57
Yarudora Series Vol. 1 - Double Cast (Japan) (Disc 1)	mixrbv2	57
Yarudora Series Vol. 2 - Kisetsu o Dakishimete (Japan) (Disc 1)	mixrbv2	57
Yarudora Series Vol. 3 - Sampaguita (Japan) (Disc 1)	mixrbv2	57
Yarudora Series Vol. 4 - Yukiwari no Hana (Japan) (Disc 1)	mixrbv2	57
Yeh Yeh Tennis (Europe) (En,Fr,De)	mixrbv2	57
Yellow Brick Road (Japan)	mixrbv2	57
Yetisports Deluxe (Europe) (En,Fr,De,Es,It)	mixrbv2	57
Yetisports World Tour (Europe) (En,Fr,De,Es,It)	mixrbv2	57
YoYo's Puzzle Park (Europe)	mixrbv2	57
Yoshimoto Mahjong Club Deluxe (Japan)	mixrbv2	57
Yoshimoto Muchicco Dai-kessen - Minami no Umi no Gorongo-tou (Japan)	mixrbv2	57
Yoshimura Shougi (Japan)	mixrbv2	57
You Don't Know Jack (USA) (Disc 1)	mixrbv2	57
You Don't Know Jack - Mock 2 (USA)	mixrbv2	57
Youchien Gaiden - Karei naru Casino Club - Double Draw (Japan)	mixrbv2	57
Youkai Hana Asobi (Japan)	mixrbv2	57
Yu-Gi-Oh! Forbidden Memories (USA)	mixrbv2	57
Yu-Gi-Oh! Monster Capsule Breed & Battle (Japan)	mixrbv2	57
Yukinko Burning (Japan)	mixrbv2	57
Yume Iroiro (Japan)	mixrbv2	57
Yume no Tsubasa (Japan)	mixrbv2	57
Yusha - Heaven's Gate (Europe)	mixrbv2	57
Yutona Eiyuu Senki - TearRingSaga (Japan)	mixrbv2	57
Yuugen Gaisha Chikyuu Boueitai (Japan)	mixrbv2	57
Yuukyuu Gensoukyoku (Japan)	mixrbv2	57
Yuukyuu Gensoukyoku 2nd Album (Japan)	mixrbv2	57
Yuukyuu Gensoukyoku 3 - Perpetual Blue (Japan)	mixrbv2	57
Yuukyuu Gensoukyoku Ensemble (Japan)	mixrbv2	57
Yuukyuu Gensoukyoku Ensemble 2 (Japan)	mixrbv2	57
Yuukyuu Kumikyoku - All Star Project (Japan)	mixrbv2	57
Yuukyuu no Eden - The Eternal Eden (Japan)	mixrbv2	57
Yuusha-ou GaoGaiGar - Blockaded Numbers (Japan)	mixrbv2	57
Yuuwaku Office Ren'aika (Japan)	mixrbv2	57
Yuuyami Doori Tankentai (Japan)	mixrbv2	57
Z (Europe)	mixrbv2	57
ZXE-D - Legend of Plasmatlite (Japan)	mixrbv2	57
Zanac x Zanac (Japan)	mixrbv2	57
Zap! Snowboarding Trix '98 (Japan)	mixrbv2	57
Zeiramzone (Japan)	mixrbv2	57
Zeitgeist (Japan)	mixrbv2	57
Zen Nihon GT Senshuken Kai (Japan)	mixrbv2	57
Zen Nihon GT Senshuken Max Rev. (Japan) (Disc 1)	mixrbv2	57
Zen Nihon Joshi Pro Wrestling - Joou Densetsu - Yume no Taikousen (Japan)	mixrbv2	57
Zen Nihon Pro Wres - Ouja no Tamashii (Japan)	mixrbv2	57
Zen Super Robot Taisen Denshi Daihyakka (Japan) (Disc 1)	mixrbv2	57
Zera-chan Puzzle - Pitatto Pair (Japan)	mixrbv2	57
Zero Divide (USA)	mixrbv2	57
Zero Divide 2 - The Secret Wish (Europe)	mixrbv2	57
Zero Pilot - Gin'yoku no Senshi (Japan)	mixrbv2	57
Zero4 Champ DooZy-J (Japan)	mixrbv2	57
Zeus - Carnage Heart Second (Japan)	mixrbv2	57
Zeus II - Carnage Heart (Japan)	mixrbv2	57
ZigZagBall (Japan)	mixrbv2	57
Zill O'll (Japan)	mixrbv2	57
Zipangu-jima - Unmei wa Saikoro ga Kimeru! (Japan)	mixrbv2	57
Zoboomafoo - Leapin' Lemurs! (USA)	mixrbv2	57
Zoids - Battle Card Game - Seihou Tairiku Senki (Japan)	mixrbv2	57
Zoids - Teikoku vs. Kyouwakoku - Meka Seitai no Idenshi (Japan)	mixrbv2	57
Zoids 2 - Heric Kyouwakoku vs. Guylos Teikoku (Japan)	mixrbv2	57
Zoku Gussun Oyoyo (Japan)	mixrbv2	57
Zoku Hatsukoi Monogatari - Shuugaku Ryokou (Japan) (Disc 1)	mixrbv2	57
Zoku Mikagura Shoujo Tanteidan - Kanketsu-hen (Japan) (Disc 1)	mixrbv2	57
Zoop - America's Largest Killer of Time! (USA)	mixrbv2	57
Zork I - The Great Underground Empire (Japan)	mixrbv2	57
Zutto Issho - With Me Everytime... (Japan)	mixrbv2	57
iS - Internal Section (Japan)	mixrbv2	57
m [emu] - Kimi o Tsutaete (Japan)	mixrbv2	57
