#key	synopsis
'98 Koushien (Japan) (Demo)	'98 Koshien è un gioco di baseball in 3D con diverse modalità di gioco che includono la modalità vs e la modalità storia. Il gioco si concentra sui tornei di baseball delle scuole superiori e ha ottenuto dati di oltre 4129 scuole superiori giapponesi. Il gioco presenta diverse strategie e tattiche di baseball. Il gioco consente al giocatore di allenare i suoi giocatori e il loro lavoro di squadra. L'obiettivo del gioco è vincere il campionato Koshien Baseball del '98. Il gioco consente inoltre al giocatore di modificare il logo della squadra, l'inno scolastico o le uniformi della squadra.
'98 Koushien - Koukou Yakyuu Simulation (Japan)	'98 Koshien è un gioco di baseball in 3D con diverse modalità di gioco che includono la modalità vs e la modalità storia. Il gioco si concentra sui tornei di baseball delle scuole superiori e ha ottenuto dati di oltre 4129 scuole superiori giapponesi. Il gioco presenta diverse strategie e tattiche di baseball. Il gioco consente al giocatore di allenare i suoi giocatori e il loro lavoro di squadra. L'obiettivo del gioco è vincere il campionato Koshien Baseball del '98. Il gioco consente inoltre al giocatore di modificare il logo della squadra, l'inno scolastico o le uniformi della squadra.
'99 Koushien (Japan)	'99 Koshien è un gioco di baseball in 3D con grafica da cartone animato e varie modalità di gioco, tra cui le modalità Vs e Storia. Il gioco è il sequel di Koshien del '98. In questo gioco, il giocatore può cambiare la bandiera della scuola, l'inno, l'emblema, le uniformi, ecc. della propria squadra. Il gioco presenta una simulazione di palla più realistica e una grafica più cartoonesca rispetto al Koshien del '98. Il gioco offre 84 tattiche diverse. L'annunciatore sosterrà la squadra di casa e il giocatore dovrà battere altre scuole in Giappone.
'Butagee' de Iinja Nai (Japan)	Sei stanco delle simulazioni di corse di cavalli? Allora perché non provare la simulazione di corse di maiali? Pazzesco come la sua giacca, Butagee si offre di addestrare il suo maiale (maschio o femmina), fargli ascoltare la radio, guardare la TV, andare a fare la spesa o comprare cibo per migliorare le sue statistiche al fine di arrivare primo nelle gare. Folle e originale, questa è una simulazione che vale la deviazione!
0 kara no Shougi - Shougi Youchien Ayumi-gumi (Japan)	0 Kara no Shogi - Shogi Youchien Ayumi-Gumi è un gioco di shogi che presenta 5 diversi tipi di tabelloni, un tutorial completo e un dizionario in lingua giapponese, diverse modalità vs (anche una modalità vs per 2 giocatori), una sorta di modalità battaglia in cui il giocatore avanza sconfiggendo gli avversari e il gioco ha 10 avversari diversi.
007 - Demain ne Meurt Jamais (France)	In 007: Il domani non muore mai, basato sull'omonimo film, il giocatore assume il ruolo del famoso James Bond che combatte contro Elliot Carver. Carver cerca di aumentare i suoi ascolti televisivi creando una guerra tra inglesi e cinesi. Per raggiungere il suo obiettivo, ha affondato una nave britannica con la sua nave stealth e ha fatto sembrare che l'aviazione cinese fosse il colpevole. Ora è responsabilità di Bond sistemare le cose...
007 - Der Morgen Stirbt Nie (Germany)	In 007: Il domani non muore mai, basato sull'omonimo film, il giocatore assume il ruolo del famoso James Bond che combatte contro Elliot Carver. Carver cerca di aumentare i suoi ascolti televisivi creando una guerra tra inglesi e cinesi. Per raggiungere il suo obiettivo, ha affondato una nave britannica con la sua nave stealth e ha fatto sembrare che l'aviazione cinese fosse il colpevole. Ora è responsabilità di Bond sistemare le cose...
007 - Die Welt Ist Nicht Genug (Germany)	The World Is Not Enough su Playstation è uno sparatutto in prima persona basato sul mondo dell'omonimo film. Nel costume di 007, dovrai svelare le trame, ripulire il casino e mettere le mani sulla misteriosa Volpe. Numerose armi e vari gadget ti aiuteranno a completare la tua missione.
007 - El Mundo Nunca es Suficiente (Spain)	The World Is Not Enough su Playstation è uno sparatutto in prima persona basato sul mondo dell'omonimo film. Nel costume di 007, dovrai svelare le trame, ripulire il casino e mettere le mani sulla misteriosa Volpe. Numerose armi e vari gadget ti aiuteranno a completare la tua missione.
007 - Le Monde ne Suffit Pas (France)	The World Is Not Enough su Playstation è uno sparatutto in prima persona basato sul mondo dell'omonimo film. Nel costume di 007, dovrai svelare le trame, ripulire il casino e mettere le mani sulla misteriosa Volpe. Numerose armi e vari gadget ti aiuteranno a completare la tua missione.
007 - The World Is Not Enough (USA)	The World Is Not Enough su Playstation è uno sparatutto in prima persona basato sul mondo dell'omonimo film. Nel costume di 007, dovrai svelare le trame, ripulire il casino e mettere le mani sulla misteriosa Volpe. Numerose armi e vari gadget ti aiuteranno a completare la tua missione.
007 - Tomorrow Never Dies (USA)	In 007: Il domani non muore mai, basato sull'omonimo film, il giocatore assume il ruolo del famoso James Bond che combatte contro Elliot Carver. Carver cerca di aumentare i suoi ascolti televisivi creando una guerra tra inglesi e cinesi. Per raggiungere il suo obiettivo, ha affondato una nave britannica con la sua nave stealth e ha fatto sembrare che l'aviazione cinese fosse il colpevole. Ora è responsabilità di Bond sistemare le cose...
007 Racing (USA)	Come suggerisce il nome, 007 Racing su Playstation combina il mondo del famoso agente segreto britannico con il mondo delle corse automobilistiche. In single-player, il giocatore deve completare 15 missioni con più obiettivi. Cinque auto sono disponibili in successione, dalla BMW Z3 alla Lotus, ognuna equipaggiata con gadget offensivi (mitragliatrice, razzi) o difensivi (pareti in titanio, fumo, olio). Una modalità a schermo diviso consente a due persone di giocare insieme.
1 on 1 (Japan)	L'1 contro 1 è, come suggerisce il nome, una partita di basket 1 contro 1 giocata a metà campo con un solo canestro. La partita si svolge su due turni o fino a quando uno dei contendenti non raggiunge 11 punti. I giocatori si alternano in attacco e in difesa. Se il giocatore in difesa ruba con successo la palla al giocatore in attacco, si scambiano le posizioni. Il gioco stesso è completamente in 3D, ma i controlli sono più simili a un gioco 2D senza &quot;profondità&quot; nel movimento. C'è una selezione di 8 diversi personaggi tra cui scegliere, ognuno con le proprie abilità speciali e un aspetto distinto. Le modalità di gioco includono una modalità versus (contro un giocatore computerizzato o un giocatore umano) e una sezione di minigiochi con vari minigiochi relativi al basket.
100 Man Yen Quiz Hunter (Japan)	100 Manyen Quiz Hunter è un gioco a quiz per Playstation basato sull'omonimo programma televisivo giapponese di 30 minuti prodotto dalla Asahi National Broadcasting Co. andato in onda dal 1981 al 1993. Le regole: Ci sono 4 squadre e devono rispondere a una domanda della giuria, la più veloce (usano un martello per fare rumore di alcol) che dà la risposta corretta vince un premio che ha un valore in denaro, e può anche scegliere quale sarà l'argomento della giuria per la domanda successiva.
10101 - Will the Starship (Japan)	In 0101: Will the Starship, il giocatore assume il ruolo del capitano di un'astronave e del suo equipaggio mentre viaggiano nello spazio. Durante il gioco, il giocatore deve controllare la nave e affrontare incontri con navi nemiche e pirati. È quindi necessario scegliere l'ordine appropriato delle azioni da eseguire, o anche sparare le armi a bordo.
19-ji 03-pun - Ueno-hatsu Yakou Ressha (Japan)	19-03 Ueno Hatsu Yakou Ressha è un gioco d'avventura in terza persona che racconta la storia di Tsupei Akai, un fotografo freelance, o Miyuki Hatakeyama, un'insegnante di scuola media. I due prendono il treno notturno da Ueno de Toyo a Sapporo, ma quello che era iniziato come un normale viaggio diventerà presto un po' più complicato poiché saranno coinvolti in omicidi e altre situazioni pericolose.
1Xtreme (USA)	ESPN Extreme Games consente al giocatore di accedere a tre modalità di gioco: Esibizione, Nuova stagione o continuazione di una stagione. La modalità Esibizione aiuta il giocatore a conoscere i percorsi e le attrezzature, oltre a farsi un'idea dei controlli. La nuova stagione offre al giocatore la possibilità di gareggiare contro altri sedici concorrenti su una qualsiasi delle quattro macchine da corsa in competizione per punti stagionali e denaro per aggiornare l'equipaggiamento. Scegli tra pattini a rotelle, uno slittino (praticamente uno skateboard da seduti), una mountain bike e lo skateboard. Il giocatore può anche determinare con quale personaggio vuole gareggiare, ognuno con un'abilità unica su uno degli apparecchi. Ad esempio, uno potrebbe essere di prim'ordine sui pattini ma essere pessimo in bicicletta, quindi non ha senso scegliere la bicicletta con lui / lei. In una stagione, il giocatore gareggia nelle cinque località - tre volte, dodici in tutto e ogni volta gli ostacoli diventano sempre più difficili da evitare così come gli altri corridori diventano più veloci e agili.
20-seiki Striker Retsuden - The 20th Century's Real Strikers (Japan)	Il gioco presenta tutte le squadre internazionali tra la Coppa del Mondo del 1958 e la Coppa del Mondo del 1998, un totale di 1035 squadre e oltre 16.000 giocatori della vita reale. I giocatori possono scegliere tra la modalità amichevole che ti consente di selezionare qualsiasi squadra e creare i tuoi matchup per giocare contro il computer o un amico, o una modalità Storia che ha permesso ai giocatori di partecipare a qualsiasi Coppa del Mondo dal 1958 al 1998. Possono anche giocare in una modalità Training per mettere in pratica le proprie abilità. Non c'erano commenti nel gioco. Invece il gioco prevedeva la chat del giocatore in cui la lingua del discorso del giocatore può essere modificata in opzioni che includevano la possibilità per i giocatori di parlare nella propria lingua madre.
2002 FIFA World Cup (USA) (En,Es)	La serie calcistica più venduta di EA SPORTS continua con la Coppa del Mondo FIFA 2002, con tutti i 20 stadi ufficiali in Giappone e Corea completati.
2Xtreme (USA)	2xtreme su Playstation è un gioco di corse che ti permette di utilizzare più veicoli (skateboard, rollerblade, snowboard, BMX) con un unico obiettivo: arrivare primi in una competizione dove tutto è permesso.
3, 2, 1, Smurf! My First Racing Game (Europe) (En,Fr,De,Es,It,Nl)	Questo kart racer presenta i Puffi come personaggi. Scegli uno degli otto personaggi (con quattro segreti) con cui gareggiare tra vari climi e regioni. Puoi gareggiare in modalità giocatore singolo o campionato, insieme a una gara di bandiere in stile Cattura la bandiera.
360 Three Sixty (Europe) (En,Fr,De,Es,It,Sv)	RACING e SHOOT-EM UP ACTION in un mondo sommerso da oceani d'acqua. Monta in sella alla tua hoverbike e devasta i tuoi avversari con armi letali e un rivoluzionario sistema di fuoco. Usa tutto ciò che hai per accelerare, schivare e farti strada verso l'obiettivo finale: la sopravvivenza. 360... Equilibrio di sopravvivenza sul filo del rasoio.
3D Baseball (USA)	3D Baseball è un gioco di baseball con oltre 700 giocatori della Major League. Il gioco è stato progettato tramite la tecnologia di motion capture con 5 angolazioni della telecamera. Ci sono diverse modalità di gioco come Esibizione o Gagliardetto, oltre a una modalità General Manager in cui è possibile acquistare e vendere giocatori ed evolvere le loro statistiche. 3D Baseball presenta anche oltre 1000 commenti di gioco registrati da Earl Wright.
3D Baseball - The Majors (Japan)	3D Baseball è un gioco di baseball con oltre 700 giocatori della Major League. Il gioco è stato progettato tramite la tecnologia di motion capture con 5 angolazioni della telecamera. Ci sono diverse modalità di gioco come Esibizione o Gagliardetto, oltre a una modalità General Manager in cui è possibile acquistare e vendere giocatori ed evolvere le loro statistiche. 3D Baseball presenta anche oltre 1000 commenti di gioco registrati da Earl Wright.
3D Lemmings (USA)	La trama di Lemmings 3D non sembra essere collegata ai precedenti giochi di Lemmings, presumibilmente perché la storia di All New World of Lemmings non è mai stata completata e perché lo sviluppatore precedente, DMA Design, non era più coinvolto nella serie. C'è invece un filmato introduttivo che mostra un lemming completamente piatto (2D) che spunta fuori dal floppy drive di un computer e trova un pulsante &quot;3D&quot; da premere, che lo rende tridimensionale. Dopo di che, il PC esplode e i lemming (ora 3D) al suo interno fuoriescono.
3D Shooting Tkool (Japan)	3D Shooting Tsukuru è un gioco in cui puoi creare i tuoi giochi sparatutto in 3D. Ci sono tantissime impostazioni e grafica con cui armeggiare per rendere il tuo gioco il prossimo Star Fox. Puoi impostare l'aspetto, i movimenti, le armi, gli attacchi speciali del tuo veicolo e molto altro. Lo stesso vale per i nemici, la musica, i suoni e i livelli, dove potrai cambiare tantissime cose in base alle tue esigenze. Una volta che sei soddisfatto, puoi salvare il gioco sulla scheda di memoria per riprodurre il prodotto finito in un secondo momento. Sono inclusi anche tre giochi di esempio per mostrare cosa puoi fare con l'editor. I tre giochi sono molto diversi per stile e difficoltà.
3x3 Eyes - Kyuusei Koushu (Japan) (Disc 1)	3x3 Eyes - Kyuusei Koushu è basato sulla serie manga e anime 3x3 Eyes. Racconta la storia di un semplice adolescente giapponese Yakumo, che vive a Tokyo e cerca di studiare al liceo e di guadagnarsi da vivere lavorando allo stesso tempo come cameriere travestito.
3x3 Eyes - Tenrin'ou Genmu (Japan) (Disc 1)	3X3 Eyes - Tenrinou Genmu è uno dei giochi basati sulla serie manga e anime 3x3 Eyes. Racconta la storia di Yakumo, un normale adolescente giapponese che studia e lavora come cameriere, e di Pai, una ragazza che appartiene alla razza dei sanzhiyan, l'immortale popolo con tre occhi. Dopo aver scoperto il segreto dell'eterna giovinezza e dell'immortalità molte centinaia di anni fa, i sanzhiyan non potevano rimanere umani e divennero demoni crudeli capaci di possedere le persone e trasformarle in &quot;wu&quot; (cinese per &quot;niente&quot;) - servitori immortali, potenti e obbedienti. Pai, che sembra una ragazzina, ma ha comunque trecento anni, era terrorizzata da ciò che sono diventati i sanzhiyan e giurò che avrebbe trovato un modo per diventare di nuovo umana.
3Xtreme (USA)	Nel gioco, il giocatore può scegliere alcuni personaggi divisi in modalità come Pattini, Bicicletta e Skateboard. Durante il gioco, devi competere in stagioni di tornei radicali, in cui devi guadagnare punti passando attraverso &quot;Porte&quot; che valgono punti ed eseguendo manovre radicali. Inoltre dovresti ottenere una buona posizione in classifica, dato che è anche una gara. Durante il gioco dovresti arrivare primo nelle gare e aggiungere abbastanza punti per acquistare attrezzature nuove e più moderne.
4-4-2 Soccer (Europe) (En,Fr,De,Es)	Nel calcio 4-4-2 dovrai unire tutte le tue capacità di leadership e calcistiche. Controlla 25 attributi per giocatore tra cui forza, velocità e abilità che cambiano man mano che avanzi. I 4.000 nomi di giocatori reali compongono quasi 80 squadre internazionali e oltre 180 squadre di club.
40 Winks (USA)	Lotta come un ninja. Trasformati in un robot... oppure in un mostro! Combatti contro scheletri, ragni e alieni. Lotta con robot, zombie e giganteschi dinosauri... In questo gioco d'avventura 3D, il pericolo è sempre in agguato. Riuscirai a battere NiteKap, il cattivo e astuto ladro di sogni, mentre viaggi attraverso 6 mondi da incubo? Sarai abbastanza veloce da acchiappare i Wink prima di lasciarti acciuffare da qualcos'altro? Cambia personaggio - gioca nei panni di Ruff o di Tumble, sviluppa nuovi poteri e trasformati in un robot oppure in un mostro o un ninja... 6 livelli a tema - un castello spaventoso, l'immenso relitto di una nave adagiato sul fondo del mare, lo spazio cosmico, il mondo degli abissi sottomarini, poi indietro nel tempo fino al mondo preistorico in cui imperversano tirannosauri e vespe gigantesche e infine il mondo terribile dei mostri e dei fantasmi.
4x4 World Trophy (Europe) (En,Fr,De,Es,It)	Una macchina che pesa diverse tonnellate o un semplice buggy? Con oltre 25 diversi veicoli e piste ai quattro angoli del mondo. Jeep Wrangler, Cherokee, Dodge Ram Charger o ancora Hummer, probabilmente sarai in imbarazzo quando sceglierai le armi, soprattutto perché alcuni parametri possono essere configurati per aumentare la varietà del gioco. Puoi effettuare impostazioni tra cui il telaio del motore o le gomme per adattare la tua bestia da corsa alle piste su cui ti aspetti una stabilità.
5 Star Racing (Europe)	Allacciate la cintura di sicurezza e premete il piede sull'acceleratore. Sei al volante dei veicoli più potenti e veloci del mondo mentre si distruggono, saltano e si fanno strada verso la vittoria. Guida come mai prima d'ora e osserva i tuoi avversari: vogliono vincere tanto quanto te e faranno di tutto per riuscirci in queste gare feroci!
70's Robot Anime - Geppy-X (Japan) (Demo)	70's Robot Anime - Geppy-X - The Super Boosted Armor è un gioco sparatutto a scorrimento laterale pubblicato nel 1999 da Aroma per la console Sony Playstation, composto da 4 CD-ROM e non pubblicato negli Stati Uniti. Questo gioco sembra essere una parodia di uno dei più famosi e leggendari anime di Super Robot creati da Nagai Go negli anni '70. Geppy X è uno sparatutto che sembra un incrocio tra R-Type e Capcom Classic Sezione Z con sprite colorati e personaggi e nemici a base poligonale. Il giocatore controlla 6 robot diversi a seconda dello scenario. Ognuno ha un'arma principale che può essere caricata e resa più potente, un'arma secondaria che è più un'arma di assistenza, e ogni robot è capace di un super attacco quando la barra di potenza si riempie.
70's Robot Anime - Geppy-X - The Super Boosted Armor (Japan) (Disc 1)	70's Robot Anime - Geppy-X - The Super Boosted Armor è un gioco sparatutto a scorrimento laterale pubblicato nel 1999 da Aroma per la console Sony Playstation, composto da 4 CD-ROM e non pubblicato negli Stati Uniti. Questo gioco sembra essere una parodia di uno dei più famosi e leggendari anime di Super Robot creati da Nagai Go negli anni '70. Geppy X è uno sparatutto che sembra un incrocio tra R-Type e Capcom Classic Sezione Z con sprite colorati e personaggi e nemici a base poligonale. Il giocatore controlla 6 robot diversi a seconda dello scenario. Ognuno ha un'arma principale che può essere caricata e resa più potente, un'arma secondaria che è più un'arma di assistenza, e ogni robot è capace di un super attacco quando la barra di potenza si riempie.
A Ressha de Ikou 4 - Evolution (Japan)	A IV Evolution mette il giocatore nei panni del capo di un'importante compagnia di trasporti, l'obiettivo del giocatore è costruire un efficiente sistema di treni e autobus. Il giocatore è anche libero di acquistare e vendere terreni, costruire alloggi e provare a fare soldi sul mercato azionario. Il gioco presenta anche una modalità spettatore, in cui i giocatori possono salire su uno dei treni e godersi il viaggio in una prospettiva 3D.
A Ressha de Ikou 4 - Evolution Global (Japan) (En,Ja,Fr,De)	Sebbene i treni siano la tua principale fonte di reddito all'inizio del gioco, A-Train non si occupa esclusivamente di costruire treni. Utilizzando l'industria ferroviaria, nonché gli autobus e la metropolitana, spetta a te gestire un sistema di trasporto efficiente per passeggeri e compagnie di trasporto merci. Tutto quello che fai deve essere ben pensato perché il tuo obiettivo è realizzare un profitto.
A Ressha de Ikou Z - Mezase! Tairiku Oudan (Japan)	A-Train è una serie di videogiochi di simulazione ferroviaria. A Ressha de Ikou Z - Mezase! Tairiku Oudan (aka A-Train Z) è stato rilasciato nel maggio 1999 per la console Playstation 1. La versione Z offre la visualizzazione 3D della città e dei treni, diversi treni, ferrovie e città. L'obiettivo è creare il più grande impero ferroviario e il gioco termina quando il giocatore finisce i soldi.
A Sangre Fria (Spain) (Disc 1)	In Cold Blood sei schierato nei panni dell'agente M16 John Cord dai servizi segreti britannici per risolvere il mistero della scomparsa di un amico spia americano. Quello che inizia come spionaggio di routine si rivela una corsa per salvare tutta l'umanità. Deve scoprire chi ti sta minacciando e perché. A causa della struttura del gioco, caratterizzata da innumerevoli salti nel tempo, rimane aperto fino alla fine come finisce la storia. Il gioco inizia quando John Cord riprende conoscenza dopo essere stato torturato più volte. Quando viene interrogato, ricorda cosa è successo e avvia automaticamente le missioni che si svolgono nella sua memoria.
A Sangue Freddo (Italy) (Disc 1)	In Cold Blood sei schierato nei panni dell'agente M16 John Cord dai servizi segreti britannici per risolvere il mistero della scomparsa di un amico spia americano. Quello che inizia come spionaggio di routine si rivela una corsa per salvare tutta l'umanità. Deve scoprire chi ti sta minacciando e perché. A causa della struttura del gioco, caratterizzata da innumerevoli salti nel tempo, rimane aperto fino alla fine come finisce la storia. Il gioco inizia quando John Cord riprende conoscenza dopo essere stato torturato più volte. Quando viene interrogato, ricorda cosa è successo e avvia automaticamente le missioni che si svolgono nella sua memoria.
A-Train - Trains, Power, Money (USA) (En,Ja,Fr,De)	Sebbene i treni siano la tua principale fonte di reddito all'inizio del gioco, A-Train non si occupa esclusivamente di costruire treni. Utilizzando l'industria ferroviaria, nonché gli autobus e la metropolitana, spetta a te gestire un sistema di trasporto efficiente per passeggeri e compagnie di trasporto merci. Tutto quello che fai deve essere ben pensato perché il tuo obiettivo è realizzare un profitto.
A.IV - Evolution Global (Europe) (En,Ja,Fr,De)	Sebbene i treni siano la tua principale fonte di reddito all'inizio del gioco, A-Train non si occupa esclusivamente di costruire treni. Utilizzando l'industria ferroviaria, nonché gli autobus e la metropolitana, spetta a te gestire un sistema di trasporto efficiente per passeggeri e compagnie di trasporto merci. Tutto quello che fai deve essere ben pensato perché il tuo obiettivo è realizzare un profitto.
AbalaBurn (Japan)	Otto combattenti stanno cercando di trovare otto cristalli per un essere leggendario chiamato Lemuria per esaudire loro un unico desiderio, qualunque essi desiderino. Dovranno sconfiggere anche gli altri per raggiungere il loro obiettivo e scoprire la leggenda di Lemuria!
Abe '99 (Japan) (Disc 1)	Quei malvagi Glukon ci sono di nuovo, intenti a opprimere gli adorabili Mudokon in ogni modo possibile. L'ultima volta, i cattivi stavano fabbricando Mudokon a scatti. Ora, hanno ufficialmente spinto troppo oltre il genocidio, costringendo i ciechi Mudokon a lavorare come schiavi per scavare le ossa dei loro compagni defunti. Accade così, a proposito, che le ossa di Mudokon aggiungano il giusto calcio a una ricetta Glukon preferita, Soulstorm Brew. Chi salverà la giornata? Il nostro improbabile eroe Abe, ovviamente. Ti ricordi di Abe: quel Fraggle blu-verde, in perizoma, alto un metro e ottanta con problemi digestivi cronici? Sì, sarebbe stato contento di riposare sugli allori dopo aver salvato novantanove dei suoi amici Mudokon dallo sterminio in Oddworld: Abe's Oddysee, ma un gruppo di fantasmi scontenti ha eletto il buon vecchio Abe per vendicare la loro morte.
Abe a GoGo (Japan)	Abe è un membro della razza Mudokon, una delle tante che abitano il remoto pianeta noto come Oddworld. Lavora al fianco dei suoi colleghi come operaio e schiavo nelle Rupture Farms, una potente azienda di lavorazione della carne. Il gioco inizia quando Abe scopre una terribile verità. Per caso, riesce ad assistere a una riunione in cui sono presenti i direttori dell'azienda, i glukkons. Questi hanno precedentemente estinto varie specie sul pianeta dopo averli utilizzati come materia prima per la preparazione del loro cibo. Abe è inorridito dopo aver appreso che il suo prossimo piano aziendale sarà quello di vendere carne nientemeno che dai Mudokon. È così che Abe decide di fuggire, ma non prima di far scattare l'allarme del luogo dopo essere stato visto da una delle telecamere di sicurezza. Il giocatore deciderà se aiutare Abe a fuggire da solo o se scegliere l'opzione più rischiosa di convincere il resto dei suoi compagni di squadra a salvarsi insieme a lui.
Absolute Football (France) (En,Fr,De,Es,It,Pt)	Il gioco presenta tutte le squadre internazionali tra la Coppa del Mondo del 1958 e la Coppa del Mondo del 1998, un totale di 1035 squadre e oltre 16.000 giocatori della vita reale. I giocatori possono scegliere tra la modalità amichevole che ti consente di selezionare qualsiasi squadra e creare i tuoi matchup per giocare contro il computer o un amico, o una modalità Storia che ha permesso ai giocatori di partecipare a qualsiasi Coppa del Mondo dal 1958 al 1998. Possono anche giocare in una modalità Training per mettere in pratica le proprie abilità. Non c'erano commenti nel gioco. Invece il gioco prevedeva la chat del giocatore in cui la lingua del discorso del giocatore può essere modificata in opzioni che includevano la possibilità per i giocatori di parlare nella propria lingua madre.
Ace Combat (Japan)	Giochi come un mercenario freelance assunto dai governi mondiali per attaccare i terroristi. Le missioni diventano più difficili man mano che procedi, ma i soldi che guadagni per il completamento di ogni missione ne vale la pena. Puoi acquistare aerei e armi aggiuntivi man mano che procedi, così come assumere gregari per rendere il lavoro più facile.
Ace Combat 2 (USA)	Ace Combat 2 per Playstation è il secondo capitolo del gioco che vi mette ai comandi di un aereo da combattimento. Qui assumete il ruolo di un mercenario ingaggiato dai governi per combattere i terroristi. Il denaro raccolto completando 30 missioni viene utilizzato per acquistare armi ed equipaggiamento.
Ace Combat 3 - Electrosphere (USA)	In Ace Combat 3: Electrosphere il giocatore prende il posto di un asso pilota di caccia che lavora per un'organizzazione chiamata &quot;UPEO&quot; e deve portare a termine varie missioni, ad es. abbattere una portaerei speciale o eliminare i sistemi satellitari nemici in orbita attorno alla terra. Il giocatore può guadagnare valutazioni da A a D: maggiore è la valutazione, maggiori sono le possibilità che il giocatore possa acquisire nuovi tipi di aerei. Il gioco ha molti ambienti che vanno dalle normali missioni aeree alle missioni stratosferiche e persino alle missioni nello spazio. Un problema speciale è che il giocatore deve spesso prendere decisioni durante le missioni che influenzano la trama generale. C'è anche una funzione di pilota automatico che può essere utilizzata per atterrare o raggiungere una destinazione.
Ace Combat 3 - Electrosphere - Direct Audio with AppenDisc (Japan)	In Ace Combat 3: Electrosphere il giocatore prende il posto di un asso pilota di caccia che lavora per un'organizzazione chiamata &quot;UPEO&quot; e deve portare a termine varie missioni, ad es. abbattere una portaerei speciale o eliminare i sistemi satellitari nemici in orbita attorno alla terra. Il giocatore può guadagnare valutazioni da A a D: maggiore è la valutazione, maggiori sono le possibilità che il giocatore possa acquisire nuovi tipi di aerei. Il gioco ha molti ambienti che vanno dalle normali missioni aeree alle missioni stratosferiche e persino alle missioni nello spazio. Un problema speciale è che il giocatore deve spesso prendere decisioni durante le missioni che influenzano la trama generale. C'è anche una funzione di pilota automatico che può essere utilizzata per atterrare o raggiungere una destinazione.
Acid (Japan)	Acid è un puzzle psicotropo in cui i giocatori devono sparare un impulso di luce verso gli enigmi psichedelici caricando la distanza corretta e poi mirando, un po' come una partita di golf andata male. Fantastica grafica in stile Tempest con caratteri kanji e traccianti al neon.
Action Bass (USA)	Action Bass è una simulazione di pesca per Playstation. Sono disponibili diverse modalità di gioco: allenamento (per apprendere le tecniche di base), individuale o competizione. Dopo aver selezionato la tua esca, devi lanciare il tuo sughero nel posto giusto e quindi gestire il calibro dell'esca e la tensione della canna da pesca.
Action Man - Destruction X (Europe) (En,Fr,De,Es,It)	Il maestro criminale Dr. X è di nuovo all'altezza dei suoi vecchi trucchi! Questa volta ha escogitato un piano geostrategico per rubare preziosi segreti scientifici e conquistare il mondo! Solo Action Man può fermarlo! Cerca il dottor X su un sentiero attraverso tre diverse città in tutto il mondo. Usando una varietà di veicoli in una combinazione di missioni di corsa, inseguimento e salvataggio devi catturare il Dr. X prima che attivi le sue armi di distruzione di massa!
Action Man - Mission Xtreme (Europe) (En,Fr,De,Es,It,Nl,Sv,No,Da,Fi)	Gioco ispirato e l'omonima serie televisiva, Action Man: Mission Far Away Playstation mette il palcoscenico più grande di tutti gli eroi sulla strada per l'isola del Dr. X. Gli ultimi piani per distruggere il pianeta, facendo molteplici esperienze in natura vita. Azione L'uomo deve completare diverse missioni per contrastare tutti i piani del suo nemico. I livelli sono vari e l'allenamento può aumentare le tue capacità.
Action Man - Operation Extreme (USA)	Gioco ispirato e l'omonima serie televisiva, Action Man: Mission Far Away Playstation mette il palcoscenico più grande di tutti gli eroi sulla strada per l'isola del Dr. X. Gli ultimi piani per distruggere il pianeta, facendo molteplici esperienze in natura vita. Azione L'uomo deve completare diverse missioni per contrastare tutti i piani del suo nemico. I livelli sono vari e l'allenamento può aumentare le tue capacità.
Activision Classics (USA)	Activision Classics è una raccolta di giochi per Playstation. Comprende 30 classi Atari sviluppate da Activision come Atlantis, Boxing, Chopper Command, Crackpot, Cosmic Commuter, Dolphin, Grand Prix, Ice Hockey, Laser Blast, Megamania, Pitfall, River Raid, Spider Fighter, ecc.
Actua Golf (Europe) (En,Fr,De)	Il secondo gioco di golf di Interplay per PlayStation presenta sei percorsi 3D e una telecamera personalizzabile che mostrerà il tuo giocatore o la tua pallina da diverse prospettive. Il tiro comporta la pressione del pulsante di temporizzazione per determinare sia la potenza che la precisione; Draw e fade possono essere applicati anche prima di iniziare lo swing. I tipi di gioco includono allenamento, colpi, partite, skin, quartetto, quattro palle e round sia per dilettanti che per professionisti. Personalizza l'aspetto del tuo golfista catturato in movimento e imposta le condizioni meteorologiche prima di mettere piede sui collegamenti digitali. Altre caratteristiche chiave includono un'opzione di riproduzione con 15 angoli e una scelta di tre commentatori, tra cui Pat O'Brien, Peter Alliss e Tony Adamson. La serie VR Golf è conosciuta come Actua Golf nei mercati europei.
Actua Golf 2 (Europe)	Fox Sports Golf 99 offre sei percorsi 3D su cui possono competere fino a quattro giocatori: Forest Downs, Orange Rock, Sunny Green Country Club, Kiawah Island (sede della Coppa del Mondo di golf 1997), Oxfordshire in Inghilterra (Benson & Hedges International Open ) e Carnoustie Golf Links (sede del British Open 1999). I giocatori possono anche esercitarsi con le loro tecniche di lancio e put o lavorare sul loro gioco lungo facendo una botta al campo pratica. Una tradizionale interfaccia a triplo clic viene utilizzata per eseguire ogni ripresa e due commentatori chiameranno l'azione mentre procedi attraverso i collegamenti: scegli il leggendario annunciatore Peter Allis, John Walls di Fox Sports Net o fai analizzare entrambi il tuo gioco.
Actua Golf 3 (Europe)	Actua Golf 3 è un gioco di simulazione di golf con otto campi. Puoi personalizzare completamente il tuo personaggio. Con un nuovo personaggio inizi con i tornei amatoriali fino a quando non hai rimosso il tuo handicap. Quindi puoi partecipare ai tornei pro. Per colpire la palla in questo gioco il giocatore dovrà usare la sua levetta analogica e oscillare in modo molto simile a una vera mazza. Il gioco presenta il commento di Peter Alliss e Alex Hay.
Actua Soccer - Club Edition (Europe)	Actua Soccer Club Edition è una riedizione di Actua Soccer, rilasciata con le 20 squadre della Premiership inglese al posto delle competizioni internazionali. È stato registrato un nuovo commento e sono stati inclusi alcuni dati storici della Premiership.
Advanced Dungeons & Dragons - Iron & Blood - Warriors of Ravenloft (USA)	Iron & Blood è un combattente 3D basato su Ravenloft, un'ambientazione fantasy horror nel mondo di Advanced Dungeons & Dragons. Strahd von Zarovich, signore dei vampiri, e Lord Soth, cavaliere della morte, e costantemente complottano e complottano l'uno contro l'altro, e un gruppo di eroi è rimasto coinvolto nelle loro lotte di potere. Questo gruppo di avventurieri deve affrontare i mostri e i cattivi più malvagi e malvagi che la terra ha da offrire se vogliono sopravvivere e ritrovare la strada per tornare a casa. All'inizio del gioco, i giocatori devono scegliere da un pool di personaggi che include le forze del bene e del male. È possibile scegliere tra paladini, maghi, guerrieri, assassini, creature mannari e altro ancora. Una volta scelto un personaggio, devono affrontare una serie di avversari in uno contro uno fino alla morte.
Advanced V.G. (Japan)	Variable Geo, noto anche come V.G., è una serie di giochi di combattimento 2D giapponesi. Ambientati in una versione del Giappone del prossimo futuro, i giochi raccontano la storia di un torneo di arti marziali creato per determinare la donna più forte del paese. I tornei sono sponsorizzati da un certo numero di ristoranti a conduzione familiare, che in cambio della loro sponsorizzazione, ricevono una promozione sotto forma di un ingresso al torneo che lavora come cameriera. A causa della popolarità dei tornei, i ristoranti registrano un boom di clientelismo.
Advanced V.G. 2 (Japan)	V.G. è il torneo annuale di lotta per trovare la donna più forte, sponsorizzato dal Jahana Group e con un premio di un miliardo di yen. I combattenti lavorano come cameriere nei ristoranti in cambio della promozione del torneo. Il sito è stato scelto e i combattenti si sono riuniti. Una giovane ragazza, Tamao Mitsurugi, è entrata nel torneo ispirata dalla campionessa dell'anno scorso Yuka Takeuchi. Advanced Variable Geo 2 è uno dei numerosi titoli della lunga serie di giochi di combattimento per sole ragazze. Utilizzando uno dei 12 personaggi, inclusi nove di ritorno dal titolo precedente, il giocatore può scegliere tra una varietà di modalità, tra cui una modalità arcade standard, una modalità storia, una modalità 2 giocatori versus e una modalità time attack. C'è anche una modalità pratica, un'ampia varietà di opzioni di gioco e il monitoraggio delle statistiche di gioco.
Adventures of Lomax, The (USA)	Gli amici di Lomax sono nei guai e tocca a te salvarli dal sinistro cattivo, Evil Ed. Usando un incantesimo magico, il demone li ha rapiti e li sta costringendo a fare tutto ciò che istruisce. Adventures of Lomax è un gioco platform che si presenta come uno spin-off di Lemmings (dopotutto, è sviluppato dalla stessa azienda). Nei panni dell'eroe, dovrai saltare e sparare attraverso una moltitudine di livelli 2D a scorrimento laterale raccogliendo diversi potenziamenti. Gli oggetti speciali che Lomax incontra gli fanno guadagnare l'invincibilità; aumentare il raggio di salto e la potenza dei suoi attacchi. La maggior parte degli effetti svanisce in un periodo di tempo specifico e sono lì per darti un rapido aumento della salute.
Agent Armstrong (Europe) (En,Fr,De,Es)	Agent Armstrong è uno sparatutto per giocatore singolo a scorrimento laterale 3D pubblicato agli albori della PSX. Ambientato nel 1930, Armstrong deve combattere in 4 continenti e nelle profondità marine mentre il Sindacato tenta di controllare il mondo. I 30 livelli sono basati su missioni con almeno 2 obiettivi. Ci sono sequenze di boss ogni 5 livelli circa. Sebbene il gioco sia prevalentemente a scorrimento laterale, ci sono molte sequenze e aree (in particolare le aree dei boss) in cui l'azione è in forma libera.
Agent Armstrong - Himitsu Shirei Daisakusen (Japan)	Agent Armstrong è uno sparatutto per giocatore singolo a scorrimento laterale 3D pubblicato agli albori della PSX. Ambientato nel 1930, Armstrong deve combattere in 4 continenti e nelle profondità marine mentre il Sindacato tenta di controllare il mondo. I 30 livelli sono basati su missioni con almeno 2 obiettivi. Ci sono sequenze di boss ogni 5 livelli circa. Sebbene il gioco sia prevalentemente a scorrimento laterale, ci sono molte sequenze e aree (in particolare le aree dei boss) in cui l'azione è in forma libera.
Agile Warrior - F-111X (USA)	Buttati a capofitto nel combattimento aereo più innovativo in circolazione con una battaglia arcade rapida, furibonda e a velocità supersonica... Possibilità di gioco simultaneo a 2 giocatori. Esplosiva battaglia tridimensionale terrestre, marina e aerea in tempo reale. Combatti in 10 missioni altamente imprevedibili. Le missioni comportano incursioni ad alta precisione, impiego di armi elettroniche, missioni segrete e battaglie nucleari. L'armamento a tua disposizione consente una veduta ravvicinata e personale dell'azione con missili teleguidati per prepararti alla distruzione totale. Colonna sonora ed effetti speciali strabilianti!
Air Combat (USA)	Giochi come un mercenario freelance assunto dai governi mondiali per attaccare i terroristi. Le missioni diventano più difficili man mano che procedi, ma i soldi che guadagni per il completamento di ogni missione ne vale la pena. Puoi acquistare aerei e armi aggiuntivi man mano che procedi, così come assumere gregari per rendere il lavoro più facile.
AirGrave (Japan)	In questo shoot'em up si può scegliere tra quattro navi con caratteristiche diverse, ma tutte basate su due armi: la prima è di tipo classico, la seconda è di tipo terrestre, con un sistema di blocco dei bersagli multipli. Il punteggio aumenta esponenzialmente con il numero di nemici nel mirino. Sono disponibili anche delle superbombe, sotto forma di &quot;overdrive&quot;, che fanno sparire tutto il fuoco nemico e decuplicano la vostra potenza di fuoco per un certo periodo di tempo. È possibile potenziare le armi e aumentare la salute raccogliendo vari bonus.
Akuji the Heartless (USA)	La premessa di Akuji the Heartless non è felice. Proprio quando Akuji, uno sciamano voodoo, stava per sposarsi, la sua futura sposa fu rapita e lui fu poi ucciso dal suo stesso fratello. Il suo fratello apparentemente amorevole gli strappò il cuore e mandò Akuji in un mondo sotterraneo oscuro e malvagio. Akuji giurò vendetta al fratello e promise di vendicare il suo vero amore. Nei panni di Akuji, devi raccogliere le anime dei tuoi antenati defunti e consegnarle al Barone Samedi, guardiano degli inferi. Se ci riesci, lui esaudirà il tuo desiderio di vendetta dandoti l'opportunità di affrontare tuo fratello e di fare a lui ciò che lui ha fatto a te. Ancora più importante, sarai di nuovo insieme alla tua fidanzata.
Akumajou Dracula X - Gekka no Yasoukyoku (Japan)	Come discendente di Dracula, devi porre fine alla stirpe dei vampiri. Riuscirai a liberare il mondo da questo indicibile terrore? Scopri il mistero di Castlevania e sfida un'avventura leggendaria come il suo nome. Oltre 140 diversi nemici, boss e creature orribili. Fantastici incantesimi magici: trasformati in un pipistrello, un lupo o una nebbia eterica. Armi nascoste, segreti e personaggi ... il più grande Castlevania di sempre!
Alien Resurrection (USA)	Ellen Ripley morì nel tentativo di sconfiggere gli Alieni. Ora, 200 anni dopo, gli scienziati hanno resuscitato Ripley – insieme alla Regina Madre – con l'intento di creare l'arma decisiva. Una volta uniti ad un manipolo di pirati spaziali rinnegati, su una navicella di ricerca diretta verso la Terra, devono combattere per sopravvivere e distruggere gli Alieni una volta per tutte. Intercetta e sconfiggi l'intelligenza degli alieni mentre comunicano tra di loro: reagisci ai suoni e alle tattiche di gioco: caccia da solo e in gruppo. Stai all'erta. Guardati le spalle. Gli Alieni possono correre sui muri e sui soffitti. I suoni degli ambienti e gli effetti sonori del gioco sono tratti direttamente dal film ALIEN LA CLONAZIONE. Usa armi quali fucili, lanciafiamme, pistole elettriche, lanciagranate e lanciarazzi. Fatti strada attraverso la navicella spaziale Auriga infestata dagli Alieni e l'unita' di Trasporto Betty.
Alien Trilogy (USA)	n questo FPS, i giocatori assumono il ruolo di Ellen Ripley. L'azione si svolge sul pianeta LV-426 / Acheron. Ci sono molti riferimenti ai film: nei luoghi che si visitano, nei diversi tipi di alieni, nelle armi e negli effetti sonori e in una serie di altri piccoli dettagli... Oltre agli alieni, dovrete combattere anche i dipendenti della società, che sono stati infettati dagli alieni e non possono più essere salvati, o che vogliono attivamente ostacolare la vostra missione. Le armi comprendono pistole, fucili a pompa, fucili a impulsi, lanciafiamme e smart gun. Munizioni, potenziamenti della salute e altri oggetti utili sono sparsi per i livelli. Le aree nascoste possono essere scoperte utilizzando esplosivi come granate e cariche sismiche. Un sistema di mappatura automatica assicura che non ci si perda.
All Music Dance! (Italy)	Dance Europe adotta la formula standard &quot;bemani&quot;: le frecce appaiono ritmicamente sullo schermo e il giocatore deve premere il pulsante corrispondente (su una periferica per tappetino da ballo o sul controller PS/PS2 standard) a tempo con queste frecce e la musica. I punti vengono assegnati per la precisione con extra per creare determinate &quot;combo&quot;. Il gioco contiene brani di artisti tra cui Sugababes, Room 5, Sophie Ellis Bextor, Alizee o DJ Sammy.
All Star Tennis '99 (Europe) (En,Fr,De,Es,It)	Gioca nei panni di 8 giocatori del tour ATP / WTA di livello mondiale (tra cui Mark Philippoussis, Richard Krajicek, Conchita Martinez, Michael Chang e Jana Novotna) e di 4 giocatori immaginari attraverso una serie di tornei su erba, terra battuta, campi in cemento e superfici di rimbalzo. Lob, volley, smash e serve oltre i giocatori controllati dal computer in tornei di singolo o doppio, doppio multiplayer a 4 giocatori e tornei multiplayer di singolo e doppio a 8 giocatori.
All Star Tennis (Europe)	Questa versione semplice e senza fronzoli del 2001 di A1 e Agetec porta l'azione tennistica di base sulla robusta console PlayStation. Il titolo è progettato concentrandosi su un gameplay divertente rispetto a una grafica fantasiosa o sponsorizzazioni di celebrità. Scegli tra 16 personaggi diversi, ognuno con le proprie mosse e abilità distintive! 1-4 giocatori giocano in singolo o doppio. Modalità libera e torneo.
All Star Tennis 2000 (Europe) (En,De,Es,It)	Yannick Noah All Star Tennis 2000 è un gioco per Playstation. Gioca nei panni del campione francese e gareggia contro star del tennis mondiale come Kuerten, Martin, Krajicek, Hewitt. Offre 3 modalità di gioco: demo, stagione dei tornei e partite con un massimo di 4 giocatori.
Alla Ricerca della Valle Incantata - Ritorno alla Grande Vallata (Italy)	Dopo essere stati inseguiti da un Sharptooth mentre restituivano un uovo rubato, Littlefoot, Cera, Ducky e Spike si perdono nel Great Beyond. I giocatori controllano i quattro amici preistorici mentre ognuno deve trovare la via del ritorno a casa in The Land Before Time: Return to the Great Valley per PlayStation. Percorrendo cinque livelli 3D, i personaggi devono raccogliere le stelle degli alberi evitando pericolose insidie. I livelli contengono elementi interattivi, come piante e bolle di catrame. A seconda del personaggio selezionato, i giocatori possono fare uso di frustate della coda, colpi di testa e altre abilità per costruire ponti, cavalcare geyser e superare altri ostacoli. Petrie è anche prontamente disponibile per volare sullo schermo e offrire consigli e indicazioni. I livelli sono composti da percorsi ad ostacoli e azioni di tipo puzzle in quanto i giocatori devono attraversare fiumi, nutrire piante e raccogliere stelle degli alberi evitando pericoli, come lava, acqua e ripide scogliere. Dopo che tutti e cinque i personaggi sono usciti dal quinto livello, sono tutti riuniti nella Great Valley.
Alone in the Dark - Jack Is Back (Europe) (En,Fr,De,Es,It)	Natale 1924. Gli investigatori privati ​​Edward Carnby e Ted Striker stanno indagando sul rapimento della piccola Grace Sounders. Gli indizi portano a una vecchia villa chiamata Hell's Kitchen, rifugio del pirata Jack l'Unico e della sua banda di criminali. Carnby continua con il lavoro del suo amico Striker quando scompare misteriosamente e decide di entrare nella villa per risolvere il caso. Sfortunatamente, scopre che Striker è stato assassinato. Carnby deve combattere per fuggire, mentre salva Grace e sventa i piani malvagi di Jack e della sua strana partner Elizabeth Jarret.
Alone in the Dark - One-Eyed Jack's Revenge (USA)	Natale 1924. Gli investigatori privati ​​Edward Carnby e Ted Striker stanno indagando sul rapimento della piccola Grace Sounders. Gli indizi portano a una vecchia villa chiamata Hell's Kitchen, rifugio del pirata Jack l'Unico e della sua banda di criminali. Carnby continua con il lavoro del suo amico Striker quando scompare misteriosamente e decide di entrare nella villa per risolvere il caso. Sfortunatamente, scopre che Striker è stato assassinato. Carnby deve combattere per fuggire, mentre salva Grace e sventa i piani malvagi di Jack e della sua strana partner Elizabeth Jarret.
Alone in the Dark - The New Nightmare (USA) (Disc 1)	Alone in the Dark: The New Nightmare è la quarta voce della serie Alone in the Dark, che continua la storia creata dalle puntate precedenti. Charles Fisk è scomparso su Shadow Island e si presume sia morto. Il suo buon amico, l'investigatore privato Edward Carnby, ha noleggiato un aereo per Shadow Island per indagare sulla scomparsa del suo amico e scoprire cosa sta pianificando il proprietario dell'isola, Obed Morton. Anche Ailene Cedrac, una professoressa di etnologia alla Boston University, ha un interesse per l'isola - crede che suo padre perduto da tempo si trovi lì. Spinti dall'intrigo oltre che dal desiderio di chiusura, sia Cedrac che Carnby volano sull'isola la notte di Halloween.
Alone in the Dark 2 (Japan)	Natale 1924. Gli investigatori privati ​​Edward Carnby e Ted Striker stanno indagando sul rapimento della piccola Grace Sounders. Gli indizi portano a una vecchia villa chiamata Hell's Kitchen, rifugio del pirata Jack l'Unico e della sua banda di criminali. Carnby continua con il lavoro del suo amico Striker quando scompare misteriosamente e decide di entrare nella villa per risolvere il caso. Sfortunatamente, scopre che Striker è stato assassinato. Carnby deve combattere per fuggire, mentre salva Grace e sventa i piani malvagi di Jack e della sua strana partner Elizabeth Jarret.
Alundra (USA)	Alundra è un ragazzo che può entrare nei sogni degli altri. I suoi stessi sogni gli dicono di andare al villaggio Inoa. La nave su cui Alundra sta arrivando al villaggio affonda, ma Alundra stesso viene trascinato su una spiaggia vicino al villaggio. Lì un fabbro, Jess, si prende cura di lui e lo tratta come se fosse suo figlio. Ma Alundra, entrando nei sogni della gente del villaggio, capisce che c'è un pericolo da qualche parte. La gente ha incubi orribili, e solo Alundra può scoprire cosa significano... Alundra è un gioco di ruolo d'azione (RPG) un po' simile ai famosi giochi di Zelda. Utilizza il combattimento in tempo reale e ha un sacco di enigmi fisici e ambientali. Una grande parte del gioco viene trascorsa nei dungeon, dove il giocatore deve risolvere i puzzle per poter procedere.
Alundra 2 - A New Legend Begins (USA)	Alundra 2 è un gioco di ruolo/avventura ispirato alla fantasia su Playstation. Con l'aiuto di uno stregone e di pirati, un malvagio barone ha imprigionato il monarca del regno di Varuna. Uno spadaccino di nome Flint decide di opporsi a lui... sei tu! Alternando i combattimenti e gli enigmi, Alundra 2 presenta quaranta varietà di nemici e dieci boss. Il giocatore può controllare quattro diversi personaggi.
Alundra 2 - Der Beginn einer neuen Legende (Germany)	Alundra 2 è un gioco di ruolo/avventura ispirato alla fantasia su Playstation. Con l'aiuto di uno stregone e di pirati, un malvagio barone ha imprigionato il monarca del regno di Varuna. Uno spadaccino di nome Flint decide di opporsi a lui... sei tu! Alternando i combattimenti e gli enigmi, Alundra 2 presenta quaranta varietà di nemici e dieci boss. Il giocatore può controllare quattro diversi personaggi.
Alundra 2 - Mashinka no Nazo (Japan)	Alundra 2 è un gioco di ruolo/avventura ispirato alla fantasia su Playstation. Con l'aiuto di uno stregone e di pirati, un malvagio barone ha imprigionato il monarca del regno di Varuna. Uno spadaccino di nome Flint decide di opporsi a lui... sei tu! Alternando i combattimenti e gli enigmi, Alundra 2 presenta quaranta varietà di nemici e dieci boss. Il giocatore può controllare quattro diversi personaggi.
Alundra 2 - Une Legende Est Nee (France)	Alundra 2 è un gioco di ruolo/avventura ispirato alla fantasia su Playstation. Con l'aiuto di uno stregone e di pirati, un malvagio barone ha imprigionato il monarca del regno di Varuna. Uno spadaccino di nome Flint decide di opporsi a lui... sei tu! Alternando i combattimenti e gli enigmi, Alundra 2 presenta quaranta varietà di nemici e dieci boss. Il giocatore può controllare quattro diversi personaggi.
Amazing Virtual Sea-Monkeys, The (USA) (En,Es)	Rilasciato inizialmente per PC nel 2001, The Amazing Virtual Sea-Monkeys si fa strada verso la PlayStation in una simulazione di sviluppo della vita ambientata in 70 livelli tentacolari di ambienti sottomarini. I giocatori sono sfidati a condurre le scimmie marine appena nate alla salvezza della Venus Shell, ma devono farlo senza alcun controllo diretto su di loro. Invece, i giocatori controllano Nautila, il protettore e la guida della scimmia di mare, che è un pesce di 358 anni che usa il suo lungo naso multiuso per varie azioni. Predatori, trappole, piante e oggetti ostacolano la sicurezza delle sue cariche, ma Nautila può utilizzare alcune creature sottomarine per aiutare a controllare le vivaci scimmie marine. Ollie il polpo, il pesce rosso, il pesce palla, la medusa, il pesce lanterna, lo spinarolo e altri possono essere tutti dannosi in qualche modo per le scimmie di mare, ma le loro caratteristiche possono anche essere sfruttate da Nautila con un buon vantaggio. Altri elementi di gioco includono l'uso di bolle per proteggere le scimmie marine o imprigionare i loro nemici, raccogliere un certo numero di pesci rossi per superare i livelli e l'obbligo di salvare un numero specifico di scimmie marine entro limiti di tempo preimpostati per livello.
Amerzone - Das Testament des Forschungsreisenden (Germany) (Disc 1)	Vivi un'avventura fuori dal tempo. Era persuasivo, questo vecchio esploratore: &quot;Porta l'uovo di uccello bianco ad Amerzone, ti prego ... La mia spedizione è pronta in ogni dettaglio&quot;. Così convincente che gli credettero. E ora, persi in mezzo alla giungla, tra soldati seduti sul collo, calore e zanzare, si rendono conto di essersi sbagliati. CARATTERISTICHE: - Uno scenario molto ricco che mescola realtà e finzione - Decori e animazioni di incredibile bellezza - Oltre 200 luoghi da esplorare - Oltre 50 puzzle da risolvere - Completa libertà di movimento a 360 ° - Una banda sonora e musica stregate - A completane uno Immergiti nell'avventura
Amerzone - El Legado del Explorador (Spain) (Disc 1)	Vivi un'avventura fuori dal tempo. Era persuasivo, questo vecchio esploratore: &quot;Porta l'uovo di uccello bianco ad Amerzone, ti prego ... La mia spedizione è pronta in ogni dettaglio&quot;. Così convincente che gli credettero. E ora, persi in mezzo alla giungla, tra soldati seduti sul collo, calore e zanzare, si rendono conto di essersi sbagliati. CARATTERISTICHE: - Uno scenario molto ricco che mescola realtà e finzione - Decori e animazioni di incredibile bellezza - Oltre 200 luoghi da esplorare - Oltre 50 puzzle da risolvere - Completa libertà di movimento a 360 ° - Una banda sonora e musica stregate - A completane uno Immergiti nell'avventura
Amerzone - Il Testamento dell'Esploratore (Italy) (Disc 1)	Vivi un'avventura fuori dal tempo. Era persuasivo, questo vecchio esploratore: &quot;Porta l'uovo di uccello bianco ad Amerzone, ti prego ... La mia spedizione è pronta in ogni dettaglio&quot;. Così convincente che gli credettero. E ora, persi in mezzo alla giungla, tra soldati seduti sul collo, calore e zanzare, si rendono conto di essersi sbagliati. CARATTERISTICHE: - Uno scenario molto ricco che mescola realtà e finzione - Decori e animazioni di incredibile bellezza - Oltre 200 luoghi da esplorare - Oltre 50 puzzle da risolvere - Completa libertà di movimento a 360 ° - Una banda sonora e musica stregate - A completane uno Immergiti nell'avventura
Amerzone - O Testamento do Explorador (Portugal) (Disc 1)	Vivi un'avventura fuori dal tempo. Era persuasivo, questo vecchio esploratore: &quot;Porta l'uovo di uccello bianco ad Amerzone, ti prego ... La mia spedizione è pronta in ogni dettaglio&quot;. Così convincente che gli credettero. E ora, persi in mezzo alla giungla, tra soldati seduti sul collo, calore e zanzare, si rendono conto di essersi sbagliati. CARATTERISTICHE: - Uno scenario molto ricco che mescola realtà e finzione - Decori e animazioni di incredibile bellezza - Oltre 200 luoghi da esplorare - Oltre 50 puzzle da risolvere - Completa libertà di movimento a 360 ° - Una banda sonora e musica stregate - A completane uno Immergiti nell'avventura
Amerzone - The Explorer's Legacy (Europe) (Disc 1)	Vivi un'avventura fuori dal tempo. Era persuasivo, questo vecchio esploratore: &quot;Porta l'uovo di uccello bianco ad Amerzone, ti prego ... La mia spedizione è pronta in ogni dettaglio&quot;. Così convincente che gli credettero. E ora, persi in mezzo alla giungla, tra soldati seduti sul collo, calore e zanzare, si rendono conto di essersi sbagliati. CARATTERISTICHE: - Uno scenario molto ricco che mescola realtà e finzione - Decori e animazioni di incredibile bellezza - Oltre 200 luoghi da esplorare - Oltre 50 puzzle da risolvere - Completa libertà di movimento a 360 ° - Una banda sonora e musica stregate - A completane uno Immergiti nell'avventura
Amerzone, L' (France) (Disc 1)	Vivi un'avventura fuori dal tempo. Era persuasivo, questo vecchio esploratore: &quot;Porta l'uovo di uccello bianco ad Amerzone, ti prego ... La mia spedizione è pronta in ogni dettaglio&quot;. Così convincente che gli credettero. E ora, persi in mezzo alla giungla, tra soldati seduti sul collo, calore e zanzare, si rendono conto di essersi sbagliati. CARATTERISTICHE: - Uno scenario molto ricco che mescola realtà e finzione - Decori e animazioni di incredibile bellezza - Oltre 200 luoghi da esplorare - Oltre 50 puzzle da risolvere - Completa libertà di movimento a 360 ° - Una banda sonora e musica stregate - A completane uno Immergiti nell'avventura
Angelique Special (Japan)	Angelique Special è una versione migliorata dell'originale Angelique uscito su Super Famicom (SNES). Non sono state apportate modifiche al gameplay (un mix di avventura, strategia e incontro) o alla storia: una semplice ragazza di nome Angelique Limoges deve fare amicizia con nove Guardiani per diventare regina. Questa versione presenta una grafica leggermente migliorata, musica di qualità CD, doppiaggio e scene in stile anime.
Angelique Special 2 (Japan)	Dopo gli eventi del primo gioco Angelique, Angelique Limoges è diventata la regina di Cosmos. Oggi è apparso un nuovo Cosmos ed è giunto il momento di scegliere una nuova regina. Questa volta le candidate sono Angelique Collet (la protagonista del gioco) e Rachel Hart. Il sistema di gioco è simile in questo sequel. Ancora una volta, Angelique deve usare la diplomazia per convincere i Nove Guardiani a prestarle i loro poteri (il che rende felici gli abitanti del suo Paese) o a sviluppare sentimenti più forti nei suoi confronti. La novità di questo sequel è la possibilità di lavorare con tre diversi istruttori, sviluppando la mente, il senso o la dignità dell'eroina, che influenzerà il modo in cui interagisce con gli altri personaggi e anche il comportamento dei Guardiani.
Another Mind (Japan)	Hitomi Hayama, una ragazza di 16 anni è stata coinvolta in un incidente d'auto. Al risveglio in ospedale si rende conto che qualcun altro ha preso dimora nella sua testa, un'altra mente. In questo gioco con video in full motion e attori reali, il giocatore assume il ruolo di quest'altra mente. Ciò che Hitomi deve affrontare, anche il giocatore deve affrontare. L'interazione con Hitomi avviene assemblando parole e frasi.
Ape Escape (USA)	Ape Escape è un gioco platform pubblicato su Playstation. Spike è un ragazzino dispettoso che si ritrova catapultato nel passato dalla grande scimmia Spectre. Dovrai trovare tutte le scimmie scomparse nel passato e catturarle.
Ape Escape - La Invasion de los Monos (Spain)	Ape Escape è un gioco platform pubblicato su Playstation. Spike è un ragazzino dispettoso che si ritrova catapultato nel passato dalla grande scimmia Spectre. Dovrai trovare tutte le scimmie scomparse nel passato e catturarle.
Arc the Lad - Monster Game (Japan) (Present-ban)	Arc the Lad Monster Game è uno spin-off della serie Arc the Lad e un'espansione bonus di Arc the Lad II, poiché utilizza i salvataggi del giocatore del secondo gioco in modo che il giocatore possa competere nel torneo con i suoi mostri, visitare negozi, scambiare oggetti, ecc. Inoltre c'è una raccolta di minigiochi da casinò che completano il pacchetto.
Arc the Lad - Monster Game with Casino Game (Japan) (Disc 1) (Monster Game)	Arc the Lad Monster Game è uno spin-off della serie Arc the Lad e un'espansione bonus di Arc the Lad II, poiché utilizza i salvataggi del giocatore del secondo gioco in modo che il giocatore possa competere nel torneo con i suoi mostri, visitare negozi, scambiare oggetti, ecc. Inoltre c'è una raccolta di minigiochi da casinò che completano il pacchetto.
Arc the Lad Collection - Arc Arena - Monster Tournament (USA)	Arc the Lad Monster Game è uno spin-off della serie Arc the Lad e un'espansione bonus di Arc the Lad II, poiché utilizza i salvataggi del giocatore del secondo gioco in modo che il giocatore possa competere nel torneo con i suoi mostri, visitare negozi, scambiare oggetti, ecc. Inoltre c'è una raccolta di minigiochi da casinò che completano il pacchetto.
Arc the Lad Collection - Arc the Lad II (USA)	Questo seguito diretto di &quot;Arc the Lad&quot; continua la storia incompiuta del primo gioco, ma inizia da una prospettiva completamente diversa. Controlli un cacciatore di taglie di nome Elk, che soffre di amnesia. Durante la ricerca della sua vera identità, scopre i poteri nascosti dentro di lui e il destino di tutta la sua tribù. Mentre insegue il suo acerrimo nemico, Elk incontra Arc, l'eroe del primo gioco, e poi entrambi si rendono conto che stavano cercando di distruggere lo stesso male. Il sistema di battaglia di &quot;Arc the Lad II&quot; è simile a quello utilizzato nel suo predecessore: nelle battaglie puoi muovere i tuoi personaggi sul campo di battaglia e la tua vicinanza ai nemici gioca un ruolo importante. Causi e subisci danni diversi a seconda della tua posizione sul campo di battaglia. A differenza del primo gioco, questo è un gioco di ruolo/avventura a tutti gli effetti, senza l'aspetto &quot;strategico&quot; del predecessore.
Arc the Lad II (Japan)	Questo seguito diretto di &quot;Arc the Lad&quot; continua la storia incompiuta del primo gioco, ma inizia da una prospettiva completamente diversa. Controlli un cacciatore di taglie di nome Elk, che soffre di amnesia. Durante la ricerca della sua vera identità, scopre i poteri nascosti dentro di lui e il destino di tutta la sua tribù. Mentre insegue il suo acerrimo nemico, Elk incontra Arc, l'eroe del primo gioco, e poi entrambi si rendono conto che stavano cercando di distruggere lo stesso male. Il sistema di battaglia di &quot;Arc the Lad II&quot; è simile a quello utilizzato nel suo predecessore: nelle battaglie puoi muovere i tuoi personaggi sul campo di battaglia e la tua vicinanza ai nemici gioca un ruolo importante. Causi e subisci danni diversi a seconda della tua posizione sul campo di battaglia. A differenza del primo gioco, questo è un gioco di ruolo/avventura a tutti gli effetti, senza l'aspetto &quot;strategico&quot; del predecessore.
Arc the Lad II - Characters & World CG Movie Collection (Japan)	Questo seguito diretto di &quot;Arc the Lad&quot; continua la storia incompiuta del primo gioco, ma inizia da una prospettiva completamente diversa. Controlli un cacciatore di taglie di nome Elk, che soffre di amnesia. Durante la ricerca della sua vera identità, scopre i poteri nascosti dentro di lui e il destino di tutta la sua tribù. Mentre insegue il suo acerrimo nemico, Elk incontra Arc, l'eroe del primo gioco, e poi entrambi si rendono conto che stavano cercando di distruggere lo stesso male. Il sistema di battaglia di &quot;Arc the Lad II&quot; è simile a quello utilizzato nel suo predecessore: nelle battaglie puoi muovere i tuoi personaggi sul campo di battaglia e la tua vicinanza ai nemici gioca un ruolo importante. Causi e subisci danni diversi a seconda della tua posizione sul campo di battaglia. A differenza del primo gioco, questo è un gioco di ruolo/avventura a tutti gli effetti, senza l'aspetto &quot;strategico&quot; del predecessore.
Arcade Hits - Magical Drop (Japan)	Distruggete i palloncini che cadono facendo cadere gruppi di tre o più. Imparate le combinazioni di mosse intelligenti e il vostro schermo si trasformerà in una nuvola di esplosioni colorate. Una volta scoperti i segreti dei palloncini &quot;Ice&quot; e &quot;Arrow&quot;, non riuscirete più a smettere di giocare a questo capolavoro di puzzle.
Arcade Hits - Moon Cresta (Japan)	Il giocatore deve muovere la sua nave mentre ondate di alieni appaiono alla base dello schermo. Gli alieni gialli si dividono quando vengono colpiti, mentre quelli magenta sono i più difficili. Una volta liberata la strada, il giocatore deve cercare di attraccare manualmente la sua nave entro un tempo prestabilito. Una volta agganciata con successo, il giocatore guadagna punti bonus.
Arcade Hits - Shienryuu (Japan)	Gekioh: Shooting King, lo sparatutto a scorrimento verticale di Natsume, offre nove modalità arcade di azione senza sosta in un'ambientazione futuristica con mech giganti, dirigibili laser e bombe. Gli ambienti sono pieni di potenziamenti, esplosioni e caos distruttivo. I giocatori dispongono di un arsenale composto da un devastante cannone Vulcan, attacchi elettrici con fulmini e missili in grado di decimare carri armati terrestri e squadroni volanti. I potenziamenti includono aumenti di velocità, potenza, scudi, bombe e bonus ai punti, con l'arma principale che cambia a seconda dell'ultimo disco rosso (cannone), blu (fulmine) o giallo (missile) raccolto.
Ark of Time (Europe) (En,Fr,De,Es,It)	Interpreti il giornalista sportivo Richard Kendall. Nell'estate del 1997, una spedizione di quattro esploratori è partita negli abissi dell'Oceano Atlantico per trovare tracce della mitica città sommersa di Atlantide. Sono l'archeologo Professor Caldwell, la scienziata Helen, la sponsor del viaggio Mr. Blower e suo nipote Simon. Quando improvvisamente smettono di comunicare, Richard è quello che ha il compito di trovarli. Preferirebbe di gran lunga restare a Londra e seguire le partite di calcio, ma il suo editore insiste e lui obbedisce. La sua ricerca lo porta in diverse località in tutto il mondo, inclusi i Caraibi, Stonehenge, l'Isola di Pasqua e la stessa Atlantide.
Army Men - Air Attack (USA)	La guerra tra le truppe di soldatini di plastica continua a infuriare e molti soldati restano feriti sul campo di battaglia. Sali sul tuo elicottero, sorvola la zona per recuperare i tuoi compagni e salvare loro la vita. Questa è la nobile missione proposta dal gioco d'azione Army Men: Air Attack per PlayStation. In questo gioco è disponibile la modalità cooperativa per due giocatori.
Arthur to Astaroth no Nazo Makaimura - Incredible Toons (Japan)	Arthur to Astaroth no Nazo Maikamura - Incredible Toons è un remake del vecchio gioco puzzle per PC The Incredible Machine (o Sid & Al's Incredible Toons che è un videogioco puzzle sviluppato da Dynamix e pubblicato da Sierra On-Line nel 1993. È progettato con lo stesso stile di The Incredible Machine, tranne per il fatto che il gioco si è svolto su un palcoscenico di cartone animato invece che in un laboratorio. Il gioco si concentra sulle avventure umoristiche dei due personaggi principali del gioco, Sid E. Mouse e Al E. Cat, mentre ognuno cerca di rendere la vita insopportabile per l'altro. Presenta 100 puzzle e un editor che consente al giocatore di progettare i propri puzzle. L'obiettivo principale del gioco è finire una fotografia &quot;pezzo di puzzle&quot; completando ogni puzzle Quando ogni puzzle (o livello) è completato, un pezzo mancante sulla fotografia viene sostituito.), Con personaggi aggiunti e musica dalla serie Makaimura di Capcom.
Asterix - Mega Madness (Europe) (En,Fr,De,Es,It,Nl)	È tempo di festa e i Galli stanno pianificando di celebrare in grande stile organizzando una delle feste più grandi mai viste. Il più grande onore di tutti i Galli è sedere accanto al Capo. Per determinare esattamente a chi sarà concesso questo onore, il Capo ha annunciato che terrà un torneo sportivo speciale, mai visto prima. I Galli si preparano tutti a partecipare a una serie di folli sfide sportive per vincere il privilegio di sedersi accanto al Capo durante la festa.
Atlantis - Das sagenhafte Abenteuer (Germany) (Disc 1)	L'avanzato design urbano di Atlantide dimostra che lì doveva aver funzionato una società a tutti gli effetti, e questo gioco d'avventura la porta in vita. La regina Rhea è il leader minacciato e il giovane Seth è il personaggio che controlli mentre mira a salvare la situazione. Come può sapere di chi fidarsi e chi ha i propri programmi in questo mondo complesso? Il mondo di Atlantide viene visualizzato in 3D a schermo intero completamente rotante, composto da milioni di poligoni e sincronizzazione labiale completa utilizzando un sistema proprietario. Ascolta i suoni di pericolo: a volte sono il primo avvertimento che ricevi
Atlantis - Secrets d'un Monde Oublie (France) (Disc 1)	L'avanzato design urbano di Atlantide dimostra che lì doveva aver funzionato una società a tutti gli effetti, e questo gioco d'avventura la porta in vita. La regina Rhea è il leader minacciato e il giovane Seth è il personaggio che controlli mentre mira a salvare la situazione. Come può sapere di chi fidarsi e chi ha i propri programmi in questo mondo complesso? Il mondo di Atlantide viene visualizzato in 3D a schermo intero completamente rotante, composto da milioni di poligoni e sincronizzazione labiale completa utilizzando un sistema proprietario. Ascolta i suoni di pericolo: a volte sono il primo avvertimento che ricevi
Atlantis - Segreti d'un Mondo Perduto (Italy) (Disc 1)	L'avanzato design urbano di Atlantide dimostra che lì doveva aver funzionato una società a tutti gli effetti, e questo gioco d'avventura la porta in vita. La regina Rhea è il leader minacciato e il giovane Seth è il personaggio che controlli mentre mira a salvare la situazione. Come può sapere di chi fidarsi e chi ha i propri programmi in questo mondo complesso? Il mondo di Atlantide viene visualizzato in 3D a schermo intero completamente rotante, composto da milioni di poligoni e sincronizzazione labiale completa utilizzando un sistema proprietario. Ascolta i suoni di pericolo: a volte sono il primo avvertimento che ricevi
Atlantis - The Lost Tales (Europe) (Disc 1)	L'avanzato design urbano di Atlantide dimostra che lì doveva aver funzionato una società a tutti gli effetti, e questo gioco d'avventura la porta in vita. La regina Rhea è il leader minacciato e il giovane Seth è il personaggio che controlli mentre mira a salvare la situazione. Come può sapere di chi fidarsi e chi ha i propri programmi in questo mondo complesso? Il mondo di Atlantide viene visualizzato in 3D a schermo intero completamente rotante, composto da milioni di poligoni e sincronizzazione labiale completa utilizzando un sistema proprietario. Ascolta i suoni di pericolo: a volte sono il primo avvertimento che ricevi
Azure Dreams (USA)	L'enorme Monster Tower si trova vicino al villaggio Monsbaiya. È popolata da mostri feroci e pochi osano entrarvi. Ma i mostri nella torre depongono le uova, e chiunque si impossessi di un tale uovo, può domare un mostro che ne uscirà, e quei mostri, chiamati &quot;familiars&quot;, aiuteranno i loro domatori nei momenti di pericolo. Alcuni coraggiosi avventurieri hanno osato entrare nella torre e prendere le uova. Uno di loro si chiamava Guy. Fu ucciso nella torre del mostro. Ora suo figlio Koh ha quindici anni, e gli è permesso di tentare la fortuna nella torre. Lei controlla Koh e il suo gruppo di &quot;famigliari&quot; in questo insolito &quot;monster-taming&quot; RPG. Devi catturare le uova dalla torre, portarle a casa, far crescere i mostri e domarli. Durante le battaglie, assegnate loro diversi comandi. Specie diverse hanno abilità diverse e hanno bisogno di un approccio diverso. Il sistema di battaglie è un misto di combattimento in tempo reale e a turni. A differenza della maggior parte degli altri RPG da console, non ci sono schermi di battaglia speciali.
B-Movie (Europe) (En,Es,It)	La storia di Invasion From Beyond è basata sull'età d'oro dei thriller di fantascienza di B-Movie e va così: i lavoratori agricoli sono stati rapiti e i cerchi nel grano sono stati scoperti nei campi coltivati fuori Washington, DC. Gli insulti della gente del posto verso paure superstiziose ( &quot;Slap an Alien&quot;) era una festa di benvenuto per i marziani pronti a colpire. Sei un Earthlink pienamente qualificato e devi pilotare la tua nave per fermare l'invasione aliena manipolando la potenza di fuoco terrestre del Comando Earthlink e impedire agli alieni di conquistare il nostro amato pianeta Terra.
Backyard Soccer (USA)	Backyard Soccer è il primo gioco della serie Backyard Sports Soccer. Il gioco è semplice. Ci sono 30 bambini tra cui scegliere in una squadra e molte squadre personalizzate da creare. Puoi giocare a due modalità di gioco: Singolo in cui giochi una singola partita e stagione, in cui giocherai molto tempo e contro alcune squadre personalizzate . Questo gioco include anche una modalità pratica per aiutarti ad abituarti ai calci del gioco e ti mostra anche come comportarti di fronte a una penalità. Tutte le regole del calcio, inclusi falli e dribbling, sono incluse in questo gioco.
Bakumatsu Roman - Gekka no Kenshi (Japan)	Il tema del gioco è simile a quello della serie SAMURAI SHODOWN, ma presenta anche una serie di innovazioni che lo distinguono. Una di queste, ad esempio, è la possibilità di scegliere tra uno stile di gioco più orientato alla potenza e uno più orientato alla velocità quando si sceglie il proprio personaggio. Il primo offre colpi più potenti, mentre il secondo permette di eseguire combo più complesse e di aumentare la velocità di attacco. Il gioco presenta anche l'abilità Hajiki, che consente ai giocatori di schivare o rispondere agli attacchi. Può anche essere usata per annullare i super attacchi, aggiungendo un elemento strategico al gioco.
Baphomets Fluch (Germany)	Un gioco d'avventura in stile cartoon point & click, The Knights of Baphomet su Playstation vi mette nei panni di Georges Stobbart, un americano in vacanza a Parigi che si trova coinvolto in una cospirazione internazionale sotto il segno dei Cavalieri Templari. Accompagnato da Nico Collard, un giornalista del suo stato natale, viaggia attraverso Parigi, Irlanda, Spagna e Siria alla ricerca del segreto dei Cavalieri Templari. Risolvere i molti enigmi del gioco per progredire nella storia.
Baphomets Fluch II - Die Spiegel der Finsternis (Germany)	Un seguito dei Cavalieri del Baphomet, il primo del suo genere, Les Boucliers de Quetzalcoatl su Playstation riporta il giocatore in una nuova avventura di Georges Stobbart e Nico Collard, ambientata sullo sfondo di una cospirazione nel paese maya. Discutete, pensate e agite in modo logico per progredire nella storia, che vi porta ai quattro angoli del pianeta.
Barbie - Aventure Equestre (France)	Barbie fa la sua prima apparizione su PlayStation con BARBIE RACE AND RIDE. Aiuta Barbie a prendersi cura di una stalla di cavalli; cura i cavalli o dai loro da mangiare una varietà di cibi tra cui mele, carote, fragole e zollette di zucchero. Dopo aver sistemato il destriero, fai un giro informale intorno a Secret Valley. Esplora le spiagge, i prati, le montagne e le foreste per scoprire nuovi amici animali, minigiochi e puzzle. Trova i pezzi della cartolina mancante e scopri il segreto di Secret Valley. Per quelli con una serie più competitiva, partecipa a una gara o a una gara di salti.
Barbie - Aventuriere (France)	Ha la casa, la barca, la laurea, i risultati atletici e il fidanzato perfetto. Cos'altro potrebbe desiderare Barbie? Avventura! Unisciti alla star del franchise di Mattel per un'avventura in 3D progettata appositamente per i giocatori più giovani. Aiuta Barbie a saltare, rotolare, calciare e arrampicarsi attraverso fitte giungle e antiche rovine in questo delizioso capitolo della sua impressionante vita. Ci sono quattro gioielli mancanti da rintracciare e Barbie è solo l'anima coraggiosa per trovarli. Dovrai risolvere un sacco di enigmi complicati, raccogliere preziosi indizi dal tuo ambiente ed evitare trappole mortali in ogni livello di questa dettagliata epopea. Vantando una storia fantastica, una grafica all'avanguardia e ore di gioco non violento, BARBIE EXPLORER è il modo perfetto per trascorrere un po 'di tempo dopo la scuola o in un fine settimana. Gioca da solo o testa a testa con un'altra fan dei giocattoli per vedere chi è la migliore Barbie.
Barbie - Esploratrice (Italy)	Ha la casa, la barca, la laurea, i risultati atletici e il fidanzato perfetto. Cos'altro potrebbe desiderare Barbie? Avventura! Unisciti alla star del franchise di Mattel per un'avventura in 3D progettata appositamente per i giocatori più giovani. Aiuta Barbie a saltare, rotolare, calciare e arrampicarsi attraverso fitte giungle e antiche rovine in questo delizioso capitolo della sua impressionante vita. Ci sono quattro gioielli mancanti da rintracciare e Barbie è solo l'anima coraggiosa per trovarli. Dovrai risolvere un sacco di enigmi complicati, raccogliere preziosi indizi dal tuo ambiente ed evitare trappole mortali in ogni livello di questa dettagliata epopea. Vantando una storia fantastica, una grafica all'avanguardia e ore di gioco non violento, BARBIE EXPLORER è il modo perfetto per trascorrere un po 'di tempo dopo la scuola o in un fine settimana. Gioca da solo o testa a testa con un'altra fan dei giocattoli per vedere chi è la migliore Barbie.
Barbie - Explorer (USA)	Ha la casa, la barca, la laurea, i risultati atletici e il fidanzato perfetto. Cos'altro potrebbe desiderare Barbie? Avventura! Unisciti alla star del franchise di Mattel per un'avventura in 3D progettata appositamente per i giocatori più giovani. Aiuta Barbie a saltare, rotolare, calciare e arrampicarsi attraverso fitte giungle e antiche rovine in questo delizioso capitolo della sua impressionante vita. Ci sono quattro gioielli mancanti da rintracciare e Barbie è solo l'anima coraggiosa per trovarli. Dovrai risolvere un sacco di enigmi complicati, raccogliere preziosi indizi dal tuo ambiente ed evitare trappole mortali in ogni livello di questa dettagliata epopea. Vantando una storia fantastica, una grafica all'avanguardia e ore di gioco non violento, BARBIE EXPLORER è il modo perfetto per trascorrere un po 'di tempo dopo la scuola o in un fine settimana. Gioca da solo o testa a testa con un'altra fan dei giocattoli per vedere chi è la migliore Barbie.
Barbie - Gotta Have Games (USA)	Fai un giro della città con Barbie e le sue amiche mentre ti fai strada verso uno degli otto posti fantastici ?! Scegli il tuo livello e gioca contro i tuoi amici! NnCon tutti questi fantastici giochi tra cui scegliere, avrai ore di divertimento in stile barbie! Unisciti alla Barbie in otto giochi con enigmi, sfide basate sul ritmo e altro ancora. I giocatori possono scegliere tra quattro personaggi, inclusi Barbie e Ken. I livelli di difficoltà sono.
Barbie - Race & Ride (USA)	Barbie fa la sua prima apparizione su PlayStation con BARBIE RACE AND RIDE. Aiuta Barbie a prendersi cura di una stalla di cavalli; cura i cavalli o dai loro da mangiare una varietà di cibi tra cui mele, carote, fragole e zollette di zucchero. Dopo aver sistemato il destriero, fai un giro informale intorno a Secret Valley. Esplora le spiagge, i prati, le montagne e le foreste per scoprire nuovi amici animali, minigiochi e puzzle. Trova i pezzi della cartolina mancante e scopri il segreto di Secret Valley. Per quelli con una serie più competitiva, partecipa a una gara o a una gara di salti.
Barbie - Sports Extreme (France)	Snowboard e pattinaggio in linea con Barbie e le sue amiche per gare estreme e azioni sportive in Barbie Super Sports. Sono due giochi in uno per il doppio del divertimento! Entrambi gli eventi hanno un'area pratica dove Barbie dà consigli su come gareggiare e ottenere punteggi migliori, che guadagneranno biglietti che possono essere scambiati per attrezzature migliori. E avrai bisogno di attrezzature migliori se vuoi battere Barbie e le sue amiche. Dopo aver sconfitto gli avversari controllati dal computer, sfida i tuoi amici a una gara con la modalità a due giocatori o scopri chi può completare un percorso più velocemente nella modalità Prova a tempo. Che si tratti di snowboard o pattinaggio in linea, con Barbie tutto è possibile.
Barbie - Super Sport (Germany)	Snowboard e pattinaggio in linea con Barbie e le sue amiche per gare estreme e azioni sportive in Barbie Super Sports. Sono due giochi in uno per il doppio del divertimento! Entrambi gli eventi hanno un'area pratica dove Barbie dà consigli su come gareggiare e ottenere punteggi migliori, che guadagneranno biglietti che possono essere scambiati per attrezzature migliori. E avrai bisogno di attrezzature migliori se vuoi battere Barbie e le sue amiche. Dopo aver sconfitto gli avversari controllati dal computer, sfida i tuoi amici a una gara con la modalità a due giocatori o scopri chi può completare un percorso più velocemente nella modalità Prova a tempo. Che si tratti di snowboard o pattinaggio in linea, con Barbie tutto è possibile.
Barbie - Super Sports (USA)	Snowboard e pattinaggio in linea con Barbie e le sue amiche per gare estreme e azioni sportive in Barbie Super Sports. Sono due giochi in uno per il doppio del divertimento! Entrambi gli eventi hanno un'area pratica dove Barbie dà consigli su come gareggiare e ottenere punteggi migliori, che guadagneranno biglietti che possono essere scambiati per attrezzature migliori. E avrai bisogno di attrezzature migliori se vuoi battere Barbie e le sue amiche. Dopo aver sconfitto gli avversari controllati dal computer, sfida i tuoi amici a una gara con la modalità a due giocatori o scopri chi può completare un percorso più velocemente nella modalità Prova a tempo. Che si tratti di snowboard o pattinaggio in linea, con Barbie tutto è possibile.
Batman - Gotham City Racer (USA)	Controlla veicoli futuristici nell'universo di Batman. Gotham City ha bisogno di te! Immergiti nel mondo del cavaliere oscuro, combatti contro i malvagi criminali e proteggi la popolazione. CARATTERISTICHE: - 51 emozionanti missioni basate su episodi con sequenze originali della serie TV - 2 entusiasmanti varianti di gioco: modalità Avventura e modalità Pattuglia. - 15 personaggi e 16 veicoli tra cui la leggendaria Batmobile e il fantastico Batciclo. - Esplora il colossale universo di Batman in un affascinante ambiente 3D con 2 diverse angolazioni della telecamera. - Vesti i panni del supereroe Batman, uno dei suoi alleati o interpreta un cattivo cattivo.
Battle Arena Toshinden (USA)	QUESTO È IL TUO INVITO ... alla lotta del secolo! I più grandi esperti di arti marziali si sono riuniti per combattere un incontro tra la vita e la morte. I combattenti in questo torneo rischiano tutto per avere la possibilità di diventare il combattente più forte e migliore del mondo. È il tuo destino di combattente raccogliere la gloria del vincitore o sopportare la vergogna del perdente! ...
Battle Arena Toshinden 2 (USA)	Himitsu Kessha ha fondato il Toshinden - tenuto ogni anno, questi tornei presentano forti combattenti da tutto il mondo. Dopo che la società consolidata scoprì che Gaia aveva tenuto un torneo non autorizzato, iniziarono a organizzare un altro Toshinden; le loro motivazioni sono di attirare il ribelle al torneo e di farlo uccidere per la sua insolenza. Questa è la premessa dietro Battle Arena Toshinden 2, il sequel del primo gioco di combattimento 3D rotazionale a 360 gradi per PlayStation. Con i personaggi dell'originale, ci sono undici combattenti in tutto, inclusi Eiji Shinjo, Kayin Amoh, Tracy, Chaos e Duke B. Rambert; i personaggi hanno le proprie arene, mosse, combinazioni, armi e attacchi speciali. Inoltre, c'è un misterioso personaggio bonus che aspetta di essere sbloccato e due boss da combattere. Ci sono alcune opzioni di gioco tra cui le modalità un giocatore, battaglia completa e versus. Mentre la modalità a un giocatore ti farà combattere contro otto avversari controllati dal computer, l'opzione di battaglia completa ti catapulterà in un appassionato torneo di 10 personaggi, esclusi i boss. La modalità versus è selezionabile in qualsiasi momento, purché si abbia accesso a un controller secondario; qui combatterai contro un avversario umano.
Battle Arena Toshinden 3 (USA) (En,Ja)	Il terzo capitolo della classica serie di giochi di combattimento 3D per Playstation, Battle Arena Toshinden 3 aggiunge nuovi personaggi, nuove mosse speciali e nuove modalità di gioco alla formula. Uno o due giocatori possono affrontarsi in una serie di scontri uno contro uno, usando mosse regolari, speciali e super per portare a zero la barra dell'energia del concorrente. I personaggi possiedono un'ampia varietà di armi ei giocatori duelleranno con spade, falci, lance, pistole e armi sconosciute oltre a impegnarsi in combattimenti corpo a corpo.
Battle Arena Toushinden 2 (Japan)	Himitsu Kessha ha fondato il Toshinden - tenuto ogni anno, questi tornei presentano forti combattenti da tutto il mondo. Dopo che la società consolidata scoprì che Gaia aveva tenuto un torneo non autorizzato, iniziarono a organizzare un altro Toshinden; le loro motivazioni sono di attirare il ribelle al torneo e di farlo uccidere per la sua insolenza. Questa è la premessa dietro Battle Arena Toshinden 2, il sequel del primo gioco di combattimento 3D rotazionale a 360 gradi per PlayStation. Con i personaggi dell'originale, ci sono undici combattenti in tutto, inclusi Eiji Shinjo, Kayin Amoh, Tracy, Chaos e Duke B. Rambert; i personaggi hanno le proprie arene, mosse, combinazioni, armi e attacchi speciali. Inoltre, c'è un misterioso personaggio bonus che aspetta di essere sbloccato e due boss da combattere. Ci sono alcune opzioni di gioco tra cui le modalità un giocatore, battaglia completa e versus. Mentre la modalità a un giocatore ti farà combattere contro otto avversari controllati dal computer, l'opzione di battaglia completa ti catapulterà in un appassionato torneo di 10 personaggi, esclusi i boss. La modalità versus è selezionabile in qualsiasi momento, purché si abbia accesso a un controller secondario; qui combatterai contro un avversario umano.
Battle Arena Toushinden 2 - Gyouten Kyougaku no Shishoku-ban (Japan)	Himitsu Kessha ha fondato il Toshinden - tenuto ogni anno, questi tornei presentano forti combattenti da tutto il mondo. Dopo che la società consolidata scoprì che Gaia aveva tenuto un torneo non autorizzato, iniziarono a organizzare un altro Toshinden; le loro motivazioni sono di attirare il ribelle al torneo e di farlo uccidere per la sua insolenza. Questa è la premessa dietro Battle Arena Toshinden 2, il sequel del primo gioco di combattimento 3D rotazionale a 360 gradi per PlayStation. Con i personaggi dell'originale, ci sono undici combattenti in tutto, inclusi Eiji Shinjo, Kayin Amoh, Tracy, Chaos e Duke B. Rambert; i personaggi hanno le proprie arene, mosse, combinazioni, armi e attacchi speciali. Inoltre, c'è un misterioso personaggio bonus che aspetta di essere sbloccato e due boss da combattere. Ci sono alcune opzioni di gioco tra cui le modalità un giocatore, battaglia completa e versus. Mentre la modalità a un giocatore ti farà combattere contro otto avversari controllati dal computer, l'opzione di battaglia completa ti catapulterà in un appassionato torneo di 10 personaggi, esclusi i boss. La modalità versus è selezionabile in qualsiasi momento, purché si abbia accesso a un controller secondario; qui combatterai contro un avversario umano.
Battle Arena Toushinden 2 Plus (Japan)	Himitsu Kessha ha fondato il Toshinden - tenuto ogni anno, questi tornei presentano forti combattenti da tutto il mondo. Dopo che la società consolidata scoprì che Gaia aveva tenuto un torneo non autorizzato, iniziarono a organizzare un altro Toshinden; le loro motivazioni sono di attirare il ribelle al torneo e di farlo uccidere per la sua insolenza. Questa è la premessa dietro Battle Arena Toshinden 2, il sequel del primo gioco di combattimento 3D rotazionale a 360 gradi per PlayStation. Con i personaggi dell'originale, ci sono undici combattenti in tutto, inclusi Eiji Shinjo, Kayin Amoh, Tracy, Chaos e Duke B. Rambert; i personaggi hanno le proprie arene, mosse, combinazioni, armi e attacchi speciali. Inoltre, c'è un misterioso personaggio bonus che aspetta di essere sbloccato e due boss da combattere. Ci sono alcune opzioni di gioco tra cui le modalità un giocatore, battaglia completa e versus. Mentre la modalità a un giocatore ti farà combattere contro otto avversari controllati dal computer, l'opzione di battaglia completa ti catapulterà in un appassionato torneo di 10 personaggi, esclusi i boss. La modalità versus è selezionabile in qualsiasi momento, purché si abbia accesso a un controller secondario; qui combatterai contro un avversario umano.
Battle Arena Toushinden 3 (Japan, Asia)	Il terzo capitolo della classica serie di giochi di combattimento 3D per Playstation, Battle Arena Toshinden 3 aggiunge nuovi personaggi, nuove mosse speciali e nuove modalità di gioco alla formula. Uno o due giocatori possono affrontarsi in una serie di scontri uno contro uno, usando mosse regolari, speciali e super per portare a zero la barra dell'energia del concorrente. I personaggi possiedono un'ampia varietà di armi ei giocatori duelleranno con spade, falci, lance, pistole e armi sconosciute oltre a impegnarsi in combattimenti corpo a corpo.
Battle Bugs (Japan)	&quot;Battle Bugs&quot; è un gioco di strategia che richiederà un forte senso della tattica, non senza mescolare l'umorismo in un genere che di solito ne è privo. Ed è una boccata d'aria fresca scoprirlo, perché è davvero avvincente prendere gli ordini di truppe d'élite non utilizzate nei videogiochi. Controllerai le tue truppe di insetti secondo il noto principio dei turni, facendo attenzione a non metterti nel raggio dei tuoi nemici.
Beach Volleyball (Europe) (En,Fr,De,Es,It)	Infogrames porta il beach volley due contro due sulla PlayStation in Power Spike Pro Beach Volleyball. Il gioco è concesso in licenza dalla FIVB e presenta 40 veri eroi della pallavolo come Gabrielle Reece e Sinjin Smith. Sono presenti anche luoghi di vita reale, con spettacoli in 14 luoghi diversi in tutto il mondo, tra cui Sidney, Osaka e Los Angeles. C'è anche un'opzione per i giocatori di progettare le proprie superstar del beach volley. Il gioco integra un sistema basato su icone per il posizionamento preciso di dossi, scavi e punte. Con un multi-tap e un numero sufficiente di controller, fino a quattro giocatori possono competere contemporaneamente in Power Strike Pro Beach Volleyball, ognuno controllando una stella diversa della pallavolo nelle squadre di due persone in competizione.
Beatmania Append 5thMix - Time to Get Down (Japan)	Beatmania è un videogioco ritmico sviluppato e distribuito dallo sviluppatore di giochi giapponese Konami e pubblicato per la prima volta nel 1997. Ha contribuito in gran parte al boom dei giochi musicali nel 1998 e la serie si è espansa non solo con sequel arcade, ma è stata anche trasferita su console domestiche e altro dispositivi portatili, raggiungendo un milione di unità di vendita. La linea di giochi musicali Bemani di Konami prende il nome dalla serie ed è stata adottata per la prima volta nella versione arcade di Beatmania 3rdMix e da allora è stata mantenuta. La serie si è conclusa con l'ultimo gioco Beatmania The Final, pubblicato nel 2002.
Bio Hazard (Japan)	Stai morendo di paura Affronta il pericolo! Una serie di attacchi sanguinosi nei dintorni di uno sperduto laboratorio biotecnico hanno fatto iniziare un'investigazione all'unità S.T.A.R.S. (Squadra tattiche speciali e salvataggio). Al loro arrivo, il contatto con la squadra Bravo viene interrotto. Ora tocca alla tua squadra. Arrivi all'edificio isolato poco armato e in fretta e furia. Per sopravvivere dovrai armarti con ogni cosa che troverai: coltelli, pistole, fucili, lanciafiamme e cerca dei proiettili nascosti per sopravvivere! Ci sono degli enigmi da risolvere, trappole da disattivare e misteri da scoprire mentre cerchi di evitare un bagno di sangue con i mostri che popolano l'edificio. Ogni orrore a cui sopravvivrai, ti avvicinerà alla fonte del Resident Evil...
Bio Hazard - Director's Cut (Japan)	Dopo aver ricevuto una chiamata di soccorso dal Bravo Team, un gruppo d'élite di S.T.A.R.S (Special Tactics And Rescue Squad) è volato nella desolata Raccoon City. Apparentemente, il team aveva scoperto qualcosa riguardante la società Umbrella, una società di ricerca biotecnologica. Ma poi, senza preavviso, il Bravo Team è svanito nel nulla. Dopo lo sbarco nella piccola città, i membri di S.T.A.R.S iniziarono a indagare. Hanno sentito degli strani rumori provenire dai boschi circostanti e si sono resi conto che i suoni si stavano avvicinando. Spaventati, si misero a correre e continuarono finché non arrivarono a una grande e minacciosa villa. In cerca di sicurezza entrarono, chiudendo la porta dietro di loro. La loro avventura era appena iniziata.
Bio Hazard - Director's Cut - Dual Shock Ver. (Japan)	Dopo aver ricevuto una chiamata di soccorso dal Bravo Team, un gruppo d'élite di S.T.A.R.S (Special Tactics And Rescue Squad) è volato nella desolata Raccoon City. Apparentemente, il team aveva scoperto qualcosa riguardante la società Umbrella, una società di ricerca biotecnologica. Ma poi, senza preavviso, il Bravo Team è svanito nel nulla. Dopo lo sbarco nella piccola città, i membri di S.T.A.R.S iniziarono a indagare. Hanno sentito degli strani rumori provenire dai boschi circostanti e si sono resi conto che i suoni si stavano avvicinando. Spaventati, si misero a correre e continuarono finché non arrivarono a una grande e minacciosa villa. In cerca di sicurezza entrarono, chiudendo la porta dietro di loro. La loro avventura era appena iniziata.
Bio Hazard - Director's Cut - Dual Shock Ver. Complete Disc (Japan)	Dopo aver ricevuto una chiamata di soccorso dal Bravo Team, un gruppo d'élite di S.T.A.R.S (Special Tactics And Rescue Squad) è volato nella desolata Raccoon City. Apparentemente, il team aveva scoperto qualcosa riguardante la società Umbrella, una società di ricerca biotecnologica. Ma poi, senza preavviso, il Bravo Team è svanito nel nulla. Dopo lo sbarco nella piccola città, i membri di S.T.A.R.S iniziarono a indagare. Hanno sentito degli strani rumori provenire dai boschi circostanti e si sono resi conto che i suoni si stavano avvicinando. Spaventati, si misero a correre e continuarono finché non arrivarono a una grande e minacciosa villa. In cerca di sicurezza entrarono, chiudendo la porta dietro di loro. La loro avventura era appena iniziata.
Biohazard - Gun Survivor (Japan)	Anche quando sei morto, non puoi riposare in pace quando risiedi a Racoon City, la città americana del Midwest colpita dal mortale T-Virus. Sei un giovane pilota che è riuscito a scappare dall'abitacolo del suo elicottero, ma ha perso la memoria nell'incidente. Armato di una sola arma, dovrai farti strada nel mondo di Racoon City. Sin dal primo Resident Evil su Playstation, questa classica serie di giochi di avventura e horror è stata tanto divertente da giocare quanto da guardare. Ora Eidos lancia Resident Evil: Survivor, che rompe con il noto gameplay in terza persona e avvolge il giocatore in una prospettiva in prima persona nello stile di Quake, un'esperienza che riflette elementi di The House of The Dead 2. Il cambiamento nel gameplay lo rende un approccio piacevole e rinfrescante. Survivor, preservando la storia e l'orrore, pone una nuova sfida. È facile giocare con i controlli standard, sebbene possa anche essere giocato con la pistola leggera G-Con 45 per aggiungere elementi di divertimento.
Biohazard 2 (Japan) (Disc 1) (Leon-hen)	Resident Evil 2 è ambientato due mesi dopo gli eventi del primo gioco ed è ambientato a Raccoon City, una comunità montana del Midwest i cui residenti sono stati trasformati in zombi dal T-virus, un'arma biologica sviluppata dalla società farmaceutica Umbrella. Nella loro fuga dalla città, i due protagonisti Leon S. Kennedy e Claire Redfield incontrano altri sopravvissuti e si confrontano con William Birkin, il creatore mutato dell'ancor più potente G-virus. In precedenza confinato in una vecchia villa, l'eredità di mutazioni fatali della società Umbrella si è riversata nella vicina Raccoon City. La città un tempo pacifica è ora invasa da zombi e da ogni sorta di mutazioni genetiche. La nuova recluta della polizia Leon Kennedy e Claire Redfield; la sorella dell'agente STARS Chris Redfield, si trova nel mezzo di un esperimento andato orribilmente storto.
Biohazard 2 - Dual Shock Ver. (Japan) (Disc 1) (Leon-hen)	Resident Evil 2 è ambientato due mesi dopo gli eventi del primo gioco ed è ambientato a Raccoon City, una comunità montana del Midwest i cui residenti sono stati trasformati in zombi dal T-virus, un'arma biologica sviluppata dalla società farmaceutica Umbrella. Nella loro fuga dalla città, i due protagonisti Leon S. Kennedy e Claire Redfield incontrano altri sopravvissuti e si confrontano con William Birkin, il creatore mutato dell'ancor più potente G-virus. In precedenza confinato in una vecchia villa, l'eredità di mutazioni fatali della società Umbrella si è riversata nella vicina Raccoon City. La città un tempo pacifica è ora invasa da zombi e da ogni sorta di mutazioni genetiche. La nuova recluta della polizia Leon Kennedy e Claire Redfield; la sorella dell'agente STARS Chris Redfield, si trova nel mezzo di un esperimento andato orribilmente storto.
Biohazard 3 - Last Escape (Japan)	Resident Evil 3: Nemesis conosciuto in Giappone come Biohazard 3: Last Escape è un videogioco d'azione-avventura in stile survival horror sviluppato e distribuito da Capcom La storia è divisa in due metà; il primo si svolge durante le prime ore dello scoppio del virus T a Raccoon City, 24 ore prima degli eventi che si sono verificati in Resident Evil 2 e l'ultimo si svolge due giorni dopo quegli eventi. La protagonista Jill Valentine, sopravvissuta al disastro virale della villa Spencer dal primo episodio, deve fuggire dalla città prima che il governo degli Stati Uniti decida di debellarla insieme alla sua popolazione infetta per mezzo di un missile nucleare, ma cosa non si sa è che la Umbrella corporation ha creato un'arma biologica appositamente programmata per eliminare tutti i membri rimanenti di STARS
Bishoujo Senshi Sailor Moon SuperS - Shin Shuyaku Soudatsusen (Japan)	Sailor Moon super S è un gioco di combattimento 3D rilasciato su Playstation. Incarni la guerriera di tua scelta e combatti a turno contro le tue compagne guerriere della Luna.
Blazing Dragons (USA)	Blazing Dragons è un gioco di avventura/arcade basato sull'omonimo cartone animato di Nelvana. I doppiatori includono Terry Jones dei Monty Python e Cheech Marin. In questa svolta sulla leggenda di Re Artù, interpreti un giovane drago di nome Flicker che vive nel regno di Camelhot. Flicker è un inventore che vuole diventare un cavaliere e vincere un torneo. Il premio è la mano in matrimonio della Principessa Fiamma, l'interesse amoroso per tutta la vita di Flicker. Devi risolvere enigmi per sconfiggere il malvagio Drago Nero meccanico, l'ingresso della razza umana nel torneo. Il gioco è per lo più punta e clicca basato sull'inventario, ma ci sono diverse sequenze arcade che devi completare con successo per progredire.
Blood Omen - Legacy of Kain (USA)	Blood Omen: Legacy of Kain è un gioco di ruolo e di azione su Playstation. Tu interpreti nei panni di Kain, appena trasformato in vampiro dal negromante Mortanius che vuole usarlo per i suoi scopi oscuri. Dovrete scegliere tra il bene e il male e incontrare molti personaggi misteriosi per governare il regno di Nosgoth.
Bloody Roar (USA)	Alla fine del 20° secolo, il mondo è pervaso da un crescente senso di crisi: l'ansia che si respira si fa ogni giorno maggiore. Nuovi esseri dotati di strane abilità emergono nel mezzo di questa confusione: la loro forza fisica e il loro talento atletico sovrastano inesorabilmente la comprensione delle deboli menti umane. Questi nuovi combattenti dimostrano una supremazia schiacciante temuta anche dai migliori lottatori esistenti: la paura di affrontare questi esseri non si limita solo alla differenza di forza fisica, ma soprattutto al fatto che, nel cuore della battaglia, essi sono capaci di trasformarsi in creature metà umane e metà animali. La comparsa di elementi quali artigli o zanne fanno tornare alla mente le iconografie di creature leggendarie, come i lupi mannari o gli uomini tigre.
Bloody Roar - Hyper Beast Duel (Europe)	Alla fine del 20° secolo, il mondo è pervaso da un crescente senso di crisi: l'ansia che si respira si fa ogni giorno maggiore. Nuovi esseri dotati di strane abilità emergono nel mezzo di questa confusione: la loro forza fisica e il loro talento atletico sovrastano inesorabilmente la comprensione delle deboli menti umane. Questi nuovi combattenti dimostrano una supremazia schiacciante temuta anche dai migliori lottatori esistenti: la paura di affrontare questi esseri non si limita solo alla differenza di forza fisica, ma soprattutto al fatto che, nel cuore della battaglia, essi sono capaci di trasformarsi in creature metà umane e metà animali. La comparsa di elementi quali artigli o zanne fanno tornare alla mente le iconografie di creature leggendarie, come i lupi mannari o gli uomini tigre.
Bloody Roar 2 - Bringer of the New Age (Europe)	La lotta degli esseri metà umani e metà animali di &quot;Bloody Roar&quot; finì con il crollo della gigantesca multinazionale Tylon Company, la responsabile della creazione di mutanti umani artificiali transgenici, chiamati &quot;bestie semiumane&quot;, L'Amministrazione di Giustizia denunciò tali atrocità al pubblico e la società fu distrutta. Queste creature non furono accettate dalla società umana, venendo bandite ed evitate, e con la loro incredibile forza vennero considerati una minaccia per la razza umana. Le ostilità tra umani e bestie semiumane crebbero fino al livello di pazzia collettiva, in molte regioni la caccia alla besita semiumana divenne uno sport diffuso. Una piccola sacca di resistenza iniziò a radunare le bestie semiumane in alcuni rifugi considerati sicuri. I partigiani, riuniti nel Fronte di Liberazione delle Bestie Semiumane, dichiararono guerra a tutti coloro che li braccavano. Tuttavia non tutte le bestie semiumane si fecero convincere dalle intenzioni del fronte, sospettando delle sue azioni terroristiche, e decisero di raggruppare in segreto i restanti simili che vivevano ancora nell'ombra. Passano 5 anni dal crollo della Tylon Company e ora il mondo è diviso in 3 fazioni.
Bloody Roar II (USA)	La lotta degli esseri metà umani e metà animali di &quot;Bloody Roar&quot; finì con il crollo della gigantesca multinazionale Tylon Company, la responsabile della creazione di mutanti umani artificiali transgenici, chiamati &quot;bestie semiumane&quot;, L'Amministrazione di Giustizia denunciò tali atrocità al pubblico e la società fu distrutta. Queste creature non furono accettate dalla società umana, venendo bandite ed evitate, e con la loro incredibile forza vennero considerati una minaccia per la razza umana. Le ostilità tra umani e bestie semiumane crebbero fino al livello di pazzia collettiva, in molte regioni la caccia alla besita semiumana divenne uno sport diffuso. Una piccola sacca di resistenza iniziò a radunare le bestie semiumane in alcuni rifugi considerati sicuri. I partigiani, riuniti nel Fronte di Liberazione delle Bestie Semiumane, dichiararono guerra a tutti coloro che li braccavano. Tuttavia non tutte le bestie semiumane si fecero convincere dalle intenzioni del fronte, sospettando delle sue azioni terroristiche, e decisero di raggruppare in segreto i restanti simili che vivevano ancora nell'ombra. Passano 5 anni dal crollo della Tylon Company e ora il mondo è diviso in 3 fazioni.
Body Hazard (Japan)	Perfect Weapon è un gioco di combattimento / azione per Playstation che ti porta in lune sconosciute, deserte a prima vista, ma per lo meno ostili. Sei Blake Hunter, specialista in arti marziali e il tuo obiettivo è combattere la tua strada verso la libertà con grandi colpi di armi e kung fu.
Bokujou Monogatari - Harvest Moon (Japan)	Nel gioco si possono allevare animali, nutrirli, farli procreare, curare le loro malattie, renderli felici e persino farli morire; coltivare vari tipi di ortaggi e frutta, annaffiarli, raccoglierli, venderli, regalarli, cucinarli, ecc.; interagire con le persone in città andando in chiesa per confessarsi, cercare una fidanzata, sposarsi, avere figli, partecipare alle feste locali, pescare, scommettere o correre in corse di cavalli, gare di nuoto, festival per mostrare i propri animali o le proprie produzioni, ecc. Il gioco vi offre 3 anni per prendervi cura della fattoria e farla prosperare. Se fallite, lo perderete. Quindi rimboccatevi le maniche, asciugatevi il sudore e mettetevi al lavoro. Esistono due versioni di Harvest Moon Back to the Nature, quella femminile e quella maschile.
Boucliers de Quetzalcoatl, Les - Les Chevaliers de Baphomet II (France)	Un seguito dei Cavalieri del Baphomet, il primo del suo genere, Les Boucliers de Quetzalcoatl su Playstation riporta il giocatore in una nuova avventura di Georges Stobbart e Nico Collard, ambientata sullo sfondo di una cospirazione nel paese maya. Discutete, pensate e agite in modo logico per progredire nella storia, che vi porta ai quattro angoli del pianeta.
Boundary Gate - Daughter of Kingdom (Japan)	Molto tempo fa, la Prima Madre creò il mondo e lo benedisse con cinque simboli magici che lo avrebbero mantenuto in equilibrio. I simboli erano nascosti nelle profondità di un tempio sacro e proteggevano tutto e tutti. Molti anni dopo, un avventuriero di nome Finn cercava lavoro nella città di Ambrose. C'era molto lavoro da fare: i mostri si aggiravano per la terra e la minaccia della guerra era più reale che mai. Una notte, Finn stava camminando per la città quando improvvisamente vide una giovane ragazza attaccata da un mostro. Naturalmente, sconfigge il mostro e salva la ragazza, che si rivela essere una principessa che spera di ripristinare il regno di suo padre. I due decidono di lavorare insieme e si avventurano nella città vicina, che giace in rovina, invasa dai mostri...
Box Champions 2000 (Germany)	Hai mai sognato di combattere nel “Thrilla in Manilla”? Ora puoi farlo! In Knockout Kings 2000, EA Sports ha incluso una funzione Classic Fights. Alcuni dei più grandi incontri di tutti i tempi sono giocabili, senza risultati prestabiliti. Puoi combattere nei panni dei pugili o creare i tuoi incontri più grandi di sempre assumendo l'identità di oltre 50 dei più grandi pugili di tutti i tempi, comprese le loro statistiche. Da Ali e Frazier a Holyfield e Butterbean. Oltre alla funzione Classic Fights, puoi partecipare a numerose modalità. Dalla modalità Exhibition senza regole alle modalità Slugfest e Career, hai l'imbarazzo della scelta.
Box Champions 2001 (Germany)	Gli uomini non sono gli unici a cercare lo scontro in Knockout Kings 2001, il primo gioco di boxe di EA SPORTS che include pugili donne. Anche i migliori pugili maschi sono pronti a sfidarsi per stabilire chi è il più grande di tutti i tempi. La lista delle leggende include Ali, Frazier, Louis, Chavez, Marciano e molti altri. I giocatori hanno anche la possibilità di creare un pugile con il proprio stile personalizzato e competere per i titoli dei pesi leggeri, medi o massimi. Teddy Atlas e Al Bernstein offrono il commento a bordo ring, mentre Mills Lane è uno degli arbitri.
Brave Fencer Musashi (USA)	Brave Fencer Musashi è un videogioco di ruolo d'azione sviluppato e pubblicato da Square nel 1998 per la console domestica PlayStation. Il gioco prevede combattimenti con la spada in tempo reale in un ambiente 3D; presenta anche segmenti di dialoghi doppiati ed elementi di giochi di ruolo come un ciclo giorno-notte e riposo per ripristinare l'energia. La storia segue Musashi, un giovane spadaccino che viene evocato in un mondo parallelo per difendere il Regno di Allucanet dall'Impero Sete. Cerca le Cinque Pergamene, che possono potenziare i poteri della sua spada, mentre interagisce con le persone di Allucanet e di un villaggio vicino.
Brave Fencer Musashiden (Japan, Asia)	Brave Fencer Musashi è un videogioco di ruolo d'azione sviluppato e pubblicato da Square nel 1998 per la console domestica PlayStation. Il gioco prevede combattimenti con la spada in tempo reale in un ambiente 3D; presenta anche segmenti di dialoghi doppiati ed elementi di giochi di ruolo come un ciclo giorno-notte e riposo per ripristinare l'energia. La storia segue Musashi, un giovane spadaccino che viene evocato in un mondo parallelo per difendere il Regno di Allucanet dall'Impero Sete. Cerca le Cinque Pergamene, che possono potenziare i poteri della sua spada, mentre interagisce con le persone di Allucanet e di un villaggio vicino.
Break Point (Europe) (En,Fr)	Servizi difficili da colpire, rovesci roventi, colpi di dritto e raffiche di tocco arrivano su PlayStation con BREAK POINT TENNIS. Prendi il controllo di uno degli otto diversi giocatori e diventa un campione internazionale. Dovrai giocare in otto stadi unici su quattro diverse superfici (erba, terra battuta, indoor e asfalto). Mentre gareggi in una partita, noterai che i giocatori guardano e si muovono in modo realistico grazie alla grafica 3D e all'animazione in motion capture. Quando una chiamata è chiusa, è possibile visualizzare un replay istantaneo per vedere se l'arbitro ha ricevuto correttamente la chiamata. Quando i tuoi amici vengono a trovarti, puoi avere fino a quattro giocatori in una partita di doppio. Vivi il tennis come mai prima d'ora con il BREAK POINT TENNIS.
Break Volley (Japan)	Break Volley è un gioco di pallavolo indoor con grafica a fumetti. Il gioco presenta squadre maschili e femminili e 12 squadre nazionali. Il gioco supporta fino a quattro giocatori contemporaneamente. Modalità di gioco: - Modalità mostra (l'unica in cui puoi giocare con 2 giocatori in modalità cooperativa) - Modalità Modifica: crea i tuoi giocatori e le tue squadre (puoi personalizzarli) - Modalità allenamento: dopo la modifica è possibile utilizzare questa opzione. - Torneo (competi contro altre squadre)
Breakout (USA)	Un remake aggiornato dell'omonimo classico arcade del 1976, Breakout per PlayStation rinuncia alle linee e ai punti semplicistici del gioco originale e aggiunge potenziamenti, mondi interattivi 3D, livelli multipli (che devono essere sbloccati) e, ovviamente, una trama. Solo l'obiettivo di base rimane lo stesso: manovrare una racchetta per mantenere una palla in gioco in modo che possa rimbalzare su un muro di mattoni (o altri oggetti in questo caso), eliminando di fatto i mattoni dal campo di gioco. Il mondo di Breakout del 2000 è un'isola piena di creature bizzarre sotto forma di paddle e palline. Bouncer si gode la vita con Daisy, la sua bellissima ragazza. Tutto andava bene in paradiso finché un giorno Bouncer fece una nuotata in mare per salvare una palla. Mentre Bouncer era assente, il malvagio Batnix e i suoi scagnozzi rapirono Daisy.
Breakout - A Story of Bat Meets Ball...! (Europe) (En,Fr,De,It)	Un remake aggiornato dell'omonimo classico arcade del 1976, Breakout per PlayStation rinuncia alle linee e ai punti semplicistici del gioco originale e aggiunge potenziamenti, mondi interattivi 3D, livelli multipli (che devono essere sbloccati) e, ovviamente, una trama. Solo l'obiettivo di base rimane lo stesso: manovrare una racchetta per mantenere una palla in gioco in modo che possa rimbalzare su un muro di mattoni (o altri oggetti in questo caso), eliminando di fatto i mattoni dal campo di gioco. Il mondo di Breakout del 2000 è un'isola piena di creature bizzarre sotto forma di paddle e palline. Bouncer si gode la vita con Daisy, la sua bellissima ragazza. Tutto andava bene in paradiso finché un giorno Bouncer fece una nuotata in mare per salvare una palla. Mentre Bouncer era assente, il malvagio Batnix e i suoi scagnozzi rapirono Daisy.
Breath of Fire III (USA)	Popolato da umani e animali antropomorfi, il mondo sta vivendo molti progressi scientifici grazie alla scoperta del Chrys, un raro minerale dalle proprietà magiche trovato sui resti fossilizzati dei draghi. Tuttavia, le forme più elevate di tecnologia, come i robot e altre macchine complesse, si trovano per lo più fuori uso, spiaggiate su varie spiagge del mondo per qualche motivo sconosciuto. Il gioco si svolge in un mondo fantastico con Ryu, un ragazzo con la strana capacità di trasformarsi in un drago, che deve scoprire la verità sulle sue origini e ritrovare i suoi amici scomparsi, Rei e Teepo. Lo scenario è presentato in due parti: la prima riguarda l'infanzia di Ryu e la seconda l'adolescenza. È accompagnato da molti alleati che lo aiuteranno durante il viaggio che li condurrà attraverso il mondo per affrontare finalmente una dea machiavellica.
Breath of Fire IV (USA)	Nina, la principessa di Wyndia, e Cray, capo della tribù dei Woren, cercano i parenti di Cray scomparsi in circostanze misteriose durante una missione diplomatica. Mentre si librano nel cielo nel loro volantino di sabbia, vengono attaccati da un drago a forma di verme. Con il suo veicolo danneggiato, Nina torna in città per cercare i pezzi, trovando per strada un giovane ragazzo nudo di nome Ryu, che non sa dove si trova. Allo stesso tempo Nina viene attaccata da un drago. Confusa dagli eventi, Nina accetta di aiutare il giovane ragazzo. Nel frattempo, l'ex imperatore Fou Lu si sveglia dal suo sonno nella tomba. Il suo piano è di tornare al mondo degli umani, conquistarlo e imporre la sua mano di ferro...
Breath of Fire IV - Utsurowazaru Mono (Japan)	Nina, la principessa di Wyndia, e Cray, capo della tribù dei Woren, cercano i parenti di Cray scomparsi in circostanze misteriose durante una missione diplomatica. Mentre si librano nel cielo nel loro volantino di sabbia, vengono attaccati da un drago a forma di verme. Con il suo veicolo danneggiato, Nina torna in città per cercare i pezzi, trovando per strada un giovane ragazzo nudo di nome Ryu, che non sa dove si trova. Allo stesso tempo Nina viene attaccata da un drago. Confusa dagli eventi, Nina accetta di aiutare il giovane ragazzo. Nel frattempo, l'ex imperatore Fou Lu si sveglia dal suo sonno nella tomba. Il suo piano è di tornare al mondo degli umani, conquistarlo e imporre la sua mano di ferro...
Broken Sword - La Leyenda de los Templarios (Spain)	Un gioco d'avventura in stile cartoon point & click, The Knights of Baphomet su Playstation vi mette nei panni di Georges Stobbart, un americano in vacanza a Parigi che si trova coinvolto in una cospirazione internazionale sotto il segno dei Cavalieri Templari. Accompagnato da Nico Collard, un giornalista del suo stato natale, viaggia attraverso Parigi, Irlanda, Spagna e Siria alla ricerca del segreto dei Cavalieri Templari. Risolvere i molti enigmi del gioco per progredire nella storia.
Broken Sword - The Shadow of the Templars (USA)	Un gioco d'avventura in stile cartoon point & click, The Knights of Baphomet su Playstation vi mette nei panni di Georges Stobbart, un americano in vacanza a Parigi che si trova coinvolto in una cospirazione internazionale sotto il segno dei Cavalieri Templari. Accompagnato da Nico Collard, un giornalista del suo stato natale, viaggia attraverso Parigi, Irlanda, Spagna e Siria alla ricerca del segreto dei Cavalieri Templari. Risolvere i molti enigmi del gioco per progredire nella storia.
Broken Sword II - La Profezia dei Maya (Italy)	Un seguito dei Cavalieri del Baphomet, il primo del suo genere, Les Boucliers de Quetzalcoatl su Playstation riporta il giocatore in una nuova avventura di Georges Stobbart e Nico Collard, ambientata sullo sfondo di una cospirazione nel paese maya. Discutete, pensate e agite in modo logico per progredire nella storia, che vi porta ai quattro angoli del pianeta.
Broken Sword II - Las Fuerzas del Mal (Spain)	Un seguito dei Cavalieri del Baphomet, il primo del suo genere, Les Boucliers de Quetzalcoatl su Playstation riporta il giocatore in una nuova avventura di Georges Stobbart e Nico Collard, ambientata sullo sfondo di una cospirazione nel paese maya. Discutete, pensate e agite in modo logico per progredire nella storia, che vi porta ai quattro angoli del pianeta.
Broken Sword II - The Smoking Mirror (USA)	Un seguito dei Cavalieri del Baphomet, il primo del suo genere, Les Boucliers de Quetzalcoatl su Playstation riporta il giocatore in una nuova avventura di Georges Stobbart e Nico Collard, ambientata sullo sfondo di una cospirazione nel paese maya. Discutete, pensate e agite in modo logico per progredire nella storia, che vi porta ai quattro angoli del pianeta.
Buckle Up! (Japan)	Allaccia le cinture! presenta diversi personaggi che sono fuorilegge che devono completare diverse missioni per avanzare nel gioco (il gioco presenta 4 missioni e quando il giocatore completa la modalità storia il gioco gli consente di giocare in una qualsiasi di esse in una modalità corsa libera). Durante ogni missione possono cambiare auto mentre cercano di evitare le auto della polizia che li inseguono. Il gameplay è simile a giochi come Runabout (Felony 11-79) e il giocatore può guidare diversi tipi di auto per la città e distruggere tutto ciò che gli sta intorno. Le macchine e le macchine che il giocatore può guidare vanno da un grosso camion a un'auto della polizia.
Buggy (Europe) (En,Fr,De,Es,It,Pt)	Buggy è un gioco di corse in cui guidi una piccola macchina radiocomandata. Il giocatore può scegliere tra 12 diverse auto (alcune devono essere sbloccate) da controllare. Il gioco è composto da 16 livelli e una serie di livelli bonus. Ci sono tre modalità di gioco: Time Attack, Challenge 1 e Challenge 2. In Time Attack competi contro te stesso per nuovi record personali. All'inizio non tutti i livelli sono disponibili in questa modalità, devono essere sbloccati completando determinati livelli nella Sfida 1. La Sfida 2 non è disponibile fino al completamento della Sfida 1. La seconda sfida contiene tutti i livelli della prima sfida più alcuni nuovi.
Bugi (Japan)	Partecipa a un torneo di arti marziali in KENSEI: Sacred Fist. Scegli tra 22 personaggi diversi e usa la modalità allenamento per imparare le mosse e le combinazioni uniche di ogni personaggio. Quando sei pronto per combattere, gioca in modalità Normale e sblocca nuovi personaggi. Per alcune sfide diverse, prova a vedere quanto velocemente riesci a muoverti attraverso tutte le fasi nella modalità Attacco a tempo, o guarda quanti sfidanti puoi battere prima di perdere tutta la tua salute nella modalità Sopravvivenza. Se i tuoi amici pensano di poterti battere, sfidali a un incontro con la modalità Versus. Indipendentemente dalla modalità in cui giochi, sarai in grado di sentire ogni pugno e calcio grazie al supporto Dual Shock. Hai la forza e il coraggio per vincere il torneo in KENSEI: Sacred Fist?
Bugriders - The Race of Kings (USA)	Il re di Entymion, Leptus, sta per morire. Piuttosto che tenere elezioni o mantenere la tradizione della primogenitura, il prossimo re sarà scelto con una gara. Non una gara qualsiasi, ma una gara in cui i partecipanti cavalcano su insetti giganti. Scegli tra 22 diversi concorrenti, ciascuno con stili di corsa e armi unici, e cerca di essere il primo al traguardo su sei piste. Se finire per primo è un po 'troppo difficile, accelera il tuo insetto usando il frustino. Ma fai attenzione, o il tuo bug smetterà di funzionare per te. Per coloro che cercano un modo meno che onesto per vincere, raccogli potenziamenti e armi sparsi per la pista per superare i tuoi avversari o farli esplodere dal cielo. E non dimenticare di tenere gli occhi aperti per le scorciatoie in ogni traccia. Hai il coraggio e l'abilità per vincere la Grande Corsa? Gioca a BUG RIDERS: The Race of Kings e scoprilo.
Bugs Bunny & Taz - Time Busters (USA) (En,Fr,Es)	Daffy Duck è riuscito in qualche modo a rompere il regolatore del tempo della Nonna, facendo sì che se stesso e la Gemma del tempo che funge da cuore del regolatore siano riportati negli annali avvolti della storia. Beh, se ci sono due persone che conosci da chiamare quando si tratta di tempi di crisi, sarebbero Bugs Bunny e ... Taz? Ebbene, indipendentemente dall'intelligenza della decisione, Bugs e Taz dovranno lavorare insieme in questa missione, viaggiando attraverso quattro epoche diverse alla ricerca di Daffy, recuperare la Gemma del Tempo e riportare le cose come dovrebbero essere.
Bugs Bunny - Lost in Time (USA) (En,Fr,Es)	Warner Bros.' Bugs Bunny recita nel suo primo videogioco per PlayStation, uno che vede il &quot;wascally wabbit&quot; viaggiare attraverso cinque diversi periodi di tempo nel tentativo di trovare la strada di casa. Sembra che Bugs abbia inavvertitamente attivato una macchina del tempo prima di potersi rilassare e prendere un po 'di sole su Pismo Beach, quindi ora è intrappolato in un'altra dimensione! Bugs Bunny: Lost in Time ha giocatori che viaggiano attraverso le seguenti epoche: The Stone Age, The Medieval Times, The Pirate Years, The 1930s e Dimension X. Il tuo obiettivo in questa folle avventura è raccogliere un certo numero di orologi nascosti su ciascuno livello. Questi orologi ti permetteranno quindi di accedere a livelli aggiuntivi in ogni periodo di tempo. Oltre agli orologi, gli insetti possono trovare carote per ricostituire energia, carote dorate per accedere a livelli segreti e scatole rosse ACME. Rompi tutte le scatole di ogni livello per rivelare un orologio aggiuntivo!
Bushido Blade (USA)	Il codice d'onore Bushido regola le azioni dei Samurai e stabilisce un codice etico da usare nei combattimenti. Nel XX secolo, un gruppo di ninja Narukagami, ognuno esperto in uno stile diverso, si ritrova in battaglia per riconquistare il proprio onore sul ring.nnBushido Blade è un gioco di combattimento unico, in quanto Square ha eliminato barre della salute, misuratori speciali e altri espedienti tradizionali e ha permesso di vincere le battaglie con un singolo colpo. Questo realismo ha reso il gioco il preferito dai fan di alcuni gruppi.nnI giocatori possono scegliere tra sei ninja, ognuno con uno stile di combattimento e attributi diversi. I giocatori possono anche scegliere l'equipaggiamento tra otto armi, tra cui spade giapponesi, lame europee, naginata e una mazza.
Bust A Groove 2 (USA)	Bust A Groove 2 è un gioco di ballo per Playstation. Interpreti uno dei dieci migliori ballerini del mondo e devi sfidare i tuoi avversari con duelli di ballo. Se hai il ritmo nel sangue, la vittoria è quasi garantita! Questa suite porta nuove canzoni e nuovi personaggi da scoprire.
Bust A Move 2 - Dance Tengoku Mix (Japan)	Bust A Groove 2 è un gioco di ballo per Playstation. Interpreti uno dei dieci migliori ballerini del mondo e devi sfidare i tuoi avversari con duelli di ballo. Se hai il ritmo nel sangue, la vittoria è quasi garantita! Questa suite porta nuove canzoni e nuovi personaggi da scoprire.
Bust-A-Move '99 (USA)	Bust-A-Move 3 DX su Playstation è un puzzle-game il cui obiettivo è quello di distruggere tutte le bolle sullo schermo per passare al livello successivo. Con l'aiuto di un cannone, il giocatore deve assemblare tre bolle dello stesso colore per farle sparire. L'obiettivo del gioco è quello di evitare che troppe bolle si accumulino e superino un limite nella parte inferiore dello schermo.
Bust-A-Move 2 - Arcade Edition (USA)	In Bust A Move 2 su Playstation, devi cancellare tutti i marmi raggruppando quelli dello stesso colore in gruppi di 3 o più. Questo secondo opus integra una modalità a due giocatori in cui ogni giocatore deve sfidare un'intelligenza artificiale sempre più dura.
Bust-A-Move 3 DX (Europe)	Bust-A-Move 3 DX su Playstation è un puzzle-game il cui obiettivo è quello di distruggere tutte le bolle sullo schermo per passare al livello successivo. Con l'aiuto di un cannone, il giocatore deve assemblare tre bolle dello stesso colore per farle sparire. L'obiettivo del gioco è quello di evitare che troppe bolle si accumulino e superino un limite nella parte inferiore dello schermo.
Bust-A-Move 4 (USA)	Puzzle Bobble 4 (noto anche come Bust-a-Move 4 in Nord America e in Europa) è il terzo sequel del videogioco Puzzle Bobble ed è la comparsa finale della serie in Arcade, PlayStation e Dreamcast. Il gioco è anche il titolo finale per essere riconoscibilmente simile nella presentazione all'originale. Basandosi sul successo di Puzzle Bobble 3, il gioco aggiunge un sistema di carrucole che richiede due serie di bolle, attaccate a ciascun lato di una corda appesa a due carrucole. Il gioco contiene una modalità storia per un solo giocatore.
Capcom vs. SNK - Millennium Fight 2000 Pro (Europe)	Capcom vs. SNK Pro è la sfida del millennio, con due mostruose corporazioni in guerra, un'unica soluzione. Un imponente evento di arti marziali organizzato per regolare i conti ed eliminare ogni conflitto tra le due parti. Molti dei guerrieri più famosi del mondo si sono uniti e il pubblico impazzisce per l'attesa. Unisciti a oltre 30 lottatori del leggendario Street Fighter di Capcom e della serie King of Fighters di fama mondiale di SNK mentre combattono per il dominio universale. Capcom vs. SNK Pro è lo scontro finale di forza e potenza.
Capcom vs. SNK Pro (USA)	Capcom vs. SNK Pro è la sfida del millennio, con due mostruose corporazioni in guerra, un'unica soluzione. Un imponente evento di arti marziali organizzato per regolare i conti ed eliminare ogni conflitto tra le due parti. Molti dei guerrieri più famosi del mondo si sono uniti e il pubblico impazzisce per l'attesa. Unisciti a oltre 30 lottatori del leggendario Street Fighter di Capcom e della serie King of Fighters di fama mondiale di SNK mentre combattono per il dominio universale. Capcom vs. SNK Pro è lo scontro finale di forza e potenza.
Captain Tsubasa J - Get in the Tomorrow (Japan)	Captain Tsubasa J: Get In The Tomorrow è un videogioco di calcio d'azione/cinematografico in esclusiva per il Giappone pubblicato nel 1995 da Bandai per PlayStation. Il gioco è uno dei pochi ad avere due modalità: una modalità partita amichevole e una modalità storia in cui segui la trama dell'anime vero e proprio. Modalità di gioco: - Modalità storia. - Modalità VS. - Modalità Torneo.
Car and Driver Presents - Grand Tour Racing '98 (USA)	Total Drivin è un gioco di corse con cinque diverse classi di auto (Buggy 4x4, Dakar Rally, Sports, Indy e Rally) in sei diverse località (Mosca, Isola di Pasqua, Scozia, Hong Kong, Egitto e Svizzera). Ogni posizione ha sei diverse tracce da masterizzare con un totale di 36 tracce. Le diverse tracce in realtà sono variazioni della stessa traccia solo leggermente diverse. Ad esempio, guidare con un tipo di auto diverso, direzione di retromarcia, rampe aggiunte o binari di sicurezza rimossi, condizioni meteorologiche diverse ecc. Puoi scegliere di guidare con 1 di 8 squadre diverse, ognuna con un comportamento di guida diverso, per un totale di 40 auto. È disponibile il multiplayer da 2 a 4 giocatori, utilizzando lo schermo diviso e un cavo di collegamento. Il gioco presenta anche la tipica musica rave degli anni '90. Quando la tua auto si ribalta, il gioco ti girerà di nuovo sul lato destro, ma se la tua auto va in acqua o cade nella lava il gioco finisce immediatamente.
Carmageddon (Europe) (En,Fr,Es,It)	Carneficina motorizzata. Hai mai desiderato colpire i pedoni durante una corsa? Adesso è la tua occasione. Carmageddon è un gioco di corse ultraviolento che ha causato molte polemiche durante gli anni '90, ma è stato anche molto popolare grazie al suo fattore di divertimento. È stato anche uno dei primi lotti di giochi a utilizzare la grafica accelerata 3D (utilizzando le schede OpenGL e 3dfx Voodoo).All'inizio del gioco il giocatore ha solo un'auto ed è classificato al # 99. L'obiettivo generale è quello di correre fino in cima, raccogliendo le auto degli avversari come trofei (ed eventualmente sostituzioni al suo veicolo). Nella corsa stessa il giocatore cerca di danneggiare gli avversari guidandoli e può anche uccidere i pedoni. Danni, uccisioni e mosse spettacolari guadagnano crediti per il giocatore che possono essere utilizzati per aggiornamenti e persino per riparare l'auto in qualsiasi momento durante la gara.
Casper (USA)	Casper è l'adattamento del film del 1995, ispirato al cartone animato Casper, il simpatico fantasma creato nel 1945. Kat e suo padre arrivano in una vecchia casa infestata e incontrano Casper e i suoi tre zii meno amichevoli. Casper, che è stanco di stare da solo, dovrebbe cercare di fare di Kat sua amica. Per questo, devi attraversare la grande casa e picchiare i suoi zii.
Castlevania - Symphony of the Night (USA)	Come discendente di Dracula, devi porre fine alla stirpe dei vampiri. Riuscirai a liberare il mondo da questo indicibile terrore? Scopri il mistero di Castlevania e sfida un'avventura leggendaria come il suo nome. Oltre 140 diversi nemici, boss e creature orribili. Fantastici incantesimi magici: trasformati in un pipistrello, un lupo o una nebbia eterica. Armi nascoste, segreti e personaggi ... il più grande Castlevania di sempre!
Castlevania Chronicle - Akumajou Dracula (Japan)	Akumajō Dracula è stato progettato per sfruttare l'hardware Sharp X68000 con un motore di gioco aggiornato e più complesso rispetto all'originale Castlevania. Ciò ha consentito di riprogettare i livelli per accogliere ostacoli complessi e dinamici, nonché la creazione di nuovi livelli esclusivi per questa versione del gioco. Conserva tutti gli oggetti speciali e le armi secondarie dell'originale, oltre a introdurre il nuovo oggetto raro noto come erba, che può ricaricare la salute del giocatore in cambio di cuori. Oggetti nascosti che valgono punti e 1-up appaiono durante il gioco se il giocatore si abbassa o si trova in posizioni particolari. Inoltre, il gioco mantiene la funzione &quot;looping&quot; di Castlevania, in cui il gioco terrà traccia di quante fasi un giocatore ha superato in partite consecutive prima di raggiungere un Game Over.
Castlevania Chronicles (USA)	Akumajō Dracula è stato progettato per sfruttare l'hardware Sharp X68000 con un motore di gioco aggiornato e più complesso rispetto all'originale Castlevania. Ciò ha consentito di riprogettare i livelli per accogliere ostacoli complessi e dinamici, nonché la creazione di nuovi livelli esclusivi per questa versione del gioco. Conserva tutti gli oggetti speciali e le armi secondarie dell'originale, oltre a introdurre il nuovo oggetto raro noto come erba, che può ricaricare la salute del giocatore in cambio di cuori. Oggetti nascosti che valgono punti e 1-up appaiono durante il gioco se il giocatore si abbassa o si trova in posizioni particolari. Inoltre, il gioco mantiene la funzione &quot;looping&quot; di Castlevania, in cui il gioco terrà traccia di quante fasi un giocatore ha superato in partite consecutive prima di raggiungere un Game Over.
Castrol Honda VTR (Europe) (En,Fr,De,It)	L'unico modo per sperimentare l'ultima tecnologia delle corse Superbike è giocare a Castrol Honda VTR, che vi permette di controllare la VTR 1000 delle squadre Castrol Honda World Superbike. Quasi 1.000 cc di potenza per competere in una serie di tornei su 22 circuiti internazionali. Il gioco vi presenta la nuova VTR 1000 SP-1 e la nuova livrea del Castrol Honda World Superbike Team. Dovrete competere contro 23 avversari per diventare il nuovo Campione del Mondo Castrol Honda.
Chaos Break (Europe) (En,Fr,De,It)	Chaos Break è essenzialmente uno sparatutto in terza persona, con sfumature survival horror come Resident Evil.nnAmbientato in un laboratorio biochimico abbandonato su un'isola isolata, i due personaggi giocanti, Mitsuki e Rick, fanno parte di una forza di ricerca e pulizia inviata per scoprire la causa di una &quot;reazione termica anomala&quot;.
Character Tkool (Japan)	Ongaku Tsukuru - Kanade-Ru 2 è un gioco in cui il giocatore può creare musica: aggiungi le note e scegli i diversi strumenti musicali. Dopo averlo creato può ascoltarlo e salvarlo su una scheda di memoria.
Chase the Express (Europe) (Disc 1)	L'ambasciatore francese Pierre Simon e la sua famiglia stanno viaggiando da San Pietroburgo a Parigi a bordo del Blue Harvest, un treno militare sviluppato dalla NATO, quando viene dirottato da terroristi noti come i Cavalieri dell'Apocalisse. Le trattative non producono alcun risultato e l'unica speranza è il tenente Jack Morton, parte della scorta originale, che riesce a tornare di nascosto sul treno. Il suo compito è riprendere il controllo del treno blindato, impedire ai terroristi di dispiegare un'arma nucleare e salvare gli ostaggi.
Chase the Express - El Expreso de la Muerte (Spain) (Disc 1)	L'ambasciatore francese Pierre Simon e la sua famiglia stanno viaggiando da San Pietroburgo a Parigi a bordo del Blue Harvest, un treno militare sviluppato dalla NATO, quando viene dirottato da terroristi noti come i Cavalieri dell'Apocalisse. Le trattative non producono alcun risultato e l'unica speranza è il tenente Jack Morton, parte della scorta originale, che riesce a tornare di nascosto sul treno. Il suo compito è riprendere il controllo del treno blindato, impedire ai terroristi di dispiegare un'arma nucleare e salvare gli ostaggi.
Chevaliers de Baphomet, Les (France)	Un gioco d'avventura in stile cartoon point & click, The Knights of Baphomet su Playstation vi mette nei panni di Georges Stobbart, un americano in vacanza a Parigi che si trova coinvolto in una cospirazione internazionale sotto il segno dei Cavalieri Templari. Accompagnato da Nico Collard, un giornalista del suo stato natale, viaggia attraverso Parigi, Irlanda, Spagna e Siria alla ricerca del segreto dei Cavalieri Templari. Risolvere i molti enigmi del gioco per progredire nella storia.
Chocobo no Fushigi na Dungeon 2 (Japan, Asia)	Chocobos Dungeon 2 è la continuazione di Chocobos Mysterious Dungeon. A differenza del suo predecessore, è stato rilasciato in Nord America alla fine del 1999. Il giocatore gioca nei panni di Chocobo, che esplora i dungeon con un partner mostro che può essere controllato da un secondo giocatore. I dungeon sono generati in modo casuale. Il sistema di combattimento non è come la maggior parte dei giochi di Final Fantasy - è più orientato all'azione, permettendo al giocatore di camminare e posizionare strategicamente il suo Chocobo per il combattimento.
Chocobo Racing (USA)	Dai creatori della serie televisiva FINAL FANTASY, che ha riscosso un incredibile successo in tutto il mondo, ecco a voi una gara mozzafiato con la partecipazione del simpaticissimo Chocobo e dei suoi amici! Lancia incantesimi con le pietre magiche Maseki e lotta per la vittoria!
Chocobo Racing - Genkai e no Road (Japan)	Dai creatori della serie televisiva FINAL FANTASY, che ha riscosso un incredibile successo in tutto il mondo, ecco a voi una gara mozzafiato con la partecipazione del simpaticissimo Chocobo e dei suoi amici! Lancia incantesimi con le pietre magiche Maseki e lotta per la vittoria!
Chocobo's Dungeon 2 (USA)	Chocobos Dungeon 2 è la continuazione di Chocobos Mysterious Dungeon. A differenza del suo predecessore, è stato rilasciato in Nord America alla fine del 1999. Il giocatore gioca nei panni di Chocobo, che esplora i dungeon con un partner mostro che può essere controllato da un secondo giocatore. I dungeon sono generati in modo casuale. Il sistema di combattimento non è come la maggior parte dei giochi di Final Fantasy - è più orientato all'azione, permettendo al giocatore di camminare e posizionare strategicamente il suo Chocobo per il combattimento.
Chou Sentou Kyuugi Vanborg (Japan)	V-Ball - Beach Volley Heroes è il sequel del gioco per NES Super Spike V'Ball, un gioco arcade che si occupa di beach volley in un modo molto speciale. Ci sono diverse squadre tra cui scegliere, come soldati, ninja, calciatori e così via, e ognuna di esse ha le proprie mosse ed effetti speciali. Ci sono comandi sia per i colpi pesanti che per quelli leggeri, che ti fanno scegliere la forza per colpire e lanciare la palla. Non ci sono barre di potenza e una volta colpita, la palla vola automaticamente sul lato opposto. Le mosse speciali possono essere attivate ogni volta che premi determinate combinazioni di pulsanti (triangolo e cerchio, cerchio e croce, ecc.) Al momento giusto. Se è una mossa di difesa, ad esempio, devi farlo in risposta ad altri attacchi. C'è una modalità Torneo, che è il principale intrattenimento da solista (anche se puoi anche giocare partite singole contro l'IA), ma questo gioco è chiaramente progettato intorno alla modalità giocatore contro giocatore, per partite arcade contro avversari umani.
Choujin Gakuen - Gowcaizer (Japan)	Nel 1999 un violento terremoto colpì Tokyo, uccidendo quasi tutta la popolazione e costringendo il governo a spostare la sua capitale su un'isola artificiale al largo delle coste del Giappone, dove per anni vissero in pace. Tuttavia, nel 2017 la violenza ha cominciato a scoppiare tra i cittadini per caso quando un nuovo direttore è arrivato all'Instituto Nacional Belnar, la più grande università dell'isola. Allo stesso tempo arriva anche uno studente con il nome di Isato Kaiza, che è segretamente l'eroe del gioco Gowcaizer. Arriva con una pietra che può manifestare l'energia che gli permette di trasformarsi. Con questa pietra, devi scoprire l'origine del male e riportare la pace in Giappone.
Chrono Cross (USA, Canada) (Disc 1)	Chrono Cross è un videogioco RPG sviluppato e distribuito da Squaresoft (ora Square Enix) per la console Sony PlayStation. È il sequel di Chrono Trigger, pubblicato nel 1995 per il Super Nintendo Entertainment System. Chrono Cross è stato sviluppato principalmente dallo sceneggiatore e regista Masato Kato e da altri programmatori di Chrono Trigger, tra cui l'art director Yasuyuki Honne e il pianificatore del suono Minoru Akao. Il compositore Yasunori Mitsuda ha composto la musica per il Chrono Cross e Nobuteru Y ki ha disegnato i suoi personaggi. La storia del Chrono Cross è incentrata su un ragazzino di nome Serge e su una trama di mondi paralleli. Di fronte a una realtà alternativa in cui è morto da bambino, Serge fatica a scoprire la verità sulla divergenza dei due mondi. Il ladro di nome Kid e altri personaggi lo aiutano nella sua avventura nell'arcipelago tropicale di El Nido. Lottando per scoprire la sua strada e ottenere la misteriosa &quot;Frozen Flame&quot;, Serge viene sfidato principalmente da Lynx, un oscuro antagonista che lavora per catturarlo.
Chrono Trigger (Japan)	Quella che inizia come una giornata spensierata alla Millennial Fair per un giovane di nome Crono si trasforma nella sua ultima avventura. Quando Crono incontra una giovane ragazza di nome Marle, non si rende conto che questa giovane ragazza, l'invenzione del suo migliore amico Lucca, e un misterioso ciondolo lo spingeranno nel viaggio definitivo attraverso il tempo e lo spazio, incontrando nuovi amici, sconfiggendo le forze del male, e incontrare colui che avrebbe distrutto il flusso del tempo.
Civilization II (USA)	Riscrivete la storia con Civilization II e guidate il vostro popolo verso la terra promessa della pace e dell'armonia con le culture vicine. Iniziate Civilization II come leader di una piccola tribù, che vive un'esistenza di sussistenza in un'epoca in cui il fuoco a legna è considerato alta tecnologia. Utilizzando le vostre capacità di leadership e di strategia, dovrete esplorare il vostro mondo, espandere il vostro impero e garantire la sopravvivenza del vostro stile di vita in quello che può essere un mondo di prosperità. Con il passare del tempo e l'aumentare del successo, formerete nuove alleanze, vi farete nuovi nemici, scoprirete nuove tecnologie e nuovi sistemi di governo. Obiettivi nobili che a volte vi porteranno a giocare duro, a fare il doppio gioco e a pugnalare alle spalle, ma per un bene superiore.
Clock Tower - Ghost Head (Japan)	Clock Tower II: The Struggle Within, pubblicato in Giappone come Clock Tower Ghost Head, è stato pubblicato nel 1998 per PlayStation. Pur condividendo le meccaniche di gioco dei primi due, il gioco potrebbe essere considerato uno spin-off della serie principale. La storia segue la diciassettenne Alyssa Hale che soffre di disturbo di personalità multipla con un alter ego di nome Mr. Bates. Ha ricevuto recensioni estremamente negative, con i critici che hanno citato la storia sconnessa e il gameplay basato su tentativi ed errori.
Clock Tower - The First Fear (Japan)	Clock Tower: The First Fear (conosciuta come Clock Tower in Giappone) è il primo capitolo della serie survival horror Clock Tower creata da Human Entertainment per Super Famicom. Il gioco è stato pubblicato da Human Entertainment ed è stato rilasciato in Giappone nel 1995. Successivamente è stato ripubblicato in Giappone nel 1997, quando è stato trasferito su PlayStation con alcune modifiche e ribattezzato Clock Tower: The First Fear. Questo titolo viene spesso mantenuto per distinguere tra la seconda puntata, che era stata chiamata Torre dell'orologio.
Clock Tower 2 (Japan)	Clock Tower II: The Struggle Within, pubblicato in Giappone come Clock Tower Ghost Head, è stato pubblicato nel 1998 per PlayStation. Pur condividendo le meccaniche di gioco dei primi due, il gioco potrebbe essere considerato uno spin-off della serie principale. La storia segue la diciassettenne Alyssa Hale che soffre di disturbo di personalità multipla con un alter ego di nome Mr. Bates. Ha ricevuto recensioni estremamente negative, con i critici che hanno citato la storia sconnessa e il gameplay basato su tentativi ed errori.
Clock Tower II - The Struggle Within (USA)	Clock Tower II: The Struggle Within, pubblicato in Giappone come Clock Tower Ghost Head, è stato pubblicato nel 1998 per PlayStation. Pur condividendo le meccaniche di gioco dei primi due, il gioco potrebbe essere considerato uno spin-off della serie principale. La storia segue la diciassettenne Alyssa Hale che soffre di disturbo di personalità multipla con un alter ego di nome Mr. Bates. Ha ricevuto recensioni estremamente negative, con i critici che hanno citato la storia sconnessa e il gameplay basato su tentativi ed errori.
Cochons de Guerre, Les (France)	Il giocatore prende il controllo dei maiali in uniforme da soldato, che sono dotati di una varietà di armi. In ogni round i soldati possono essere spostati e sparare un colpo. L'obiettivo è spazzare via tutti i soldati nemici. Inoltre, è possibile completare attività aggiuntive, per le quali il giocatore riceve medaglie. Con queste medaglie i soldati del giocatore possono essere promossi, il che migliora le loro abilità. Le missioni stanno diventando sempre più difficili e il giocatore può aspettarsi avversari promossi e quindi più forti. Le aree giocabili vanno dalle montagne innevate ai caldi paesaggi desertici. In alcune aree il giocatore può utilizzare l'ambiente spingendo / spingendo / colpendo / sparando ai giocatori nemici nei fiumi o nei campi minati (sebbene anche il giocatore umano possa condividere questo destino).
Cold Blood (Germany) (Disc 1)	In Cold Blood sei schierato nei panni dell'agente M16 John Cord dai servizi segreti britannici per risolvere il mistero della scomparsa di un amico spia americano. Quello che inizia come spionaggio di routine si rivela una corsa per salvare tutta l'umanità. Deve scoprire chi ti sta minacciando e perché. A causa della struttura del gioco, caratterizzata da innumerevoli salti nel tempo, rimane aperto fino alla fine come finisce la storia. Il gioco inizia quando John Cord riprende conoscenza dopo essere stato torturato più volte. Quando viene interrogato, ricorda cosa è successo e avvia automaticamente le missioni che si svolgono nella sua memoria.
Colin McRae - The Rally (Japan)	Dai creatori del Touring Car Championship arriva Colin McRae Rally, un titolo di rally che spera di sconfiggere V-Rally. Codemasters ha incluso una raccolta di cinquantadue brani ambientati in cinque paesi tra cui Grecia, Regno Unito, Svezia e Australia. Colin McRae Rally offre anche una selezione di otto veicoli da rally con veicoli 4WD e 2WD. Il gioco offre anche una serie di modalità di gioco tra cui Championship, Rally, Time Trial, Rally School (impara le basi dallo stesso Colin McRae) e una modalità per due giocatori.
Colin McRae - The Rally 02 (Japan)	Con il successore dell'acclamata simulazione di rally, la richiesta di molti giocatori di una modalità in cui non si gioca solo contro il tempo e quindi da soli nel corridoio è stata soddisfatta. La nuova modalità arcade sfida uno o due giocatori a competere contro una scelta di un massimo di cinque avversari CPU. Come controparte di questa gara ricca di azione sui circuiti, è compresa la modalità rally realistica con un'ampia area di configurazione e riparazione. Qui, un massimo di quattro giocatori di fila cercano di battere i tempi migliori nelle singole fasi. La &quot;competizione&quot; non ha un ruolo: il campo dei partecipanti, composto da un massimo di otto giocatori, esegue duelli su percorsi paralleli nello stile del &quot;Rally Masters&quot;. I veicoli vanno da Ford Focus e Mitsubishi Lancer a Toyota Corolla a Subaru Impreza, Peugeot 206 e Seat Cordoba.
Colin McRae Rally (USA)	Dai creatori del Touring Car Championship arriva Colin McRae Rally, un titolo di rally che spera di sconfiggere V-Rally. Codemasters ha incluso una raccolta di cinquantadue brani ambientati in cinque paesi tra cui Grecia, Regno Unito, Svezia e Australia. Colin McRae Rally offre anche una selezione di otto veicoli da rally con veicoli 4WD e 2WD. Il gioco offre anche una serie di modalità di gioco tra cui Championship, Rally, Time Trial, Rally School (impara le basi dallo stesso Colin McRae) e una modalità per due giocatori.
Colin McRae Rally 2.0 (USA) (En,Fr,Es)	Con il successore dell'acclamata simulazione di rally, la richiesta di molti giocatori di una modalità in cui non si gioca solo contro il tempo e quindi da soli nel corridoio è stata soddisfatta. La nuova modalità arcade sfida uno o due giocatori a competere contro una scelta di un massimo di cinque avversari CPU. Come controparte di questa gara ricca di azione sui circuiti, è compresa la modalità rally realistica con un'ampia area di configurazione e riparazione. Qui, un massimo di quattro giocatori di fila cercano di battere i tempi migliori nelle singole fasi. La &quot;competizione&quot; non ha un ruolo: il campo dei partecipanti, composto da un massimo di otto giocatori, esegue duelli su percorsi paralleli nello stile del &quot;Rally Masters&quot;. I veicoli vanno da Ford Focus e Mitsubishi Lancer a Toyota Corolla a Subaru Impreza, Peugeot 206 e Seat Cordoba.
Colony Wars - El Sol Rojo (Spain)	Colony Wars: Red Sun (chiamato Colony Wars III: Red Sun in Nord America) è un videogioco simulatore di combattimento spaziale per PlayStation sviluppato e pubblicato da Psygnosis nel 2000. Altri due episodi sono stati rilasciati in precedenza, vale a dire Colony Wars nel 1997 e Colony Wars: Vengeance nel 1998. Invece di essere un pilota di caccia stellare per la Lega dei Mondi Liberi o la Marina Coloniale, il giocatore ora assume il ruolo di un minatore civile diventato mercenario.
Colony Wars - Red Sun (USA)	Colony Wars: Red Sun (chiamato Colony Wars III: Red Sun in Nord America) è un videogioco simulatore di combattimento spaziale per PlayStation sviluppato e pubblicato da Psygnosis nel 2000. Altri due episodi sono stati rilasciati in precedenza, vale a dire Colony Wars nel 1997 e Colony Wars: Vengeance nel 1998. Invece di essere un pilota di caccia stellare per la Lega dei Mondi Liberi o la Marina Coloniale, il giocatore ora assume il ruolo di un minatore civile diventato mercenario.
Colony Wars - Vengeance (USA, Canada)	Colony Wars: Vengeance è un videogioco simulatore di combattimento spaziale sviluppato e pubblicato da Psygnosis per PlayStation nel 1998 e sequel dell'originale Colony Wars, pubblicato l'anno precedente. In esso, i giocatori completano missioni di combattimento spaziale utilizzando caccia stellari preselezionati equipaggiati con varie armi. Il gioco presenta molteplici percorsi di missioni e risultati, a seconda delle prestazioni del giocatore. Il gioco mantiene lo stile dello scenario vincente-perdente del suo predecessore, solo che ora il giocatore controlla un pilota, Mertens, che si è arruolato nella Marina coloniale.
Complete Soccer Onside (Japan)	ONSIDE Complete Soccer è uno dei primi giochi di calcio in 3D che include quattro campionati (inglese, francese, tedesco e italiano) e opzioni manageriali di base, in cui il giocatore può scambiare giocatori, gestire le finanze e l'espansione dello stadio. Le caratteristiche principali del gioco includono diverse opzioni di telecamera, condizioni meteorologiche stagionali con danni progressivi al campo, calcetto indoor e commento play-by-play inclusi tutti i nomi dei giocatori. La grafica presenta uno stadio poligonale con giocatori sprite (2D).
Contra - Legacy of War (USA)	Gli alieni hanno infestato ancora una volta la terra e tutto è perduto a meno che tu non entri nella mischia e agisca contro questi abitanti ultraterreni. Contra: Legacy of War è la continuazione della saga di lunga data iniziata sul Nintendo Entertainment System in cui un soldato solitario, con la scelta di un partner (modalità a due giocatori), si trova di fronte alla minaccia imminente di un dominio totale del mondo. da creature galattiche. Devi combattere il tuo livello attraverso il livello infernale per raggiungere lo scontro finale con l'entità suprema. Tuttavia, non sarai impreparato. Ci sono numerose armi e potenziamenti a tua disposizione, quindi, scegli saggiamente soldato, il mondo conta su di te. Supera sei livelli di azione di corsa, salto e tiro. Lungo la strada, usa le classiche armi CONTRA come la pistola allargata e poche nuove, come il potente lanciafiamme e i proiettili homing. CONTRA ha un nuovo look con ambienti 3D e modelli di personaggi. Per far uscire l'azione dallo schermo, indossa gli occhiali speciali inclusi nella confezione e gioca in modalità 3D.
Covert Ops - Nuclear Dawn (USA) (Disc 1)	L'ambasciatore francese Pierre Simon e la sua famiglia stanno viaggiando da San Pietroburgo a Parigi a bordo del Blue Harvest, un treno militare sviluppato dalla NATO, quando viene dirottato da terroristi noti come i Cavalieri dell'Apocalisse. Le trattative non producono alcun risultato e l'unica speranza è il tenente Jack Morton, parte della scorta originale, che riesce a tornare di nascosto sul treno. Il suo compito è riprendere il controllo del treno blindato, impedire ai terroristi di dispiegare un'arma nucleare e salvare gli ostaggi.
Crash Bandicoot (USA)	Crash Bandicoot, un marsupiale eroico, agile e mutato che deve salvare la sua ragazza Tawna. L'antagonista principale è il dottor Neo Cortex, uno scienziato pazzo che è stato spesso ridicolizzato dalla comunità scientifica per le sue teorie stravaganti (ma quasi realizzabili) ed è ora motivato a dimostrare che i suoi aguzzini si sbagliavano creando un esercito mutato di bestie per conquistare il mondo. Lo scagnozzo di Cortex è il dottor Nitrus Brio, l'insicuro creatore di Evolvo-Ray. L'interesse amoroso di Crash è Tawna, una bandicoot femminile in procinto di sottoporsi a sperimentazione da parte dei dottori. Ad aiutare Crash nel suo viaggio c'è un antico spirito stregone di nome Aku Aku, che ha sparso maschere di se stesso per le isole per garantire poteri speciali a Crash. I personaggi principali del gioco includono Papu Papu, il capo obeso e irascibile del villaggio natale; Ripper Roo, un canguro folle con unghie affilate come rasoi; Koala Kong, un koala muscoloso ma poco intelligente; e Pinstripe Potoroo, la guardia del corpo armata di tommy del dottor Cortex.
Crash Bandicoot - Warped (USA)	Con le animazioni tutte nuove e i tantissimi nuovi veicoli, un folle cast di personaggi si unisce a Crash Bandicoot in una gara nel tempo per salvare il destino dell'intero universo!
Crash Bandicoot 2 - Cortex no Gyakushuu! (Japan, Asia)	Dopo la sua sconfitta, il dottor Neo Cortex scopre i cristalli che mantengono il mondo in equilibrio. Tuttavia, qualcosa non va: mancano alcuni cristalli. Quando i pianeti si allineano, il flusso caotico creato dall'evento distruggerà il mondo. Cortex escogita un piano per salvare il mondo creando il Cortex Vortex. Per aiutarlo a salvare il mondo Cortex recluta la sua nemesi, Crash Bandicoot, per aiutarlo a trovare i cristalli. Prendi il controllo di Crash mentre viaggia verso luoghi esotici come una stazione spaziale, una cascata e l'Antartide in 34 livelli di azione di corsa, salto e rotazione. Avanza attraverso i livelli nell'ordine che preferisci grazie al sistema di hub di livello. Crash riuscirà a trovare tutti i cristalli? Ci si può fidare del dottor Cortex o tutto questo è uno stratagemma elaborato? Gioca a CRASH BANDICOOT 2: Cortex Strikes Back e scoprilo. Caratteristiche:nn* 34 livelli con aree nascoste e livelli bonusnn* Nuove mosse e attacchi combonn* Nuovi personaggi e nemici interattivinn* Varietà di enigmi impegnativi e minigiochi
Crash Bandicoot 2 - Cortex Strikes Back (USA)	Dopo la sua sconfitta, il dottor Neo Cortex scopre i cristalli che mantengono il mondo in equilibrio. Tuttavia, qualcosa non va: mancano alcuni cristalli. Quando i pianeti si allineano, il flusso caotico creato dall'evento distruggerà il mondo. Cortex escogita un piano per salvare il mondo creando il Cortex Vortex. Per aiutarlo a salvare il mondo Cortex recluta la sua nemesi, Crash Bandicoot, per aiutarlo a trovare i cristalli. Prendi il controllo di Crash mentre viaggia verso luoghi esotici come una stazione spaziale, una cascata e l'Antartide in 34 livelli di azione di corsa, salto e rotazione. Avanza attraverso i livelli nell'ordine che preferisci grazie al sistema di hub di livello. Crash riuscirà a trovare tutti i cristalli? Ci si può fidare del dottor Cortex o tutto questo è uno stratagemma elaborato? Gioca a CRASH BANDICOOT 2: Cortex Strikes Back e scoprilo. Caratteristiche:nn* 34 livelli con aree nascoste e livelli bonusnn* Nuove mosse e attacchi combonn* Nuovi personaggi e nemici interattivinn* Varietà di enigmi impegnativi e minigiochi
Crash Bandicoot 3 - Buttobi! Sekai Isshuu (Japan, Asia)	Con le animazioni tutte nuove e i tantissimi nuovi veicoli, un folle cast di personaggi si unisce a Crash Bandicoot in una gara nel tempo per salvare il destino dell'intero universo!
Crash Bandicoot 3 - Warped (Europe, Australia) (En,Fr,De,Es,It)	Con le animazioni tutte nuove e i tantissimi nuovi veicoli, un folle cast di personaggi si unisce a Crash Bandicoot in una gara nel tempo per salvare il destino dell'intero universo!
Crash Bandicoot Carnival (Japan, Asia)	Crash e i suoi amici sono tornati in un'arena abbattuta e trascinata. Preparati a cavalcare, correre, saltare, lanciare e combattere fino al traguardo in frenetiche battaglie testa a testa e inseguimenti adrenalinici. Scegli il tuo personaggio preferito, tra cui Crash, Coco, Dr. Neo Cortex e il nuovo cattivo Rill Roo, e gareggia per i punti in più di 30 eventi competitivi. Con un Multitap, puoi gareggiare fino a tre dei tuoi amici e mostrare chi è il miglior bandicoot. È una bella rissa bandicoot vecchio stile.
Crash Bandicoot Racing (Japan, Asia)	La storia del gioco ruota attorno a un alieno malvagio di nome Nitrous Oxide, che ha viaggiato per l'intera galassia sbandierandosi come il corridore più veloce. Una volta raggiunto la Terra, richiede ai nostri personaggi di affrontarsi l'un l'altro per trovare qualcuno che possa sfidarlo. Infine aggiunge che se un corridore vince, lascerà il pianeta per sempre, ma che se vince si impadronirà della Terra. Quindi tutti si uniscono a una battaglia contro Oxide e possono essere selezionati i classici rivali del gioco tradizionale.
Crash Bash & Spyro - Year of the Dragon (USA) (Demo)	Crash e i suoi amici sono tornati in un'arena abbattuta e trascinata. Preparati a cavalcare, correre, saltare, lanciare e combattere fino al traguardo in frenetiche battaglie testa a testa e inseguimenti adrenalinici. Scegli il tuo personaggio preferito, tra cui Crash, Coco, Dr. Neo Cortex e il nuovo cattivo Rill Roo, e gareggia per i punti in più di 30 eventi competitivi. Con un Multitap, puoi gareggiare fino a tre dei tuoi amici e mostrare chi è il miglior bandicoot. È una bella rissa bandicoot vecchio stile.
Crash Bash (USA)	Crash e i suoi amici sono tornati in un'arena abbattuta e trascinata. Preparati a cavalcare, correre, saltare, lanciare e combattere fino al traguardo in frenetiche battaglie testa a testa e inseguimenti adrenalinici. Scegli il tuo personaggio preferito, tra cui Crash, Coco, Dr. Neo Cortex e il nuovo cattivo Rill Roo, e gareggia per i punti in più di 30 eventi competitivi. Con un Multitap, puoi gareggiare fino a tre dei tuoi amici e mostrare chi è il miglior bandicoot. È una bella rissa bandicoot vecchio stile.
Creatures (USA)	In Creatures scoprirai l'affascinante universo dell'intelligenza artificiale. Albia è il meraviglioso luogo dove vivono le Norne. Sono creature pacifiche, amabili, intelligenti e curiose, sempre entusiaste di scoprire ed esplorare ciò che li circonda. Incontreranno molte cose sconosciute, che possono essere divertenti ma anche pericolose. I malvagi Grendel sono la più grande minaccia per loro, ma se li guidi responsabilmente e mostri loro cosa è buono e cosa è cattivo nel loro mondo, le tue Norne svilupperanno una migliore comprensione del loro ambiente.
Crisis Beat (Europe)	Molto più di un picchiaduro, Crisis Beat è un mix di azione e avventura raramente visto su PlayStation, racchiuso in una narrazione avvincente che attraversa tutto il gioco, guidando i giocatori da una sfida emozionante all'altra.nnPer combattere le orde di cattivi su tutta la nave, devi usare furtività, strategia ed essere pronto a combattere con i migliori. A seconda del personaggio che hai scelto di giocare (una scelta di quattro), l'IA del gioco selezionerà il miglior &quot;BOSS&quot; per ostacolare i tuoi progressi. Questo sistema offre ai giocatori la varietà di &quot;gioca di nuovo&quot; che li farà desiderare di giocare a Crisis Beat ancora e ancora.nnQuando non riesci a raggiungere il livello da solo, puoi chiamare un amico per aiutarti nella modalità a due giocatori. Qui ci sono due squadre tra cui scegliere e, a seconda di quale viene selezionata, sceglie con quale fase e &quot;BOSS&quot; iniziare il gioco.
Crisis City (Japan)	Crisis City è un gioco d'azione con 3 diverse modalità di gioco: - Time Attack ti consente di scegliere uno dei sette personaggi del gioco e sfrecciare attraverso una selezione di livelli a un ritmo fulmineo. Ogni personaggio è classificato A, B o C con una scala a barre che ne evidenzia i punti di forza e di debolezza personali. Paragonabili ai migliori picchiaduro, sono tutti notevolmente dissimili da controllare, quindi ognuno fornirà una sfida unica a sé stante. Alcuni si muovono estremamente rapidamente ma possono portare solo una pistola a mano mentre altri sono un po 'più lenti ma sono pieni di armi di distruzione ad alta potenza.
Croc - Legend of the Gobbos (USA)	Croc è un gioco di piattaforma 3D su Playstation in cui si gioca nei panni di Croc il coccodrillo i cui amici folletti sono stati rapiti dallo spregevole Barone Dante. Cerca i tuoi amici nei 42 livelli per trovarli prima che sia troppo tardi.
Croc 2 (USA)	Croc 2 è un gioco di piattaforma su Playstation. In questa seconda avventura, Croc scopre un messaggio in una bottiglia. I mittenti stanno cercando il loro figlio coccodrillo perduto da tempo. Potrebbero essere i genitori di Croc? Per scoprirlo con certezza, il nostro eroe decide di incontrarli. Croc 2 offre 40 livelli suddivisi in 4 villaggi e diversi veicoli: kart, aliante, mongolfiera, ecc...
Croc Adventure (Japan)	Croc 2 è un gioco di piattaforma su Playstation. In questa seconda avventura, Croc scopre un messaggio in una bottiglia. I mittenti stanno cercando il loro figlio coccodrillo perduto da tempo. Potrebbero essere i genitori di Croc? Per scoprirlo con certezza, il nostro eroe decide di incontrarli. Croc 2 offre 40 livelli suddivisi in 4 villaggi e diversi veicoli: kart, aliante, mongolfiera, ecc...
Croc! Pau-Pau Island (Japan)	Croc è un gioco di piattaforma 3D su Playstation in cui si gioca nei panni di Croc il coccodrillo i cui amici folletti sono stati rapiti dallo spregevole Barone Dante. Cerca i tuoi amici nei 42 livelli per trovarli prima che sia troppo tardi.
Crossroad Crisis (USA)	Nel conveniente Crossroad Crisis, spetta a te proteggere un pulcino vagabondo bloccato in un labirinto di piastrelle rosse, verdi e blu. Spostando e ruotando le tessere, puoi creare un percorso sicuro su cui il pulcino può camminare. Ma per completare ciascuna delle dieci fasi del gioco, devi prima cancellare il numero richiesto di tessere dal tabellone. Le tessere vengono rimosse collegando due o più dello stesso colore e facendo camminare il pulcino su di esse. Una volta che il numero di destinazione è stato cancellato, appare l'uscita e puoi condurre il pulcino alla fase successiva. Il numero di tessere eliminate necessarie per rivelare l'uscita aumenta man mano che il gioco procede. Ogni volta che il pulcino esce dal bordo di una tessera, una vita viene persa e il tabellone viene ripristinato. Oltre alle dieci fasi della modalità Clear, vs. la modalità mette il pulcino contro un'anatra in una battaglia a due giocatori per eliminare le tessere e portare il tuo animale al sicuro per primo. La modalità Principiante contiene tre fasi e una lezione su come giocare.
Crown Knights, The - Jaja-uma! Quartet - Mega Dream Destruction+ (Japan)	Wild Cardz, noto in Giappone come Jaja-uma Quartet, è un anime giapponese diretto al video in due episodi creato da Yasuchika Nagaoka (regista di New Cutie Honey). È stato pubblicato in Giappone da Studio OX, MOVIC e BMG Japan. È stato distribuito in Nord America dalla U.S. Manga Corps. Il Regno delle Carte è una terra importante che viene conquistata dagli invasori e spetta ai Cavalieri della Corona respingere gli invasori e proteggere la loro terra con tutte le loro forze. Questo anime ha un servizio di fan molto limitato rispetto ai lavori precedenti del regista e invece del genere di ragazza magica carina, l'attenzione è più orientata all'azione con stili simili a una serie Shonen. Alcuni personaggi e nemici prendono il nome da pezzi di gioco e carte in modo che coincidano con il tema.
Crusader - No Remorse (USA)	All'inizio di No Remorse, un trio di enigmatici super soldati di Silencers sta tornando da una missione fallita in cui hanno disobbedito a un ordine di sparare su civili che erano (erroneamente) ritenuti ribelli. Cadono in un'imboscata da parte di un mech WEC e due dei silenziatori vengono uccisi. Il restante, un capitano senza nome, (che il giocatore interpreta), si unisce alla Resistenza, dove, come simbolo significativo del potere militare e della filosofia politica del WEC, incontra risentimento, sfiducia e odio totale. Tuttavia, intraprende senza lamentarsi missioni pericolose, spesso con equipaggiamento scadente, e il suo continuo successo guadagna gradualmente il rispetto dei suoi compagni membri della Resistenza.
Crusaders of Might and Magic (USA)	Crusaders of Might and Magic fa il suo debutto su PlayStation come gioco di ruolo d'azione visto da una prospettiva alle spalle del protagonista principale. Sei scelto per il ruolo di Drake, un combattente solitario che ha perso la sua famiglia quando era solo un ragazzo. Conosciuto come &quot;Scarred One&quot; dal Book of Ages, Drake si unisce all'élite dell'Alta Guardia in una crociata di giustizia e vendetta. Viaggia attraverso cinque terre distinte mentre combatti nani, orchi giganti e guerrieri scheletrici. Il tuo obiettivo finale è uccidere Necros, l'oscuro signore dei non morti. Durante i tuoi viaggi converserai con cittadini, cavalieri e altri personaggi amichevoli per consigli sulla tua ricerca. Drake può saltare, correre, arrampicarsi, abbassarsi, lanciare incantesimi e colpire i nemici con una moltitudine di armi. Può colpire barili per scoprire oggetti nascosti, rotolare per evitare attacchi e persino eseguire alcuni salti mortali in aria.
CT Special Forces (Europe) (En,Fr,De,Es,It,Nl)	CT Special Forces è un gioco d'azione con protagonista una squadra di commando intenti a eliminare una minaccia terroristica.nnIl gioco porta i giocatori attraverso aree tematiche, tra cui una catena montuosa innevata, un deserto, una giungla e una città, mentre salvano ostaggi e combattono l'esercito avversario usando fucili d'assalto, lanciarazzi, lanciafiamme, granate e altro ancora.nnI giocatori possono anche essere chiamati a pilotare veicoli durante determinate sequenze. I soldati che hanno difficoltà con le forze nemiche possono arruolare un amico per il gioco cooperativo.
CT Special Forces 3 - Bioterror (Europe) (En,Fr,De,Es,It,Nl)	l CT Special Forces 3: Bioterror è un gioco d'azione vecchia scuola. Entrerai a prestare servizio nelle famose Forze Speciali CT per sconfiggere una minaccia biologica. Molti nemici cercheranno di bloccarti la strada. Il gioco è composto da sei mondi diversi, ciascuno composto da diversi livelli.
CTR - Crash Team Racing (USA)	La storia del gioco ruota attorno a un alieno malvagio di nome Nitrous Oxide, che ha viaggiato per l'intera galassia sbandierandosi come il corridore più veloce. Una volta raggiunto la Terra, richiede ai nostri personaggi di affrontarsi l'un l'altro per trovare qualcuno che possa sfidarlo. Infine aggiunge che se un corridore vince, lascerà il pianeta per sempre, ma che se vince si impadronirà della Terra. Quindi tutti si uniscono a una battaglia contro Oxide e possono essere selezionati i classici rivali del gioco tradizionale.
Cyberia (USA)	Nel 2027, il mondo è controllato da due superpotenze rivali, l'Alleanza Mondiale Libera del Blocco Occidentale e il Cartello del Blocco Orientale. Le trasmissioni di una spia dell'FWA rivelano l'ubicazione di un laboratorio multinazionale segreto nel profondo della Siberia, il &quot;Cyberia Complex&quot;, dove viene sviluppata una misteriosa arma. Il leader dell'FWA Devlin libera dalla prigione un cyberhacker di nome Zak e lo invia a infiltrarsi nel complesso per scoprire la vera natura dell'arma Cyberia. Purtroppo, anche il Cartello è interessato a quest'arma e non si fermerà davanti a nulla per ottenerla. Zak non solo deve combattere per superare le forze del Cartello inviate a fermarlo, ma deve anche sconfiggere gli agenti del Cartello che hanno già preso il controllo del complesso.
Dalmatians 2 (Europe) (En,Fr,De)	Il dalmata è una razza canina le cui radici affondano nella Dalmazia, una regione della Croazia. È noto per il suo mantello bianco con macchie nere o color fegato. Dalmatians 2 è il seguito di The Dalmatians ed è un altro gioco per PSX di The Code Monkeys che include: - Cartoni animati - Puzzle - Gioco da colorare
DamDam Stompland (Japan)	DamDam Stompland è un gioco di società che utilizza una miriade di personaggi buffi, dall'eroe dell'anime Dam Dam a una testa di pesce con le gambe. La cosa più peculiare del gioco è il gameplay: per vincere l'incontro bisogna saltare sull'ombra dell'altro giocatore (in questo modo la sua energia diminuisce). La vista è come in un gioco Bomberman (prospettiva dall'alto). Il gioco ha 3 modalità di gioco: - Modalità viaggio: una sorta di modalità storia. - Modalità Vs: combatti contro un avversario computerizzato o un altro giocatore umano. - Modalità libera: non molto diversa dalla modalità vs.
Dance Dance Revolution 2nd Remix - Append Club Version Vol. 1 (Japan, Asia)	“Dance Dance Revolution 2nd ReMIX Append Club Version Vol. 1” è una versione speciale della popolare serie di giochi ritmici Dance Dance Revolution (DDR), sviluppata da Konami per la PlayStation 1. Pubblicata in Giappone nel 1999, questa versione è unica nel suo genere in quanto funge da pacchetto di espansione per “Dance Dance Revolution 2nd ReMIX”, che richiede il disco di gioco originale per essere giocato. Questa edizione presenta una raccolta di canzoni tratte principalmente dalla serie “beatmania”, un altro franchise di giochi musicali di Konami. Il gioco prevede che i giocatori si muovano su un tappeto da ballo a tempo con le note musicali che scorrono sullo schermo, abbinando i loro passi al ritmo della musica. Ogni passo corretto fa guadagnare punti e i giocatori devono raggiungere un determinato punteggio per superare ogni figlio.
Dance Europe (Europe) (Fr,De,Es,It,Nl,Pt)	Dance Europe adotta la formula standard &quot;bemani&quot;: le frecce appaiono ritmicamente sullo schermo e il giocatore deve premere il pulsante corrispondente (su una periferica per tappetino da ballo o sul controller PS/PS2 standard) a tempo con queste frecce e la musica. I punti vengono assegnati per la precisione con extra per creare determinate &quot;combo&quot;. Il gioco contiene brani di artisti tra cui Sugababes, Room 5, Sophie Ellis Bextor, Alizee o DJ Sammy.
Dance-UK (UK)	Dance Europe adotta la formula standard &quot;bemani&quot;: le frecce appaiono ritmicamente sullo schermo e il giocatore deve premere il pulsante corrispondente (su una periferica per tappetino da ballo o sul controller PS/PS2 standard) a tempo con queste frecce e la musica. I punti vengono assegnati per la precisione con extra per creare determinate &quot;combo&quot;. Il gioco contiene brani di artisti tra cui Sugababes, Room 5, Sophie Ellis Bextor, Alizee o DJ Sammy.
Dancing Stage - Euromix (Europe)	La versione europea di Dance Dance Revolution. Questa edizione del gioco presenta molti artisti famosi e anche alcuni stili di canzoni diversi. Il gameplay è lo stesso di tutti i giochi DDR/Dancing Stage, il che significa che è necessario toccare diverse direzioni a ritmo della musica con il tappetino da ballo o il controller.
Dancing Stage - Party Edition (Europe)	Dancing Stage Party Edition è un videogioco casalingo della serie Dancing Stage, la controparte europea di Dance Dance Revolution Konamix. È stato pubblicato nel 2002 da Konami, come parte della serie &quot;Bemani&quot; per famiglie. Il gioco è basato sul motore Dance Dance Revolution 4th Mix, segui le frecce sullo schermo per imparare i passi o creare la tua routine di ballo originale. Dispone di quattro modalità di gioco: allenamento, pratica, arcade e allenamento (con contacalorie). Il gioco contiene 51 canzoni in totale, la maggior parte delle quali sono state scritte per il gioco o sviluppate da Dancing Stage EuroMix. Cinque delle canzoni incluse sono di artisti tradizionali e i loro titoli sono colorati di giallo nel gioco, distinguendoli dalle altre tracce.
Dark Seed II (Japan)	La storia si svolge un anno dopo gli eventi che hanno avuto luogo nel primo opus. Mike Dawson, traumatizzato dalla sua esperienza a Woodland Hills, ha lasciato la California e si è trasferito a Crowley. Soffre psicologicamente, ricordando costantemente il suo incontro con il Mondo Oscuro. Riesce quasi a recuperare un po' di forza avvicinandosi a Rita, un'amica d'infanzia di cui è segretamente innamorato. Ma Rita è stata brutalmente assassinata. L'omicidio è avvenuto la sera del Ballo del Collegio e Mike è stato l'ultima persona ad essere stata vista con lei. Sospettato di omicidio, Mike ha difficoltà a presentare un alibi, perché non ricorda nulla. Uno schermo nero ha cancellato i suoi ricordi. Potrebbero essere tornati gli Antichi, le creature del Mondo Oscuro? Gli incubi e i mal di testa ricominciano. Dovete indagare per riabilitare il vostro nome.
Darkseed (Japan)	Dark Seed è un gioco d'avventura in terza persona in cui si impersona Mike Dawson. Questo brillante pubblicitario è alla ricerca di solitudine per dedicarsi alla scrittura. La sua ricerca lo porta a Woodland Hills, dove acquista una magnifica villa vittoriana per una cifra irrisoria. Ma non appena arriva alla villa, un'irresistibile voglia di dormire lo costringe ad assopirsi. Il gioco inizia quando Mike si sveglia con un fastidioso mal di testa che gli impedisce di pensare: un incubo ossessionante, misteriose sparizioni, abitanti che si barricano in casa, agenti di polizia poco collaborativi. Tre giorni è il tempo a disposizione per capire cosa sta succedendo e per fermare la cospirazione organizzata dagli alieni, in agguato in un mondo oscuro collegato al nostro da uno specchio. Lo stesso appeso nel salotto di Mike Dawson.
Darkstone (USA)	In Darkstone, sei tu il prescelto per contrastare il piano di Draak di immergere il mondo in una nuova Age of Darkness. Le scelte del personaggio sono fatte da quattro classi (mago / strega, assassino / ladro, guerriero / amazzone o monaco / sacerdotessa). L'obiettivo generale è rintracciare i sette cristalli del Globo del Tempo, creato un millennio fa dalle lacrime della dea benevola Kaliba e ripristinarlo. Solo allora avrai il potere del potente Orb a tua disposizione da usare come arma definitiva contro Draak. In base ai numeri, Darkstone contiene quattro regioni distinte di Uma, più di 100 creature malvagie basate su 30 tipi di personaggi, 32 incantesimi specifici e quasi due dozzine di abilità (sei principali). Le caratteristiche aggiuntive includono il movimento completo a 360 gradi, più di 30 armi (alcune multiuso), numerosi oggetti e trappole e oltre 200 nemici e personaggi con cui interagire.
De Sang Froid (France) (Disc 1)	In Cold Blood sei schierato nei panni dell'agente M16 John Cord dai servizi segreti britannici per risolvere il mistero della scomparsa di un amico spia americano. Quello che inizia come spionaggio di routine si rivela una corsa per salvare tutta l'umanità. Deve scoprire chi ti sta minacciando e perché. A causa della struttura del gioco, caratterizzata da innumerevoli salti nel tempo, rimane aperto fino alla fine come finisce la storia. Il gioco inizia quando John Cord riprende conoscenza dopo essere stato torturato più volte. Quando viene interrogato, ricorda cosa è successo e avvia automaticamente le missioni che si svolgono nella sua memoria.
Dead or Alive (USA)	Il primo della serie Dead or Alive e presenta molte delle stesse funzionalità che hanno reso la serie DoA così popolare oggi; Combattimenti un po' realistici, buon design dei personaggi e donne seminude i cui seni rimbalzano molto.nnDead or Alive è un gioco uno contro uno che si svolge in un'arena dallo spazio limitato. Ogni personaggio ha il proprio modo di combattere, le proprie abilità e persino i propri hobby e gusti. (Ad esempio, Ryu Hayabus, sì, gli piace il sushi, l'arrampicata e la pesca.)
Defeat Lightning (Japan)	Future Racer su Playstation ti consente di vivere gare futuristiche che non hanno nulla a che fare con quelle di oggi. Scala muri o lancia laser, la tua macchina robotica è tanto veloce quanto potenza. Prendi una delle sei macchine a tua disposizione e sfoglia la modalità storia o affronta i tuoi amici in schermo diviso.
Defi au Tetris Magique (France)	Sfida al Tetris Magico è un fantastico gioco rompicapo per tutta la famiglia. Con gli intricati puzzle di Tetris e il fascino magico di Topolino, Capcom ha creato un gioco che le famiglie possono divertirsi a giocare insieme. Gli elementi rompicapo possono essere impostati su facile per i principianti o i più giovani e su esperto per quei giocatori incalliti che sono mamma e papà. Non è un noioso gioco per bambini: è un rompicapo veloce, divertente e frenetico con un tocco di delicatezza.
Delta Force Urban Warfare (USA) (En,Fr,Es)	Nell'esercito degli Stati Uniti, i membri della Delta Force sono definiti dalla loro forza mentale, abilità fisica e operazioni a bassa visibilità. Il governo degli Stati Uniti non ha mai riconosciuto ufficialmente la loro esistenza. Da EA arriva un gioco per PS one che ti mette nei panni di Delta Force. Hai quello che ci vuole? Come agente solitario della Delta Force, il tuo compito è eliminare i terroristi nascosti dietro ogni porta per fermare una minaccia globale. Una trama intrigante, presentata in filmati e messaggi radio in-game, ti spinge attraverso ogni missione. Questa è un'esperienza Delta Force completamente nuova, basata sul franchise da 3 milioni di vendite, sviluppato esclusivamente per PlayStation da Rebellion.
Demolition Racer (USA)	Ora puoi davvero lasciarlo strappare. 8 auto da corsa americane ad alta velocità sono al via e puoi sentire il profondo gorgoglio dei motori a 8 cilindri. Si alza la bandiera e inizia una corsa spietata: tutti contro tutti, e tutto è permesso. Vivi le drammatiche manovre di sorpasso e gli spettacolari incidenti che lasciano danni visibili ai veicoli! - Impressionante azione di corsa ad alta velocità con grandiosi incidenti - Danni al veicolo calcolati in tempo reale e numerosi effetti come pneumatici rotti, tettucci dei veicoli che volano in giro, fumo e fuoco - 10 piste difficili estenuanti - pazzesco! Modalità &quot;Ghost driver&quot; e &quot;Demolition Derby&quot; - 8 diverse auto da corsa inclusi minibus e carri funebri - 16 veicoli per gara - barricate, barili e numerosi altri ostacoli - gare a schermo condiviso per 2 giocatori e gare di demolition derby - dura colonna sonora originale di Fear Factory , Junkie XL, Empirion e Cirrus.
Denkou Sekka Micro Runner - Maniac Hakase no Hisaku (Japan)	Dal momento che salvare il mondo dall'imminente carenza di cibo è un compito arduo, il nostro buon amico Dr. Minimizer si propone di persuadere, ricattare e creare partecipanti per competere per il diritto di guidare la colonizzazione della Terra una volta che tutti sono stati ridotti a 1/30 della loro dimensione originale. Il dottore pazzo ha quindi creato un percorso a ostacoli nella sua casa per trovare il soldato definitivo attraverso una competizione di sopravvivenza del più forte in stile darwiniano. Ma gli mancano i partecipanti. Una volta raccolti otto di questi partecipanti, si parte per le gare per trovare il salvatore della Terra. Chi avrebbe mai pensato che scivolare nella vasca da bagno potesse potenzialmente tenere in bilico il destino di 7 miliardi di persone?
Destruction Derby (USA)	Probabilmente ti senti come un manichino da crash test quando giochi a questo gioco: non è solo un gioco di corse, ma ottieni punti per aver distrutto i tuoi nemici! La quantità di punti che ottieni dipende da come li colpisci ... ad es. ottieni più punti per fargli fare un 360 diverso dal guidare verso di loro ad alta velocità. Il gioco ha molto di più da offrire: una modalità testa a testa con solo due auto o il leggendario derby della distruzione stesso - un'enorme arena, ogni macchina parte dal bordo e poi - fai un bel incidente!
Destruction Derby 2 (USA, Canada)	Allaccia le cinture, resisti, colpisci il gas e parti alla ricerca di punti distruttivi in ​​Destruction Derby 2, il sequel strepitoso del gioco del demolition derby originale di Reflections Interactive e Psygnosis. Questa edizione offre sette tracce più grandi con molti salti e capriole, così come le temute sezioni incrociate dove spesso si verificano enormi danni. Scegli una delle tre auto e porta la tua rabbia repressa in una delle quattro arene di bowling o in uno dei quattro circuiti. Che il caos abbia inizio! La nuova funzione Pit Stop consente al giocatore di riparare un veicolo danneggiato e tornare nella mischia. La fisica realistica deforma le auto (e il loro bel lavoro di verniciatura) quando ti scontri con altri 19 piloti. Il motore fisico del gioco consente a ruote, cofani delle auto e altri detriti di volare ovunque. Il danno localizzato aggiunge anche un elemento di strategia, poiché il primo speronamento distrugge i motori e può portare rapidamente il guidatore fuori dal gioco. I giocatori dovranno sviluppare alcune tecniche forti o saranno bloccati a bordo campo entro la metà del gioco.
Destruction Derby Raw (USA)	Il terzo titolo di Destruction Derby su PSX porta tutta la nuova azione in pista. Un nuovo sistema di rilevamento delle collisioni 3D consente incidenti più grandi, mentre con le nuove mosse di distruzione combinate, puoi rovinare il nemico in molti altri modi. Le modalità di gioco includono Wreckin 'Racing, Smash $ 4 e Battle. In Wreckin 'Racing devi competere per la sopravvivenza attraverso la solita serie di piste da corsa, ognuna con ostacoli nascosti e scorciatoie. Ogni gara che vinci apre una nuova pista. Smash 4 $ devi usare tutti i trucchi possibili per far uscire le altre auto dalla pista. Più guadagni e il modo in cui lo fai determina quanti soldi guadagni. Quei soldi possono essere usati per spendere per nuove auto. Infine, Battle è una battaglia nell'arena della distruzione, dove fino a quattro giocatori, oltre a decine di auto controllate dalla CPU, combatteranno per vedere chi è l'ultimo uomo in piedi.
Detana Twinbee Yahoo! Deluxe Pack (Japan)	Preparati a entrare nel lato bizzarro della mente creativa di Konami con la serie Twinbee! Prendi il controllo delle navi da caccia Twinbee, Winbee e Gwinbee, mentre tu e un amico salvate mondi strani e bizzarri da nemici e mostri ancora più bizzarri! Questo pacchetto contiene i giochi arcade Detana!! TwinBee (rilasciato in versione home per PC Engine) e Twinbee Yahoo! (mai pubblicato per console domestiche), in tutta la loro gloria arcade!
Detective Barbie - The Mystery Cruise (USA)	I giocatori hanno la possibilità di unirsi al &quot;Team Barbie Detective&quot; in Detective Barbie: The Mystery Cruise di Mattel Interactive. Come le versioni precedenti per PC di Detective Barbie e Detective Barbie 2, questo gioco è un'avventura misteriosa progettata per le ragazze (e per gli investigatori amanti del mistero di tutte le età). A differenza dei suoi predecessori, tuttavia, Detective Barbie: The Mystery Cruise è stato progettato specificamente per la console PlayStation. Il gioco supporta due giocatori che sono incoraggiati a esplorare una grande nave da crociera e tre porti di scalo tropicali alla ricerca di indizi che aiuteranno a risolvere il mistero di alcune preziose opere d'arte mancanti. Fortunatamente, i giocatori troveranno molti veicoli e gadget in Detective Barbie: The Mystery Cruise per aiutarli lungo la strada.
Devil Man (Japan)	Devilman è una serie manga giapponese scritta e illustrata da Go Nagai, originariamente iniziata come adattamento anime del concept della precedente serie manga di Nagai, Demon Lord Dante. Una serie anime di 39 episodi è stata sviluppata da Toei nel 1972 e Nagai ha iniziato Devilman come manga su Weekly Shonen Magazine di Kodansha, appena un mese prima dell'inizio della serie anime. Da allora la serie ha generato numerosi OVA, manga, romanzi e film. Devilman e altri personaggi della serie sono apparsi in apparizioni cameo numerose volte negli altri lavori di Go Nagai. Il più notevole è il lungometraggio di Tomoharu Katsumata del 1973 Mazinger Z vs. Devilman, in cui Devilman collabora con il robot titolare di Nagai per combattere il Dr. Hell.
Diablo (USA) (En,Fr,De,Sv)	Ambientato nel regno di Khanduras, locato nel mondo di Sanctuary, Diablo lascia controllare al giocatore l'eroe solitario dedito a eradicare La minaccia di Diablo, il signore del terrore. Sotto la città di Tristam, il giocatore si avventura in ben 16 dungeon fino ad arrivare ad affrontare Diablo stesso.
Digical League (Japan)	Gioco sportivo, nello specifico dedicato alla disciplina del Baseball. A livello di gameplay, il gioco segue le classiche regole della disciplina, in uno stile e una grafica tipicamente cartoonesche, con degli effetti sonori e musiche di sottofondo carine.
Digimon Rumble Arena (USA)	Digimon Rumble Arena è un gioco di combattimento adatto a tutta la famiglia che può essere giocato sia in singolo che con amici. Puoi combattere come o contro i tuoi mostri digitali preferiti, sia del passato che del presente. I potenziamenti conferiscono ai personaggi abilità speciali che possono fare la differenza in combattimenti ravvicinati, mentre trappole come nastri trasportatori e stalattiti cadenti fanno parte della sfida. Nella modalità per giocatore singolo, gareggi contro il computer superando match e avanzando sconfiggendo tutti e 20 i personaggi. Ci sono sei arene tra cui scegliere, come Sanctuary (fulmini), Wilderness (massi), Garbage Recycling Center (compattatore), Revolution (schermo rotante), Glacier (stalattiti) e Volcano, con alcuni mini-giochi per aumentare la sfida.
Digimon World (USA)	Digimon World è un gioco d'avventura su Playstation ispirato al famoso cartone animato. Il capo del villaggio di Digimon ha bisogno del vostro aiuto per trovare e domare queste creature. Considerato un vero animale domestico, dovrete prendervi cura della vostra Digimon coccolandola, nutrendola ed educandola. Il tuo Digimon si evolverà rapidamente con l'addestramento e altri elementi extra e bonus. Gareggia contro il Digimon in Duello dei tuoi amici e metti in mostra tutta la tua esperienza.
Digimon World 2 (USA)	&quot;Digimon World 2&quot;, il secondo gioco della serie Digimon World, ci porta in un mondo completamente nuovo in cui dobbiamo allevare Digimon per respingere il male che sta cercando di invadere il mondo. Nel precedente Digimon World, interpretavi un giovane chiamato nel mondo digitale per salvare i Digimon da un terribile destino e avevi un Digimon compagno che necessitava delle tue cure. In questo secondo gioco, il tuo ruolo è quello di un nuovo Guard Tamer destinato a proteggere la città digitale e il mondo digitale. Ora puoi combattere in nuove battaglie 3-contro-3. C'è ora un modo per far salire di livello il tuo gruppo di Digimon e farli digievolvere al nuovo livello 'mega', mai visto nel gioco precedente (dove il livello 'ultimo' era il limite). La nuova DNA-Digievoluzione ti offre ancora ulteriori modi per ottenere Digimon nuovi e più potenti.
Digimon World 2003 (Europe) (En,Fr,De,Es,It)	Digimon World 3 è un gioco di ruolo che segue le avventure di Junior e dei suoi due amici mentre prendono parte a un MMORPG chiamato Digimon Online. All'inizio, il giocatore selezionerà un trio di Digimon da tre set iniziali. Una volta nel mondo di Digimon Online, tuttavia, i tre amici vengono informati che il sistema ha un disperato bisogno di riparazioni e che rimarranno finché le riparazioni non saranno completate.nnCon una prospettiva isometrica dall'alto verso il basso, i giocatori devono esplorare il mondo online e combattere altri &quot;domatori&quot; mentre apprendono di più sugli hacker che hanno invaso il gioco.nnLe battaglie 3D sono a turni e prevedono l'uso di oggetti e tecniche speciali. In linea con l'anime su cui si basa, i Digimon sono anche in grado di digievolvere in creature più potenti durante la battaglia.
Digimon World 3 (USA)	Digimon World 3 è un gioco di ruolo che segue le avventure di Junior e dei suoi due amici mentre prendono parte a un MMORPG chiamato Digimon Online. All'inizio, il giocatore selezionerà un trio di Digimon da tre set iniziali. Una volta nel mondo di Digimon Online, tuttavia, i tre amici vengono informati che il sistema ha un disperato bisogno di riparazioni e che rimarranno finché le riparazioni non saranno completate.nnCon una prospettiva isometrica dall'alto verso il basso, i giocatori devono esplorare il mondo online e combattere altri &quot;domatori&quot; mentre apprendono di più sugli hacker che hanno invaso il gioco.nnLe battaglie 3D sono a turni e prevedono l'uso di oggetti e tecniche speciali. In linea con l'anime su cui si basa, i Digimon sono anche in grado di digievolvere in creature più potenti durante la battaglia.
DigimonTamers - Battle Evolution (Japan)	Digimon Rumble Arena è un gioco di combattimento adatto a tutta la famiglia che può essere giocato sia in singolo che con amici. Puoi combattere come o contro i tuoi mostri digitali preferiti, sia del passato che del presente. I potenziamenti conferiscono ai personaggi abilità speciali che possono fare la differenza in combattimenti ravvicinati, mentre trappole come nastri trasportatori e stalattiti cadenti fanno parte della sfida. Nella modalità per giocatore singolo, gareggi contro il computer superando match e avanzando sconfiggendo tutti e 20 i personaggi. Ci sono sei arene tra cui scegliere, come Sanctuary (fulmini), Wilderness (massi), Garbage Recycling Center (compattatore), Revolution (schermo rotante), Glacier (stalattiti) e Volcano, con alcuni mini-giochi per aumentare la sfida.
DigimonWorld (Japan)	Digimon World è un gioco d'avventura su Playstation ispirato al famoso cartone animato. Il capo del villaggio di Digimon ha bisogno del vostro aiuto per trovare e domare queste creature. Considerato un vero animale domestico, dovrete prendervi cura della vostra Digimon coccolandola, nutrendola ed educandola. Il tuo Digimon si evolverà rapidamente con l'addestramento e altri elementi extra e bonus. Gareggia contro il Digimon in Duello dei tuoi amici e metti in mostra tutta la tua esperienza.
DigimonWorld 2 (Japan)	&quot;Digimon World 2&quot;, il secondo gioco della serie Digimon World, ci porta in un mondo completamente nuovo in cui dobbiamo allevare Digimon per respingere il male che sta cercando di invadere il mondo. Nel precedente Digimon World, interpretavi un giovane chiamato nel mondo digitale per salvare i Digimon da un terribile destino e avevi un Digimon compagno che necessitava delle tue cure. In questo secondo gioco, il tuo ruolo è quello di un nuovo Guard Tamer destinato a proteggere la città digitale e il mondo digitale. Ora puoi combattere in nuove battaglie 3-contro-3. C'è ora un modo per far salire di livello il tuo gruppo di Digimon e farli digievolvere al nuovo livello 'mega', mai visto nel gioco precedente (dove il livello 'ultimo' era il limite). La nuova DNA-Digievoluzione ti offre ancora ulteriori modi per ottenere Digimon nuovi e più potenti.
DigimonWorld 3 - Aratanaru Bouken no Tobira (Japan)	Digimon World 3 è un gioco di ruolo che segue le avventure di Junior e dei suoi due amici mentre prendono parte a un MMORPG chiamato Digimon Online. All'inizio, il giocatore selezionerà un trio di Digimon da tre set iniziali. Una volta nel mondo di Digimon Online, tuttavia, i tre amici vengono informati che il sistema ha un disperato bisogno di riparazioni e che rimarranno finché le riparazioni non saranno completate.nnCon una prospettiva isometrica dall'alto verso il basso, i giocatori devono esplorare il mondo online e combattere altri &quot;domatori&quot; mentre apprendono di più sugli hacker che hanno invaso il gioco.nnLe battaglie 3D sono a turni e prevedono l'uso di oggetti e tecniche speciali. In linea con l'anime su cui si basa, i Digimon sono anche in grado di digievolvere in creature più potenti durante la battaglia.
Digital Glider Airman (Japan)	Vola con diversi alianti in questo gioco di simulazione di volo. Il giocatore può scegliere tra diverse modalità di gioco: sfida, test, allenamento... Il tutto in un mondo 3D con diversi luoghi in cui volare in ogni missione, dalle città alle autostrade,...
Dino Crisis (USA)	Un complesso di ricerca abbandonato su una remota isola della giungla, una squadra di agenti delle forze speciali, un'orda di feroci velociraptor e un grande e meschino Tyrannosaurus rex costituiscono l'ambientazione e il cast di Dino Crisis, l'ultimo capolavoro dei creatori di Resident Evil. Il dottor Edward Kirk dovrebbe essere morto. Tre anni fa, mentre lavoravo per stabilire un nuovo tipo di tecnologia energetica denominata in codice Terza Energia, un esperimento andò storto e pose fine alla vita del brillante scienziato, o almeno così si pensava. È stato recentemente appreso, tuttavia, che il dottor Kirk è molto vivo e continua il suo lavoro presso una struttura di ricerca della Repubblica Borginia sull'isola di Ibis. Per indagare sulla situazione, è stata inviata una squadra d'élite delle forze speciali che comprendeva gli agenti Regina, Gail e Rick. I tre si aspettavano un'altra missione di routine, ma quello che hanno ottenuto è stata una lotta a tutto campo per le loro vite contro un nemico che sicuramente non erano mai stati addestrati ad affrontare: i dinosauri! Fortunatamente, Regina non è limitata a una potenza di fuoco limitata, poiché incontrerà fucili da caccia, pistole a dardi e altre armi in tutta l'isola. Per accedere alle chiavi, ai dischi del codice e alle carte d'identità necessarie per l'esplorazione continua, Regina deve risolvere una serie di enigmi. Dino Crisis ha tre possibili finali con una grande quantità di segreti che diventano disponibili dopo che ciascuno è stato visualizzato. Questi includono nuove armi, nuovi costumi e una modalità &quot;Wipe Out&quot; in cui devi sconfiggere un certo numero di dinosauri entro un periodo di tempo prestabilito.
Dino Crisis 2 (USA)	Dino Crisis 2 è un videogioco sparatutto in terza persona per Sony PlayStation, pubblicato da Capcom in Nord America, rilasciato il 13 settembre 2000 e pubblicato da Virgin Interactive in Europa, in uscita il 4 novembre 2000. È stato sviluppato da Capcom Production Studio 4. Il gioco è il sequel di Dino Crisis ed è stato seguito da Dino Crisis 3 nel 2003 ed è stato portato su Microsoft Windows nello stesso anno. La storia segue gli eventi dell'ultimo gioco, dove Regina è ora in un'altra missione che coinvolge una struttura situata vicino alla immaginaria Edward City, dove una grave anomalia ha portato l'intera isola a essere trasportata indietro nel tempo all'era dei dinosauri, insieme a tutti gli abitanti umani. Regina viene inviata in missione di salvataggio con il suo nuovo alleato Dylan Morton, che ha uno strano legame con gli eventi sull'isola. Il controllo del giocatore passa da Regina a Dylan in punti specifici del gioco.
Discworld II (France) (Demo)	Discworld II lancia di nuovo i giocatori nel ruolo di Scuotivento, dal primo gioco. La morte, il triste mietitore, che normalmente introduce gli abitanti del Discworld nell'aldilà, è in vacanza prolungata. Ciò significa che coloro il cui &quot;tempo è scaduto&quot; vacillano nel limbo. Ora tocca a Scuotivento riportarlo indietro o subire il destino dell'immortalità. Il gioco è diviso in 4 atti. Ci sono molti luoghi da esplorare e una moltitudine di ostacoli da superare sul percorso di Scuotivento. Le conversazioni con i personaggi e l'interazione con gli oggetti dell'inventario sono necessarie per andare avanti. Il gioco presenta un umorismo unico simile al gioco precedente.
Discworld II - Missing Presumed...! (Europe) (En,Es,It)	Discworld II lancia di nuovo i giocatori nel ruolo di Scuotivento, dal primo gioco. La morte, il triste mietitore, che normalmente introduce gli abitanti del Discworld nell'aldilà, è in vacanza prolungata. Ciò significa che coloro il cui &quot;tempo è scaduto&quot; vacillano nel limbo. Ora tocca a Scuotivento riportarlo indietro o subire il destino dell'immortalità. Il gioco è diviso in 4 atti. Ci sono molti luoghi da esplorare e una moltitudine di ostacoli da superare sul percorso di Scuotivento. Le conversazioni con i personaggi e l'interazione con gli oggetti dell'inventario sono necessarie per andare avanti. Il gioco presenta un umorismo unico simile al gioco precedente.
Discworld II - Mortality Bytes! (USA)	Discworld II lancia di nuovo i giocatori nel ruolo di Scuotivento, dal primo gioco. La morte, il triste mietitore, che normalmente introduce gli abitanti del Discworld nell'aldilà, è in vacanza prolungata. Ciò significa che coloro il cui &quot;tempo è scaduto&quot; vacillano nel limbo. Ora tocca a Scuotivento riportarlo indietro o subire il destino dell'immortalità. Il gioco è diviso in 4 atti. Ci sono molti luoghi da esplorare e una moltitudine di ostacoli da superare sul percorso di Scuotivento. Le conversazioni con i personaggi e l'interazione con gli oggetti dell'inventario sono necessarie per andare avanti. Il gioco presenta un umorismo unico simile al gioco precedente.
Discworld II - Mortellement Votre (France)	Discworld II lancia di nuovo i giocatori nel ruolo di Scuotivento, dal primo gioco. La morte, il triste mietitore, che normalmente introduce gli abitanti del Discworld nell'aldilà, è in vacanza prolungata. Ciò significa che coloro il cui &quot;tempo è scaduto&quot; vacillano nel limbo. Ora tocca a Scuotivento riportarlo indietro o subire il destino dell'immortalità. Il gioco è diviso in 4 atti. Ci sono molti luoghi da esplorare e una moltitudine di ostacoli da superare sul percorso di Scuotivento. Le conversazioni con i personaggi e l'interazione con gli oggetti dell'inventario sono necessarie per andare avanti. Il gioco presenta un umorismo unico simile al gioco precedente.
Discworld II - Vermutlich vermisst...! (Germany)	Discworld II lancia di nuovo i giocatori nel ruolo di Scuotivento, dal primo gioco. La morte, il triste mietitore, che normalmente introduce gli abitanti del Discworld nell'aldilà, è in vacanza prolungata. Ciò significa che coloro il cui &quot;tempo è scaduto&quot; vacillano nel limbo. Ora tocca a Scuotivento riportarlo indietro o subire il destino dell'immortalità. Il gioco è diviso in 4 atti. Ci sono molti luoghi da esplorare e una moltitudine di ostacoli da superare sul percorso di Scuotivento. Le conversazioni con i personaggi e l'interazione con gli oggetti dell'inventario sono necessarie per andare avanti. Il gioco presenta un umorismo unico simile al gioco precedente.
Disney Action Game Disney Presenta Hercules (Italy)	Il gioco segue la stessa trama del film d'animazione. Ercole, figlio di Zeus, viene spogliato della sua divinità e deve dimostrare di essere un vero eroe per riguadagnare la sua immortalità e unirsi a Zeus e agli altri dei sul Monte Olimpo. Per fare ciò, Ercole deve superare diversi compiti e sconfiggere molti cattivi e, alla fine, affrontare Ade, il sovrano dei morti, che è anche responsabile della perdita dell'immortalità da parte di Ercole.
Disney Aladdin - La Revanche de Nasira (France)	Aladdin: Nasira's Revenge è un platform d'azione 3D per Playstation. La storia si svolge dopo la sconfitta dello stregone Jafar. Sua sorella Nasira cerca quindi di resuscitare suo fratello demone per cercare di prendere il potere. Il giocatore controlla Aladdin, Abu e Jasmine in molti luoghi diversi: il mercato di Agrabah, il Palazzo del Sultano, un'oasi nel deserto, la grotta delle meraviglie, per non parlare della tana di Nasira.
Disney Aladdin - La Vendetta di Nasira (Italy)	Aladdin: Nasira's Revenge è un platform d'azione 3D per Playstation. La storia si svolge dopo la sconfitta dello stregone Jafar. Sua sorella Nasira cerca quindi di resuscitare suo fratello demone per cercare di prendere il potere. Il giocatore controlla Aladdin, Abu e Jasmine in molti luoghi diversi: il mercato di Agrabah, il Palazzo del Sultano, un'oasi nel deserto, la grotta delle meraviglie, per non parlare della tana di Nasira.
Disney Aladdin - La Venganza de Nasira (Spain)	Aladdin: Nasira's Revenge è un platform d'azione 3D per Playstation. La storia si svolge dopo la sconfitta dello stregone Jafar. Sua sorella Nasira cerca quindi di resuscitare suo fratello demone per cercare di prendere il potere. Il giocatore controlla Aladdin, Abu e Jasmine in molti luoghi diversi: il mercato di Agrabah, il Palazzo del Sultano, un'oasi nel deserto, la grotta delle meraviglie, per non parlare della tana di Nasira.
Disney Aventuras de Peter Pan en el Pais de Nunca Jamas (Spain)	Il nefasto pirata Capitan Uncino ha trovato una mappa che porta al tesoro nascosto dell'isola che non c'è e intende sgraffignarselo. Ora che sa dove si trova il tesoro, ha spezzettato la mappa in pezzi e li ha sparsi in tutta l'isola che non c'è, affinché nessun altro possa individuarlo. Nel frattempo, la fata Trilli ha informato Peter Pan che c'è un tesoro da qualche parte sull'isola che non c'è. Così ora Peter Pan e Trilli sono alla ricerca del tesoro nascosto, cercando e ricomponendo i pezzi della mappa del tesoro tagliata. I giocatori assumono il ruolo di Peter Pan e occasionalmente di Trilli attraverso 20 diversi livelli. Alcuni delle livelli includono location come, l'Albero dell'Impiccato, la Laguna delle Sirene, il Covo dei Pirati, il villaggio indiano e la Roccia del Teschio.
Disney El Planeta del Tesoro (Spain)	&quot;Treasure Planet&quot; è l'adattamento di un film d'animazione Disney. Il videogioco segue le avventure di Jim Hawkins, un giovane ragazzo in cerca di un pianeta mitico chiamato Treasure Planet. Per trovarlo, deve viaggiare in molte località dell'universo e completare compiti prima di trovare il premio finale. I compiti variano dal trovare un certo numero di oggetti al catturare animali fuggitivi o attivare una serie di interruttori. Completare i compiti accende un faro e, quando un certo numero di questi sono accesi, il livello successivo diventa disponibile. Jim può chiedere aiuto al suo &quot;animale domestico&quot;, Morph, per superare aree che rappresentano una sfida. Morph può assumere varie forme utili come delle braccia robotiche giganti o un jetpack. Un'altra caratteristica adattata dal film è il surf solare. Durante le missioni di surf, Jim pilota una tavola da surf futuristica per completare gli obiettivi della missione.
Disney Il Pianeta del Tesoro (Italy)	&quot;Treasure Planet&quot; è l'adattamento di un film d'animazione Disney. Il videogioco segue le avventure di Jim Hawkins, un giovane ragazzo in cerca di un pianeta mitico chiamato Treasure Planet. Per trovarlo, deve viaggiare in molte località dell'universo e completare compiti prima di trovare il premio finale. I compiti variano dal trovare un certo numero di oggetti al catturare animali fuggitivi o attivare una serie di interruttori. Completare i compiti accende un faro e, quando un certo numero di questi sono accesi, il livello successivo diventa disponibile. Jim può chiedere aiuto al suo &quot;animale domestico&quot;, Morph, per superare aree che rappresentano una sfida. Morph può assumere varie forme utili come delle braccia robotiche giganti o un jetpack. Un'altra caratteristica adattata dal film è il surf solare. Durante le missioni di surf, Jim pilota una tavola da surf futuristica per completare gli obiettivi della missione.
Disney Il Re Leone - La Grande Avventura di Simba (Italy)	Prima di poter diventare il &quot;Re degli animali&quot;, Simba deve prima vedere il mondo attraverso i propri occhi e imparare da solo ciò che è nobile e importante nella vita. Guidalo nella sua strada attraverso le giungle e le pianure in The Lion King: Simba's Mighty Adventure della Disney, restando sempre diffidente nei confronti dei nemici affamati e degli gnu in fuga. Pianifica attentamente e reagisci rapidamente per aiutare Simba a sopravvivere e prendere il suo posto come legittimo erede dell'eredità del potente Mufasa. Caratteristiche: * Mettiti alla prova con una varietà di minigiochi con le apparizioni di Timon e Pumbaa * Esplora ambienti come le Pride Lands, il cimitero degli elefanti e le pianure di fuoco * Guida Simba attraverso giungle e pianure evitando nemici, ostacoli e gnu
Disney Jeu d'Action Disney Presente Hercule (France)	Il gioco segue la stessa trama del film d'animazione. Ercole, figlio di Zeus, viene spogliato della sua divinità e deve dimostrare di essere un vero eroe per riguadagnare la sua immortalità e unirsi a Zeus e agli altri dei sul Monte Olimpo. Per fare ciò, Ercole deve superare diversi compiti e sconfiggere molti cattivi e, alla fine, affrontare Ade, il sovrano dei morti, che è anche responsabile della perdita dell'immortalità da parte di Ercole.
Disney Juego de Accion Disney Presenta Hercules (Spain)	Il gioco segue la stessa trama del film d'animazione. Ercole, figlio di Zeus, viene spogliato della sua divinità e deve dimostrare di essere un vero eroe per riguadagnare la sua immortalità e unirsi a Zeus e agli altri dei sul Monte Olimpo. Per fare ciò, Ercole deve superare diversi compiti e sconfiggere molti cattivi e, alla fine, affrontare Ade, il sovrano dei morti, che è anche responsabile della perdita dell'immortalità da parte di Ercole.
Disney La Planete au Tresor (France)	&quot;Treasure Planet&quot; è l'adattamento di un film d'animazione Disney. Il videogioco segue le avventure di Jim Hawkins, un giovane ragazzo in cerca di un pianeta mitico chiamato Treasure Planet. Per trovarlo, deve viaggiare in molte località dell'universo e completare compiti prima di trovare il premio finale. I compiti variano dal trovare un certo numero di oggetti al catturare animali fuggitivi o attivare una serie di interruttori. Completare i compiti accende un faro e, quando un certo numero di questi sono accesi, il livello successivo diventa disponibile. Jim può chiedere aiuto al suo &quot;animale domestico&quot;, Morph, per superare aree che rappresentano una sfida. Morph può assumere varie forme utili come delle braccia robotiche giganti o un jetpack. Un'altra caratteristica adattata dal film è il surf solare. Durante le missioni di surf, Jim pilota una tavola da surf futuristica per completare gli obiettivi della missione.
Disney le Roi Lion - La Formidable Aventure de Simba (France)	Prima di poter diventare il &quot;Re degli animali&quot;, Simba deve prima vedere il mondo attraverso i propri occhi e imparare da solo ciò che è nobile e importante nella vita. Guidalo nella sua strada attraverso le giungle e le pianure in The Lion King: Simba's Mighty Adventure della Disney, restando sempre diffidente nei confronti dei nemici affamati e degli gnu in fuga. Pianifica attentamente e reagisci rapidamente per aiutare Simba a sopravvivere e prendere il suo posto come legittimo erede dell'eredità del potente Mufasa. Caratteristiche: * Mettiti alla prova con una varietà di minigiochi con le apparizioni di Timon e Pumbaa * Esplora ambienti come le Pride Lands, il cimitero degli elefanti e le pianure di fuoco * Guida Simba attraverso giungle e pianure evitando nemici, ostacoli e gnu
Disney Pato Donald - Cuac Attack (Spain)	Paperina, la famosa reporter senza frontiere, ü stata rapita dal diabolico Mago Merlock. Paperino decide di lanciarsi in suo soccorso, ma l'odiato cuginastro Gastone vuole batterlo sul tempo nella stessa impresa... Un compito arduo attende Paperino: nessuno gli dovrà sottrarre la sua amata! Per fortuna ha ancora qualche vecchio amico in grado di aiutarlo. Grazie ad una geniale invenzione di Archimede, Paperino ha la possibilità di essere teletrasportato nei vari mondi che dovrà attraversareprima di poter giungere al Tempio di Merlock e portare in salvo Paperina. - Scoprirai un Paperino travolto da un vortice di stati d'animo: felice, frenetico, furioso... Toccherà a te riuscire a controllare i suoi umori e rendere le sue mosse sempre vincenti - 4 inediti mondi: il Monte Papero, Paperopoli, il Maniero di Amelia e il Tempio di Merlock - 24 mappe esclusive con 4 livelli bonus in 3D - Un bonus supplementare ti consentirà di cambiare gli abiti di Paperino - 4 boss da affrontare, con la partecipazione speciale di Bernadette il volatile
Disney Peter Pan - Aventuras na Terra do Nunca (Portugal)	Il nefasto pirata Capitan Uncino ha trovato una mappa che porta al tesoro nascosto dell'isola che non c'è e intende sgraffignarselo. Ora che sa dove si trova il tesoro, ha spezzettato la mappa in pezzi e li ha sparsi in tutta l'isola che non c'è, affinché nessun altro possa individuarlo. Nel frattempo, la fata Trilli ha informato Peter Pan che c'è un tesoro da qualche parte sull'isola che non c'è. Così ora Peter Pan e Trilli sono alla ricerca del tesoro nascosto, cercando e ricomponendo i pezzi della mappa del tesoro tagliata. I giocatori assumono il ruolo di Peter Pan e occasionalmente di Trilli attraverso 20 diversi livelli. Alcuni delle livelli includono location come, l'Albero dell'Impiccato, la Laguna delle Sirene, il Covo dei Pirati, il villaggio indiano e la Roccia del Teschio.
Disney Peter Pan - Aventures au Pays Imaginaire (France)	Il nefasto pirata Capitan Uncino ha trovato una mappa che porta al tesoro nascosto dell'isola che non c'è e intende sgraffignarselo. Ora che sa dove si trova il tesoro, ha spezzettato la mappa in pezzi e li ha sparsi in tutta l'isola che non c'è, affinché nessun altro possa individuarlo. Nel frattempo, la fata Trilli ha informato Peter Pan che c'è un tesoro da qualche parte sull'isola che non c'è. Così ora Peter Pan e Trilli sono alla ricerca del tesoro nascosto, cercando e ricomponendo i pezzi della mappa del tesoro tagliata. I giocatori assumono il ruolo di Peter Pan e occasionalmente di Trilli attraverso 20 diversi livelli. Alcuni delle livelli includono location come, l'Albero dell'Impiccato, la Laguna delle Sirene, il Covo dei Pirati, il villaggio indiano e la Roccia del Teschio.
Disney Peter Pan - L'Avventura nell'Isola che non c'e (Italy)	Il nefasto pirata Capitan Uncino ha trovato una mappa che porta al tesoro nascosto dell'isola che non c'è e intende sgraffignarselo. Ora che sa dove si trova il tesoro, ha spezzettato la mappa in pezzi e li ha sparsi in tutta l'isola che non c'è, affinché nessun altro possa individuarlo. Nel frattempo, la fata Trilli ha informato Peter Pan che c'è un tesoro da qualche parte sull'isola che non c'è. Così ora Peter Pan e Trilli sono alla ricerca del tesoro nascosto, cercando e ricomponendo i pezzi della mappa del tesoro tagliata. I giocatori assumono il ruolo di Peter Pan e occasionalmente di Trilli attraverso 20 diversi livelli. Alcuni delle livelli includono location come, l'Albero dell'Impiccato, la Laguna delle Sirene, il Covo dei Pirati, il villaggio indiano e la Roccia del Teschio.
Disney Pooh e Tigro! E Qui la Festa (Italy)	Rivolto ai bambini piccoli, il gioco Pooh's Party - Finding Treasure è un'avventura da tavolo simile a Mario Party. Nei panni di Pooh, Tigro, Coniglio, Maialino, Gufo o Rito, i giocatori devono farsi strada attraverso tre giochi da tavolo sempre più difficili nel tentativo di arrivare primi. Da uno a quattro giocatori possono partecipare all'avventura o semplicemente competere tra loro nei minigiochi. Nella modalità avventura, i giocatori si muovono attraverso i diversi quadrati del tabellone e sfidano gli altri personaggi in uno dei cinque minigiochi. Il risultato del minigioco determina il numero di caselle che ogni giocatore può muovere nel turno successivo. Il primo posto vince sei caselle, il secondo vince quattro caselle, il terzo vince due e l'ultimo posto vince uno.
Disney Presents Tigger's Honey Hunt (USA)	È un divertimento da Tigro! Winnie the Pooh ha bisogno di te! come potrà mai organizzare la festa per i suoi amici senza miele? Calati nel ruolo di Tigro: corri salta e balza attraverso il BOsco dei 100 Acri alla ricerca del cibo preferito del simpatico orsetto! Durante il viaggio dovrai affrontare una miriade di sfide: foglie che volano all'impazzata, terreni ghiacciati, rocce che cadono all'imporviso, api arrabbiate, noiosissimi pipistrelli, e altro ancora. Cerca di ottenere il salto bonus che consentirà a Tigro di esplorare zone speciali. - Esplora 9 fantastici livelli di gioco. - Cimentati in 3 mini-giochi. - Raccogli pezzi che compongono le fotografie da inserire, poi, in un album tutto speciale!
Disney Tarzan (Italy)	Prendi parte con Tarzan e i suoi amici ad un'avventura emozionante e ricca di azione. Lanciati penzolare dalle liane, spostati nella giungla in groppa ad un elefante, passa da un albero all'altro e perfeziona la tua abilitagrave, in modo da poter affrontare e superare i pericoli della giungla. Con la grafica e i videoclip dell'ultimo film d'animazione della Disney, già record d'incassi, Tarzan ti porta nel cuore della giungla africana dove la leggenda diventa realtà! -Nuota, lasciati penzolare dalle liane e passa da un albero all'albero attraverso entusiasmanti livelli 3D. -Lotta contro implacabili nemici come Sabor, il feroce leopardo, e Clayton, lo spietato esploratore. - Scopri il divertimento della giungla nell'aventura che hai sempre sognato.
Disney Tigger tras un Bote de Miel (Spain)	È un divertimento da Tigro! Winnie the Pooh ha bisogno di te! come potrà mai organizzare la festa per i suoi amici senza miele? Calati nel ruolo di Tigro: corri salta e balza attraverso il BOsco dei 100 Acri alla ricerca del cibo preferito del simpatico orsetto! Durante il viaggio dovrai affrontare una miriade di sfide: foglie che volano all'impazzata, terreni ghiacciati, rocce che cadono all'imporviso, api arrabbiate, noiosissimi pipistrelli, e altro ancora. Cerca di ottenere il salto bonus che consentirà a Tigro di esplorare zone speciali. - Esplora 9 fantastici livelli di gioco. - Cimentati in 3 mini-giochi. - Raccogli pezzi che compongono le fotografie da inserire, poi, in un album tutto speciale!
Disney Tigro e la Caccia al Miele (Italy)	È un divertimento da Tigro! Winnie the Pooh ha bisogno di te! come potrà mai organizzare la festa per i suoi amici senza miele? Calati nel ruolo di Tigro: corri salta e balza attraverso il BOsco dei 100 Acri alla ricerca del cibo preferito del simpatico orsetto! Durante il viaggio dovrai affrontare una miriade di sfide: foglie che volano all'impazzata, terreni ghiacciati, rocce che cadono all'imporviso, api arrabbiate, noiosissimi pipistrelli, e altro ancora. Cerca di ottenere il salto bonus che consentirà a Tigro di esplorare zone speciali. - Esplora 9 fantastici livelli di gioco. - Cimentati in 3 mini-giochi. - Raccogli pezzi che compongono le fotografie da inserire, poi, in un album tutto speciale!
Disney Ven a la Fiesta! con Winnie the Pooh (Spain)	Rivolto ai bambini piccoli, il gioco Pooh's Party - Finding Treasure è un'avventura da tavolo simile a Mario Party. Nei panni di Pooh, Tigro, Coniglio, Maialino, Gufo o Rito, i giocatori devono farsi strada attraverso tre giochi da tavolo sempre più difficili nel tentativo di arrivare primi. Da uno a quattro giocatori possono partecipare all'avventura o semplicemente competere tra loro nei minigiochi. Nella modalità avventura, i giocatori si muovono attraverso i diversi quadrati del tabellone e sfidano gli altri personaggi in uno dei cinque minigiochi. Il risultato del minigioco determina il numero di caselle che ogni giocatore può muovere nel turno successivo. Il primo posto vince sei caselle, il secondo vince quattro caselle, il terzo vince due e l'ultimo posto vince uno.
Disney Winnie l'Ourson - La Chasse au Miel de Tigrou (France)	È un divertimento da Tigro! Winnie the Pooh ha bisogno di te! come potrà mai organizzare la festa per i suoi amici senza miele? Calati nel ruolo di Tigro: corri salta e balza attraverso il BOsco dei 100 Acri alla ricerca del cibo preferito del simpatico orsetto! Durante il viaggio dovrai affrontare una miriade di sfide: foglie che volano all'impazzata, terreni ghiacciati, rocce che cadono all'imporviso, api arrabbiate, noiosissimi pipistrelli, e altro ancora. Cerca di ottenere il salto bonus che consentirà a Tigro di esplorare zone speciali. - Esplora 9 fantastici livelli di gioco. - Cimentati in 3 mini-giochi. - Raccogli pezzi che compongono le fotografie da inserire, poi, in un album tutto speciale!
Disney's 102 Dalmatians - Puppies to the Rescue (USA)	Segui un adorabile cucciolo di dalmata e i suoi amici cani selvatici mentre cercano la sorella scomparsa. Oltre a un fantastico video animato di mezz'ora, 102 Dalmatians presenta un libro da colorare virtuale facile da usare e un gameplay avvincente. Carica dei 102 - Cuccioli in soccorso! È una storia che tutti i bambini apprezzeranno.
Disney's 102 Dalmatiner - Valpar till undsaettning (Scandinavia) (Sv,No,Da)	Segui un adorabile cucciolo di dalmata e i suoi amici cani selvatici mentre cercano la sorella scomparsa. Oltre a un fantastico video animato di mezz'ora, 102 Dalmatians presenta un libro da colorare virtuale facile da usare e un gameplay avvincente. Carica dei 102 - Cuccioli in soccorso! È una storia che tutti i bambini apprezzeranno.
Disney's Action Game featuring Hercules (Europe)	Il gioco segue la stessa trama del film d'animazione. Ercole, figlio di Zeus, viene spogliato della sua divinità e deve dimostrare di essere un vero eroe per riguadagnare la sua immortalità e unirsi a Zeus e agli altri dei sul Monte Olimpo. Per fare ciò, Ercole deve superare diversi compiti e sconfiggere molti cattivi e, alla fine, affrontare Ade, il sovrano dei morti, che è anche responsabile della perdita dell'immortalità da parte di Ercole.
Disney's Action Game met Hercules (Netherlands)	Il gioco segue la stessa trama del film d'animazione. Ercole, figlio di Zeus, viene spogliato della sua divinità e deve dimostrare di essere un vero eroe per riguadagnare la sua immortalità e unirsi a Zeus e agli altri dei sul Monte Olimpo. Per fare ciò, Ercole deve superare diversi compiti e sconfiggere molti cattivi e, alla fine, affrontare Ade, il sovrano dei morti, che è anche responsabile della perdita dell'immortalità da parte di Ercole.
Disney's Action Spel med Herkules (Sweden)	Il gioco segue la stessa trama del film d'animazione. Ercole, figlio di Zeus, viene spogliato della sua divinità e deve dimostrare di essere un vero eroe per riguadagnare la sua immortalità e unirsi a Zeus e agli altri dei sul Monte Olimpo. Per fare ciò, Ercole deve superare diversi compiti e sconfiggere molti cattivi e, alla fine, affrontare Ade, il sovrano dei morti, che è anche responsabile della perdita dell'immortalità da parte di Ercole.
Disney's Aladdin in Nasira's Revenge (USA)	Aladdin: Nasira's Revenge è un platform d'azione 3D per Playstation. La storia si svolge dopo la sconfitta dello stregone Jafar. Sua sorella Nasira cerca quindi di resuscitare suo fratello demone per cercare di prendere il potere. Il giocatore controlla Aladdin, Abu e Jasmine in molti luoghi diversi: il mercato di Agrabah, il Palazzo del Sultano, un'oasi nel deserto, la grotta delle meraviglie, per non parlare della tana di Nasira.
Disney's Aladdin in Nasira's Wraak (Netherlands)	Aladdin: Nasira's Revenge è un platform d'azione 3D per Playstation. La storia si svolge dopo la sconfitta dello stregone Jafar. Sua sorella Nasira cerca quindi di resuscitare suo fratello demone per cercare di prendere il potere. Il giocatore controlla Aladdin, Abu e Jasmine in molti luoghi diversi: il mercato di Agrabah, il Palazzo del Sultano, un'oasi nel deserto, la grotta delle meraviglie, per non parlare della tana di Nasira.
Disney's De Leeuwenkoning - Simba's Machtige Avontuur (Netherlands)	Prima di poter diventare il &quot;Re degli animali&quot;, Simba deve prima vedere il mondo attraverso i propri occhi e imparare da solo ciò che è nobile e importante nella vita. Guidalo nella sua strada attraverso le giungle e le pianure in The Lion King: Simba's Mighty Adventure della Disney, restando sempre diffidente nei confronti dei nemici affamati e degli gnu in fuga. Pianifica attentamente e reagisci rapidamente per aiutare Simba a sopravvivere e prendere il suo posto come legittimo erede dell'eredità del potente Mufasa. Caratteristiche: * Mettiti alla prova con una varietà di minigiochi con le apparizioni di Timon e Pumbaa * Esplora ambienti come le Pride Lands, il cimitero degli elefanti e le pianure di fuoco * Guida Simba attraverso giungle e pianure evitando nemici, ostacoli e gnu
Disney's Donald Duck - Goin' Quackers (USA)	Paperina, la famosa reporter senza frontiere, ü stata rapita dal diabolico Mago Merlock. Paperino decide di lanciarsi in suo soccorso, ma l'odiato cuginastro Gastone vuole batterlo sul tempo nella stessa impresa... Un compito arduo attende Paperino: nessuno gli dovrà sottrarre la sua amata! Per fortuna ha ancora qualche vecchio amico in grado di aiutarlo. Grazie ad una geniale invenzione di Archimede, Paperino ha la possibilità di essere teletrasportato nei vari mondi che dovrà attraversareprima di poter giungere al Tempio di Merlock e portare in salvo Paperina. - Scoprirai un Paperino travolto da un vortice di stati d'animo: felice, frenetico, furioso... Toccherà a te riuscire a controllare i suoi umori e rendere le sue mosse sempre vincenti - 4 inediti mondi: il Monte Papero, Paperopoli, il Maniero di Amelia e il Tempio di Merlock - 24 mappe esclusive con 4 livelli bonus in 3D - Un bonus supplementare ti consentirà di cambiare gli abiti di Paperino - 4 boss da affrontare, con la partecipazione speciale di Bernadette il volatile
Disney's Donald Duck - Quack Attack (Europe) (En,Fr,De,It)	Paperina, la famosa reporter senza frontiere, ü stata rapita dal diabolico Mago Merlock. Paperino decide di lanciarsi in suo soccorso, ma l'odiato cuginastro Gastone vuole batterlo sul tempo nella stessa impresa... Un compito arduo attende Paperino: nessuno gli dovrà sottrarre la sua amata! Per fortuna ha ancora qualche vecchio amico in grado di aiutarlo. Grazie ad una geniale invenzione di Archimede, Paperino ha la possibilità di essere teletrasportato nei vari mondi che dovrà attraversareprima di poter giungere al Tempio di Merlock e portare in salvo Paperina. - Scoprirai un Paperino travolto da un vortice di stati d'animo: felice, frenetico, furioso... Toccherà a te riuscire a controllare i suoi umori e rendere le sue mosse sempre vincenti - 4 inediti mondi: il Monte Papero, Paperopoli, il Maniero di Amelia e il Tempio di Merlock - 24 mappe esclusive con 4 livelli bonus in 3D - Un bonus supplementare ti consentirà di cambiare gli abiti di Paperino - 4 boss da affrontare, con la partecipazione speciale di Bernadette il volatile
Disney's El Rey Leon - Las Aventuras del Poderoso Simba (Spain)	Prima di poter diventare il &quot;Re degli animali&quot;, Simba deve prima vedere il mondo attraverso i propri occhi e imparare da solo ciò che è nobile e importante nella vita. Guidalo nella sua strada attraverso le giungle e le pianure in The Lion King: Simba's Mighty Adventure della Disney, restando sempre diffidente nei confronti dei nemici affamati e degli gnu in fuga. Pianifica attentamente e reagisci rapidamente per aiutare Simba a sopravvivere e prendere il suo posto come legittimo erede dell'eredità del potente Mufasa. Caratteristiche: * Mettiti alla prova con una varietà di minigiochi con le apparizioni di Timon e Pumbaa * Esplora ambienti come le Pride Lands, il cimitero degli elefanti e le pianure di fuoco * Guida Simba attraverso giungle e pianure evitando nemici, ostacoli e gnu
Disney's Hercules Action Game (USA)	Il gioco segue la stessa trama del film d'animazione. Ercole, figlio di Zeus, viene spogliato della sua divinità e deve dimostrare di essere un vero eroe per riguadagnare la sua immortalità e unirsi a Zeus e agli altri dei sul Monte Olimpo. Per fare ciò, Ercole deve superare diversi compiti e sconfiggere molti cattivi e, alla fine, affrontare Ade, il sovrano dei morti, che è anche responsabile della perdita dell'immortalità da parte di Ercole.
Disney's Party mit Winnie Puuh (Germany)	Rivolto ai bambini piccoli, il gioco Pooh's Party - Finding Treasure è un'avventura da tavolo simile a Mario Party. Nei panni di Pooh, Tigro, Coniglio, Maialino, Gufo o Rito, i giocatori devono farsi strada attraverso tre giochi da tavolo sempre più difficili nel tentativo di arrivare primi. Da uno a quattro giocatori possono partecipare all'avventura o semplicemente competere tra loro nei minigiochi. Nella modalità avventura, i giocatori si muovono attraverso i diversi quadrati del tabellone e sfidano gli altri personaggi in uno dei cinque minigiochi. Il risultato del minigioco determina il numero di caselle che ogni giocatore può muovere nel turno successivo. Il primo posto vince sei caselle, il secondo vince quattro caselle, il terzo vince due e l'ultimo posto vince uno.
Disney's Party Time with Winnie the Pooh (Europe)	Rivolto ai bambini piccoli, il gioco Pooh's Party - Finding Treasure è un'avventura da tavolo simile a Mario Party. Nei panni di Pooh, Tigro, Coniglio, Maialino, Gufo o Rito, i giocatori devono farsi strada attraverso tre giochi da tavolo sempre più difficili nel tentativo di arrivare primi. Da uno a quattro giocatori possono partecipare all'avventura o semplicemente competere tra loro nei minigiochi. Nella modalità avventura, i giocatori si muovono attraverso i diversi quadrati del tabellone e sfidano gli altri personaggi in uno dei cinque minigiochi. Il risultato del minigioco determina il numero di caselle che ogni giocatore può muovere nel turno successivo. Il primo posto vince sei caselle, il secondo vince quattro caselle, il terzo vince due e l'ultimo posto vince uno.
Disney's Peter Pan - Adventures in Never Land (Europe)	Il nefasto pirata Capitan Uncino ha trovato una mappa che porta al tesoro nascosto dell'isola che non c'è e intende sgraffignarselo. Ora che sa dove si trova il tesoro, ha spezzettato la mappa in pezzi e li ha sparsi in tutta l'isola che non c'è, affinché nessun altro possa individuarlo. Nel frattempo, la fata Trilli ha informato Peter Pan che c'è un tesoro da qualche parte sull'isola che non c'è. Così ora Peter Pan e Trilli sono alla ricerca del tesoro nascosto, cercando e ricomponendo i pezzi della mappa del tesoro tagliata. I giocatori assumono il ruolo di Peter Pan e occasionalmente di Trilli attraverso 20 diversi livelli. Alcuni delle livelli includono location come, l'Albero dell'Impiccato, la Laguna delle Sirene, il Covo dei Pirati, il villaggio indiano e la Roccia del Teschio.
Disney's Peter Pan - Avonturen in Nooitgedachtland (Netherlands)	Il nefasto pirata Capitan Uncino ha trovato una mappa che porta al tesoro nascosto dell'isola che non c'è e intende sgraffignarselo. Ora che sa dove si trova il tesoro, ha spezzettato la mappa in pezzi e li ha sparsi in tutta l'isola che non c'è, affinché nessun altro possa individuarlo. Nel frattempo, la fata Trilli ha informato Peter Pan che c'è un tesoro da qualche parte sull'isola che non c'è. Così ora Peter Pan e Trilli sono alla ricerca del tesoro nascosto, cercando e ricomponendo i pezzi della mappa del tesoro tagliata. I giocatori assumono il ruolo di Peter Pan e occasionalmente di Trilli attraverso 20 diversi livelli. Alcuni delle livelli includono location come, l'Albero dell'Impiccato, la Laguna delle Sirene, il Covo dei Pirati, il villaggio indiano e la Roccia del Teschio.
Disney's Piratenplaneet - De Schat van Kapitein Flint (Netherlands)	&quot;Treasure Planet&quot; è l'adattamento di un film d'animazione Disney. Il videogioco segue le avventure di Jim Hawkins, un giovane ragazzo in cerca di un pianeta mitico chiamato Treasure Planet. Per trovarlo, deve viaggiare in molte località dell'universo e completare compiti prima di trovare il premio finale. I compiti variano dal trovare un certo numero di oggetti al catturare animali fuggitivi o attivare una serie di interruttori. Completare i compiti accende un faro e, quando un certo numero di questi sono accesi, il livello successivo diventa disponibile. Jim può chiedere aiuto al suo &quot;animale domestico&quot;, Morph, per superare aree che rappresentano una sfida. Morph può assumere varie forme utili come delle braccia robotiche giganti o un jetpack. Un'altra caratteristica adattata dal film è il surf solare. Durante le missioni di surf, Jim pilota una tavola da surf futuristica per completare gli obiettivi della missione.
Disney's Pooh's Party Game - In Search of the Treasure (USA)	Rivolto ai bambini piccoli, il gioco Pooh's Party - Finding Treasure è un'avventura da tavolo simile a Mario Party. Nei panni di Pooh, Tigro, Coniglio, Maialino, Gufo o Rito, i giocatori devono farsi strada attraverso tre giochi da tavolo sempre più difficili nel tentativo di arrivare primi. Da uno a quattro giocatori possono partecipare all'avventura o semplicemente competere tra loro nei minigiochi. Nella modalità avventura, i giocatori si muovono attraverso i diversi quadrati del tabellone e sfidano gli altri personaggi in uno dei cinque minigiochi. Il risultato del minigioco determina il numero di caselle che ogni giocatore può muovere nel turno successivo. Il primo posto vince sei caselle, il secondo vince quattro caselle, il terzo vince due e l'ultimo posto vince uno.
Disney's Tarzan (USA)	Prendi parte con Tarzan e i suoi amici ad un'avventura emozionante e ricca di azione. Lanciati penzolare dalle liane, spostati nella giungla in groppa ad un elefante, passa da un albero all'altro e perfeziona la tua abilitagrave, in modo da poter affrontare e superare i pericoli della giungla. Con la grafica e i videoclip dell'ultimo film d'animazione della Disney, già record d'incassi, Tarzan ti porta nel cuore della giungla africana dove la leggenda diventa realtà! -Nuota, lasciati penzolare dalle liane e passa da un albero all'albero attraverso entusiasmanti livelli 3D. -Lotta contro implacabili nemici come Sabor, il feroce leopardo, e Clayton, lo spietato esploratore. - Scopri il divertimento della giungla nell'aventura che hai sempre sognato.
Disney's Teigetjes Honingjacht (Netherlands)	È un divertimento da Tigro! Winnie the Pooh ha bisogno di te! come potrà mai organizzare la festa per i suoi amici senza miele? Calati nel ruolo di Tigro: corri salta e balza attraverso il BOsco dei 100 Acri alla ricerca del cibo preferito del simpatico orsetto! Durante il viaggio dovrai affrontare una miriade di sfide: foglie che volano all'impazzata, terreni ghiacciati, rocce che cadono all'imporviso, api arrabbiate, noiosissimi pipistrelli, e altro ancora. Cerca di ottenere il salto bonus che consentirà a Tigro di esplorare zone speciali. - Esplora 9 fantastici livelli di gioco. - Cimentati in 3 mini-giochi. - Raccogli pezzi che compongono le fotografie da inserire, poi, in un album tutto speciale!
Disney's The Lion King - Simba's Mighty Adventure (USA)	Prima di poter diventare il &quot;Re degli animali&quot;, Simba deve prima vedere il mondo attraverso i propri occhi e imparare da solo ciò che è nobile e importante nella vita. Guidalo nella sua strada attraverso le giungle e le pianure in The Lion King: Simba's Mighty Adventure della Disney, restando sempre diffidente nei confronti dei nemici affamati e degli gnu in fuga. Pianifica attentamente e reagisci rapidamente per aiutare Simba a sopravvivere e prendere il suo posto come legittimo erede dell'eredità del potente Mufasa. Caratteristiche: * Mettiti alla prova con una varietà di minigiochi con le apparizioni di Timon e Pumbaa * Esplora ambienti come le Pride Lands, il cimitero degli elefanti e le pianure di fuoco * Guida Simba attraverso giungle e pianure evitando nemici, ostacoli e gnu
Disney's Tigger's Honey Hunt (Europe)	È un divertimento da Tigro! Winnie the Pooh ha bisogno di te! come potrà mai organizzare la festa per i suoi amici senza miele? Calati nel ruolo di Tigro: corri salta e balza attraverso il BOsco dei 100 Acri alla ricerca del cibo preferito del simpatico orsetto! Durante il viaggio dovrai affrontare una miriade di sfide: foglie che volano all'impazzata, terreni ghiacciati, rocce che cadono all'imporviso, api arrabbiate, noiosissimi pipistrelli, e altro ancora. Cerca di ottenere il salto bonus che consentirà a Tigro di esplorare zone speciali. - Esplora 9 fantastici livelli di gioco. - Cimentati in 3 mini-giochi. - Raccogli pezzi che compongono le fotografie da inserire, poi, in un album tutto speciale!
Disney's Treasure Planet (USA)	&quot;Treasure Planet&quot; è l'adattamento di un film d'animazione Disney. Il videogioco segue le avventure di Jim Hawkins, un giovane ragazzo in cerca di un pianeta mitico chiamato Treasure Planet. Per trovarlo, deve viaggiare in molte località dell'universo e completare compiti prima di trovare il premio finale. I compiti variano dal trovare un certo numero di oggetti al catturare animali fuggitivi o attivare una serie di interruttori. Completare i compiti accende un faro e, quando un certo numero di questi sono accesi, il livello successivo diventa disponibile. Jim può chiedere aiuto al suo &quot;animale domestico&quot;, Morph, per superare aree che rappresentano una sfida. Morph può assumere varie forme utili come delle braccia robotiche giganti o un jetpack. Un'altra caratteristica adattata dal film è il surf solare. Durante le missioni di surf, Jim pilota una tavola da surf futuristica per completare gli obiettivi della missione.
Disney's Winnie L'Ourson - C' Est La Recre ! (France)	Rivolto ai bambini piccoli, il gioco Pooh's Party - Finding Treasure è un'avventura da tavolo simile a Mario Party. Nei panni di Pooh, Tigro, Coniglio, Maialino, Gufo o Rito, i giocatori devono farsi strada attraverso tre giochi da tavolo sempre più difficili nel tentativo di arrivare primi. Da uno a quattro giocatori possono partecipare all'avventura o semplicemente competere tra loro nei minigiochi. Nella modalità avventura, i giocatori si muovono attraverso i diversi quadrati del tabellone e sfidano gli altri personaggi in uno dei cinque minigiochi. Il risultato del minigioco determina il numero di caselle che ogni giocatore può muovere nel turno successivo. Il primo posto vince sei caselle, il secondo vince quattro caselle, il terzo vince due e l'ultimo posto vince uno.
Disney-Pixar A Bug's Life (USA)	Il massimo del divertimento cinematografico arriva sulla console di gioco PlayStation. Preparati per una visuale dall'alto e vivi l'avventura più incredibile di sempre. Dotato di ambienti 3D completamente interattivi portati in vita con un'animazione di qualità cinematografica senza precedenti, controlli fluidi e puzzle impegnativi. A Bug's Life è divertimento garantito per tutte le età. -Rivivi le sensazioni del film in questa avventura ricca di azione. -Scene cinematografiche tratte direttamente dal lungometraggio. -15 lussuosi ambienti 3D, tutti completamente interattivi.
Disney-Pixar A Bug's Life - Atelier de Jeux (France)	Disney's Pixar - A Bug's Life - Activity Center è uno dei centri di attività della Disney, nel gioco i bambini si divertono moltissimo ad esplorare l'isola delle formiche e giocare con Flik, Dot e Francis. I bambini possono creare il proprio spettacolo di marionette realizzando marionette, scene e scegliendo dialoghi e scattare foto di insetti per conoscere diversi tipi di insetti. C'è anche un divertente gioco da tavolo da giocare sul computer o stampare e giocare con gli amici lontano dal computer. Questo centro di attività è pieno di divertimento e pieno dei buffi insetti del film Disney di successo, A Bug's Life.
Disney-Pixar A Bug's Life - Disney's Activity Centre (Europe)	Disney's Pixar - A Bug's Life - Activity Center è uno dei centri di attività della Disney, nel gioco i bambini si divertono moltissimo ad esplorare l'isola delle formiche e giocare con Flik, Dot e Francis. I bambini possono creare il proprio spettacolo di marionette realizzando marionette, scene e scegliendo dialoghi e scattare foto di insetti per conoscere diversi tipi di insetti. C'è anche un divertente gioco da tavolo da giocare sul computer o stampare e giocare con gli amici lontano dal computer. Questo centro di attività è pieno di divertimento e pieno dei buffi insetti del film Disney di successo, A Bug's Life.
Disney-Pixar A Bug's Life - Disneys Malen und Spielen (Germany)	Disney's Pixar - A Bug's Life - Activity Center è uno dei centri di attività della Disney, nel gioco i bambini si divertono moltissimo ad esplorare l'isola delle formiche e giocare con Flik, Dot e Francis. I bambini possono creare il proprio spettacolo di marionette realizzando marionette, scene e scegliendo dialoghi e scattare foto di insetti per conoscere diversi tipi di insetti. C'è anche un divertente gioco da tavolo da giocare sul computer o stampare e giocare con gli amici lontano dal computer. Questo centro di attività è pieno di divertimento e pieno dei buffi insetti del film Disney di successo, A Bug's Life.
Disney-Pixar A Bug's Life - Megaminimondo (Italy)	Il massimo del divertimento cinematografico arriva sulla console di gioco PlayStation. Preparati per una visuale dall'alto e vivi l'avventura più incredibile di sempre. Dotato di ambienti 3D completamente interattivi portati in vita con un'animazione di qualità cinematografica senza precedenti, controlli fluidi e puzzle impegnativi. A Bug's Life è divertimento garantito per tutte le età. -Rivivi le sensazioni del film in questa avventura ricca di azione. -Scene cinematografiche tratte direttamente dal lungometraggio. -15 lussuosi ambienti 3D, tutti completamente interattivi.
Disney-Pixar Bichos - Una Aventura en Miniatura (Spain)	Il massimo del divertimento cinematografico arriva sulla console di gioco PlayStation. Preparati per una visuale dall'alto e vivi l'avventura più incredibile di sempre. Dotato di ambienti 3D completamente interattivi portati in vita con un'animazione di qualità cinematografica senza precedenti, controlli fluidi e puzzle impegnativi. A Bug's Life è divertimento garantito per tutte le età. -Rivivi le sensazioni del film in questa avventura ricca di azione. -Scene cinematografiche tratte direttamente dal lungometraggio. -15 lussuosi ambienti 3D, tutti completamente interattivi.
Disney-Pixar Bottega dei Giochi - A Bug's Life Megaminimondo (Italy)	Disney's Pixar - A Bug's Life - Activity Center è uno dei centri di attività della Disney, nel gioco i bambini si divertono moltissimo ad esplorare l'isola delle formiche e giocare con Flik, Dot e Francis. I bambini possono creare il proprio spettacolo di marionette realizzando marionette, scene e scegliendo dialoghi e scattare foto di insetti per conoscere diversi tipi di insetti. C'è anche un divertente gioco da tavolo da giocare sul computer o stampare e giocare con gli amici lontano dal computer. Questo centro di attività è pieno di divertimento e pieno dei buffi insetti del film Disney di successo, A Bug's Life.
Disney-Pixar Das grosse Krabbeln (Germany)	Il massimo del divertimento cinematografico arriva sulla console di gioco PlayStation. Preparati per una visuale dall'alto e vivi l'avventura più incredibile di sempre. Dotato di ambienti 3D completamente interattivi portati in vita con un'animazione di qualità cinematografica senza precedenti, controlli fluidi e puzzle impegnativi. A Bug's Life è divertimento garantito per tutte le età. -Rivivi le sensazioni del film in questa avventura ricca di azione. -Scene cinematografiche tratte direttamente dal lungometraggio. -15 lussuosi ambienti 3D, tutti completamente interattivi.
Disney-Pixar Een Luizenleven (Netherlands)	Il massimo del divertimento cinematografico arriva sulla console di gioco PlayStation. Preparati per una visuale dall'alto e vivi l'avventura più incredibile di sempre. Dotato di ambienti 3D completamente interattivi portati in vita con un'animazione di qualità cinematografica senza precedenti, controlli fluidi e puzzle impegnativi. A Bug's Life è divertimento garantito per tutte le età. -Rivivi le sensazioni del film in questa avventura ricca di azione. -Scene cinematografiche tratte direttamente dal lungometraggio. -15 lussuosi ambienti 3D, tutti completamente interattivi.
Disney-Pixar Ett smakryps liv (Sweden)	Il massimo del divertimento cinematografico arriva sulla console di gioco PlayStation. Preparati per una visuale dall'alto e vivi l'avventura più incredibile di sempre. Dotato di ambienti 3D completamente interattivi portati in vita con un'animazione di qualità cinematografica senza precedenti, controlli fluidi e puzzle impegnativi. A Bug's Life è divertimento garantito per tutte le età. -Rivivi le sensazioni del film in questa avventura ricca di azione. -Scene cinematografiche tratte direttamente dal lungometraggio. -15 lussuosi ambienti 3D, tutti completamente interattivi.
Disney-Pixar Graes-Rodderne (Denmark)	Il massimo del divertimento cinematografico arriva sulla console di gioco PlayStation. Preparati per una visuale dall'alto e vivi l'avventura più incredibile di sempre. Dotato di ambienti 3D completamente interattivi portati in vita con un'animazione di qualità cinematografica senza precedenti, controlli fluidi e puzzle impegnativi. A Bug's Life è divertimento garantito per tutte le età. -Rivivi le sensazioni del film in questa avventura ricca di azione. -Scene cinematografiche tratte direttamente dal lungometraggio. -15 lussuosi ambienti 3D, tutti completamente interattivi.
Disney-Pixar Oetoekaen elaemaeae (Finland)	Il massimo del divertimento cinematografico arriva sulla console di gioco PlayStation. Preparati per una visuale dall'alto e vivi l'avventura più incredibile di sempre. Dotato di ambienti 3D completamente interattivi portati in vita con un'animazione di qualità cinematografica senza precedenti, controlli fluidi e puzzle impegnativi. A Bug's Life è divertimento garantito per tutte le età. -Rivivi le sensazioni del film in questa avventura ricca di azione. -Scene cinematografiche tratte direttamente dal lungometraggio. -15 lussuosi ambienti 3D, tutti completamente interattivi.
Disney-Pixar Sma-kryp (Norway)	Disney's Pixar - A Bug's Life - Activity Center è uno dei centri di attività della Disney, nel gioco i bambini si divertono moltissimo ad esplorare l'isola delle formiche e giocare con Flik, Dot e Francis. I bambini possono creare il proprio spettacolo di marionette realizzando marionette, scene e scegliendo dialoghi e scattare foto di insetti per conoscere diversi tipi di insetti. C'è anche un divertente gioco da tavolo da giocare sul computer o stampare e giocare con gli amici lontano dal computer. Questo centro di attività è pieno di divertimento e pieno dei buffi insetti del film Disney di successo, A Bug's Life.
Disney-Pixar Toy Story 2 - Buzz l'Eclair a la Rescousse ! (France)	Woody è stato rubato dalla camera da letto, pronto per essere venduto al miglior offerente da un malvagio collezionista di giocattoli. Tocca al buon amico Buzz Lightyear farsi strada dalla camera da letto al mondo esterno per salvare Woody dal mercato dei giocattoli e riportarlo a casa. Tutti i personaggi del film d'animazione 3D appaiono sullo scroller laterale per aiutare Buzz ad arrivare dove serve. Oltre all'uso del suo cannone, Buzz può saltare in luoghi difficili da raggiungere, utili anche per raccogliere le monete nascoste che aprono livelli bonus.
Disney-Pixar Toy Story 2 - Buzz Lightyear al Rescate! (Spain)	Woody è stato rubato dalla camera da letto, pronto per essere venduto al miglior offerente da un malvagio collezionista di giocattoli. Tocca al buon amico Buzz Lightyear farsi strada dalla camera da letto al mondo esterno per salvare Woody dal mercato dei giocattoli e riportarlo a casa. Tutti i personaggi del film d'animazione 3D appaiono sullo scroller laterale per aiutare Buzz ad arrivare dove serve. Oltre all'uso del suo cannone, Buzz può saltare in luoghi difficili da raggiungere, utili anche per raccogliere le monete nascoste che aprono livelli bonus.
Disney-Pixar Toy Story 2 - Buzz Lightyear eilt zur Hilfe! (Germany)	Woody è stato rubato dalla camera da letto, pronto per essere venduto al miglior offerente da un malvagio collezionista di giocattoli. Tocca al buon amico Buzz Lightyear farsi strada dalla camera da letto al mondo esterno per salvare Woody dal mercato dei giocattoli e riportarlo a casa. Tutti i personaggi del film d'animazione 3D appaiono sullo scroller laterale per aiutare Buzz ad arrivare dove serve. Oltre all'uso del suo cannone, Buzz può saltare in luoghi difficili da raggiungere, utili anche per raccogliere le monete nascoste che aprono livelli bonus.
Disney-Pixar Toy Story 2 - Buzz Lightyear to the Rescue! (USA)	Woody è stato rubato dalla camera da letto, pronto per essere venduto al miglior offerente da un malvagio collezionista di giocattoli. Tocca al buon amico Buzz Lightyear farsi strada dalla camera da letto al mondo esterno per salvare Woody dal mercato dei giocattoli e riportarlo a casa. Tutti i personaggi del film d'animazione 3D appaiono sullo scroller laterale per aiutare Buzz ad arrivare dove serve. Oltre all'uso del suo cannone, Buzz può saltare in luoghi difficili da raggiungere, utili anche per raccogliere le monete nascoste che aprono livelli bonus.
Disney-Pixar Toy Story 2 - Woody e Buzz alla riscossa! (Italy)	Woody è stato rubato dalla camera da letto, pronto per essere venduto al miglior offerente da un malvagio collezionista di giocattoli. Tocca al buon amico Buzz Lightyear farsi strada dalla camera da letto al mondo esterno per salvare Woody dal mercato dei giocattoli e riportarlo a casa. Tutti i personaggi del film d'animazione 3D appaiono sullo scroller laterale per aiutare Buzz ad arrivare dove serve. Oltre all'uso del suo cannone, Buzz può saltare in luoghi difficili da raggiungere, utili anche per raccogliere le monete nascoste che aprono livelli bonus.
Disney-Pixar Toy Story Racer (USA)	La stanza dei giocattoli è stata in fermento con un nuovo concorso: Andy ha ottenuto una pletora di veicoli radiocomandati; Buzz Lightyear, Woody e il resto della banda hanno scoperto che queste macchinine sono perfette per le corse! Questi impavidi personaggi animati hanno ignorato il potenziale pericolo e si sono rifugiati nel loro ambiente, avventurandosi persino in una strada pericolosa e nel pericoloso Pizza Planet in un'accesa competizione per scoprire quale giocattolo è il miglior guidatore. Rilasciato per PlayStation, Toy Story Racer di Disney / Pixar è un titolo di corse di go-kart che si sforza di portare l'azione e le ambientazioni dal classico animato a detta console. Naturale per il genere, i vari veicoli, personaggi e potenziamenti non sono realistici né tentano di esserlo; invece, queste cose sono di natura arcade e utilizzate nella tradizione di Mario Kart. Gli appassionati di kart da poltrona gareggeranno attraverso 18 percorsi e avranno accesso a varie modalità. Il completamento di queste modalità sbloccherà una miriade di segreti.
Disneyn Aladdin - Nasiran Kosto (Finland)	Aladdin: Nasira's Revenge è un platform d'azione 3D per Playstation. La storia si svolge dopo la sconfitta dello stregone Jafar. Sua sorella Nasira cerca quindi di resuscitare suo fratello demone per cercare di prendere il potere. Il giocatore controlla Aladdin, Abu e Jasmine in molti luoghi diversi: il mercato di Agrabah, il Palazzo del Sultano, un'oasi nel deserto, la grotta delle meraviglie, per non parlare della tana di Nasira.
Disneyn Peter Pan - Seikkailu Mika-Mika-Maassa (Finland)	Il nefasto pirata Capitan Uncino ha trovato una mappa che porta al tesoro nascosto dell'isola che non c'è e intende sgraffignarselo. Ora che sa dove si trova il tesoro, ha spezzettato la mappa in pezzi e li ha sparsi in tutta l'isola che non c'è, affinché nessun altro possa individuarlo. Nel frattempo, la fata Trilli ha informato Peter Pan che c'è un tesoro da qualche parte sull'isola che non c'è. Così ora Peter Pan e Trilli sono alla ricerca del tesoro nascosto, cercando e ricomponendo i pezzi della mappa del tesoro tagliata. I giocatori assumono il ruolo di Peter Pan e occasionalmente di Trilli attraverso 20 diversi livelli. Alcuni delle livelli includono location come, l'Albero dell'Impiccato, la Laguna delle Sirene, il Covo dei Pirati, il villaggio indiano e la Roccia del Teschio.
Disneyn Tarzan (Finland)	Prendi parte con Tarzan e i suoi amici ad un'avventura emozionante e ricca di azione. Lanciati penzolare dalle liane, spostati nella giungla in groppa ad un elefante, passa da un albero all'altro e perfeziona la tua abilitagrave, in modo da poter affrontare e superare i pericoli della giungla. Con la grafica e i videoclip dell'ultimo film d'animazione della Disney, già record d'incassi, Tarzan ti porta nel cuore della giungla africana dove la leggenda diventa realtà! -Nuota, lasciati penzolare dalle liane e passa da un albero all'albero attraverso entusiasmanti livelli 3D. -Lotta contro implacabili nemici come Sabor, il feroce leopardo, e Clayton, lo spietato esploratore. - Scopri il divertimento della giungla nell'aventura che hai sempre sognato.
Disneys Action Spil med Herkules (Denmark)	Il gioco segue la stessa trama del film d'animazione. Ercole, figlio di Zeus, viene spogliato della sua divinità e deve dimostrare di essere un vero eroe per riguadagnare la sua immortalità e unirsi a Zeus e agli altri dei sul Monte Olimpo. Per fare ciò, Ercole deve superare diversi compiti e sconfiggere molti cattivi e, alla fine, affrontare Ade, il sovrano dei morti, che è anche responsabile della perdita dell'immortalità da parte di Ercole.
Disneys Aladdin - Nasiras haemnd (Sweden)	Aladdin: Nasira's Revenge è un platform d'azione 3D per Playstation. La storia si svolge dopo la sconfitta dello stregone Jafar. Sua sorella Nasira cerca quindi di resuscitare suo fratello demone per cercare di prendere il potere. Il giocatore controlla Aladdin, Abu e Jasmine in molti luoghi diversi: il mercato di Agrabah, il Palazzo del Sultano, un'oasi nel deserto, la grotta delle meraviglie, per non parlare della tana di Nasira.
Disneys Aladdin - Nasiras Haevn (Denmark)	Aladdin: Nasira's Revenge è un platform d'azione 3D per Playstation. La storia si svolge dopo la sconfitta dello stregone Jafar. Sua sorella Nasira cerca quindi di resuscitare suo fratello demone per cercare di prendere il potere. Il giocatore controlla Aladdin, Abu e Jasmine in molti luoghi diversi: il mercato di Agrabah, il Palazzo del Sultano, un'oasi nel deserto, la grotta delle meraviglie, per non parlare della tana di Nasira.
Disneys Aladdin - Nasiras Hevn (Norway)	Aladdin: Nasira's Revenge è un platform d'azione 3D per Playstation. La storia si svolge dopo la sconfitta dello stregone Jafar. Sua sorella Nasira cerca quindi di resuscitare suo fratello demone per cercare di prendere il potere. Il giocatore controlla Aladdin, Abu e Jasmine in molti luoghi diversi: il mercato di Agrabah, il Palazzo del Sultano, un'oasi nel deserto, la grotta delle meraviglie, per non parlare della tana di Nasira.
Disneys Aladdin - Nasiras Rache (Germany)	Aladdin: Nasira's Revenge è un platform d'azione 3D per Playstation. La storia si svolge dopo la sconfitta dello stregone Jafar. Sua sorella Nasira cerca quindi di resuscitare suo fratello demone per cercare di prendere il potere. Il giocatore controlla Aladdin, Abu e Jasmine in molti luoghi diversi: il mercato di Agrabah, il Palazzo del Sultano, un'oasi nel deserto, la grotta delle meraviglie, per non parlare della tana di Nasira.
Disneys Der Koenig der Loewen - Simbas grosses Abenteuer (Germany)	Prima di poter diventare il &quot;Re degli animali&quot;, Simba deve prima vedere il mondo attraverso i propri occhi e imparare da solo ciò che è nobile e importante nella vita. Guidalo nella sua strada attraverso le giungle e le pianure in The Lion King: Simba's Mighty Adventure della Disney, restando sempre diffidente nei confronti dei nemici affamati e degli gnu in fuga. Pianifica attentamente e reagisci rapidamente per aiutare Simba a sopravvivere e prendere il suo posto come legittimo erede dell'eredità del potente Mufasa. Caratteristiche: * Mettiti alla prova con una varietà di minigiochi con le apparizioni di Timon e Pumbaa * Esplora ambienti come le Pride Lands, il cimitero degli elefanti e le pianure di fuoco * Guida Simba attraverso giungle e pianure evitando nemici, ostacoli e gnu
Disneys Der Schatzplanet (Germany)	&quot;Treasure Planet&quot; è l'adattamento di un film d'animazione Disney. Il videogioco segue le avventure di Jim Hawkins, un giovane ragazzo in cerca di un pianeta mitico chiamato Treasure Planet. Per trovarlo, deve viaggiare in molte località dell'universo e completare compiti prima di trovare il premio finale. I compiti variano dal trovare un certo numero di oggetti al catturare animali fuggitivi o attivare una serie di interruttori. Completare i compiti accende un faro e, quando un certo numero di questi sono accesi, il livello successivo diventa disponibile. Jim può chiedere aiuto al suo &quot;animale domestico&quot;, Morph, per superare aree che rappresentano una sfida. Morph può assumere varie forme utili come delle braccia robotiche giganti o un jetpack. Un'altra caratteristica adattata dal film è il surf solare. Durante le missioni di surf, Jim pilota una tavola da surf futuristica per completare gli obiettivi della missione.
Disneys Hercules Action-Spiel (Germany)	Il gioco segue la stessa trama del film d'animazione. Ercole, figlio di Zeus, viene spogliato della sua divinità e deve dimostrare di essere un vero eroe per riguadagnare la sua immortalità e unirsi a Zeus e agli altri dei sul Monte Olimpo. Per fare ciò, Ercole deve superare diversi compiti e sconfiggere molti cattivi e, alla fine, affrontare Ade, il sovrano dei morti, che è anche responsabile della perdita dell'immortalità da parte di Ercole.
Disneys Peter Pan - Aeventyr i landet Ingenstans (Sweden)	Il nefasto pirata Capitan Uncino ha trovato una mappa che porta al tesoro nascosto dell'isola che non c'è e intende sgraffignarselo. Ora che sa dove si trova il tesoro, ha spezzettato la mappa in pezzi e li ha sparsi in tutta l'isola che non c'è, affinché nessun altro possa individuarlo. Nel frattempo, la fata Trilli ha informato Peter Pan che c'è un tesoro da qualche parte sull'isola che non c'è. Così ora Peter Pan e Trilli sono alla ricerca del tesoro nascosto, cercando e ricomponendo i pezzi della mappa del tesoro tagliata. I giocatori assumono il ruolo di Peter Pan e occasionalmente di Trilli attraverso 20 diversi livelli. Alcuni delle livelli includono location come, l'Albero dell'Impiccato, la Laguna delle Sirene, il Covo dei Pirati, il villaggio indiano e la Roccia del Teschio.
Disneys Peter Pan - Eventyr i Drommeland (Norway)	Il nefasto pirata Capitan Uncino ha trovato una mappa che porta al tesoro nascosto dell'isola che non c'è e intende sgraffignarselo. Ora che sa dove si trova il tesoro, ha spezzettato la mappa in pezzi e li ha sparsi in tutta l'isola che non c'è, affinché nessun altro possa individuarlo. Nel frattempo, la fata Trilli ha informato Peter Pan che c'è un tesoro da qualche parte sull'isola che non c'è. Così ora Peter Pan e Trilli sono alla ricerca del tesoro nascosto, cercando e ricomponendo i pezzi della mappa del tesoro tagliata. I giocatori assumono il ruolo di Peter Pan e occasionalmente di Trilli attraverso 20 diversi livelli. Alcuni delle livelli includono location come, l'Albero dell'Impiccato, la Laguna delle Sirene, il Covo dei Pirati, il villaggio indiano e la Roccia del Teschio.
Disneys Peter Pan - Eventyr pa Onskeoen (Denmark)	Il nefasto pirata Capitan Uncino ha trovato una mappa che porta al tesoro nascosto dell'isola che non c'è e intende sgraffignarselo. Ora che sa dove si trova il tesoro, ha spezzettato la mappa in pezzi e li ha sparsi in tutta l'isola che non c'è, affinché nessun altro possa individuarlo. Nel frattempo, la fata Trilli ha informato Peter Pan che c'è un tesoro da qualche parte sull'isola che non c'è. Così ora Peter Pan e Trilli sono alla ricerca del tesoro nascosto, cercando e ricomponendo i pezzi della mappa del tesoro tagliata. I giocatori assumono il ruolo di Peter Pan e occasionalmente di Trilli attraverso 20 diversi livelli. Alcuni delle livelli includono location come, l'Albero dell'Impiccato, la Laguna delle Sirene, il Covo dei Pirati, il villaggio indiano e la Roccia del Teschio.
Disneys Peter Pan - Rueckkehr nach Nimmerland (Germany)	Il nefasto pirata Capitan Uncino ha trovato una mappa che porta al tesoro nascosto dell'isola che non c'è e intende sgraffignarselo. Ora che sa dove si trova il tesoro, ha spezzettato la mappa in pezzi e li ha sparsi in tutta l'isola che non c'è, affinché nessun altro possa individuarlo. Nel frattempo, la fata Trilli ha informato Peter Pan che c'è un tesoro da qualche parte sull'isola che non c'è. Così ora Peter Pan e Trilli sono alla ricerca del tesoro nascosto, cercando e ricomponendo i pezzi della mappa del tesoro tagliata. I giocatori assumono il ruolo di Peter Pan e occasionalmente di Trilli attraverso 20 diversi livelli. Alcuni delle livelli includono location come, l'Albero dell'Impiccato, la Laguna delle Sirene, il Covo dei Pirati, il villaggio indiano e la Roccia del Teschio.
Disneys Plys' Spil-og-Leg-Sted (Denmark)	Rivolto ai bambini piccoli, il gioco Pooh's Party - Finding Treasure è un'avventura da tavolo simile a Mario Party. Nei panni di Pooh, Tigro, Coniglio, Maialino, Gufo o Rito, i giocatori devono farsi strada attraverso tre giochi da tavolo sempre più difficili nel tentativo di arrivare primi. Da uno a quattro giocatori possono partecipare all'avventura o semplicemente competere tra loro nei minigiochi. Nella modalità avventura, i giocatori si muovono attraverso i diversi quadrati del tabellone e sfidano gli altri personaggi in uno dei cinque minigiochi. Il risultato del minigioco determina il numero di caselle che ogni giocatore può muovere nel turno successivo. Il primo posto vince sei caselle, il secondo vince quattro caselle, il terzo vince due e l'ultimo posto vince uno.
Disneys Skatteplaneten (Denmark)	&quot;Treasure Planet&quot; è l'adattamento di un film d'animazione Disney. Il videogioco segue le avventure di Jim Hawkins, un giovane ragazzo in cerca di un pianeta mitico chiamato Treasure Planet. Per trovarlo, deve viaggiare in molte località dell'universo e completare compiti prima di trovare il premio finale. I compiti variano dal trovare un certo numero di oggetti al catturare animali fuggitivi o attivare una serie di interruttori. Completare i compiti accende un faro e, quando un certo numero di questi sono accesi, il livello successivo diventa disponibile. Jim può chiedere aiuto al suo &quot;animale domestico&quot;, Morph, per superare aree che rappresentano una sfida. Morph può assumere varie forme utili come delle braccia robotiche giganti o un jetpack. Un'altra caratteristica adattata dal film è il surf solare. Durante le missioni di surf, Jim pilota una tavola da surf futuristica per completare gli obiettivi della missione.
Disneys Skattkammarplaneten (Sweden)	&quot;Treasure Planet&quot; è l'adattamento di un film d'animazione Disney. Il videogioco segue le avventure di Jim Hawkins, un giovane ragazzo in cerca di un pianeta mitico chiamato Treasure Planet. Per trovarlo, deve viaggiare in molte località dell'universo e completare compiti prima di trovare il premio finale. I compiti variano dal trovare un certo numero di oggetti al catturare animali fuggitivi o attivare una serie di interruttori. Completare i compiti accende un faro e, quando un certo numero di questi sono accesi, il livello successivo diventa disponibile. Jim può chiedere aiuto al suo &quot;animale domestico&quot;, Morph, per superare aree che rappresentano una sfida. Morph può assumere varie forme utili come delle braccia robotiche giganti o un jetpack. Un'altra caratteristica adattata dal film è il surf solare. Durante le missioni di surf, Jim pilota una tavola da surf futuristica per completare gli obiettivi della missione.
Disneys Tarzan (Norway)	Prendi parte con Tarzan e i suoi amici ad un'avventura emozionante e ricca di azione. Lanciati penzolare dalle liane, spostati nella giungla in groppa ad un elefante, passa da un albero all'altro e perfeziona la tua abilitagrave, in modo da poter affrontare e superare i pericoli della giungla. Con la grafica e i videoclip dell'ultimo film d'animazione della Disney, già record d'incassi, Tarzan ti porta nel cuore della giungla africana dove la leggenda diventa realtà! -Nuota, lasciati penzolare dalle liane e passa da un albero all'albero attraverso entusiasmanti livelli 3D. -Lotta contro implacabili nemici come Sabor, il feroce leopardo, e Clayton, lo spietato esploratore. - Scopri il divertimento della giungla nell'aventura che hai sempre sognato.
Disneys Tigerdyrets honningjagt (Denmark)	È un divertimento da Tigro! Winnie the Pooh ha bisogno di te! come potrà mai organizzare la festa per i suoi amici senza miele? Calati nel ruolo di Tigro: corri salta e balza attraverso il BOsco dei 100 Acri alla ricerca del cibo preferito del simpatico orsetto! Durante il viaggio dovrai affrontare una miriade di sfide: foglie che volano all'impazzata, terreni ghiacciati, rocce che cadono all'imporviso, api arrabbiate, noiosissimi pipistrelli, e altro ancora. Cerca di ottenere il salto bonus che consentirà a Tigro di esplorare zone speciali. - Esplora 9 fantastici livelli di gioco. - Cimentati in 3 mini-giochi. - Raccogli pezzi che compongono le fotografie da inserire, poi, in un album tutto speciale!
Disneys Tiggers Honigjagd (Germany)	È un divertimento da Tigro! Winnie the Pooh ha bisogno di te! come potrà mai organizzare la festa per i suoi amici senza miele? Calati nel ruolo di Tigro: corri salta e balza attraverso il BOsco dei 100 Acri alla ricerca del cibo preferito del simpatico orsetto! Durante il viaggio dovrai affrontare una miriade di sfide: foglie che volano all'impazzata, terreni ghiacciati, rocce che cadono all'imporviso, api arrabbiate, noiosissimi pipistrelli, e altro ancora. Cerca di ottenere il salto bonus che consentirà a Tigro di esplorare zone speciali. - Esplora 9 fantastici livelli di gioco. - Cimentati in 3 mini-giochi. - Raccogli pezzi che compongono le fotografie da inserire, poi, in un album tutto speciale!
Doom (USA)	Doom è un videogioco d'azione in prima persona creato da iD Software nel 1993 da un gruppo guidato da John Carmack. Dovrai controllare un marine, che si trova abitualmente in una stazione su Phobos, una delle lune di Marte. In un secondo, le porte dell'Inferno si aprono, liberando innumerevoli demoni, spiriti immondi, zombie, che infestano la base nel giro di poche ore. Come protagonista, sei l'unico essere umano sopravvissuto sulla stazione e la tua missione è sopravvivere da un livello all'altro; molto nello stile di Wolfenstein 3D, che è stato il primo FPS di Id Software; tuttavia, qui la sfida è ancora più grande.
Doukyuusei 2 (Japan, Asia)	Doukyuusei 2 è una classica &quot;avventura d'amore&quot;. Sei una studentessa delle superiori, tuo padre è un famoso archeologo che viaggia per il mondo e tua madre è morta quando eri piccola. È il terzo anno della scuola superiore 88 e la tua principale preoccupazione è la tua vita sentimentale. Riuscirete a uscire con successo e ad avere un lieto fine con uno dei quindici affascinanti compagni di classe? Le meccaniche di gioco sono molto simili a quelle di un classico gioco d'avventura, ma la trama si concentra esclusivamente sulla vostra relazione con le ragazze. È possibile spostarsi con il proprio personaggio su una &quot;mappa della città&quot;, visitando diversi luoghi. È possibile prendere appuntamenti e recarsi in luoghi diversi a orari specifici. Le decisioni prese influenzano la storia.
Dracula - A Ressurreicao (Portugal) (Disc 1)	Dracula: The Resurrection è una nuova storia basata sui personaggi del romanzo di Bram Stoker. Il gioco ti immergerà in una trama ricca di atmosfera. Ti invita a sentire il richiamo di un lupo o il fischio di un gufo sotto uno splendido panorama di luna piena graficamente. Presenta anche cutscene cinematograficamente complete e una colonna sonora inquietante. Il gioco presenta sfondi dettagliati e dipinti a mano, accompagnati da suoni e musica atmosferici, che creano l'atmosfera giusta per questa oscura storia di orrore gotico. I pulsanti direzionali spostano il cursore sullo schermo con il pulsante X utilizzato per l'azione. Una funzione di zoom ti consente di scegliere i dettagli e raccogliere oggetti di inventario mentre cerchi indizi visivi per risolvere il mistero. Dal momento che il paletto di legno e la luce del sole non hanno funzionato, dovrai scoprire come distruggere l'intramontabile Principe delle Tenebre.
Dracula - La Risurrezione (Italy) (Disc 1)	Dracula: The Resurrection è una nuova storia basata sui personaggi del romanzo di Bram Stoker. Il gioco ti immergerà in una trama ricca di atmosfera. Ti invita a sentire il richiamo di un lupo o il fischio di un gufo sotto uno splendido panorama di luna piena graficamente. Presenta anche cutscene cinematograficamente complete e una colonna sonora inquietante. Il gioco presenta sfondi dettagliati e dipinti a mano, accompagnati da suoni e musica atmosferici, che creano l'atmosfera giusta per questa oscura storia di orrore gotico. I pulsanti direzionali spostano il cursore sullo schermo con il pulsante X utilizzato per l'azione. Una funzione di zoom ti consente di scegliere i dettagli e raccogliere oggetti di inventario mentre cerchi indizi visivi per risolvere il mistero. Dal momento che il paletto di legno e la luce del sole non hanno funzionato, dovrai scoprire come distruggere l'intramontabile Principe delle Tenebre.
Dracula - Resurreccion (Spain) (Disc 1)	Dracula: The Resurrection è una nuova storia basata sui personaggi del romanzo di Bram Stoker. Il gioco ti immergerà in una trama ricca di atmosfera. Ti invita a sentire il richiamo di un lupo o il fischio di un gufo sotto uno splendido panorama di luna piena graficamente. Presenta anche cutscene cinematograficamente complete e una colonna sonora inquietante. Il gioco presenta sfondi dettagliati e dipinti a mano, accompagnati da suoni e musica atmosferici, che creano l'atmosfera giusta per questa oscura storia di orrore gotico. I pulsanti direzionali spostano il cursore sullo schermo con il pulsante X utilizzato per l'azione. Una funzione di zoom ti consente di scegliere i dettagli e raccogliere oggetti di inventario mentre cerchi indizi visivi per risolvere il mistero. Dal momento che il paletto di legno e la luce del sole non hanno funzionato, dovrai scoprire come distruggere l'intramontabile Principe delle Tenebre.
Dracula - Resurrection (France) (Disc 1)	Dracula: The Resurrection è una nuova storia basata sui personaggi del romanzo di Bram Stoker. Il gioco ti immergerà in una trama ricca di atmosfera. Ti invita a sentire il richiamo di un lupo o il fischio di un gufo sotto uno splendido panorama di luna piena graficamente. Presenta anche cutscene cinematograficamente complete e una colonna sonora inquietante. Il gioco presenta sfondi dettagliati e dipinti a mano, accompagnati da suoni e musica atmosferici, che creano l'atmosfera giusta per questa oscura storia di orrore gotico. I pulsanti direzionali spostano il cursore sullo schermo con il pulsante X utilizzato per l'azione. Una funzione di zoom ti consente di scegliere i dettagli e raccogliere oggetti di inventario mentre cerchi indizi visivi per risolvere il mistero. Dal momento che il paletto di legno e la luce del sole non hanno funzionato, dovrai scoprire come distruggere l'intramontabile Principe delle Tenebre.
Dracula - The Resurrection (USA) (Disc 1)	Dracula: The Resurrection è una nuova storia basata sui personaggi del romanzo di Bram Stoker. Il gioco ti immergerà in una trama ricca di atmosfera. Ti invita a sentire il richiamo di un lupo o il fischio di un gufo sotto uno splendido panorama di luna piena graficamente. Presenta anche cutscene cinematograficamente complete e una colonna sonora inquietante. Il gioco presenta sfondi dettagliati e dipinti a mano, accompagnati da suoni e musica atmosferici, che creano l'atmosfera giusta per questa oscura storia di orrore gotico. I pulsanti direzionali spostano il cursore sullo schermo con il pulsante X utilizzato per l'azione. Una funzione di zoom ti consente di scegliere i dettagli e raccogliere oggetti di inventario mentre cerchi indizi visivi per risolvere il mistero. Dal momento che il paletto di legno e la luce del sole non hanno funzionato, dovrai scoprire come distruggere l'intramontabile Principe delle Tenebre.
Dragon Ball - Final Bout (Europe)	Dragon Ball: Final Bout, è un gioco di combattimento 3D, basato sull'universo di Dragon Ball, per PlayStation nel 1997. È il primo gioco di Dragon Ball ad avere una grafica completamente poligonale. Tra i personaggi presenti ci sono Dragon Ball Z e Dragon Ball GT. È stato l'ultimo gioco di Dragon Ball per PlayStation, ed è stato anche il primo gioco ad apparire in Nord America con la licenza Dragon Ball.
Dragon Ball GT - Final Bout (USA)	Dragon Ball: Final Bout, è un gioco di combattimento 3D, basato sull'universo di Dragon Ball, per PlayStation nel 1997. È il primo gioco di Dragon Ball ad avere una grafica completamente poligonale. Tra i personaggi presenti ci sono Dragon Ball Z e Dragon Ball GT. È stato l'ultimo gioco di Dragon Ball per PlayStation, ed è stato anche il primo gioco ad apparire in Nord America con la licenza Dragon Ball.
Dragon Ball Z - Idainaru Dragon Ball Densetsu (Japan)	Mentre le rate precedenti si sono concesse l'indignazione di non includerne nessuna, Dragon Ball Z - Idainaru Dragon ball Densetsu permette di ripercorrere i principali eventi dell'omonima serie di anime, cioè dagli episodi di Sayajin a quelli di Bu. Piccolo promemoria, è un susseguirsi di lotte che oppongono il valoroso Son Gokû e i suoi amici a diversi invasori il cui obiettivo principale è quello di distruggere la Terra. L'ascesa al potere e gli scontri sempre più spettacolari sono quindi la fonte di ispirazione di questo gioco che cercherà, come i suoi predecessori, di ritrascrivere al meglio l'intensità delle scene del manga.
Dragon Ball Z - Ultimate Battle 22 (USA)	Il blockbuster giapponese è qui! Un successo internazionale, questo caccia d'epoca di Dragon Ball Z presenta 22 famosi guerrieri DBZ per ricreare battaglie epiche, uno contro uno, di Dragon Ball Z. Facile da giocare ma difficile da padroneggiare, questo classico tanto atteso offre abbinamenti da Bu, Frieza® e Android Sagas. Provate il gioco DBZ che ha entusiasmato i fan di tutto il mondo!
Dragon Knight 4 (Japan)	Dragon Knight 4 è il seguito di Knights of Xentar. Sono passati anni da quando Takeru ha sconfitto il male supremo. Ha sposato la sua fidanzata Luna e hanno avuto un figlio di nome Kakeru. Questo ragazzo di quindici anni ha una debolezza: ama gli elfi nudi. Ma presto scopre che il malvagio stregone Lushifon vuole trasformare tutte le persone in pietra e controllare il mondo intero finché qualcuno non riuscirà a fermarlo. Insieme al misterioso spadaccino Eto e a molti altri eroi, Kakeru deve completare la sua ultima missione e sconfiggere Lushifon e i suoi scagnozzi. In questo gioco di ruolo tattico, il giocatore controlla nove unità in battaglia, assegnate in base alla classe del personaggio che le guida. Anche gli avversari formano gruppi simili e sono divisi in classi. Ogni classe ha il suo rango, i suoi punti di forza e le sue debolezze. I giocatori possono reclutare molti personaggi.
Dragon Quest IV - Michibikareshi Monotachi (Japan)	Dragon Quest IV è un gioco di ruolo per Playstation la cui storia è divisa in 5 capitoli. I primi quattro si concentrano ciascuno su un personaggio particolare, e il quinto capitolo riunisce i 4 personaggi nella stessa squadra. Questo gioco si distingue per il suo aspetto strategico che privilegia il posizionamento rispetto al potere individuale di ciascun eroe.
Dragon Quest VII - Eden no Senshitachi (Japan, Asia) (Disc 1)	In &quot;Dragon Warrior VII&quot;, vesti i panni del figlio sedicenne di un pescatore che vive su una piccola isola chiamata Estard. Non c'è nient'altro sul pianeta se non quest'isola e il vasto oceano che la circonda. Un giorno, tu e due amici fate una scoperta e vi rendete conto che un tempo il mondo era molto più di un'isola, l'Isola di Estard. Quindi cosa l'ha fatto scomparire? Per scoprirlo, si viaggia indietro nel tempo, sperando di risolvere il mistero e riportare il mondo attuale a com'era prima. &quot;Dragon Warrior VII&quot; condivide il sistema di lavoro con il suo predecessore: puoi assegnare classi di personaggi ai membri del tuo gruppo e apprendere molte abilità diverse, a seconda del lavoro che hai scelto. Il gioco mantiene lo stile tradizionale della serie, con un'ambientazione rigorosamente medievale e combattimenti a turni.
Dragon Valor (USA) (Disc 1)	Molte leggende narrano di una formidabile creatura magica: il drago. La fredda pelle a scaglie, lo sguardo crudele e i denti simili a pugnali d'avorio terrorizzano anche gli uomini piú coraggiosi. Numerose generazioni di cacciatori di draghi hanno dedicato la propria esistenza alla caccia e allo sterminio di queste terribili bestie. I cacciatori di draghi e i draghi sono da sempre acerrimi nemici, impegnati in un'eterna lotta per la sopravvivenza. DRAGON VALOR™ ti trasporta in un vastissimo mondo 3D di terre magiche, oscuri ed immensi sotterranei e mostruosi avversari. Solo i piú coraggiosi riusciranno a sopravvivere.
Dragon Warrior VII (USA) (Disc 1)	In &quot;Dragon Warrior VII&quot;, vesti i panni del figlio sedicenne di un pescatore che vive su una piccola isola chiamata Estard. Non c'è nient'altro sul pianeta se non quest'isola e il vasto oceano che la circonda. Un giorno, tu e due amici fate una scoperta e vi rendete conto che un tempo il mondo era molto più di un'isola, l'Isola di Estard. Quindi cosa l'ha fatto scomparire? Per scoprirlo, si viaggia indietro nel tempo, sperando di risolvere il mistero e riportare il mondo attuale a com'era prima. &quot;Dragon Warrior VII&quot; condivide il sistema di lavoro con il suo predecessore: puoi assegnare classi di personaggi ai membri del tuo gruppo e apprendere molte abilità diverse, a seconda del lavoro che hai scelto. Il gioco mantiene lo stile tradizionale della serie, con un'ambientazione rigorosamente medievale e combattimenti a turni.
Dream Story - Les Aventures de Tim et Lola (France)	Lotta come un ninja. Trasformati in un robot... oppure in un mostro! Combatti contro scheletri, ragni e alieni. Lotta con robot, zombie e giganteschi dinosauri... In questo gioco d'avventura 3D, il pericolo è sempre in agguato. Riuscirai a battere NiteKap, il cattivo e astuto ladro di sogni, mentre viaggi attraverso 6 mondi da incubo? Sarai abbastanza veloce da acchiappare i Wink prima di lasciarti acciuffare da qualcos'altro? Cambia personaggio - gioca nei panni di Ruff o di Tumble, sviluppa nuovi poteri e trasformati in un robot oppure in un mostro o un ninja... 6 livelli a tema - un castello spaventoso, l'immenso relitto di una nave adagiato sul fondo del mare, lo spazio cosmico, il mondo degli abissi sottomarini, poi indietro nel tempo fino al mondo preistorico in cui imperversano tirannosauri e vespe gigantesche e infine il mondo terribile dei mostri e dei fantasmi.
Driver (Europe)	Sono finiti i giorni in cui John Tanner ha scatenato le passioni in pista, le sue straordinarie capacità di guida hanno cercato nuove sfide, che lo hanno portato ad arruolarsi nelle forze di polizia dove sperava di usare quelle abilità per combattere il crimine. Tuttavia, l'oscurità di questo mondo stava lentamente influenzando Tanner, facendolo diventare scuro e freddo come l'acciaio. L'unione di tutte queste qualità è stato ciò che ha portato il suo capo a sceglierlo per una missione che nessun altro avrebbe potuto accettare e portare a termine. Quella missione richiedeva l'esecuzione di lavori per i boss del crimine come autisti, al fine di ottenere la loro fiducia e raccogliere prove contro di loro. Se qualcuno di questi boss del crimine scopre chi è veramente Tanner, nessuno troverà mai il suo corpo. E se ciò non bastasse, la natura altamente segreta della missione mette Tanner fuori dalla legge, alla mercé dei suoi colleghi agenti di polizia che non sono a conoscenza di questa oscura vicenda. La missione di Tanner inizia con un test drive per attirare l'attenzione dei boss criminali, se lo supera entrerà in un mondo ancora più oscuro e sinistro di quello che si lascia alle spalle.
Driver - Sennyuu! Car Chase Daisakusen (Japan)	Sono finiti i giorni in cui John Tanner ha scatenato le passioni in pista, le sue straordinarie capacità di guida hanno cercato nuove sfide, che lo hanno portato ad arruolarsi nelle forze di polizia dove sperava di usare quelle abilità per combattere il crimine. Tuttavia, l'oscurità di questo mondo stava lentamente influenzando Tanner, facendolo diventare scuro e freddo come l'acciaio. L'unione di tutte queste qualità è stato ciò che ha portato il suo capo a sceglierlo per una missione che nessun altro avrebbe potuto accettare e portare a termine. Quella missione richiedeva l'esecuzione di lavori per i boss del crimine come autisti, al fine di ottenere la loro fiducia e raccogliere prove contro di loro. Se qualcuno di questi boss del crimine scopre chi è veramente Tanner, nessuno troverà mai il suo corpo. E se ciò non bastasse, la natura altamente segreta della missione mette Tanner fuori dalla legge, alla mercé dei suoi colleghi agenti di polizia che non sono a conoscenza di questa oscura vicenda. La missione di Tanner inizia con un test drive per attirare l'attenzione dei boss criminali, se lo supera entrerà in un mondo ancora più oscuro e sinistro di quello che si lascia alle spalle.
Driver - You Are the Wheelman (USA)	Sono finiti i giorni in cui John Tanner ha scatenato le passioni in pista, le sue straordinarie capacità di guida hanno cercato nuove sfide, che lo hanno portato ad arruolarsi nelle forze di polizia dove sperava di usare quelle abilità per combattere il crimine. Tuttavia, l'oscurità di questo mondo stava lentamente influenzando Tanner, facendolo diventare scuro e freddo come l'acciaio. L'unione di tutte queste qualità è stato ciò che ha portato il suo capo a sceglierlo per una missione che nessun altro avrebbe potuto accettare e portare a termine. Quella missione richiedeva l'esecuzione di lavori per i boss del crimine come autisti, al fine di ottenere la loro fiducia e raccogliere prove contro di loro. Se qualcuno di questi boss del crimine scopre chi è veramente Tanner, nessuno troverà mai il suo corpo. E se ciò non bastasse, la natura altamente segreta della missione mette Tanner fuori dalla legge, alla mercé dei suoi colleghi agenti di polizia che non sono a conoscenza di questa oscura vicenda. La missione di Tanner inizia con un test drive per attirare l'attenzione dei boss criminali, se lo supera entrerà in un mondo ancora più oscuro e sinistro di quello che si lascia alle spalle.
Driver 2 (USA) (Disc 1)	Sei un autista sotto copertura, che cerca di sopravvivere in una guerra internazionale tra bande americane e brasiliane. L'azione ti porta a Chicago, Las Vegas, Rio e L'Avana, tutte raffigurate in dettaglio, con strade curve aggiunte dal primo gioco. Come prima, hai il pieno controllo dell'auto mentre si scatena per le strade. Una nuova caratteristica è la possibilità di scendere dall'auto e rubare gli altri. Ciò è particolarmente utile quando sei caduto vittima della modellazione avanzata del danno. C'è una sequenza completa di missioni da completare, oltre ad alcune sfide preimpostate e una modalità di guida libera che ti consente di esplorare a tuo piacimento.
Driver 2 - Back on the Streets (Europe) (Disc 1)	Sei un autista sotto copertura, che cerca di sopravvivere in una guerra internazionale tra bande americane e brasiliane. L'azione ti porta a Chicago, Las Vegas, Rio e L'Avana, tutte raffigurate in dettaglio, con strade curve aggiunte dal primo gioco. Come prima, hai il pieno controllo dell'auto mentre si scatena per le strade. Una nuova caratteristica è la possibilità di scendere dall'auto e rubare gli altri. Ciò è particolarmente utile quando sei caduto vittima della modellazione avanzata del danno. C'è una sequenza completa di missioni da completare, oltre ad alcune sfide preimpostate e una modalità di guida libera che ti consente di esplorare a tuo piacimento.
Dschungelbuch, Das - Groove Party (Germany) (Demo)	Disney Il Libro della Giungla noto nei mercati nordamericani The Jungle Book Rhythm N'Groove è un videogioco musicale di Disney Il Libro della Giungla. Ha come protagonisti molti personaggi del film. Alcune canzoni come &quot;Lo stretto necessario&quot; e &quot;Voglio essere come te&quot; provengono dal film originale; le nuove canzoni sono state scritte da Nicolas Maranda, che ha anche arrangiato tutte le canzoni. Questo gioco è realizzato nello stile di Dance Dance Revolution in cui il giocatore segue le frecce su una pista da ballo.
Duke Nukem (Europe)	In Duke Nukem, devi salvare la Terra dagli invasori alieni che rapiscono e imprigionano le donne. Combatti contro nemici mutati come Pig Cops e creature simili a rettili e meduse. Oltre alle armi classiche come un fucile e un lanciarazzi, hai accesso a strumenti innovativi come le bombe a tubo, lo Shrinker per rimpicciolire i nemici, il Freezer per congelarli e un jetpack per il movimento in volo. Il tuo obiettivo è distruggere gli aggressori e salvare il mondo.
Duke Nukem - Land of the Babes (USA)	Gli alieni hanno annientato gli uomini della Terra e ora cercano di schiavizzare le donne del pianeta per il loro programma di ibridazione. Chi salverà i figli della Terra? Duke Nukem, ecco chi. Lavorando con la Unified Resistance of Babies, Duke deve contrastare gli alieni attraverso 14 livelli di ricerca in prima persona e distruggerli. Affronterai primati mutanti, Hoglodytes, poliziotti maiali e Octabrain con un impressionante arsenale a tua disposizione, tra cui armi come blaster, lanciafiamme, lanciagranate e la nuova arma di Duke, la pistola Desert Eagle calibro .50.
Duke Nukem - Time to Kill (USA)	Il gioco inizia non molto tempo dopo Duke Nukem 3D. Duke si sta rilassando a Bootylicious con alcune birre e alcune ragazze quando improvvisamente Pig Cops inizia a battere il posto e trasforma il suo maiale personalizzato del 1968 in una moto chopper. Duke distrugge tutti i Pig Cops e poi scopre che gli alieni stanno cercando di tornare al passato per conquistare il mondo prima che Duke fosse lì per fermarli. Il gioco ha 28 livelli in totale, che variano da Los Angeles nel tempo presente, all'antico ovest e al Colosseo. Il gioco ha una modalità a 2 giocatori in modo che 2 persone possano devastarsi a vicenda. Il gioco ha molti tipi di nemici; Pig Cops, Lizards, Octabrains, ecc.
Duke Nukem - Total Meltdown (USA)	In Duke Nukem, devi salvare la Terra dagli invasori alieni che rapiscono e imprigionano le donne. Combatti contro nemici mutati come Pig Cops e creature simili a rettili e meduse. Oltre alle armi classiche come un fucile e un lanciarazzi, hai accesso a strumenti innovativi come le bombe a tubo, lo Shrinker per rimpicciolire i nemici, il Freezer per congelarli e un jetpack per il movimento in volo. Il tuo obiettivo è distruggere gli aggressori e salvare il mondo.
Dynamite Soccer 2002 (Japan)	Il calcio associativo, comunemente noto come calcio o calcio, è uno sport giocato tra due squadre di undici giocatori con una palla sferica. All'inizio del 21 ° secolo il gioco è stato giocato da oltre 250 milioni di giocatori in oltre 200 paesi, rendendolo lo sport più popolare al mondo. Questo ingresso tardivo nella formazione di calcio della PlayStation si concentra sui valori tipici della serie come la sensazione di controllo manuale e libertà del giocatore, aggiungendo nuove meccaniche di dribbling, bilanciamento sintonizzato e dati del giocatore / stadio giapponese per il 2004. Dynamite Soccer 2002 è il terzo gioco della serie per la console Playstation One. Le caratteristiche del gioco:nn- Diverse competizioni: amichevoli, coppe, campionati e mondiali. - Diverse modalità di gioco: allenamento, partita e calcio di rigore. Le modalità di allenamento includono: allenamento sui calci d'angolo, allenamento sui calci di punizione e allenamento sui calci di rigore.
Ehrgeiz - God Bless the Ring (USA)	Un'antica arma di origine sconosciuta è stata ritrovata in un castello tedesco una cinquantina di anni fa. Poiché era ovviamente qualcosa di valore, è stato deciso che sarebbe stato assegnato al miglior combattente del mondo. Dopo tutto, chi apprezzerebbe un'arma più di un combattente esperto? Undici dei migliori combattenti del mondo (tra cui Cloud Strife, Tifa Lockhart e Vincent Valentine) hanno deciso di rivendicare questo premio. Il misterioso artefatto divenne noto come Ehrgeiz e il torneo che fu costruito attorno ad esso prese lo stesso nome. Ora le voci suggeriscono che la porta di una terra dimenticata da tempo possa essere aperta con quest'arma; una terra che potrebbe rivelare il segreto dell'immortalità. Il torneo ha assunto un significato completamente nuovo!
Eikou no Fairway - Virtual Golf Simulation (Japan)	Sei sul campo; la rugiada sta iniziando a scomparire proprio mentre ti avvicini al primo tee. Allinea il tiro e lancia la tua pallina a 350 metri lungo il centro del fairway. Tutta l'emozione e il fascino del golf arrivano su PlayStation con Konami Open Golf. Puoi scegliere tra sei diversi golfisti, ognuno con caratteristiche e abilità diverse. Una volta scelto il tuo golfista, metti alla prova le sue abilità su un campo progettato con tecnologia poligonale a 32 bit e texture mapping. Competi contro altri giocatori in un torneo o in una partita Skins. Per chi non ama la competizione, è possibile scendere in campo e allenarsi con i propri colpi preferiti. Indipendentemente da come giochi, l'eccellente commento play-by-play rende l'azione ancora più realistica. Il realismo e l'azione di Konami Open Golf ti faranno sentire come se fossi davvero sul campo.
Einhaender (USA)	Entra in una guerra tra gli abitanti della Terra e quelli della Luna grazie allo sparatutto Einhänder su Playstation. Il software ti offre 3 navi da pilotare e numerose armi per distruggere i nemici che ti ostacolano.
Emit Value Pack (Japan) (En,Ja) (Disc 1) (Vol. 1 - Toki no Maigo)	Emit è un romanzo visivo, diviso in tre parti, progettato per aiutare i giapponesi a studiare l'inglese. Il gioco può essere giocato in inglese o in giapponese. Esistono due modalità di gioco: la modalità storia e la modalità inglese. La modalità storia è il gioco principale, diviso in capitoli, in cui i giocatori possono seguire la trama e svolgere una serie di esercizi dopo ogni capitolo. Nella modalità storia, i giocatori possono interrompere il gioco in qualsiasi momento per cercare un termine che non hanno capito o per cambiare la lingua. Il Value Pack è una raccolta dei 3 episodi del gioco in cui seguiamo le strane avventure di Yuri.
En Busca del Valle Encantado - El Retorno al Gran Valle (Spain)	Dopo essere stati inseguiti da un Sharptooth mentre restituivano un uovo rubato, Littlefoot, Cera, Ducky e Spike si perdono nel Great Beyond. I giocatori controllano i quattro amici preistorici mentre ognuno deve trovare la via del ritorno a casa in The Land Before Time: Return to the Great Valley per PlayStation. Percorrendo cinque livelli 3D, i personaggi devono raccogliere le stelle degli alberi evitando pericolose insidie. I livelli contengono elementi interattivi, come piante e bolle di catrame. A seconda del personaggio selezionato, i giocatori possono fare uso di frustate della coda, colpi di testa e altre abilità per costruire ponti, cavalcare geyser e superare altri ostacoli. Petrie è anche prontamente disponibile per volare sullo schermo e offrire consigli e indicazioni. I livelli sono composti da percorsi ad ostacoli e azioni di tipo puzzle in quanto i giocatori devono attraversare fiumi, nutrire piante e raccogliere stelle degli alberi evitando pericoli, come lava, acqua e ripide scogliere. Dopo che tutti e cinque i personaggi sono usciti dal quinto livello, sono tutti riuniti nella Great Valley.
Erlebe den Zauber von Disney auf der PlayStation (Germany)	Il gioco segue la stessa trama del film d'animazione. Ercole, figlio di Zeus, viene spogliato della sua divinità e deve dimostrare di essere un vero eroe per riguadagnare la sua immortalità e unirsi a Zeus e agli altri dei sul Monte Olimpo. Per fare ciò, Ercole deve superare diversi compiti e sconfiggere molti cattivi e, alla fine, affrontare Ade, il sovrano dei morti, che è anche responsabile della perdita dell'immortalità da parte di Ercole.
ESPN Extreme Games (USA)	ESPN Extreme Games consente al giocatore di accedere a tre modalità di gioco: Esibizione, Nuova stagione o continuazione di una stagione. La modalità Esibizione aiuta il giocatore a conoscere i percorsi e le attrezzature, oltre a farsi un'idea dei controlli. La nuova stagione offre al giocatore la possibilità di gareggiare contro altri sedici concorrenti su una qualsiasi delle quattro macchine da corsa in competizione per punti stagionali e denaro per aggiornare l'equipaggiamento. Scegli tra pattini a rotelle, uno slittino (praticamente uno skateboard da seduti), una mountain bike e lo skateboard. Il giocatore può anche determinare con quale personaggio vuole gareggiare, ognuno con un'abilità unica su uno degli apparecchi. Ad esempio, uno potrebbe essere di prim'ordine sui pattini ma essere pessimo in bicicletta, quindi non ha senso scegliere la bicicletta con lui / lei. In una stagione, il giocatore gareggia nelle cinque località - tre volte, dodici in tutto e ogni volta gli ostacoli diventano sempre più difficili da evitare così come gli altri corridori diventano più veloci e agili.
ESPN Street Games (Japan)	ESPN Extreme Games consente al giocatore di accedere a tre modalità di gioco: Esibizione, Nuova stagione o continuazione di una stagione. La modalità Esibizione aiuta il giocatore a conoscere i percorsi e le attrezzature, oltre a farsi un'idea dei controlli. La nuova stagione offre al giocatore la possibilità di gareggiare contro altri sedici concorrenti su una qualsiasi delle quattro macchine da corsa in competizione per punti stagionali e denaro per aggiornare l'equipaggiamento. Scegli tra pattini a rotelle, uno slittino (praticamente uno skateboard da seduti), una mountain bike e lo skateboard. Il giocatore può anche determinare con quale personaggio vuole gareggiare, ognuno con un'abilità unica su uno degli apparecchi. Ad esempio, uno potrebbe essere di prim'ordine sui pattini ma essere pessimo in bicicletta, quindi non ha senso scegliere la bicicletta con lui / lei. In una stagione, il giocatore gareggia nelle cinque località - tre volte, dodici in tutto e ogni volta gli ostacoli diventano sempre più difficili da evitare così come gli altri corridori diventano più veloci e agili.
Eternal Eyes (USA)	Eternal Eyes è un gioco di ruolo isometrico per Playstation. Il malvagio generale Vorless cerca di risvegliare Luna, la dea della distruzione, ma il giovane mago Luke intende salvare il mondo dall'annientamento. Il nostro eroe può raccogliere fino a 150 Mappets (mostri burattini magici) per aiutarlo nel suo compito.
Everybody's Golf (Europe, Australia) (En,Fr,De,Es,It)	Hai mai desiderato giocare a golf senza essere infastidito da aspetti di simulazione come vento e traiettorie? Se hai risposto sì alla domanda precedente, allora abbiamo un gioco per te! Piuttosto che concentrarsi su una curva di apprendimento, Everybody's Golf si concentra sull'essere un gioco di golf divertente e divertente che non si prende sul serio. Everybody's Golf offre una varietà di opzioni di gioco tra cui Stroke e Match play, Training, Tournament, Versus, Status, Miniature Golf e una modalità Mystery segreta che si sblocca dopo che sono state soddisfatte determinate condizioni. Chiunque abbia familiarità con lo sport saprà che lo Stroke play si concentra sul punteggio più basso mentre il Match play si basa su una buca per buca, dove l'idea è vincere il maggior numero di buche.
Everybody's Golf 2 (Europe)	Gioco di golf, come l'originale, ci sono diversi personaggi tra cui scegliere e molti altri da sbloccare durante il gioco. Ogni personaggio ha i propri punti di forza e di debolezza, rendendo la selezione del personaggio qualcosa di più della semplice scelta di un look. I modelli dei personaggi stessi questa volta sono più realistici nello stile, al contrario dello stile anime dell'originale Hot Shots Golf.
Evil Dead - Hail to the King (USA) (Disc 1)	Si impersona Ash, il protagonista della trilogia di Evil Dead. L'azione si svolge cronologicamente otto anni dopo gli eventi dell'ultimo film. Ash deve ancora una volta salvare il mondo dai mostri scatenati dal Libro dei Morti, in quello che, come avrete capito, è un gioco d'azione senza compromessi.
Exciting Bass (Japan)	Fisherman's Bait porta il semplice gameplay di pesca del titolo arcade originale su Playstation. Recupera 6 pesci diversi come la trota iridea e il persico trota utilizzando 7 tipi di esca. Una volta mangiato un boccone, trascina la preda premendo i pulsanti in modo alternato. Modalità Torneo Sfida e cattura più pesci che puoi entro il limite di tempo stabilito!
Exhumed (Europe) (En,Fr,De,Es)	Una spedizione archeologica per portare alla luce tesori dimenticati da tempo ha rivelato una storia più oscura di quanto si pensasse possibile, molto di più. Un'antica forza del male, né di questo tempo né di questo mondo, è rimasta sepolta da quando gli egiziani camminavano sulla terra. Ora è stato riesumato. Ovviamente tu, l'eroe, devi scoprire cosa sta succedendo in Egitto. Il tuo elicottero si schianta all'interno di questa zona pericolosa e devi sopravvivere da solo. Incontra gli dei egizi e segui i loro consigli. Exhumed è uno sparatutto in prima persona ambientato con un tema egiziano. Ventuno livelli per trovare sei oggetti sacri con i quali puoi saltare più in alto, galleggiare sott'acqua, galleggiare ed eseguire altri eroi. Sconfiggi i boss e uccidi altre creature usando otto armi che vanno dalle spade alle pistole al bastone magico. Exumed per le console Playstation e Saturn è stato rilasciato come Powerslave negli Stati Uniti.
Extra Bright (Japan)	Extra Bright è uno sparatutto &quot;rail-shooter&quot; completamente in 3D, ma ci si può muovere solo a destra o a sinistra. Ciò significa che la vostra nave si muove costantemente in avanti. I livelli sono vari: si vola sopra le scogliere, si fanno curve strette e si sfreccia attraverso passaggi dai colori vivaci o addirittura bui. Il ritmo di gioco è particolarmente energico.
Extreme Ghostbusters - The Ultimate Invasion (Europe) (En,Fr,De,Es,It,Nl)	Extreme Ghostbusters è basato sulla serie animata che era un sequel dei 2 film di Ghostbusters. Il gioco è uno sparatutto d'azione compatibile con i fucili di precisione sulla console. Mostra la tua abilità, precisione e prontezza di riflessi mentre sconfiggi quei terribili fantasmi. Spara a volontà! Attività altamente paranormali sono state appena rilevate a New York.
Extreme Go-Kart Racing (USA)	Questa versione dal valore aggiunto arriva in Nord America per gentile concessione di Tommo e A1 Games. Gioca nei panni di uno dei 12 corridori che competono per il primo posto su sette diverse piste da corsa, che includono pavimentazioni e paesaggi ghiacciati. Tre modalità di gioco includono: Grand Prix, Time Attack e Two-Player Versus. Usa la tecnica della derapata e afferra le capsule turbo disseminate sui percorsi di gara per darti un vantaggio competitivo.
F1 2000 (USA) (En,Fr,Es)	F1 2000 è stato l'ultimo gioco di corse di F1 di Visual Sciences su PlayStation. Con una licenza ufficiale FIA ​​di Formula Uno, include l'intera stagione del Campionato del Mondo 2000, compreso il nuovo Gran Premio di Indianapolis degli Stati Uniti e il Jaguar Racing Team. Le modalità di gioco prevedono un campionato completo, gare veloci, weekend di gare, griglia personalizzata e modalità cronometro. Nella sezione multiplayer, puoi sfidarti a schermo diviso per 2 giocatori o giocare in modalità cronometro hot-seat per un massimo di 22 giocatori. Tutte le auto possono essere messe a punto ai box. Vengono visualizzati i dati telemetrici completi per modifiche dettagliate alla configurazione. Le tue migliori prestazioni possono essere salvate nella modalità replay, compresi i momenti salienti della gara. In questa versione, gli avversari controllati dal computer ora hanno un comportamento di corsa più realistico, poiché commettono errori e hanno guasti alla macchina.
F1 Championship Season 2000 (USA) (En,Fr,Es)	EA Sports è nota per la costante ricerca dell'autenticità nei propri giochi e il titolo di corse Indy Car F1 Championship Season 2000 non fa eccezione. Il gioco presenta piloti reali in auto vere, che corrono su piste reali. C'è anche un programma accurato delle gare e commenti di annunciatori reali in quattro lingue diverse. L'azione nella stagione 2000 del campionato F1 si basa su un mix di fisica &quot;reale&quot; e &quot;arcade&quot;, con l'intenzione di fornire un aspetto realistico ma assicurando che il gioco sia comunque divertente da giocare. Il gioco presenta anche una modalità a schermo diviso che consente a due giocatori di gareggiare l'uno contro l'altro contemporaneamente.
F1 World Grand Prix (USA)	F1 World Grand Prix 2000 è un simulatore di corse di Formula 1 progettato per i veri appassionati. È stata dedicata particolare attenzione al realismo e all'accuratezza storica. Il gioco presenta 22 piloti reali provenienti da 11 scuderie di F1 e l'azione si svolge su simulazioni dettagliate di circuiti reali di tutto il mondo. Il gioco presenta una modalità Sfida che mette il giocatore in situazioni speciali basate su eventi di gara reali che hanno coinvolto piloti di F1. La sfida può consistere nel raggiungere il leader a pochi giri dalla fine o nel bloccare gli avversari e aiutare un compagno di squadra a portarsi in testa. La modalità a due giocatori di F1 World Grand Prix 2000 consente di gareggiare testa a testa contro un amico su uno schermo diviso in verticale o in orizzontale.
F1 World Grand Prix - 1999 Season (USA) (En,Fr,De,Es,It)	F1 World Grand Prix: 1999 Season di Eidos Interactive è un gioco di corse di Formula 1 basato sull'evento di corse del campionato mondiale del 1999. Il gioco ti mette al posto del 22esimo partecipante alle gare. Ti verrà offerta una visione diretta della competizione impegnativa che i veri corridori affrontano ogni giorno.nnIl gioco ha il pieno supporto FOA, quindi sono inclusi tutti gli 11 team reali e i 22 piloti. Ogni vettura è inoltre modellata fedelmente dalla sua controparte reale, fin nei minimi dettagli. Infatti, gli sviluppatori insistono sul fatto che se sei in grado di guidare bene, i tuoi tempi sul giro sui diversi circuiti dovrebbero essere molto simili a quelli reali della stagione 1999. I circuiti vengono replicati anche dalle immediate vicinanze, fino alle zone circostanti l'ambito normale di un gioco di corse.
F1 World Grand Prix - Saison 2000 (France)	F1 World Grand Prix 2000 è un simulatore di corse di Formula 1 progettato per i veri appassionati. È stata dedicata particolare attenzione al realismo e all'accuratezza storica. Il gioco presenta 22 piloti reali provenienti da 11 scuderie di F1 e l'azione si svolge su simulazioni dettagliate di circuiti reali di tutto il mondo. Il gioco presenta una modalità Sfida che mette il giocatore in situazioni speciali basate su eventi di gara reali che hanno coinvolto piloti di F1. La sfida può consistere nel raggiungere il leader a pochi giri dalla fine o nel bloccare gli avversari e aiutare un compagno di squadra a portarsi in testa. La modalità a due giocatori di F1 World Grand Prix 2000 consente di gareggiare testa a testa contro un amico su uno schermo diviso in verticale o in orizzontale.
Family 1500 Series - Mahjong (Japan)	Family 1500 Series - Mahjong è un gioco mahjong che presenta 9 diversi avversari controllati dal computer, il giocatore può definire la difficoltà e le regole della partita.
Family Feud (USA)	Family Feud è basato sulla versione del 1999 del gioco televisivo condotto da Louie Anderson. Come in televisione, il gioco prevede due squadre di cinque persone che competono per indovinare le risposte più popolari a una serie di domande di un sondaggio. La squadra vincitrice accede al round finale dove, ancora una volta, i giocatori cercano di trovare le risposte più popolari per ottenere il maggior numero di punti nella speranza di vincere i grandi premi bonus virtuali del gioco. Il presentatore Louie Anderson appare in un video full-motion mentre spiega le regole, pone le domande del sondaggio e assegna i premi. Diverse opzioni consentono ai giocatori di personalizzare i nomi e l'aspetto dei membri della loro squadra familiare sullo schermo. Sono disponibili cinque famiglie pre-renderizzate ed è possibile salvare fino a cinque gruppi personalizzati.
Family Gunjin Shougi (Japan)	Family Gunjin Shogi è un gioco da tavolo per consentire ai giocatori di divertirsi al massimo con il &quot;gunjin shogi&quot; (scacchi giapponesi con tema militare). La chiave per superare in astuzia l'avversario altamente intelligente controllato dal computer è pensare a qualche passo in avanti quando disponi i tuoi pezzi. Stuzzica il tuo cervello con questo gioco oggi stesso!
Family Shougi - Super Strong (Japan)	Family Shougi - Super Strong è un gioco di Shogi che presenta diverse modalità di gioco, contro un altro giocatore umano o contro un avversario computerizzato
Famires e Youkoso! (Japan)	Costruisci il tuo impero di ristoranti per famiglie. Il giocatore può scegliere il luogo, lo stile, il personale (cameriera, cuoco, ecc.), l'arredamento, i diversi tipi di tavoli e può anche scegliere i menu. Il gioco ha un bel sistema di controllo che lo rende davvero facile da giocare e una bellissima grafica 2D. il gioco presenta 3 zone diverse all'inizio del gioco affinché il giocatore possa sceglierne una e giocarci.
Fantastep (Japan)	“Se hai coraggio, puoi firmare con il tuo nome l'ultima pagina di un'immagine”. È scritto sulla copertina di Fantastep (alias Fantasy Tap), un gioco d'avventura pubblicato per Playstation. Il gioco inizia quando un ragazzino arriva a casa con un libro che ha comprato quel giorno, inizia a leggerlo e si addormenta, ha un incubo in cui viene inseguito da uno strano mostro alieno, si sveglia e lascia cadere il libro sul pavimento e quando lo raccoglie di nuovo prende un altro libro che si trova al suo interno, inizia a leggerlo e il libro gli chiede di scrivere il suo nome. Non appena lo fa, viene trasportato all'interno del libro e appare nel mondo fantastico che vi è descritto.
Farland Story - Yottsu no Fuuin (Japan)	&quot;Farland Story&quot; è il primo della serie di giochi di ruolo strategici giapponesi di successo. L'eroe principale del gioco è un cavaliere di nome Arc, innamorato della bellissima sacerdotessa Ferio. Un giorno, quando Arc e la sua migliore amica Randia sono fuori città, un esercito ostile al comando di un misterioso Cavaliere Nero invade la città e rapisce Ferio. Inizia così la ricerca di Arc per sconfiggere i nemici e salvare la sua amata dalle loro grinfie.
Fatal Fury - Wild Ambition (USA)	Una vendetta di lunga data culmina con grande suspense in Fatal Fury: Wild Ambition. Con rabbia vendicativa, un combattente cerca la verità e la redenzione contro lo spietato signore del crimine che ha ucciso suo padre. Pugni volano, denti cadono e il dolore risuona quando spazzi via alcuni dei combattenti più duri che ti siano mai stati di intralcio. Gli eroi vengono dimenticati, ma le leggende non muoiono mai...
Fear Effect (USA) (Disc 1)	Fear Effect è un gioco di azione e avventura che sfrutta tutta la potenza di Playstation. Inizia scegliendo uno di questi tre mercenari: la bellissima e misteriosa Hana, l'ex ufficiale dell'esercito Glas e lo spietato assassino Deke. Da qualche parte nella futuristica Hong Kong, piena di grandi corporazioni, macchine volanti ed elicotteri, sede della famosa mafia della Triade, devi trovare la giovane Wee Ming Lam, la figlia di un potente gangster. Ma Hana e i suoi collaboratori non sospettano che la loro ricerca di Wee Ming li condurrà non solo in zone molto pericolose di Hong Kong, ma anche nelle città circostanti infestate da zombi, un bordello-ristorante e l'inferno cinese, dove potrai devo affrontare Yim Lau Wong, l'equivalente cinese di Satana occidentale ...
Fear Effect 2 - Retro Helix (USA) (Disc 1)	Nel prossimo futuro, il lavoro dell'umanità con la scienza della genetica e il processo di sviluppo della mappatura del genoma ha portato alla creazione accidentale di una nuova malattia nota come EINDS. Questa malattia, che attacca il DNA di una cellula e arresta la mitosi e la meiosi (i processi che consentono alle nostre cellule di duplicarsi), ha ucciso quasi un miliardo di persone e non è stata scoperta alcuna speranza di guarigione.Con la rapida diffusione della malattia, si teme che le manipolazioni del DNA porteranno alla completa rovina dell'umanità. Spetta a tre mercenari e una donna misteriosa senza passato unire i loro sforzi separati in un'avventura che coinvolge pericolo, intrighi e coinvolgimento soprannaturale, con il premio forse essere la salvezza per il genere umano. Fear Effect: Retro Helix è un gioco di avventura cinematografica per PlayStation.
Fear Factor (USA) (Beta) (1999-05-05)	Fear Effect è un gioco di azione e avventura che sfrutta tutta la potenza di Playstation. Inizia scegliendo uno di questi tre mercenari: la bellissima e misteriosa Hana, l'ex ufficiale dell'esercito Glas e lo spietato assassino Deke. Da qualche parte nella futuristica Hong Kong, piena di grandi corporazioni, macchine volanti ed elicotteri, sede della famosa mafia della Triade, devi trovare la giovane Wee Ming Lam, la figlia di un potente gangster. Ma Hana e i suoi collaboratori non sospettano che la loro ricerca di Wee Ming li condurrà non solo in zone molto pericolose di Hong Kong, ma anche nelle città circostanti infestate da zombi, un bordello-ristorante e l'inferno cinese, dove potrai devo affrontare Yim Lau Wong, l'equivalente cinese di Satana occidentale ...
Fever 2 - Sankyo Koushiki Pachinko Simulation (Japan)	Fever 2: Sankyo Koushiki Pachinko Simulation è il secondo gioco della serie di giochi d'azzardo pachinko rilasciata da ICS per la console Playstation One ed è un gioco d'azzardo che presenta le 3 diverse versioni della macchina da gioco pachinko CR Fever ghost (CR Fever ghost SP, GP e DX). Il gioco presenta anche una modalità storia in cui il giocatore può scegliere tra un giocatore d'azzardo maschio o femmina che andrà in giro per i luoghi di pachinko per vincere premi.
Fever 4 - Sankyo Koushiki Pachinko Simulation (Japan)	Sankyo Fever 4 è il quarto gioco della serie di giochi d'azzardo pachinko rilasciata da ICS per la console Playstation One ed è un gioco d'azzardo che presenta 3 macchine pachiko da gioco: Fever Street Fighter II (SP, GP e DX), Fever Seven Flash (SP, GP e DX) e Poyo Yong Alien (SP, GP e DX).
Fever 5 - Sankyo Koushiki Pachinko Simulation (Japan)	Sankyo Fever 5 è il quinto gioco della serie di giochi d'azzardo pachinko rilasciata da ICS per la console Playstation One ed è un gioco d'azzardo che presenta 2 modalità di gioco.
FIFA - Die WM-Qualifikation 98 (Germany) (En,Fr,De,Es,Nl,Sv)	FIFA 98 è un gioco di calcio rilasciato per Playstation. I professionisti del pallone si incontrano sull'erba per contendersi l'onore di essere i primi a mettere la palla in rete. Puoi giocare con i tuoi amici in modalità multiplayer.nnVinci il campionato del mondo con la tua squadra preferita.
FIFA - En Route pour la Coupe du Monde 98 (France) (En,Fr,De,Es,Nl,Sv)	FIFA 98 è un gioco di calcio rilasciato per Playstation. I professionisti del pallone si incontrano sull'erba per contendersi l'onore di essere i primi a mettere la palla in rete. Puoi giocare con i tuoi amici in modalità multiplayer.nnVinci il campionato del mondo con la tua squadra preferita.
FIFA - Road to World Cup 98 (USA) (En,Fr,De,Es,Nl,Sv)	FIFA 98 è un gioco di calcio rilasciato per Playstation. I professionisti del pallone si incontrano sull'erba per contendersi l'onore di essere i primi a mettere la palla in rete. Puoi giocare con i tuoi amici in modalità multiplayer.nnVinci il campionato del mondo con la tua squadra preferita.
FIFA - Rumbo al Mundial 98 (Spain) (En,Fr,De,Es,Nl,Sv)	FIFA 98 è un gioco di calcio rilasciato per Playstation. I professionisti del pallone si incontrano sull'erba per contendersi l'onore di essere i primi a mettere la palla in rete. Puoi giocare con i tuoi amici in modalità multiplayer.nnVinci il campionato del mondo con la tua squadra preferita.
FIFA 2000 (Europe) (En,De,Es,Nl,Sv)	Questa versione della serie FIFA conteneva oltre 40 squadre “classiche”, consentendo ai giocatori di impersonare leggende del calcio ormai ritirate. Ha segnato l'introduzione della Major League Soccer, che ha sostituito il campionato “americano” fittizio precedentemente incluso, nonché i campionati nazionali di Danimarca, Grecia, Israele, Norvegia e Turchia (anche se il Galatasaray S.K. non è presente nel gioco).
FIFA 2000 - Europe League Soccer (Japan)	Questa versione della serie FIFA conteneva oltre 40 squadre “classiche”, consentendo ai giocatori di impersonare leggende del calcio ormai ritirate. Ha segnato l'introduzione della Major League Soccer, che ha sostituito il campionato “americano” fittizio precedentemente incluso, nonché i campionati nazionali di Danimarca, Grecia, Israele, Norvegia e Turchia (anche se il Galatasaray S.K. non è presente nel gioco).
FIFA 2000 - Major League Soccer (USA) (En,De,Es,Nl,Sv)	Questa versione della serie FIFA conteneva oltre 40 squadre “classiche”, consentendo ai giocatori di impersonare leggende del calcio ormai ritirate. Ha segnato l'introduzione della Major League Soccer, che ha sostituito il campionato “americano” fittizio precedentemente incluso, nonché i campionati nazionali di Danimarca, Grecia, Israele, Norvegia e Turchia (anche se il Galatasaray S.K. non è presente nel gioco).
FIFA 2001 (USA) (En,De,Es,Nl,Sv)	FIFA 2001 torna alle origini frenetiche della serie. Il gameplay è bilanciato in modo diverso rispetto alle versioni precedenti e include la possibilità di giocare online. Include 17 campionati da tutto il mondo oltre a più di 50 squadre nazionali. Sono disponibili le modalità Esibizione, Torneo, Campionato, Coppa, Stagione e Allenamento, che vanno dalla semplice competizione a girone all'italiana ai semplici turni a eliminazione diretta fino a combinazioni dei due, e i roster dei giocatori sono il più aggiornati possibile.
FIFA 97 (Europe) (En,Fr,De,Es,It,Sv)	Dopo un'impressionante uscita con FIFA Soccer, EA torna in questa stagione con la sua linea calcistica continua, FIFA Soccer 97. Tutto è stato rifatto per garantire ai giocatori il massimo dal loro investimento. Per offrire un'esperienza di gioco più completa, EA ha fatto in modo che ogni squadra, oltre 4.200 giocatori e 11 campionati internazionali entrassero a far parte del gioco. Scegliete tra quattro diverse modalità di gioco e molto altro ancora. EA ha sviluppato FIFA Soccer 97 pensando agli appassionati di giochi sportivi. Sono inclusi replay interattivi completi. È possibile giocare un campionato o una coppa e allenarsi prima di giocare. Il gioco può essere personalizzato in base allo stile di azione o simulazione, con la possibilità di attivare o disattivare falli, infortuni e fuorigioco. Questa versione include anche una modalità di gioco indoor 6 contro 6 e varie opzioni multiplayer.
FIFA 99 (USA) (En,Fr,De,Es,Nl,Sv)	Questo è stato il terzo titolo FIFA in poco più di un anno. Comprende 42 squadre nazionali e 250 squadre di club provenienti da 12 campionati diversi, con cui è possibile giocare una stagione completa e realistica, la Super League preimpostata o un campionato o una coppa di propria creazione. È possibile impostare formazioni e tattiche e trasferire i giocatori da una squadra all'altra. Il gameplay può essere visualizzato da più angolazioni. I giocatori hanno più animazioni che mai, con nuove mosse che includono contrasti in scivolata e controllo ravvicinato del pallone. I portieri ora hanno un livello di controllo umano.
FIFA 99 - Europe League Soccer (Japan)	Questo è stato il terzo titolo FIFA in poco più di un anno. Comprende 42 squadre nazionali e 250 squadre di club provenienti da 12 campionati diversi, con cui è possibile giocare una stagione completa e realistica, la Super League preimpostata o un campionato o una coppa di propria creazione. È possibile impostare formazioni e tattiche e trasferire i giocatori da una squadra all'altra. Il gameplay può essere visualizzato da più angolazioni. I giocatori hanno più animazioni che mai, con nuove mosse che includono contrasti in scivolata e controllo ravvicinato del pallone. I portieri ora hanno un livello di controllo umano.
FIFA Football 2002 (Europe) (En,De,Es,Nl,Sv)	FIFA Football 2002 (noto come FIFA Soccer 2002: Major League Soccer in Nord America e FIFA 2002: Road to FIFA World Cup in Giappone), comunemente noto come FIFA 2002, è un videogioco di calcio pubblicato nel 2001, prodotto da Electronic Arts e distribuito da EA Sports. FIFA 2002 è il nono gioco della serie FIFA.
FIFA Football 2003 (Europe) (En,Nl,Sv)	FIFA 2003 continua la tendenza di migliorare ogni anno la nuova versione mantenendo la formula che ha funzionato, ma aggiungendo anche nuove caratteristiche per rendere il gioco più divertente. Alcune di queste nuove funzionalità includono un controllo “Freestyle”, che si attiva con la levetta destra e consente di eseguire mosse speciali, come finte o calci in avanti per guadagnare velocità. Il nuovo e migliorato controllo “palla morta” rende i calci d'angolo, i calci di punizione, ecc. più controllabili e offre più opzioni. Il gioco di passaggi è stato migliorato per consentire passaggi migliori calciando direttamente a un compagno di squadra, passando senza una destinazione precisa o effettuando passaggi aperti per consentire a chiunque di riceverli.
FIFA Football 2004 (Europe) (En,Nl,Sv)	FIFA Soccer 2004 include diciotto campionati, con trentacinque squadre nazionali e oltre diecimila giocatori. Portali in una carriera pluristagionale, in tornei individuali o in partite singole. Come gli altri giochi EA del 2004, presenta una modalità carriera approfondita, in cui dovrai gestire il tuo budget e la tua squadra. Promuovi i giocatori, retrocedili e rinegozia i contratti, il tutto nel tentativo di portare la tua squadra alle finali ancora e ancora. Le abilità da padroneggiare vanno dai passaggi con il piede e i colpi di testa ai passaggi al volo e alle rovesciate. Puoi prendere il controllo dei giocatori prima che la palla li raggiunga, il che rende più facile trovare lo spazio per prendere la palla. Come altri titoli del 2004, FIFA utilizza la levetta analogica destra per il suo gameplay Freestyle.
FIFA Football 2005 (Europe) (En,Nl)	FIFA Football 2005 ti offre un controllo senza precedenti grazie alla maggiore sensibilità dei pulsanti e dei comandi e all'intuitivo movimento senza palla. Ora puoi prendere il comando dei giocatori che non sono in possesso della palla, ordinando loro di effettuare contrasti, lottare per lo spazio e mandare i tuoi compagni di squadra in corsa mentre controlli il campo. Con oltre 350 licenze ufficiali di squadre e campionati di tutto il mondo, una modalità Carriera potenziata e una trasmissione migliorata, FIFA Football 2005 ti offre un'esperienza calcistica completa e autentica.
FIFA Soccer 2002 (USA) (En,Es)	FIFA Football 2002 (noto come FIFA Soccer 2002: Major League Soccer in Nord America e FIFA 2002: Road to FIFA World Cup in Giappone), comunemente noto come FIFA 2002, è un videogioco di calcio pubblicato nel 2001, prodotto da Electronic Arts e distribuito da EA Sports. FIFA 2002 è il nono gioco della serie FIFA.
FIFA Soccer 2003 (USA) (En,Es)	FIFA 2003 continua la tendenza di migliorare ogni anno la nuova versione mantenendo la formula che ha funzionato, ma aggiungendo anche nuove caratteristiche per rendere il gioco più divertente. Alcune di queste nuove funzionalità includono un controllo “Freestyle”, che si attiva con la levetta destra e consente di eseguire mosse speciali, come finte o calci in avanti per guadagnare velocità. Il nuovo e migliorato controllo “palla morta” rende i calci d'angolo, i calci di punizione, ecc. più controllabili e offre più opzioni. Il gioco di passaggi è stato migliorato per consentire passaggi migliori calciando direttamente a un compagno di squadra, passando senza una destinazione precisa o effettuando passaggi aperti per consentire a chiunque di riceverli.
FIFA Soccer 2004 (USA) (En,Es)	FIFA Soccer 2004 include diciotto campionati, con trentacinque squadre nazionali e oltre diecimila giocatori. Portali in una carriera pluristagionale, in tornei individuali o in partite singole. Come gli altri giochi EA del 2004, presenta una modalità carriera approfondita, in cui dovrai gestire il tuo budget e la tua squadra. Promuovi i giocatori, retrocedili e rinegozia i contratti, il tutto nel tentativo di portare la tua squadra alle finali ancora e ancora. Le abilità da padroneggiare vanno dai passaggi con il piede e i colpi di testa ai passaggi al volo e alle rovesciate. Puoi prendere il controllo dei giocatori prima che la palla li raggiunga, il che rende più facile trovare lo spazio per prendere la palla. Come altri titoli del 2004, FIFA utilizza la levetta analogica destra per il suo gameplay Freestyle.
FIFA Soccer 2005 (USA) (En,Es)	FIFA Football 2005 ti offre un controllo senza precedenti grazie alla maggiore sensibilità dei pulsanti e dei comandi e all'intuitivo movimento senza palla. Ora puoi prendere il comando dei giocatori che non sono in possesso della palla, ordinando loro di effettuare contrasti, lottare per lo spazio e mandare i tuoi compagni di squadra in corsa mentre controlli il campo. Con oltre 350 licenze ufficiali di squadre e campionati di tutto il mondo, una modalità Carriera potenziata e una trasmissione migliorata, FIFA Football 2005 ti offre un'esperienza calcistica completa e autentica.
FIFA Soccer 96 (USA) (En,Fr,De,Es,It,Sv)	FIFA Soccer 96 per la console Sony PlayStation segna una transizione fluida dal mercato a 16 bit a quello a 32 bit. Tutte le principali squadre di calcio sono rappresentate in questa autentica replica calcistica. Scegli la tua nazionale preferita e scendi in campo in diverse modalità di gioco, come il Torneo. Se non sei il guru del calcio che pensi di essere, vai su Esibizione e affina le tue abilità calcistiche. Pensi che la tua squadra abbia quello che serve per arrivare ai Mondiali? Allora fatti avanti, indossa la tua divisa e avvia l'ultima creazione calcistica di Electronic Arts, FIFA Soccer 96.
FIFA Soccer 97 (USA) (En,Fr,De,Es,It,Sv)	Dopo un'impressionante uscita con FIFA Soccer, EA torna in questa stagione con la sua linea calcistica continua, FIFA Soccer 97. Tutto è stato rifatto per garantire ai giocatori il massimo dal loro investimento. Per offrire un'esperienza di gioco più completa, EA ha fatto in modo che ogni squadra, oltre 4.200 giocatori e 11 campionati internazionali entrassero a far parte del gioco. Scegliete tra quattro diverse modalità di gioco e molto altro ancora. EA ha sviluppato FIFA Soccer 97 pensando agli appassionati di giochi sportivi. Sono inclusi replay interattivi completi. È possibile giocare un campionato o una coppa e allenarsi prima di giocare. Il gioco può essere personalizzato in base allo stile di azione o simulazione, con la possibilità di attivare o disattivare falli, infortuni e fuorigioco. Questa versione include anche una modalità di gioco indoor 6 contro 6 e varie opzioni multiplayer.
Fifth Element, The (USA)	Tratto dall'omonimo film, The Fifth Element è un'avventura in terza persona in cui si assume la personalità di uno dei due personaggi. Le tue due scelte derivano dai due personaggi principali del film, Korben Dallas o Leeloo Minai Lekatariba-Lamina-Tchai Ekbat. Korben, interpretato da Bruce Willis nel film, è un tassista. Vive a New York quando inizia la partita, ed è l'unico uomo in grado di salvare il mondo. Leeloo è il quinto elemento. È l'unica speranza che l'universo ha contro il Male Puro. La storia racconta che ogni cinquemila anni si apre una porta tra le dimensioni. Una dimensione è il nostro universo e l'altra è l'anti-universo. Questo universo è conosciuto come Male Puro, e attende che le porte si aprano, poiché ogni cinquemila anni i quattro elementi fondamentali (terra, aria, fuoco, acqua) sono raccolti intorno al quinto essere perfetto (Leeloo). I due personaggi hanno a disposizione diverse opzioni. Korben può usare le pistole, mentre Leeloo può usare le granate. Questo vi aiuta in alcuni aspetti del gioco, e scegliere il vostro personaggio con saggezza può significare la differenza tra la vita e la morte.
Fighters' Impact (Japan, Asia)	Fighter's Impact è un gioco di combattimento 3D basato sull'Arcade Machine realizzato da Taito. Il gameplay è quello usuale in un gioco di combattimento, il che significa combattere contro altri combattenti utilizzando un'ampia varietà di abilità di arti marziali selezionabili per alterare i loro distintivi stili di combattimento. L'interesse del gioco sono le lunghe combo che si susseguono all'infinito. In questo gioco puoi persino creare le tue combo. Ogni personaggio ha 3 diversi stili di combattimento tra cui il giocatore può selezionarne uno prima di iniziare un combattimento.
Fighting Force & Tomb Raider II (Germany) (En,Fr,De) (Demo)	Fighting Force è un videogioco 3D del genere picchiaduro, pubblicato nel 1997, sviluppato da Core Design e pubblicato da Eidos. Concepito nella stessa vena classica dei giochi Streets of Rage e Double Dragon (originariamente sarebbe stato un sequel di Streets of Rage per Sega Saturn) ma a causa della discordia tra Sega e Core il gioco ha cambiato nome ed è finito in uscita per PlayStation, PC e Nintendo 64 (quest'ultimo con il nome di Fighting Force 64).
Fighting Force (USA)	Fighting Force è un videogioco 3D del genere picchiaduro, pubblicato nel 1997, sviluppato da Core Design e pubblicato da Eidos. Concepito nella stessa vena classica dei giochi Streets of Rage e Double Dragon (originariamente sarebbe stato un sequel di Streets of Rage per Sega Saturn) ma a causa della discordia tra Sega e Core il gioco ha cambiato nome ed è finito in uscita per PlayStation, PC e Nintendo 64 (quest'ultimo con il nome di Fighting Force 64).
Fighting Illusion V - K-1 Grand Prix '99 (Japan)	Fighting Illusion: K-1 Grand Prix '99 è il seguito di Fighting Illusion: K-1 Grand Prix '98 (questa versione del gioco non è stata rilasciata fuori dal Giappone) e presenta 40 combattenti.
Fighting Network Rings (Japan)	RINGS è stata una promozione giapponese di wrestling professionistico e successivamente un'organizzazione di arti marziali miste dal 1991 al 2002. È stata fondata da Akira Maeda l'11 maggio 1991, in seguito allo scioglimento della Newborn UWF. Lo scopo di questo gioco è scalare la scalata al campionato sconfiggendo tutti i tuoi avversari usando sottomissione, KO o TKO. Il gioco presenta diverse modalità di gioco.
Final Doom (USA)	Il marine spaziale preferito da tutti &quot;pronto ad affrontare le orde dell'inferno&quot; è tornato per un'ultima volta di gloria. Sai, è il ragazzo che corre per i grandi mondi alieni bombardando Barons of Hell e Zombies con lanciarazzi, fucili a doppia canna e GGG, il tutto mentre cerca di salvare il nostro piccolo pianeta dai pericoli. È ora che diano una pausa a questo ragazzo, ed è quello che stanno facendo. Il gioco, giustamente intitolato Final Doom, è l'ultimo gioco Doom in questa leggendaria e rivoluzionaria serie di sparatutto a scorrimento 3D.
Final Fantasy (Japan)	Final Fantasy per PS1 è il remake del gioco classico che è stato rilasciato per la prima volta su NES / Famicom. Questa versione che è stata rilasciata solo in Giappone è una versione simile a quella rilasciata in Final Fantasy Origins. Le differenze consistono principalmente in un miglioramento grafico e l'aggiunta di CGI. Il gioco stesso è un gioco a turni in cui il giocatore crea 4 personaggi, scegliendo tra una manciata di classi diverse. Questi eroi intraprendono un viaggio per trovare i 4 cristalli elementali e salvare il mondo. Consiste principalmente nell'andare di città in città e in prigione per sconfiggere mostri, accumulare oro ed esperienza e scoprire la trama del gioco.
Final Fantasy Anthology - European Edition - Final Fantasy IV (Europe, Australia)	Il cavaliere oscuro Cecil ha ricevuto un ordine dal suo re per attuare i suoi cattivi piani. Cecil, tuttavia, rinuncia alla sua lealtà per porre fine alle folli vicende del monarca. Nella ricerca dei cristalli dell'elemento sacro, vesti i panni di Cecil e guidi lui e altri 11 personaggi attraverso la mappa del mondo. Viaggi su terra, acqua e aria, esplori città e fortificazioni, risolvi enigmi e combatti contro legioni di mostri diabolici.
Final Fantasy Anthology - European Edition - Final Fantasy V (Europe, Australia)	I cristalli elementali ... la fonte di vita del pianeta. Con loro soffiano venti gentili, i mari sono attivi, il fuoco arde luminoso e la terra è piena di vita. Tutto sembra a posto nel mondo, finché il vento non si ferma improvvisamente, il mare inizia a ristagnare, il calore del fuoco scarseggia e la terra inizia ad appassire. King Tycoon, percependo una premonizione del male, si affretta a controllare il Cristallo del Vento, solo per assistere alla sua distruzione. Nel frattempo, un giovane viaggiatore di nome Butz è in campeggio in un campo quando una meteora gigante colpisce il pianeta. Quando esce per esaminare la meteora, è scioccato nel trovare una giovane ragazza di nome Lenna, che è la principessa di Tycoon, e un vecchio di nome Galuf, che è in missione critica. Successivamente, accompagnato da Faris, un capitano pirata, il quartetto deve viaggiare per la terra alla ricerca del distruttore dei cristalli e salvare il pianeta ad ogni costo!
Final Fantasy Anthology - Final Fantasy V (USA)	I cristalli elementali ... la fonte di vita del pianeta. Con loro soffiano venti gentili, i mari sono attivi, il fuoco arde luminoso e la terra è piena di vita. Tutto sembra a posto nel mondo, finché il vento non si ferma improvvisamente, il mare inizia a ristagnare, il calore del fuoco scarseggia e la terra inizia ad appassire. King Tycoon, percependo una premonizione del male, si affretta a controllare il Cristallo del Vento, solo per assistere alla sua distruzione. Nel frattempo, un giovane viaggiatore di nome Butz è in campeggio in un campo quando una meteora gigante colpisce il pianeta. Quando esce per esaminare la meteora, è scioccato nel trovare una giovane ragazza di nome Lenna, che è la principessa di Tycoon, e un vecchio di nome Galuf, che è in missione critica. Successivamente, accompagnato da Faris, un capitano pirata, il quartetto deve viaggiare per la terra alla ricerca del distruttore dei cristalli e salvare il pianeta ad ogni costo!
Final Fantasy Anthology - Final Fantasy VI (USA)	Ambientato in un mondo fantastico con un livello tecnologico equivalente a quello della Seconda Rivoluzione Industriale, la storia del gioco si concentra su un gruppo di ribelli che cercano di rovesciare una dittatura imperiale. Il gioco presenta quattordici personaggi giocabili permanenti, la maggior parte di qualsiasi gioco della serie principale. Final Fantasy VI è stato il primo gioco della serie ad essere diretto da qualcuno diverso dal produttore e creatore della serie Hironobu Sakaguchi; il ruolo è stato invece ricoperto da Yoshinori Kitase e Hiroyuki Ito. Yoshitaka Amano, collaboratore di lunga data della serie Final Fantasy, è tornato come designer di immagini e personaggi, mentre il compositore regolare Nobuo Uematsu ha scritto la colonna sonora del gioco, che è stata pubblicata in diversi album di colonne sonore.
Final Fantasy Chronicles - Chrono Trigger (USA, Canada)	Quella che inizia come una giornata spensierata alla Millennial Fair per un giovane di nome Crono si trasforma nella sua ultima avventura. Quando Crono incontra una giovane ragazza di nome Marle, non si rende conto che questa giovane ragazza, l'invenzione del suo migliore amico Lucca, e un misterioso ciondolo lo spingeranno nel viaggio definitivo attraverso il tempo e lo spazio, incontrando nuovi amici, sconfiggendo le forze del male, e incontrare colui che avrebbe distrutto il flusso del tempo.
Final Fantasy Chronicles - Final Fantasy IV (USA, Canada)	Il cavaliere oscuro Cecil ha ricevuto un ordine dal suo re per attuare i suoi cattivi piani. Cecil, tuttavia, rinuncia alla sua lealtà per porre fine alle folli vicende del monarca. Nella ricerca dei cristalli dell'elemento sacro, vesti i panni di Cecil e guidi lui e altri 11 personaggi attraverso la mappa del mondo. Viaggi su terra, acqua e aria, esplori città e fortificazioni, risolvi enigmi e combatti contro legioni di mostri diabolici.
Final Fantasy II (Japan)	Final Fantasy II è un remake del gioco originale per NES (Famicom). La versione originale è stata rilasciata solo in Giappone, ma questa versione per PS1 è stata resa disponibile al di fuori del Giappone in Final Fantasy Origins. Il gioco stesso presenta una grafica migliorata rispetto al gioco originale, oltre a nuovi film in CG. È un gioco di ruolo a turni, in cui il giocatore controlla quattro personaggi che viaggiano nelle città, nei sotterranei e nella mappa del mondo. I personaggi progrediscono aumentando le loro statistiche alla fine delle battaglie, a seconda di ciò che è realmente accaduto nella battaglia, invece di guadagnare livelli.
Final Fantasy IV (Japan)	Il cavaliere oscuro Cecil ha ricevuto un ordine dal suo re per attuare i suoi cattivi piani. Cecil, tuttavia, rinuncia alla sua lealtà per porre fine alle folli vicende del monarca. Nella ricerca dei cristalli dell'elemento sacro, vesti i panni di Cecil e guidi lui e altri 11 personaggi attraverso la mappa del mondo. Viaggi su terra, acqua e aria, esplori città e fortificazioni, risolvi enigmi e combatti contro legioni di mostri diabolici.
Final Fantasy IX (USA, Canada) (Disc 1)	Corruzione: la radice di tutti i mali. La regina Brahne di Alessandria una volta fu presentata come una sovrana nobile e premurosa, che organizzava feste sontuose per mostrare apprezzamento per i suoi sostenitori. Di recente, è stata coinvolta in accordi segreti con persone misteriose. Le cose sono peggiorate quando una troupe rinnegata ha rapito sua figlia e ha cambiato il destino di un mondo un tempo pacifico. Quando il giovane Zidane Tribal e il suo gruppo interruppero una famosa commedia e rapirono la principessa Garnet Til Alexandros, le cose iniziarono a cadere a pezzi. La regina ha sparato con i cannoni e ha decimato il suo regno nel tentativo di impedire l'organizzazione terroristica, ma i suoi attacchi fallirono e la troupe fuggì con le loro vite intatte.
Final Fantasy Origins (USA)	Final Fantasy Origins è un remake di Final Fantasy e Final Fantasy II. Entrambi i giochi hanno aggiunto filmati CGI, grafica aggiornata e contenuti aggiunti. Comprende anche gallerie d'arte delle illustrazioni di Yoshitaka Amano. Final Fantasy II non è mai stato pubblicato negli Stati Uniti. Final Fantasy è un gioco di ruolo / avventura in cui vengono scelti quattro personaggi (da sei diverse classi di personaggi). È dotato di combattimento a turni, sconfiggere mostri per l'oro ed esperienza per avanzare di livelli e equipaggiamento. Anche Final Fantasy II è simile ma ha molti aspetti diversi. Non esiste un sistema di esperienza che non si basi sull'uccisione di mostri: più usi un'arma o un'armatura, più sarai abile.
Final Fantasy Origins - Final Fantasy (Europe)	Final Fantasy per PS1 è il remake del gioco classico che è stato rilasciato per la prima volta su NES / Famicom. Questa versione che è stata rilasciata solo in Giappone è una versione simile a quella rilasciata in Final Fantasy Origins. Le differenze consistono principalmente in un miglioramento grafico e l'aggiunta di CGI. Il gioco stesso è un gioco a turni in cui il giocatore crea 4 personaggi, scegliendo tra una manciata di classi diverse. Questi eroi intraprendono un viaggio per trovare i 4 cristalli elementali e salvare il mondo. Consiste principalmente nell'andare di città in città e in prigione per sconfiggere mostri, accumulare oro ed esperienza e scoprire la trama del gioco.
Final Fantasy Origins - Final Fantasy II (Europe)	Final Fantasy II è un remake del gioco originale per NES (Famicom). La versione originale è stata rilasciata solo in Giappone, ma questa versione per PS1 è stata resa disponibile al di fuori del Giappone in Final Fantasy Origins. Il gioco stesso presenta una grafica migliorata rispetto al gioco originale, oltre a nuovi film in CG. È un gioco di ruolo a turni, in cui il giocatore controlla quattro personaggi che viaggiano nelle città, nei sotterranei e nella mappa del mondo. I personaggi progrediscono aumentando le loro statistiche alla fine delle battaglie, a seconda di ciò che è realmente accaduto nella battaglia, invece di guadagnare livelli.
Final Fantasy Tactics (USA)	Final Fantasy Tactics è un gioco di ruolo tattico sviluppato e pubblicato da Square (ora Square Enix) per la console per videogiochi Sony PlayStation. È il primo gioco della serie Final Fantasy Tactics ed è stato rilasciato in Giappone nel giugno 1997 e negli Stati Uniti nel gennaio 1998. Il gioco combina elementi tematici della serie di videogiochi Final Fantasy con un motore di gioco e un sistema di battaglia diversi da quelli precedenti visto nel franchise. A differenza di altri titoli Final Fantasy a 32 bit, Final Fantasy Tactics utilizza un campo di gioco 3D, isometrico, ruotabile, con caratteri sprite bitmap.
Final Fantasy V (Japan, Asia)	I cristalli elementali ... la fonte di vita del pianeta. Con loro soffiano venti gentili, i mari sono attivi, il fuoco arde luminoso e la terra è piena di vita. Tutto sembra a posto nel mondo, finché il vento non si ferma improvvisamente, il mare inizia a ristagnare, il calore del fuoco scarseggia e la terra inizia ad appassire. King Tycoon, percependo una premonizione del male, si affretta a controllare il Cristallo del Vento, solo per assistere alla sua distruzione. Nel frattempo, un giovane viaggiatore di nome Butz è in campeggio in un campo quando una meteora gigante colpisce il pianeta. Quando esce per esaminare la meteora, è scioccato nel trovare una giovane ragazza di nome Lenna, che è la principessa di Tycoon, e un vecchio di nome Galuf, che è in missione critica. Successivamente, accompagnato da Faris, un capitano pirata, il quartetto deve viaggiare per la terra alla ricerca del distruttore dei cristalli e salvare il pianeta ad ogni costo!
Final Fantasy VI (Europe, Australia)	Ambientato in un mondo fantastico con un livello tecnologico equivalente a quello della Seconda Rivoluzione Industriale, la storia del gioco si concentra su un gruppo di ribelli che cercano di rovesciare una dittatura imperiale. Il gioco presenta quattordici personaggi giocabili permanenti, la maggior parte di qualsiasi gioco della serie principale. Final Fantasy VI è stato il primo gioco della serie ad essere diretto da qualcuno diverso dal produttore e creatore della serie Hironobu Sakaguchi; il ruolo è stato invece ricoperto da Yoshinori Kitase e Hiroyuki Ito. Yoshitaka Amano, collaboratore di lunga data della serie Final Fantasy, è tornato come designer di immagini e personaggi, mentre il compositore regolare Nobuo Uematsu ha scritto la colonna sonora del gioco, che è stata pubblicata in diversi album di colonne sonore.
Final Fantasy VII (USA) (Disc 1)	Ambientato in un mondo distopico, la storia di Final Fantasy VII è incentrata sul mercenario Cloud Strife che si unisce ad altri compagni per fermare la Shinra Corporation, che sta prosciugando la vita del pianeta, utilizzato come fonte di energia. La loro avventura si aggraverà ulteriormente quando Cloud e i suoi alleati dovranno affrontare Sephiroth, che ha intenzione di scatenare Meteor, un'antica magia proibita, sul pianeta stesso.
Final Fantasy VIII (USA) (Disc 1)	Membro di una squadra militare d'élite, Squall è costretto a un conflitto oltre ogni immaginazione. Per sopravvivere, deve lottare con un rivale disperato, una potente strega e con i suoi sogni misteriosi. * Personaggi realistici e dettagliati e grafica di sfondo migliorata da una colonna sonora mozzafiato * Una storia epica basata sul tema dell'amore, ambientata in un enorme nuovo mondo * Il nuovo sistema di giunzione consente ai personaggi di essere personalizzati con potenti incantesimi magici tratti dai nemici * Quasi un'ora di straordinari cinema CG con motion capture perfettamente integrati nel gameplay
Final Round, The (USA)	Sei sul campo; la rugiada sta iniziando a scomparire proprio mentre ti avvicini al primo tee. Allinea il tiro e lancia la tua pallina a 350 metri lungo il centro del fairway. Tutta l'emozione e il fascino del golf arrivano su PlayStation con Konami Open Golf. Puoi scegliere tra sei diversi golfisti, ognuno con caratteristiche e abilità diverse. Una volta scelto il tuo golfista, metti alla prova le sue abilità su un campo progettato con tecnologia poligonale a 32 bit e texture mapping. Competi contro altri giocatori in un torneo o in una partita Skins. Per chi non ama la competizione, è possibile scendere in campo e allenarsi con i propri colpi preferiti. Indipendentemente da come giochi, l'eccellente commento play-by-play rende l'azione ancora più realistica. Il realismo e l'azione di Konami Open Golf ti faranno sentire come se fossi davvero sul campo.
Fire Panic - Mack no Rescue Daisakusen (Japan)	Nei panni di Rosco McQueen, devi salvare persone innocenti dal pazzo Sylvester T. Square, prima che lui e il suo esercito di oltre una dozzina di tipi di robot distruttivi radano al suolo l'edificio più alto del mondo. Da correnti d'aria e fiamme libere a incendi elettrici e fumo soffocante, combatterai 12 tipi di rischi di incendio. Inoltre, affronta 15 livelli di avventure infernali di robot bianchi, tutti fumanti con sezioni nascoste e percorsi segreti. Quindi, se stai cercando l'azione di piattaforma 3D più eccitante, solo un nome dovrebbe essere impresso nel tuo cervello, McQueen ... Rosco McQueen. L'eroe d'azione più figo della città.
Firebugs (Europe) (En,Fr,De,Es,It,Nl,Pt,Sv,No,Da,Fi)	Benvenuto nella stagione delle corse dei Firebugs, dove squadre di mondi diversi inviano il loro miglior pilota per competere per fama e gloria. Gioca nei panni di Gismo, Karrie, Zero, BOW o Kami, ognuno con una storia di fondo, un'arma speciale unica e design di veicoli alternativi che possono essere sbloccati. Corri in cinque mondi distinti: un gruppo di isole collegate (Archipelago), una fabbrica di droidi (Droid Gardens), una terra desolata (Terrian Dunes), una zona industriale (Sky Port) e una ricca città (Aerial City). Durante la corsa, l'arma personale è conservata nel vano armi sinistro. Le armi casuali che possono essere raccolte da tutti i corridori sono memorizzate sulla destra. Ci sono speciali sia offensivi che difensivi, inclusi missili, razzi, cannoni, turbo, scudo e un worm hole che teletrasporta i tuoi avversari. Dopo aver completato un giro perfetto, ricevi un'arma speciale, come il raggio di stasi (immobilizzazione) o la distorsione temporale (rallenta gli avversari).
Firemen 2, The - Pete & Danny (Japan)	The Firemen 2 racconta la storia di due coraggiosi pompieri di nome Pete Gray e Danny McClean. Sono impegnati a tenere New York al sicuro da incendi devastanti. Il gioco si svolge alla vigilia di Natale. Guidati dalla corrispondente della stazione, Winona, Pete e Danny devono visitare varie zone della città e fermare una serie di misteriosi incendi che stanno spuntando ovunque.
Firo & Klawd (Europe)	Incontra Klawd, un gatto randagio parlante e saggio che è veloce sulle sue zampe. La sua routine quotidiana negli ultimi sei mesi consisteva nel consegnare pacchi per un dollaro senza alcuna conoscenza di ciò che contenevano. Poiché non faceva mai domande sui pacchi che trasportava, era considerato un buon corriere per il Crocodillo Mob. Non sapeva che portava scatole di banconote contraffatte che valevano molto più di un dollaro.
First Kiss Story (Japan) (Disc 1)	First Kiss Star Monogatari è una visual novel romantica sviluppata da HuneX. È stato originariamente rilasciato per PC-FX il 24 aprile 1998 ed è stato l'ultimo gioco ad essere mai rilasciato per il sistema. Successivamente ha ricevuto un port su PlayStation nello stesso anno, il 26 novembre. La versione PlayStation aveva contenuti aggiuntivi e utilizzava due CD invece di uno. È seguito da un sequel anime OVA e First Kiss Story II. Il gioco, insieme al suo seguito, è stato portato su PlayStation 2 in First Kiss Stories.
First Queen IV - Varcia Senki (Japan)	La terra di Logris era originariamente abitata da elfi, nani e altre creature magiche. Quando arrivarono gli umani, le differenze culturali tra le razze non erano sufficienti a scatenare una guerra, quindi per un certo periodo coesistettero pacificamente. Alla fine gli umani si divisero in diverse nazioni più piccole. La nazione di Barcia, a nord, aveva una popolazione ridotta e il suo re Zenel temeva che il suo Paese venisse conquistato da altri. Per evitarlo, invitò il mago nero Zon, che lanciò un incantesimo sui suoi soldati. Ma niente è gratis...
Fish Eyes II (Japan)	Acque scintillanti dell'oceano e ruscelli ondulati ti circondano mentre la tua lenza viene lanciata nello scenario, cadendo nell'acqua piena di diversi pesci da catturare. Questo è il concetto alla base del popolare gioco Reel Fishing per PlayStation. La seconda edizione di Reel Fishing si basa sull'originale aggiungendo più attrezzatura, diversi tipi di pesci e ponendo maggiore enfasi sui tipi di pesci che catturi, non sulla quantità.
Fisherman's Bait - A Bass Challenge (USA)	Fisherman's Bait porta il semplice gameplay di pesca del titolo arcade originale su Playstation. Recupera 6 pesci diversi come la trota iridea e il persico trota utilizzando 7 tipi di esca. Una volta mangiato un boccone, trascina la preda premendo i pulsanti in modo alternato. Modalità Torneo Sfida e cattura più pesci che puoi entro il limite di tempo stabilito!
Fisherman's Bait - Bass Challenge (Europe)	Fisherman's Bait porta il semplice gameplay di pesca del titolo arcade originale su Playstation. Recupera 6 pesci diversi come la trota iridea e il persico trota utilizzando 7 tipi di esca. Una volta mangiato un boccone, trascina la preda premendo i pulsanti in modo alternato. Modalità Torneo Sfida e cattura più pesci che puoi entro il limite di tempo stabilito!
Fishing Freaks - BassRise Plus (Japan)	In Bass Rise puoi catturare tre tipi di pesce: persico trota, persico trota e persico sole. Oltre a pescare, la motivazione per continuare a giocare deriva dalla raccolta di più esche (centinaia in tutto) e dalla ricerca di nuovi luoghi di pesca: laghi, canali, banchine, ecc. A legare il gioco ci sono sequenze di storie con altri pescatori che offrono consigli e sfide, come catturare un determinato numero di pesci in cinque lanci. Inoltre, il gioco sfoggia una modalità concorso multiplayer che supporta fino a quattro giocatori, ma non competono contemporaneamente, il che attenua un po' l'appeal. Ogni giocatore invece ha un numero fisso di possibilità di lanciare e trascinare un pesce e vince la cattura più grande.
Fishing Koushien II (Japan)	Fishing Koshien II è il seguito pubblicato per console Playstation e Saturn di un gioco SNES pubblicato nel 1996. Il gioco presenta una bellissima grafica 2D, molti personaggi diversi con cui giocare (maschili e femminili), 3 dei quali nella tua squadra e gareggiano, e un avvincente torneo di pesca in diversi luoghi del Giappone (con diversi punti di pesca).
Fist (Japan)	Fist è un gioco di combattimento 3D con 8 personaggi. Quando giochi a Fist non puoi proprio impedire a quel cuore di battere forte. È una sensazione che non hai mai provato prima. Un posto mai visto, un'emozione come vagare in un'altra dimensione. Ed è tutto pieno di un amore diverso dall'insopportabile realtà. È un sogno o un'illusione? Porta la velocità nel loro mondo e scoprilo subito!
Flintstones, Die - Bedrock Bowling (Germany)	Tempi preistorici, attenzione: i Flintstones hanno invaso la pista da bowling! Fred Flintstone, Barney Rubble, Pebbles, Bamm-Bamm e Dino stanno approfittando di un Bedrock appena trasformato. Quel fastidioso alieno Gazoo non fa mai del bene; ora ha trasformato l'intera città in enormi piste da bowling complete di ostacoli e tanta roccia!
Flintstones, The - Bedrock Bowling (USA)	Tempi preistorici, attenzione: i Flintstones hanno invaso la pista da bowling! Fred Flintstone, Barney Rubble, Pebbles, Bamm-Bamm e Dino stanno approfittando di un Bedrock appena trasformato. Quel fastidioso alieno Gazoo non fa mai del bene; ora ha trasformato l'intera città in enormi piste da bowling complete di ostacoli e tanta roccia!
Flying Squadron (Europe)	In qualità di membro Elite dello Squadrone Volante, la tua missione è farti strada combattendo attraverso 13 livelli ricchi di azione. Usa i sistemi d'arma avanzati per distruggere gli aerei nemici. Per evitare il fuoco nemico e completare la tua missione avrai bisogno di coraggio, astuzia e reazioni rapide.
Ford Truck Mania (USA)	Pilota robusti Ford Truck su terreni impegnativi in ​​questa versione di Gotham Games per PlayStation. I giocatori scelgono tra una varietà di veicoli, tra cui otto Ford standard e quattro camion modificati, tutti con sterzo, trasmissione, pneumatici, sospensioni e persino colore regolabili. Le gare si svolgono su tre circuiti, Amatoriale, Semi Pro e Professionale, e una serie di opzioni consentono ai giocatori di personalizzare percorsi e regole in base alle proprie preferenze.
Forget Me Not - Palette (Japan)	I giocatori aiutano una ragazza, denominata B.D., che apparentemente ha avuto un'amnesia a causa di un incidente, a devono ripristinare la sua memoria come un noto psichiatra, il dottor Shian. I giocatori controllano essenzialmente B.D. nello scenario della sua memoria, che costituisce un labirinto di stanze e passaggi.
Formula 1 (USA)	La Formula 1 presenta le piste, le auto, la pubblicità e le emozioni della stagione di Formula 1 del 1996. Murray Walker fornisce il commento nel suo stile unico. I giocatori scelgono tra trenta piloti con un'abbondanza di opzioni prima ancora di scendere in pista. Le opzioni includono condizioni meteorologiche, modalità arcade o Grand Prix, dinamica dell'auto, livello di abilità e numero di round.
Formula GP (Europe)	Formula GP è un gioco di corse di Formula 1 che presenta 8 diversi circuiti in tutto il mondo (tutti fittizi poiché il gioco non ha le licenze FIA): - Inter Seca - Hiselring - Road Anderston - Scofield Island - Autogarten - Nocvest Arena - Hill Valley - Boulder Raceway Nel gioco mancano diverse modalità di gioco poiché il giocatore può solo scegliere in quale circuito vuole guidare, ma la manovrabilità delle auto è buona.
Formula Nippon '99 - Racing Driver ni Narou! (Japan)	Questo è un gioco di corse basato su una vera serie giapponese a ruote scoperte chiamata &quot;Formula Nippon&quot; (originariamente basata sulla F3000). Puoi fare progressi nella carriera dal Go Kart alla Formula 3 e infine alla Formula Nippon. Sono disponibili quattro modalità di gioco: Scenario, Arcade, Time Attack e 2 giocatori. Per Go Kart hai 4 piste a disposizione (2 piste + Reverse). In Formula 3 puoi scegliere 6 squadre reali e 14 in Formula Nippon. Queste due serie potranno correre su 5 tracciati esistenti (Suzuka, Fuji, Mine, Sugo e Motegi). La gara può essere disputata su pista asciutta o bagnata.
Formula Nippon (Europe) (Fr,De)	Questo è un gioco di corse basato su una vera serie giapponese a ruote scoperte chiamata &quot;Formula Nippon&quot; (originariamente basata sulla F3000). Puoi fare progressi nella carriera dal Go Kart alla Formula 3 e infine alla Formula Nippon. Sono disponibili quattro modalità di gioco: Scenario, Arcade, Time Attack e 2 giocatori. Per Go Kart hai 4 piste a disposizione (2 piste + Reverse). In Formula 3 puoi scegliere 6 squadre reali e 14 in Formula Nippon. Queste due serie potranno correre su 5 tracciati esistenti (Suzuka, Fuji, Mine, Sugo e Motegi). La gara può essere disputata su pista asciutta o bagnata.
Formula One 2000 (USA)	Formula One 2000 è un gioco di corse di Formula Uno con licenza ufficiale. Il gioco è il quinto della serie Psygnosis/Sony di giochi di corse di Formula Uno. Tutte le piste, i team, le auto e i piloti della stagione 2000 sono presenti nel gioco e possono essere selezionati. Il gioco presenta un modello di danno realistico e varie modalità di corsa, tra cui campionato, fine settimana di gara singolo, prove libere e modalità schermo diviso per due giocatori. Prima di ogni gara è possibile personalizzare molti aspetti della vettura. Questa è la prima della serie a presentare una safety car.
Formula One 2001 (Europe) (En,Fi)	Formula One 2001 è un gioco di corse di Formula Uno con licenza ufficiale. Tutte le piste, i team, le auto e i piloti della stagione 2001 sono presenti nel gioco e possono essere selezionati. Il gioco presenta un modello di danno realistico e varie modalità di corsa, tra cui campionato, fine settimana di gara singolo, prove libere e modalità schermo diviso per due giocatori. Prima di ogni gara è possibile personalizzare molti aspetti della vettura. Ulteriori caratteristiche sono una modalità replay e il commento della gara da parte di giornalisti famosi di ogni lingua.
Forsaken (USA)	Forsaken è un gioco d'azione su Playstation. Il software vi immerge in un mondo post-apocalittico sulla Terra. Come spazzino su una motocicletta, si viaggia attraverso installazioni militari, centrali nucleari e molti altri ambienti variegati. Grazie a varie armi ad alta potenza, è possibile scongiurare tutti i pericoli lungo il percorso.
Fox Sports Golf '99 (USA)	Fox Sports Golf 99 offre sei percorsi 3D su cui possono competere fino a quattro giocatori: Forest Downs, Orange Rock, Sunny Green Country Club, Kiawah Island (sede della Coppa del Mondo di golf 1997), Oxfordshire in Inghilterra (Benson & Hedges International Open ) e Carnoustie Golf Links (sede del British Open 1999). I giocatori possono anche esercitarsi con le loro tecniche di lancio e put o lavorare sul loro gioco lungo facendo una botta al campo pratica. Una tradizionale interfaccia a triplo clic viene utilizzata per eseguire ogni ripresa e due commentatori chiameranno l'azione mentre procedi attraverso i collegamenti: scegli il leggendario annunciatore Peter Allis, John Walls di Fox Sports Net o fai analizzare entrambi il tuo gioco.
FoxKids.com - Micro Maniacs Racing (USA)	Dal momento che salvare il mondo dall'imminente carenza di cibo è un compito arduo, il nostro buon amico Dr. Minimizer si propone di persuadere, ricattare e creare partecipanti per competere per il diritto di guidare la colonizzazione della Terra una volta che tutti sono stati ridotti a 1/30 della loro dimensione originale. Il dottore pazzo ha quindi creato un percorso a ostacoli nella sua casa per trovare il soldato definitivo attraverso una competizione di sopravvivenza del più forte in stile darwiniano. Ma gli mancano i partecipanti. Una volta raccolti otto di questi partecipanti, si parte per le gare per trovare il salvatore della Terra. Chi avrebbe mai pensato che scivolare nella vasca da bagno potesse potenzialmente tenere in bilico il destino di 7 miliardi di persone?
Front Mission 3 (USA)	In Front Mission 3 per PlayStation vesti i panni del focoso pilota Kazuki Takemura che si ritroverà inconsapevolmente in una guerra crudele. In un'opera tattica a turni di una serie che non ha bisogno di presentazioni, puoi personalizzare i tuoi mecha in un universo futuristico.
Frontschweine (Germany)	Il giocatore prende il controllo dei maiali in uniforme da soldato, che sono dotati di una varietà di armi. In ogni round i soldati possono essere spostati e sparare un colpo. L'obiettivo è spazzare via tutti i soldati nemici. Inoltre, è possibile completare attività aggiuntive, per le quali il giocatore riceve medaglie. Con queste medaglie i soldati del giocatore possono essere promossi, il che migliora le loro abilità. Le missioni stanno diventando sempre più difficili e il giocatore può aspettarsi avversari promossi e quindi più forti. Le aree giocabili vanno dalle montagne innevate ai caldi paesaggi desertici. In alcune aree il giocatore può utilizzare l'ambiente spingendo / spingendo / colpendo / sparando ai giocatori nemici nei fiumi o nei campi minati (sebbene anche il giocatore umano possa condividere questo destino).
Fushigi no Kuni no Angelique (Japan)	Questo gioco è molto diverso dagli altri della saga di &quot;Angelique&quot;. Una normale studentessa di nome Angelique si trova coinvolta in una lotta per diventare la Regina del Cosmo, e per farlo deve fare amicizia con i bellissimi e potenti Guardiani degli Elementi. A differenza di altri giochi &quot;Angelique&quot;, Fushigi no Kuni no Angelique si gioca come un gioco da tavolo, con il regno diviso in campi su cui Angelique si muove. Non ci sono dadi visibili, ma il numero di campi su cui Angelique può camminare è determinato casualmente cliccando sul pulsante &quot;move&quot;.
Future Cop - L.A.P.D. (USA)	Future Cop: L.A.P.D è un gioco che combina perfettamente l'azione con incredibili scene futuristiche, in cui difenderemo i cittadini dal crimine, con potenti robot della polizia all'avanguardia, creati per eliminare i criminali che infestano il mondo città della futura terra. Vedremo un'impressionante esposizione di nuove armi altamente esplosive e distruttive e ci divertiremo a eliminare i nemici con diverse opzioni di tiro, in un gioco pieno di emozioni.
Future Racer (Europe)	Future Racer su Playstation ti consente di vivere gare futuristiche che non hanno nulla a che fare con quelle di oggi. Scala muri o lancia laser, la tua macchina robotica è tanto veloce quanto potenza. Prendi una delle sei macchine a tua disposizione e sfoglia la modalità storia o affronta i tuoi amici in schermo diviso.
Fuujin Ryouiki Eretzvaju (Japan, Asia)	Eretzvaju racconta la storia di un essere conosciuto come Ihadurca, un essere potente che può esistere in più dimensioni contemporaneamente. A caro prezzo, gli abitanti del mondo di I-Praseru (Isola Felice) furono in grado di confinare temporaneamente Ihadurca in una dimensione conosciuta come Eretzvaju. Ora si sta svolgendo un torneo per selezionare il guerriero più forte di tutte le dimensioni per distruggere Ihadurca prima che possa fuggire da Eretzvaju e minacciare ancora una volta il mondo.
Fuuun Gokuu Ninden (Japan)	Fuuun Gokuu Ninjin, chiamato anche Fuuun Gokuu Ninden, è un gioco d'azione/piattaforma per Playstation, sviluppato e pubblicato da Aicom nel 1996. L'obiettivo del gioco è completare i livelli distruggendo tutti i nemici. Sono disponibili tre personaggi ispirati a &quot;Voyage en Occident&quot;.
G Darius (Japan, Asia)	G-Darius ruota attorno a un conflitto tra gli umanoidi di Amnelia e i biovascelli cyborg/chimera noti come &quot;Thiima&quot; (che significa semplicemente &quot;portatori di morte&quot;). I Thiima erano stati risvegliati dall'uso da parte dell'esercito amneliano dell'arma A.N. (Tutto-Nulla) per annientare il mondo Blazar, con cui Amnelia era stata in guerra per la giurisdizione sulla luna Mahsah. Determinati a proteggere la loro esistenza, e programmati molto tempo fa per proteggere l'universo da minacce come A.N., i Thiima sciamarono su Amnelia. Anche se le forze armate furono gravemente devastate, gli scienziati e gli ingegneri Amnelian furono in grado di utilizzare sia la tecnologia A.N. che i sistemi di ingegneria della vita di Thiiman per creare i caccia Silver Hawk. Alla fine, due piloti &quot;Sameluck Raida e Lutia Feen&quot; vengono scelti per eseguire un attacco decisivo alla base principale di Thiima: Kazumn, un satellite del pianeta Darius.
G-Police (USA) (Disc 1)	G-Police è uno sparatutto in stile arcade ambientato all'interno delle cupole coloniali di Callisto. Piloterai un futuristico elicottero da supporto ravvicinato e avrai il compito di affrontare nemici terrestri e aerei mentre scopri un sinistro complotto aziendale. La tua nave può librarsi e virare in modalità VTOL, sparare con le armi equipaggiate prima di ogni missione e agganciare oggetti nel mondo di gioco per tracciare i nemici e scansionare carichi sospetti. Le missioni richiedono di muoversi tra i grattacieli e i cartelloni pubblicitari dei vari quartieri cittadini e di completare una serie di obiettivi aggiornati tramite contatto radio con il quartier generale.
G-Police - Weapons of Justice (USA)	G-police - Weapons Of Justice è ambientato appena dieci giorni dopo gli eventi del G-Police originale e ruota attorno a un gruppo di piccole bande criminali di Callisto. Queste bande sfruttano la G-Police, approfittando della sua task force indebolita ed esausta. Mentre la criminalità torna a crescere, la città deve perseverare e pregare per un miracolo: fortunatamente, le loro preghiere vengono esaudite. Dopo un tentativo di mettere a tacere le organizzazioni terroristiche, la tua squadra riceve la notizia che i Marines sono stati inviati per aiutare a gestire la situazione attuale. Sfortunatamente, si trovano a diversi giorni di distanza dalla città e la G-Police fatica a contenere il caos; la rivalità tra il bene e il male si intensifica prima del loro arrivo.
G. Darius (USA)	G-Darius ruota attorno a un conflitto tra gli umanoidi di Amnelia e i biovascelli cyborg/chimera noti come &quot;Thiima&quot; (che significa semplicemente &quot;portatori di morte&quot;). I Thiima erano stati risvegliati dall'uso da parte dell'esercito amneliano dell'arma A.N. (Tutto-Nulla) per annientare il mondo Blazar, con cui Amnelia era stata in guerra per la giurisdizione sulla luna Mahsah. Determinati a proteggere la loro esistenza, e programmati molto tempo fa per proteggere l'universo da minacce come A.N., i Thiima sciamarono su Amnelia. Anche se le forze armate furono gravemente devastate, gli scienziati e gli ingegneri Amnelian furono in grado di utilizzare sia la tecnologia A.N. che i sistemi di ingegneria della vita di Thiiman per creare i caccia Silver Hawk. Alla fine, due piloti &quot;Sameluck Raida e Lutia Feen&quot; vengono scelti per eseguire un attacco decisivo alla base principale di Thiima: Kazumn, un satellite del pianeta Darius.
G.O.D pure (Japan)	In G.O.D. Pure - Growth or devolution il giocatore controlla un ragazzino che un giorno parte dalla casa della nonna in sella alla sua bicicletta per intraprendere un viaggio. Durante il suo viaggio affronterà un'incredibile avventura e incontrerà altri 4 personaggi che lo aiuteranno nella sua missione contro gli alieni.
G.T.A - Grand Theft Auto (Japan)	Grand Theft Auto è stato sviluppato da DMA Design ed è stato rilasciato per PlayStation nel 1997. La miscela di azione, gioco di corse e simulazione della città nella vista a volo d'uccello 2D con grandi gradi di libertà era completamente nuova all'epoca, quindi puoi rubare auto e moto e impegnarti in selvaggi inseguimenti con la polizia. La parte più importante del gioco, tuttavia, sono le missioni che ricevi dal tuo cliente quando rispondi alle chiamate in una cabina telefonica o sali su un'auto parcheggiata sul ciglio della strada. Queste missioni includono sconfiggere i nemici, rubare auto, distruggere veicoli o far saltare in aria la stazione di polizia con un camion cisterna carico di esplosivi.
Gakkou no Kowai Uwasa - Hanako-san ga Kita!! (Japan)	Gakkou no Kowai Uwasa - Hanako-san ga Kita!! è basato sulla serie anime con lo stesso nome. Un gruppo di bambini curiosi esplora la loro scuola nel cuore della notte per verificare le voci sui fantasmi in agguato. Vengono salvati da alcuni pericoli dalla ragazza fantasma Hanako. Il gioco prevede che il giocatore si muova in un ambiente 3D, navigando in stanze e aree, risolvendo enigmi, ottenendo oggetti e giocando a minigiochi.
Gakkou o Tsukurou!! Kouchou Sensei Monogatari (Japan)	La serie Gakkou o Tsukurou pone il giocatore nei panni del preside di una scuola, incaricandolo della gestione e della ristrutturazione del cortile scolastico. Il giocatore decide tutto: il luogo e i nuovi edifici, i professori, i nuovi luoghi della scuola, ecc.
Galaga - Destination Earth (USA)	Tutti gli altri piloti spaziali sono stati eliminati. In qualche modo sei sopravvissuto. I nemici Galaga sono in movimento. Ora devi combattere o condannare la Terra all'estinzione. Non c'è tempo per pianificare strategie. Trova i tuoi bersagli e attacca. Affronta ondate su ondate di veicoli alieni in questa splendida edizione 3D del classico arcade. Usa armi speciali, recupera i veicoli catturati per moltiplicare la tua potenza di fuoco e, naturalmente, accumula punti nelle fasi sfida. Questo è Galaga: allacciati le cinture e attacca!
Galaxy Fight (Europe)	Esistono numerose leggende in tutti i pianeti della nostra galassia secondo cui l'Essere Divino appare una volta ogni millennio. Il momento è ormai alle porte e molti sono confluiti sul sistema Denius per salutare l'Essere Divino. Senza questo dio della leggenda, tutto è oscuro e vuoto. Si chiama Felden Crais e conosce un solo modo di fare le cose. Non è né benevolo né malevolo, ma il suo potere è onnipotente. Nessun essere mortale è più potente di lui. I giocatori scelgono uno degli otto personaggi e viaggiano nel sistema solare del gioco per sconfiggere gli avversari che abitano ciascuno dei pianeti prima di avere la possibilità di combattere Felden e regolare i propri conti personali con lui.
Galaxy Fight - Universal Warriors (Japan)	Esistono numerose leggende in tutti i pianeti della nostra galassia secondo cui l'Essere Divino appare una volta ogni millennio. Il momento è ormai alle porte e molti sono confluiti sul sistema Denius per salutare l'Essere Divino. Senza questo dio della leggenda, tutto è oscuro e vuoto. Si chiama Felden Crais e conosce un solo modo di fare le cose. Non è né benevolo né malevolo, ma il suo potere è onnipotente. Nessun essere mortale è più potente di lui. I giocatori scelgono uno degli otto personaggi e viaggiano nel sistema solare del gioco per sconfiggere gli avversari che abitano ciascuno dei pianeti prima di avere la possibilità di combattere Felden e regolare i propri conti personali con lui.
Galeoz (Japan)	Galeoz è un classico sparatutto in 3D in cui il giocatore assume il ruolo dell'ultima speranza umana per sconfiggere l'invasione aliena che è in corso sulla Terra, hanno creato alcune basi in diversi luoghi del mondo e il gioco è diviso in diverse missioni che mirano a distruggere quelle basi. I livelli si svolgono nella giungla, nei boschi, nell'Artico o persino in una centrale nucleare.
Galerians (USA) (Disc 1)	Galerians è un gioco di azione/avventura di fantascienza per Playstation. Nei panni di un ragazzo di 14 anni affetto da amnesia, dovrai fare di tutto per ritrovare la memoria, anche se ciò significa affrontare numerosi avversari. Per fare ciò sarà possibile utilizzare poteri psichici molto potenti: fuoco, telecinesi, ecc.
Gallop Racer (USA)	Quando scegli i cavalli per la tua scuderia, devi prendere in considerazione molti fattori. Ad esempio, il cavallo è un corridore di lunga o breve distanza? Va meglio su pista asciutta o su pista bagnata? All'inizio i fattori sembrano essere infiniti. Dopo che hai il tuo cavallo, puoi gareggiare. I controlli si riducono sostanzialmente a premere i pulsanti frontali quando è necessario far muovere il cavallo; simile a cavalcare il cavallo in The Ocarina of Time, solo senza girare. Tuttavia, non puoi trascinare il cavallo per tutta la corsa, altrimenti si stancherà e rimarrai nella polvere. Una volta terminata la gara, riceverai i tuoi soldi. Ogni posto ti fa guadagnare e puoi quindi utilizzare per migliorare i tuoi ranghi di cavalli da corsa. Se preferisci non spendere più soldi, puoi anche allevarli, creando un &quot;super cavallo da corsa&quot; da due corridori eccezionali.
Gallop Racer 2 (Japan)	Gallop Racer 2 è un gioco di simulazione di corse di cavalli, creato da Tecmo. Gallop Racer 2 presenta nuovi cavalli e piste non presenti nel gioco precedente. Il gioco presenta 3 livelli difficili: Donna (facile), Uomo (normale) e Vecchio (difficile).
Gallop Racer 2000 (Japan)	Una scuderia di 1500 cavalli costituisce il potente database di destrieri di Gallop Racer 2000. Il gameplay è abbastanza semplice: sali in sella e fai gareggiare il tuo equino fino al traguardo mentre i concorrenti più agguerriti si battono per gli stessi obiettivi. Questa versione permette ai giocatori di creare il proprio &quot;cavallo dei sogni&quot;. Un'altra novità sarà la possibilità per i nuovi cavalli di ereditare le abilità dei loro genitori. Questo gioco è l'ultimo della serie Gallop Racer per PS1. Queste sono le modalità di gioco: - Modalità Stagione - Modalità Allenamento - Modalità Vs - Modalità Coppa dei Sogni
Gallop Racer 3 (Japan)	Quando scegli i cavalli per la tua scuderia, devi prendere in considerazione molti fattori. Ad esempio, il cavallo è un corridore di lunga o breve distanza? Va meglio su pista asciutta o su pista bagnata? All'inizio i fattori sembrano essere infiniti. Dopo che hai il tuo cavallo, puoi gareggiare. I controlli si riducono sostanzialmente a premere i pulsanti frontali quando è necessario far muovere il cavallo; simile a cavalcare il cavallo in The Ocarina of Time, solo senza girare. Tuttavia, non puoi trascinare il cavallo per tutta la corsa, altrimenti si stancherà e rimarrai nella polvere. Una volta terminata la gara, riceverai i tuoi soldi. Ogni posto ti fa guadagnare e puoi quindi utilizzare per migliorare i tuoi ranghi di cavalli da corsa. Se preferisci non spendere più soldi, puoi anche allevarli, creando un &quot;super cavallo da corsa&quot; da due corridori eccezionali.
Game de Seishun (Japan)	Game de Seishun è un gioco da tavolo (con alcuni mini giochi d'azione) che mette il giocatore nei panni di un ragazzo che passerà la sua vita incontrando persone diverse: avrà diverse possibilità di lavoro e potrà anche innamorarsi di ragazze diverse, farsi degli amici, sposarsi, ecc.
Ganbare! Nippon! Olympic 2000 (Japan)	International Track and Field 2 di Konami è un gioco da uno a quattro giocatori (che utilizza il Multi Tap) che presenta 12 diversi eventi internazionali, che vanno dal sollevamento pesi e dal ciclismo alla canoa. Gli eventi si svolgono negli Stati Uniti, Russia, Germania, Cina, Cuba, Corea, Francia, Australia, Canada, Gran Bretagna, Giappone e Kenya. Come sequel del primo videogioco internazionale di atletica leggera per PlayStation, il gioco presenta volti e corpi dettagliati e animazioni catturate dal movimento.
Garou Densetsu - Wild Ambition (Japan, Asia)	Una vendetta di lunga data culmina con grande suspense in Fatal Fury: Wild Ambition. Con rabbia vendicativa, un combattente cerca la verità e la redenzione contro lo spietato signore del crimine che ha ucciso suo padre. Pugni volano, denti cadono e il dolore risuona quando spazzi via alcuni dei combattenti più duri che ti siano mai stati di intralcio. Gli eroi vengono dimenticati, ma le leggende non muoiono mai...
Geki-Oh - Shienryuu (Japan)	Gekioh: Shooting King, lo sparatutto a scorrimento verticale di Natsume, offre nove modalità arcade di azione senza sosta in un'ambientazione futuristica con mech giganti, dirigibili laser e bombe. Gli ambienti sono pieni di potenziamenti, esplosioni e caos distruttivo. I giocatori dispongono di un arsenale composto da un devastante cannone Vulcan, attacchi elettrici con fulmini e missili in grado di decimare carri armati terrestri e squadroni volanti. I potenziamenti includono aumenti di velocità, potenza, scudi, bombe e bonus ai punti, con l'arma principale che cambia a seconda dell'ultimo disco rosso (cannone), blu (fulmine) o giallo (missile) raccolto.
Gekido - Urban Fighters (USA)	&quot;Gekido: Urban Fighters&quot; è un gioco di combattimento 3D ispirato ai classici picchiaduro 2D. Siamo nel 2011 e l'antivirus di alcuni hacker è diventato un'entità indipendente. Nei panni di uno dei quattro personaggi: Travis, il poliziotto, Michelle, il soldato, Ushi, l'insegnante, o Tetsuo, uno studente, dovrai dare la caccia agli hacker e trovare il virus. I livelli sono pieni di armi e oggetti con cui variare i tuoi attacchi. Le mosse più comuni includono acrobazie, salti, calci e pugni con combo. Puoi anche attivare un potenziamento della rabbia che infligge danni aggiuntivi. Oltre alle missioni regolari, è disponibile una modalità scenario e un gioco cooperativo fino a 4 giocatori. Ha dato il suo contributo il disegnatore di fumetti della Marvel Joe Mad, mentre per la musica sono stati ingaggiati gli artisti Fatboy Slim e Apartment 26.
Gekioh - Shooting King (USA)	Gekioh: Shooting King, lo sparatutto a scorrimento verticale di Natsume, offre nove modalità arcade di azione senza sosta in un'ambientazione futuristica con mech giganti, dirigibili laser e bombe. Gli ambienti sono pieni di potenziamenti, esplosioni e caos distruttivo. I giocatori dispongono di un arsenale composto da un devastante cannone Vulcan, attacchi elettrici con fulmini e missili in grado di decimare carri armati terrestri e squadroni volanti. I potenziamenti includono aumenti di velocità, potenza, scudi, bombe e bonus ai punti, con l'arma principale che cambia a seconda dell'ultimo disco rosso (cannone), blu (fulmine) o giallo (missile) raccolto.
Gekisou!! Grand Racing - Total Drivin' (Japan)	Total Drivin è un gioco di corse con cinque diverse classi di auto (Buggy 4x4, Dakar Rally, Sports, Indy e Rally) in sei diverse località (Mosca, Isola di Pasqua, Scozia, Hong Kong, Egitto e Svizzera). Ogni posizione ha sei diverse tracce da masterizzare con un totale di 36 tracce. Le diverse tracce in realtà sono variazioni della stessa traccia solo leggermente diverse. Ad esempio, guidare con un tipo di auto diverso, direzione di retromarcia, rampe aggiunte o binari di sicurezza rimossi, condizioni meteorologiche diverse ecc. Puoi scegliere di guidare con 1 di 8 squadre diverse, ognuna con un comportamento di guida diverso, per un totale di 40 auto. È disponibile il multiplayer da 2 a 4 giocatori, utilizzando lo schermo diviso e un cavo di collegamento. Il gioco presenta anche la tipica musica rave degli anni '90. Quando la tua auto si ribalta, il gioco ti girerà di nuovo sul lato destro, ma se la tua auto va in acqua o cade nella lava il gioco finisce immediatamente.
Gen'ei Tougi - Shadow Struggle (Japan)	La Phillips Foundation sponsorizza un torneo di lotta e il premio è di dieci milioni di dollari. Otto guerrieri si sono riuniti per prendere parte al torneo: alcuni per i soldi, altri per la fama e altri per motivi più personali. Il nome del torneo è ... POWER OF SOLID. Shadow Struggle è un frenetico gioco di combattimento 3D simile al suo contemporaneo Toshinden. Ci sono otto personaggi giocabili ciascuno con le proprie mosse. Durante i combattimenti, oltre all'indicatore di salute, ogni personaggio ha un &quot;Indicatore di abilità dell'ombra&quot; che si riempie quando vengono scambiati i colpi. Quando si riempie e inizia a lampeggiare, possono scatenare la loro &quot;Shadow Skill&quot;, consentendo loro una breve raffica di maggiore velocità e potenza di attacco.
Gensou Suikoden (Japan)	Liberamente basato sul classico romanzo cinese medievale &quot;Water Margins&quot; (Shuihuzhuan) di Shi Nai'an. Il gioco è un gioco di ruolo fantasy ambientato in un universo immaginario, il cui tema principale è la lotta politica. L'eroe del gioco è il giovane figlio di Theo McDohl, un generale che serve l'Impero della Luna Scarlatta, che attualmente controlla la terra di Toran. Attraverso una serie di eventi l'eroe viene coinvolto in una ribellione contro l'Impero, guidata da un'organizzazione nota come Esercito di Liberazione. L'eroe troverà una nuova casa lì, sarà in grado di staccarsi da tutto ciò che è stato sacro per lui, incluso suo padre?
Gensou Suikoden II (Japan)	Sequel del primo gioco di ruolo per PlayStation. Come membro dell'Alleanza, una forza militare a cui si accennava solo nell'originale, interpreti l'eroe inconsapevole del gioco: un orfano che è stato cresciuto da un eroe di battaglia silenzioso e senza pretese in una guerra apparentemente antica. Accanto a te nelle fila c'è il tuo migliore amico Jowy, un ragazzo nato dalla nobiltà ma che non ha mai potuto ricevere l'approvazione agli occhi del suo testardo padre. All'inizio del gioco, sei immediatamente catapultato in una storia di conflitti politici, tradimenti e guerre su larga scala oltre il tuo scopo nelle prime fasi. Man mano che il gioco va avanti, la trama cambierà, cambierà e si svilupperà in numerosi modi che espongono le personalità di ciascuno dei personaggi coinvolti. Il sistema di combattimento è a turni, con l'opzione di equipaggiare le rune per abilità speciali, combinare gli attacchi dei membri del gruppo per creare combo a catena o incantesimi devastanti e l'opzione per eseguire la battaglia in modalità automatica.
Geom Cube (USA)	Nella tradizione di Tetris e Welltris arriva Geom Cube, un puzzle game in cui i giocatori manovrano blocchi 3D mentre cadono in una buca. La particolarità è che i giocatori guardano dall'alto in basso, direttamente sopra la buca. Ogni blocco che cade può essere ruotato sul proprio asse, consentendo diversi modi per incastrare i pezzi del puzzle. L'obiettivo è creare un piano solido di blocchi per evitare che altri si accumulino in cima al campo di gioco. Creando un piano di blocchi senza spazi vuoti (chiamato &quot;faccia&quot;), i blocchi su quel piano scompaiono. Ci sono 24 diversi schemi di blocchi in totale, ognuno composto da uno a cinque cubi.
Gex (USA)	Entrate nel vostro televisore per sconfiggere il malvagio Rez raccogliendo i telecomandi per aprire mondi all'interno del televisore. Sei un geco con tutte le consuete abilità da eroe platform, come il salto, lo sparo e gli attacchi a distanza ravvicinata, ma anche ventose per aiutarti a scalare le pareti, una lingua per raccogliere quei poteri difficili da ottenere. E un'infinità di battute sagaci per intrattenervi. Utilizzatele tutte per farvi strada nella terra della TV cercando telecomandi, raccogliendo pillole, potenziamenti e uccidendo i televisori.
Gex - Deep Cover Gecko (Europe) (Fr,De)	Un giorno, mentre guarda la TV, Gex scopre che Rez ha rapito l'agente Xtra (l'agente di Gex: Enter the Gecko), capo dell'Unità di Difesa Terroristica TV, per arrivare a lui. Si teletrasporta nella tana simile a una bat-caverna che ha nella Dimensione Media e inizia un'altra avventura. Ogni livello parodia un certo aspetto della cultura televisiva (qui i livelli esistono come canali indipendenti). Gex accede a ogni livello attraverso un televisore. Deve raccogliere i telecomandi per avanzare al livello successivo e completare la sua missione e salvare Xtra.
Gex 3 - Deep Cover Gecko (USA)	Un giorno, mentre guarda la TV, Gex scopre che Rez ha rapito l'agente Xtra (l'agente di Gex: Enter the Gecko), capo dell'Unità di Difesa Terroristica TV, per arrivare a lui. Si teletrasporta nella tana simile a una bat-caverna che ha nella Dimensione Media e inizia un'altra avventura. Ogni livello parodia un certo aspetto della cultura televisiva (qui i livelli esistono come canali indipendenti). Gex accede a ogni livello attraverso un televisore. Deve raccogliere i telecomandi per avanzare al livello successivo e completare la sua missione e salvare Xtra.
Ghost in the Shell (USA)	Gioco d'azione in terza persona basato sul fumetto originale Ghost in the Shell di Masamune Shirow, anziché sul film di Mamoru Oshi. Assumi il ruolo di un nuovo membro della squadra antiterrorismo di Kusanagi e puoi portare a termine missioni sul tuo Fuchikoma (un carro armato dotato di IA simile a un ragno) grazie al quale puoi saltare, attaccarti a muri e soffitti e sparare all'inferno ai terroristi, il tutto da un punto di vista in prima o terza persona. Mentre le missioni procedono, inizia a emergere una trama riguardante un grattacielo gigante, l'Aereopolis II, che alla fine verrà risolto dopo 12 missioni per giocatore singolo. Altre caratteristiche includono una sequenza di allenamento, audio stereo 3D e modalità schermo anamorfico ampio per TV 16x9.
Ghoul Panic (Europe) (En,Fr,De,Es,It)	Ghoul Panic è un gioco d'avventura comico ambientato in una villa infestata dai fantasmi. Usando una pistola ottica PlayStation, affronta vampiri, mostri, mummie, scheletri e fantasmi per aprire le porte chiuse e scoprire bonus nascosti. Una conversione del gioco arcade del 1999, con 3 livelli di difficoltà e modalità di gioco nascoste. Ci sono anche modalità di gioco esclusive per PlayStation, tra cui Survival, Adventure e Remix. Quali segreti si nascondono nella CASA INFESTATA!!! Non mi spavento facilmente ma non mi vedrete mai avvicinarmi a quella vecchia casa abbandonata sulla collina. Ve lo dico io, bisognerebbe essere pazzi per andarci. Se sei determinato ad andare ad esplorare lassù, è meglio che ti armi.
Glint Glitters (Japan)	Glint Glitters presenta un gruppo di ragazzini esperti di robotica che costruiscono robot. Un giorno, mentre il protagonista sta costruendo un piccolo robot, il suo rivale in classe appare con un robot più grande e gli dice che parteciperà alla competizione di robot. Così decide di costruire una versione più grande del suo robot e partecipare anche lui alla competizione. La competizione è un gioco da tavolo in cui il vincitore è il primo ad arrivare al traguardo (ottenere 20000 monete d'oro). Durante il gioco ci saranno eventi, trappole, negozi (dove il giocatore può acquistare oggetti per il suo personaggio o il robot) e altre situazioni che possono aiutare o ostacolare i giocatori. Il gioco presenta una grafica 2D in stile cartone animato, voci giapponesi e sequenze anime.
Gold and Glory - The Road to El Dorado (USA)	Trova la tua fortuna mentre cerchi la Città Perduta dell'Oro in questa avventura grafica che segue la trama del film di DreamWorks del 2000 The Road to El Dorado. I giocatori possono controllare sia Tulio che Miguel mentre i due goffi eroi attraversano il mondo del gioco episodico e avanzano nella trama risolvendo enigmi e raggiungendo obiettivi. La maggior parte degli enigmi del gioco si basa sulla ricerca degli oggetti giusti per la situazione giusta, incoraggiando l'esplorazione e consentendo allo stesso tempo divertenti ricreazioni di alcuni degli schemi più oltraggiosi di Tulio. Intraprendi una nuova missione ispirata ai racconti strazianti di Tulio e Miguel Avventurati in 8 mondi affascinanti e regni mortali. Padroneggia abilità di furtività e arguzia per evitare trappole insidiose e nemici.
Gold und Ruhm - Der Weg nach El Dorado (Germany)	Trova la tua fortuna mentre cerchi la Città Perduta dell'Oro in questa avventura grafica che segue la trama del film di DreamWorks del 2000 The Road to El Dorado. I giocatori possono controllare sia Tulio che Miguel mentre i due goffi eroi attraversano il mondo del gioco episodico e avanzano nella trama risolvendo enigmi e raggiungendo obiettivi. La maggior parte degli enigmi del gioco si basa sulla ricerca degli oggetti giusti per la situazione giusta, incoraggiando l'esplorazione e consentendo allo stesso tempo divertenti ricreazioni di alcuni degli schemi più oltraggiosi di Tulio. Intraprendi una nuova missione ispirata ai racconti strazianti di Tulio e Miguel Avventurati in 8 mondi affascinanti e regni mortali. Padroneggia abilità di furtività e arguzia per evitare trappole insidiose e nemici.
Goo-Cho de Park - Theme Park Monogatari (Japan)	Guucho de Park - Theme Park Monogatari è un gioco da tavolo basato sulla famosa serie di giochi Theme Park di Electronic Arts. Il gioco è un classico gioco da tavolo in cui 4 giocatori competono per vincere la partita. Il gioco offre fino a 4 giocatori umani per giocare contemporaneamente utilizzando un dispositivo multi-tap. Il tema del tabellone è un parco a tema quindi ci sono diverse attrazioni intorno a ogni tabellone. Il gioco presenta 3 diversi personaggi nemici e 4 diversi tabelloni dei parchi a tema: Preistorico, SCI-FI, Animali e Orrore.
Gran Turismo (USA)	Gran Turismo si basa fondamentalmente sul genere del simulatore di corse. Il giocatore deve manovrare un'automobile per competere contro piloti artificialmente intelligenti su vari circuiti. Il gioco utilizza due diverse modalità: Arcade Mode e Simulation Mode (Gran Turismo Mode nelle versioni PAL e giapponese). Nella modalità arcade, il giocatore può scegliere liberamente i percorsi e i veicoli che desidera utilizzare. Le gare vincenti sbloccano auto e percorsi aggiuntivi. Tuttavia, la modalità di simulazione richiede al giocatore di guadagnare diversi livelli di patente per qualificarsi agli eventi e guadagnare crediti (denaro), trofei e auto premio vincendo i campionati di gara. Vincere un determinato campionato sblocca anche un video e alcune tracce dimostrative aggiuntive. I soldi guadagnati vincendo i campionati possono essere utilizzati per acquistare veicoli aggiuntivi e per parti e messa a punto di tutti i veicoli.
Gran Turismo 2 (USA) (Arcade Mode)	Gran Turismo 2 ha 22 piste, 6 licenze, 600 auto, 6 piste di performance ed eventi di rally. GT2 viene fornito con due dischi: il disco in modalità arcade e il disco GT noto anche come Simulazione, di cui la versione PAL ha una copertina &quot;graffio e odore&quot; (che dovrebbe avere un odore di buca), che è scomparsa quando il gioco si è unito il livello Platinum dei giochi più venduti. La spaziatura del disco è una conseguenza di molti miglioramenti alla modalità di simulazione, il sistema di licenze è stato riorganizzato ed è stato introdotto il sistema di percentuale di completamento del giocatore. In questo Gran Turismo 2 la maggior parte dei marchi fa delle sfide.
Gran Turismo 2 - Music at the Speed of Sound - The Album (USA) (Bonus PlayStation Disc)	Gran Turismo 2 ha 22 piste, 6 licenze, 600 auto, 6 piste di performance ed eventi di rally. GT2 viene fornito con due dischi: il disco in modalità arcade e il disco GT noto anche come Simulazione, di cui la versione PAL ha una copertina &quot;graffio e odore&quot; (che dovrebbe avere un odore di buca), che è scomparsa quando il gioco si è unito il livello Platinum dei giochi più venduti. La spaziatura del disco è una conseguenza di molti miglioramenti alla modalità di simulazione, il sistema di licenze è stato riorganizzato ed è stato introdotto il sistema di percentuale di completamento del giocatore. In questo Gran Turismo 2 la maggior parte dei marchi fa delle sfide.
Grand Theft Auto (USA)	Grand Theft Auto è stato sviluppato da DMA Design ed è stato rilasciato per PlayStation nel 1997. La miscela di azione, gioco di corse e simulazione della città nella vista a volo d'uccello 2D con grandi gradi di libertà era completamente nuova all'epoca, quindi puoi rubare auto e moto e impegnarti in selvaggi inseguimenti con la polizia. La parte più importante del gioco, tuttavia, sono le missioni che ricevi dal tuo cliente quando rispondi alle chiamate in una cabina telefonica o sali su un'auto parcheggiata sul ciglio della strada. Queste missioni includono sconfiggere i nemici, rubare auto, distruggere veicoli o far saltare in aria la stazione di polizia con un camion cisterna carico di esplosivi.
Grand Theft Auto - London 1969 (Europe) (En,Fr,De,It)	Grand Theft Auto: Mission Pack # 1 - London 1969 è un pacchetto di espansione ufficiale di Grand Theft Auto. Invece delle interpretazioni immaginarie di New York, Miami e Los Angeles dell'originale, questo gioco apre al giocatore la città di Londra. Il gioco presenta trenta nuovi veicoli, nuova grafica e trentadue nuove missioni; tutto in un tema decisamente britannico. La nuova città contiene molti punti di riferimento familiari dalla Londra alla fine degli anni '60, nonché altri riferimenti culturali e il gergo cockney. Questa volta il giocatore può scegliere l'aspetto dell'avatar, altrimenti il gameplay non è stato modificato rispetto al gioco originale. Il giocatore è ancora coinvolto nella criminalità organizzata e deve svolgere una serie di attività criminali.
Grand Theft Auto - Mission Pack 1 - London 1969 (USA)	Grand Theft Auto: Mission Pack # 1 - London 1969 è un pacchetto di espansione ufficiale di Grand Theft Auto. Invece delle interpretazioni immaginarie di New York, Miami e Los Angeles dell'originale, questo gioco apre al giocatore la città di Londra. Il gioco presenta trenta nuovi veicoli, nuova grafica e trentadue nuove missioni; tutto in un tema decisamente britannico. La nuova città contiene molti punti di riferimento familiari dalla Londra alla fine degli anni '60, nonché altri riferimenti culturali e il gergo cockney. Questa volta il giocatore può scegliere l'aspetto dell'avatar, altrimenti il gameplay non è stato modificato rispetto al gioco originale. Il giocatore è ancora coinvolto nella criminalità organizzata e deve svolgere una serie di attività criminali.
Grand Theft Auto 2 (USA)	Grand Theft Auto 2 è il quarto capitolo della saga di GTA e il penultimo in sandbox bidimensionale. È stato creato da DMA Design (Rockstar North) per tutte le console tranne Game Boy Color, che è stato creato da Tarantula Studios e prodotto da Rockstar Games. Il gioco si svolge a Anywhere City nel 1999. Man mano che il gioco procede nelle sue missioni, può essere giocato in tre diversi distretti: (Centrale, Residenziale e Industriale). L'obiettivo in ogni distretto è ottenere abbastanza soldi per accedere al distretto successivo.
Grande Fratello - Il Gioco (Italy)	Entra a far parte della Casa e vivi anche tu le vere emozioni del Grande Fratello. Tieniti in forma con Taricone, scegli Mascia per la sua verve, e scatenati con i personaggi dell'ultima edizione, come Fioriana, Pasquale, Angela e Fredo. Scegli chi avere al tuo fianco nella Casa tra tutti i principali personaggi delle edizioni. Decidi se essere cordiale e amichevole o trasformarti nel pericolo pubblico N.I. Fai entrare nella Casa anche i tuoi amici, puoi sfidare fino a dieci persone in un confronto all'ultima nomination.
Grandia (USA) (Disc 1)	Grandia è un gioco di ruolo su Playstation. La fine del mondo, il confine inaccessibile che separa il mondo di Grandia in due parti, una abitata dagli umani, l'altra da una razza selvaggia che preferisce la magia alla tecnologia. Ovviamente, tra le due fazioni sta nascendo un grande conflitto e i segreti di una razza antica e dimenticata sono pronti a riemergere. Dovrete cercare di porre fine a questa guerra. Il software è solo solitario.
Grandia - Prelude (Japan) (Demo 1)	Grandia è un gioco di ruolo su Playstation. La fine del mondo, il confine inaccessibile che separa il mondo di Grandia in due parti, una abitata dagli umani, l'altra da una razza selvaggia che preferisce la magia alla tecnologia. Ovviamente, tra le due fazioni sta nascendo un grande conflitto e i segreti di una razza antica e dimenticata sono pronti a riemergere. Dovrete cercare di porre fine a questa guerra. Il software è solo solitario.
Ground Stroke - Advanced Tennis Game (Japan)	Un titolo di tennis di prima generazione reso disponibile poco dopo il lancio della PlayStation, Ground Stroke offre opzioni di partita singole o doppie di base. Il roster di otto giocatori è composto da quattro uomini e quattro donne, nessuno dei quali è un giocatore professionista autorizzato, ma evidenti caricature di ciò. Il roster completo include Andre Legacy, Bart Sunrise, Steve Edwards, Mike Lee, Rusty Guriffis, Angela Santos, Julia Cappuccino e Kumiko Abe.
Gunbalina (Japan)	Le avventure del Dr. Dan e del Dr. Don di Namco continuano in Point Blank 3, la terza edizione dell'irriverente serie di pistole leggere basata su minigiochi. Viene offerta una selezione di 80 eventi, molti dei quali spingono lo sfortunato duo in situazioni che richiedono un intervento tempestivo da parte del giocatore per loro conto, testando i tuoi riflessi e la precisione di tiro allo stesso tempo. La miriade di eventi presenta al giocatore compiti di base che variano sia per portata che per difficoltà. Viene fornita una pletora di formati di mini-giochi che includono sparare a bersagli codificati a colori per proteggere i due teschi insensibili da oggetti minacciosi, a quelli che richiedono al giocatore di eseguire calcoli matematici rudimentali prima di sparare la risposta corretta. Le apparizioni in cameo dei personaggi di Tekken, i classici franchise di Namco e altri simili scherzi abbondano nei molti scenari che i giocatori si troveranno coinvolti.
Gunbarl (Japan, Asia)	Point Blank 2 è il sequel dell'ormai classico gioco arcade Point Blank, che è stato convertito in PlayStation nel 1998. Utilizzando il GunCon costruito da Namco (una pistola leggera in stile arcade), offre 70 nuove gallerie di tiro, diverse modalità party e un nuovo gioco per giocatore singolo. Se stai giocando a giocatore singolo, hai alcune opzioni tra cui scegliere. La modalità arcade è composta semplicemente da 16 round (di difficoltà principiante, avanzata o folle) selezionati casualmente dalle 70 diverse gallerie di tiro. Potrai radere le pecore sparandogli via la lana, testare la tua precisione in attacchi one-shot, one-hit e salvare il dottor Don e il dottor Dan da situazioni stravaganti. C'è anche una modalità di resistenza in cui sali su un'alta torre per vedere quanto lontano puoi arrivare in tre tentativi.
GunBullet (Japan)	Point Blank è un gioco arcade con pistole leggere, in cui i giocatori sparano ai bersagli in un'ampia varietà di livelli. La versione per Playstation utilizza la pistola G-Con, per un'azione simile a Time Crisis, sempre di Namco. Il gioco ha un tema cartone animato distinto ed è non violento, rendendolo adatto a tutte le età. Ogni fase ha un obiettivo diverso, spiegato all'inizio di ogni fase. Questo varia dal semplice tiro al bersaglio (ed evita di sparare alla bomba), sparando ai cattivi di cartone (evita di sparare ai civili di cartone), sparando ai propri bersagli colorati (evita di sparare al colore dei giocatori avversari), proteggendo gli iconici Dr.Don e Dr. sfide come il palcoscenico Galaxian in cui il fucile leggero viene utilizzato al posto delle astronavi per sparare agli alieni. Le fasi sono presentate in gruppi di 4 e il giocatore oi giocatori possono scegliere in quale ordine giocarle. Perdi un cuore vitale quando spari a un bersaglio o una bomba sbagliati o quando non riesci a completare una missione entro il tempo limite. Oltre a convertire il gioco arcade nella sua interezza, questa conversione offre anche una nuova modalità Quest, un sistema Party Play e altro ancora.
Gundam Battle Assault (USA)	Questo gioco è il seguito di Gundam: The Battle Master. Heero Yuy, il pilota di un Mobile Suit Wing Gundam, è in missione per distruggere i restanti Mobile Suit nemici sotto il comando di Treize Khushrenada per evitare che scoppi la guerra. Nella modalità Storia, Heero può controllare qualsiasi mobile suit disponibile per combattere i suoi nemici. Ogni colore ha le sue mosse speciali e un super attacco. Alcuni degli attacchi speciali basati sulle armi utilizzano munizioni, che alla fine potrebbero esaurirsi. Il super attacco può essere utilizzato solo tre volte per battaglia. Ogni tuta è inoltre dotata di motori che ti permettono di volare un po' in aria. Sul lato difensivo, i giocatori possono evitare gli attacchi schivando e possono anche utilizzare uno scudo a raggi che può proteggere il giocatore dagli attacchi con proiettili. I mobile suit hanno un totale di 3 barre della vita e le battaglie vengono decise tentando di esaurire tutte le barre della vita di un mobile suit nemico.
Gunners Heaven (Japan)	L'oggetto di interesse in questo gioco è la misteriosa Pietra Valchiria. Due cacciatori di tesori, Axel e Ruka, partono per trovare la pietra, ma la banda malvagia nota come Pumpkin Heads vuole trovarla prima. Nei panni di Axel o Ruka, fatti strada attraverso sei livelli a scorrimento laterale contro orde di nemici, affrontando diversi boss in ogni livello. Puoi scegliere tra quattro diversi effetti delle armi (normale, rimbalzante, a ricerca e lanciafiamme), usare bombe intelligenti e un rampino.
Hard Edge (Europe) (En,Fr,De)	L'anno è il 2046 e l'edificio Togusa è stato occupato dai terroristi. L'edificio è di proprietà di un importante fornitore militare chiamato Machine Gear e ospita alcuni importanti scienziati. La squadra T.R.A.G. (Tactical Rescue Assault Group) viene inviata per risolvere la situazione e liberare gli ostaggi, ma vengono tutti catturati in una trappola. Con solo due sopravvissuti, i membri della squadra Alex e Michelle, tocca a loro eliminare la minaccia da soli.
HardBall '99 (USA)	Hardball 99 (noto come Hardball 6 su PC) è una simulazione di baseball. Hardball 99 segue Hardball 5. È il primo della serie ad offrire una grafica 3D migliorata. Ha anche una licenza completa per la Major League Baseball, che permette l'uso di tutti i nomi e le squadre di giocatori reali. Le modalità di gioco includono: Dynasty Dlay in cui i giocatori invecchiano nel tempo, che influenzerà le loro abilità, Interleague Play, Consecutive Season Play con il draft amatoriale, e un generatore di calendario e campionato personalizzato. È inclusa anche una squadra di tutti i tempi con giocatori famosi del passato.
Harry Potter and the Chamber of Secrets (USA, Canada) (En,Fr,Es)	Con l'arrivo di inquietanti avvertimenti e la presenza di trame oscure, la seconda avventura di Harry si preannuncia ancora più magica e avvincente della prima. Questa volta, però, gli incantesimi saranno più potenti, i nemici più temibili e gli amici di Harry più importanti che mai. - Esplora le nuove ambientazioni interattive in un'avventura d'azione in cui dovrai riuscire a risolvere il mistero della Camera dei Segreti. - Affronta la seconda avventura di Harry con i tuoi personaggi preferiti, fra cui Ron, Hermione e Gilderoy Allock! - Duelli tra maghi, campionati di Quidditch, incantesimi potenziati e Polvere Volante. - Raggiungi Hogwarts con il tuo amico Ron a bordo della macchina volante e partecipa alla Festa di Complemorte di Nick-Quasi-Senza-Testa. - Nuove creature, nuove ambientazioni magiche, nuovi incantesimi per un'avventura completamente inedita.
Harry Potter and the Philosopher's Stone (Europe) (En,Fr,De)	Lasciati alle spalle il mondo non magico e iscriviti alla Scuola di Magia e Stregoneria di Hogwarts in Harry Potter e La Pietra Filosofale. Nei panni di Harry Potter, affinerai le tue abilità magiche e avanzerai attraverso tre termini di studio durante il primo anno di Harry a Hogwarts. Ogni trimestre ti sfiderà a raggiungere una serie di obiettivi, come raccogliere e mescolare pozioni con il Professor Snape o pilotare una scopa volante attraverso la Foresta Proibita alla ricerca del Remembrall di Neville Paciock. Per superare il primo anno di studio, i giocatori devono completare oltre 29 obiettivi diversi, evitando nemici e ostacoli.
Harry Potter and the Sorcerer's Stone (USA) (En,Fr,Es)	Lasciati alle spalle il mondo non magico e iscriviti alla Scuola di Magia e Stregoneria di Hogwarts in Harry Potter e La Pietra Filosofale. Nei panni di Harry Potter, affinerai le tue abilità magiche e avanzerai attraverso tre termini di studio durante il primo anno di Harry a Hogwarts. Ogni trimestre ti sfiderà a raggiungere una serie di obiettivi, come raccogliere e mescolare pozioni con il Professor Snape o pilotare una scopa volante attraverso la Foresta Proibita alla ricerca del Remembrall di Neville Paciock. Per superare il primo anno di studio, i giocatori devono completare oltre 29 obiettivi diversi, evitando nemici e ostacoli.
Harry Potter ja Salaisuuksien Kammio (Finland) (En,Fi)	Con l'arrivo di inquietanti avvertimenti e la presenza di trame oscure, la seconda avventura di Harry si preannuncia ancora più magica e avvincente della prima. Questa volta, però, gli incantesimi saranno più potenti, i nemici più temibili e gli amici di Harry più importanti che mai. - Esplora le nuove ambientazioni interattive in un'avventura d'azione in cui dovrai riuscire a risolvere il mistero della Camera dei Segreti. - Affronta la seconda avventura di Harry con i tuoi personaggi preferiti, fra cui Ron, Hermione e Gilderoy Allock! - Duelli tra maghi, campionati di Quidditch, incantesimi potenziati e Polvere Volante. - Raggiungi Hogwarts con il tuo amico Ron a bordo della macchina volante e partecipa alla Festa di Complemorte di Nick-Quasi-Senza-Testa. - Nuove creature, nuove ambientazioni magiche, nuovi incantesimi per un'avventura completamente inedita.
Harry Potter to Himitsu no Heya (Japan)	Con l'arrivo di inquietanti avvertimenti e la presenza di trame oscure, la seconda avventura di Harry si preannuncia ancora più magica e avvincente della prima. Questa volta, però, gli incantesimi saranno più potenti, i nemici più temibili e gli amici di Harry più importanti che mai. - Esplora le nuove ambientazioni interattive in un'avventura d'azione in cui dovrai riuscire a risolvere il mistero della Camera dei Segreti. - Affronta la seconda avventura di Harry con i tuoi personaggi preferiti, fra cui Ron, Hermione e Gilderoy Allock! - Duelli tra maghi, campionati di Quidditch, incantesimi potenziati e Polvere Volante. - Raggiungi Hogwarts con il tuo amico Ron a bordo della macchina volante e partecipa alla Festa di Complemorte di Nick-Quasi-Senza-Testa. - Nuove creature, nuove ambientazioni magiche, nuovi incantesimi per un'avventura completamente inedita.
Harry Potter to Kenja no Ishi (Japan)	Lasciati alle spalle il mondo non magico e iscriviti alla Scuola di Magia e Stregoneria di Hogwarts in Harry Potter e La Pietra Filosofale. Nei panni di Harry Potter, affinerai le tue abilità magiche e avanzerai attraverso tre termini di studio durante il primo anno di Harry a Hogwarts. Ogni trimestre ti sfiderà a raggiungere una serie di obiettivi, come raccogliere e mescolare pozioni con il Professor Snape o pilotare una scopa volante attraverso la Foresta Proibita alla ricerca del Remembrall di Neville Paciock. Per superare il primo anno di studio, i giocatori devono completare oltre 29 obiettivi diversi, evitando nemici e ostacoli.
Harvest Moon - Back to Nature (USA)	Nel gioco si possono allevare animali, nutrirli, farli procreare, curare le loro malattie, renderli felici e persino farli morire; coltivare vari tipi di ortaggi e frutta, annaffiarli, raccoglierli, venderli, regalarli, cucinarli, ecc.; interagire con le persone in città andando in chiesa per confessarsi, cercare una fidanzata, sposarsi, avere figli, partecipare alle feste locali, pescare, scommettere o correre in corse di cavalli, gare di nuoto, festival per mostrare i propri animali o le proprie produzioni, ecc. Il gioco vi offre 3 anni per prendervi cura della fattoria e farla prosperare. Se fallite, lo perderete. Quindi rimboccatevi le maniche, asciugatevi il sudore e mettetevi al lavoro. Esistono due versioni di Harvest Moon Back to the Nature, quella femminile e quella maschile.
Heart of Darkness (USA) (Disc 1)	L'eternamente ritardato Heart of Darkness è finalmente arrivato sulla console di gioco PlayStation! Un giorno, mentre Andy era nel parco con il suo cane Whisky, iniziarono a succedere cose strane. Quasi in un istante, un vortice verso un regno sconosciuto si aprì e risucchiò il povero cagnolino. Determinato a riprendersi il suo cane, Andy saltò su un congegno volante fatto in casa e partì per un viaggio; dove stava andando, non sapeva. Durante il viaggio verso questo mondo sconosciuto, Andy incontrò una certa resistenza e si schiantò contro un muro di puro granito. Dopo aver incontrato un mostro inquietante, era facile vedere che le cose non erano kosher; questa Terra delle Tenebre è stata invasa da orribili mostri ombra che lavorano al servizio del Signore delle Tenebre. L'obiettivo del giocatore è infine distruggere questa nemesi malvagia, salvare Whisky e tornare a casa con entrambe le vite intatte.
Heaven's Gate (Japan)	Modalità di gioco: * ARCADE: scegli il tuo combattente e passa come tutti gli avversari per vincere la giornata. * MODALITÀ VERSUS: Batti un amico fino a ridurlo in poltiglia. * MODALITÀ DURO: Riuscirai a sopravvivere con una sola barra di energia? Quanti avversari riuscirai a sconfiggere? * ATTACCO A TEMPO: Quanto velocemente riuscirai a battere tutti i personaggi? * ALLENAMENTO: Allenati, allenati e allenati ancora un po' per essere il migliore. * CLASSIFICA: Controlla le serie di vittorie, gli usi del personaggio e altre cose del genere qui.
Helix - Fear Effect (Japan) (Disc 1)	Nel prossimo futuro, il lavoro dell'umanità con la scienza della genetica e il processo di sviluppo della mappatura del genoma ha portato alla creazione accidentale di una nuova malattia nota come EINDS. Questa malattia, che attacca il DNA di una cellula e arresta la mitosi e la meiosi (i processi che consentono alle nostre cellule di duplicarsi), ha ucciso quasi un miliardo di persone e non è stata scoperta alcuna speranza di guarigione.Con la rapida diffusione della malattia, si teme che le manipolazioni del DNA porteranno alla completa rovina dell'umanità. Spetta a tre mercenari e una donna misteriosa senza passato unire i loro sforzi separati in un'avventura che coinvolge pericolo, intrighi e coinvolgimento soprannaturale, con il premio forse essere la salvezza per il genere umano. Fear Effect: Retro Helix è un gioco di avventura cinematografica per PlayStation.
Herc's Adventures (USA)	Ahhh...Antica Grecia. Una terra fertile, piena di vino, donne e alcuni dei migliori gyros che tu abbia mai assaggiato. Grazie a Persefone, la dea greca della primavera e della fertilità, la Grecia è un meraviglioso paradiso. Ma ora il signore degli inferi, Ade, ha rapito Persefone, facendo appassire lentamente la terra! Zeus, il re degli dei, ha bisogno di aiuto per salvarla, quindi chi chiami? Nientemeno che tre dei più grandi guerrieri del paese! Puoi scegliere tra il grande e forte Herc, la super veloce Atlanta o il giovane e intelligente Jason, ognuno con le proprie armi e i propri punti di forza. I 40 livelli del gioco includono molte altre varianti e pasticci della mitologia e leggenda greca. Sta a te salvare Persefone e infliggere ad Ade una sconfitta che non dimenticherà mai!
Herc's Adventures - Hercules no Daibouken (Japan)	Ahhh...Antica Grecia. Una terra fertile, piena di vino, donne e alcuni dei migliori gyros che tu abbia mai assaggiato. Grazie a Persefone, la dea greca della primavera e della fertilità, la Grecia è un meraviglioso paradiso. Ma ora il signore degli inferi, Ade, ha rapito Persefone, facendo appassire lentamente la terra! Zeus, il re degli dei, ha bisogno di aiuto per salvarla, quindi chi chiami? Nientemeno che tre dei più grandi guerrieri del paese! Puoi scegliere tra il grande e forte Herc, la super veloce Atlanta o il giovane e intelligente Jason, ognuno con le proprie armi e i propri punti di forza. I 40 livelli del gioco includono molte altre varianti e pasticci della mitologia e leggenda greca. Sta a te salvare Persefone e infliggere ad Ade una sconfitta che non dimenticherà mai!
Hogs of War (USA)	Il giocatore prende il controllo dei maiali in uniforme da soldato, che sono dotati di una varietà di armi. In ogni round i soldati possono essere spostati e sparare un colpo. L'obiettivo è spazzare via tutti i soldati nemici. Inoltre, è possibile completare attività aggiuntive, per le quali il giocatore riceve medaglie. Con queste medaglie i soldati del giocatore possono essere promossi, il che migliora le loro abilità. Le missioni stanno diventando sempre più difficili e il giocatore può aspettarsi avversari promossi e quindi più forti. Le aree giocabili vanno dalle montagne innevate ai caldi paesaggi desertici. In alcune aree il giocatore può utilizzare l'ambiente spingendo / spingendo / colpendo / sparando ai giocatori nemici nei fiumi o nei campi minati (sebbene anche il giocatore umano possa condividere questo destino).
Hogs of War - Nati per Soffritto (Italy)	Il giocatore prende il controllo dei maiali in uniforme da soldato, che sono dotati di una varietà di armi. In ogni round i soldati possono essere spostati e sparare un colpo. L'obiettivo è spazzare via tutti i soldati nemici. Inoltre, è possibile completare attività aggiuntive, per le quali il giocatore riceve medaglie. Con queste medaglie i soldati del giocatore possono essere promossi, il che migliora le loro abilità. Le missioni stanno diventando sempre più difficili e il giocatore può aspettarsi avversari promossi e quindi più forti. Le aree giocabili vanno dalle montagne innevate ai caldi paesaggi desertici. In alcune aree il giocatore può utilizzare l'ambiente spingendo / spingendo / colpendo / sparando ai giocatori nemici nei fiumi o nei campi minati (sebbene anche il giocatore umano possa condividere questo destino).
Hokuto no Ken (Japan)	Il basso è stato un calo; le armi nucleari si infuriarono e ne seguì l'inverno, lasciando la Terra in completa rovina. La tecnologia è andata perduta, e ora si tratta di una semplice sopravvivenza. NnnnIl caos è inclusivo in quanto numerosi delinquenti corrotti / bande saccheggiano ciò che resta della gente innocente e buona invece di aiutare a ripristinare quel poco di pace che potevano sulla Terra desolata. Tutta la speranza sembra abbandonata poiché nessuno può resistere a questi delinquenti incalliti con poteri soprannaturali nello sconvolgimento, tuttavia, c'è un uomo che è salito dal deserto, un uomo misterioso con sette cicatrici, alimentato dalla vendetta che conosce l'uccisione finale arte che condiscenderà ogni punk che incontra nel tentativo di aiutare i deboli e gli sfortunati. Il suo nome, Kenshiro, il successore dell'impareggiabile arte marziale conosciuta come Hokutoshinken. Hokuto no ken è il primo gioco basato sull'anime rilasciato sulla console Playstation One, il gameplay è un gioco di combattimento a turni, il giocatore deve sceglierne 5 diversi movimento e successivamente premere il pulsante quadrato per riempire una barra e attivare quei movimenti, la parte difficile è riempire quella barra prima che il nemico lo faccia poiché il primo in riempimento è quello che farà quel movimento di turno. Il gioco presenta 3 modalità di gioco: nn- Modalità Storia- Modalità Vs computer- Modalità VS 2 Giocatori
Hokuto no Ken - Seikimatsu Kyuuseishu Densetsu (Japan)	Questo gioco è stato il primo basato sulla serie Manga e Anime con lo stesso nome, continuando la sua trama. La storia inizia quando Bat e Lynn stanno per sposarsi e Lynn viene rapita da Jado (che assomiglia a Jagger della prima serie di &quot;Hokuto no Ken&quot;), un discepolo del &quot;Dark Hokuto&quot; The Dark Fist of Defeased Light, usando un tecnica chiamata Hokuto Mumyo Ken, una tecnica più antica dello stesso Hokuto Shinken. Quindi Ken (che si è ritirato in una grotta) viene attaccato da uno scagnozzo di questa scuola di arti marziali. Dopo averlo sconfitto, Ken decide di indagare. Il giocatore osserva lo sviluppo della trama in lunghi filmati in stile Anime e assume un ruolo attivo solo durante le semplici battaglie a turni. Il giocatore sceglie le sue azioni da un menu. Una barra temporale segna il flusso delle svolte. Quando la battaglia è vinta, inizia un altro filmato, ecc. Il gioco è diviso in livelli e una password viene assegnata dopo aver battuto ciascuno di essi.
Hot Shots Golf (USA)	Hai mai desiderato giocare a golf senza essere infastidito da aspetti di simulazione come vento e traiettorie? Se hai risposto sì alla domanda precedente, allora abbiamo un gioco per te! Piuttosto che concentrarsi su una curva di apprendimento, Everybody's Golf si concentra sull'essere un gioco di golf divertente e divertente che non si prende sul serio. Everybody's Golf offre una varietà di opzioni di gioco tra cui Stroke e Match play, Training, Tournament, Versus, Status, Miniature Golf e una modalità Mystery segreta che si sblocca dopo che sono state soddisfatte determinate condizioni. Chiunque abbia familiarità con lo sport saprà che lo Stroke play si concentra sul punteggio più basso mentre il Match play si basa su una buca per buca, dove l'idea è vincere il maggior numero di buche.
Hot Shots Golf 2 (USA)	Gioco di golf, come l'originale, ci sono diversi personaggi tra cui scegliere e molti altri da sbloccare durante il gioco. Ogni personaggio ha i propri punti di forza e di debolezza, rendendo la selezione del personaggio qualcosa di più della semplice scelta di un look. I modelli dei personaggi stessi questa volta sono più realistici nello stile, al contrario dello stile anime dell'originale Hot Shots Golf.
Houshin Engi - Aizouban (Japan)	Molti anni fa, il mondo venne a conoscenza dell'esistenza dell'impero più potente finora conosciuto. Era l'epoca della dinastia Ing e del suo successore, l'imperatore Chyuou. L'imperatore Chyuou era un imperatore molto rispettato, con grandi capacità di scrittura e maestro di tattiche di guerra. Il suo impero si estendeva in ogni direzione possibile e comprendeva quasi 800 villaggi. Ma questo grande impero era destinato a finire. Una potente maga, Dakki, seduce l'imperatore Chyuou con un terribile incantesimo: l'Essenza degli Dei, e diventa la sua imperatrice. Con questo titolo e comandando Chyuou come un burattino, governò il suo impero secondo i suoi desideri. Il regno di Dakki mostrò presto le sue vere intenzioni. L'impero era in declino: il popolo moriva di fame, le rapine e gli omicidi erano all'ordine del giorno e l'esercito si stava sgretolando senza la fiducia e la guida dell'imperatore.
Hugo (Europe)	L'originale dalla televisione - ora su Playstation. Hugo è tornato con più livelli che mai! Lo condurrai attraverso innumerevoli avventure, supererai sfide mortali, insomma: hai le mani in pasta. La grande domanda è: riuscirete a salvare la famiglia di Hugo e a portare la pace nella foresta? Con i giochi originali della TV: Nella foresta, rafting, immersioni, skateboard, draisine, volo e montagna. Giocabile in versione arcade o TV.
Hugo - Black Diamond Fever (Europe) (En,Sv,Fi)	Hugo: Black Diamond Fever è un gioco platform 3D della serie Hugo sviluppato da ITE Media e pubblicato da Electronic Arts nel 2001 per PC e PlayStation. La malvagia Scilla è tornata e questa volta ha trovato un modo per diventare la strega più potente di tutti i tempi e conquistare il mondo. Per questo, ha bisogno di diamanti neri molto rari, che si trovano sull'isola della giungla dove vivono i Kikuriani. Li prende tutti prigionieri e li costringe a lavorare giorno e notte alla ricerca di diamanti neri. L'anziano re Kikurian chiede a Hugo il troll di liberare gli schiavi e fermare il complotto di Scilla prima che sia troppo tardi. Quando a Fernando arriva una lettera del re Kikurian, Hugo la legge, ma trova il povero re Kikurian imprigionato in una cella e impossibilitato ad aiutare il suo popolo, e non ha assolutamente tempo da perdere. Riuscirà Hugo a liberare tutti gli schiavi e fermare il complotto di Scilla?
Hugo - The Evil Mirror (USA) (En,Es)	Dopo essere sopravvissuto a malapena alla sua precedente missione in Black Diamond Fever, Hugo il Troll è tornato per un'altra emozionante avventura! Da qualche parte nella Tricky Troll Forest, la malvagia strega Scilla e il suo fedele compagno Don Croco stanno cercando di trovare un modo per catturare Hugolina e rovinare la famiglia Hugo. Per caso, Don Croco fa cadere un vassoio contenente dei bicchieri e quando Scilla guarda il vetro rotto, sorride: ha escogitato il piano perfetto per il male? The Evil Mirror Scylla sorprende la famiglia Hugo nella loro cabina e colpisce Hugo in testa con uno specchio. Lo specchio non si rompe ma Hugo è rimasto intrappolato nello specchio da un malefico incantesimo. Scilla schiaccia lo specchio e disperde i tre pezzi di specchio per tutta la Tricky Troll Forest. Hugo è stato catturato e l'unico modo per salvarlo e liberare Hugolina è trovare i tre specchi.
Hugo - The Quest for the Sunstones (Europe) (Fr,Nl,Pl)	The Quest for the Sunstones è un gioco platform 3D jump'n'run. Come Indiana Jones, Hugo affronta grandi pericoli solo con una frusta. È un gioco simile a Crash Bandicoot, sia nello stile grafico che nel gameplay. Hugo deve raccogliere tre pietre solari magiche e posizionarle nel modo giusto e con il sole che splende su di esse impedirà a Scylla e al malvagio piano di Don Croco di causare la morte delle adorabili e dolci creature chiamate Kikurians e la distruzione del loro villaggio.
I'Max Shougi II (Japan)	I'Max Shogi II è un gioco di shogi che presenta 2 diverse modalità di gioco: una simulazione di shogi e una simulazione di Shogi RPG.
I.Q - Intelligent Qube (USA)	Intelligent Qube è un classico gioco rompicapo per PlayStation. In Europa e Australia è conosciuto con il nome di Kurushi. Nel gioco, il giocatore controlla un personaggio che deve correre su una piattaforma composta da cubi, catturando alcuni cubi mentre si avvicinano. I cubi vengono “catturati” contrassegnando un punto sul palco, aspettando che il cubo rotoli sopra di esso e poi disattivando il punto contrassegnato. Intelligent Qube è stato relativamente ben accolto dalla critica. Il gioco ha ottenuto un buon successo commerciale in Giappone e ha persino vinto il Premio di Eccellenza per l'Arte Interattiva al Japan Media Arts Festival del 1997. Sono stati sviluppati alcuni sequel e il gioco è stato successivamente ripubblicato su telefoni cellulari e sul PlayStation Store giapponese.
I.Q Final (Japan)	Intelligent Qube è un classico gioco rompicapo per PlayStation. In Europa e Australia è conosciuto con il nome di Kurushi. Nel gioco, il giocatore controlla un personaggio che deve correre su una piattaforma composta da cubi, catturando alcuni cubi mentre si avvicinano. I cubi vengono “catturati” contrassegnando un punto sul palco, aspettando che il cubo rotoli sopra di esso e poi disattivando il punto contrassegnato. Intelligent Qube è stato relativamente ben accolto dalla critica. Il gioco ha ottenuto un buon successo commerciale in Giappone e ha persino vinto il Premio di Eccellenza per l'Arte Interattiva al Japan Media Arts Festival del 1997. Sono stati sviluppati alcuni sequel e il gioco è stato successivamente ripubblicato su telefoni cellulari e sul PlayStation Store giapponese.
Ian Livingstone's Deathtrap Dungeon (USA)	Deathtrap Dungeon è un gioco d'azione e avventura pubblicato nel 1998 per PlayStation e Microsoft Windows. È basato sull'omonimo librogame d'avventura. Il gioco è un'avventura in terza persona, in cui il giocatore assume il ruolo di un avventuriero (l'amazzone &quot;Red Lotus&quot; o il barbaro &quot;Chaindog&quot;) che, su invito di un mago, esplora una serie di dungeon e deve superare mostri e trappole per trovare ricchezze.
Iblard - Laputa no Kaeru Machi (Japan)	Ibarado Rapture no Kaeru Machi è un gioco d'azione e avventura in prima persona che racconta la storia di un ragazzo che, mentre leggeva un libro fantasy su un mondo chiamato Ibarado, vide delle strane persone (una ragazza con due strane creature, una delle quali è una talpa) per strada e queste lo portarono nel mondo fantasy chiamato Ibarado, dove le persone che vivevano lì gli dissero che il loro mondo (un insieme di isole galleggianti) stava scomparendo e che avrebbe dovuto trovare degli oggetti per salvarlo e che, dopo aver superato tutti i livelli del gioco, sarebbe tornato nel suo mondo. In ogni livello il giocatore può saltare e usare oggetti come scope e boomerang; l'obiettivo è fondamentalmente raccogliere gli oggetti necessari per completare il livello.
Ichigeki - Hagane no Hito (Japan)	Gioco di combattimento in stile karate con una vasta gamma di protagonisti poligonali con texture mapping tra cui scegliere, tra cui un artista marziale che sfoggia un afro molto accattivante. Include anche eventi, spaccatura di legni e allenamento in riva al mare in vero stile karate. Ichigeki: The Man of Steel è stato pubblicato poco prima del '99 WT (IKO-Matsui). Molti combattenti di alto livello come Filho, Kazumi e Pettas sono presenti nel gioco. Le modalità di gioco includono torneo, modalità carriera (in cui si sceglie uno shihan giapponese e si inizia l'allenamento, si sale di livello e si combatte in tornei regionali, nazionali e mondiali. Una volta raggiunto un certo livello, Kancho Matsui chiederà di combattere in kumite hyakunin), tameshiwari, ecc. C'è anche una biblioteca informativa sulla storia del kyokushin e un database dei combattenti.
Ide Yousuke Meijin no Shin Jissen Mahjong (Japan)	Ide Yohsuke Meijin no Shin Jissen Mahjong è il secondo gioco di mahjong per la console Playstation One che utilizza Ide Yohsuke come host. Il giocatore può partecipare a diversi tipi di tornei di mahjong, la grafica di sfondo e il tipo di pezzi possono essere selezionati nel menu delle opzioni e il gioco include anche una modalità storia in cui il giocatore assume il ruolo di un giocatore di mahjong che arriva in una città e vuole diventare il campione di mahjong.
Ide Yousuke no Mahjong Kazoku (Japan)	Ide Yohsuke no Mahjong Kazoku è il primo gioco di mahjong per la console Playstation One che utilizza Ide Yohsuke come host. Il giocatore veste i panni di un giovane membro di una famiglia che cerca di imparare il mahjong e all'inizio della partita dovrà affrontare i membri della sua famiglia.
In Cold Blood (USA) (Disc 1)	In Cold Blood sei schierato nei panni dell'agente M16 John Cord dai servizi segreti britannici per risolvere il mistero della scomparsa di un amico spia americano. Quello che inizia come spionaggio di routine si rivela una corsa per salvare tutta l'umanità. Deve scoprire chi ti sta minacciando e perché. A causa della struttura del gioco, caratterizzata da innumerevoli salti nel tempo, rimane aperto fino alla fine come finisce la storia. Il gioco inizia quando John Cord riprende conoscenza dopo essere stato torturato più volte. Quando viene interrogato, ricorda cosa è successo e avvia automaticamente le missioni che si svolgono nella sua memoria.
In einem Land vor unserer Zeit - Die Rueckkehr ins Grosse Tal (Germany)	Dopo essere stati inseguiti da un Sharptooth mentre restituivano un uovo rubato, Littlefoot, Cera, Ducky e Spike si perdono nel Great Beyond. I giocatori controllano i quattro amici preistorici mentre ognuno deve trovare la via del ritorno a casa in The Land Before Time: Return to the Great Valley per PlayStation. Percorrendo cinque livelli 3D, i personaggi devono raccogliere le stelle degli alberi evitando pericolose insidie. I livelli contengono elementi interattivi, come piante e bolle di catrame. A seconda del personaggio selezionato, i giocatori possono fare uso di frustate della coda, colpi di testa e altre abilità per costruire ponti, cavalcare geyser e superare altri ostacoli. Petrie è anche prontamente disponibile per volare sullo schermo e offrire consigli e indicazioni. I livelli sono composti da percorsi ad ostacoli e azioni di tipo puzzle in quanto i giocatori devono attraversare fiumi, nutrire piante e raccogliere stelle degli alberi evitando pericoli, come lava, acqua e ripide scogliere. Dopo che tutti e cinque i personaggi sono usciti dal quinto livello, sono tutti riuniti nella Great Valley.
Incredible Crisis (USA)	Incredible Crisis segue le storie di quattro membri di una famiglia giapponese nel giorno del compleanno della nonna. Mentre ogni membro della famiglia attraversa una giornata apparentemente normale, le cose iniziano ad andare storte, molto storte. I giocatori potranno vivere le esperienze da far rizzare i capelli di questa famiglia giocando a una serie di minigiochi. Fondamentalmente, Incredible Crisis è una raccolta di minigiochi messi insieme per far avanzare la trama. I giochi spaziano da un gameplay a tempo in stile beatmania (in cui determinati pulsanti vengono premuti durante determinati battiti) all'abbattimento di aeroplani, all'attacco di UFO e persino a un certo livello di &quot;massaggio&quot; che è così analogo a un'esperienza sessuale che se i giocatori ascoltassero solo il istruzioni e meccaniche di gioco, giurerebbero che stavano giocando a un gioco classificato A per adulti.
Incredible Hulk, The - The Pantheon Saga (USA)	Creato da Jack Kirby e Stan Lee per la Marvel Comics nel 1962, L'incredibile Hulk è apparso in centinaia di fumetti, una serie televisiva, una serie di cartoni animati e una manciata di film per la televisione. La sua somiglianza, sebbene non familiare come quella di Spider-Man, è stata descritta su innumerevoli giocattoli, action figure, giochi e magliette. The Incredible Hulk - The Pantheon Saga è la prima apparizione del big green guy su Sony PlayStation. In questo festival di pugni e calci di 14 livelli, è stato catturato dai membri del Pantheon. Intendono usare il suo corpo per la sperimentazione. Mentre la nave da trasporto raggiunge la base del Pantheon, tuttavia, la nave si schianta sul sito di atterraggio, liberando Hulk per distruggere, distruggere e vendicarsi dei suoi rapitori. Hulk può colpire e calciare gli avversari, le finestre, i muri e qualsiasi altra cosa che si frappone. È anche capace di una varietà di mosse speciali tra cui un fragoroso Sonic Clap, uno sconvolgente Floor Smash e un travolgente Vortex Spin.
International Superstar Soccer Pro '98 (USA) (En,Fr,De,Es,It)	International Superstar Soccer Pro '98 o ISS Pro '98 è un videogioco di calcio che è la continuazione di International Superstar Soccer Pro. Pubblicato originariamente nel maggio 1998 dalla Konami Computer Entertainment Tokyo, Inc. Sebbene mancasse ancora della licenza FIFPro, appariva sulla copertina della versione per Playstation, il giocatore italiano Fabrizio Ravanelli insieme a Andreas Koepke dalla Germania in versione tedesca e Paul Ince in inglese. La copertina della versione per Nintendo 64 mostrava il giocatore colombiano Carlos Valderrama, e il gioco presentava la licenza di Reebok per usare i loro loghi negli adboard e nei kit cileni. La versione giapponese, Winning Eleven 3 è stata ripubblicata nel 1999 come Winning Eleven 3 Final ver. con alcuni lievi miglioramenti. Il commento al gioco è fornito da Tony Gubba. La versione per Nintendo 64 si chiamava International Superstar Soccer 98 ed è stata sviluppata da KCEO, piuttosto che da KCET.
International Track & Field (USA)	International Track & Field continua con lo schiaccia pulsanti dei giochi per NES in 11 diversi sport, ora in full 3D! Gli sport vanno dallo sprint di 100 metri e dai 110 metri a ostacoli al giavellotto e al disco. Il gioco presenta due modalità di gioco. Quello in cui puoi praticare ogni sport individualmente e la modalità &quot;normale&quot;, dove puoi provarci con un massimo di 4 persone che si affrontano in tutti gli sport uno dopo l'altro.
International Track & Field 2 (Europe)	International Track and Field 2 di Konami è un gioco da uno a quattro giocatori (che utilizza il Multi Tap) che presenta 12 diversi eventi internazionali, che vanno dal sollevamento pesi e dal ciclismo alla canoa. Gli eventi si svolgono negli Stati Uniti, Russia, Germania, Cina, Cuba, Corea, Francia, Australia, Canada, Gran Bretagna, Giappone e Kenya. Come sequel del primo videogioco internazionale di atletica leggera per PlayStation, il gioco presenta volti e corpi dettagliati e animazioni catturate dal movimento.
International Track & Field 2000 (USA)	International Track and Field 2 di Konami è un gioco da uno a quattro giocatori (che utilizza il Multi Tap) che presenta 12 diversi eventi internazionali, che vanno dal sollevamento pesi e dal ciclismo alla canoa. Gli eventi si svolgono negli Stati Uniti, Russia, Germania, Cina, Cuba, Corea, Francia, Australia, Canada, Gran Bretagna, Giappone e Kenya. Come sequel del primo videogioco internazionale di atletica leggera per PlayStation, il gioco presenta volti e corpi dettagliati e animazioni catturate dal movimento.
Invasion from Beyond (USA)	La storia di Invasion From Beyond è basata sull'età d'oro dei thriller di fantascienza di B-Movie e va così: i lavoratori agricoli sono stati rapiti e i cerchi nel grano sono stati scoperti nei campi coltivati fuori Washington, DC. Gli insulti della gente del posto verso paure superstiziose ( &quot;Slap an Alien&quot;) era una festa di benvenuto per i marziani pronti a colpire. Sei un Earthlink pienamente qualificato e devi pilotare la tua nave per fermare l'invasione aliena manipolando la potenza di fuoco terrestre del Comando Earthlink e impedire agli alieni di conquistare il nostro amato pianeta Terra.
Invasion Vient de l'Espace, L' (France)	La storia di Invasion From Beyond è basata sull'età d'oro dei thriller di fantascienza di B-Movie e va così: i lavoratori agricoli sono stati rapiti e i cerchi nel grano sono stati scoperti nei campi coltivati fuori Washington, DC. Gli insulti della gente del posto verso paure superstiziose ( &quot;Slap an Alien&quot;) era una festa di benvenuto per i marziani pronti a colpire. Sei un Earthlink pienamente qualificato e devi pilotare la tua nave per fermare l'invasione aliena manipolando la potenza di fuoco terrestre del Comando Earthlink e impedire agli alieni di conquistare il nostro amato pianeta Terra.
Iru! (Japan)	Iru è un gioco di avventura horror in prima persona in cui il giocatore controlla un ragazzo che inizia il gioco quando sognava una ragazza che entrava in una chiesa e non appena entra, viene uccisa, ma dopo si sveglia. Al liceo, uno dei suoi amici gli chiese perché dormisse. Ora è il turno del giocatore di scoprire il mistero dell'assassino. Il gameplay consiste nel camminare per il liceo per trovare diversi oggetti per avanzare nel gioco e parlare con i personaggi.
Ishin no Arashi (Japan)	Ishin no Arashi è ambientato durante il periodo Bakumatsu (intorno al 1850 fino alla Restaurazione Meiji del 1867), il tratto finale del periodo Edo giapponese, che fu un periodo turbolento, un periodo di grande lotta tra i sostenitori degli shogun feudali, i governanti di il paese e i seguaci dell'Imperatore, che alla fine vinsero e portarono avanti la Restaurazione Meiji, trasformando il Giappone in uno stato moderno e potente. In Ishin no Arashi il giocatore può scegliere una delle tre principali battaglie del periodo Bakumastu e decidere quale leader alla fine spingerà il Giappone verso l'era Meiji.
ISS Pro Evolution (USA)	ISS Pro Evolution è un terzo videogioco della serie ISS prodotto da Konami appositamente per Playstation. In Giappone è stato rilasciato come Winning Eleven 4. Il motore è stato ricreato fornendo nuovi movimenti del giocatore, animazioni e grafica migliorata. Durante la promozione sono stati usati i seguenti slogan: &quot;Il re del calcio ritorna&quot;, &quot;Questo è davvero il calcio!&quot;. La nuova versione presentava elenchi di giocatori aggiornati, una quantità estesa di modalità di gioco, squadre (comprese le squadre di club per la prima volta), stadi e impostazioni che fornivano un editor di giocatori altamente sviluppato non limitato solo all'edizione del nome. ISS Pro Evolution era preciso in ogni dettaglio e aspetto del gioco, ad esempio il capitano della squadra poteva essere selezionato con lo stemma del capitano sul braccio o il colore delle scarpe dei giocatori poteva essere personalizzato.
ISS Pro Evolution 2 (Europe) (Es,It)	È il primo gioco ISS Pro con le licenze appropriate, anche se parziali, di alcuni giocatori con nomi reali. Es: Beckham invece di Bekham (ISS Pro Evolution). Il gioco ha una Master League estesa, con 2 divisioni e otto club in più, per un totale di ventiquattro squadre di club, come Leeds United e Boca Juniors. Sono state aggiunte anche altre squadre internazionali. Insieme a queste aggiunte, il gioco è cambiato, poiché è più fluido e realistico. La versione giapponese del gioco contiene squadre nazionali Under 23 e la squadra nazionale di calcio australiana Under 23, che non sono presenti nelle versioni al di fuori del Giappone.
Iznogoud (Europe) (En,Fr,De,It,Nl)	Sei il Gran Visir Iznogoud, il cui unico scopo è deporre il Califfo di Baghdad e diventare Califfo al suo posto. Per fare questo, devi affrontare molte sfide e nemici sul tuo cammino.Controlli Iznogoud in un ambiente platform molto colorato, muovendoti, saltando, schivando e schivando gli ostacoli intorno a te. Puoi raccogliere oggetti che aumentano i tuoi punti vita e armi che puoi lanciare contro i tuoi numerosi avversari. Ogni livello ha un boss di livello che devi sconfiggere per passare al livello successivo. Ci sono anche password fornite alla fine di ogni livello. Sei su un timer; quindi muoviti velocemente, raccogliendo le monete e gli oggetti lungo la strada.
J.League Jikkyou Winning Eleven 3 (Japan)	International Superstar Soccer Pro '98 o ISS Pro '98 è un videogioco di calcio che è la continuazione di International Superstar Soccer Pro. Pubblicato originariamente nel maggio 1998 dalla Konami Computer Entertainment Tokyo, Inc. Sebbene mancasse ancora della licenza FIFPro, appariva sulla copertina della versione per Playstation, il giocatore italiano Fabrizio Ravanelli insieme a Andreas Koepke dalla Germania in versione tedesca e Paul Ince in inglese. La copertina della versione per Nintendo 64 mostrava il giocatore colombiano Carlos Valderrama, e il gioco presentava la licenza di Reebok per usare i loro loghi negli adboard e nei kit cileni. La versione giapponese, Winning Eleven 3 è stata ripubblicata nel 1999 come Winning Eleven 3 Final ver. con alcuni lievi miglioramenti. Il commento al gioco è fornito da Tony Gubba. La versione per Nintendo 64 si chiamava International Superstar Soccer 98 ed è stata sviluppata da KCEO, piuttosto che da KCET.
J.League Soccer - Jikkyou Survival League (Japan)	J-League Soccer - Jikkyou Survival League è un gioco di calcio approvato dalla J.League e il gioco presenta diversi effetti meteorologici, stadi, notte e giorno, squadre di J.League.
Jackie Chan Stuntmaster (USA)	Il nonno di Jackie Chan è stato rapito e tocca a te aiutarlo a salvarlo! Il gioco platform d'azione di Midway, Jackie Chan Stuntmaster, ti permette di sperimentare un po' di ciò che serve per essere un attore di arti marziali e stuntman di fama internazionale. Giocherai nei panni di Jackie Chan stesso da una prospettiva in terza persona mentre inganni la morte attraverso 15 livelli ambientati in una pericolosa città piena di teppisti. Lungo la strada, dovrai anche recuperare un pacco rubato da una banda di delinquenti. L'elemento criminale non è l'unica cosa che devi affrontare: attraverserai anche strette sporgenze, eviterai ostacoli e trabocchetti e combatterai anche in cima a un treno della metropolitana in corsa.
Jarrett & Labonte Stock Car Racing (USA)	Jarrett & Labonte Stock Car Racing è la versione statunitense delle European TOCA World Touring Cars di Codemasters, modificata per presentare le auto di serie al posto delle auto da turismo originali. Jason Jarrett e Justin Labonte sono più che semplici sostenitori, poiché hanno effettivamente testato il gioco e hanno dato il loro sigillo di approvazione. Il gioco contiene 40 auto personalizzabili dei migliori produttori come Ford, Honda e BMW e 23 tracciati modellati su luoghi reali. Quattro giocatori possono gareggiare contemporaneamente in modalità schermo condiviso, con un massimo di 14 vetture in pista contemporaneamente. La colonna sonora include brani di The Offspring, Moby e Methods of Mayhem e il commento sulla gara è fornito da Ned Jarrett.
Jojo no Kimyou na Bouken (Japan)	Le bizzarre avventure di JoJo ha le sue radici nel regno dei fumetti. I giocatori potranno assumere il controllo di Jotaro Kujo, dei suoi amici e dei suoi nemici in questo festival di combattimento che attraversa il mondo e che salta da un mondo all'altro. Ora i giocatori PlayStation potranno prendere posizione e picchiare i loro amici in testa con loro nel comfort della propria casa. Questo gioco offre gran parte della tariffa di combattimento bidimensionale per cui Capcom è rinomata. Tuttavia, ci vuole un'avventura secondaria in nuovi regni con l'aggiunta dei tuoi partner Stand. Quando sferri un attacco speciale o qualche colpo, apparirà un'apparizione fantasmatica che ti riporterà indietro. Ognuno differisce a seconda dell'allineamento dei personaggi lungo lo spettro dei Tarocchi, e i giocatori hanno anche la possibilità di mettere il loro Stand in un ruolo più attivo una volta che hanno costruito il loro Stand Gauge. Quindi i tuoi alter ego possono intervenire e avere la capacità di creare dolorose combo a catena e abilitare abilità speciali del personaggio come il doppio salto e gli attacchi aerei.
JoJo's Bizarre Adventure (USA)	Le bizzarre avventure di JoJo ha le sue radici nel regno dei fumetti. I giocatori potranno assumere il controllo di Jotaro Kujo, dei suoi amici e dei suoi nemici in questo festival di combattimento che attraversa il mondo e che salta da un mondo all'altro. Ora i giocatori PlayStation potranno prendere posizione e picchiare i loro amici in testa con loro nel comfort della propria casa. Questo gioco offre gran parte della tariffa di combattimento bidimensionale per cui Capcom è rinomata. Tuttavia, ci vuole un'avventura secondaria in nuovi regni con l'aggiunta dei tuoi partner Stand. Quando sferri un attacco speciale o qualche colpo, apparirà un'apparizione fantasmatica che ti riporterà indietro. Ognuno differisce a seconda dell'allineamento dei personaggi lungo lo spettro dei Tarocchi, e i giocatori hanno anche la possibilità di mettere il loro Stand in un ruolo più attivo una volta che hanno costruito il loro Stand Gauge. Quindi i tuoi alter ego possono intervenire e avere la capacità di creare dolorose combo a catena e abilitare abilità speciali del personaggio come il doppio salto e gli attacchi aerei.
Junior Sports Football (Europe)	Backyard Soccer è il primo gioco della serie Backyard Sports Soccer. Il gioco è semplice. Ci sono 30 bambini tra cui scegliere in una squadra e molte squadre personalizzate da creare. Puoi giocare a due modalità di gioco: Singolo in cui giochi una singola partita e stagione, in cui giocherai molto tempo e contro alcune squadre personalizzate . Questo gioco include anche una modalità pratica per aiutarti ad abituarti ai calci del gioco e ti mostra anche come comportarti di fronte a una penalità. Tutte le regole del calcio, inclusi falli e dribbling, sono incluse in questo gioco.
Junior Sports Fussball (Germany)	Backyard Soccer è il primo gioco della serie Backyard Sports Soccer. Il gioco è semplice. Ci sono 30 bambini tra cui scegliere in una squadra e molte squadre personalizzate da creare. Puoi giocare a due modalità di gioco: Singolo in cui giochi una singola partita e stagione, in cui giocherai molto tempo e contro alcune squadre personalizzate . Questo gioco include anche una modalità pratica per aiutarti ad abituarti ai calci del gioco e ti mostra anche come comportarti di fronte a una penalità. Tutte le regole del calcio, inclusi falli e dribbling, sono incluse in questo gioco.
Kain the Vampire (Japan)	Blood Omen: Legacy of Kain è un gioco di ruolo e di azione su Playstation. Tu interpreti nei panni di Kain, appena trasformato in vampiro dal negromante Mortanius che vuole usarlo per i suoi scopi oscuri. Dovrete scegliere tra il bene e il male e incontrare molti personaggi misteriosi per governare il regno di Nosgoth.
Kart Race - Kimete wa Drift! (Japan)	Questa versione dal valore aggiunto arriva in Nord America per gentile concessione di Tommo e A1 Games. Gioca nei panni di uno dei 12 corridori che competono per il primo posto su sette diverse piste da corsa, che includono pavimentazioni e paesaggi ghiacciati. Tre modalità di gioco includono: Grand Prix, Time Attack e Two-Player Versus. Usa la tecnica della derapata e afferra le capsule turbo disseminate sui percorsi di gara per darti un vantaggio competitivo.
Kaze no Klonoa - Door to Phantomile (Japan)	Klonoa: Door to Phantomile è un gioco di piattaforme a scorrimento laterale visto da una prospettiva &quot;2.5D&quot;. Il giocatore muove il protagonista, Klonoa, lungo un percorso bidimensionale, ma il gioco è reso in tre dimensioni. Questo permette al percorso seguito di curvare e al giocatore di interagire con gli oggetti al di fuori del percorso. Il gioco è diviso in livelli chiamati &quot;Visioni&quot;, dove il giocatore progredisce seguendo un percorso con nemici sconfitti controllati dal computer e puzzle che devono essere risolti. Alla fine di alcuni livelli, il giocatore deve sconfiggere un boss, un nemico potente.
Kensei - Sacred Fist (USA)	Partecipa a un torneo di arti marziali in KENSEI: Sacred Fist. Scegli tra 22 personaggi diversi e usa la modalità allenamento per imparare le mosse e le combinazioni uniche di ogni personaggio. Quando sei pronto per combattere, gioca in modalità Normale e sblocca nuovi personaggi. Per alcune sfide diverse, prova a vedere quanto velocemente riesci a muoverti attraverso tutte le fasi nella modalità Attacco a tempo, o guarda quanti sfidanti puoi battere prima di perdere tutta la tua salute nella modalità Sopravvivenza. Se i tuoi amici pensano di poterti battere, sfidali a un incontro con la modalità Versus. Indipendentemente dalla modalità in cui giochi, sarai in grado di sentire ogni pugno e calcio grazie al supporto Dual Shock. Hai la forza e il coraggio per vincere il torneo in KENSEI: Sacred Fist?
Kids Station - Oja Majo DoReMi Dokkan! Maho-dou Eigo Festival (Japan)	Kids Station - Motto!! Oja Maho Doremi Dokkan! Maho Dou Eigo Festival è il secondo gioco basato sull'anime e comprende anche diversi minigiochi con scopo educativo per imparare l'inglese.
Kids Station - Oshaberi Oekaki - Kikansha Thomas to Nakamatachi (Japan)	Kids Station: Kikansha Thomas to Nakama-tachi è una raccolta di tanti mini giochi come quello di corse, puzzle, quiz, matematica, ecc.
King of Fighters '96, The (Japan, Asia)	Dopo la morte di Omega Rugal, il cui corpo non ha retto alla potenza di Orochi, un nuovo torneo viene organizzato da una certa Chizuru Kagura. Si presenta come la guardiana dello specchio che sigilla il demone Orochi, ma sente che qualcosa non va. Chiede a Kyo e Lori di aiutarla a difendere il sigillo in caso di attacco. Infatti, Goenitz, il messaggero di Orochi, è venuto a liberare il suo padrone. Ma Kyo e Lori hanno raccolto le loro forze per sconfiggerlo. Quando Goenitz morì, Iori bevve il suo sangue e iniziò a comportarsi in modo strano. Entrò nella Rivolta del Sangue e uccise Vice e Mature che erano al suo fianco.Il King of Fighters '96 è un episodio importante nella storia di KOF. La leggenda di Orochi è sempre più presente e ci troviamo di fronte a uno dei boss più difficili dei giochi di combattimento, Goenitz. Per quanto riguarda il gioco in sé, ha subito una bella evoluzione grafica.
Kiwame Daidougi (Japan) (Major Wave)	Kiwame - Taikyoku Shogi è un gioco di Shogi, il gioco presenta una modalità vs computer, una modalità vs umani e anche diverse partite con solo gli ultimi movimenti da fare.
KKND Krossfire (Europe)	Cento anni fa, una grande guerra nucleare devastò l'intero pianeta... i sopravvissuti furono pochi. Coloro che risorsero dalle ceneri delle terre desolate nucleari si divisero in due fazioni: l'Esercito dei Sopravvissuti, che ebbe il buon senso di rifugiarsi sottoterra durante il peggio dei venti nucleari. Gli Evoluti, invece, non avevano alcuna intenzione di rifugiarsi come topi nelle profondità del rifugio sotterraneo. Decisero di affrontare le dure condizioni del pianeta un tempo fertile. Tuttavia, le tossine nucleari trasformarono questo popolo un tempo orgoglioso in mutanti mezzo pazzi che per oltre mezzo secolo saccheggiarono la terra...
Klaymen Klaymen 2 - Skullmonkey no Gyakushuu (Japan)	Skullmonkeys è il successore di The Neverhood, uscito solo su PC (e, in Giappone, come &quot;Klaymen Klaymen&quot; su PSX). Il gioco è un tipo di gioco &quot;salta e corri&quot; della vecchia scuola, con un gran numero di FMV. L'intero gioco è modellato in argilla. Il giocatore prende il controllo di Klaymen durante il gioco nel tentativo di fermare l'avversario principale, essendo Klogg, che vuole distruggere il pianeta natale di Klaymen, The Neverhood, tramite un enorme robot chiamato &quot;Evil Engine No. 9&quot;. Usa un esercito di scimmiette teschio estremamente stupide per fermare Klaymen nella sua ricerca; Ad eccezione di diversi strani uccelli di argilla, ogni nemico nel gioco è una scimmia. Il gioco presenta musica con testi di Terry Scott Taylor.
Klonoa - Door to Phantomile (USA)	Klonoa: Door to Phantomile è un gioco di piattaforme a scorrimento laterale visto da una prospettiva &quot;2.5D&quot;. Il giocatore muove il protagonista, Klonoa, lungo un percorso bidimensionale, ma il gioco è reso in tre dimensioni. Questo permette al percorso seguito di curvare e al giocatore di interagire con gli oggetti al di fuori del percorso. Il gioco è diviso in livelli chiamati &quot;Visioni&quot;, dove il giocatore progredisce seguendo un percorso con nemici sconfitti controllati dal computer e puzzle che devono essere risolti. Alla fine di alcuni livelli, il giocatore deve sconfiggere un boss, un nemico potente.
Klonoa Beach Volley - Saikyou Team Ketteisen! (Japan, Asia)	Klonoa Beach Volleyball è un gioco di pallavolo con una svolta. Oltre a poter giocare su altri numerosi campi. Il gioco è così avvincente e ci sono così tante cose da sbloccare che continuerai a tornare per un altro gioco. Ma non si tratta solo di colpire e ricevere la palla, puoi anche usare alcune mosse e tecniche astute per dimostrare la vittoria. Ogni volta che colpisci una certa parte del lato degli altri giocatori, si accende un pannello nell'angolo dello schermo. Ottieni 3 pannelli da illuminare di seguito e puoi sferrare un super attacco che ti dà più punti se colpisce con successo il lato degli altri giocatori. Con un massimo di 12 personaggi tra cui scegliere e con un massimo di 4 giocatori, il Klonoa Beach Volleyball è un piacere che crea dipendenza. Il gioco ha 3 modalità di gioco; mostra, campionato e allenamento. Il campionato è il più importante di tutti in cui devi sconfiggere tutte le squadre opposte per vincere. Ogni volta che vinci otterrai un film e una nuova opzione o personaggio. Caratteristiche: Gameplay avvincente e facile da capire Particolarmente adatto ai giocatori più giovani Funzione di controllo speciale per bambini che semplifica il meccanismo di controllo 3 modalità di gioco: Campionato, Esibizione e Allenamento Ogni personaggio richiede i propri attacchi speciali unici 1-4 giocatori
Klonoa Beach Volleyball (Europe) (En,Fr,De,Es,It)	Klonoa Beach Volleyball è un gioco di pallavolo con una svolta. Oltre a poter giocare su altri numerosi campi. Il gioco è così avvincente e ci sono così tante cose da sbloccare che continuerai a tornare per un altro gioco. Ma non si tratta solo di colpire e ricevere la palla, puoi anche usare alcune mosse e tecniche astute per dimostrare la vittoria. Ogni volta che colpisci una certa parte del lato degli altri giocatori, si accende un pannello nell'angolo dello schermo. Ottieni 3 pannelli da illuminare di seguito e puoi sferrare un super attacco che ti dà più punti se colpisce con successo il lato degli altri giocatori. Con un massimo di 12 personaggi tra cui scegliere e con un massimo di 4 giocatori, il Klonoa Beach Volleyball è un piacere che crea dipendenza. Il gioco ha 3 modalità di gioco; mostra, campionato e allenamento. Il campionato è il più importante di tutti in cui devi sconfiggere tutte le squadre opposte per vincere. Ogni volta che vinci otterrai un film e una nuova opzione o personaggio. Caratteristiche: Gameplay avvincente e facile da capire Particolarmente adatto ai giocatori più giovani Funzione di controllo speciale per bambini che semplifica il meccanismo di controllo 3 modalità di gioco: Campionato, Esibizione e Allenamento Ogni personaggio richiede i propri attacchi speciali unici 1-4 giocatori
Knockout Kings 2000 (USA)	Hai mai sognato di combattere nel “Thrilla in Manilla”? Ora puoi farlo! In Knockout Kings 2000, EA Sports ha incluso una funzione Classic Fights. Alcuni dei più grandi incontri di tutti i tempi sono giocabili, senza risultati prestabiliti. Puoi combattere nei panni dei pugili o creare i tuoi incontri più grandi di sempre assumendo l'identità di oltre 50 dei più grandi pugili di tutti i tempi, comprese le loro statistiche. Da Ali e Frazier a Holyfield e Butterbean. Oltre alla funzione Classic Fights, puoi partecipare a numerose modalità. Dalla modalità Exhibition senza regole alle modalità Slugfest e Career, hai l'imbarazzo della scelta.
Knockout Kings 2001 (USA)	Gli uomini non sono gli unici a cercare lo scontro in Knockout Kings 2001, il primo gioco di boxe di EA SPORTS che include pugili donne. Anche i migliori pugili maschi sono pronti a sfidarsi per stabilire chi è il più grande di tutti i tempi. La lista delle leggende include Ali, Frazier, Louis, Chavez, Marciano e molti altri. I giocatori hanno anche la possibilità di creare un pugile con il proprio stile personalizzato e competere per i titoli dei pesi leggeri, medi o massimi. Teddy Atlas e Al Bernstein offrono il commento a bordo ring, mentre Mills Lane è uno degli arbitri.
Kojin Kyouju - La Lecon Particuliere (Japan)	Kojin Kyouju - La Lecon Particuliere è un gioco di simulazione di appuntamenti pubblicato nel 1998 da Micon che racconta la storia di un giovane insegnante che arriva in una scuola superiore e, appena arrivato, alcune giovani studentesse gli chiedono lezioni private per migliorare i loro studi. Il giocatore deve scegliere cosa fare ogni settimana: può dare lezioni private a diverse ragazze o andare in città o fare altre cose. L'obiettivo delle lezioni private è quello di aiutare le ragazze a studiare e a tal fine le ragazze vi faranno domande su diverse materie. Il giocatore può anche controllare i progressi delle ragazze la volta successiva che si reca a casa loro per una lezione privata. Il gioco presenta 6 diversi personaggi femminili principali, voci giapponesi per tutti i personaggi e finali diversi a seconda delle scelte del giocatore durante il gioco e del suo rapporto con ciascuna ragazza.
Konami 80's Arcade Gallery (Japan)	Questo gioco è una raccolta di vecchi videogiochi arcade realizzati da Konami e pubblicato originariamente nelle sale giochi giapponesi con il titolo “Konami 80's Arcade Gallery” nel 1998. Successivamente è stato portato sulla PlayStation giapponese nel 1999. La raccolta è stata pubblicata anche in Nord America, prima nelle sale giochi con il nome “Konami 80's AC Special”, poi su PlayStation con il nome “Konami Arcade Classics”. Conteneva 10 giochi: Pooyan, Scramble, Yie Ar Kung-Fu, Roc'n Rope, Shao-lin's Road, Circus Charlie, Super Cobra, Road Fighter, Time Pilot e Gyruss. Ciascuno di essi è stato pubblicato tra il 1981 e il 1985. Questa versione per PlayStation non è stata pubblicata in Europa o in Australia, ma entrambe le regioni hanno ricevuto la versione arcade.
Konami Antiques - MSX Collection Vol. 2 (Japan)	Konami Antiques MSX Collection è una serie di compilation di giochi per computer MSX pubblicata da Konami in Giappone per Sony PlayStation e Sega Saturn tra il 1997 e il 1998. Questa compilation include i seguenti giochi classici: - Konami's Golf (1984) - Konami's Billiards (1983) - Hyper Sports 3 (1985) - Athletic Land (1984) - Magical Tree (1984) - Yie Ar Kung-Fu II (1985) - Super Cobra (1983) - Twin Bee (1986) - Gradius 2 (1987)
Konami Antiques - MSX Collection Vol. 3 (Japan, Asia)	Konami Antiques MSX Collection è una serie di compilation di giochi per computer MSX pubblicata da Konami in Giappone per Sony PlayStation e Sega Saturn tra il 1997 e il 1998. Questa compilation include i seguenti giochi classici: - Konami's Tennis (1984) - Konami's Soccer (1985) - Konami Rally (1985) - Comic Bakery (1984) - Pippols (1985) - King's Valley (1985) - Penguin Adventure (1986) - Time Pilot (1983) - Parodius (1987) - Salamander (1987)
Konami Arcade Classics (USA)	Questo gioco è una raccolta di vecchi videogiochi arcade realizzati da Konami e pubblicato originariamente nelle sale giochi giapponesi con il titolo “Konami 80's Arcade Gallery” nel 1998. Successivamente è stato portato sulla PlayStation giapponese nel 1999. La raccolta è stata pubblicata anche in Nord America, prima nelle sale giochi con il nome “Konami 80's AC Special”, poi su PlayStation con il nome “Konami Arcade Classics”. Conteneva 10 giochi: Pooyan, Scramble, Yie Ar Kung-Fu, Roc'n Rope, Shao-lin's Road, Circus Charlie, Super Cobra, Road Fighter, Time Pilot e Gyruss. Ciascuno di essi è stato pubblicato tra il 1981 e il 1985. Questa versione per PlayStation non è stata pubblicata in Europa o in Australia, ma entrambe le regioni hanno ricevuto la versione arcade.
Konami Open Golf (Europe)	Sei sul campo; la rugiada sta iniziando a scomparire proprio mentre ti avvicini al primo tee. Allinea il tiro e lancia la tua pallina a 350 metri lungo il centro del fairway. Tutta l'emozione e il fascino del golf arrivano su PlayStation con Konami Open Golf. Puoi scegliere tra sei diversi golfisti, ognuno con caratteristiche e abilità diverse. Una volta scelto il tuo golfista, metti alla prova le sue abilità su un campo progettato con tecnologia poligonale a 32 bit e texture mapping. Competi contro altri giocatori in un torneo o in una partita Skins. Per chi non ama la competizione, è possibile scendere in campo e allenarsi con i propri colpi preferiti. Indipendentemente da come giochi, l'eccellente commento play-by-play rende l'azione ancora più realistica. Il realismo e l'azione di Konami Open Golf ti faranno sentire come se fossi davvero sul campo.
Koudelka (USA) (Disc 1)	Koudelka è un gioco di ruolo per Playstation ambientato nel 1889. La storia si svolge nel monastero di Nemeton dove tre avventurieri si ritrovano per motivi diversi: Koudelka Iasant (chiamata da un fantasma), Edward Plunkett (alla ricerca di ragazze e tesori) ) e Padre James O'Flaherty (sulle tracce di un manufatto rubato dal Vaticano). I mostri sparsi nella zona forniscono armi, pezzi di armatura e altri oggetti.
Koukaku Kidoutai - Ghost in the Shell (Japan, Asia)	Gioco d'azione in terza persona basato sul fumetto originale Ghost in the Shell di Masamune Shirow, anziché sul film di Mamoru Oshi. Assumi il ruolo di un nuovo membro della squadra antiterrorismo di Kusanagi e puoi portare a termine missioni sul tuo Fuchikoma (un carro armato dotato di IA simile a un ragno) grazie al quale puoi saltare, attaccarti a muri e soffitti e sparare all'inferno ai terroristi, il tutto da un punto di vista in prima o terza persona. Mentre le missioni procedono, inizia a emergere una trama riguardante un grattacielo gigante, l'Aereopolis II, che alla fine verrà risolto dopo 12 missioni per giocatore singolo. Altre caratteristiche includono una sequenza di allenamento, audio stereo 3D e modalità schermo anamorfico ampio per TV 16x9.
Kouklotheatro - Yuukyuu no Hitomi (Japan)	Eternal Eyes è un gioco di ruolo isometrico per Playstation. Il malvagio generale Vorless cerca di risvegliare Luna, la dea della distruzione, ma il giovane mago Luke intende salvare il mondo dall'annientamento. Il nostro eroe può raccogliere fino a 150 Mappets (mostri burattini magici) per aiutarlo nel suo compito.
Krazy Ivan (USA)	All'inizio del XXI secolo, la Terra è attaccata dagli alieni. Hanno eretto dei generatori di energia, creando un campo che lentamente ingloba l'intera superficie del pianeta. Hanno anche fatto prigionieri centinaia di umani. Il comandante russo Ivan Popovich, soprannominato &quot;Krazy Ivan&quot;, uno schizofrenico paranoico, incline a esplodere in violenza in qualsiasi momento, si occuperà di questa missione. Il giocatore controlla la tuta mecha &quot;Steel Cossack&quot; di Ivan sui campi di battaglia 3D. In ognuna delle cinque zone del gioco si possono trovare due tipi di nemici: i droni e i senzienti. I droni sono piccoli veicoli aerei e terrestri che ricompaiono spesso. I Senzienti sono mecha simili per dimensioni e capacità al cosacco d'acciaio. Per completare la missione, è necessario eliminare tutti i Senzienti prima di distruggere il generatore di campi energetici.
Kula World (Europe)	Con la vostra palla da spiaggia Kula galleggiate attraverso 200 labirinti 3D - a miglia da terra! Raccogli tutti i tesori e trova tutte le chiavi. Questo è l'unico modo per raggiungere la libertà. Ma attenzione, in fondo non vogliono cadere nel baratro. Saltate su campi in fiamme, spuntoni appuntiti e onnipresenti furfanti che non fanno altro che rompere le scatole.
KulaQuest (Japan)	Con la vostra palla da spiaggia Kula galleggiate attraverso 200 labirinti 3D - a miglia da terra! Raccogli tutti i tesori e trova tutte le chiavi. Questo è l'unico modo per raggiungere la libertà. Ma attenzione, in fondo non vogliono cadere nel baratro. Saltate su campi in fiamme, spuntoni appuntiti e onnipresenti furfanti che non fanno altro che rompere le scatole.
Kurt Warner's Arena Football Unleashed (USA)	Il quarterback Kurt Warner, MVP del Super Bowl, torna alle sue origini nell'arena league per guidare la guerra indoor in questa versione di Midway. L'attenzione è rivolta al gioco veloce e dinamico con formazioni sei contro sei, grandi colpi e nessuna penalità. Il gioco è su licenza e include tutte le 17 squadre e arene reali dell'AFL. Fino a quattro giocatori possono sfidarsi nell'arena utilizzando un adattatore PS Multitap. Le partite sono commentate dal telecronista sportivo Larry Beil. Caratteristiche: * Include 17 squadre e arene dell'AFL * Azione sei contro sei con placcaggi violenti e nessuna regola * Personalizza le giocate e gli audible
Kuru Kuru Twinkle - Onegai Ohoshi-sama (Japan)	Kurukuru Twinkle - Onegaioho Shisama è un puzzle game in cui il giocatore può scegliere tra due personaggi, un uomo e una donna, e in cui il gioco consiste nell'assemblare tre pezzi dello stesso tipo. Il gioco presenta un grazioso personaggio in 2D, un gameplay raffinato e impegnativo (la difficoltà aumenta con l'aumentare dei livelli) e persino una modalità per 2 giocatori.
Kurushi (Europe) (En,Fr,De,Es,It)	Intelligent Qube è un classico gioco rompicapo per PlayStation. In Europa e Australia è conosciuto con il nome di Kurushi. Nel gioco, il giocatore controlla un personaggio che deve correre su una piattaforma composta da cubi, catturando alcuni cubi mentre si avvicinano. I cubi vengono “catturati” contrassegnando un punto sul palco, aspettando che il cubo rotoli sopra di esso e poi disattivando il punto contrassegnato. Intelligent Qube è stato relativamente ben accolto dalla critica. Il gioco ha ottenuto un buon successo commerciale in Giappone e ha persino vinto il Premio di Eccellenza per l'Arte Interattiva al Japan Media Arts Festival del 1997. Sono stati sviluppati alcuni sequel e il gioco è stato successivamente ripubblicato su telefoni cellulari e sul PlayStation Store giapponese.
Kurushi Final (Europe)	Sono tempi difficili per i giochi rompicapo. Nello stile di vita stressante, multitasking e dipendente dal Ritalin della maggior parte dei consumatori di videogiochi, c'è poco spazio per il divertimento puramente analitico. I creatori di giochi rompicapo, tuttavia, perseverano. IQ Final è il seguito di Intelligent Qube, uscito nel 1997 per PlayStation, ed è essenzialmente una versione ampliata e perfezionata di quel gioco. Il concetto centrale rimane lo stesso: pensare per superare un labirinto in movimento.
Lady Maid (Japan)	Ready Maid racconta la storia di una famiglia che ha perso la madre in un incidente quando la figlia era ancora piccola. Il padre del bambino è un robot geniale della tecnologia. Il tempo passa e la giovane ragazza (Hiiragi) va tutti i giorni a studiare all'accademia, e qualcuno assume suo padre per realizzare un robot da cameriera, quindi prima decide di creare un prototipo e vedere come funzionerà a casa sua.
Land Before Time, The - Big Water Adventure (USA)	Con i personaggi della serie di film d'animazione, The Land Before Time: Big Water Adventure consente ai giovani giocatori di guidare Littlefoot, Ducky, Cera e Spike attraverso 14 livelli in quattro mondi: Mountain Pass, Great Landbreak, New Water e Soggy Swamp. I personaggi saltano, corrono, scivolano, colpiscono la testa e frustano la coda mentre esplorano livelli contenenti ostacoli come tronchi in movimento, alberi, lava, geyser, fiumi e burroni. L'obiettivo in ogni livello è raccogliere 30 &quot;treestars&quot; e sbloccare puzzle di immagini bonus nel Palazzo di Petrie.
Land Before Time, The - Great Valley Racing Adventure (USA)	The Land Before Time: Great Valley Racing Adventure è un gioco di corse in stile cartone animato progettato per offrire divertimento e sfide non violente per i bambini di tutte le età. I personaggi preferiti della serie di film d'animazione sfrecciano su percorsi preistorici pieni di ostacoli difficili e speciali potenziamenti Treestar. I giocatori possono scegliere di sfidare un dinosauro avversario controllato dal computer o gareggiare contro un amico mentre guidano Littlefoot, Cera, Ducky, Petrie o Spike verso il traguardo, con tempo soleggiato o pioggia, attraverso ambienti 3D ambientati in The Land Before Time.
Land Before Time, The - Racing Adventure (Europe) (En,Fr,De,Es,It)	The Land Before Time: Great Valley Racing Adventure è un gioco di corse in stile cartone animato progettato per offrire divertimento e sfide non violente per i bambini di tutte le età. I personaggi preferiti della serie di film d'animazione sfrecciano su percorsi preistorici pieni di ostacoli difficili e speciali potenziamenti Treestar. I giocatori possono scegliere di sfidare un dinosauro avversario controllato dal computer o gareggiare contro un amico mentre guidano Littlefoot, Cera, Ducky, Petrie o Spike verso il traguardo, con tempo soleggiato o pioggia, attraverso ambienti 3D ambientati in The Land Before Time.
Land Before Time, The - Return to the Great Valley (USA)	Dopo essere stati inseguiti da un Sharptooth mentre restituivano un uovo rubato, Littlefoot, Cera, Ducky e Spike si perdono nel Great Beyond. I giocatori controllano i quattro amici preistorici mentre ognuno deve trovare la via del ritorno a casa in The Land Before Time: Return to the Great Valley per PlayStation. Percorrendo cinque livelli 3D, i personaggi devono raccogliere le stelle degli alberi evitando pericolose insidie. I livelli contengono elementi interattivi, come piante e bolle di catrame. A seconda del personaggio selezionato, i giocatori possono fare uso di frustate della coda, colpi di testa e altre abilità per costruire ponti, cavalcare geyser e superare altri ostacoli. Petrie è anche prontamente disponibile per volare sullo schermo e offrire consigli e indicazioni. I livelli sono composti da percorsi ad ostacoli e azioni di tipo puzzle in quanto i giocatori devono attraversare fiumi, nutrire piante e raccogliere stelle degli alberi evitando pericoli, come lava, acqua e ripide scogliere. Dopo che tutti e cinque i personaggi sono usciti dal quinto livello, sono tutti riuniti nella Great Valley.
Legacy of Kain - Soul Reaver (USA)	Raziel, uno dei sei governatori del signore dei vampiri Cain, raggiunse una nuova fase di sviluppo prima del suo maestro ed è stato il primo vampiro a ricevere ali simili a pipistrelli. Caino lo considera presuntuoso, poiché di solito ha il privilegio di essere il primo a subire una metamorfosi e quindi ad aumentare le sue capacità. In un impeto di gelosia, Cain strappa le ossa delle ali di Raziel e lo getta nel vortice delle anime, in cui si dice che Raziel sia in agonia per sempre, perché l'acqua è fatale per i vampiri di Nosgoth. Ma Raziel viene salvato dall'anziano, un'antica divinità che vive nell'abisso, e dotato di nuove abilità. Raziel è ora diventato una specie di angelo della morte; invece del sangue ha sete delle anime delle sue vittime. Spinto dalla sua sete di punizione e dai piani oscuri del vecchio dio, intraprende una campagna di vendetta.
Legaia Densetsu (Japan)	Dopo aver creato un mondo enorme con vasti oceani, paesaggi e un universo infinito, Dio ha istituito gli esseri umani per mantenere in ordine la sua creazione. Quando si rese conto che l'uomo era mortalmente imperfetto di debolezze e sentimenti, creò una forza misteriosa nota come Seru; questi oggetti in pietra aiuterebbero gli esseri umani nelle decisioni e nelle funzioni quotidiane. Indossati come capi di abbigliamento, conferivano a chi li indossava molti punti di forza e abilità che vanno dal movimento di oggetti pesanti alle capacità di volo. Così, la vita umana fu resa più facile: i Seru avrebbero obbedito per sempre ai loro padroni. E poi è arrivata la Nebbia. Piena di mezzi distruttivi e odio, la Nebbia coprì le terre coltivate degli umani e distrusse un legame apparentemente eterno con i Seru. Invece di aiutare lealmente i loro padroni, le misteriose pietre si rivoltarono contro gli umani; sono diventati strumenti maniacali del male, controllando le menti e rovinando vite innocenti. L'esistenza umana è stata ridotta enormemente con pochi sopravvissuti in fuga verso territori inesplorati. Forse la Nebbia non li avrebbe trovati ovunque corressero.
Legend (Europe)	Legend è stato programmato da Toka e pubblicato e distribuito da Funsoft esclusivamente per il mercato europeo, essendo in vendita in questo continente nel dicembre 1998. Il titolo del gioco è un remake di quello uscito su Super Nintendo solo in 3D dello stesso titolo, motivo per cui ci troviamo di fronte ad un interessante picchiaduro in stile medievale.
Legend of Dragoon, The (USA, Canada) (Disc 1)	Sono passati quattro anni da quando Dart ha lasciato la sua casa ed è andato alla ricerca del mostro nero che ha distrutto i suoi genitori e il suo luogo di nascita Neet. Mentre cammina attraverso una foresta nella zona di Serdio, incontra accidentalmente un gruppo di cavalieri che trova estremamente strani - apparentemente sono guerrieri di un esercito, ma cosa ci fanno qui? Lo spiacevole incontro sta per degenerare quando un apparente terremoto disturba la discussione. All'improvviso una testa di drago spunta dalle cime degli alberi e le sue gambe gigantesche quasi calpestano i dardi. I corridori scompaiono immediatamente e Dart scappa. Quando finalmente si avvicina molto e il drago ha quasi raggiunto Dart, Dart viene salvato da uno sconosciuto in abiti scuri che lo informa dell'attacco al suo villaggio natale. Senza esitazione, Dart parte per Seles, ma le tracce della devastazione non possono essere trascurate da lontano. Una volta nel villaggio, Dart sconfigge i soldati rimasti e scopre che la sua ragazza Shana è stata rapita nella prigione di Hellena. Completamente ignaro e scioccato, Dart decide di indagare sulla misteriosa storia ...
Legend of Legaia (USA)	Dopo aver creato un mondo enorme con vasti oceani, paesaggi e un universo infinito, Dio ha istituito gli esseri umani per mantenere in ordine la sua creazione. Quando si rese conto che l'uomo era mortalmente imperfetto di debolezze e sentimenti, creò una forza misteriosa nota come Seru; questi oggetti in pietra aiuterebbero gli esseri umani nelle decisioni e nelle funzioni quotidiane. Indossati come capi di abbigliamento, conferivano a chi li indossava molti punti di forza e abilità che vanno dal movimento di oggetti pesanti alle capacità di volo. Così, la vita umana fu resa più facile: i Seru avrebbero obbedito per sempre ai loro padroni. E poi è arrivata la Nebbia. Piena di mezzi distruttivi e odio, la Nebbia coprì le terre coltivate degli umani e distrusse un legame apparentemente eterno con i Seru. Invece di aiutare lealmente i loro padroni, le misteriose pietre si rivoltarono contro gli umani; sono diventati strumenti maniacali del male, controllando le menti e rovinando vite innocenti. L'esistenza umana è stata ridotta enormemente con pochi sopravvissuti in fuga verso territori inesplorati. Forse la Nebbia non li avrebbe trovati ovunque corressero.
Legend of Mana (USA)	Legend of Mana è un gioco di ruolo in cui si impersona un eroe o un'eroina nel mondo di Fa'Diel. Il gioco si basa sul cambiamento del mondo. Più si avanza nella storia, più artefatti si raccolgono, attraverso incontri più o meno amichevoli. Questi manufatti permettono di comprendere meglio il mondo di Fa'Diel. Inoltre, è possibile allevare piccoli mostri e forgiare armi per aiutarsi nella propria avventura.
LEGO Racers (USA) (En,Fr,De,Es,It,Nl,Sv,No,Da,Fi)	Per la prima volta, costruisci i tuoi carrelli Lego preferiti sul tuo PC utilizzando tutti i blocchi disponibili nella vita reale, grazie alle dettagliate modalità di creazione. Puoi quindi gareggiare con la tua bestia contro altri personaggi lego in 12 percorsi a tema speciali, basati sui kit Lego a tema (inclusi Pirati ed Egitto e molto altro). Gareggia con il tuo amico in modalità schermo diviso o vai dritto per il trofeo di corse Lego definitivo.
Lemmings & Oh No! More Lemmings (USA)	Il tuo compito è quello di salvare i Lemming su 120 livelli. Per ogni missione è indicata una percentuale di individui da tenere in vita. A seconda del terreno, assegnate compiti come scavare, costruire scale o bloccare il passaggio e riportate in sicurezza i tuoi instancabili Lemming. Questa versione Playstation contiene il gioco originale e la sua estensione Oh No! Altri Lemmings, che offre 100 nuovi livelli, nuova musica e nuovi ambienti.
LiberoGrande 2 (Japan)	Libero Grande International è il seguito di Libero Grande, un adattamento del gioco arcade.nnA differenza del primo gioco, ora puoi scegliere tu stesso il giocatore invece di essertene assegnato uno, dandoti l'opportunità di fare alcune scelte non convenzionali, come interpretare il ruolo di portiere.nnGiochi da una prospettiva in terza persona. Potrai eseguire movimenti tipici delle partite di calcio e avere anche la possibilità di dare comandi ai tuoi compagni di squadra per passare, tirare o intercettare. Dopo ogni partita ti verranno mostrati grafici statistici e verrai valutato per il tuo gioco. Le modalità di gioco includono partite amichevoli, due tornei e un campionato. Puoi giocare con o contro un amico in modalità schermo condiviso.
Liberogrande International (Europe) (En,Fr,De,Es,It)	Libero Grande International è il seguito di Libero Grande, un adattamento del gioco arcade.nnA differenza del primo gioco, ora puoi scegliere tu stesso il giocatore invece di essertene assegnato uno, dandoti l'opportunità di fare alcune scelte non convenzionali, come interpretare il ruolo di portiere.nnGiochi da una prospettiva in terza persona. Potrai eseguire movimenti tipici delle partite di calcio e avere anche la possibilità di dare comandi ai tuoi compagni di squadra per passare, tirare o intercettare. Dopo ogni partita ti verranno mostrati grafici statistici e verrai valutato per il tuo gioco. Le modalità di gioco includono partite amichevoli, due tornei e un campionato. Puoi giocare con o contro un amico in modalità schermo condiviso.
Livro da Selva, O - Uma Festa Divertida (Portugal)	Disney Il Libro della Giungla noto nei mercati nordamericani The Jungle Book Rhythm N'Groove è un videogioco musicale di Disney Il Libro della Giungla. Ha come protagonisti molti personaggi del film. Alcune canzoni come &quot;Lo stretto necessario&quot; e &quot;Voglio essere come te&quot; provengono dal film originale; le nuove canzoni sono state scritte da Nicolas Maranda, che ha anche arrangiato tutte le canzoni. Questo gioco è realizzato nello stile di Dance Dance Revolution in cui il giocatore segue le frecce su una pista da ballo.
Lomax (Europe) (En,Fr,De,Es,It)	Gli amici di Lomax sono nei guai e tocca a te salvarli dal sinistro cattivo, Evil Ed. Usando un incantesimo magico, il demone li ha rapiti e li sta costringendo a fare tutto ciò che istruisce. Adventures of Lomax è un gioco platform che si presenta come uno spin-off di Lemmings (dopotutto, è sviluppato dalla stessa azienda). Nei panni dell'eroe, dovrai saltare e sparare attraverso una moltitudine di livelli 2D a scorrimento laterale raccogliendo diversi potenziamenti. Gli oggetti speciali che Lomax incontra gli fanno guadagnare l'invincibilità; aumentare il raggio di salto e la potenza dei suoi attacchi. La maggior parte degli effetti svanisce in un periodo di tempo specifico e sono lì per darti un rapido aumento della salute.
Looney Tunes - Sheep Raider (USA) (En,Fr,Es,Pt)	Buon camuffamento, tattiche intelligenti e tanto divertimento. Sei pronto per l'ultima prova di forza? Non fare la pecora, rubane una. Sam il cane da pastore contro Ralph il lupo avido che pensa solo al prossimo pasto. Gioca a Ralph in un mondo pazzo con un gameplay unico. Usa più di 30 strumenti diversi per inserire il maggior numero di alberi possibile. Esplora 18 mondi diversi e completamente interattivi.
Louvre - A Maldicao (Portugal) (Disc 1)	Morgan Sinclair, un agente dei servizi segreti, è stato incaricato della missione di recuperare 4 artefatti, chiamati Satan's Keys, dal Museo del Louvre. Queste quattro chiavi, quando unite insieme, causano il completo annientamento globale. Torna indietro nel tempo a tre periodi in cui vari re usavano il Louvre come loro palazzi residenziali: periodo medievale di Carlo V, periodo rinascimentale di Enrico IV, periodo della rivoluzione francese di Luigi XV 1789 e torna sano e salvo ai giorni nostri. In questa corsa di nuovo malvagia e contro il tempo, tu come Morgan devi trovare le chiavi prima che i discendenti vendicativi di un culto malvagio dei Templari Neri combinino questi artefatti mistici innescando l'Armageddon. Il gioco prevede indovinelli e risoluzione di enigmi, punteggiati da azioni dei personaggi e cut-scene 3D che rafforzano l'atmosfera oscura e clandestina del gioco.
Louvre - L'Ultime Malediction (France) (Disc 1)	Morgan Sinclair, un agente dei servizi segreti, è stato incaricato della missione di recuperare 4 artefatti, chiamati Satan's Keys, dal Museo del Louvre. Queste quattro chiavi, quando unite insieme, causano il completo annientamento globale. Torna indietro nel tempo a tre periodi in cui vari re usavano il Louvre come loro palazzi residenziali: periodo medievale di Carlo V, periodo rinascimentale di Enrico IV, periodo della rivoluzione francese di Luigi XV 1789 e torna sano e salvo ai giorni nostri. In questa corsa di nuovo malvagia e contro il tempo, tu come Morgan devi trovare le chiavi prima che i discendenti vendicativi di un culto malvagio dei Templari Neri combinino questi artefatti mistici innescando l'Armageddon. Il gioco prevede indovinelli e risoluzione di enigmi, punteggiati da azioni dei personaggi e cut-scene 3D che rafforzano l'atmosfera oscura e clandestina del gioco.
Louvre - La Maldicion Final (Spain) (Disc 1)	Morgan Sinclair, un agente dei servizi segreti, è stato incaricato della missione di recuperare 4 artefatti, chiamati Satan's Keys, dal Museo del Louvre. Queste quattro chiavi, quando unite insieme, causano il completo annientamento globale. Torna indietro nel tempo a tre periodi in cui vari re usavano il Louvre come loro palazzi residenziali: periodo medievale di Carlo V, periodo rinascimentale di Enrico IV, periodo della rivoluzione francese di Luigi XV 1789 e torna sano e salvo ai giorni nostri. In questa corsa di nuovo malvagia e contro il tempo, tu come Morgan devi trovare le chiavi prima che i discendenti vendicativi di un culto malvagio dei Templari Neri combinino questi artefatti mistici innescando l'Armageddon. Il gioco prevede indovinelli e risoluzione di enigmi, punteggiati da azioni dei personaggi e cut-scene 3D che rafforzano l'atmosfera oscura e clandestina del gioco.
Louvre - La Maledizione Finale (Italy) (Disc 1)	Morgan Sinclair, un agente dei servizi segreti, è stato incaricato della missione di recuperare 4 artefatti, chiamati Satan's Keys, dal Museo del Louvre. Queste quattro chiavi, quando unite insieme, causano il completo annientamento globale. Torna indietro nel tempo a tre periodi in cui vari re usavano il Louvre come loro palazzi residenziali: periodo medievale di Carlo V, periodo rinascimentale di Enrico IV, periodo della rivoluzione francese di Luigi XV 1789 e torna sano e salvo ai giorni nostri. In questa corsa di nuovo malvagia e contro il tempo, tu come Morgan devi trovare le chiavi prima che i discendenti vendicativi di un culto malvagio dei Templari Neri combinino questi artefatti mistici innescando l'Armageddon. Il gioco prevede indovinelli e risoluzione di enigmi, punteggiati da azioni dei personaggi e cut-scene 3D che rafforzano l'atmosfera oscura e clandestina del gioco.
Louvre - The Final Curse (Europe) (Disc 1)	Morgan Sinclair, un agente dei servizi segreti, è stato incaricato della missione di recuperare 4 artefatti, chiamati Satan's Keys, dal Museo del Louvre. Queste quattro chiavi, quando unite insieme, causano il completo annientamento globale. Torna indietro nel tempo a tre periodi in cui vari re usavano il Louvre come loro palazzi residenziali: periodo medievale di Carlo V, periodo rinascimentale di Enrico IV, periodo della rivoluzione francese di Luigi XV 1789 e torna sano e salvo ai giorni nostri. In questa corsa di nuovo malvagia e contro il tempo, tu come Morgan devi trovare le chiavi prima che i discendenti vendicativi di un culto malvagio dei Templari Neri combinino questi artefatti mistici innescando l'Armageddon. Il gioco prevede indovinelli e risoluzione di enigmi, punteggiati da azioni dei personaggi e cut-scene 3D che rafforzano l'atmosfera oscura e clandestina del gioco.
Lucky Luke (USA)	Tu, nei panni di Lucky Luke, devi impedire alla banda Dalton di commettere un altro crimine. Camminando per la città devi risolvere enigmi, sparare ai criminali e raccogliere denaro. Dopo aver terminato il livello hai la possibilità di acquistare una vita extra con i soldi raccolti. Il tiro non è normale, spesso Lucky ha bisogno di rimbalzare colpi per colpire il suo bersaglio. La visualizzazione del gioco a volte cambia dallo stile 2D a quello dietro le spalle. I livelli variano dall'esplorazione della città, allo sparo di bottiglie in un bar, alla liberazione di ostaggi sul tetto del treno, alla furtività indiana. Ma tutti portano Lucky a $ 1.000.000 per la cattura dei Dalton.
Lucky Luke - Western Fever (Europe) (En,Fr,De,Es,It,Nl)	Sei pronto ad affrontare le sfide del selvaggio West? Un gioco di piattaforma d'azione basato su un incredibile assortimento di sfide. Il gioco è basato sulla famosa serie di fumetti sul buon cowboy Lucky Luke. Tu come Lucky Luke devi camminare sui binari fissi sul territorio messicano e talvolta sparare ai banditi, spostando la mira della tua pistola da una posizione fissa all'altra. Inoltre devi evitare che sparino e ricaricare i proiettili nella tua pistola.
Lunar - Silver Star Story (Japan, Asia) (Disc 1)	Lunar: Silver Star Story Complete è un remake per PlayStation del classico gioco di ruolo giapponese per Sega CD, Lunar: Silver Star. Giocherai nei panni di un giovane ragazzo di nome Alex che sogna di diventare un Maestro Drago come il suo idolo, Dyne. Accompagnato da Nall, un gatto volante parlante, e da Luna, il nostro giovane amico dovrà incontrare i 4 draghi leggendari per diventare un Maestro dei Draghi e realizzare così il suo sogno.
Lunar - Silver Star Story Complete (USA) (Disc 1)	Lunar: Silver Star Story Complete è un remake per PlayStation del classico gioco di ruolo giapponese per Sega CD, Lunar: Silver Star. Giocherai nei panni di un giovane ragazzo di nome Alex che sogna di diventare un Maestro Drago come il suo idolo, Dyne. Accompagnato da Nall, un gatto volante parlante, e da Luna, il nostro giovane amico dovrà incontrare i 4 draghi leggendari per diventare un Maestro dei Draghi e realizzare così il suo sogno.
m [emu] - Kimi o Tsutaete (Japan)	M è un gioco di simulazione amorosa/sentimentale. Il gioco inizia immediatamente ponendoti una serie di domande per determinare la tua personalità, dopodiché viene scelta l'eroina in base alla tua personalità. Analogamente ad altri giochi di simulazione, il giocatore dispone di una serie di abilità che possono essere potenziate svolgendo vari compiti. Cose come dormire, lavorare, fare shopping e simili. La storia del gioco si svolge nell'arco di 85 giorni durante i quali si scambia il diario con gli altri, raggiungendo un lieto fine se si entra in contatto con qualcuno prima che il tempo scada.
M&M's - Shell Shocked (USA)	I famigerati e irresponsabili M&M's Minis hanno preso il controllo della fabbrica di caramelle e rubato la formula segreta. Senza di essa, non ci saranno più M&M's. Ora spetta a Yellow correre e saltare attraverso la fabbrica e recuperare la formula. Yellow è il personaggio principale controllato dal giocatore, ma compaiono anche Red e Green. Caratteristiche: * Esplora più di 20 livelli in una colorata fabbrica di caramelle * Controlla più personaggi in una missione per impedire agli M&M Minis di seminare il caos * Include 16 scene cinematografiche per arricchire la storia spensierata
M6 Turbo Racing (France)	Total Drivin è un gioco di corse con cinque diverse classi di auto (Buggy 4x4, Dakar Rally, Sports, Indy e Rally) in sei diverse località (Mosca, Isola di Pasqua, Scozia, Hong Kong, Egitto e Svizzera). Ogni posizione ha sei diverse tracce da masterizzare con un totale di 36 tracce. Le diverse tracce in realtà sono variazioni della stessa traccia solo leggermente diverse. Ad esempio, guidare con un tipo di auto diverso, direzione di retromarcia, rampe aggiunte o binari di sicurezza rimossi, condizioni meteorologiche diverse ecc. Puoi scegliere di guidare con 1 di 8 squadre diverse, ognuna con un comportamento di guida diverso, per un totale di 40 auto. È disponibile il multiplayer da 2 a 4 giocatori, utilizzando lo schermo diviso e un cavo di collegamento. Il gioco presenta anche la tipica musica rave degli anni '90. Quando la tua auto si ribalta, il gioco ti girerà di nuovo sul lato destro, ma se la tua auto va in acqua o cade nella lava il gioco finisce immediatamente.
Mach GoGoGo (Japan)	Basato sul popolare cartone animato, Speed ​​Racer si unisce alla pletora di giochi di corse disponibili per PlayStation. Nei panni di Speed ​​Racer stesso, puoi gareggiare su tre diverse piste intitolate semplicemente S, M e L per piccole, medie e grandi dimensioni. Prima di iniziare una gara devi scegliere tra tre leggere varianti del famoso Mach 5 bianco di Speed ​​Racer, una delle quali ha il cambio manuale. Ognuna delle tre auto è dotata di caratteristiche speciali come pneumatici grip, seghe rotanti, un periscopio, un deflettore e martinetti automatici. Altre opzioni includono 18 diverse colonne sonore, modalità di corsa normale e di resistenza e la possibilità di aumentare la velocità e l'efficienza dei tuoi avversari.
Machine Hunter (USA)	Alla fine del XX secolo, il pianeta Marte è stato oggetto di numerosi test. Gli scienziati ritenevano che la vita umana potesse esistere sul pianeta, il che era un'ottima notizia per tutti perché la Terra stava lentamente esaurendo le risorse naturali. Se fosse stato necessario, il governo avrebbe potuto insediarsi sulla superficie di Marte e trasportare esseri umani per vivere in colonie o riportare risorse preziose sulla Terra. Nel 2034, la Terra ha finalmente esaurito le risorse e sono state inviate delle macchine su Marte nel tentativo di estrarle. Alle macchine sono stati dotati cervelli sintetici con un'intelligenza artificiale semplice e senza alcun meccanismo di difesa o armi d'assalto. Ciò si è rivelato molto costoso per la razza umana, poiché gli alieni sono atterrati sul pianeta e stanno prendendo il controllo dei robot.
Mad Panic Coaster (Japan)	In Mad Panic Coaster, controlli un ragazzo e una ragazza (forse un fratello e una sorella?) Mentre siedono in un'auto sulle montagne russe e attraversano 15 montagne russe infernali. Non è noto come queste montagne russe abbiano superato i test di sicurezza, poiché non hanno binari o barriere di alcun tipo. Sta a te guidare l'auto delle montagne russe usando il D-pad per assicurarti che rimanga sulla pista. Le montagne russe hanno anche vari mostri, trappole e salti da evitare. Per fare questo, usi X per saltare. Colpire Square farà lanciare alla ragazza una sorta di proiettile a palla gialla che esplode a lunga distanza, mentre colpire Circle farà lanciare al ragazzo lo stesso tipo di proiettile a una distanza più breve. Cadere fuori pista o essere investiti da qualcosa ti costerà salute e, una volta terminato, dovrai ricominciare da capo il livello. Dopo aver fatto tre giri intorno alla pista, un arcobaleno con le parole &quot;fortunato&quot; si forma intorno a te mentre si fermano e passi al livello successivo. Ogni tre montagne russe, un boss verrà combattuto dopo aver completato il terzo giro. Questo boss è simile ai normali nemici, tranne per il fatto che richiedono molti più colpi per essere uccisi. Per sconfiggerli, devi lanciare abbastanza proiettili contro di loro o sopravvivere ad altri tre giri.
Madden NFL 2000 (USA)	Madden NFL 2000 arriva su PlayStation con una serie di nuove funzionalità progettate per migliorare le basi gettate nel 1998 con Madden NFL 99. Oltre a offrire 31 squadre NFL (compresi i Cleveland Browns), giocatori autentici con valutazioni basate sulla stagione 1998 e 31 stadi ufficiali, il quarto gioco della serie PlayStation amplia le funzionalità di coaching per accompagnare le modalità di gioco Stagione, Franchise, Torneo, Allenamento ed Esibizione del 1998.
Madden NFL 2001 (USA)	Madden NFL 2001 è il quinto gioco della dinastia calcistica di Electronic Arts su PlayStation. In termini di presentazione visiva, Madden 2001 utilizza lo stesso motore 3D del suo predecessore. La grafica dei personaggi e del pubblico è composta da poligoni texturizzati, con i dettagli tipici della serie, come nomi riconoscibili, numeri e divise autentiche. L'animazione dei movimenti dei giocatori include una serie di finte, tuffi, tuck, rotolamenti e colpi. Potrai anche riconoscere il tuo stadio preferito, poiché ciascuno è modellato sull'arena reale grazie a una licenza ufficiale della NFL. Infine, il gioco offre piccoli extra come effetti meteorologici, lucentezza dei caschi e celebrazioni controllabili nell'area di meta.
Madden NFL 2002 (USA, Canada)	Il gioco di football più popolare del settore torna su PlayStation con questa edizione 2002, che ripropone il gameplay familiare e introduce nuove funzionalità. Come sempre, le squadre e i roster sono stati aggiornati in base all'ultima stagione NFL (2000-2001) e il gioco include il commento dei conduttori John Madden e Pat Summerall, con alcuni nuovi contenuti più specifici sui giocatori. Oltre alle modalità di gioco offerte nelle versioni precedenti di Madden NFL, i giocatori possono ora ripassare le basi in una modalità Allenamento o giocare con l'intensità del Two-Minute Drill. Sono disponibili anche le opzioni Torneo e Campionati personalizzati, oltre alla nuova funzione Crea una squadra.
Madden NFL 2003 (USA)	Madden NFL, una delle serie più longeve e apprezzate nel panorama dei videogiochi sportivi, torna su PlayStation per un'altra stagione all'insegna di giocate strategiche, placcaggi violenti e azione frenetica. Il telecronista John Madden è affiancato dal veterano del Monday Night Football Al Michaels (che sostituisce Pat Summerall, ormai in pensione) per fornire il commento dalla cabina di regia. Come di consueto, questa versione PS di Madden NFL 2003 presenta divise, loghi, stadi e roster aggiornati sulla base dell'ultima stagione (2002). Le squadre sono state organizzate secondo i nuovi allineamenti della NFL per conference e divisioni, con gli Houston Texans disponibili per giocare nelle modalità Exhibition, Season e Franchise. Caratteristiche: Include roster aggiornati, valutazioni dei giocatori, modalità di gioco migliorate e carte Madden collezionabili. Ricevi consigli da John Madden per situazioni specifiche, azioni all'interno della zona rossa e utilizzo dei timeout.
Madden NFL 96 (USA) (Proto) (1995-10-25)	Madden '96, sviluppato da Visual Concepts, era stato originariamente progettato per essere il primo gioco NFL su PlayStation poco dopo il lancio della console nel 1995. Le caratteristiche dovevano includere playbook personalizzabili, penalità, condizioni meteorologiche e superfici di gioco, oltre ai commenti di John Madden, Pat Summerall, James Brown e Lesley Visser. Air Hendrix (gennaio 1996). Ma dopo diversi ritardi, il gioco fu cancellato perché non soddisfaceva gli standard di qualità di EA. Visual Concepts avrebbe poi continuato a realizzare la serie di giochi NFL 2K.
Madden NFL 97 (USA)	Dopo essersi affermata su Sega Genesis (e aver consolidato la propria reputazione con le versioni per Super NES, 3DO e Game Boy), la serie Madden fa il suo debutto su PlayStation con Madden NFL 97. Ammira la qualità delle immagini televisive con i video clip di John Madden, Pat Summerall e James Brown mentre ti imbarchi in una stagione NFL completa, compresi i playoff, il Super Bowl e persino il Pro Bowl. Scegli una delle oltre 100 squadre con i roster dei giocatori del training camp del 1996 (le valutazioni effettive dei giocatori si basano sulla stagione 1995). Non sei soddisfatto della tua squadra? Crea o scambia giocatori e inseriscili nella formazione titolare. John Madden in persona ha progettato oltre 500 schemi di gioco e commenterà le tue prestazioni durante la partita. Potrai anche vedere come stai andando con oltre 60 statistiche monitorate sia per i giocatori che per le squadre.
Magic Carpet (USA) (En,Fr,De,Es,Sv)	Magic Carpet è una conversione di un classico gioco per PC che è stato pubblicato anche per la console Saturn. Magic Carpet è un titolo molto originale. Volare su un tappeto è di per sé originale nei videogiochi, ma il concetto e la trama rendono questo gioco unico nel suo genere. Raccogli i poteri magici sparando alle sfere (mana) che fluttuano nel mondo e rendile del tuo colore (bianco). Quindi, lascia che le tue mongolfiere le raccolgano e le portino al tuo castello prima che gli altri maghi raggiungano il tuo mana e lo cambino nel loro colore. Questo è il principio fondamentale del gioco. Tutte le 13 diverse creature che volano o camminano in ciascuno dei mondi contengono una certa quantità di mana che, una volta distrutte, viene rilasciata. Completerai un mondo (ce ne sono circa 75!) quando una certa quantità di mana sarà stata immagazzinata nel tuo castello. Un aspetto davvero interessante del mana è che più ne ottieni, più incantesimi potrai usare: nel gioco sono disponibili 20 incantesimi diversi.
Magical Drop (Japan)	Distruggete i palloncini che cadono facendo cadere gruppi di tre o più. Imparate le combinazioni di mosse intelligenti e il vostro schermo si trasformerà in una nuvola di esplosioni colorate. Una volta scoperti i segreti dei palloncini &quot;Ice&quot; e &quot;Arrow&quot;, non riuscirete più a smettere di giocare a questo capolavoro di puzzle.
Magical Drop F - Daibouken mo Rakujanai! (Japan)	Sebbene Magical Drop III sia stato pubblicato solo negli Stati Uniti per la console arcade Neo Geo e per Neo Geo Pocket Color (portatile), il gioco ha raccolto un discreto seguito di fan. Magical Drop F contiene le modalità standard delle versioni precedenti: Modalità Storia, Modalità Versus, Modalità CPU, VS Umano e Modalità Sopravvivenza.
Magical Drop Plus 1! (Japan)	Distruggete i palloncini che cadono facendo cadere gruppi di tre o più. Imparate le combinazioni di mosse intelligenti e il vostro schermo si trasformerà in una nuvola di esplosioni colorate. Una volta scoperti i segreti dei palloncini &quot;Ice&quot; e &quot;Arrow&quot;, non riuscirete più a smettere di giocare a questo capolavoro di puzzle.
Magical Tetris Challenge (Europe)	Sfida al Tetris Magico è un fantastico gioco rompicapo per tutta la famiglia. Con gli intricati puzzle di Tetris e il fascino magico di Topolino, Capcom ha creato un gioco che le famiglie possono divertirsi a giocare insieme. Gli elementi rompicapo possono essere impostati su facile per i principianti o i più giovani e su esperto per quei giocatori incalliti che sono mamma e papà. Non è un noioso gioco per bambini: è un rompicapo veloce, divertente e frenetico con un tocco di delicatezza.
Magical Tetris Challenge featuring Mickey (Japan)	Sfida al Tetris Magico è un fantastico gioco rompicapo per tutta la famiglia. Con gli intricati puzzle di Tetris e il fascino magico di Topolino, Capcom ha creato un gioco che le famiglie possono divertirsi a giocare insieme. Gli elementi rompicapo possono essere impostati su facile per i principianti o i più giovani e su esperto per quei giocatori incalliti che sono mamma e papà. Non è un noioso gioco per bambini: è un rompicapo veloce, divertente e frenetico con un tocco di delicatezza.
Magische Tetris Uitdaging (Netherlands)	Sfida al Tetris Magico è un fantastico gioco rompicapo per tutta la famiglia. Con gli intricati puzzle di Tetris e il fascino magico di Topolino, Capcom ha creato un gioco che le famiglie possono divertirsi a giocare insieme. Gli elementi rompicapo possono essere impostati su facile per i principianti o i più giovani e su esperto per quei giocatori incalliti che sono mamma e papà. Non è un noioso gioco per bambini: è un rompicapo veloce, divertente e frenetico con un tocco di delicatezza.
Mahou Shoujo Fancy CoCo (Japan)	Coco è una giovane principessa di un regno magico. Suo padre, il re, le dice che deve studiare la magia per tre anni per dimostrare di essere degna di essere una vera erede al trono. Il successo o il fallimento di Coco dipende dal giocatore! Il gameplay di Mahou Shoujo Fancy Coco è simile a quello dei giochi Princess Maker: l'obiettivo principale è quello di impostare i programmi per la giovane principessa, alternando l'apprendimento della magia alle vacanze. Ogni attività influenza le statistiche di Coco, che a loro volta influenzano i suoi progressi nella magia. A differenza di Princess Maker, non ci sono elementi RPG e non c'è libertà di movimento in alcuni luoghi. È possibile visitare la capitale e i dintorni e parlare con le persone, ma queste attività sono rappresentate solo da immagini fisse.
Marranos en Guerra (Spain)	Il giocatore prende il controllo dei maiali in uniforme da soldato, che sono dotati di una varietà di armi. In ogni round i soldati possono essere spostati e sparare un colpo. L'obiettivo è spazzare via tutti i soldati nemici. Inoltre, è possibile completare attività aggiuntive, per le quali il giocatore riceve medaglie. Con queste medaglie i soldati del giocatore possono essere promossi, il che migliora le loro abilità. Le missioni stanno diventando sempre più difficili e il giocatore può aspettarsi avversari promossi e quindi più forti. Le aree giocabili vanno dalle montagne innevate ai caldi paesaggi desertici. In alcune aree il giocatore può utilizzare l'ambiente spingendo / spingendo / colpendo / sparando ai giocatori nemici nei fiumi o nei campi minati (sebbene anche il giocatore umano possa condividere questo destino).
Mass Destruction (USA)	Con poco in termini di elementi della storia, il solo titolo di Mass Destruction ti dice esattamente di cosa tratta questo gioco. Giocato in una Terra bruciata, sparerai a qualsiasi cosa sul tuo cammino mentre controlli uno dei tre carri armati disponibili. Ogni carro armato ha una diversa armatura e statistiche di velocità: il Cheetah è un carro armato veloce costruito per operazioni mordi e fuggi; il Cobra manca di manovrabilità ma ha capacità altamente distruttive; e il Viper è un abile caserma dei pompieri senza le capacità di armatura del Cobra. Indipendentemente dal carro armato che hai scelto, iniziano tutti con un cannone da 100 mm e una mitragliatrice. Tra le varie armi che incontrerai ci sono proiettili ad alta esplosione che esplodono al contatto, mine, mortai, bombe Torus che circondano il serbatoio con un anello esplosivo, lanciafiamme e missili guidati.
Medal of Honor (USA)	Medal of Honor è uno sparatutto in prima persona per PlayStation in cui giochi nei panni di un membro delle forze speciali paracadutato dietro le linee nemiche nel 1944. La campagna per giocatore singolo presenta 7 missioni divise in 24 livelli, con obiettivi che vanno dalla distruzione alla costruzione di documenti furto. Due giocatori possono competere sulla stessa TV a schermo diviso.
MediEvil (USA)	Il malvagio mago Zarok è tornato dalla morte per devastare una terra pacifica, e spetta all'eroe morto da secoli, Sir Daniel Fortesque, risorgere dalla sua tomba e sconfiggere la stessa nemesi che lo ha messo in quella tomba. Vaga per la terra, distruggendo i servitori non morti di Zarok; raccogliere calici per garantirgli armi più potenti; Risolvi enigmi per sconfiggere il malvagio mago e riportare la pace nella terra, così Daniel può tornare al suo sonno eterno.
MediEvil - Yomigaetta Gallowmere no Yuusha (Japan)	Il malvagio mago Zarok è tornato dalla morte per devastare una terra pacifica, e spetta all'eroe morto da secoli, Sir Daniel Fortesque, risorgere dalla sua tomba e sconfiggere la stessa nemesi che lo ha messo in quella tomba. Vaga per la terra, distruggendo i servitori non morti di Zarok; raccogliere calici per garantirgli armi più potenti; Risolvi enigmi per sconfiggere il malvagio mago e riportare la pace nella terra, così Daniel può tornare al suo sonno eterno.
MediEvil 2 (Europe) (En,Fr,De)	Nel 1386 il potente negromante Zarok, ritenuto morto, invase Gallowmere con un esercito di zombi e demoni. Tra le persone colpite dalle sue risurrezioni di massa c'era Sir Daniel Fortesque, il suo vecchio nemico, a cui era stato attribuito il merito di aver sconfitto lo stregone un secolo prima. Il cavaliere viaggia attraverso il suo regno incantato subendo avventure e disavventure fino a quando non ottiene la sconfitta totale di Zarok. Così poté riposare in pace ancora per mezzo millennio, credendo che la magia dello stregone fosse estinta.
MediEvil Collector's Edition (UK) (Demo)	Il malvagio mago Zarok è tornato dalla morte per devastare una terra pacifica, e spetta all'eroe morto da secoli, Sir Daniel Fortesque, risorgere dalla sua tomba e sconfiggere la stessa nemesi che lo ha messo in quella tomba. Vaga per la terra, distruggendo i servitori non morti di Zarok; raccogliere calici per garantirgli armi più potenti; Risolvi enigmi per sconfiggere il malvagio mago e riportare la pace nella terra, così Daniel può tornare al suo sonno eterno.
MediEvil II (USA)	Nel 1386 il potente negromante Zarok, ritenuto morto, invase Gallowmere con un esercito di zombi e demoni. Tra le persone colpite dalle sue risurrezioni di massa c'era Sir Daniel Fortesque, il suo vecchio nemico, a cui era stato attribuito il merito di aver sconfitto lo stregone un secolo prima. Il cavaliere viaggia attraverso il suo regno incantato subendo avventure e disavventure fino a quando non ottiene la sconfitta totale di Zarok. Così poté riposare in pace ancora per mezzo millennio, credendo che la magia dello stregone fosse estinta.
MediEvil Special (France) (Demo)	Il malvagio mago Zarok è tornato dalla morte per devastare una terra pacifica, e spetta all'eroe morto da secoli, Sir Daniel Fortesque, risorgere dalla sua tomba e sconfiggere la stessa nemesi che lo ha messo in quella tomba. Vaga per la terra, distruggendo i servitori non morti di Zarok; raccogliere calici per garantirgli armi più potenti; Risolvi enigmi per sconfiggere il malvagio mago e riportare la pace nella terra, così Daniel può tornare al suo sonno eterno.
Mega Man 8 (USA)	La trama inizia quando l'eroe robotico Mega Man viene chiamato per indagare su una misteriosa lettura di energia da una meteora recente che ha colpito un'isola. Mega Man scopre che il suo acerrimo nemico, il dottor Wily, lo ha battuto e si è immediatamente ritirato con la fonte di energia. Mega Man ha il compito di fermare i piani malvagi del dottor Wily di usare quell'energia, oltre a scoprire lo scopo di un misterioso robot alieno trovato sul luogo dell'incidente. Insieme ai nuovi video animati in full motion e al doppiaggio vocale, Mega Man 8 offre una grafica e un suono migliorati rispetto alle puntate precedenti della serie. A parte alcuni problemi minori, il gioco utilizza la stessa formula della piattaforma grafica 2D a scorrimento laterale stabilita dai suoi predecessori su NES e SNES.
Mega Man Legends 2 (USA)	Mega Man, Roll e tutti i tuoi preferiti sono tornati in un'avventura 3D completamente nuova! Lontano, in una landa desolata isolata, sono stati scoperti una ragazza misteriosa e un famigerato tesoro. È la leggendaria &quot;Sealed Key&quot;, che si dice possa svelare un mistero ancora più grande, noto come la Grande Eredità. Quale potere detiene la Grande Eredità? Ora, si svolge una gara mentre Mega Man e i suoi amici intraprendono un viaggio che cambierà per sempre i loro destini.
Mega Man X3 (Europe)	Uno scienziato Reploid di nome Dr. Doppler inizia la creazione di una nuova città per Reploid, che porterà una nuova era di pace per i Reploidi e gli umani. Ma qualcosa va terribilmente storto e ora i Mavericks hanno iniziato a comparire ovunque! Tocca a X e Zero scoprire chi c'è dietro questa rivolta dei Maverick e sconfiggerli per sempre! Per la prima volta nella serie, i giocatori possono giocare con l'amico di X, Zero. Tuttavia, è praticamente limitato a solo un terzo di ogni livello e ha solo una vita (cioè quando perde tutta la sua energia, viene escluso dalla lotta per il resto del gioco).
Mega Man X5 (USA)	Anni dopo le Guerre Reploid, tutto sembra pacifico nel mondo. Ma la pace non era destinata a durare per sempre. Quando la colonia spaziale &quot;Eurasia&quot; viene attaccata da un virus sconosciuto, la chiamata si spegne! X e Zero vengono richiamati per aiutare a distruggere la colonia, che ora è in rotta di collisione con la Terra e si prevede che entrerà in collisione con i pianeti in sole 16 ore! Allo stesso tempo, indovina chi si presenterà di nuovo? ...Ti do un suggerimento: il suo nome è una lettera greca.nnCon tutte le nuove funzionalità come l'intelligenza artificiale Maverick avanzata, livelli più grandi e impegnativi, nuove funzionalità di gioco come abbassarsi e dondolarsi su rampicanti e corde, questa è la missione più folle che X e Zero abbiano mai visto!
Megami Ibunroku - Persona - Be Your True Mind (Japan)	Nel prossimo futuro, l'umanità ha scoperto il viaggio dimensionale, ma le porte aperte funzionano sia come entrate che come uscite. Le città pacifiche in cui sei cresciuto sono diventate il paradiso per creature oscure provenienti dal mondo dei demoni! Ora spetta a te e ai tuoi amici scoprire il potere di contrastarle, entrando nel mondo di Persona. Ti risvegli con incredibili abilità che saranno cruciali nel sconfiggere le truppe di invasori demoniaci e ripulire la terra da loro. Stringi amicizia con loro prima di entrare in battaglia per scoprire i loro punti deboli. Combattili o convincili ad unirti per aiutarti nella tua missione. Qualunque sia la tua scelta, ti aspetta un'avventura indimenticabile!
Men in Black - The Series - Crashdown (USA)	Gioca nei panni degli agenti Jay e Kay mentre cerchi di sventare i piani del diabolico Alpha e del suo implacabile esercito di subdoli Fmeck. Con alieni fuori controllo apparentemente ovunque, hai il tuo bel da fare. * Intensa azione / avventura in prima persona basata sulla serie animata di successo. * 26 livelli dettagliati di anarchia aliena, tra cui la Chinatown di New York, un'enorme astronave e il quartier generale del MIB. * Oltre 25 gadget futuristici e armi fuori dal mondo, come il leggendario &quot;Noisy Cricket&quot;. * 15 razze aliene uniche, ognuna con le proprie abilità specializzate.
Metal Fist (Japan)	Fighting Force è un videogioco 3D del genere picchiaduro, pubblicato nel 1997, sviluppato da Core Design e pubblicato da Eidos. Concepito nella stessa vena classica dei giochi Streets of Rage e Double Dragon (originariamente sarebbe stato un sequel di Streets of Rage per Sega Saturn) ma a causa della discordia tra Sega e Core il gioco ha cambiato nome ed è finito in uscita per PlayStation, PC e Nintendo 64 (quest'ultimo con il nome di Fighting Force 64).
Metal Gear Solid (USA) (Disc 1)	FOXHOUND, un rinnegato, commando speciale geneticamente potenziato, sta compiendo un colpo di stato su un remoto arcipelago dell'Alaska che è in realtà &quot;Shadow Moses&quot;, una struttura segreta di disarmo del governo. L'unità, guidata dal mercenario Liquid Snake, ha preso il controllo di diverse testate nucleari e del Mecha Metal Gear REX, che può sparare i missili nucleari. Con questa carta vincente, i terroristi ricattano il governo degli Stati Uniti per ottenere i resti del leggendario mercenario Big Boss. Solid Snake è costretto a tornare dalla pensione e, su richiesta del colonnello Roy Campbell, è pronto a penetrare le difese dei terroristi e smantellare la minaccia terroristica.
Metal Gear Solid - Integral (Japan, Asia) (En,Ja) (Disc 1)	FOXHOUND, un rinnegato, commando speciale geneticamente potenziato, sta compiendo un colpo di stato su un remoto arcipelago dell'Alaska che è in realtà &quot;Shadow Moses&quot;, una struttura segreta di disarmo del governo. L'unità, guidata dal mercenario Liquid Snake, ha preso il controllo di diverse testate nucleari e del Mecha Metal Gear REX, che può sparare i missili nucleari. Con questa carta vincente, i terroristi ricattano il governo degli Stati Uniti per ottenere i resti del leggendario mercenario Big Boss. Solid Snake è costretto a tornare dalla pensione e, su richiesta del colonnello Roy Campbell, è pronto a penetrare le difese dei terroristi e smantellare la minaccia terroristica.
Metal Gear Solid - Special Missions (Europe) (En,Fr,De,Es,It)	Un semi-sequel / prequel dell'acclamato Metal Gear Solid (MGS), Metal Gear Solid: VR Missions ti mette ancora una volta al controllo dello specialista del campo FoxHound di alto livello, Solid Snake. Questa volta, invece di combattere soldati geneticamente modificati e salvare il mondo da Metal Gear, sei in un simulatore di combattimento. A bordo del Discovery (il sottomarino su cui Solid Snake ha viaggiato prima di raggiungere Angel Island), ti preparerai per i pericoli che ti attendono. Per coloro che devono ancora provare MGS, il gameplay è basato su strategia, tattica e azione. L'interfaccia e il concetto di Metal Gear Solid: VR Missions sono simili al suo predecessore, ma si basano sulla modalità di gioco del simulatore inclusa in MGS. Questa volta, invece di poche missioni, hai quasi 150 diversi livelli da giocare (300 comprese le modalità Time Attack). I fan di MGS dovrebbero essere in grado di cogliere rapidamente lo stile di gioco. In effetti, non solo il gameplay è riconoscibile dai fan dell'originale Metal Gear Solid, ciascuna delle missioni (sebbene le somiglianze siano a volte minuscole) sono basate su eventi accaduti in MGS.
Metal Gear Solid - VR Missions (USA)	Un semi-sequel / prequel dell'acclamato Metal Gear Solid (MGS), Metal Gear Solid: VR Missions ti mette ancora una volta al controllo dello specialista del campo FoxHound di alto livello, Solid Snake. Questa volta, invece di combattere soldati geneticamente modificati e salvare il mondo da Metal Gear, sei in un simulatore di combattimento. A bordo del Discovery (il sottomarino su cui Solid Snake ha viaggiato prima di raggiungere Angel Island), ti preparerai per i pericoli che ti attendono. Per coloro che devono ancora provare MGS, il gameplay è basato su strategia, tattica e azione. L'interfaccia e il concetto di Metal Gear Solid: VR Missions sono simili al suo predecessore, ma si basano sulla modalità di gioco del simulatore inclusa in MGS. Questa volta, invece di poche missioni, hai quasi 150 diversi livelli da giocare (300 comprese le modalità Time Attack). I fan di MGS dovrebbero essere in grado di cogliere rapidamente lo stile di gioco. In effetti, non solo il gameplay è riconoscibile dai fan dell'originale Metal Gear Solid, ciascuna delle missioni (sebbene le somiglianze siano a volte minuscole) sono basate su eventi accaduti in MGS.
Metal Slug - Super Vehicle-001 (Japan, Asia)	Metal Slug: Super Vehicle-001 è un videogioco run and gun per la piattaforma console / arcade Neo-Geo sviluppato da Nazca e pubblicato da SNK. È stato originariamente rilasciato nel 1996 per la piattaforma arcade MVS. Il gioco è ampiamente noto per il suo senso dell'umorismo, l'animazione fluida disegnata a mano e l'azione a due giocatori dal ritmo serrato. È il primo titolo della serie Metal Slug. Storia: Nel 2028, il generale Donald Morden lancia un attacco globale a tutto campo contro l'esercito regolare. Con un numero e un equipaggiamento superiori, la Ribellione travolge facilmente le ignare truppe dell'Esercito Regolare.
Metal Slug X (USA)	Slug-fest enorme ! Preparati per l'azione di battaglia no-stop nel successo direttamente dai videogiochi ! Nel Metal Slug X scegli da quattro soldati forti come il ferro pronti per le missioni che solamente i più forti potranno sopravvivere. Salvare gli ostaggi mentre spari contro ai terroristi finché non tornino all'età della pietra con le tue armi E le loro macchine !
Metal Slug X - Super Vehicle-001 (Japan, Asia)	Slug-fest enorme ! Preparati per l'azione di battaglia no-stop nel successo direttamente dai videogiochi ! Nel Metal Slug X scegli da quattro soldati forti come il ferro pronti per le missioni che solamente i più forti potranno sopravvivere. Salvare gli ostaggi mentre spari contro ai terroristi finché non tornino all'età della pietra con le tue armi E le loro macchine !
Mickey's Wild Adventure (Europe)	Topolino ha amici ovunque vada. Non qui. NO Pippo! NO Minnie! NESSUNA PIETÀ! Questo è Topolino come non l'avete mai visto prima. Più veloce, più resistente e più intelligente che mai. In 26 livelli ricchi di azione, Topolino affronta un sacco di boss di sei dei suoi classici animati più cool. Da Steamboat Willie, The Mad Doctor e Mouse Hunters a Lonesome Ghosts, Topolino e il fagiolo magico e Il principe e il povero, questo è Topolino nell'avventura di una vita. Topolino Mania. Questo topo ruggisce!
Micro Machines (Japan)	Corse a rotta di collo in mini veicoli, super velocità, potenziamenti di armi esplosive sulle piste 3D più folli. Caratteristiche: - 32 divertenti veicoli tridimensionali: auto sportive, camion, carri armati, motoscafi e hovercraft, dune buggy, roulotte, jeep e velocisti di Formula 1 - 48 ipnotizzanti circuiti: cucina e tavoli da biliardo, aule, giardini e banchine - 10 possibili modalità giocatore: Principiante, Solo, Testa a testa, Prova a tempo, Keepsies e Party Play - Formazione intensiva in scuola guida - Numerosi potenziamenti: mazze, mine, fuoco e campi di accelerazione.
Micro Machines V3 (USA)	Corse a rotta di collo in mini veicoli, super velocità, potenziamenti di armi esplosive sulle piste 3D più folli. Caratteristiche: - 32 divertenti veicoli tridimensionali: auto sportive, camion, carri armati, motoscafi e hovercraft, dune buggy, roulotte, jeep e velocisti di Formula 1 - 48 ipnotizzanti circuiti: cucina e tavoli da biliardo, aule, giardini e banchine - 10 possibili modalità giocatore: Principiante, Solo, Testa a testa, Prova a tempo, Keepsies e Party Play - Formazione intensiva in scuola guida - Numerosi potenziamenti: mazze, mine, fuoco e campi di accelerazione.
Micro Maniacs (Europe) (En,Fr,De,Es,It)	Dal momento che salvare il mondo dall'imminente carenza di cibo è un compito arduo, il nostro buon amico Dr. Minimizer si propone di persuadere, ricattare e creare partecipanti per competere per il diritto di guidare la colonizzazione della Terra una volta che tutti sono stati ridotti a 1/30 della loro dimensione originale. Il dottore pazzo ha quindi creato un percorso a ostacoli nella sua casa per trovare il soldato definitivo attraverso una competizione di sopravvivenza del più forte in stile darwiniano. Ma gli mancano i partecipanti. Una volta raccolti otto di questi partecipanti, si parte per le gare per trovare il salvatore della Terra. Chi avrebbe mai pensato che scivolare nella vasca da bagno potesse potenzialmente tenere in bilico il destino di 7 miliardi di persone?
Minna no Golf (Japan, Asia)	Hai mai desiderato giocare a golf senza essere infastidito da aspetti di simulazione come vento e traiettorie? Se hai risposto sì alla domanda precedente, allora abbiamo un gioco per te! Piuttosto che concentrarsi su una curva di apprendimento, Everybody's Golf si concentra sull'essere un gioco di golf divertente e divertente che non si prende sul serio. Everybody's Golf offre una varietà di opzioni di gioco tra cui Stroke e Match play, Training, Tournament, Versus, Status, Miniature Golf e una modalità Mystery segreta che si sblocca dopo che sono state soddisfatte determinate condizioni. Chiunque abbia familiarità con lo sport saprà che lo Stroke play si concentra sul punteggio più basso mentre il Match play si basa su una buca per buca, dove l'idea è vincere il maggior numero di buche.
Minna no Golf 2 (Japan, Asia)	Gioco di golf, come l'originale, ci sono diversi personaggi tra cui scegliere e molti altri da sbloccare durante il gioco. Ogni personaggio ha i propri punti di forza e di debolezza, rendendo la selezione del personaggio qualcosa di più della semplice scelta di un look. I modelli dei personaggi stessi questa volta sono più realistici nello stile, al contrario dello stile anime dell'originale Hot Shots Golf.
Miracle Jumpers (Japan)	Unisciti a Nikki, Fargus e Sid nella loro missione per catturare la Cometa delle Infinite Possibilità. Nikki, la maga sexy, e Fargus, l'arlecchino incendiario, sono cresciuti e hanno sviluppato nuovi talenti. Distruggi i nemici o esplora bizzarri paesaggi alieni con le loro nuove abilità.
Missile Command (USA)	Misteriosi invasori stanno attaccando le vostre città! Come comandante di una base missilistica, è vostra responsabilità difenderle. I nemici arriveranno dal cielo per cercare di distruggere le città in fondo allo schermo. Dovete sparare missili per evitare i bombardamenti. Avete una quantità limitata di munizioni, quindi assicuratevi che i vostri colpi siano precisi.
Mobil 1 Rally Championship (USA)	Questa è la terza simulazione di rally di Magnetic Fields ed Europress (ora ribattezzata Actualize). Questa è una simulazione molto realistica e altamente dettagliata che ricrea accuratamente il Mobil 1 British Rally Championship. Sono disponibili 36 tracciati, tutti creati mappando i luoghi della vita reale per creare un'esperienza di corsa estremamente accurata. Ci sono anche 22 auto da rally in cui gareggiare, che sono state create anche dalle loro controparti reali. Anche se il nome del gioco è Mobil 1 British Rally Championship, sulla parte anteriore della confezione e sul manuale del gioco è scritto semplicemente &quot;Rally Championship&quot;. Ignorando questo piccolo problema, questo gioco è un'eccellente aggiunta alla serie di rally di Europress e forse il gioco di corse più realistico di sempre.
Monkey Hero (USA)	In questo gioco interpreti una scimmia, una coraggiosa scimmietta, che è stata addestrata da un'altra scimmia chiamata Master Sage. Quando il gioco inizia, tre mondi stanno combattendo l'uno contro l'altro. The Dream World, The Nightmare World e The Waking World. The Nightmare King ha rubato un libro, The Magic Story Book, che mantiene la pace nei tre mondi. Devi riaverlo indietro. Fatti strada attraverso il mondo sveglio mentre combatti i servi del re degli incubi per riavere il libro. Viaggia attraverso biblioteche, foreste e miniere. Fai amicizia che ti aiuteranno nella tua ricerca. Usa le tue armi per schiacciare le casse; queste casse spesso contengono frutta che aumenta la tua salute. (Se non hai un'arma con cui schiacciare le casse, allora devi lanciarle) Acquisirai due armi durante il gioco: un bastone di bambù con cui colpire i tuoi nemici e piccoli razzi o lance per abbattere i nemici lontani da te. Risolvi molti enigmi, sconfiggi i boss ed esplora l'enorme mondo di &quot;Monkey Hero&quot;.
Monkey Magic (USA)	Basato sulla serie di cartoni animati, questo gioco d'azione a scorrimento laterale 2D (con elementi 3D) ti fa cercare Master Subodye per imparare i quattro incantesimi: fuoco, congelamento, rimpicciolimento e forza. Usa questi poteri in oltre 30 mondi (cinque livelli con 28 scene e 16 avversari) per ottenere oggetti come il Power Rod e sopravvivere al gioco. Poi viaggia per il mondo per ottenere altri oggetti magici e difendi i tuoi amici scimmia da, beh, tutti. Con una svolta giocosa su uno dei grandi racconti popolari asiatici, Monkey Magic di Sunsoft è pieno di mosse di arti marziali, ambienti e melodie esotiche e orientali. Puoi sistemare un mondo quando non vuole essere corretto? Sei abbastanza &quot;scimmia&quot; per sopravvivere agli attacchi di dei e mostri? Puoi scommetterci la tua coda prensile!
Monopoly (USA)	Il monopolio della Playstation è, naturalmente, l'adattamento del famoso gioco da tavolo. In un ambiente 3D dove il piccolo personaggio nel cappello anima il gioco, devi rovinare i tuoi concorrenti come in un gioco reale! Per fare questo, costruite alberghi nelle più belle strade parigine e contate su quel pizzico di fortuna che farà girare la partita a vostro favore!
Monster Racer (Europe) (En,Fr,De,Es,It,Pt)	Scegli il tuo mostro preferito tra 10 creature fantastiche, ognuna con i propri tratti orribili. Scegli tra mummie, vampiri, scheletri, lupi mannari e altro ancora. Affronta i tuoi concorrenti su 10 circuiti e 10 arene di battaglia. Aiuta Jack O'Lantern, l'uomo dalla testa di zucca, a riavere le sue lanterne grazie alle quali lupo mannaro, strega, scheletro o vampiro possono trovare la via unica sulla Terra per festeggiare Halloween con gli umani. Trova il campione più veloce delle terre di Halloween e sconfiggi le forze del male. - 4 modalità multigiocatore e 4 modalità giocatore singolo - 12 creature di racconti famosi per competere - Molte trappole, incantesimi e animazioni rendono il gioco divertente da giocare.
Monster Trucks (Europe)	Monster Trucks offre nove robusti fuoristrada con cui correre su terreni frastagliati e imponenti. Non è l'unico gioco a stravolgere il genere delle corse a tal fine, ma come ci si aspetterebbe da Psygnosis, la qualità della presentazione è superiore al resto. Esistono due tipi di corsi; i circuiti offrono terreni collinari impegnativi che possono facilmente spazzare via il veicolo e devono essere appresi intimamente. I corsi di resistenza offrono una maggiore libertà, con l'obiettivo di trovare il percorso migliore per collegare otto checkpoint dispersi. Per evitare qualsiasi disorientamento, le frecce ti guidano al marcatore successivo. Ogni area, innevata o vulcanica, ha caratteristiche e pericoli caratteristici, ma questo non impedisce che si sviluppi una sensazione ripetitiva. La terza opzione è una modalità divertente e ci si potrebbe aspettare dallo sviluppatore di Destruction Derby. I giocatori hanno sessanta secondi per portare il loro camion in una folle frenesia automobilistica.
Mortal Kombat - Special Forces (USA)	Assumi il ruolo del noto personaggio di Mortal Kombat Jax e scendi nel regno dell'oscurità alla ricerca del tuo acerrimo nemico Kano. Il percorso attraverso il gioco ti consente di immergerti sempre più in profondità in una delle avventure più interessanti ed emozionanti dell'universo di Mortal Kombat. Fatti strada attraverso complessi mondi 3-D e distruggi i tuoi nemici con tecniche di combattimento, mosse speciali e combo completamente nuove: ti aspetta una fine spettacolare! CARATTERISTICHE: - Fatti strada attraverso cinque mostruosi livelli 3D nei panni di un Jax testato in battaglia - Componente strategico grazie a un gran numero di diversi rami di armi - Nuova modalità cecchino e sistema di combo rivisto - Nemici e boss con livelli di difficoltà progressivamente crescenti - Sofisticato sistema di combattimento: una nuova ed eccitante capitale nell'iconica saga di Mortal Kombat
Mortal Kombat 3 (USA)	Non è chiaro cosa sia successo alla fine di Mortal Kombat II? La risposta è: più Komabt! Mortal Kombat 3 è il terzo raccapricciante capitolo del gioco che fa infuriare i membri del Congresso di tutto il mondo. Dopo che i Kombatants persero il secondo torneo in Outworld, dimora a dimensione alternativa del cattivo Shao Kahn e del suo stregone Shang Tsung, Kahn decise di conquistare la Terra come farebbe qualsiasi supervilliano che fa schifo di steroidi. Conquistando le anime di tutti tranne alcuni terrestri selezionati, Kahn prepara i suoi guerrieri per incontrare a testa alta artisti del calibro di Liu Kang e Sub-Zero.
Mortal Kombat 4 (USA)	Nel tentativo di salvare la Terra, Raiden iniziò una guerra con Shinnok, un dio anziano caduto, e i suoi servi; una decisione che è costata la vita a molte persone. La battaglia si è protratta per migliaia di anni e si sono tenuti molti tornei per scoprire chi fosse il combattente più forte. Il vincitore avrebbe quindi affrontato la sfida finale di sconfiggere uno dei discepoli di Shinnok. Dopo che i guerrieri della Terra riuscirono a sconfiggere il suo più forte avversario, il malvagio dio Shao Kahn fuggì dall'Olatro per un ultimo disperato tentativo di supremazia mondiale.
Mortal Kombat II (Japan)	Mortal Kombat II funziona in modo simile a Mortal Kombat, ma presenta una serie di miglioramenti, tra cui più dettagli grafici, effetti sonori migliori, gameplay più veloce (e anche più difficile), animazione più fluida e più personaggi (incluso uno Shang Tsung giocabile). Naturalmente, il gioco è violento e include le famigerate mosse Fatality, ma &quot;Babality&quot; e &quot;Friendships&quot; sono state aggiunte per placare (in realtà, per prendere in giro) i gruppi di cittadini interessati all'alto livello di sangue e sangue della serie. Queste mosse finali più gentili e delicate includono cose come trasformare il tuo avversario in un bambino e dargli un mazzo di fiori.
Mortal Kombat Mythologies - Sub-Zero (USA)	Midway ha deciso di fare qualcosa di leggermente diverso con il suo franchise di Mortal Kombat. Decisero invece di creare un gioco MK completamente nuovo, avrebbero realizzato un gioco incentrato su un personaggio particolare della popolare serie; un mini MK se vuoi. Faranno luce sui suoi giocatori passati e presenti con una storia, piuttosto che scontri insensati per vincere un torneo. Il personaggio preferito è Sub Zero e il gioco è giustamente intitolato Mortal Kombat Mythologies: Sub Zero.
Mortal Kombat Trilogy (USA)	Il secondo gioco di Mortal Kombat su PlayStation combina personaggi, livelli e movimenti delle puntate precedenti della violenta serie di combattimenti. Scegli tra un totale di 36 personaggi giocabili, incluse versioni alternative di Kano, Jax, Raiden, Sub-Zero e Kung Lao. Come nei giochi precedenti, devi combattere e sconfiggere ogni avversario in successione nella tua missione per affrontare il malvagio Shao Khan. Ogni combattimento è al meglio di tre che comporta l'esaurimento della salute di un avversario, a quel punto puoi iniziare una mossa di &quot;qualità&quot; specifica del personaggio: Fatality, Animality, Babality o Brutality.
Moto Racer (USA)	Un motociclista arcade in cui sono disponibili eventi sia di superbike che di motocross. Le modalità di gioco includono Allenamento, Sfida a tempo, in cui i giocatori gareggiano contro i propri replay, Gare singole contro avversari controllati dal computer e un circuito di campionato. È disponibile anche il gioco in rete o Internet per un massimo di 8 giocatori. Vincere il campionato sblocca percorsi aggiuntivi tra le 4 strade e le 4 piste sterrate disponibili, così come le nuove opzioni di gioco Reverse e Pocket Bike. In modalità Reverse le piste vengono percorse in direzione opposta, mentre in modalità Pocket Bike ogni pilota riceve una versione in miniatura della sua motocicletta. Un componente aggiuntivo gratuito per la pista estende il gioco con un corso aggiuntivo per moto sportive e dirtbike ciascuno.
Moto Racer 2 (USA)	Moto Racer 2 è un gioco di corse per tutti i fan delle due ruote. Sono rappresentate 6 discipline: Superbike, Traffic, Trial, Supercross, Motocross e Freestyle. Più di 8 motociclette diverse e una moltitudine di circuiti diversi ti aspettano. Infine il gioco ti offre la possibilità di scegliere tra una modalità di simulazione e una modalità arcade.
Moto Racer World Tour (USA)	Moto Racer World Tour è la terza parte della serie Moto Racer per PlayStation. Il gioco ti offre la possibilità di correre su 34 biciclette diverse sia nella categoria dirt che in quella da strada. Le impostazioni di ogni bicicletta possono essere regolate manualmente. Il gioco presenta 18 tracce reali. Oltre alle gare normali puoi giocare a una varietà di modalità diverse, come corsa a ostacoli, drag race, freestyle race (dove devi eseguire acrobazie per guadagnare punti) e Traffic Race (con traffico normale su strada). Il gioco presenta una modalità multiplayer a due giocatori.
Mr. Driller (USA)	Il mondo di Mr. Driller è stato ricoperto da misteriosi blocchi. Armati solo di un potente trapano, dovrete scavare per raggiungere la salvezza prima che la sua riserva d'aria si esaurisca! Mr Driller è un puzzle game in tempo reale che si basa esclusivamente sulla rapidità di pensiero e su un po' di pianificazione. Il gameplay è una combinazione di Tetris e Boulder Dash: dovete perforare i blocchi multicolori per arrivare in fondo, evitando che i blocchi in cima cadano e vi schiaccino a causa della troppa perforazione.
Mundial 2002 Challenge (Portugal)	La serie calcistica più venduta di EA SPORTS continua con la Coppa del Mondo FIFA 2002, con tutti i 20 stadi ufficiali in Giappone e Corea completati.
Muppet RaceMania (USA)	Muppet Race Mania ti permette di correre sui go-kart con le creature di Jim Henson, in un gioco che fa cenno a Super Mario Kart. Le tracce si basano sulle posizioni di tutti e sei i film, quindi i giocatori possono aspettarsi di trovare aree familiari; spaziando dallo skyline di Manhattan, alle fredde distese di Outer Space. Ogni film dei Muppet, &quot;The Muppet Movie&quot;, &quot;The Great Muppet Caper&quot;, &quot;Muppets Take Manhattan&quot;, &quot;The Muppet Christmas Carol&quot;, &quot;Muppet Treasure Island&quot; e &quot;Muppets From Space&quot;, ha 4 tracce correlate. Pertanto, 24 portate in totale. All'inizio ci sono 8 piloti Muppet disponibili: Kermit, Miss Piggy, Fozzie, Rizzo, Gonzo, Beaker, Rowlf e Animal. Come ricompensa per le gare vincenti, vengono sbloccati più personaggi, con altre 17 stelle Muppet rese disponibili. Sono incluse anche le scene FMV tratte da ogni film.
NASCAR 99 Legacy (USA)	Personalità dei piloti, tattiche tese da parafango a paraurti e l'ansia da folle delle velocità del circuito della NASCAR sulla PS in NASCAR 99. Le caratteristiche includono 37 vetture reali (24 in pista in una determinata gara), 17 piste autorizzate, corse notturne, modalità a schermo condiviso per l'azione a due giocatori e modalità di gioco singola o stagionale. Le statistiche dei piloti si basano sulla stagione 1997 e il sistema di punti NASCAR viene utilizzato per tenere traccia delle classifiche. La guida esperta in modalità Campionato sbloccherà piloti leggendari come Bobby Allison, Cale Yarborough e Richard Petty. La modalità Gara singola ti consente di scegliere un pilota, un'auto e una pista, oltre a regolare la modalità ai box, la durata della gara, i danni, le impostazioni fisiche / AI, le opzioni di visualizzazione, guasto o bandiera gialla, prima di gareggiare contro 23 piloti controllati dal computer in un luogo specifico. Il menu Single Race Weekend ti consente di trascorrere un intero weekend di attività sulla tua pista preferita, con le impostazioni delle auto, le prove e le qualifiche che precedono la gara. Le configurazioni dell'auto includono impostazioni per tachimetro, carburante, blocco ruote, spoiler posteriore, urti, pressione dei pneumatici, sollevamento pesi e trasmissione. La stagione del campionato offre un pacchetto completo di 18 gare per stabilire il miglior pilota, mentre l'azione a schermo condiviso consente a due giocatori di selezionare auto specifiche e una pista per competere testa a testa.
NBA Hangtime (USA)	NBA Hang Time è una gara due contro due nella tradizione di NBA Jam e NBA Jam T.E. Scegli tra 29 squadre NBA e 145 stelle professionistiche con valutazioni basate sulla stagione 1995-96, oppure crea i tuoi giocatori e salvali direttamente sulla scheda di memoria. Personalizza la testa, l'uniforme, gli attributi o il nome del tuo atleta, quindi costruisci le sue valutazioni vincendo le partite o rispondendo correttamente alle domande dei quiz. Sedici teste diverse ti consentono di creare personaggi insoliti come alieni o clown. Le mosse includono alley oops, mosse di rotazione, schiacciate doppie e &quot;fuoco&quot; di squadra (i giocatori si surriscaldano dopo aver effettuato tre colpi di fila). Fino a quattro giocatori possono competere simultaneamente in luoghi che vanno da un'arena sul tetto e nella giungla a un porto e un tribunale cittadino. Inserisci i codici per sbloccare personaggi nascosti, power-up e altri bonus. Il gioco terrà anche traccia di statistiche come la media dei punti per partita, la serie di vittorie più lunghe, la maggior parte delle partite giocate e la percentuale di vincita complessiva. Caratteristiche: * Crea elenchi di cinque uomini scegliendo tra tutte le 29 squadre NBA * Esegui alley oops sfidando la gravità, schiacciate doppie e trottole * Sblocca personaggi e arene nascosti
NBA Showtime - NBA on NBC (USA)	L'NBA come non l'hai mai vista prima! NBA Showtime: NBA on NBC ti porta i migliori giocatori di ogni squadra in un incontro mozzafiato e mozzafiato! Vedrai l'intensità sui loro volti e la sentirai nelle loro voci, sentirai la potenza di ogni passaggio e di ogni colpo! Questo è l'essenza dell'NBA! Scegli rimbalzi e 3 punti in tutte le 28 arene del campionato. Scegli tra oltre 130 giocatori NBA reali e personaggi nascosti!
Need for Speed - Porsche 2000 (Europe) (En,De,Sv)	Need for Speed: Porsche Unleashed mette alla prova le tue abilità di guida mentre effettui dei test-drive su alcune delle auto più popolari della Porsche. Nel gioco, gareggerai in livelli che presentano curve, tornanti e diverse condizioni di guida. Potrai partecipare a diversi tipi di gare, tra cui circuiti, gare su strada, strade aperte e altro ancora. Sopravvivi a tutti gli incidenti, alle persecuzioni della polizia e alle sfide sulla pista per guadagnare premi e rispetto. Con abbastanza denaro, potrai acquistare diversi pezzi personalizzati per la tua vettura.
Need for Speed - Porsche Unleashed (USA)	Need for Speed: Porsche Unleashed mette alla prova le tue abilità di guida mentre effettui dei test-drive su alcune delle auto più popolari della Porsche. Nel gioco, gareggerai in livelli che presentano curve, tornanti e diverse condizioni di guida. Potrai partecipare a diversi tipi di gare, tra cui circuiti, gare su strada, strade aperte e altro ancora. Sopravvivi a tutti gli incidenti, alle persecuzioni della polizia e alle sfide sulla pista per guadagnare premi e rispetto. Con abbastanza denaro, potrai acquistare diversi pezzi personalizzati per la tua vettura.
Need for Speed - V-Rally (USA)	V-Rally '97 include 11 veicoli da rally con licenza e oltre 40 piste con condizioni meteorologiche, terreno e ora del giorno variabili. Regola liberamente parametri come sospensioni, rapporti del cambio e sterzo prima di competere nelle seguenti tre modalità di gioco: Arcade, Campionato e Prova a tempo. Arcade ti fa avanzare attraverso più competizioni raggruppate per difficoltà, ciascuna composta da quattro fasi. Il campionato è un torneo di otto gare che prevede di guadagnare punti per ogni top-tre finale, mentre la prova a tempo ti consente di competere contro il tempo o con un altro veicolo. V-Rally include anche corse testa a testa tramite display a schermo diviso, impostazioni di difficoltà regolabili e viste multiple della telecamera. È necessaria una scheda di memoria per salvare i progressi e le configurazioni del controller. CaratteristichennScegli tra 11 autentici veicoli da rally per competere su oltre 40 pistennInclude tre modalità di gioco: Arcade, Championship e Time TrialnnSfida un amico tramite la visualizzazione a schermo diviso
Need for Speed - V-Rally 2 (USA)	V-Rally 2 è un gioco basato sul mondo delle corse di rally. Qui l'abilità di guida di precisione è più importante. In ogni macchina ci sono due persone, un autista e un navigatore. Ci sono 84 gare in cui competere con piste in tutto il mondo. Se questo non ti basta, crea le tue tracce con il nuovissimo Track Editor. V-Rally 2 include 16 auto diverse, da Toyota a Mitsubishi e tutto il resto. Nella modalità Arcade, quattro concorrenti competono in una corsa contro il tempo. La modalità V-Rally Trophy è composta da tre diversi gruppi di piste (Euro Trophy, World Trophy e Expert Trophy) e devi cercare di raccogliere tutti i pezzi di metallo lucido. La modalità Campionato è dove otto concorrenti si sfidano per vincere il titolo di Campione Europeo, Campione del Mondo o Esperto. Ogni pilota guarda il tempo e poi i primi sei piloti guadagnano punti. Alla fine dell'ultimo round, il corridore con il maggior numero di punti vince il campionato. V-Rally 2 offre un'azione a schermo condiviso per quattro giocatori, così tu ei tuoi amici potrete divertirvi cercando di superare i tempi a vicenda. Puoi anche danneggiare la tua auto, quindi fai attenzione ad alcuni amici in cerca di vendetta. Il gioco supporta la funzionalità di vibrazione, il controllo analogico, l'adattatore Multi-Tap e 3-15 blocchi di spazio richiesto su qualsiasi scheda di memoria.
Nickelodeon Rocket Power - Sauvetage Extreme (France)	Basato sulla serie animata di successo di Nickelodeon, Rocket Power: Team Rocket Rescue per PlayStation presenta Otto, Reggie, Sam e Twister che mettono in mostra i loro talenti sportivi eXtreme per i giocatori mentre cercano di salvare gli affari di Ray Rocket dalla concorrenza. Poiché la nuova linea di tavole di Ray Rocket non sta guadagnando visibilità, il team decide di fare pubblicità partecipando a competizioni locali sotto il suo nome. I giocatori controllano uno qualsiasi dei quattro personaggi su snowboard, skateboard, bicicletta e pattinaggio in linea attraverso 16 livelli di modalità storia per giocatore singolo, gioco libero o Titos Challenge. Eseguendo trucchi e completando compiti mentre il Team Rocket cerca di aiutare Raimundo a far progredire i giocatori nel gioco.
Nickelodeon Rocket Power - Team Rocket Rescue (USA)	Basato sulla serie animata di successo di Nickelodeon, Rocket Power: Team Rocket Rescue per PlayStation presenta Otto, Reggie, Sam e Twister che mettono in mostra i loro talenti sportivi eXtreme per i giocatori mentre cercano di salvare gli affari di Ray Rocket dalla concorrenza. Poiché la nuova linea di tavole di Ray Rocket non sta guadagnando visibilità, il team decide di fare pubblicità partecipando a competizioni locali sotto il suo nome. I giocatori controllano uno qualsiasi dei quattro personaggi su snowboard, skateboard, bicicletta e pattinaggio in linea attraverso 16 livelli di modalità storia per giocatore singolo, gioco libero o Titos Challenge. Eseguendo trucchi e completando compiti mentre il Team Rocket cerca di aiutare Raimundo a far progredire i giocatori nel gioco.
Nightmare Creatures (USA)	Adam Crowley, uno scienziato un tempo rispettato, ora rivolto alla magia nera, ha rilasciato un contagio demoniaco nelle strade della Londra del 1834. Basato sul lavoro perduto da tempo della Confraternita di Ecate, muta i corpi delle sue vittime in grottesche creature da incubo e cambia le loro menti in quelle di bruti assassini. Quando il dottor Jean F. ha iniziato a indagare, è stato assassinato. Ora, nei panni del suo amico Ignatius Blackward, sacerdote ed esperto di occulto, o di sua figlia Nadia, biologa e ginnasta, combattono contro le creature che vagano per le strade di Londra, la rinata Confraternita di Hectate e l'uomo dietro a tutto ciò , Adam Crowley.
Nightmare Creatures II (USA)	Adam Crowley, l'antagonista della prima parte, è tornato e con un'orda di mostri mutanti ha teso un'imboscata a una congrega di cacciatori di mostri a Londra nel 1934. Nel frattempo, Wallace, il protagonista della parte 2, si sveglia all'ospedale di Crowley e fugge fuori armato di un'ascia. Viene salvato da un incendio da Rachel, l'ultima sopravvissuta del circolo, e insieme i due intraprendono il sanguinoso compito di far fallire Crowley. Dalla prospettiva in terza persona, ti fai strada attraverso il sanatorio, il cimitero e la Torre Eiffel con un'ascia e armi extra, colpendo i nemici e usando fatality contro i nemici indeboliti.
Ninja - L'Ombre des Tenebres (France)	In NINJA: Shadow of Darkness, i giocatori assumono il ruolo di Kurosawa, un ninja giovane ma potente. A differenza di molti ninja prima di lui, è in grado di evocare i poteri dell'arcano; incantesimi magici che fanno grandi danni a coloro che vengono lanciati. E ne avrà bisogno: il mondo è stato gettato nell'oscurità più totale in cui vagano mostri e creature dell'aldilà. Ci sono quattro mondi diversi suddivisi in 11 livelli distintivi: Kurosawa viaggerà attraverso cimiteri, montagne rocciose, aree costiere, foreste profonde e oscure, ecc. L'obiettivo di ciascuno è sopravvivere, il che è spesso più facile a dirsi che a farsi. Come accennato in precedenza, i mostri (come i goblin) sono in cerca di sangue - anche i compagni ninja che si sono rivolti al lato oscuro ti incontreranno con resistenza.
Ninja - Shadow of Darkness (USA)	In NINJA: Shadow of Darkness, i giocatori assumono il ruolo di Kurosawa, un ninja giovane ma potente. A differenza di molti ninja prima di lui, è in grado di evocare i poteri dell'arcano; incantesimi magici che fanno grandi danni a coloro che vengono lanciati. E ne avrà bisogno: il mondo è stato gettato nell'oscurità più totale in cui vagano mostri e creature dell'aldilà. Ci sono quattro mondi diversi suddivisi in 11 livelli distintivi: Kurosawa viaggerà attraverso cimiteri, montagne rocciose, aree costiere, foreste profonde e oscure, ecc. L'obiettivo di ciascuno è sopravvivere, il che è spesso più facile a dirsi che a farsi. Come accennato in precedenza, i mostri (come i goblin) sono in cerca di sangue - anche i compagni ninja che si sono rivolti al lato oscuro ti incontreranno con resistenza.
No Fear Downhill Mountain Bike Racing (USA)	Dimentica le tue paure! Le tue capacità, il tuo equilibrio ei tuoi nervi saranno messi a dura prova. Corri verso la valle in stile kamikaze. Taglia forte lungo il bordo. Sei da solo, contro la natura e contro i tuoi avversari. Devi farlo. Può esserci un solo vincitore! E ricorda sempre: &quot;Se freni, perdi!&quot; - 25 rotte e 11 località internazionali dalle Alpi al Giappone. - 8 personaggi del gioco con caratteristiche individuali - Fisica di guida e manovrabilità realistiche - Guida contro gli amici, l'orologio o uno dei 16 avversari controllati dal computer. - 6 diverse modalità di gioco in tre diversi livelli di difficoltà - Opzioni di configurazione per biciclette estremamente potenti e percorsi bonus
No Fear Downhill Mountain Biking (Europe) (En,Fr,De,Es,It,Sv)	Dimentica le tue paure! Le tue capacità, il tuo equilibrio ei tuoi nervi saranno messi a dura prova. Corri verso la valle in stile kamikaze. Taglia forte lungo il bordo. Sei da solo, contro la natura e contro i tuoi avversari. Devi farlo. Può esserci un solo vincitore! E ricorda sempre: &quot;Se freni, perdi!&quot; - 25 rotte e 11 località internazionali dalle Alpi al Giappone. - 8 personaggi del gioco con caratteristiche individuali - Fisica di guida e manovrabilità realistiche - Guida contro gli amici, l'orologio o uno dei 16 avversari controllati dal computer. - 6 diverse modalità di gioco in tre diversi livelli di difficoltà - Opzioni di configurazione per biciclette estremamente potenti e percorsi bonus
No-appointment Gals Olympos - Apo Nashi Gals Olympos (Japan)	Le ragazze senza appuntamento è fondamentalmente un gioco di carte da battaglia. È un po 'più complicato della semplice selezione delle carte, intendiamoci, ma questo è il punto principale del gioco, il giocatore non controlla il personaggio nelle battaglie, ma seleziona cosa farà il personaggio a seconda della carta che sceglie.
O.D.T. (USA)	O.D.T. è un gioco di ruolo d'azione con alcuni elementi platform e di risoluzione di enigmi. Il giocatore può scegliere di controllare uno qualsiasi dei quattro personaggi. Ognuno di loro ha i propri punti di forza e di debolezza: ad esempio, Maxx ha un'elevata difesa, mentre l'arcivescovo ha accesso a potenti tecniche occulte. Sconfiggere i nemici premia il giocatore con punti esperienza, che possono essere utilizzati per aumentare un particolare parametro di un personaggio, aumentando le sue abilità di combattimento.
Oasis Road (Japan)	Oasis Road è un gioco in cui il giocatore controlla un gruppo di ragazzi che vivono in un mondo futuro tutto deserto. Dovranno esplorare il mondo (in particolare le antiche rovine delle vecchie città) alla ricerca di oggetti rari e creare nuovi percorsi di viaggio. Il gioco potrebbe essere diverso a seconda degli oggetti trovati. Durante i loro viaggi dovranno affrontare diversi pericoli e nemici. Il gameplay nelle battaglie è il classico gioco di ruolo a turni. La mappa di gioco verrà disegnata durante i viaggi mostrando gli oggetti e gli oggetti presenti in ogni luogo. All'inizio del gioco il giocatore può scegliere il suo personaggio tra 18 personaggi diversi (maschili o femminili) e può anche cambiare il nome del personaggio.
Ocha no Ma Battle (Japan)	Ocha no ma Battle è una raccolta di tanti minigiochi (usa un cacciavite, imita i movimenti del combattente, arrampicati sugli alberi con una scimmia, tuffati per afferrare tesori, corri una corsa, fermati davanti a un dirupo, ecc.) che possono essere giocati da uno o due giocatori contemporaneamente.
Oddworld - Abe's Exoddus (USA) (Disc 1)	Quei malvagi Glukon ci sono di nuovo, intenti a opprimere gli adorabili Mudokon in ogni modo possibile. L'ultima volta, i cattivi stavano fabbricando Mudokon a scatti. Ora, hanno ufficialmente spinto troppo oltre il genocidio, costringendo i ciechi Mudokon a lavorare come schiavi per scavare le ossa dei loro compagni defunti. Accade così, a proposito, che le ossa di Mudokon aggiungano il giusto calcio a una ricetta Glukon preferita, Soulstorm Brew. Chi salverà la giornata? Il nostro improbabile eroe Abe, ovviamente. Ti ricordi di Abe: quel Fraggle blu-verde, in perizoma, alto un metro e ottanta con problemi digestivi cronici? Sì, sarebbe stato contento di riposare sugli allori dopo aver salvato novantanove dei suoi amici Mudokon dallo sterminio in Oddworld: Abe's Oddysee, ma un gruppo di fantasmi scontenti ha eletto il buon vecchio Abe per vendicare la loro morte.
Oddworld - Abe's Exoddus + Duke Nukem - Time to Kill + B-Movie (Europe) (Demo)	Quei malvagi Glukon ci sono di nuovo, intenti a opprimere gli adorabili Mudokon in ogni modo possibile. L'ultima volta, i cattivi stavano fabbricando Mudokon a scatti. Ora, hanno ufficialmente spinto troppo oltre il genocidio, costringendo i ciechi Mudokon a lavorare come schiavi per scavare le ossa dei loro compagni defunti. Accade così, a proposito, che le ossa di Mudokon aggiungano il giusto calcio a una ricetta Glukon preferita, Soulstorm Brew. Chi salverà la giornata? Il nostro improbabile eroe Abe, ovviamente. Ti ricordi di Abe: quel Fraggle blu-verde, in perizoma, alto un metro e ottanta con problemi digestivi cronici? Sì, sarebbe stato contento di riposare sugli allori dopo aver salvato novantanove dei suoi amici Mudokon dallo sterminio in Oddworld: Abe's Oddysee, ma un gruppo di fantasmi scontenti ha eletto il buon vecchio Abe per vendicare la loro morte.
Oddworld - Abe's Exoddus + Duke Nukem - Time to Kill + Duke Nukem - 3D (France) (En,Fr)	Quei malvagi Glukon ci sono di nuovo, intenti a opprimere gli adorabili Mudokon in ogni modo possibile. L'ultima volta, i cattivi stavano fabbricando Mudokon a scatti. Ora, hanno ufficialmente spinto troppo oltre il genocidio, costringendo i ciechi Mudokon a lavorare come schiavi per scavare le ossa dei loro compagni defunti. Accade così, a proposito, che le ossa di Mudokon aggiungano il giusto calcio a una ricetta Glukon preferita, Soulstorm Brew. Chi salverà la giornata? Il nostro improbabile eroe Abe, ovviamente. Ti ricordi di Abe: quel Fraggle blu-verde, in perizoma, alto un metro e ottanta con problemi digestivi cronici? Sì, sarebbe stato contento di riposare sugli allori dopo aver salvato novantanove dei suoi amici Mudokon dallo sterminio in Oddworld: Abe's Oddysee, ma un gruppo di fantasmi scontenti ha eletto il buon vecchio Abe per vendicare la loro morte.
Oddworld - Abe's Oddysee (USA)	Abe è un membro della razza Mudokon, una delle tante che abitano il remoto pianeta noto come Oddworld. Lavora al fianco dei suoi colleghi come operaio e schiavo nelle Rupture Farms, una potente azienda di lavorazione della carne. Il gioco inizia quando Abe scopre una terribile verità. Per caso, riesce ad assistere a una riunione in cui sono presenti i direttori dell'azienda, i glukkons. Questi hanno precedentemente estinto varie specie sul pianeta dopo averli utilizzati come materia prima per la preparazione del loro cibo. Abe è inorridito dopo aver appreso che il suo prossimo piano aziendale sarà quello di vendere carne nientemeno che dai Mudokon. È così che Abe decide di fuggire, ma non prima di far scattare l'allarme del luogo dopo essere stato visto da una delle telecamere di sicurezza. Il giocatore deciderà se aiutare Abe a fuggire da solo o se scegliere l'opzione più rischiosa di convincere il resto dei suoi compagni di squadra a salvarsi insieme a lui.
Oddworld - L'Exode d'Abe (France) (Disc 1)	Quei malvagi Glukon ci sono di nuovo, intenti a opprimere gli adorabili Mudokon in ogni modo possibile. L'ultima volta, i cattivi stavano fabbricando Mudokon a scatti. Ora, hanno ufficialmente spinto troppo oltre il genocidio, costringendo i ciechi Mudokon a lavorare come schiavi per scavare le ossa dei loro compagni defunti. Accade così, a proposito, che le ossa di Mudokon aggiungano il giusto calcio a una ricetta Glukon preferita, Soulstorm Brew. Chi salverà la giornata? Il nostro improbabile eroe Abe, ovviamente. Ti ricordi di Abe: quel Fraggle blu-verde, in perizoma, alto un metro e ottanta con problemi digestivi cronici? Sì, sarebbe stato contento di riposare sugli allori dopo aver salvato novantanove dei suoi amici Mudokon dallo sterminio in Oddworld: Abe's Oddysee, ma un gruppo di fantasmi scontenti ha eletto il buon vecchio Abe per vendicare la loro morte.
Oddworld - L'Odyssee d'Abe (France)	Abe è un membro della razza Mudokon, una delle tante che abitano il remoto pianeta noto come Oddworld. Lavora al fianco dei suoi colleghi come operaio e schiavo nelle Rupture Farms, una potente azienda di lavorazione della carne. Il gioco inizia quando Abe scopre una terribile verità. Per caso, riesce ad assistere a una riunione in cui sono presenti i direttori dell'azienda, i glukkons. Questi hanno precedentemente estinto varie specie sul pianeta dopo averli utilizzati come materia prima per la preparazione del loro cibo. Abe è inorridito dopo aver appreso che il suo prossimo piano aziendale sarà quello di vendere carne nientemeno che dai Mudokon. È così che Abe decide di fuggire, ma non prima di far scattare l'allarme del luogo dopo essere stato visto da una delle telecamere di sicurezza. Il giocatore deciderà se aiutare Abe a fuggire da solo o se scegliere l'opzione più rischiosa di convincere il resto dei suoi compagni di squadra a salvarsi insieme a lui.
Odo Odo Oddity (Japan)	Odo Odo Oddity è la storia di tre amici che un giorno leggono un libro proibito e vengono teletrasportati in un nuovo mondo, uno di loro è il personaggio principale che deve cercare di trovare i suoi amici. Il gameplay è un classico sparatutto in 3D in cui il giocatore controlla un personaggio che può sparare palline magiche mentre viaggia con l'aiuto di alcuni palloncini.
Oehlins Hyper-Rally (Japan)	Hyper Rally è un gioco di corse che presenta diversi tornei in tutto il mondo (Europa, Asia, Savannah e Svezia), ciascuno con circuiti diversi. Il gioco ha 2 modalità di gioco: modalità Stagione e modalità singola. Nella modalità stagione il giocatore gareggia in un torneo su tutti i circuiti di gioco e cercherà di vincere il campionato. Nella modalità singola il giocatore può esercitarsi in qualsiasi circuito di gioco. Il gioco presenta diversi piloti (uomini e donne) e auto, e questi possono anche essere personalizzati scegliendo le parti dell'auto che meglio si adattano allo stile di guida del giocatore. Il gioco presenta diverse visuali della telecamera (all'esterno e all'interno dell'auto) e un gameplay avvincente.
Off-World Interceptor Extreme (USA)	Off-World Interceptor era un gioco in terza persona in cui controlli un fuoristrada che attraversa mondi alieni e fa esplodere orde di nemici. Il gioco non è tanto conosciuto per il suo gioco, che non era male ma per niente sorprendente, ma perché è stato uno dei pochi a riconoscere che le sue sequenze FMV erano piuttosto orribili e ha cercato di riscattarle istituendo un set di ombre in stile MST3K (Doug Benson e Brian Posehn) nella parte inferiore dello schermo lo prendono in giro.
Oh No! (Japan)	Un pezzo grezzo di programmazione giapponese finemente affettato con un gameplay sull'orlo della follia mentre i giocatori manovrano tre personaggi lungo la strada evitando ostacoli come il traffico in arrivo e gli altri pedoni mentre ricaricano il misuratore di salute sgranocchiando hamburger (ed evitando il pericoloso pesce palla hamburger.). Il completamento con successo di una sezione porta ad alcuni mini giochi folli per intrattenere i giocatori. Controllare più personaggi è impegnativo, ma aggiunge un'atmosfera unica. Le modalità bonus battaglia e amore in cui i ragazzi e le ragazze lo eliminano (e viceversa) sono la ciliegina sulla torta di riso.
Oh! Bakyuuun (Japan)	Ghoul Panic è un gioco d'avventura comico ambientato in una villa infestata dai fantasmi. Usando una pistola ottica PlayStation, affronta vampiri, mostri, mummie, scheletri e fantasmi per aprire le porte chiuse e scoprire bonus nascosti. Una conversione del gioco arcade del 1999, con 3 livelli di difficoltà e modalità di gioco nascoste. Ci sono anche modalità di gioco esclusive per PlayStation, tra cui Survival, Adventure e Remix. Quali segreti si nascondono nella CASA INFESTATA!!! Non mi spavento facilmente ma non mi vedrete mai avvicinarmi a quella vecchia casa abbandonata sulla collina. Ve lo dico io, bisognerebbe essere pazzi per andarci. Se sei determinato ad andare ad esplorare lassù, è meglio che ti armi.
Oh-chan no Oekaki Logic (Japan)	Ochan no Oekaki Logic è un puzzle logico che presenta molti diversi puzzle picross che il giocatore deve risolvere. Il gioco dispone anche di un editor completo per creare i tuoi puzzle logici.
Oh-chan no Oekaki Logic 2 (Japan)	Ochan no Oekaki Logic 2 - Color mo Arimasuwa è il secondo gioco di questa serie di picross ed è anche un puzzle logico che presenta molti puzzle di picross diversi che il giocatore può risolvere. Il gioco dispone anche di un editor completo per creare i tuoi puzzle logici.
Oh-chan no Oekaki Logic 3 (Japan)	Ochan no Oekaki Logic 3 è il terzo e ultimo gioco di questa serie di picross ed è anche un puzzle logico che presenta più di 300 diversi puzzle di picross da risolvere per il giocatore. Il gioco ha anche un tutorial completo in giapponese che spiega come giocare ai puzzle logici.
Oha Suta Dance Dance Revolution (Japan)	Oha Studio - Dance Dance Revolution è un gioco Dance Dance Revolution per la console Sony PlayStation. Il gioco contiene brani tratti dal programma televisivo giapponese per bambini Oha Studio. Non esiste una controparte arcade. Musica: Come accennato in precedenza, il gioco consiste principalmente di brani di Oha Suta, ma contiene anche diversi brani originali Konami, come &quot;Cutie Chaser (Morning Mix)&quot;, &quot;Brilliant 2U&quot;, &quot;Keep On Movin'&quot; e &quot;Make a Jam!&quot;.
Ojousama Express (Japan) (Disc 1)	Ojyousama Express è un gioco d'avventura in cui il giocatore veste i panni di un ragazzino che fa un giro sull'Ojyuosama Express (ovvero un treno di lusso che viaggia attraverso diverse isole del Giappone e l'ultima fermata è Tokyo), e durante il gioco incontrerà diversi passeggeri e e il personale di bordo. Ojyousama è proprio uno di quei giochi che riesce a distinguersi. Presentato magnificamente con belle animazioni, discorsi nitidi, tempi di caricamento piacevoli e, soprattutto, mini giochi tra cui un gioco di corse di cavalli, slot, poker e black jack.
Olympia, Yamasa - Virtua Pachi-Slot II - Jissen! Bishoujo Kouryakuhou (Japan)	Olympia Yamasa: Virtua Pachi-Slot II - Jissen! Bishoujo Kouryaku Hou è un gioco pachi-slot (macchina da gioco) che presenta una perfetta riproduzione delle macchine da gioco con diversi livelli di zoom. Il gioco presenta una modalità sfida, una modalità libera (solo per giocare con le macchinette) e anche una modalità storia in cui il giocatore assume il ruolo di un giocatore d'azzardo che gira per i luoghi di pachinko della città per vincere soldi che scambierà con premi e può anche trovare alcune ragazze lì.
Olympic Soccer (USA)	Benvenuto ai Giochi Olimpici di Atlanta del 1996, dove dovrai affrontare le migliori squadre internazionali del mondo nel tentativo di conquistare l'oro. La folla ruggisce mentre la tua squadra scende in campo e tutti gli occhi si rivolgono verso di te mentre guidi verso la porta. Oggi, la gloria del calcio olimpico è alla tua portata!
Omega Assault (Europe)	In Omega Assault il giocatore controlla un essere umano all'interno di un mecha che deve salvare la terra da un'invasione robotica. Il gioco ha 12 missioni e si gioca in prima persona utilizzando un mirino per sparare con le diverse armi.
One Two Smash - Tanoshii Tennis (Japan)	In questo simpatico gioco di tennis fino a 2 giocatori possono giocare in modalità cooperativa o vs. Diversi tipi di campi e modalità di gioco singola o doppia. Il gioco non prevede giocatori o tornei reali. Ma a seconda della posizione in piedi del giocatore e del pulsante premuto, il giocatore può effettuare più di 50 tiri diversi. Esistono diverse modalità di gioco: ad eliminazione diretta il giocatore deve battere 3 diversi giocatori CPU per vincere. 2 giocatori possono giocare in modalità battaglia. Ci sono 12 personaggi diversi tra cui scegliere, ognuno di loro con abilità diverse.
Ongaku Tkool - Kanadeeru 2 (Japan)	Ongaku Tsukuru - Kanade-Ru 2 è un gioco in cui il giocatore può creare musica: aggiungi le note e scegli i diversi strumenti musicali. Dopo averlo creato può ascoltarlo e salvarlo su una scheda di memoria.
Ongaku Tkool 3 (Japan)	Ongaku Tsukuru 3 è un gioco in cui il giocatore può creare musica: aggiungi le note e scegli i diversi strumenti musicali. Dopo averlo creato può ascoltarlo e salvarlo su una scheda di memoria.
Onside Complete Soccer (Europe) (En,Fr,De,Es)	ONSIDE Complete Soccer è uno dei primi giochi di calcio in 3D che include quattro campionati (inglese, francese, tedesco e italiano) e opzioni manageriali di base, in cui il giocatore può scambiare giocatori, gestire le finanze e l'espansione dello stadio. Le caratteristiche principali del gioco includono diverse opzioni di telecamera, condizioni meteorologiche stagionali con danni progressivi al campo, calcetto indoor e commento play-by-play inclusi tutti i nomi dei giocatori. La grafica presenta uno stadio poligonale con giocatori sprite (2D).
Option - Tuning Car Battle (Japan)	Primo gioco nei giochi Option Tuning Car Battle per la console Playstation. Il gioco consiste nel competere in corse urbane contro un'auto CPU e cercare di vincerla in strade piene di traffico. Più gare il giocatore vince, più parti dell'auto e aggiornamenti sono disponibili e vengono sbloccati più circuiti e auto. Il gioco presenta diversi modelli di auto da guidare, diversi circuiti e diverse parti di automobili per aggiornare le auto.
Ore no Yotto - Ganbare! Nippon Challenge (Japan) (En,Ja)	Yatch Racing Game 1999 è un gioco basato sugli sport da corsa Yatch. Il gioco utilizza un motore 3D per le parti grafiche e il giocatore può controllare tutti gli aspetti dello yatch. Il gioco presenta diversi yatch, squadre (come Nippon Challenge o Miami Yatch team) e nazionalità. Il giocatore può personalizzare tutte le parti dello yatch e il suo equipaggio, prima di entrare in gara.
Ore! Tomba (Japan)	Tombi è un ragazzo selvaggio dai capelli rosa. A seguito della morte di suo nonno vive nella foresta di un'immensa isola non segnata sulle carte geografiche, sorvegliando la sua tomba e tenendo intorno al polso l'unico oggetto che gli è rimasto del suo defunto parente: un bracciale dorato. Un giorno si imbatte nei terribili maiali Koma, mentre stanno assaltando un carretto: Tombi interviene per affrontarli, ma accidentalmente viene colpito in testa da un ramo e perde i sensi. Al risveglio, il ragazzo si accorge che i maiali hanno rubato il bracciale di suo nonno, e si lancia al loro inseguimento raggiungendo un anziano eremita per sapere dove si trovano.
Oro e Gloria - La Strada per El Dorado (Italy)	Trova la tua fortuna mentre cerchi la Città Perduta dell'Oro in questa avventura grafica che segue la trama del film di DreamWorks del 2000 The Road to El Dorado. I giocatori possono controllare sia Tulio che Miguel mentre i due goffi eroi attraversano il mondo del gioco episodico e avanzano nella trama risolvendo enigmi e raggiungendo obiettivi. La maggior parte degli enigmi del gioco si basa sulla ricerca degli oggetti giusti per la situazione giusta, incoraggiando l'esplorazione e consentendo allo stesso tempo divertenti ricreazioni di alcuni degli schemi più oltraggiosi di Tulio. Intraprendi una nuova missione ispirata ai racconti strazianti di Tulio e Miguel Avventurati in 8 mondi affascinanti e regni mortali. Padroneggia abilità di furtività e arguzia per evitare trappole insidiose e nemici.
Oro y Gloria - La Ruta hacia El Dorado (Spain)	Trova la tua fortuna mentre cerchi la Città Perduta dell'Oro in questa avventura grafica che segue la trama del film di DreamWorks del 2000 The Road to El Dorado. I giocatori possono controllare sia Tulio che Miguel mentre i due goffi eroi attraversano il mondo del gioco episodico e avanzano nella trama risolvendo enigmi e raggiungendo obiettivi. La maggior parte degli enigmi del gioco si basa sulla ricerca degli oggetti giusti per la situazione giusta, incoraggiando l'esplorazione e consentendo allo stesso tempo divertenti ricreazioni di alcuni degli schemi più oltraggiosi di Tulio. Intraprendi una nuova missione ispirata ai racconti strazianti di Tulio e Miguel Avventurati in 8 mondi affascinanti e regni mortali. Padroneggia abilità di furtività e arguzia per evitare trappole insidiose e nemici.
Osaka Naniwa Matenrou (Japan)	Osaka Naniwa Matenrow è un gioco di strategia/simulazione nello stile di giochi come Sim City o Colonization. Osaka Naniwa Matenrow è un gioco di simulazione in cui le città sono costruite su discariche immaginarie. Come una sorta di sindaco, il giocatore può costruire numerosi edifici basati su Osaka e costruire la propria città.
Oshigoto-shiki Jinsei Game - Mezase Shokugyou King (Japan)	Oshigoto-shiki Jinsei Game: Mezase Shokugyou King è un gioco da tavolo simile alla serie di giochi The Game of Life. Il gioco presenta 3 diverse modalità: modalità 2, 3 o 4 giocatori. Il gioco permette all'inizio di scegliere tra un personaggio maschile o femminile e anche uno dei diversi lavori che avrà durante il gioco, gli eventi accadranno nel lavoro del giocatore a volte quindi la scelta farà apparire un evento o un altro.
Other Life Azure Dreams (Japan, Asia)	L'enorme Monster Tower si trova vicino al villaggio Monsbaiya. È popolata da mostri feroci e pochi osano entrarvi. Ma i mostri nella torre depongono le uova, e chiunque si impossessi di un tale uovo, può domare un mostro che ne uscirà, e quei mostri, chiamati &quot;familiars&quot;, aiuteranno i loro domatori nei momenti di pericolo. Alcuni coraggiosi avventurieri hanno osato entrare nella torre e prendere le uova. Uno di loro si chiamava Guy. Fu ucciso nella torre del mostro. Ora suo figlio Koh ha quindici anni, e gli è permesso di tentare la fortuna nella torre. Lei controlla Koh e il suo gruppo di &quot;famigliari&quot; in questo insolito &quot;monster-taming&quot; RPG. Devi catturare le uova dalla torre, portarle a casa, far crescere i mostri e domarli. Durante le battaglie, assegnate loro diversi comandi. Specie diverse hanno abilità diverse e hanno bisogno di un approccio diverso. Il sistema di battaglie è un misto di combattimento in tempo reale e a turni. A differenza della maggior parte degli altri RPG da console, non ci sono schermi di battaglia speciali.
Oukyuu no Hihou Tension (Japan)	Il protagonista si chiama Canaan, il secondo principe del regno di Luukius, un piccolo paese di campagna della zona libera. In questo regno al principe non era permesso avere un addestramento speciale, quindi la sua forza è quella di una persona normale. Un giorno, in città, forma una gilda di avventurieri per rompere il sigillo di un labirinto rimasto chiuso per molto tempo. Canaan e il suo servitore Celest si unirono all'avventura...
Oumagatoki (Japan)	Oumagatoki è un gioco di avventura horror in prospettiva in prima persona ambientato nell'estate del 2001 quando Tatsuhiro Oka Yuutarou, un giovane uomo, insegue una donna (chiamata Kyoko), che correva a Tokyo la sera. Quando la cattura appare un improvviso lampo di luce e vengono trasportati nel periodo Edo. Ha perso la memoria e il giocatore inizia a girare per il villaggio e durante il gioco recupererà i suoi ricordi perduti. Il giocatore dovrà risolvere il mistero. Il gioco è diviso in 3 capitoli e quando il giocatore li completa può giocarne un quarto. Un salvataggio alla fine del gioco può essere utilizzato all'inizio del seguito Oumagatoki 2.
Over Drivin' DX (Japan)	Guida alcune delle tue auto sportive preferite su circuiti selvaggi e veloci, tra cui Dodge Viper, Lamborghini, Ferrari, Porsche, Corvette, Mazda RX7, Toyota Supra Turbo e Acura NSX. Alcuni tracciati sono strade aperte, il che significa che dovrai semplicemente volare lungo un'enorme autostrada, con i poliziotti che ti seguono all'inseguimento. Una delle opzioni del gioco ti consente di scegliere in quale momento della giornata gareggiare.
Over Drivin' DX - Rally Edition (Japan)	Guida alcune delle tue auto sportive preferite su circuiti selvaggi e veloci, tra cui Dodge Viper, Lamborghini, Ferrari, Porsche, Corvette, Mazda RX7, Toyota Supra Turbo e Acura NSX. Alcuni tracciati sono strade aperte, il che significa che dovrai semplicemente volare lungo un'enorme autostrada, con i poliziotti che ti seguono all'inseguimento. Una delle opzioni del gioco ti consente di scegliere in quale momento della giornata gareggiare.
OverBlood (USA)	Quando ti svegli dal tuo sonno in un tubo criogenico, inizi a chiederti chi sei, dove sei e come sei arrivato in questo luogo sconosciuto. Grazie ai gadget che ti circondano, la domanda sulla tua identità avrà una risposta rapida: tu sei Raz Karcy. E con queste informazioni utili inizi la tua ricerca per sbloccare il tuo vero passato e scoprire perché sei dove sei.
Overboard! (Europe)	Overboard! (Shipwreckers! in North America) è un gioco di avventura top-down, pubblicato da Psygnosis nell'ottobre 1997. Il giocatore controlla una nave pirata, che nei filmati mostra essere presidiata da tre pirati. Nel gioco, quando la nave prende fuoco, gli uomini saltano fuori bordo finché la barra di salvataggio non si svuota.
Oyaji no Jikan - Nee-chan Hanafuda de Shoubu ya! (Japan)	Le Hanafuda sono carte da gioco di origine giapponese, utilizzate per numerosi giochi. Il nome si traduce letteralmente come &quot;carte di fiori&quot;. Oyaji no Jikan - Nechan Hanafuda di Shoubu Ya! presenta diversi livelli di difficoltà e 10 diverse avversarie computerizzate.
Oyaji no Jikan - Nee-chan Mahjong de Shoubu ya! (Japan)	Oyaji no jikan - Nechan mahjong de shoubu ya! è un gioco di mahjong in cui il giocatore può competere contro 9 ragazze diverse e provare a vincerle. Il gameplay è il classico mahjong a 4 giocatori in cui il giocatore gareggia contro 3 avversari controllati dal computer.
Oyaji no Jikan - Nee-chan Tsuri Iku de! (Japan)	Oyaji No Jikan - Nechan Tsuri Iku De! è un gioco di pesca con 9 personaggi femminili, diverse modalità di gioco, tanti punti di pesca (come ponti, laghi, città, fiumi, ecc.) e pesci da catturare.
Oyako Entertainment Series - TV Kamishibai Vol. 1 (Japan)	TV Kamishibai Vol.1 è una raccolta di 3 diverse fiabe classiche narrate con voce giapponese. Le 3 storie sono Pollicina, Biancaneve e i tre porcellini.
Oz no Mahoutsukai - Another World - Rung Rung (Japan)	Rung Rung Oz no Mahoutsoukai Another World è un gioco di avventura disponibile solo in Giappone per PlayStation che prevedeva l'esplorazione dall'alto di un mondo basato sui libri del Mago di Oz di Frank L. Baum. Dorothy in stile anime si avventura nella Terra di Oz, incontrando personaggi familiari e accompagnata dal cane Toto, il tutto caratterizzato da nuove e carine riprogettazioni giapponesi.
Pac-Man World (USA) (Demo)	Il più famoso personaggio di videogiochi di tutti i tempi ritorna in un'avventura in esclusiva per la PlayStation stavolta in versione tridimensionale. Ecco Pac-Man con funzioni totalmente nuove: ora può correre, saltare, rimbalzare, nuotare, girare su se stesso, salire in verticale e mangiare tutto quello che trova sul suo cammino negli oltre 30 livelli di azione frenetica! Rincorri i fantasmini in un ambiente 3D con tantissimi livelli. La modalità di ricerca comprende 6 mondi, ciascuno con 3 livelli di gioco in stile piattaforma. Con i classici personaggi, tra cui Pac-Man e Ms. Pac-Man, e l'introduzione del nuovo robot impostore Toc-Man. E inoltre la versione originale del gioco arcade di Pac-Man e la nuovissima modalità di maratona-labirinto.
Pac-Man World - 20th Anniversary (USA)	Il più famoso personaggio di videogiochi di tutti i tempi ritorna in un'avventura in esclusiva per la PlayStation stavolta in versione tridimensionale. Ecco Pac-Man con funzioni totalmente nuove: ora può correre, saltare, rimbalzare, nuotare, girare su se stesso, salire in verticale e mangiare tutto quello che trova sul suo cammino negli oltre 30 livelli di azione frenetica! Rincorri i fantasmini in un ambiente 3D con tantissimi livelli. La modalità di ricerca comprende 6 mondi, ciascuno con 3 livelli di gioco in stile piattaforma. Con i classici personaggi, tra cui Pac-Man e Ms. Pac-Man, e l'introduzione del nuovo robot impostore Toc-Man. E inoltre la versione originale del gioco arcade di Pac-Man e la nuovissima modalità di maratona-labirinto.
Pachi-Slot Teiou - Battle Knight, Atlantis Doom (Japan)	Pachi-Slot Teiou: Battle Knight & Atlantis Doom è un gioco di pachi-slot (macchina da gioco) che presenta una perfetta ricreazione di 2 macchine da gioco con lo stesso nome con diversi livelli di zoom.
Pandemonium 2 (USA)	Unisciti a Nikki, Fargus e Sid nella loro missione per catturare la Cometa delle Infinite Possibilità. Nikki, la maga sexy, e Fargus, l'arlecchino incendiario, sono cresciuti e hanno sviluppato nuovi talenti. Distruggi i nemici o esplora bizzarri paesaggi alieni con le loro nuove abilità.
Panzer Bandit (Japan)	Nel mondo di Panzer Bandit, le fonti di energia sono diventate scarse a causa della riduzione dell'energia costantemente utilizzata dagli esseri umani. Un'organizzazione chiamata Arc, guidata dal malvagio Professor Fuarado, cerca di manipolare il consumo di energia rimanente per conquistare il mondo. Nel corso del gioco, i nostri eroi devono recuperare l'energia rimanente prima di Arc e infine distruggere tutto ciò che resta dell'organizzazione. Panzer Bandits è un beat 'em all ambientato in un universo in stile manga. Al comando di uno degli eroi, dovrete impedire a un esercito di robot malvagi di conquistare il mondo.
PaRappa the Rapper (USA) (En,Fr,De,Es,It)	Il cucciolo rap PaRappa sogna di impressionare la sua amica, la bellissima Sunny Funny, e di uscire con lei. Ma ciò che gli manca è la fiducia: aiutare PaRappa a farsi strada nel rap attraverso l'apprendimento del Kung Fu, un esame di guida, la cucina e altro ancora, tutto per conquistare la ragazza. E ricorda: devi credere! PaRappa the Rapper è un gioco basato su testi, musica e ritmo. Il gioco in sé è molto semplice: ogni fase ha un &quot;maestro&quot;, che PaRappa deve seguire. Vedrai l'insegnante pronunciare alcune lettere, quindi PaRappa deve copiare l'insegnante premendo i pulsanti appropriati per ripetere quelle lettere. Fai rap bene e puoi andare avanti; manometti i testi e la musica inizierà a distorcere e l'insegnante sarà sconvolto. Se continui a metterti nei guai, fallirai sul palco.
PaRappa the Rapper - The Hip Hop Hero (Europe) (En,Fr,De,Es,It)	Il cucciolo rap PaRappa sogna di impressionare la sua amica, la bellissima Sunny Funny, e di uscire con lei. Ma ciò che gli manca è la fiducia: aiutare PaRappa a farsi strada nel rap attraverso l'apprendimento del Kung Fu, un esame di guida, la cucina e altro ancora, tutto per conquistare la ragazza. E ricorda: devi credere! PaRappa the Rapper è un gioco basato su testi, musica e ritmo. Il gioco in sé è molto semplice: ogni fase ha un &quot;maestro&quot;, che PaRappa deve seguire. Vedrai l'insegnante pronunciare alcune lettere, quindi PaRappa deve copiare l'insegnante premendo i pulsanti appropriati per ripetere quelle lettere. Fai rap bene e puoi andare avanti; manometti i testi e la musica inizierà a distorcere e l'insegnante sarà sconvolto. Se continui a metterti nei guai, fallirai sul palco.
Parasite Eve (USA) (Disc 1)	Un giorno qualunque a New York per il poliziotto alle prime armi Aya Brea. La vigilia di Natale è oggi e hai deciso di visitare il teatro dell'opera. Ora è qui che iniziano i fuochi d'artificio. All'improvviso i membri del pubblico vengono dati alle fiamme, completamente tostati, e sembra che la voce principale sia la fonte di questo ardente terrore. Eppure sembri immune, e come agente di polizia sei sempre in servizio, quindi devi affrontare il pericolo. Deve esserci una connessione tra voi due, poiché questa sembra l'unica spiegazione razionale. E se i mitocondri fossero una specie a sé stante, più avanzata dell'umanità, e li usasse solo per creare ambienti e civiltà per se stessi? E se l'umanità fosse solo un ospite? E se i mitocondri fossero il nemico naturale dell'umanità? Ciò renderebbe Aya il loro nemico naturale, quindi la battaglia per la sopravvivenza e la scoperta della verità è già iniziata.
Parasite Eve - Special CD-ROM (Japan)	Un giorno qualunque a New York per il poliziotto alle prime armi Aya Brea. La vigilia di Natale è oggi e hai deciso di visitare il teatro dell'opera. Ora è qui che iniziano i fuochi d'artificio. All'improvviso i membri del pubblico vengono dati alle fiamme, completamente tostati, e sembra che la voce principale sia la fonte di questo ardente terrore. Eppure sembri immune, e come agente di polizia sei sempre in servizio, quindi devi affrontare il pericolo. Deve esserci una connessione tra voi due, poiché questa sembra l'unica spiegazione razionale. E se i mitocondri fossero una specie a sé stante, più avanzata dell'umanità, e li usasse solo per creare ambienti e civiltà per se stessi? E se l'umanità fosse solo un ospite? E se i mitocondri fossero il nemico naturale dell'umanità? Ciò renderebbe Aya il loro nemico naturale, quindi la battaglia per la sopravvivenza e la scoperta della verità è già iniziata.
Parasite Eve II (USA, Canada) (Disc 1)	Una specie malevola di Creature Neo mitocondriali ha preso il controllo della Torre di Akropolis, eliminando tutti coloro che si frappongono sulla loro strada. Questa situazione minacciosa e la polizia di Los Angeles hanno un disperato bisogno del tuo aiuto. Giocherai Aya Brea, l'agente speciale del MIST (Mitochondrial Investigation and Suppression Team), e l'FBI ti assegnerà un'indagine che ti porterà dal centro di Los Angeles al sinistro centro di ricerca nel profondo del deserto del Mojave. Dovrai fermare questa nuova specie di creature che minaccia di eliminare completamente la razza umana. Tuffati in un mondo di suspense e orrore mentre cerchi di scoprire l'origine di queste creature malvagie. battaglie realistiche e intense. Ambienti pre-renderizzati meravigliosamente dettagliati.
Pepsiman (Japan)	Pepsiman è un videogioco d'azione sviluppato e pubblicato da KID per PlayStation. È stato rilasciato in Giappone nel marzo 1999 e si basa sulla mascotte del supereroe americano Pepsi, la bibita gassata con lo stesso nome, e concentra il giocatore sull'evitare gli ostacoli correndo, scattando e saltando, mentre Pepsiman corre automaticamente in avanti attraverso il gioco.
Perfect Performer - The Yellow Monkey (Japan)	The Yellow Monkey, spesso abbreviato in yemon, è un popolare gruppo rock giapponese formatosi nel 1989. Il suo nome deriva da un insulto etnico ed è un riferimento ironico alla convinzione che i gruppi rock giapponesi non potranno mai essere &quot;autentici&quot;. Nel 2003, la HMV Records Japan li ha classificati al numero 81 nella loro &quot;Top 100 Japanese pops Artists&quot;. Sebbene le attività della band siano cessate a partire dal gennaio 2001, fatta eccezione per le versioni successive di materiale della band come compilation e DVD, The Yellow Monkey si sciolse effettivamente il 7 luglio 2004. Perfect Performer The Yellow Monkey è un gioco d'azione ritmico con canzoni della band JRock The Yellow Monkey. Supporta fino a quattro musicisti contemporaneamente ciascuno che suona uno strumento diverso con una versione primitiva di Rockband meno i controller speciali. Puoi fare voce, chitarra, basso e batteria. Indipendentemente dallo strumento, tutti sono uguali per quanto riguarda il gameplay. Devi toccare i vari pulsanti frontali mentre scorrono da destra a sinistra. Ogni strumento ha il proprio notechart unico. Il gioco presenta 2 diverse modalità di gioco: - Modalità live: concerto completo quando la canzone successiva segue quella precedente - Modalità gratuita: riproduci solo un brano di quelli che hai sbloccato durante la modalità live.
Perfect Weapon (USA)	Perfect Weapon è un gioco di combattimento / azione per Playstation che ti porta in lune sconosciute, deserte a prima vista, ma per lo meno ostili. Sei Blake Hunter, specialista in arti marziali e il tuo obiettivo è combattere la tua strada verso la libertà con grandi colpi di armi e kung fu.
Persona (USA)	Nel prossimo futuro, l'umanità ha scoperto il viaggio dimensionale, ma le porte aperte funzionano sia come entrate che come uscite. Le città pacifiche in cui sei cresciuto sono diventate il paradiso per creature oscure provenienti dal mondo dei demoni! Ora spetta a te e ai tuoi amici scoprire il potere di contrastarle, entrando nel mondo di Persona. Ti risvegli con incredibili abilità che saranno cruciali nel sconfiggere le truppe di invasori demoniaci e ripulire la terra da loro. Stringi amicizia con loro prima di entrare in battaglia per scoprire i loro punti deboli. Combattili o convincili ad unirti per aiutarti nella tua missione. Qualunque sia la tua scelta, ti aspetta un'avventura indimenticabile!
Persona 2 - Batsu - Eternal Punishment (Japan) (Disc 1)	In Persona 2: Eternal Punishment, un gioco di ruolo per Playstation, vesti i panni di Maya Amano, una giornalista della piccola cittadina giapponese di Sumaru, dove di recente si sono verificati una serie di strani omicidi. Facendo squadra con la sensitiva Ulala e il detective Katsuya, cerca di svelare la verità dietro questi misteriosi omicidi.
Persona 2 - Eternal Punishment (USA)	In Persona 2: Eternal Punishment, un gioco di ruolo per Playstation, vesti i panni di Maya Amano, una giornalista della piccola cittadina giapponese di Sumaru, dove di recente si sono verificati una serie di strani omicidi. Facendo squadra con la sensitiva Ulala e il detective Katsuya, cerca di svelare la verità dietro questi misteriosi omicidi.
Peter Pan in Disney's Return to Never Land (USA)	Il nefasto pirata Capitan Uncino ha trovato una mappa che porta al tesoro nascosto dell'isola che non c'è e intende sgraffignarselo. Ora che sa dove si trova il tesoro, ha spezzettato la mappa in pezzi e li ha sparsi in tutta l'isola che non c'è, affinché nessun altro possa individuarlo. Nel frattempo, la fata Trilli ha informato Peter Pan che c'è un tesoro da qualche parte sull'isola che non c'è. Così ora Peter Pan e Trilli sono alla ricerca del tesoro nascosto, cercando e ricomponendo i pezzi della mappa del tesoro tagliata. I giocatori assumono il ruolo di Peter Pan e occasionalmente di Trilli attraverso 20 diversi livelli. Alcuni delle livelli includono location come, l'Albero dell'Impiccato, la Laguna delle Sirene, il Covo dei Pirati, il villaggio indiano e la Roccia del Teschio.
Petit Dinosaure, Le - Retour vers la Grande Vallee (France)	Dopo essere stati inseguiti da un Sharptooth mentre restituivano un uovo rubato, Littlefoot, Cera, Ducky e Spike si perdono nel Great Beyond. I giocatori controllano i quattro amici preistorici mentre ognuno deve trovare la via del ritorno a casa in The Land Before Time: Return to the Great Valley per PlayStation. Percorrendo cinque livelli 3D, i personaggi devono raccogliere le stelle degli alberi evitando pericolose insidie. I livelli contengono elementi interattivi, come piante e bolle di catrame. A seconda del personaggio selezionato, i giocatori possono fare uso di frustate della coda, colpi di testa e altre abilità per costruire ponti, cavalcare geyser e superare altri ostacoli. Petrie è anche prontamente disponibile per volare sullo schermo e offrire consigli e indicazioni. I livelli sono composti da percorsi ad ostacoli e azioni di tipo puzzle in quanto i giocatori devono attraversare fiumi, nutrire piante e raccogliere stelle degli alberi evitando pericoli, come lava, acqua e ripide scogliere. Dopo che tutti e cinque i personaggi sono usciti dal quinto livello, sono tutti riuniti nella Great Valley.
Pierrafeu, Les - Bedrock Bowling (France)	Tempi preistorici, attenzione: i Flintstones hanno invaso la pista da bowling! Fred Flintstone, Barney Rubble, Pebbles, Bamm-Bamm e Dino stanno approfittando di un Bedrock appena trasformato. Quel fastidioso alieno Gazoo non fa mai del bene; ora ha trasformato l'intera città in enormi piste da bowling complete di ostacoli e tanta roccia!
Pinball Fantasies Deluxe (Japan)	Dopo il successo di Pinball Dreams è stato creato un sequel con quattro nuovi tavoli. Il gameplay è molto simile a quello del primo gioco, con una fisica realistica, opzioni multigiocatore e una tabella dei record. I tavoli sono Partyland, Speed Devils, Billion Dollar Gameshow e Stones 'n' Bones, che includono un parco divertimenti, auto da corsa, una lotteria e un gioco a premi e un cimitero. Ognuno di essi presenta rampe, combo, sequenze di luci e bersagli diversi, oltre a una meccanica meno influenzata dai tavoli reali rispetto a quella di Pinball Dreams.
Pink Panther - Pinkadelic Pursuit (USA)	Mentre stava pescando annoiato una domenica pomeriggio, la pantera rosa viene spedita nello spazio profondo su un razzo. Questo platformer a scorrimento orizzontale si presenta in uno stile grafico dedito a somigliare al amato stile usato dagli artisti della &quot;United Artist&quot;. Il giocatore controlla la Pantera Rosa, attraversa una varietà di ambientazioni pericolose. Dovrà usare i suoi classici strumenti per affrontare i vari livelli, come L'età della pietra, il nascondiglio dei gangster e il castello di Dracula. Molti oggetti e gadget possono essere trovati per arrivare alla fine del livello. Dovrai usare, lanterne, quadri, estintori, magneti e pure palle da bowling. Travestiti e nasconditi nello sfondo, disinnesca trappole e affronta i nemici.
Play de Oboeru Chuugaku Eitango Deruderu 1200 (Japan)	Play de Oboeru Chuugaku Eitango Deruderu 1200 è un gioco educativo in cui i giocatori possono imparare il significato di alcune parole inglesi in lingua giapponese. Il gameplay consiste nello scegliere un giocatore di basket e farlo competere da solo o contro un giocatore del computer o un giocatore umano in una partita di basket, ma in questo gioco il giocatore non giocherà a basket, in questo gioco il giocatore deve selezionare il giusto parola giapponese per quella inglese richiesta dal gioco, ci sono 20 parole per ogni partita di basket. Ogni volta che il giocatore sbaglia la parola il turno passa al suo avversario quindi è meglio non mancare di vincere ogni incontro. In ogni domanda il giocatore può scegliere una risposta da 3 punti o una risposta da 2 punti. Il giocatore può passare alcune parole (ma c'è un limite alle volte in cui il giocatore può passare le parole). Ci sono diversi livelli di difficoltà (dal più facile al più difficile: ognuno con un personaggio diverso come il giocatore avversario), una modalità sola per esercitarsi nell'apprendimento di quelle parole giapponesi e persino una modalità vs per far competere 2 giocatori umani.
Play de Oboeru Eitango Deruderu 1700 - Center Shiken Level Taiou (Japan)	Play de Oboeru Eitango Deruderu 1700 è un gioco educativo in cui i giocatori possono imparare il significato di alcune parole inglesi in lingua giapponese. Il gioco consiste nello scegliere un giocatore di golf e farlo competere da solo o contro un giocatore computer o un giocatore umano in una partita di golf, ma in questo gioco il giocatore non giocherà a golf, in questo gioco il giocatore deve selezionare il giusto parola giapponese per quella inglese richiesta dal gioco, ci sono 20 parole per ogni buca da golf. Ogni volta che il giocatore fallisce la parola viene aggiunto un colpo al suo conteggio (il massimo è di 19 colpi) quindi è meglio non mancare di vincere ogni buca. Il giocatore può passare alcune parole (ma c'è un limite alle volte in cui il giocatore può passare le parole). Ci sono diversi livelli di difficoltà (dal più facile al più difficile: ognuno con un personaggio diverso come il giocatore avversario), una modalità sola per esercitarsi nell'apprendimento di quelle parole giapponesi e persino una modalità vs per far competere 2 giocatori umani. In questa versione il gioco è racchiuso in un libro.
Point Blank (USA)	Point Blank è un gioco arcade con pistole leggere, in cui i giocatori sparano ai bersagli in un'ampia varietà di livelli. La versione per Playstation utilizza la pistola G-Con, per un'azione simile a Time Crisis, sempre di Namco. Il gioco ha un tema cartone animato distinto ed è non violento, rendendolo adatto a tutte le età. Ogni fase ha un obiettivo diverso, spiegato all'inizio di ogni fase. Questo varia dal semplice tiro al bersaglio (ed evita di sparare alla bomba), sparando ai cattivi di cartone (evita di sparare ai civili di cartone), sparando ai propri bersagli colorati (evita di sparare al colore dei giocatori avversari), proteggendo gli iconici Dr.Don e Dr. sfide come il palcoscenico Galaxian in cui il fucile leggero viene utilizzato al posto delle astronavi per sparare agli alieni. Le fasi sono presentate in gruppi di 4 e il giocatore oi giocatori possono scegliere in quale ordine giocarle. Perdi un cuore vitale quando spari a un bersaglio o una bomba sbagliati o quando non riesci a completare una missione entro il tempo limite. Oltre a convertire il gioco arcade nella sua interezza, questa conversione offre anche una nuova modalità Quest, un sistema Party Play e altro ancora.
Point Blank 2 (USA)	Point Blank 2 è il sequel dell'ormai classico gioco arcade Point Blank, che è stato convertito in PlayStation nel 1998. Utilizzando il GunCon costruito da Namco (una pistola leggera in stile arcade), offre 70 nuove gallerie di tiro, diverse modalità party e un nuovo gioco per giocatore singolo. Se stai giocando a giocatore singolo, hai alcune opzioni tra cui scegliere. La modalità arcade è composta semplicemente da 16 round (di difficoltà principiante, avanzata o folle) selezionati casualmente dalle 70 diverse gallerie di tiro. Potrai radere le pecore sparandogli via la lana, testare la tua precisione in attacchi one-shot, one-hit e salvare il dottor Don e il dottor Dan da situazioni stravaganti. C'è anche una modalità di resistenza in cui sali su un'alta torre per vedere quanto lontano puoi arrivare in tre tentativi.
Point Blank 3 (USA)	Le avventure del Dr. Dan e del Dr. Don di Namco continuano in Point Blank 3, la terza edizione dell'irriverente serie di pistole leggere basata su minigiochi. Viene offerta una selezione di 80 eventi, molti dei quali spingono lo sfortunato duo in situazioni che richiedono un intervento tempestivo da parte del giocatore per loro conto, testando i tuoi riflessi e la precisione di tiro allo stesso tempo. La miriade di eventi presenta al giocatore compiti di base che variano sia per portata che per difficoltà. Viene fornita una pletora di formati di mini-giochi che includono sparare a bersagli codificati a colori per proteggere i due teschi insensibili da oggetti minacciosi, a quelli che richiedono al giocatore di eseguire calcoli matematici rudimentali prima di sparare la risposta corretta. Le apparizioni in cameo dei personaggi di Tekken, i classici franchise di Namco e altri simili scherzi abbondano nei molti scenari che i giocatori si troveranno coinvolti.
Poitter's Point (Japan)	In Poy Poy, concorrenti provenienti da tutto il paese si riuniscono per competere per grandi premi in denaro e l'onore di essere incoronato campione della Poy Poy Cup. Per diventare campione devi battere tre round in ciascuna delle sei fasi. Puoi scegliere tra una varietà di personaggi ciascuno con attributi diversi. Poy Poy è un party / gioco d'azione multiplayer in cui quattro giocatori si affrontano lanciandosi pietre, bombe, tronchi, casse di legno, ecc. In diverse arene di battaglia per un determinato periodo di tempo. Alla fine i giocatori vengono assegnati punti in base alla loro salute rimanente, quante volte sono stati in grado di colpire gli altri con oggetti e quanti cuori bianchi sono stati in grado di raccogliere dall'arena. I giocatori possono anche scegliere tra una serie di guanti psiche, che danno loro varie abilità speciali quando vengono usati. C'è anche l'area della hall dello studio Channel Poy Poy che ha un negozio di guanti, un negozio di messa a punto dei guanti e un terminale di accesso alla scheda di memoria.
Poitter's Point 2 - Sodom no Inbou (Japan, Asia)	Poy Poy 2 è il sequel di un gioco Konami del 1997 che è un gioco di lancio e schivata. Ci sono una varietà di tecniche sia nel lancio che nello schivare, il che rende difficile padroneggiarlo ma facile vincere. Poy Poy 2 è stravagante proprio come il suo predecessore e l'introduzione del livello più alto gli conferisce una leggera profondità che mancava all'originale, ma fondamentalmente è esattamente lo stesso gioco! Le partite sono divise in tre round. Ogni round termina quando un personaggio rimane in piedi o quando tutti i personaggi vengono eliminati con conseguente pareggio. Alla fine del round, ti vengono assegnati punti in base a colpi diretti, fortuna e bonus round. I colpi diretti sono come suonano, ma non includono la maggior parte degli attacchi con i guanti o il danno al raggio della bomba. La fortuna si guadagna raccogliendo oggetti cuore / nuvola bianchi che appaiono dalle casse di legno. Il bonus del round viene concesso in base all'ordine in cui sei stato eliminato (il primo eliminato ottiene 0 punti, gli altri tre ottengono quantità variabili di punti). Chi ha totalizzato più punti alla fine vince.
Pooh-san no Minna de Mori no Daikyousou! (Japan)	Rivolto ai bambini piccoli, il gioco Pooh's Party - Finding Treasure è un'avventura da tavolo simile a Mario Party. Nei panni di Pooh, Tigro, Coniglio, Maialino, Gufo o Rito, i giocatori devono farsi strada attraverso tre giochi da tavolo sempre più difficili nel tentativo di arrivare primi. Da uno a quattro giocatori possono partecipare all'avventura o semplicemente competere tra loro nei minigiochi. Nella modalità avventura, i giocatori si muovono attraverso i diversi quadrati del tabellone e sfidano gli altri personaggi in uno dei cinque minigiochi. Il risultato del minigioco determina il numero di caselle che ogni giocatore può muovere nel turno successivo. Il primo posto vince sei caselle, il secondo vince quattro caselle, il terzo vince due e l'ultimo posto vince uno.
PoPoLoCrois Monogatari II (Japan, Asia) (Disc 1)	PoPoLoCrois è una serie manga di Tamori Yousuke, originariamente pubblicata sull'Asahi Student Newspaper (una sussidiaria del giornale Asahi Shimbun). Successivamente è stato adattato in due serie anime e cinque giochi di ruolo per console. Il suo titolo è una combinazione di parole di due lingue: la parola italiana &quot;Popolo&quot; e la parola francese &quot;croix&quot;, che insieme significano &quot;attraversamento di popoli&quot;. Il tema generale della serie è l'amore e la compassione, che la razza a cui si appartiene non è importante e l'importanza dell'amicizia. La versione per PSP è una riproduzione di &quot;Popolocrois&quot; (incluso nel Libro 1) e &quot;PopoloCrois II&quot; (incluso nel Libro 3), ma il Libro 2 è uno scenario nuovo di zecca. Popolocrois II è in realtà il terzo gioco di una serie di popolari giochi di ruolo per PlayStation giapponesi chiamato ''Popolocrois Monogatari'' (La storia di Popolocrois).
Pour l'Or et la Gloire - La Route d'Eldorado (France)	Trova la tua fortuna mentre cerchi la Città Perduta dell'Oro in questa avventura grafica che segue la trama del film di DreamWorks del 2000 The Road to El Dorado. I giocatori possono controllare sia Tulio che Miguel mentre i due goffi eroi attraversano il mondo del gioco episodico e avanzano nella trama risolvendo enigmi e raggiungendo obiettivi. La maggior parte degli enigmi del gioco si basa sulla ricerca degli oggetti giusti per la situazione giusta, incoraggiando l'esplorazione e consentendo allo stesso tempo divertenti ricreazioni di alcuni degli schemi più oltraggiosi di Tulio. Intraprendi una nuova missione ispirata ai racconti strazianti di Tulio e Miguel Avventurati in 8 mondi affascinanti e regni mortali. Padroneggia abilità di furtività e arguzia per evitare trappole insidiose e nemici.
Power DoLLS 2 (Japan)	Power Dolls 2 è un gioco tattico a turni ambientato in uno scenario futuristico del 26° secolo. Come il suo predecessore, il gioco si concentra sulla guerra tra i pianeti Omni e la Terra. I giocatori comandano la squadra femminile &quot;Detachment Of Limited Line Service&quot; e possono scegliere di affrontare la campagna in modo lineare o di selezionare missioni specifiche direttamente dal menu principale. Il gameplay è molto simile a quello del gioco precedente, con alcune aggiunte relative all'interfaccia e alla personalizzazione (come i modi più dettagliati di equipaggiare i mecha). Il giocatore deve assemblare una squadra tra i vari piloti disponibili, assegnando un mecha o un altro tipo di nave a seconda del tipo di missione e dei suoi requisiti.
Power Rangers - La Force du Temps (France)	Saban's Power Rangers Time Force porta l'incarnazione del 2001 del programma di lunga data Fox Kids su PlayStation. I giocatori vestiranno i panni di uno dei cinque Power Rangers - rosso, verde, blu, giallo e rosa - e combatteranno il male in tutto l'universo e nel tempo. Ogni Ranger ha i suoi diversi livelli di attributo in categorie come potenza, velocità e abilità nelle arti marziali. Ciascuno degli otto livelli del gioco si svolge in un periodo di tempo diverso. I giocatori dovranno domare il selvaggio West, sconfiggere i malvagi uomini delle caverne nell'età della pietra e affrontare i pirati in alto mare. La maggior parte dei livelli richiede ai giocatori di trovare oggetti sparsi per il livello prima di poter continuare a combattere il boss. E una volta sconfitto un boss per la prima volta, si trasformerà in una versione gigante, come nello show. È quindi necessario eliminare il cattivo prendendo il controllo del famoso Blue Zord dei Power Rangers.
Power Serve (Europe) (En,Fr,De)	Un titolo di tennis di prima generazione reso disponibile poco dopo il lancio della PlayStation, Ground Stroke offre opzioni di partita singole o doppie di base. Il roster di otto giocatori è composto da quattro uomini e quattro donne, nessuno dei quali è un giocatore professionista autorizzato, ma evidenti caricature di ciò. Il roster completo include Andre Legacy, Bart Sunrise, Steve Edwards, Mike Lee, Rusty Guriffis, Angela Santos, Julia Cappuccino e Kumiko Abe.
Power Serve 3D Tennis (USA)	Un titolo di tennis di prima generazione reso disponibile poco dopo il lancio della PlayStation, Ground Stroke offre opzioni di partita singole o doppie di base. Il roster di otto giocatori è composto da quattro uomini e quattro donne, nessuno dei quali è un giocatore professionista autorizzato, ma evidenti caricature di ciò. Il roster completo include Andre Legacy, Bart Sunrise, Steve Edwards, Mike Lee, Rusty Guriffis, Angela Santos, Julia Cappuccino e Kumiko Abe.
Power Spike - Pro Beach Volleyball (USA)	Infogrames porta il beach volley due contro due sulla PlayStation in Power Spike Pro Beach Volleyball. Il gioco è concesso in licenza dalla FIVB e presenta 40 veri eroi della pallavolo come Gabrielle Reece e Sinjin Smith. Sono presenti anche luoghi di vita reale, con spettacoli in 14 luoghi diversi in tutto il mondo, tra cui Sidney, Osaka e Los Angeles. C'è anche un'opzione per i giocatori di progettare le proprie superstar del beach volley. Il gioco integra un sistema basato su icone per il posizionamento preciso di dossi, scavi e punte. Con un multi-tap e un numero sufficiente di controller, fino a quattro giocatori possono competere contemporaneamente in Power Strike Pro Beach Volleyball, ognuno controllando una stella diversa della pallavolo nelle squadre di due persone in competizione.
Powerslave (USA)	Una spedizione archeologica per portare alla luce tesori dimenticati da tempo ha rivelato una storia più oscura di quanto si pensasse possibile, molto di più. Un'antica forza del male, né di questo tempo né di questo mondo, è rimasta sepolta da quando gli egiziani camminavano sulla terra. Ora è stato riesumato. Ovviamente tu, l'eroe, devi scoprire cosa sta succedendo in Egitto. Il tuo elicottero si schianta all'interno di questa zona pericolosa e devi sopravvivere da solo. Incontra gli dei egizi e segui i loro consigli. Exhumed è uno sparatutto in prima persona ambientato con un tema egiziano. Ventuno livelli per trovare sei oggetti sacri con i quali puoi saltare più in alto, galleggiare sott'acqua, galleggiare ed eseguire altri eroi. Sconfiggi i boss e uccidi altre creature usando otto armi che vanno dalle spade alle pistole al bastone magico. Exumed per le console Playstation e Saturn è stato rilasciato come Powerslave negli Stati Uniti.
Poy Poy (USA)	In Poy Poy, concorrenti provenienti da tutto il paese si riuniscono per competere per grandi premi in denaro e l'onore di essere incoronato campione della Poy Poy Cup. Per diventare campione devi battere tre round in ciascuna delle sei fasi. Puoi scegliere tra una varietà di personaggi ciascuno con attributi diversi. Poy Poy è un party / gioco d'azione multiplayer in cui quattro giocatori si affrontano lanciandosi pietre, bombe, tronchi, casse di legno, ecc. In diverse arene di battaglia per un determinato periodo di tempo. Alla fine i giocatori vengono assegnati punti in base alla loro salute rimanente, quante volte sono stati in grado di colpire gli altri con oggetti e quanti cuori bianchi sono stati in grado di raccogliere dall'arena. I giocatori possono anche scegliere tra una serie di guanti psiche, che danno loro varie abilità speciali quando vengono usati. C'è anche l'area della hall dello studio Channel Poy Poy che ha un negozio di guanti, un negozio di messa a punto dei guanti e un terminale di accesso alla scheda di memoria.
Poy Poy 2 (Europe)	Poy Poy 2 è il sequel di un gioco Konami del 1997 che è un gioco di lancio e schivata. Ci sono una varietà di tecniche sia nel lancio che nello schivare, il che rende difficile padroneggiarlo ma facile vincere. Poy Poy 2 è stravagante proprio come il suo predecessore e l'introduzione del livello più alto gli conferisce una leggera profondità che mancava all'originale, ma fondamentalmente è esattamente lo stesso gioco! Le partite sono divise in tre round. Ogni round termina quando un personaggio rimane in piedi o quando tutti i personaggi vengono eliminati con conseguente pareggio. Alla fine del round, ti vengono assegnati punti in base a colpi diretti, fortuna e bonus round. I colpi diretti sono come suonano, ma non includono la maggior parte degli attacchi con i guanti o il danno al raggio della bomba. La fortuna si guadagna raccogliendo oggetti cuore / nuvola bianchi che appaiono dalle casse di legno. Il bonus del round viene concesso in base all'ordine in cui sei stato eliminato (il primo eliminato ottiene 0 punti, gli altri tre ottengono quantità variabili di punti). Chi ha totalizzato più punti alla fine vince.
Pro Evolution Soccer 2 (Europe) (Es,It)	Assisti alla risurrezione! Pro Evolution Soccer 2 / Winning Eleven 2002 è qui e secondo i fan più accaniti del calcio, tutti i settori della stampa e degli esperti online è di gran lunga il miglior gioco d'azione di calcio mai pubblicato! Winning Eleven 2002 è l'atteso successore di un gioco che ha riscritto le regole per i titoli di simulazione calcistica e ha creato un nuovo e immenso punto di riferimento per gli altri da provare e imitare. In breve, è IL titolo di calcio di livello mondiale. Preparati per un gioco come non hai mai provato prima ...
Pro Pinball - Timeshock! (USA)	Pro Pinball Timeshock è il seguito di The Web caratterizzato da una tabella unica ma molto complessa. Hai una vista 3D del tavolo, con 4 diversi punti di vista. Il tuo obiettivo finale per segnare punti è viaggiare nel tempo raccogliendo cristalli. Il gioco comprende ambientazioni romane, preistoriche e futuristiche, così come il mondo di oggi. Ci sono molte cose segrete da scoprire. Molti video vengono visualizzati nella visualizzazione a matrice di punti sopra la tabella. Gli sviluppatori hanno incluso anche una modalità di anteprima, che consente di ingrandire aree speciali della tabella. 4 stili di gioco: principiante, normale / tradizionale, sfida a più livelli e torneo Livelli nascosti con 4 video e 8 avventure a matrice di punti Livelli multipli, viaggia nel tempo per raggiungere 6 diversi livelli Controllo completo dell'hardware del tavolo e personalizzazione del tavolo per il controllo individuale Ottima musica e suono con oltre 30 minuti di musica audio digitale!
Punch the Monkey! Game Edition (Japan)	PUNTA LA SCIMMIA! è un gioco d'azione ritmico che segue lo stampo di Parappa il Rapper. La schermata principale del gioco è suddivisa in tre aree principali. La prima area contiene due barre di avanzamento; la barra superiore è composta da cinque aree colorate. Da sinistra a destra, sono rossi, arancioni, gialli, verdi e blu. La seconda barra è un indicatore di avanzamento del livello. La seconda area contiene il video musicale del livello con un'area aperta sul lato sinistro e destro di esso.
Puyo Puyo Tsuu - Ketteiban (Japan, Asia)	Questo sequel di Puyo Puyo è, come il suo predecessore, un gioco di blocchi che cadono, in cui lo scopo è combinare quattro o più blocchi (Puyo) dello stesso colore, che poi scompaiono. I Puyo rimanenti cadono e possono produrre combo che causano la comparsa di blocchi speciali dannosi sul terreno del nemico.
Puzzle Bobble 2 (Japan)	In Bust A Move 2 su Playstation, devi cancellare tutti i marmi raggruppando quelli dello stesso colore in gruppi di 3 o più. Questo secondo opus integra una modalità a due giocatori in cui ogni giocatore deve sfidare un'intelligenza artificiale sempre più dura.
Puzzle Bobble 3DX (Japan)	Bust-A-Move 3 DX su Playstation è un puzzle-game il cui obiettivo è quello di distruggere tutte le bolle sullo schermo per passare al livello successivo. Con l'aiuto di un cannone, il giocatore deve assemblare tre bolle dello stesso colore per farle sparire. L'obiettivo del gioco è quello di evitare che troppe bolle si accumulino e superino un limite nella parte inferiore dello schermo.
Puzzle Bobble 4 (Japan)	Puzzle Bobble 4 (noto anche come Bust-a-Move 4 in Nord America e in Europa) è il terzo sequel del videogioco Puzzle Bobble ed è la comparsa finale della serie in Arcade, PlayStation e Dreamcast. Il gioco è anche il titolo finale per essere riconoscibilmente simile nella presentazione all'originale. Basandosi sul successo di Puzzle Bobble 3, il gioco aggiunge un sistema di carrucole che richiede due serie di bolle, attaccate a ciascun lato di una corda appesa a due carrucole. Il gioco contiene una modalità storia per un solo giocatore.
Puzznic (USA)	La sfida di ogni livello di Puzznic consiste nel manovrare una selezione di blocchi in modo da eliminarli tutti, facendoli entrare in contatto con blocchi dello stesso disegno. La soluzione dei livelli presenta molte complicazioni e in alcune situazioni c'è un numero dispari di un certo tipo di blocchi.
Quake II (USA)	Sequel solo di nome, questo seguito di Quake del 1996 di id Software è uno sparatutto in prima persona incentrato sulla guerra tra la Terra e gli Strogg. La razza aliena degli Strogg minaccia la Terra, ma quest'ultima ha lanciato una controffensiva, l'Operazione Alien Overlord. Overlord porta la battaglia sul pianeta natale degli Strogg con l'obiettivo finale di conquistare la loro capitale e uccidere il loro sovrano. Essendo un FPS, Quake II contiene una varietà di armi tra cui il Blaster, il Railgun e il segreto BFG10K. Durante i livelli è possibile trovare kit medici, armature e munizioni, così come il classico potenziamento Quad Damage di Quake. Il gioco consiste nell'eliminare gli avversari alieni man mano che il giocatore avanza nei livelli, completando gli obiettivi del gioco. Quake II offre anche il supporto multiplayer per i Deathmatch.
R-Type Delta (USA)	L'Impero Bydo è tornato sulla Terra con una vendetta. Questa volta non accetteranno la sconfitta così facilmente. La Terra, tuttavia, è pronta per loro... Tre navi di Classe R: la R-9, la R-13 e il prototipo R-X, saranno le tue armi in questa guerra. Scegli la tua nave in base ai tuoi gusti, decolla e colpisci l'Impero Bydo! R-Type Delta è il primo gioco R-Type 2D/3D (a la Einhander e Thunder Force V) ed è un'esclusiva PlayStation.
R-Types (USA)	R-Types è una raccolta di R-Type e R-Type II convertiti pixel per pixel dal coin-op alla PlayStation. Ai giochi sono state aggiunte un paio di utili funzionalità che aiutano a evitare che diventino incredibilmente difficili. Innanzitutto, i tuoi progressi nel gioco vengono salvati all'inizio di ogni livello, quindi non devi ricominciare da capo ogni volta. In secondo luogo, ora hai continui illimitati. R-Types contiene anche una piccola sezione della libreria che descrive parte della storia dietro l'universo R-Type e ti consente di sfogliare parte della grafica del gioco. Altri bonus includono un filmato introduttivo FMV e filmati finali.
R4 - Ridge Racer Type 4 (USA)	Superando RIDGE e RAGE RACER, il controllo ad alta velocità e le dinamiche avanzate accekerano l'entusiasmo di una vittoria di prima classe. -Modalità Grand Prix approfondita -Incredibile azione per due giocatori -40+ modelli di auto unici con oltre 300 variazioni -Grafica iper evoluta per la suprema esperienza di corsa
Racing Lagoon (Japan, Asia)	Racing Lagoon è un gioco di ruolo di corsa. Guadagni esperienza per le varie parti di automobili e i punti di gara sfidando altre auto su strade modellate sulle reali mappe stradali di Yokohama, in Giappone. Dopo aver vinto una gara, riceverai una certa quantità di &quot;Punti Premio&quot; che potrai utilizzare per prendere una parte dell'auto del tuo avversario, qualsiasi cosa, dal motore allo schema di verniciatura. Il gioco è suddiviso in 10 notti di corse, con il personaggio principale Sho Akasaki che cerca di diventare il re della scena delle corse clandestine.
Racingroovy VS (Japan)	Racingroovy è un gioco di guida pubblicato da Sammy Studios nel 1997. Il giocatore può scegliere tra 8 auto dall'inizio e sbloccarne altre tre giocando nelle diverse gare. Il gioco presenta diverse angolazioni della telecamera. Il gioco presenta tre diversi percorsi: - Giungla - Autostrada - Alpino.
Radikal Bikers (Europe) (En,Fr,De,Es,It)	In Radikal Bikers per PlayStation, interpreti un motociclista in un ambiente mediterraneo e devi consegnare le pizze il più rapidamente possibile. Una modalità competitiva per due giocatori mette due motociclisti uno contro l'altro e vincerà solo quello che consegna più pizze il più velocemente.
Rage Racer (USA)	Il terzo gioco Ridge Racer presenta ancora tre tracce, con ciascuno dei corsi che inizia con la stessa linea di partenza per emergere in un percorso completamente diverso. Ciascuno dei corsi ti porta attraverso una moltitudine di antichi monumenti, città, meraviglie naturali come fari, tunnel, cascate, rovine, villaggi in stile europeo ecc. corsi di corsa. Oltre alle tre tracce disponibili disponibili dall'inizio, è possibile guadagnare un'altra bonus track così come tutti i corsi al contrario.
Raiden DX (Japan)	Raiden DX per PlayStation è una conversione arcade dell'omonimo gioco. È stato pubblicato solo in Giappone. Il gioco presenta un gameplay simile a quello dei suoi predecessori Raiden e Raiden II, con scorrimento verticale. Il giocatore controlla un jet da combattimento e si fa strada attraverso vari livelli suddivisi in fasi. Distruggendo edifici e nemici, il giocatore può raccogliere potenziamenti per ottenere armi migliori, bombe, missili e punti extra. Ci sono tre livelli: Practice, Novice ed Expert. Practice presenta un solo livello. Novice presenta 5 livelli ed Expert ne presenta 8, comprese versioni remixate dei livelli Novice e Practice. Alla fine di ogni livello il giocatore deve sconfiggere un boss.
Railroad Tycoon II (USA)	Diventa un magnate di successo scalando le gerarchie dell'industria ferroviaria in questo gioco di strategia. Espandi il tuo dominio attraverso i continenti e un mercato globale in continua evoluzione. Costruisci la ferrovia transcontinentale o l'Orient Express. Fai sfrecciare treni a vapore attraverso le giungle dell'Africa o treni elettrici attraverso le Alpi svizzere. Elimina i tuoi concorrenti dalla città con le ferrovie. Una campagna di 18 scenari ti permette di ricreare le più grandi imprese e i più grandi fallimenti ferroviari della storia. Puoi accumulare ricchezza grazie a un sofisticato mercato azionario con acquisti a margine, vendite allo scoperto e acquisizioni ostili.
Rally Cross (USA)	Rally Cross su Playstation è un gioco di rally con la particolarità di avere un terreno molto vario. Preparati a vedere la tua auto volare in tutte le direzioni nei 4 ambienti qui offerti.
Rally Cross 2 (USA)	Il sequel del caotico gioco di corse fuoristrada Rally Cross. Il capo programmatore, Mark Lyons, e l'artista principale, Scott Atkins, di Rally Cross avevano lasciato la Sony e avevano formato una nuova società, Idol Minds. Rally Cross 2 è stato uno dei primi due giochi sviluppati da Idol Minds. È stato un tentativo di costruire sull'originale, creando un gioco con una curva di apprendimento più semplice. Rally Cross 2 mantiene il terreno accidentato dell'originale, con ancora più salti e incidenti. Multi-tap e schermo diviso per 4 giocatori non sono stati inclusi nel sequel, ma è rimasto lo schermo diviso per 2 giocatori. È stata aggiunta la capacità di controllare attributi come sospensioni, pneumatici e sterzo, nonché la possibilità di dipingere la tua auto con un colore primario e di dettaglio che può essere scelto da un'ampia tavolozza. Ancora una volta i percorsi possono essere aumentati in avanti o indietro e in modalità suicida (le auto corrono contemporaneamente in direzioni opposte). La modalità multi-gara, stagione, esiste ancora. Una delle più grandi aggiunte è l'editor di tracce. Ci sono una dozzina di pezzi diversi che possono essere ruotati e inseriti in una griglia 2D per creare tracce completamente nuove. Le auto sono ancora ribaltate in posizione verticale con i pulsanti sulla spalla, ma ora richiede solo una singola pressione del pulsante invece dei molteplici movimenti di oscillazione nell'originale. La manovrabilità è cambiata in modo significativo poiché le auto tendono a sbandare dietro gli angoli invece di ribaltarsi, ma gli incidenti ad alta velocità si tradurranno comunque in un'auto capovolta.
Rampage - Through Time (USA)	Rampage era un semplice gioco arcade. C'erano tre mostri e un obiettivo: la roba di Smash. Rampage Through Time, il quarto capitolo, si gioca in modo simile ai giochi precedenti con alcune nuove funzionalità. Come suggerisce il titolo, Rampage Through Time aggiunge un elemento di viaggio nel tempo. I tuoi mutanti sovradimensionati viaggiano in periodi di tempo come il Vecchio West e il Medioevo, così come altri periodi storici più generali, come &quot;zona di guerra&quot;, &quot;alieno&quot; e &quot;gangster&quot;.
Rampage - World Tour (USA)	Rampage World Tour è una versione aggiornata del classico Rampage. Rampage World Tour inizia alla Scumlabs International, dove tre tecnici di laboratorio, George, Lizzy e Ralph, hanno subito una mutazione in seguito a un incidente con rifiuti tossici. George si è trasformato in una scimmia gigante, Lizzy in una lucertola gigante o un dinosauro e Ralph in una sorta di lupo gigante. I tre distruggono il laboratorio in cui lavoravano e poi intraprendono un percorso di distruzione che coinvolge l'intero globo.
Rapid Racer (Europe) (En,Fr,De,Es,It)	Rapid Racer, noto come Turbo Prop Racing in Nord America, è un videogioco di corse sviluppato da Sony Computer Entertainment Europe e pubblicato per PlayStation nel 1997. Con motoscafi superveloci, simulazioni d'acqua mai viste prima, manovrabilità estremamente realistica e la fantastica colonna sonora dell'Apollo 440. Su 18 rotte con caratteristiche intelligenti, devi superare i tuoi concorrenti a caccia tra le onde.
Rapid Reload (Europe)	L'oggetto di interesse in questo gioco è la misteriosa Pietra Valchiria. Due cacciatori di tesori, Axel e Ruka, partono per trovare la pietra, ma la banda malvagia nota come Pumpkin Heads vuole trovarla prima. Nei panni di Axel o Ruka, fatti strada attraverso sei livelli a scorrimento laterale contro orde di nemici, affrontando diversi boss in ogni livello. Puoi scegliere tra quattro diversi effetti delle armi (normale, rimbalzante, a ricerca e lanciafiamme), usare bombe intelligenti e un rampino.
RayCrisis (Europe)	Uno scienziato ambizioso e non etico, un esperimento segreto andato orribilmente storto e un supercomputer artificialmente intelligente impazzito; tutti gli ingredienti necessari per l'imminente estinzione dell'umanità. Sei l'ultima speranza dell'umanità, un pilota eccezionale a cui è stato affidato il compito non invidiabile di far volare un combattente sperimentale nel cuore oscuro del Con-Human Network. Prendi i comandi di tre veicoli spaziali Wave Rider, ciascuno equipaggiato con l'arma primaria WR-01, il sistema laser di blocco secondario WR-02 e l'arma monouso WR-03 per situazioni di emergenza.
RayCrisis - Series Termination (USA)	Uno scienziato ambizioso e non etico, un esperimento segreto andato orribilmente storto e un supercomputer artificialmente intelligente impazzito; tutti gli ingredienti necessari per l'imminente estinzione dell'umanità. Sei l'ultima speranza dell'umanità, un pilota eccezionale a cui è stato affidato il compito non invidiabile di far volare un combattente sperimentale nel cuore oscuro del Con-Human Network. Prendi i comandi di tre veicoli spaziali Wave Rider, ciascuno equipaggiato con l'arma primaria WR-01, il sistema laser di blocco secondario WR-02 e l'arma monouso WR-03 per situazioni di emergenza.
Rayman (USA)	Nel mondo di Rayman, la natura e le persone vivono insieme in pace. Il Grande Protone (il Grande Protoon) mantiene l'armonia e l'equilibrio del mondo. Ma un giorno il demonizzato Mr. Dark rapisce il Grande Protone e sconfigge la fata Belilla (Betilla la Fata) quando lei cerca di proteggerlo. Gli Electons (Electoons), che gravitano attorno al Grande Protone, perdono la loro stabilità e si diffondono in tutto l'universo. Nel nuovo mondo squilibrato iniziano a verificarsi strani fenomeni: appaiono personaggi malvagi e catturano ogni Electon che riescono a trovare. L'universo ha bisogno di un eroe per salvarlo. È il turno di Rayman! Come guardiano di questo mondo, devi liberare tutti gli Electons dalle loro gabbie. Solo allora potrà accedere al Castello di Candy dove vive Dark e recuperare il Great Proton per riportare l'armonia nel suo mondo. Ma i cattivi glielo lasceranno fare?
Rayman 2 - The Great Escape (USA) (En,Fr,Es)	Rayman 2: The Great Escape è un videogioco di azione e avventura sviluppato da Ubi Soft Montpellier. Rayman 2 si svolge in un mondo chiamato Glade of Dreams e ruota attorno alla sua invasione e occupazione da parte di un'armata di Robo-Pirates interstellari, guidati dall'ammiraglio Razorbeard. Prima dell'invasione, i Robo-Pirates hanno distrutto oltre cento pianeti nella galassia, con l'intenzione di schiavizzare i loro abitanti. Durante l'invasione della Radura dei Sogni, i Robo-Pirati furono combattuti contro Rayman, Globox e altri alleati. Dopo alcune battaglie, la cattura di Rayman avviene dopo l'esplosione del Nucleo Primordiale. Ly the Fairy comunica telepaticamente con Rayman spiegando le conseguenze del danno, con il nucleo che si frantuma in 1000 Yellow Lum e la cattura di molti combattenti. Anche i poteri di Rayman vengono persi a causa di ciò e si ritrova catturato dai Robo-Pirates all'inizio del gioco.
Rayman Brain Games (USA)	Progettato da educatori, Rayman Brain Games per PlayStation incorpora attività di apprendimento in un gioco di avventura con protagonista il famoso personaggio Rayman. Basato su programmi standard, il titolo introduce abilità matematiche, riconoscimento numerico e valore di posizione, fonetica, ortografia e lettura come parte di un gioco multi-livello simile al gioco originale Sonic The Hedgehog. I giocatori porteranno Rayman attraverso 12 giochi di avventura, ciascuno con cinque livelli, alla ricerca del Libro magico della conoscenza del mago rubato da Mister Dark. Dopo aver completato con successo un'attività, viene assegnato un pezzo di pergamena, che per intero rivela la posizione del nascondiglio di Mister Dark.
Rayman Junior (Europe) (Fr,De,Es,It)	Rayman Junior (noto anche come Rayman Brain Games negli Stati Uniti) è un videogioco educativo basato su Rayman progettato per insegnare ai bambini dai 6 agli 8 anni le basi della matematica e dell'alfabetizzazione. È noto che molte varianti del gioco sono state rilasciate su MS-DOS a partire dal 1996, con la versione PlayStation di Sony rilasciata nel 2000. Il gameplay di Rayman Junior è in qualche modo semplificato, soprattutto per i giocatori più giovani. Il numero di livelli nel gioco è stato ridotto a dodici, due per mondo, e ciascuno copre un argomento educativo, come la fonetica, l'addizione e la sottrazione, il riconoscimento dei numeri, ecc. Le domande poste presentano tre difficoltà, che possono essere selezionate (o meno) a seconda della versione.
Rayman Junior - Level 1 (Europe) (En,Fr,De,Es,It)	Progettato da educatori, Rayman Brain Games per PlayStation incorpora attività di apprendimento in un gioco di avventura con protagonista il famoso personaggio Rayman. Basato su programmi standard, il titolo introduce abilità matematiche, riconoscimento numerico e valore di posizione, fonetica, ortografia e lettura come parte di un gioco multi-livello simile al gioco originale Sonic The Hedgehog. I giocatori porteranno Rayman attraverso 12 giochi di avventura, ciascuno con cinque livelli, alla ricerca del Libro magico della conoscenza del mago rubato da Mister Dark. Dopo aver completato con successo un'attività, viene assegnato un pezzo di pergamena, che per intero rivela la posizione del nascondiglio di Mister Dark.
Rayman Junior - Level 2 (Europe) (En,Fr,De,Es,It)	Rayman Junior (noto anche come Rayman Brain Games negli Stati Uniti) è un videogioco educativo basato su Rayman progettato per insegnare ai bambini di età compresa tra 6-8 anni le basi della matematica e dell'alfabetizzazione. È noto che molte varianti del gioco sono state rilasciate per MS-DOS a partire dal 1996, con la versione per Sony PlayStation rilasciata nel 2000. TRACCIARE:nnLa felicità abbonda nel mondo di Rayman. Il sole splende luminoso, le piante sono verdi e l'acqua limpida del fiume ribolle e canta allegramente mentre scorre. Nel profondo della foresta, il cottage del mago è tranquillo e riparato. Lì, lui e Betilla la Fata trascorrono del tempo godendosi il loro mondo idilliaco e proteggendo il Libro magico della conoscenza del Mago. Il Mago, una persona molto erudita e filosofica, ha messo tutti i segreti della saggezza e della conoscenza in questo libro; i segreti che rendono il mondo felice e bello.
Rayman Junior - Level 3 (Europe) (En,Fr,Es,It)	Rayman Junior (noto anche come Rayman Brain Games negli Stati Uniti) è un videogioco educativo basato su Rayman progettato per insegnare ai bambini di età compresa tra 6-8 anni le basi della matematica e dell'alfabetizzazione. È noto che molte varianti del gioco sono state rilasciate per MS-DOS a partire dal 1996, con la versione per Sony PlayStation rilasciata nel 2000.
Rayman Rush (USA)	Rayman Rush è un gioco di corse basato sui personaggi simile ad altri titoli di corse a piedi come Micro Maniacs o Mad Dash Racing per Xbox. Una selezione di sette personaggi giocabili dell'universo Rayman corre verso il traguardo, superando gli ostacoli e raccogliendo power-up lungo il percorso. Rayman Rush è un gioco di corse a piedi sviluppato e pubblicato da Ubisoft, basato sull'universo Rayman. In molti modi, è come la metà di un port di Rayman Arena, con conversioni degli stessi circuiti di gara, lo stesso film introduttivo e anche canzoni a tema dei personaggi (tuttavia, mancano le battaglie di M, e l'elenco dei personaggi è diverso) . È un gioco per 1-2 giocatori e ogni razza ha 2 personaggi in esecuzione (1 in alcune modalità di gioco). Il gioco è stato rilasciato 4 mesi dopo Rayman M / Arena. Le gare si svolgono su 12 piste in quattro mondi e ci sono cinque modalità di gioco principali: Allenamento, Campionato, Sfida a tempo, Lum e Obiettivo. Alcune delle modalità di gioco in Rayman Rush riguardano gare più combattive, al contrario delle corse dirette. Il successo consente ai giocatori di sbloccare nuovi personaggi e modalità di gioco. Due giocatori di Rayman Rush possono gareggiare testa a testa, in stile schermo diviso.
Re-Volt (USA)	L'azienda Toy-Volt produce da anni giocattoli e giochi per bambini in tutto il mondo. A pochi mesi dall'introduzione dei loro primi prodotti, Toy-Volt è salito al top! Nessuno riusciva a capire esattamente cosa rendeva i giocattoli così popolari. Certo, hanno impiegato i migliori designer e marketer del mondo, ma c'era qualcos'altro nei giocattoli Toy-Volt, qualcosa di quasi ... magico. Ora, le loro nuove auto R / C iniziano davvero a vivere! Re-Volt è un gioco di corse in cui prendi il controllo di una delle oltre 28 auto R / C e guidi su una delle 13 piste. Le piste sono varie e includono un negozio di giocattoli, un supermercato, una nave di lusso e altro ancora. È possibile riprodurre una varietà &quot;invertita&quot; (all'indietro) o &quot;speculare&quot; (invertita a sinistra ea destra) di ogni traccia.
Ready 2 Rumble Boxing (USA)	Ready 2 Rumble è un picchiaduro di boxe in stile cartone animato con un sacco di personaggi dall'aspetto strano tra cui scegliere e sconfiggere a morte. Puoi addestrare il tuo personaggio al meglio delle sue capacità e poi combattere i migliori al mondo per la cintura del campionato.
Ready 2 Rumble Boxing - Round 2 (USA)	Il gameplay del gioco è simile a quello del gioco precedente. Più colpi potenti il ​​giocatore piazza consecutivamente, più lettere che compongono &quot;RUMBLE&quot; appaiono sotto il lato dello schermo del giocatore. Le lettere appaiono anche quando il combattente provoca il suo avversario. Una volta formata la parola, possono essere attivati ​​potenti attacchi combo che quasi sicuramente stenderanno l'avversario. Questa volta, tuttavia, ci sono tre livelli di &quot;RUMBLE&quot;, che si sviluppano uno dopo l'altro. Se il giocatore piazza con successo una combo con il suo RUMBLE Meter pieno al terzo livello (dove le lettere iniziano a fumare), il colpo finale può lanciare l'avversario fuori dal ring, dando al giocatore una vittoria immediata.
Real Robot Sensen (Japan)	Super Robot Wars, o Super Robot Taisen, abbreviato in SRW) è una serie di videogiochi di ruolo tattici. Real Robots Final Attack è stato realizzato da Sunrise nel 1999. Lo stile di gioco è una miscela tra Super Robot Wars e Mashoukushin (Lord of Elementals) della SFC.
Reel Fishing II (USA)	I giocatori possono iniziare il gioco in modalità Libera e scegliere tra tre diversi punti di pesca. La maggior parte dell'azione viene vissuta nella modalità Stagione, in cui sei sfidato a mantenere la tua carriera di pescatore. Dalla schermata del menu dell'Aqua Lodge, potrai viaggiare tra tre stanze diverse: la tua scrivania, la stanza dell'acquario e l'angolo delle scorte. Alla tua scrivania, puoi leggere la rivista &quot;Fish Find&quot; per ulteriori informazioni su come catturare i pesci, oppure puoi cercare nel tuo organizer per esche e mosche (vuoto all'inizio del gioco).
Refrain Love - Anata ni Aitai (Japan)	In Refrain Love - Anata Ni Aitai il giocatore interpreta uno studente universitario che vive proprio vicino al campus. È estate e penso che andrai in America per Natale, ma ti piacerebbe trovare una donna prima di allora. I tuoi tre amici saranno Kousuke l'atleta, Tetsuya il DJ e Taizo il... nerd.
Rescue 24 Hours (Japan)	In Rescue 24 Hours il giocatore è a capo di una futuristica squadra di soccorso che deve rispondere a ogni chiamata di soccorso inviata dalla sua squadra in ufficio e arrivare sul posto in un tempo limite alla guida del suo camion, per salvare le persone (da incidenti stradali o altri tipi di incidenti). Il gioco presenta diverse missioni in orari diversi con grafica 3D e prospettiva in prima persona.
Resident Evil (USA)	Stai morendo di paura Affronta il pericolo! Una serie di attacchi sanguinosi nei dintorni di uno sperduto laboratorio biotecnico hanno fatto iniziare un'investigazione all'unità S.T.A.R.S. (Squadra tattiche speciali e salvataggio). Al loro arrivo, il contatto con la squadra Bravo viene interrotto. Ora tocca alla tua squadra. Arrivi all'edificio isolato poco armato e in fretta e furia. Per sopravvivere dovrai armarti con ogni cosa che troverai: coltelli, pistole, fucili, lanciafiamme e cerca dei proiettili nascosti per sopravvivere! Ci sono degli enigmi da risolvere, trappole da disattivare e misteri da scoprire mentre cerchi di evitare un bagno di sangue con i mostri che popolano l'edificio. Ogni orrore a cui sopravvivrai, ti avvicinerà alla fonte del Resident Evil...
Resident Evil - Director's Cut (USA)	Dopo aver ricevuto una chiamata di soccorso dal Bravo Team, un gruppo d'élite di S.T.A.R.S (Special Tactics And Rescue Squad) è volato nella desolata Raccoon City. Apparentemente, il team aveva scoperto qualcosa riguardante la società Umbrella, una società di ricerca biotecnologica. Ma poi, senza preavviso, il Bravo Team è svanito nel nulla. Dopo lo sbarco nella piccola città, i membri di S.T.A.R.S iniziarono a indagare. Hanno sentito degli strani rumori provenire dai boschi circostanti e si sono resi conto che i suoni si stavano avvicinando. Spaventati, si misero a correre e continuarono finché non arrivarono a una grande e minacciosa villa. In cerca di sicurezza entrarono, chiudendo la porta dietro di loro. La loro avventura era appena iniziata.
Resident Evil - Director's Cut - Dual Shock Ver. (USA)	Dopo aver ricevuto una chiamata di soccorso dal Bravo Team, un gruppo d'élite di S.T.A.R.S (Special Tactics And Rescue Squad) è volato nella desolata Raccoon City. Apparentemente, il team aveva scoperto qualcosa riguardante la società Umbrella, una società di ricerca biotecnologica. Ma poi, senza preavviso, il Bravo Team è svanito nel nulla. Dopo lo sbarco nella piccola città, i membri di S.T.A.R.S iniziarono a indagare. Hanno sentito degli strani rumori provenire dai boschi circostanti e si sono resi conto che i suoni si stavano avvicinando. Spaventati, si misero a correre e continuarono finché non arrivarono a una grande e minacciosa villa. In cerca di sicurezza entrarono, chiudendo la porta dietro di loro. La loro avventura era appena iniziata.
Resident Evil - Survivor (USA)	Anche quando sei morto, non puoi riposare in pace quando risiedi a Racoon City, la città americana del Midwest colpita dal mortale T-Virus. Sei un giovane pilota che è riuscito a scappare dall'abitacolo del suo elicottero, ma ha perso la memoria nell'incidente. Armato di una sola arma, dovrai farti strada nel mondo di Racoon City. Sin dal primo Resident Evil su Playstation, questa classica serie di giochi di avventura e horror è stata tanto divertente da giocare quanto da guardare. Ora Eidos lancia Resident Evil: Survivor, che rompe con il noto gameplay in terza persona e avvolge il giocatore in una prospettiva in prima persona nello stile di Quake, un'esperienza che riflette elementi di The House of The Dead 2. Il cambiamento nel gameplay lo rende un approccio piacevole e rinfrescante. Survivor, preservando la storia e l'orrore, pone una nuova sfida. È facile giocare con i controlli standard, sebbene possa anche essere giocato con la pistola leggera G-Con 45 per aggiungere elementi di divertimento.
Resident Evil 2 (USA) (Disc 1)	Resident Evil 2 è ambientato due mesi dopo gli eventi del primo gioco ed è ambientato a Raccoon City, una comunità montana del Midwest i cui residenti sono stati trasformati in zombi dal T-virus, un'arma biologica sviluppata dalla società farmaceutica Umbrella. Nella loro fuga dalla città, i due protagonisti Leon S. Kennedy e Claire Redfield incontrano altri sopravvissuti e si confrontano con William Birkin, il creatore mutato dell'ancor più potente G-virus. In precedenza confinato in una vecchia villa, l'eredità di mutazioni fatali della società Umbrella si è riversata nella vicina Raccoon City. La città un tempo pacifica è ora invasa da zombi e da ogni sorta di mutazioni genetiche. La nuova recluta della polizia Leon Kennedy e Claire Redfield; la sorella dell'agente STARS Chris Redfield, si trova nel mezzo di un esperimento andato orribilmente storto.
Resident Evil 2 - Dual Shock Ver. (USA) (Disc 1)	Resident Evil 2 è ambientato due mesi dopo gli eventi del primo gioco ed è ambientato a Raccoon City, una comunità montana del Midwest i cui residenti sono stati trasformati in zombi dal T-virus, un'arma biologica sviluppata dalla società farmaceutica Umbrella. Nella loro fuga dalla città, i due protagonisti Leon S. Kennedy e Claire Redfield incontrano altri sopravvissuti e si confrontano con William Birkin, il creatore mutato dell'ancor più potente G-virus. In precedenza confinato in una vecchia villa, l'eredità di mutazioni fatali della società Umbrella si è riversata nella vicina Raccoon City. La città un tempo pacifica è ora invasa da zombi e da ogni sorta di mutazioni genetiche. La nuova recluta della polizia Leon Kennedy e Claire Redfield; la sorella dell'agente STARS Chris Redfield, si trova nel mezzo di un esperimento andato orribilmente storto.
Resident Evil 3 - Nemesis (USA, Canada)	Resident Evil 3: Nemesis conosciuto in Giappone come Biohazard 3: Last Escape è un videogioco d'azione-avventura in stile survival horror sviluppato e distribuito da Capcom La storia è divisa in due metà; il primo si svolge durante le prime ore dello scoppio del virus T a Raccoon City, 24 ore prima degli eventi che si sono verificati in Resident Evil 2 e l'ultimo si svolge due giorni dopo quegli eventi. La protagonista Jill Valentine, sopravvissuta al disastro virale della villa Spencer dal primo episodio, deve fuggire dalla città prima che il governo degli Stati Uniti decida di debellarla insieme alla sua popolazione infetta per mezzo di un missile nucleare, ma cosa non si sa è che la Umbrella corporation ha creato un'arma biologica appositamente programmata per eliminare tutti i membri rimanenti di STARS
Return to Zork (Japan) (Disc 1)	Secondo la leggenda, il Grande Impero Sotterraneo di Zork è stato distrutto e tutte le forze del male si sono disperse. Ma la IT&L Corporation sostiene di aver scoperto gli oscuri e mitici sentieri sotto la &quot;Valley of the Sparrows&quot;. Da questa scoperta gli incubi sono ricominciati, le persone sono scomparse, gli edifici sono svaniti, e tu, il viaggiatore, devi salvare l'impero sotterraneo da queste forze maligne.
Ridge Racer (USA)	Ridge Racer è un gioco di corse arcade che pone maggiormente l'accento sulla velocità e sul divertimento rispetto alla simulazione di guida realistica. Scegli tra 4 auto fantasy (più altre 9 da sbloccare) e gareggia su una serie di piste altrettanto fantastiche contro un numero di avversari, il tutto mentre corri il tempo rimanente sul cronometro.
Ridge Racer - High Spec Ver. & Namco Catalogue '98 (Japan, Asia)	Ridge Racer è un gioco di corse arcade che pone maggiormente l'accento sulla velocità e sul divertimento rispetto alla simulazione di guida realistica. Scegli tra 4 auto fantasy (più altre 9 da sbloccare) e gareggia su una serie di piste altrettanto fantastiche contro un numero di avversari, il tutto mentre corri il tempo rimanente sul cronometro.
Ridge Racer Bonus Turbo Mode Disc (USA)	Superando RIDGE e RAGE RACER, il controllo ad alta velocità e le dinamiche avanzate accekerano l'entusiasmo di una vittoria di prima classe. -Modalità Grand Prix approfondita -Incredibile azione per due giocatori -40+ modelli di auto unici con oltre 300 variazioni -Grafica iper evoluta per la suprema esperienza di corsa
Ridge Racer Hi-Spec Demo (Europe)	Superando RIDGE e RAGE RACER, il controllo ad alta velocità e le dinamiche avanzate accekerano l'entusiasmo di una vittoria di prima classe. -Modalità Grand Prix approfondita -Incredibile azione per due giocatori -40+ modelli di auto unici con oltre 300 variazioni -Grafica iper evoluta per la suprema esperienza di corsa
Ridge Racer Revolution (USA)	Tutte le piste e le auto sono nuove di zecca! Senti la velocità vertiginosa e sperimenta un realismo strabiliante. Gioca contro un amico nel gioco di corse con il numero di ottani più alto di sempre.
Ridge Racer Type 4 (Europe) (En,Fr,De,Es,It)	Superando RIDGE e RAGE RACER, il controllo ad alta velocità e le dinamiche avanzate accekerano l'entusiasmo di una vittoria di prima classe. -Modalità Grand Prix approfondita -Incredibile azione per due giocatori -40+ modelli di auto unici con oltre 300 variazioni -Grafica iper evoluta per la suprema esperienza di corsa
Ridge Racer Type 4 Collectors Demo (Europe, Australia)	Superando RIDGE e RAGE RACER, il controllo ad alta velocità e le dinamiche avanzate accekerano l'entusiasmo di una vittoria di prima classe. -Modalità Grand Prix approfondita -Incredibile azione per due giocatori -40+ modelli di auto unici con oltre 300 variazioni -Grafica iper evoluta per la suprema esperienza di corsa
Rittai Ninja Katsugeki - Tenchu (Japan)	Attraversa il Giappone dei tempi feudali controllando uno dei due ninja del clan Azuma: Rikimaru e Ayame. Usa tecniche di infiltrazione, scala muri e corri sui tetti. Tutto va bene in un mondo in cui non devi essere visto né puoi lasciare traccia. Completa 10 missioni in diversi scenari per adempiere ai contratti del tuo signore Lord Gohda.
Rittai Ninja Katsugeki - Tenchu - Shinobi Gaisen (Japan) (En,Ja,Fr,It)	Tenchu: Stealth Assassins è un gioco stealth sviluppato da Acquire e pubblicato da Sony Music Entertainment inc. in Giappone e Activision in Nord America ed Europa per PlayStation nel 1998. Tenchu è noto per il suo gameplay furtivo e le inquietanti ambientazioni del Giappone feudale. È stato uno dei primi giochi ninja a incorporare la furtività, un aspetto cruciale del ninjutsu. Tuttavia, oltre a presentare le arti marziali tradizionali nelle battaglie, il gioco incorpora elementi di fantasia e mitologia giapponese. Il gioco ha anche utilizzato il motion capture in cui l'attore / artista marziale Sho Kosugi e suo figlio Kane sono stati assunti come attori per le mosse di combattimento del gioco.
Rittai Ninja Katsugeki - Tenchu - Shinobi Hyakusen (Japan)	Tenchu: Stealth Assassins è un gioco stealth sviluppato da Acquire e pubblicato da Sony Music Entertainment inc. in Giappone e Activision in Nord America ed Europa per PlayStation nel 1998. Tenchu è noto per il suo gameplay furtivo e le inquietanti ambientazioni del Giappone feudale. È stato uno dei primi giochi ninja a incorporare la furtività, un aspetto cruciale del ninjutsu. Tuttavia, oltre a presentare le arti marziali tradizionali nelle battaglie, il gioco incorpora elementi di fantasia e mitologia giapponese. Il gioco ha anche utilizzato il motion capture in cui l'attore / artista marziale Sho Kosugi e suo figlio Kane sono stati assunti come attori per le mosse di combattimento del gioco.
Rittai Ninja Katsugeki - Tenchu 2 (Japan)	Prima degli eventi di Tenchu, la Casa di Gohda è scossa dal tradimento. Come guerrieri ombra Rikimaru, Ayame e Tatsumaru, sei chiamato a riportare l'orgoglio al nome del tuo maestro. Perché sei nato per una vita d'onore ... una vita di furtività. Scopri ancora più modi per uccidere i tuoi nemici con 21 nuove tecniche di uccisione furtiva. Vesti i panni di tre assassini ninja, ognuno con la propria storia e le proprie tecniche di combattimento. Colpisci dall'ombra in 29 nuove missioni stealth diurne e notturne. Utilizza una varietà di nuove armi e oggetti ninja, come frecce infuocate e invisibilità.
Rival Schools + Resident Evil 2 + Bloody Roar + Street Fighter EX Plus Alpha + Mr Domino + Victory Boxing 2 (France)	Gli studenti delle scuole superiori sono misteriosamente scomparsi da diverse scuole della città. La polizia non ha risposte, le famiglie sono disperate. Diversi studenti e insegnanti decidono di indagare per trovare il responsabile di questa sinistra vicenda. La versione europea ha due dischi: la versione Arcade, la prima uscita in Giappone, e una cosiddetta versione Evolution che porta la sua parte di nuove funzionalità, tra cui due personaggi e diverse modalità di gioco originali.
Rival Schools - United by Fate (USA) (Disc 1) (Arcade Disc)	Gli studenti delle scuole superiori sono misteriosamente scomparsi da diverse scuole della città. La polizia non ha risposte, le famiglie sono disperate. Diversi studenti e insegnanti decidono di indagare per trovare il responsabile di questa sinistra vicenda. La versione europea ha due dischi: la versione Arcade, la prima uscita in Giappone, e una cosiddetta versione Evolution che porta la sua parte di nuove funzionalità, tra cui due personaggi e diverse modalità di gioco originali.
RMJ - The Mystery Hospital (Japan) (Disc 1) (What's Going On)	Nell'estate del 1999, in un ospedale avviene una grande esplosione che libera un virus mortale. L'ospedale è chiuso ed è impossibile uscire. Giocherai nei panni di Hajime che, dopo aver fatto visita al suo migliore amico, si ritrova intrappolato in ospedale con i suoi due amici, Ryou e Tomowo, e un'infermiera alle prime armi, Aya. Il gioco consiste nell'esplorare l'ospedale muovendosi. Alcune aree possono essere ingrandite per maggiori dettagli o per raccogliere un oggetto. I tuoi compagni faranno spesso commenti mentre esplori, la maggior parte dei quali può assumere la forma di una selezione di 5 frasi scelte casualmente. Il gioco coinvolge anche i tuoi 5 sensi, che puoi utilizzare nei luoghi e negli eventi chiave per progredire nel gioco.
RMJ - The Mystery Hospital - Second Attack Sample CD-ROM (Japan)	Nell'estate del 1999, in un ospedale avviene una grande esplosione che libera un virus mortale. L'ospedale è chiuso ed è impossibile uscire. Giocherai nei panni di Hajime che, dopo aver fatto visita al suo migliore amico, si ritrova intrappolato in ospedale con i suoi due amici, Ryou e Tomowo, e un'infermiera alle prime armi, Aya. Il gioco consiste nell'esplorare l'ospedale muovendosi. Alcune aree possono essere ingrandite per maggiori dettagli o per raccogliere un oggetto. I tuoi compagni faranno spesso commenti mentre esplori, la maggior parte dei quali può assumere la forma di una selezione di 5 frasi scelte casualmente. Il gioco coinvolge anche i tuoi 5 sensi, che puoi utilizzare nei luoghi e negli eventi chiave per progredire nel gioco.
Road & Track Presents - The Need for Speed (USA)	Guida alcune delle tue auto sportive preferite su circuiti selvaggi e veloci, tra cui Dodge Viper, Lamborghini, Ferrari, Porsche, Corvette, Mazda RX7, Toyota Supra Turbo e Acura NSX. Alcuni tracciati sono strade aperte, il che significa che dovrai semplicemente volare lungo un'enorme autostrada, con i poliziotti che ti seguono all'inseguimento. Una delle opzioni del gioco ti consente di scegliere in quale momento della giornata gareggiare.
Road Rash (USA)	Road Rash è un gioco di corse in moto in cui tutte le mosse sono consentite per tagliare il traguardo. Siete in competizione con altri tredici concorrenti e avete due possibilità: o fate del vostro meglio per arrivare in cima, o usate le armi che avete per abbattere gli altri &quot;Road Rashers&quot;. Ci sono cinque tracciati tra cui scegliere, ognuno con la propria serie di forze dell'ordine, pedoni e altre auto da evitare.
Road Rash 3D (USA)	Road Rash 3-D è una versione 3D del gioco di corse motociclistiche in cui i partecipanti utilizzano tattiche violente per vincere. Il gameplay è abbastanza simile a quello dei giochi precedenti: il pilota controllato dal giocatore deve evitare le auto in arrivo e gli ostacoli sulla strada, picchiando gli avversari con tubi di metallo, piedi di porco e altri strumenti assortiti che infliggono danni. Il giocatore vince denaro al completamento della gara e alla fine può permettersi di acquistare moto migliori. I percorsi sono formati da punti di collegamento in una griglia ambientale, il che significa che il giocatore può utilizzare diversi tratti di percorsi per avanzare.
Robocod - James Pond II (Europe) (En,Fr,De,Es,It)	Nella sua seconda avventura James Pond deve recuperare i giocattoli che il dottor Forse ha rubato. Pond è stato armato con un dispositivo di allungamento in stile Inspector Gadget, che può utilizzare per visualizzare le aree più alte o artigliare i soffitti in modo da scivolare su di esse. Il gioco si svolge in mondi a tema attorno a particolari tipi di giocattoli, come articoli sportivi, caramelle e aerei. I livelli scorrono lateralmente, sebbene sia inclusa una piccola quantità di movimento verticale. Ad ogni livello Pond deve raccogliere 2 pinguini e raggiungere l'uscita, sebbene di solito ci siano più uscite e molte aree segrete da esplorare.
Rock 'Em Sock 'Em Robots Arena (USA)	In questo gioco di combattimento uno contro uno basato sui famosi robot combattenti di plastica, i giocatori non solo potranno mettere uno contro l'altro vari robot Rock 'Em Sock 'Em, ma potranno anche personalizzare le varie parti dei loro robot per renderli ancora più distruttivi e tortuosi di prima.
Rockman 8 - Metal Heroes (Japan)	La trama inizia quando l'eroe robotico Mega Man viene chiamato per indagare su una misteriosa lettura di energia da una meteora recente che ha colpito un'isola. Mega Man scopre che il suo acerrimo nemico, il dottor Wily, lo ha battuto e si è immediatamente ritirato con la fonte di energia. Mega Man ha il compito di fermare i piani malvagi del dottor Wily di usare quell'energia, oltre a scoprire lo scopo di un misterioso robot alieno trovato sul luogo dell'incidente. Insieme ai nuovi video animati in full motion e al doppiaggio vocale, Mega Man 8 offre una grafica e un suono migliorati rispetto alle puntate precedenti della serie. A parte alcuni problemi minori, il gioco utilizza la stessa formula della piattaforma grafica 2D a scorrimento laterale stabilita dai suoi predecessori su NES e SNES.
Rockman Dash 2 - Episode 1 - 'Roll-chan Kiki Ippatsu!' no Maki (Japan) (Demo)	Mega Man, Roll e tutti i tuoi preferiti sono tornati in un'avventura 3D completamente nuova! Lontano, in una landa desolata isolata, sono stati scoperti una ragazza misteriosa e un famigerato tesoro. È la leggendaria &quot;Sealed Key&quot;, che si dice possa svelare un mistero ancora più grande, noto come la Grande Eredità. Quale potere detiene la Grande Eredità? Ora, si svolge una gara mentre Mega Man e i suoi amici intraprendono un viaggio che cambierà per sempre i loro destini.
Rockman Dash 2 - Episode 2 - Ooinaru Isan (Japan)	Mega Man, Roll e tutti i tuoi preferiti sono tornati in un'avventura 3D completamente nuova! Lontano, in una landa desolata isolata, sono stati scoperti una ragazza misteriosa e un famigerato tesoro. È la leggendaria &quot;Sealed Key&quot;, che si dice possa svelare un mistero ancora più grande, noto come la Grande Eredità. Quale potere detiene la Grande Eredità? Ora, si svolge una gara mentre Mega Man e i suoi amici intraprendono un viaggio che cambierà per sempre i loro destini.
Rockman X3 (Japan)	Uno scienziato Reploid di nome Dr. Doppler inizia la creazione di una nuova città per Reploid, che porterà una nuova era di pace per i Reploidi e gli umani. Ma qualcosa va terribilmente storto e ora i Mavericks hanno iniziato a comparire ovunque! Tocca a X e Zero scoprire chi c'è dietro questa rivolta dei Maverick e sconfiggerli per sempre! Per la prima volta nella serie, i giocatori possono giocare con l'amico di X, Zero. Tuttavia, è praticamente limitato a solo un terzo di ogni livello e ha solo una vita (cioè quando perde tutta la sua energia, viene escluso dalla lotta per il resto del gioco).
Rockman X5 (Japan)	Anni dopo le Guerre Reploid, tutto sembra pacifico nel mondo. Ma la pace non era destinata a durare per sempre. Quando la colonia spaziale &quot;Eurasia&quot; viene attaccata da un virus sconosciuto, la chiamata si spegne! X e Zero vengono richiamati per aiutare a distruggere la colonia, che ora è in rotta di collisione con la Terra e si prevede che entrerà in collisione con i pianeti in sole 16 ore! Allo stesso tempo, indovina chi si presenterà di nuovo? ...Ti do un suggerimento: il suo nome è una lettera greca.nnCon tutte le nuove funzionalità come l'intelligenza artificiale Maverick avanzata, livelli più grandi e impegnativi, nuove funzionalità di gioco come abbassarsi e dondolarsi su rampicanti e corde, questa è la missione più folle che X e Zero abbiano mai visto!
Roll Away (USA)	Con la vostra palla da spiaggia Kula galleggiate attraverso 200 labirinti 3D - a miglia da terra! Raccogli tutti i tesori e trova tutte le chiavi. Questo è l'unico modo per raggiungere la libertà. Ma attenzione, in fondo non vogliono cadere nel baratro. Saltate su campi in fiamme, spuntoni appuntiti e onnipresenti furfanti che non fanno altro che rompere le scatole.
Ronaldo V-Football (Europe) (De,Es,It,Pt)	Ronaldo V-Football è l'apice delle esperienze calcistiche per PSX. Approvato dalla leggenda internazionale, Ronaldo Luis Nazario de Lima, Ronaldo V-Football porta le tradizioni calcistiche brasiliane nel resto del mondo. Con oltre 100 squadre reali da tutto il mondo, il gioco è impostato su una fantastica colonna sonora di Samba e abbellito da una grafica colorata. Guarda come te la cavi nel corso di un intero torneo nella modalità di simulazione completa o goditi la fretta di tuffarti nelle cose in modalità Arcade. In ogni caso, ti aspetta un'esperienza di calcio altamente realistica con animazione in motion capture e fisica di gioco realistica. Puoi impostare le regole e le condizioni nel modo che preferisci e avrai anche la possibilità di adattare la tua strategia allo stile del tuo avversario attingendo a un playbook completo. Gioca da solo, con un amico o gareggia contro un amico.
Rosco McQueen (Europe) (En,Fr,De,Es,It)	Nei panni di Rosco McQueen, devi salvare persone innocenti dal pazzo Sylvester T. Square, prima che lui e il suo esercito di oltre una dozzina di tipi di robot distruttivi radano al suolo l'edificio più alto del mondo. Da correnti d'aria e fiamme libere a incendi elettrici e fumo soffocante, combatterai 12 tipi di rischi di incendio. Inoltre, affronta 15 livelli di avventure infernali di robot bianchi, tutti fumanti con sezioni nascoste e percorsi segreti. Quindi, se stai cercando l'azione di piattaforma 3D più eccitante, solo un nome dovrebbe essere impresso nel tuo cervello, McQueen ... Rosco McQueen. L'eroe d'azione più figo della città.
Rosco McQueen Firefighter Extreme (USA)	Nei panni di Rosco McQueen, devi salvare persone innocenti dal pazzo Sylvester T. Square, prima che lui e il suo esercito di oltre una dozzina di tipi di robot distruttivi radano al suolo l'edificio più alto del mondo. Da correnti d'aria e fiamme libere a incendi elettrici e fumo soffocante, combatterai 12 tipi di rischi di incendio. Inoltre, affronta 15 livelli di avventure infernali di robot bianchi, tutti fumanti con sezioni nascoste e percorsi segreti. Quindi, se stai cercando l'azione di piattaforma 3D più eccitante, solo un nome dovrebbe essere impresso nel tuo cervello, McQueen ... Rosco McQueen. L'eroe d'azione più figo della città.
Ruff & Tumble (Germany)	Lotta come un ninja. Trasformati in un robot... oppure in un mostro! Combatti contro scheletri, ragni e alieni. Lotta con robot, zombie e giganteschi dinosauri... In questo gioco d'avventura 3D, il pericolo è sempre in agguato. Riuscirai a battere NiteKap, il cattivo e astuto ladro di sogni, mentre viaggi attraverso 6 mondi da incubo? Sarai abbastanza veloce da acchiappare i Wink prima di lasciarti acciuffare da qualcos'altro? Cambia personaggio - gioca nei panni di Ruff o di Tumble, sviluppa nuovi poteri e trasformati in un robot oppure in un mostro o un ninja... 6 livelli a tema - un castello spaventoso, l'immenso relitto di una nave adagiato sul fondo del mare, lo spazio cosmico, il mondo degli abissi sottomarini, poi indietro nel tempo fino al mondo preistorico in cui imperversano tirannosauri e vespe gigantesche e infine il mondo terribile dei mostri e dei fantasmi.
Running High (Japan, Asia)	Running High è un gioco di corse semplice in cui i &quot;veicoli&quot; preferiti sono i cyborg. Ciascuno dei sei piloti del gioco è dotato di arti meccanicamente migliorati e tute che migliorano le prestazioni e sfoggiano design da corsa colorati.
Rupupu Cube - Lup Salad (Japan)	Salad è una ragazzina e, ironia della sorte, considerando il suo nome, una grande fan della torta. Con una vista laterale 2D di un puzzle, l'obiettivo è quello di liberarlo dai blocchi colorati spingendoli in giro con Salad e abbinandone tre o più insieme. Qualsiasi numero di blocchi in una linea orizzontale può essere spinto contemporaneamente, tuttavia qualsiasi blocco sopra di essi rimarrà fermo e cadrà su Salad se spinge via il blocco sottostante.
Rurouni Kenshin - Meiji Kenkaku Romantan - Juuyuushi Inbou-hen (Japan)	Questo gioco è ambientato dopo le 10 Katana e la storia di Shi-Shi-O. Scegli di seguire la storia di Hijiri o Venusia mentre cercano di ricordare il loro passato.
Saban's Power Rangers - Time Force (USA)	Saban's Power Rangers Time Force porta l'incarnazione del 2001 del programma di lunga data Fox Kids su PlayStation. I giocatori vestiranno i panni di uno dei cinque Power Rangers - rosso, verde, blu, giallo e rosa - e combatteranno il male in tutto l'universo e nel tempo. Ogni Ranger ha i suoi diversi livelli di attributo in categorie come potenza, velocità e abilità nelle arti marziali. Ciascuno degli otto livelli del gioco si svolge in un periodo di tempo diverso. I giocatori dovranno domare il selvaggio West, sconfiggere i malvagi uomini delle caverne nell'età della pietra e affrontare i pirati in alto mare. La maggior parte dei livelli richiede ai giocatori di trovare oggetti sparsi per il livello prima di poter continuare a combattere il boss. E una volta sconfitto un boss per la prima volta, si trasformerà in una versione gigante, come nello show. È quindi necessario eliminare il cattivo prendendo il controllo del famoso Blue Zord dei Power Rangers.
Sabrina l'Apprentie Sorciere et l'Horloge Cosmique (France)	Sabrina ha deliziato i fan con il suo marchio benigno di malizia arcana da quando è stata presentata per la prima volta come personaggio dei fumetti di Archie alla fine degli anni '60. Questo titolo è basato direttamente sulla versione del personaggio di Sabrina: The Teenage Witch su ABC e le reti WB. La trama del gioco parla di quando Salem stava cercando di ottenere il suo file dal Consiglio delle Streghe, ha rotto un orologio per rilasciare Chaos. Ora Sabrina deve salvare la situazione mentre si traveste con abiti ridicoli e combatte i nemici fissi.
Sabrina the Teenage Witch - A Twitch in Time! (USA)	Sabrina ha deliziato i fan con il suo marchio benigno di malizia arcana da quando è stata presentata per la prima volta come personaggio dei fumetti di Archie alla fine degli anni '60. Questo titolo è basato direttamente sulla versione del personaggio di Sabrina: The Teenage Witch su ABC e le reti WB. La trama del gioco parla di quando Salem stava cercando di ottenere il suo file dal Consiglio delle Streghe, ha rotto un orologio per rilasciare Chaos. Ora Sabrina deve salvare la situazione mentre si traveste con abiti ridicoli e combatte i nemici fissi.
Sampras Extreme Tennis (Europe) (En,Fr,De,Es,It)	Benvenuto a Sampras Extreme. L'ultima simulazione di tennis con l'ultimo giocatore di tennis. La simulazione di tennis più realistica ed emozionante attende te e i tuoi amici. Gioca partite singole a tua scelta in luoghi esotici in tutto il mondo. Guarda gli stadi spettacolari, assaggia la lingua madre locale e guarda l'azione mozzafiato in 3D. Incontra i personaggi del gioco e scopri cosa fa battere un segno. Servizio mostruoso, tattiche &quot;da fondo campo&quot;, tattiche &quot;corsa a rete&quot;, dovrai affrontarle tutte. Immergiti nel Sampras Extreme World Tour e scopri quanto in alto puoi raggiungere in classifica. Dovrai adottare tu stesso tattiche estreme se ti troverai faccia a faccia con il numero uno al mondo - Pete Sampras, figuriamoci batterlo. anche allora, c'è dell'altro in arrivo...
San Francisco Rush - Extreme Racing (USA)	San Francisco Rush per PlayStation è un gioco di corse futuristico. Devi tagliare il traguardo davanti ai tuoi avversari, evitando incidenti mortali. Hai delle scorciatoie in questi circuiti vertiginosi, ma devi scoprirle. La modalità multiplayer completa consente a quattro partecipanti di affrontarsi contemporaneamente.
Sangokushi Eiketsuden (Japan)	Sangokushi Eiketsuden è stato pubblicato per la prima volta su PC all'inizio del 1995. È uno spin-off della serie strategica di Koei Sangokushi, o Romance of the Three Kingdoms, che si concentra su un singolo personaggio principale del conflitto. Il personaggio centrale è il nobile generale Liu Bei del regno di Shu del conflitto dei Tre Regni. Il gioco divide il suo tempo tra battaglie strategiche con più unità di soldati e un'?avventura? modalità in cui Liu Bei visita le città, discute argomenti con gli NPC, acquista nuove attrezzature e recluta per il suo esercito. Di solito è accompagnato dai suoi fratelli giurati Guan Yu e Zhang Fei.
Sangokushi III (Japan)	Dall'inizio del gioco, i giocatori scelgono uno dei sei scenari che determinano la disposizione iniziale del potere nell'antica Cina. Dopo aver scelto lo scenario, i giocatori determinano i signori della guerra che controllano. Ogni personaggio ha diverse statistiche: guerra, intelligenza, politica, carisma, comando dell'esercito, comando navale. Il giocatore vince la partita conquistando tutti i territori della Cina.
Saru! Get You! (Japan, Asia)	Ape Escape è un gioco platform pubblicato su Playstation. Spike è un ragazzino dispettoso che si ritrova catapultato nel passato dalla grande scimmia Spectre. Dovrai trovare tutte le scimmie scomparse nel passato e catturarle.
Seiken Densetsu - Legend of Mana (Japan, Asia)	Legend of Mana è un gioco di ruolo in cui si impersona un eroe o un'eroina nel mondo di Fa'Diel. Il gioco si basa sul cambiamento del mondo. Più si avanza nella storia, più artefatti si raccolgono, attraverso incontri più o meno amichevoli. Questi manufatti permettono di comprendere meglio il mondo di Fa'Diel. Inoltre, è possibile allevare piccoli mostri e forgiare armi per aiutarsi nella propria avventura.
Seireki 1999 - Pharaoh no Fukkatsu (Japan)	Una spedizione archeologica per portare alla luce tesori dimenticati da tempo ha rivelato una storia più oscura di quanto si pensasse possibile, molto di più. Un'antica forza del male, né di questo tempo né di questo mondo, è rimasta sepolta da quando gli egiziani camminavano sulla terra. Ora è stato riesumato. Ovviamente tu, l'eroe, devi scoprire cosa sta succedendo in Egitto. Il tuo elicottero si schianta all'interno di questa zona pericolosa e devi sopravvivere da solo. Incontra gli dei egizi e segui i loro consigli. Exhumed è uno sparatutto in prima persona ambientato con un tema egiziano. Ventuno livelli per trovare sei oggetti sacri con i quali puoi saltare più in alto, galleggiare sott'acqua, galleggiare ed eseguire altri eroi. Sconfiggi i boss e uccidi altre creature usando otto armi che vanno dalle spade alle pistole al bastone magico. Exumed per le console Playstation e Saturn è stato rilasciato come Powerslave negli Stati Uniti.
Sensible Soccer (Europe) (En,Fr,De,Es,It,Nl)	Sensible Soccer, spesso affettuosamente noto come Sensi, è una serie di videogiochi di calcio dell'associazione che era molto popolare nei primi anni '90 e che conserva ancora un seguito di culto. Sviluppato da Sensible Software e rilasciato per la prima volta per computer Amiga e Atari ST nel 1992, nonché per PC, presentava una vista a volo d'uccello ingrandita (la maggior parte dei giochi fino ad allora come Kick Off e Matchday utilizzava vista laterale), squadre nazionali, di club e personalizzate modificabili e gameplay utilizzando uno schema di controllo relativamente semplice e intuitivo. Il gioco ha raggiunto la vetta di classifiche come &quot;All Time Top 100&quot; di Amiga Power. Lo stile grafico del gioco è stato utilizzato in altri giochi di Sensible Software, come Mega Lo Mania, Cannon Fodder e Sensible Golf. Sensible Soccer è il seguito di Sensible Soccer '98. Il gioco ora include tutte le squadre di club d'Europa. Con molte nuove funzionalità che non sono mai state viste prima.
Sentimental Graffiti - Yakusoku (Japan)	Sentimental Graffiti Yakusoku è un romanzo sonoro basato sulla serie di giochi di simulazione di appuntamenti Sentimental Graffiti. Non è in realtà un gioco, è più simile a un romanzo di testo con voce fuori campo su ciò che è accaduto quando le 12 ragazze hanno incontrato per la prima volta il protagonista durante l'infanzia. C'è solo una CG per ogni ragazza e lo sfondo è solo il luogo in cui si svolge la conversazione o l'azione. Tutti i personaggi, tranne il protagonista, hanno la voce fuori campo. Ogni personaggio ha circa 30 minuti di storia.
Sexy Parodius (Japan)	&quot;Sexy Parodius&quot; è il quarto gioco della serie. Come uno dei membri del Team Parodius, devi fermare un polipo lussurioso e il suo esercito dall'accaparrarsi un enorme tesoro per i loro loschi scopi. Il gioco presenta diversi membri classici del cast di Parodius (tra cui le sexy sorelle conigliette Hikaru e Akane, Takosuke il polipo, Koitsu lo stickman), nuovi personaggi e molte scene classiche di Parodius. Inoltre, ci sono alcune sorprese &quot;extra&quot; per coloro che amano l'assurdità caratteristica della serie. Questo gioco non è mai stato rilasciato al di fuori del Giappone.
Sfida al Tetris Magico (Italy)	Sfida al Tetris Magico è un fantastico gioco rompicapo per tutta la famiglia. Con gli intricati puzzle di Tetris e il fascino magico di Topolino, Capcom ha creato un gioco che le famiglie possono divertirsi a giocare insieme. Gli elementi rompicapo possono essere impostati su facile per i principianti o i più giovani e su esperto per quei giocatori incalliti che sono mamma e papà. Non è un noioso gioco per bambini: è un rompicapo veloce, divertente e frenetico con un tocco di delicatezza.
Shadow and Shadow (Japan)	Shadow & Shadow è un gioco di avventura ambientato in Giappone nell'anno 1640. Il personaggio principale è un samurai che ha una spada con una lama con due ombre (una con un'ombra umana e un'altra dal mondo delle tenebre) che si collegano con lui con il mondo delle tenebre. Il gioco inizia quando il samurai si reca in una strana isola in cui tutti i bambini nascono gemelli, spera che in quell'isola possa trovare una cura alla propria maledizione. L'avventura inizia lì, può tornare vivo dall'isola e senza la sua cura? Il gameplay è in prima persona e durante l'esplorazione dell'isola incontrerà diversi personaggi. Avanzare nel gioco significa scegliere il modo o la risposta corretti. Ma in alcuni punti del gioco la scelta deve essere presa rapidamente o il personaggio morirà e il gioco finirà. Il gioco presenta una galleria CG sbloccabile.
Shadow Gunner - The Robot Wars (Europe) (En,Fr,De,Es,It)	Shadow Gunner: The Robot Wars è uno sparatutto in terza persona in cui controlli un robot gigante. La storia di Shadow Gunner è ambientata in un lontano futuro. L'umanità ha creato robot per proteggersi. Ma le persone cattive hanno anche creato robot nella speranza di conquistare il mondo. Spetta a te sconfiggerli in tre livelli con cinque missioni ciascuno.
Shadow Madness (USA) (Disc 1)	Qualcosa non va nella terra di Arkose: le città si distruggono da sole, i mostri attaccano cittadini innocenti, le malattie si diffondono tra la gente. Un'esplosione gigantesca ha distrutto un'intera città, solo un giovane di nome Stinger è scampato alla morte. Stinger si impegna in una missione per vendicare la distruzione della sua città natale. Durante il suo viaggio incontra la bellissima ragazza elfica Windleaf e il robot Harv-5, che lo aiutano a raggiungere il suo obiettivo finale. Anche se sembra tutto come un tipico gioco di ruolo giapponese, non lo è. Shadow Madness è stato sviluppato e prodotto negli Stati Uniti, anche se, al di là di ogni dubbio, la serie di Final Fantasy è stata la principale fonte di ispirazione qui. Le battaglie sono casuali, come in molti giochi di ruolo giapponesi, e il sistema di combattimento è quasi lo stesso dei giochi di Final Fantasy: basato su menu, con diverse scelte di sottomenu. La grafica è in 3D con personaggi poligonali in stile anime / manga (quello che alcuni chiamano &quot;deformato&quot;).
Shadow Man (USA)	Sei l'Uomo Ombra, una persona che può passare dal mondo dei morti a quello dei vivi. In Shadow Man la tua missione è impedire a 5 serial killer di portare l'armageddon totale. Nel mondo dei vivi, sei mortale e hai armi convenzionali. Quando muori, vieni trasportato nel mondo dei morti e diventi di nuovo Shadow Man. Il che significa che non sei davvero mortale. Nel mondo dei morti non puoi usare armi normali, la tua pistola spara ai fantasmi che uccidono gli zombi e le altre brutte creature che vivono lì. Hai anche diversi poteri e armi vudù. E stai portando in giro un grande inventario.
Shadow Man - Rette deine Seele (Germany)	Sei l'Uomo Ombra, una persona che può passare dal mondo dei morti a quello dei vivi. In Shadow Man la tua missione è impedire a 5 serial killer di portare l'armageddon totale. Nel mondo dei vivi, sei mortale e hai armi convenzionali. Quando muori, vieni trasportato nel mondo dei morti e diventi di nuovo Shadow Man. Il che significa che non sei davvero mortale. Nel mondo dei morti non puoi usare armi normali, la tua pistola spara ai fantasmi che uccidono gli zombi e le altre brutte creature che vivono lì. Hai anche diversi poteri e armi vudù. E stai portando in giro un grande inventario.
Shadow Master (USA)	Le navi commerciali non hanno raggiunto il tuo pianeta di recente. Si teme che le navi che attraversano un'area esterna vengano coinvolte in una guerra tra due lontane razze aliene. Nel tentativo di comunicare con l'equipaggio di queste navi, il tuo mondo ha scoperto che le comunicazioni in tutto il sistema solare sono diventate silenziose. Storie recenti hanno raccontato di un'ombra nera come la morte che avvolge i sistemi. Ora quell'ombra, lo Shadow Master, sta arrivando per reclamare il tuo mondo. Affinché Shadow Master abbia potere, distrugge qualsiasi cosa organica. La tua missione è prendere il controllo di un veicolo spaziale e completare 16 livelli ambientati in sette mondi diversi.
Shadow Tower (USA)	L'ombra scura della corona con un occhio solo regnava sulla terra santa di Zepter. La torre sigillata, un tempo orgogliosa che protegge la corona e il Re Demone, sta per scomparire nella terra, portando con sé ciò che resta della città. La tua ricerca ti porta sotto la torre, dove devi cercare e distruggere il malvagio re e recuperare la sua potente corona. Rimani forte e sincero, perché ci sono legioni di demoni intenti a violentare la tua anima e lasciare i resti. Il male è in agguato ovunque ...
Sheep (USA)	Sheep è una combinazione di strategia e puzzle game, con elementi leggeri di simulazioni di guerra o di battaglia, costruito attorno a una storia stravagante in cui esploratori alieni spaziali di millenni fa si trasformano in pecore domestiche sulla Terra. Ora i loro antenati stanno cercando di radunarli arruolando segretamente l'aiuto di due umani (Bo Peep e Adam Half Pint) e due animali (un cane da pastore e un animale domestico) attraverso il controllo mentale subliminale. I giocatori assumono il ruolo dei &quot;pastori&quot; terrestri per guidare gli stormi attraverso sei mondi con più livelli, raggiungendo infine uno speciale punto di incontro dove verranno caricati sugli UFO per il viaggio di ritorno al loro mondo natale di Ovis Aries. Nessun controllo diretto viene esercitato sulle pecore, quindi i giocatori devono manipolare oggetti e ostacoli, oltre a fare affidamento sui punti di forza di ogni pastore, per portare a termine i compiti. I livelli hanno limiti di tempo e un numero minimo di pecore da salvare da ogni gregge.
Sheep, Dog 'n' Wolf (Europe) (En,Fr,De,Es,It,Nl)	Buon camuffamento, tattiche intelligenti e tanto divertimento. Sei pronto per l'ultima prova di forza? Non fare la pecora, rubane una. Sam il cane da pastore contro Ralph il lupo avido che pensa solo al prossimo pasto. Gioca a Ralph in un mondo pazzo con un gameplay unico. Usa più di 30 strumenti diversi per inserire il maggior numero di alberi possibile. Esplora 18 mondi diversi e completamente interattivi.
Sheep, Dog 'n' Wolf - Interactive Demo (Europe) (En,Fr,De,Es,It,Nl)	Buon camuffamento, tattiche intelligenti e tanto divertimento. Sei pronto per l'ultima prova di forza? Non fare la pecora, rubane una. Sam il cane da pastore contro Ralph il lupo avido che pensa solo al prossimo pasto. Gioca a Ralph in un mondo pazzo con un gameplay unico. Usa più di 30 strumenti diversi per inserire il maggior numero di alberi possibile. Esplora 18 mondi diversi e completamente interattivi.
Shin Theme Park (Japan)	Theme Park è un gioco di simulazione di costruzione e gestione progettato da Bullfrog Productions e originariamente pubblicato nel 1994, in cui il giocatore progetta e gestisce un parco di divertimenti. Come la maggior parte dei giochi di Bullfrog, Theme Park è permeato da un eccentrico senso dell'umorismo. Theme Hospital è il successore tematico del gioco di Bullfrog, mentre la serie Roller Coaster Tycoon di Chris Sawyer ha evoluto il concetto per offrire una selezione di giostre molto più realistica.
Shipwreckers! (USA)	Overboard! (Shipwreckers! in North America) è un gioco di avventura top-down, pubblicato da Psygnosis nell'ottobre 1997. Il giocatore controlla una nave pirata, che nei filmati mostra essere presidiata da tre pirati. Nel gioco, quando la nave prende fuoco, gli uomini saltano fuori bordo finché la barra di salvataggio non si svuota.
Shiritsu Justice Gakuen - Legion of Heroes (Japan) (Disc 1) (Evolution Disc)	Gli studenti delle scuole superiori sono misteriosamente scomparsi da diverse scuole della città. La polizia non ha risposte, le famiglie sono disperate. Diversi studenti e insegnanti decidono di indagare per trovare il responsabile di questa sinistra vicenda. La versione europea ha due dischi: la versione Arcade, la prima uscita in Giappone, e una cosiddetta versione Evolution che porta la sua parte di nuove funzionalità, tra cui due personaggi e diverse modalità di gioco originali.
Sid Meier's Civilization - Shin Sekai Shichidai Bunmei (Japan)	Civilization è un gioco di strategia a turni. Il gioco inizia nel 4000 a.C. Il giocatore interpreta il ruolo di leader di una civiltà, che inizia con una singola unità di colonizzazione e un guerriero, e cerca di costruire un impero in competizione con una o undici altre civiltà. Il gioco richiede una discreta quantità di micromanagement. Oltre ai compiti più ampi di esplorazione, guerra e diplomazia, il giocatore deve decidere dove costruire nuove città, quali potenziamenti o unità costruire in ogni città, quali progressi di conoscenza ricercare e come trasformare il territorio che circonda le città per ottenere il massimo beneficio. Di tanto in tanto, le città del giocatore possono essere infastidite dai barbari, unità senza nazionalità specifica e senza leader nominati. Queste minacce provengono solo da terre o mari non ancora scoperti.
Silent Hill (USA)	Silent Hill è un videogioco survival horror del 1999 per PlayStation. Il primo di una serie su una misteriosa città con lo stesso nome, Silent Hill ha generato un sequel diretto, tre sequel indiretti, un prequel e un adattamento cinematografico. Il gioco è stato incluso nei titoli economici di Sony Greatest Hits e Platinum Range come risultato delle forti vendite. Una reinterpretazione del gioco è stata sviluppata per Wii, PlayStation 2 e PlayStation Portable. La trama si concentra su Harry Mason mentre cerca sua figlia, Cheryl, che è scomparsa in seguito a un incidente d'auto che ha lasciato Harry privo di sensi. Scopre che Silent Hill è in gran parte abbandonato, avvolto da una fitta nebbia, nevica fuori stagione, pieno di mostri e preso da un infernale ultraterreno. Mentre esplora la città, Harry inizia a conoscere la storia di Silent Hill e si imbatte in un rituale di culto intrapreso per portare un dio sulla Terra.
Silent Moebius - Case - Titanic (Japan)	Nel 1999, la Gilda dei Maghi stava per aprire un portale verso la dimensione Nemesis, al fine di ringiovanire l'atmosfera inquinata della Terra. Uno dei maghi utilizzò il portale a proprio vantaggio, liberando sulla Terra creature ostili, i Falchi di Lucifero. 24 anni dopo, fu formata un'unità speciale per combattere il nemico. Una strana nave è apparsa tra le nuvole sopra Tokyo. La nave sembra essere identica al famoso Titanic, affondato nel 1912. Il protagonista sale a bordo della nave con Rally, Kiddy, Nami e altre eroine del manga per indagare su questo fenomeno apparentemente inspiegabile. Questo gioco d'avventura giapponese si svolge interamente sul Titanic. Il giocatore è generalmente libero di visitare le varie aree della nave in qualsiasi ordine, anche se l'accesso ad alcune aree è limitato e per accedervi è necessario attivare degli eventi.
Silent Moebius - Gen'ei no Datenshi (Japan)	Silent Möbius: Genei no Datenshi è un gioco di avventura grafica / RPG basato sul manga Silent Möbius. La trama racconta la lotta dei protagonisti contro creature malvagie, i Falchi di Lucifero. I giocatori controllano una squadra composta da tre dei protagonisti dell'anime: Katsumi Liqueur, Kiddy Phenil e Nami Yamigumo. Al di fuori dei combattimenti, i giocatori esplorano ambienti 3D in stile avventura grafica utilizzando un cursore, che possono usare per muovere i personaggi o interagire con oggetti e personaggi. L'esplorazione è interrotta da combattimenti a turni, in cui i giocatori controllano l'intero gruppo e utilizzano le abilità uniche di ogni personaggio. A differenza della maggior parte dei giochi di ruolo, qui sono le armi dei giocatori a guadagnare esperienza e ad aumentare di potenza con l'uso. Ogni personaggio ha diverse armi.
Simple 1500 Series Vol. 104 - The Pink Panther - Pinkadelic Pursuit (Japan)	Mentre stava pescando annoiato una domenica pomeriggio, la pantera rosa viene spedita nello spazio profondo su un razzo. Questo platformer a scorrimento orizzontale si presenta in uno stile grafico dedito a somigliare al amato stile usato dagli artisti della &quot;United Artist&quot;. Il giocatore controlla la Pantera Rosa, attraversa una varietà di ambientazioni pericolose. Dovrà usare i suoi classici strumenti per affrontare i vari livelli, come L'età della pietra, il nascondiglio dei gangster e il castello di Dracula. Molti oggetti e gadget possono essere trovati per arrivare alla fine del livello. Dovrai usare, lanterne, quadri, estintori, magneti e pure palle da bowling. Travestiti e nasconditi nello sfondo, disinnesca trappole e affronta i nemici.
Simple 1500 Series Vol. 26 - The Tennis (Japan)	Questa versione semplice e senza fronzoli del 2001 di A1 e Agetec porta l'azione tennistica di base sulla robusta console PlayStation. Il titolo è progettato concentrandosi su un gameplay divertente rispetto a una grafica fantasiosa o sponsorizzazioni di celebrità. Scegli tra 16 personaggi diversi, ognuno con le proprie mosse e abilità distintive! 1-4 giocatori giocano in singolo o doppio. Modalità libera e torneo.
Simple 1500 Series Vol. 30 - The Basket - 1 on 1 Plus (Japan)	L'1 contro 1 è, come suggerisce il nome, una partita di basket 1 contro 1 giocata a metà campo con un solo canestro. La partita si svolge su due turni o fino a quando uno dei contendenti non raggiunge 11 punti. I giocatori si alternano in attacco e in difesa. Se il giocatore in difesa ruba con successo la palla al giocatore in attacco, si scambiano le posizioni. Il gioco stesso è completamente in 3D, ma i controlli sono più simili a un gioco 2D senza &quot;profondità&quot; nel movimento. C'è una selezione di 8 diversi personaggi tra cui scegliere, ognuno con le proprie abilità speciali e un aspetto distinto. Le modalità di gioco includono una modalità versus (contro un giocatore computerizzato o un giocatore umano) e una sezione di minigiochi con vari minigiochi relativi al basket.
Simple 1500 Series Vol. 54 - The Volleyball - Break Volley Plus (Japan)	Break Volley è un gioco di pallavolo indoor con grafica a fumetti. Il gioco presenta squadre maschili e femminili e 12 squadre nazionali. Il gioco supporta fino a quattro giocatori contemporaneamente. Modalità di gioco: - Modalità mostra (l'unica in cui puoi giocare con 2 giocatori in modalità cooperativa) - Modalità Modifica: crea i tuoi giocatori e le tue squadre (puoi personalizzarli) - Modalità allenamento: dopo la modifica è possibile utilizzare questa opzione. - Torneo (competi contro altre squadre)
Simple 1500 Series Vol. 72 - The Beach Volley (Japan)	Simple 1500 Series Vol.072 - Il Beach Volley è un gioco di beach volley che prevede fino a 4 giocatori per giocare contemporaneamente. Il gioco presenta queste modalità di gioco: - Mostra - Torneo - Lega - Formazione
Simple 1500 Series Vol. 74 - The Horror Mystery - Sangeki-kan - Kevin Hakushaku no Fukkatsu (Japan)	Simple 1500 Series vol.074 The Horror Mystery The Sangeki Yakata Cabin Hakushaku no Fukkatsu è un gioco di avventura in cui il giocatore controlla un personaggio che arriva in una piccola città e lì incontrerà diversi tipi di persone ma presto scoprirà che quel piccolo la città ha alcuni segreti nascosti, alcuni di loro sono mortalmente pericolosi.
Simple 1500 Series Vol. 75 - The Double Shooting - RayStorm x RayCrisis (Japan)	Compilazione di 2 sparatutto arcade Taito. 1 - RAYSTORM: L'anno è il 2219 e la Federazione Secilia ha avviato un piano per distruggere la Terra. Finora, la federazione malvagia è riuscita a distruggere gran parte delle forze e delle risorse difensive del pianeta. Con la distruzione del mondo a portata di mano, il destino dell'umanità è alla ricerca di un salvatore. 2 - RAYCRISIS: Il sequel di RayStorm, RayCrisis: Series Termination si svolge in un momento in cui il futuro dell'umanità è in bilico.
Simple 1500 Series Vol. 93 - The Puzzle Bobble - Puzzle Bobble 4 (Japan)	Puzzle Bobble 4 (noto anche come Bust-a-Move 4 in Nord America e in Europa) è il terzo sequel del videogioco Puzzle Bobble ed è la comparsa finale della serie in Arcade, PlayStation e Dreamcast. Il gioco è anche il titolo finale per essere riconoscibilmente simile nella presentazione all'originale. Basandosi sul successo di Puzzle Bobble 3, il gioco aggiunge un sistema di carrucole che richiede due serie di bolle, attaccate a ciascun lato di una corda appesa a due carrucole. Il gioco contiene una modalità storia per un solo giocatore.
Simple Character 2000 Series Vol. 16 - Gamba no Bouken - The Puzzle Action (Japan)	Simple Characters 2000 Series vol.16 - Ganba no Bouken Puzzle è un puzzle game d'azione con personaggi della serie anime. Il gameplay consiste nel mettere a zero il contatore che si trova nella parte in basso a destra dello schermo, in alcune fasi ciò significa distruggere topi, gatti, uccelli o trovare tutti gli oggetti.
SimTheme Park (USA)	Theme Park World è il sequel di Theme Park e il secondo gioco della serie. È un gioco di gestione di parchi a tema in cui i giocatori costruiscono il proprio parco con montagne russe, giostre e stand gastronomici. Ogni edificio può essere personalizzato per aspetto, prezzi e anche durata del viaggio. Le montagne russe svolgono un ruolo importante come attrazione principale per i visitatori. I giocatori possono progettare una corsa personalizzata e quindi testarla da una visuale in prima persona.
Skullmonkeys (USA)	Skullmonkeys è il successore di The Neverhood, uscito solo su PC (e, in Giappone, come &quot;Klaymen Klaymen&quot; su PSX). Il gioco è un tipo di gioco &quot;salta e corri&quot; della vecchia scuola, con un gran numero di FMV. L'intero gioco è modellato in argilla. Il giocatore prende il controllo di Klaymen durante il gioco nel tentativo di fermare l'avversario principale, essendo Klogg, che vuole distruggere il pianeta natale di Klaymen, The Neverhood, tramite un enorme robot chiamato &quot;Evil Engine No. 9&quot;. Usa un esercito di scimmiette teschio estremamente stupide per fermare Klaymen nella sua ricerca; Ad eccezione di diversi strani uccelli di argilla, ogni nemico nel gioco è una scimmia. Il gioco presenta musica con testi di Terry Scott Taylor.
Smurf Racer! (USA) (En,Fr,Es)	Questo kart racer presenta i Puffi come personaggi. Scegli uno degli otto personaggi (con quattro segreti) con cui gareggiare tra vari climi e regioni. Puoi gareggiare in modalità giocatore singolo o campionato, insieme a una gara di bandiere in stile Cattura la bandiera.
Smurfs, The (USA) (En,Fr,Es)	In questa grande avventura ricca di azione e buonumore, il bambino attraversa l'universo dei Puffi. Dovrà liberare Baby Puffo e i suoi 9 amici rapiti da Gargamella. Il bambino può scegliere tra 2 sezioni: È uno scherzo: può accedere liberamente a 7 diversi livelli, in cui familiarizzare progressivamente e in totale autonomia con il controllo di un personaggi. Non è uno scherzo: scopre altri 10 mondi e gioca come i grandi! E forse... anche un bacio da Puffetta!
Snatcher (Japan)	Snatcher si svolge nella città futuristica di Neo Kobe, una città di follia e degrado. L'anno è il 2047. L'umanità sta affrontando la sua più grande crisi. È apparsa una misteriosa forma di vita bio-roidea. La sua vera natura e il suo scopo sono sconosciuti. È l'arma segreta di un paese o un alieno? Appaiono in inverno, uccidono le persone e prendono il loro posto nella società. Hanno una pelle artificiale, sudano e sanguinano. È stata formata una nuova forza di polizia, appositamente addestrata per combattere gli Snatcher: i JUNKER. Ogni volta che si incontra qualcuno, bisogna porsi una domanda difficile: è una persona o un ladro? Il giocatore assume il controllo di Gillian Seed, una JUNKER. Il gameplay segue in gran parte la struttura di un'avventura in stile giapponese. Il giocatore utilizza un'interfaccia guidata da un menu per eseguire i comandi, che comprendono lo spostamento da un luogo all'altro e l'interazione con l'ambiente.
Soukou Kidoutai L.A.P.D. (Japan)	Future Cop: L.A.P.D è un gioco che combina perfettamente l'azione con incredibili scene futuristiche, in cui difenderemo i cittadini dal crimine, con potenti robot della polizia all'avanguardia, creati per eliminare i criminali che infestano il mondo città della futura terra. Vedremo un'impressionante esposizione di nuove armi altamente esplosive e distruttive e ci divertiremo a eliminare i nemici con diverse opzioni di tiro, in un gioco pieno di emozioni.
Soul Blade (USA)	Nel XVI secolo emerge una spada così potente, così malvagia che i guerrieri di tutto il mondo la cercano. È Soul Edge, una lama demoniaca. Dall'America all'Europa al Giappone, questi guerrieri si combattono per avere la possibilità di ottenerlo. Soul Blade è un gioco di combattimento con armi 3D che racconta la loro storia. Un gioco di combattimento 3D completo che consente passaggi laterali, Soul Blade ha dodici combattenti colorati (dieci standard, due nascosti, più costumi aggiuntivi per alcuni combattenti), ciascuno con varie armi e stili. I primi dieci possono essere usati in tutte le modalità di combattimento, mentre i due nascosti possono essere usati solo in modalità versus e arcade.
Soul Edge (Japan)	Nel XVI secolo emerge una spada così potente, così malvagia che i guerrieri di tutto il mondo la cercano. È Soul Edge, una lama demoniaca. Dall'America all'Europa al Giappone, questi guerrieri si combattono per avere la possibilità di ottenerlo. Soul Blade è un gioco di combattimento con armi 3D che racconta la loro storia. Un gioco di combattimento 3D completo che consente passaggi laterali, Soul Blade ha dodici combattenti colorati (dieci standard, due nascosti, più costumi aggiuntivi per alcuni combattenti), ciascuno con varie armi e stili. I primi dieci possono essere usati in tutte le modalità di combattimento, mentre i due nascosti possono essere usati solo in modalità versus e arcade.
South Park Rally (USA)	Scegli il tuo personaggio dal cast del famoso cartone animato &quot;maturo&quot; South Park e sfreccia per le strade in questo gioco di corse. Il veicolo del tuo personaggio potrebbe essere un carretto, un trike o una scatola, per esempio. Le armi includono razzi, Salty Balls, Cheesy Poofs, l'amata Cow e persino una sonda anale. Sono incluse anche tutte le voci, il che lo fa sembrare più un vero cartone animato che un gioco di rally. Puoi anche giocare in modalità all-on-all a 4 giocatori.
Space Hulk - Vengeance of the Blood Angels (USA)	Sei un comandante della marina spaziale di una squadra di combattenti d'élite chiamata Terminators, un'unità specializzata che fa parte del capitolo Blood Angels dell'Imperium. Sotto la guida dell'Imperatore, l'Imperium è stato in grado di espandersi gradualmente in tutta la galassia utilizzando la tecnologia Warp Drive. Questa invenzione ha rivoluzionato i viaggi nello spazio, consentendo di coprire grandi distanze in poche ore. Naturalmente, c'è uno svantaggio nell'espansione del proprio territorio nel 41 ° millennio: l'ostilità aliena. Vari pericoli minacciano ora il sostentamento dell'umanità. La tua missione? Per sradicare il più grande nemico dell'uomo: i Genoraptor, una razza dalla pelle viola con denti affilati come rasoi e sei arti. Dal momento che si riproducono trovando altre razze che fungano da ospiti, sono una minaccia aggressiva che deve essere fermata a tutti i costi. Il piano prevede di intercettare le loro navi note come Space Hulks, prima che possano infestare un pianeta ignaro.
Space Jam (USA)	Basato sull'omonimo film, Space Jam è incentrato su un'invasione della Terra dei Looney Tunes da parte di minuscoli alieni. Il destino dei Tunes si decide in una partita di basket e per questo gli alieni si trasformano negli enormi e malvagi Monstars. Il gioco è un'esercitazione di basket per due terzi e poi vengono aggiunti dei mini-giochi per colmare tutte le lacune. Puoi giocare nei panni dei Monstars o dei Looney Tunes con l'aiuto di Michael Jordan. Gli stessi giochi di pallacanestro sono disponibili in due gusti, due contro due e tre contro tre. Completando con successo i minigiochi, migliorerai le abilità del tuo personaggio in campo. Ce ne sono diversi: uno consiste nel trovare gli abiti da basket di MJ, un altro è una corsa allo spazio nello stile dei giochi retrò delle Micromachines. Ci sono circa cinque minigiochi in totale e partecipa un giocatore di entrambe le squadre.
Spawn - The Eternal (USA)	Dopo un'orribile morte per rogo, Al Simmons si ritrova nell'ottava sfera dell'Inferno; fare affari con un capo di nome Malebolgia. Scambiando la sua libertà per un'ultima occhiata a sua moglie, Simmons è chiamato a guidare l'esercito dell'Inferno nella battaglia finale di Armageddon nei panni di Spawn. I giocatori guideranno Spawn attraverso 15 mondi di battaglia contro una varietà di mostri nel tentativo di affrontare e distruggere Malebolgia, ottenendo infine la libertà eterna. Caratteristiche: * Elimina i tuoi nemici con la magia, il mantello e gli attacchi a catena mentre esplori 15 mondi diversi * Torna all'Inferno per affrontare e distruggere Malebolgia e ottenere la tua libertà * Esplora ogni livello per scoprire segreti, magia e chiavi che possono aiutarti nella tua avventura.
Speed Racer (USA)	Basato sul popolare cartone animato, Speed ​​Racer si unisce alla pletora di giochi di corse disponibili per PlayStation. Nei panni di Speed ​​Racer stesso, puoi gareggiare su tre diverse piste intitolate semplicemente S, M e L per piccole, medie e grandi dimensioni. Prima di iniziare una gara devi scegliere tra tre leggere varianti del famoso Mach 5 bianco di Speed ​​Racer, una delle quali ha il cambio manuale. Ognuna delle tre auto è dotata di caratteristiche speciali come pneumatici grip, seghe rotanti, un periscopio, un deflettore e martinetti automatici. Altre opzioni includono 18 diverse colonne sonore, modalità di corsa normale e di resistenza e la possibilità di aumentare la velocità e l'efficienza dei tuoi avversari.
Spice World (USA)	Spice World è un gioco dedicato al gruppo delle Spice Girls su Playstation quando erano all'apice della loro gloria. Scegliete la vostra Spice Girl e create la vostra hit con i campioni forniti. Padroneggiare le coreografie delle ragazze per fare un concerto indimenticabile.
Spyro - Year of the Dragon (USA)	I ladri hanno rapito una nidiata di uova di drago, mentre altrove nelle Terre dei Draghi è stato scoperto un portale per il Mondo Dimenticato. Inviati a riconquistare le uova, Spyro il Drago e il suo migliore amico Sparx affrontano un viaggio in territorio inesplorato contro il suo nemico più temibile di sempre: la Strega! Personaggi giocabili completamente nuovi, sfide frenetiche e nuovi mondi emozionanti da esplorare: l'Anno del Drago inizia qui!
Spyro 2 - Gateway to Glimmer (Europe) (En,Fr,De,Es,It)	Ripto's Rage è il secondo gioco della serie Spyro the Dragon, iniziata con Spyro the Dragon nel 1998. Il protagonista della serie, Spyro, è ambientato nella terra di Avalar, anziché nei Mondi dei Draghi, dove era ambientato il capitolo precedente. Uno stregone che cavalca dinosauri, noto come Ripto, ha invaso il mondo di Avalar e sta scatenando il caos tra i suoi cittadini con la sua magia. Il giocatore, nei panni di Spyro, deve viaggiare attraverso il mondo di Avalar e annullare i danni causati da Ripto.
Spyro 2 - Ripto's Rage! & Crash Team Racing (USA) (Demo)	Ripto's Rage è il secondo gioco della serie Spyro the Dragon, iniziata con Spyro the Dragon nel 1998. Il protagonista della serie, Spyro, è ambientato nella terra di Avalar, anziché nei Mondi dei Draghi, dove era ambientato il capitolo precedente. Uno stregone che cavalca dinosauri, noto come Ripto, ha invaso il mondo di Avalar e sta scatenando il caos tra i suoi cittadini con la sua magia. Il giocatore, nei panni di Spyro, deve viaggiare attraverso il mondo di Avalar e annullare i danni causati da Ripto.
Spyro 2 - Ripto's Rage! (USA)	Ripto's Rage è il secondo gioco della serie Spyro the Dragon, iniziata con Spyro the Dragon nel 1998. Il protagonista della serie, Spyro, è ambientato nella terra di Avalar, anziché nei Mondi dei Draghi, dove era ambientato il capitolo precedente. Uno stregone che cavalca dinosauri, noto come Ripto, ha invaso il mondo di Avalar e sta scatenando il caos tra i suoi cittadini con la sua magia. Il giocatore, nei panni di Spyro, deve viaggiare attraverso il mondo di Avalar e annullare i danni causati da Ripto.
Spyro the Dragon (USA)	Spyro the Dragon è un gioco platform sviluppato da Insomniac Games per PlayStation. Ha come protagonisti il ​​personaggio del titolo, un giovane drago viola di nome Spyro e il suo amico libellula, Sparx, ed è il primo gioco della serie Spyro the Dragon. Il primo gioco è stato molto popolare alla sua uscita iniziale e Spyro sarebbe poi diventato una delle icone di gioco più riconoscibili, popolari e rispettate per la console di gioco PlayStation. Il migliore amico di Spyro, Sparx la libellula, agisce come misuratore di salute del giocatore e aiuta a raccogliere gemme. I vari draghi che Spyro scongela lungo il percorso sono anche personaggi chiave nella progressione di Spyro nel gioco. Gnasty Gnorc è l'antagonista principale, che ha congelato tutti i draghi della terra in cristalli.
Spyro x Sparx - Tondemo Tours (Japan)	Ripto's Rage è il secondo gioco della serie Spyro the Dragon, iniziata con Spyro the Dragon nel 1998. Il protagonista della serie, Spyro, è ambientato nella terra di Avalar, anziché nei Mondi dei Draghi, dove era ambientato il capitolo precedente. Uno stregone che cavalca dinosauri, noto come Ripto, ha invaso il mondo di Avalar e sta scatenando il caos tra i suoi cittadini con la sua magia. Il giocatore, nei panni di Spyro, deve viaggiare attraverso il mondo di Avalar e annullare i danni causati da Ripto.
Stakes Winner 2 - Saikyouba Densetsu (Japan)	Stakes Winner 2 è un gioco sportivo in cui si sale in sella per gareggiare in corse di cavalli in Europa e negli Stati Uniti. Accelerare e sprintare al momento giusto, gestendo al contempo la fatica del cavallo, sono le chiavi per una buona prestazione. Se vincete, utilizzate le vincite per acquistare accessori e diventare ancora più bravi. La gestione è un po' più fluida rispetto al primo episodio. Anche la realizzazione è un po' migliore, anche se il gioco è ancora molto simile al primo.
Star Ocean - The Second Story & Hello Charlie!! (Japan) (Demo)	Star Ocean: The Second Story è un gioco di ruolo per Playstation. Teletrasportato per errore su un pianeta sull'orlo del caos, il giovane Claude dovrà trovare un modo per tornare a casa aiutando gli indigeni. All'inizio dell'avventura, i giocatori potranno scegliere tra due personaggi e in seguito potranno reclutare circa dieci compagni per formare squadre efficaci o creare ogni genere di oggetto.
Star Ocean - The Second Story (USA) (Disc 1)	Star Ocean: The Second Story è un gioco di ruolo per Playstation. Teletrasportato per errore su un pianeta sull'orlo del caos, il giovane Claude dovrà trovare un modo per tornare a casa aiutando gli indigeni. All'inizio dell'avventura, i giocatori potranno scegliere tra due personaggi e in seguito potranno reclutare circa dieci compagni per formare squadre efficaci o creare ogni genere di oggetto.
Star Wars - Episode I - Die dunkle Bedrohung (Germany)	C'è un disturbo nella forza e i Jedi sono lì per trovare la sua fonte. C'è un'intera armata di corazzate e truppe che assediano un pianeta e due cavalieri Jedi vengono a proteggere il pianeta. Questo titolo di Star Wars di Lucas Arts è completamente basato sul film Phantom Menace. È fondamentalmente un gioco d'azione in cui interpreti un numero di personaggi del film, risolvi una serie di enigmi, abbatti i nemici con la tua spada laser o le pistole laser e segui le orme del film. Ma ricorda, seguirai un percorso diverso verso lo stesso finale finale.
Star Wars - Episode I - La Menace Fantome (France)	C'è un disturbo nella forza e i Jedi sono lì per trovare la sua fonte. C'è un'intera armata di corazzate e truppe che assediano un pianeta e due cavalieri Jedi vengono a proteggere il pianeta. Questo titolo di Star Wars di Lucas Arts è completamente basato sul film Phantom Menace. È fondamentalmente un gioco d'azione in cui interpreti un numero di personaggi del film, risolvi una serie di enigmi, abbatti i nemici con la tua spada laser o le pistole laser e segui le orme del film. Ma ricorda, seguirai un percorso diverso verso lo stesso finale finale.
Star Wars - Episode I - The Phantom Menace (USA)	C'è un disturbo nella forza e i Jedi sono lì per trovare la sua fonte. C'è un'intera armata di corazzate e truppe che assediano un pianeta e due cavalieri Jedi vengono a proteggere il pianeta. Questo titolo di Star Wars di Lucas Arts è completamente basato sul film Phantom Menace. È fondamentalmente un gioco d'azione in cui interpreti un numero di personaggi del film, risolvi una serie di enigmi, abbatti i nemici con la tua spada laser o le pistole laser e segui le orme del film. Ma ricorda, seguirai un percorso diverso verso lo stesso finale finale.
Star Wars - Episodio I - La Amenaza Fantasma (Spain)	C'è un disturbo nella forza e i Jedi sono lì per trovare la sua fonte. C'è un'intera armata di corazzate e truppe che assediano un pianeta e due cavalieri Jedi vengono a proteggere il pianeta. Questo titolo di Star Wars di Lucas Arts è completamente basato sul film Phantom Menace. È fondamentalmente un gioco d'azione in cui interpreti un numero di personaggi del film, risolvi una serie di enigmi, abbatti i nemici con la tua spada laser o le pistole laser e segui le orme del film. Ma ricorda, seguirai un percorso diverso verso lo stesso finale finale.
Star Wars - Episodio I - La Minaccia Fantasma (Italy)	C'è un disturbo nella forza e i Jedi sono lì per trovare la sua fonte. C'è un'intera armata di corazzate e truppe che assediano un pianeta e due cavalieri Jedi vengono a proteggere il pianeta. Questo titolo di Star Wars di Lucas Arts è completamente basato sul film Phantom Menace. È fondamentalmente un gioco d'azione in cui interpreti un numero di personaggi del film, risolvi una serie di enigmi, abbatti i nemici con la tua spada laser o le pistole laser e segui le orme del film. Ma ricorda, seguirai un percorso diverso verso lo stesso finale finale.
Starwinder - The Ultimate Space Race (USA)	In Starwinder: The Ultimate Space Race, assumi il ruolo di Conner Rhodes, il primo rappresentante della Terra inviato a competere in una corsa galattica. Questa non è una razza ordinaria, tuttavia: una razza aliena sconosciuta ha costruito magnifici binari / binari attraverso i confini dello spazio. Coprendo migliaia di miglia di lunghezza, i binari agiscono in modo tale che quando i piloti navigano verso uno, aumentano la velocità della nave. Nei panni di Conner, il tuo obiettivo generale è portare a casa la ricompensa finale: la sfera stellare simile a un globo. Anche se la tua missione sembra abbastanza semplice, non sarà facile; ci sono altri sette piloti in lizza per lo stesso premio. Residente ai confini della Via Lattea, la competizione include un umanoide metà uomo / metà macchina di nome Ko-Ax, il vendicativo Pietra di Tianna e un egocentrico troppo sicuro di sé che si chiama Dextor - Il Terribile. Ci sono anche piloti di droni che riempiono il resto del campo di gioco. Suddivisi in quadranti, ci sono 44 differenti binari / binari su cui gareggiare; ci sono dieci gare per quadrante. Mentre la maggior parte del gioco è giocata contro avversari controllati dal computer, ci sono momenti in cui gareggerai contro il tempo in un vero test di velocità e precisione. Dimostra di essere degno e gareggerai contro un gruppo d'élite di piloti attraverso Epsilon Indi, l'ultima ferrovia. Se riesci a vincere questa gara finale, la Starsphere è buona come la tua!
Streak Hoverboard Racing (USA)	Comanda i tuoi hoverboard antigravitazionali con spericolato abbandono in Streak: Hoverboard Racing da SingleTrac. Corri attraverso una dozzina di livelli come Barnum's Alley Agua Escondido e Windway Park, tirando fuori tic e acrobazie oltraggiose nella follia a gravità zero. Dotato di una modalità di allenamento per tenere tutti al passo con i tempi e una serie di melodie martellanti con cui cavalcare la corrente d'aria. Scegli tra una varietà di corsi e un'infarinatura di metodi di punteggio tra cui acrobazie a tempo e acrobazie a tempo e obiettivi acrobatici. Vai testa a testa o contro il computer con la compatibilità dual shock in modo da poter sperimentare ogni urto e grind.
Street Fighter Alpha 3 (USA)	Street Fighter Alpha 3, il terzo gioco della serie Alpha, ha un totale di 31 combattenti, il numero più alto della serie fino ad ora. I nuovi personaggi includono i vecchi preferiti E. Honda, Blanka, Vega, Cammy, T. Hawk, Dee Jay, Juni e Juli. Alcuni dei combattenti più recenti del blocco includono un ex personaggio di Final Fight (Cody, che è stato in prigione dall'ultimo gioco di Final Fight, o almeno così suggeriscono i suoi vestiti), Karin Kanzuki e Rainbow Mika. La principale differenza tra questa Alpha e le ultime due sono le nuove modalità di gioco World Tour, Arcade, VS, Training e Entry.
Street Fighter EX + Alpha (Europe) (Demo)	Street Fighter Ex Plus Alpha è un gioco di combattimento in 3D per Playstation. Il gioco ti offre 8 personaggi della serie Street Fighter. Inoltre, potrai affrontare 12 nuovi combattenti in più di 7 diverse modalità di gioco.
Street Fighter EX Plus Alpha (USA)	Street Fighter Ex Plus Alpha è un gioco di combattimento in 3D per Playstation. Il gioco ti offre 8 personaggi della serie Street Fighter. Inoltre, potrai affrontare 12 nuovi combattenti in più di 7 diverse modalità di gioco.
Street Fighter EX2 Plus (USA)	La serie di picchiaduro di punta di tutti i tempi di Capcom diventa ancora una volta in 3D con Street Fighter EX 2 Plus. Ricco di nuovi miglioramenti, nuove modalità di gioco e persino un cast ampliato, Street Fighter EX 2 Plus offre una straordinaria grafica 3D, animazioni fulminee e il gameplay caratteristico di Capcom. Gioca uno contro uno con un amico o crea la tua squadra di Street Fighter usando fino a cinque combattenti. Una volta perfezionate le tue mosse, puoi anche modificare insieme il tuo momento saliente personale. Ora la serie di combattimenti più importante del mondo fa un salto di qualità in Street Fighter EX 2 Plus.
Street Fighter Zero 3 (Japan)	Street Fighter Alpha 3, il terzo gioco della serie Alpha, ha un totale di 31 combattenti, il numero più alto della serie fino ad ora. I nuovi personaggi includono i vecchi preferiti E. Honda, Blanka, Vega, Cammy, T. Hawk, Dee Jay, Juni e Juli. Alcuni dei combattenti più recenti del blocco includono un ex personaggio di Final Fight (Cody, che è stato in prigione dall'ultimo gioco di Final Fight, o almeno così suggeriscono i suoi vestiti), Karin Kanzuki e Rainbow Mika. La principale differenza tra questa Alpha e le ultime due sono le nuove modalità di gioco World Tour, Arcade, VS, Training e Entry.
Street Games '97 (Japan)	2xtreme su Playstation è un gioco di corse che ti permette di utilizzare più veicoli (skateboard, rollerblade, snowboard, BMX) con un unico obiettivo: arrivare primi in una competizione dove tutto è permesso.
Street Racer (USA)	Street Racer è un gioco di corse di kart simile a Super Mario Kart. Fino a quattro giocatori possono giocare su schermo condiviso. Se non ci sono avversari umani, il giocatore può guidare contro sette avversari controllati dal computer in tre leghe. Se il giocatore vince il primo campionato, può giocare il secondo e così via. Il gioco ha otto diversi veicoli con diverse abilità in velocità, fretta o resistenza. Ci sono anche alcuni power-up sui binari come bombe, carburante nitro e pacchetti sanitari.
Street Racer Extra (Japan)	Street Racer è un gioco di corse di kart simile a Super Mario Kart. Fino a quattro giocatori possono giocare su schermo condiviso. Se non ci sono avversari umani, il giocatore può guidare contro sette avversari controllati dal computer in tre leghe. Se il giocatore vince il primo campionato, può giocare il secondo e così via. Il gioco ha otto diversi veicoli con diverse abilità in velocità, fretta o resistenza. Ci sono anche alcuni power-up sui binari come bombe, carburante nitro e pacchetti sanitari.
Strider (USA)	Impersonate Hiryu, un membro della confraternita degli Striders, una sorta di ordine cavalleresco dei giorni nostri, che combatte contro il sinistro &quot;Grand Master Meio&quot;, che vuole conquistare il mondo. La sua confraternita è stata decimata e lei è uno degli unici Striders ancora in vita a cercare vendetta. Il gioco ha la forma di un platform. Armati della vostra spada laser (Cypher), dovrete eliminare numerosi nemici in vari livelli che vanno dall'Unione Sovietica alla foresta pluviale. È anche possibile aggrapparsi alle pareti con un gancio di metallo. Occasionalmente, i bonus ottenuti distruggendo le capsule vi permetteranno di aumentare la portata della vostra spada o di essere accompagnati da un piccolo robot che distrugge i vostri nemici. Apprezziamo i movimenti spettacolari del personaggio che estrae la sua arma o che volteggia in aria mentre salta.
Strider 2 (USA)	In un futuro governato dalla tirannia e dal male, uno &quot;strider&quot; di nome Hiryu deve usare le sue abilità per combattere per la giustizia e la pace e sconfiggere il Gran Maestro, un malvagio dittatore che ha conquistato il mondo.
Strider Hiryuu 1 & 2 (Japan) (Disc 1) (Strider Hiryuu)	Impersonate Hiryu, un membro della confraternita degli Striders, una sorta di ordine cavalleresco dei giorni nostri, che combatte contro il sinistro &quot;Grand Master Meio&quot;, che vuole conquistare il mondo. La sua confraternita è stata decimata e lei è uno degli unici Striders ancora in vita a cercare vendetta. Il gioco ha la forma di un platform. Armati della vostra spada laser (Cypher), dovrete eliminare numerosi nemici in vari livelli che vanno dall'Unione Sovietica alla foresta pluviale. È anche possibile aggrapparsi alle pareti con un gancio di metallo. Occasionalmente, i bonus ottenuti distruggendo le capsule vi permetteranno di aumentare la portata della vostra spada o di essere accompagnati da un piccolo robot che distrugge i vostri nemici. Apprezziamo i movimenti spettacolari del personaggio che estrae la sua arma o che volteggia in aria mentre salta.
Strike Point (USA)	Un'organizzazione terroristica chiamata Hex sta minacciando la pace e la prosperità del mondo. Se le loro richieste non vengono soddisfatte o non vengono interrotte, i loro dispositivi Shockwave sono armati e pronti a partire. Una volta fatti esplodere, ridurranno il mondo al caos totale: il risultato saranno inondazioni massicce, terremoti ed eruzioni vulcaniche. Allora, chi li fermerà? Sei il leader del team StrikePoint. Prendendo il volo e lanciando un assalto aereo a tutto campo contro Hex, la tua unica missione è distruggere la loro esistenza ei piani di distruzione del mondo. Hai molto peso sulle spalle, meglio non deludere il mondo.
Strikepoint - The Hex Missions (Europe) (En,Fr,De,Es,It)	Un'organizzazione terroristica chiamata Hex sta minacciando la pace e la prosperità del mondo. Se le loro richieste non vengono soddisfatte o non vengono interrotte, i loro dispositivi Shockwave sono armati e pronti a partire. Una volta fatti esplodere, ridurranno il mondo al caos totale: il risultato saranno inondazioni massicce, terremoti ed eruzioni vulcaniche. Allora, chi li fermerà? Sei il leader del team StrikePoint. Prendendo il volo e lanciando un assalto aereo a tutto campo contro Hex, la tua unica missione è distruggere la loro esistenza ei piani di distruzione del mondo. Hai molto peso sulle spalle, meglio non deludere il mondo.
Stuart Little 2 (USA)	Basato sul film omonimo, Stuart Little 2 per PlayStation è un'avventura in 3D che si svolge su sette livelli e vede coinvolti Stuart, Snowbell e la loro amica piumata flirtante, Miss Margalo. Un falco molto malvagio ha aggiunto il furto di gioielli al suo elenco di crimini, e Miss Margalo ha chiesto a Stuart e Snowbell di aiutarla a restituire i gioielli rubati ai legittimi proprietari. Nel ruolo di Stuart, i giocatori devono raccogliere tutti i gioielli in ciascun livello per sconfiggere Falcon in un confronto finale.
Suikoden (USA)	Liberamente basato sul classico romanzo cinese medievale &quot;Water Margins&quot; (Shuihuzhuan) di Shi Nai'an. Il gioco è un gioco di ruolo fantasy ambientato in un universo immaginario, il cui tema principale è la lotta politica. L'eroe del gioco è il giovane figlio di Theo McDohl, un generale che serve l'Impero della Luna Scarlatta, che attualmente controlla la terra di Toran. Attraverso una serie di eventi l'eroe viene coinvolto in una ribellione contro l'Impero, guidata da un'organizzazione nota come Esercito di Liberazione. L'eroe troverà una nuova casa lì, sarà in grado di staccarsi da tutto ciò che è stato sacro per lui, incluso suo padre?
Suikoden II (USA)	Sequel del primo gioco di ruolo per PlayStation. Come membro dell'Alleanza, una forza militare a cui si accennava solo nell'originale, interpreti l'eroe inconsapevole del gioco: un orfano che è stato cresciuto da un eroe di battaglia silenzioso e senza pretese in una guerra apparentemente antica. Accanto a te nelle fila c'è il tuo migliore amico Jowy, un ragazzo nato dalla nobiltà ma che non ha mai potuto ricevere l'approvazione agli occhi del suo testardo padre. All'inizio del gioco, sei immediatamente catapultato in una storia di conflitti politici, tradimenti e guerre su larga scala oltre il tuo scopo nelle prime fasi. Man mano che il gioco va avanti, la trama cambierà, cambierà e si svilupperà in numerosi modi che espongono le personalità di ciascuno dei personaggi coinvolti. Il sistema di combattimento è a turni, con l'opzione di equipaggiare le rune per abilità speciali, combinare gli attacchi dei membri del gruppo per creare combo a catena o incantesimi devastanti e l'opzione per eseguire la battaglia in modalità automatica.
Super Lite Best Vol. 1 - Cotton Original & Block Keeper (Korea)	Assumiamo il ruolo della giovane strega Cotton, golosa di dolci. La fata Silk chiede aiuto a Cotton per sconfiggere i demoni e trovare Frill in cambio di dolci. Accompagniamo Cotton attraverso diversi mondi pieni di nemici che devono essere spruzzati con la magia per arrivare alla fine. Ogni livello è a scorrimento orizzontale, con fasi di boss. All'inizio si sceglie una serie di tre magie, che si mantengono per tutta l'avventura. Si tratta di speciali abilità offensive o difensive che possiamo utilizzare in numero limitato. Ogni livello è pieno di orde di nemici che dobbiamo sconfiggere sparando sfere magiche di base. Il contatto con un nemico costa una vita e quando si esaurisce la vita, appare la schermata di game over.
SuperLite 1500 Series - A Ressha de Ikou 4 - Evolution Global (Japan) (En,Ja,Fr,De)	A IV Evolution mette il giocatore nei panni del capo di un'importante compagnia di trasporti, l'obiettivo del giocatore è costruire un efficiente sistema di treni e autobus. Il giocatore è anche libero di acquistare e vendere terreni, costruire alloggi e provare a fare soldi sul mercato azionario. Il gioco presenta anche una modalità spettatore, in cui i giocatori possono salire su uno dei treni e godersi il viaggio in una prospettiva 3D.
SuperLite 1500 Series - Advanced V.G. (Japan)	Variable Geo, noto anche come V.G., è una serie di giochi di combattimento 2D giapponesi. Ambientati in una versione del Giappone del prossimo futuro, i giochi raccontano la storia di un torneo di arti marziali creato per determinare la donna più forte del paese. I tornei sono sponsorizzati da un certo numero di ristoranti a conduzione familiare, che in cambio della loro sponsorizzazione, ricevono una promozione sotto forma di un ingresso al torneo che lavora come cameriera. A causa della popolarità dei tornei, i ristoranti registrano un boom di clientelismo.
SuperLite 1500 Series - Advanced V.G. 2 (Japan)	V.G. è il torneo annuale di lotta per trovare la donna più forte, sponsorizzato dal Jahana Group e con un premio di un miliardo di yen. I combattenti lavorano come cameriere nei ristoranti in cambio della promozione del torneo. Il sito è stato scelto e i combattenti si sono riuniti. Una giovane ragazza, Tamao Mitsurugi, è entrata nel torneo ispirata dalla campionessa dell'anno scorso Yuka Takeuchi. Advanced Variable Geo 2 è uno dei numerosi titoli della lunga serie di giochi di combattimento per sole ragazze. Utilizzando uno dei 12 personaggi, inclusi nove di ritorno dal titolo precedente, il giocatore può scegliere tra una varietà di modalità, tra cui una modalità arcade standard, una modalità storia, una modalità 2 giocatori versus e una modalità time attack. C'è anche una modalità pratica, un'ampia varietà di opzioni di gioco e il monitoraggio delle statistiche di gioco.
SuperLite 1500 Series - Castrol Honda VTR (Japan)	L'unico modo per sperimentare l'ultima tecnologia delle corse Superbike è giocare a Castrol Honda VTR, che vi permette di controllare la VTR 1000 delle squadre Castrol Honda World Superbike. Quasi 1.000 cc di potenza per competere in una serie di tornei su 22 circuiti internazionali. Il gioco vi presenta la nuova VTR 1000 SP-1 e la nuova livrea del Castrol Honda World Superbike Team. Dovrete competere contro 23 avversari per diventare il nuovo Campione del Mondo Castrol Honda.
SuperLite 1500 Series - Chitty Chitty Chicken (Japan)	Nel conveniente Crossroad Crisis, spetta a te proteggere un pulcino vagabondo bloccato in un labirinto di piastrelle rosse, verdi e blu. Spostando e ruotando le tessere, puoi creare un percorso sicuro su cui il pulcino può camminare. Ma per completare ciascuna delle dieci fasi del gioco, devi prima cancellare il numero richiesto di tessere dal tabellone. Le tessere vengono rimosse collegando due o più dello stesso colore e facendo camminare il pulcino su di esse. Una volta che il numero di destinazione è stato cancellato, appare l'uscita e puoi condurre il pulcino alla fase successiva. Il numero di tessere eliminate necessarie per rivelare l'uscita aumenta man mano che il gioco procede. Ogni volta che il pulcino esce dal bordo di una tessera, una vita viene persa e il tabellone viene ripristinato. Oltre alle dieci fasi della modalità Clear, vs. la modalità mette il pulcino contro un'anatra in una battaglia a due giocatori per eliminare le tessere e portare il tuo animale al sicuro per primo. La modalità Principiante contiene tre fasi e una lezione su come giocare.
SuperLite 1500 Series - Farland Story - Yottsu no Fuuin (Japan)	&quot;Farland Story&quot; è il primo della serie di giochi di ruolo strategici giapponesi di successo. L'eroe principale del gioco è un cavaliere di nome Arc, innamorato della bellissima sacerdotessa Ferio. Un giorno, quando Arc e la sua migliore amica Randia sono fuori città, un esercito ostile al comando di un misterioso Cavaliere Nero invade la città e rapisce Ferio. Inizia così la ricerca di Arc per sconfiggere i nemici e salvare la sua amata dalle loro grinfie.
SuperLite 1500 Series - Fishing Club - Boat no Tsuri-hen (Japan)	In questo gioco il giocatore va a pescare usando una barca. Il gioco presenta una libreria completa con specie di pesci e ricette; un tutorial (chiamato consiglio) e 2 modalità di gioco: modalità veloce e modalità normale.
SuperLite 1500 Series - Fishing Club - Bouhatei no Tsuri-hen (Japan)	Fishing Club, Bouhatei no Tsuri-hen dispone di una biblioteca completa con specie di pesci e ricette; un tutorial (chiamato consiglio) e 2 modalità di gioco: modalità veloce e modalità normale.
SuperLite 1500 Series - Fishing Club - Hama no Tsuri-hen (Japan)	In questo gioco il giocatore può andare a pescare nelle spiagge.
SuperLite 1500 Series - Game de Seishun (Japan)	Game de Seishun è un gioco da tavolo (con alcuni mini giochi d'azione) che mette il giocatore nei panni di un ragazzo che passerà la sua vita incontrando persone diverse: avrà diverse possibilità di lavoro e potrà anche innamorarsi di ragazze diverse, farsi degli amici, sposarsi, ecc.
SuperLite 1500 Series - Maerchen Adventure - Cotton 100% (Japan)	Assumiamo il ruolo della giovane strega Cotton, golosa di dolci. La fata Silk chiede aiuto a Cotton per sconfiggere i demoni e trovare Frill in cambio di dolci. Accompagniamo Cotton attraverso diversi mondi pieni di nemici che devono essere spruzzati con la magia per arrivare alla fine. Ogni livello è a scorrimento orizzontale, con fasi di boss. All'inizio si sceglie una serie di tre magie, che si mantengono per tutta l'avventura. Si tratta di speciali abilità offensive o difensive che possiamo utilizzare in numero limitato. Ogni livello è pieno di orde di nemici che dobbiamo sconfiggere sparando sfere magiche di base. Il contatto con un nemico costa una vita e quando si esaurisce la vita, appare la schermata di game over.
SuperLite 1500 Series - Oekaki Puzzle (Japan)	Serie Superlite 1500 - Oekaki Puzzle è il primo gioco della serie picross (o nanogrammi) pubblicato da Succes nel 1999 per la console Playstation. Il gioco presenta più di 200 puzzle diversi, con dimensioni diverse (5x5, 10x10, 15x15 o 20x20) e un tutorial su come giocare.
SuperLite 1500 Series - Oekaki Puzzle 2 (Japan)	Superlite 1500 Series - Oekaki Puzzle 2 è il secondo gioco della serie picross (o nanograms) pubblicata da Succes nel 2000 per la console Playstation. Il gioco presenta più di 200 puzzle diversi, con dimensioni diverse (5x5, 10x10, 15x15 o 20x20) e un tutorial su come giocare.
SuperLite 1500 Series - Oekaki Puzzle 3 (Japan)	Superlite 1500 Series - Oekaki Puzzle 3 è il terzo gioco della serie picross (o nanograms) pubblicata da Succes nel 2000 per la console Playstation. Il gioco presenta più di 200 puzzle diversi, con dimensioni diverse (5x5, 10x10, 15x15 o 20x20) e un tutorial su come giocare.
SuperLite 1500 Series - Oekaki Puzzle 4 (Japan)	Superlite 1500 Series - Oekaki Puzzle 4 è il quarto gioco della serie picross (o nanograms) pubblicata da Succes nel 2000 per la console Playstation. Il gioco presenta più di 200 puzzle diversi, con dimensioni diverse (5x5, 10x10, 15x15 o 20x20) e un tutorial su come giocare.
SuperLite 1500 Series - Oekaki Puzzle 5 (Japan)	Superlite 1500 Series - Oekaki Puzzle 5 è il quinto gioco della serie picross (o nanograms) pubblicata da Succes nel 2001 per la console Playstation. Il gioco presenta più di 200 puzzle diversi, con dimensioni diverse (5x5, 10x10, 15x15 o 20x20) e un tutorial su come giocare.
SuperLite 1500 Series - Reversi II (Japan)	Reversi II è una ricreazione digitale dei giochi da tavolo con gli stessi titoli. Il gioco presenta diversi livelli di difficoltà dell'avversario controllato dal computer e una modalità 2 giocatori contro. Il gioco dispone anche di 3 diversi cursori, tabelloni e sfondi.
SuperLite 3in1 Series - Oekaki Puzzle-shuu (Japan)	Serie Superlite 1500 - Oekaki Puzzle 1, 2 e 3 sono i primi 3 giochi della serie picross (o nanogrammi) pubblicati da Succes nel 2002 per la console Playstation. I 3 giochi presentano più di 200 puzzle diversi in ogni gioco, con dimensioni diverse (5x5, 10x10, 15x15 o 20x20) e un tutorial su come giocare.
SuperLite Gold Series - Otenami Haiken (Japan)	SuperLite Gold Series - Otenami Haiken è una raccolta di 6 diversi giochi da tavolo: shogi, go, reversi, goken, hanafuda, go. Il gioco presenta 8 avversari diversi e c'è un limite di tempo per ogni movimento.
Syphon Filter (USA)	Obiettivo: debellare il virus Syphon Filter. I servizi segreti hanno scoperto che un'organizzazione internazionale sta sviluppando armi biologiche. La tua missione è evitare un massacro mondiale, usando tecniche di ricognizione, mimetizzazione e combattimento. Devi raggiungere questo obiettivo indipendentemente dal costo. Il tuo arsenale di missione include una torcia, un giubbotto antiproiettile, un taser, una pistola silenziata da 9 mm, un fucile d'assalto PH-102, un mitragliatore HH-5 e fucili con mirino telescopico e visione notturna.
Syphon Filter 2 (USA) (Disc 1)	Il sequel del Syphon Filter dell'anno precedente, Syphon Filter 2 aggiunge nuove funzionalità come una modalità a due giocatori, nuove posizioni, nuove armi e altro ancora. Il gioco è paragonabile a Goldeneye sull'N64. È uno sparatutto, ma devi anche usare la strategia. Hai un misuratore di salute, quindi non è un tipo di gioco &quot;un colpo e sei morto&quot;. Devi completare le missioni o combattere in un deathmatch con i tuoi amici o nemici. La trama parla di te che devi impedire la vendita del virus Syphon Filter a una nazione terrorista.
Syphon Filter 2 - Conspiracion Mortal (Spain) (Disc 1)	Il sequel del Syphon Filter dell'anno precedente, Syphon Filter 2 aggiunge nuove funzionalità come una modalità a due giocatori, nuove posizioni, nuove armi e altro ancora. Il gioco è paragonabile a Goldeneye sull'N64. È uno sparatutto, ma devi anche usare la strategia. Hai un misuratore di salute, quindi non è un tipo di gioco &quot;un colpo e sei morto&quot;. Devi completare le missioni o combattere in un deathmatch con i tuoi amici o nemici. La trama parla di te che devi impedire la vendita del virus Syphon Filter a una nazione terrorista.
Syphon Filter 3 (USA)	Gabe e Lian sono tornati - tuttavia, questa volta, &quot;The Agency&quot; ha processato Lian e Gabe per crimini che non hanno commesso mentre complottano segretamente per distribuire il Syphon Filter, un virus mortale, a tutta la popolazione. E con Gabe e Lian sotto processo, non ci sarebbe nessuno a fermarli ... Il gioco ora include mini-missioni che ti consentono di affinare le tue abilità. La mini-missione di base prende semplicemente una mappa, ti lascia cadere, lancia alcuni nemici e armi e ti lascia fare il resto. C'è anche un elemento multiplayer migliorato e tonnellate di nuove armi, tra cui un fucile da cecchino a raggi X e un fucile esplosivo.
Syphon Filter 3 - Sentencia Final (Spain)	Gabe e Lian sono tornati - tuttavia, questa volta, &quot;The Agency&quot; ha processato Lian e Gabe per crimini che non hanno commesso mentre complottano segretamente per distribuire il Syphon Filter, un virus mortale, a tutta la popolazione. E con Gabe e Lian sotto processo, non ci sarebbe nessuno a fermarli ... Il gioco ora include mini-missioni che ti consentono di affinare le tue abilità. La mini-missione di base prende semplicemente una mappa, ti lascia cadere, lancia alcuni nemici e armi e ti lascia fare il resto. C'è anche un elemento multiplayer migliorato e tonnellate di nuove armi, tra cui un fucile da cecchino a raggi X e un fucile esplosivo.
T'ai Fu - Die Rache des Tigers (Germany)	T'ai Fu - Wrath of the Tiger è un gioco per PlayStation pubblicato nel 1999. Il gioco è ambientato in un paesaggio orientale popolato da clan di animali, come leopardi e serpenti. Il protagonista del gioco, T'ai Fu, è l'ultimo sopravvissuto del clan della tigre e deve intraprendere un viaggio per sconfiggere il Dragon Master e vendicare la sua specie. Lungo il cammino, apprende del suo passato oscuro e padroneggia diversi stili di Kung Fu, uno da ogni maestro del clan che sconfigge. T'ai Fu cerca di vendicare la distruzione del suo villaggio da parte del clan del drago. Viaggia attraverso l'antica Cina, alla ricerca di maestri nei vari stili animali dello Shaolin Kung Fu per insegnargli le abilità di cui ha bisogno per sconfiggere il clan del drago. Oltre ai vari stili animali che T'ai impara, i maestri gli insegneranno a concentrare il suo &quot;chi&quot; o energia interiore per produrre alcune esplosioni di energia a cui nessun nemico sarà in grado di sopravvivere.
T'ai Fu - Wrath of the Tiger (USA)	T'ai Fu - Wrath of the Tiger è un gioco per PlayStation pubblicato nel 1999. Il gioco è ambientato in un paesaggio orientale popolato da clan di animali, come leopardi e serpenti. Il protagonista del gioco, T'ai Fu, è l'ultimo sopravvissuto del clan della tigre e deve intraprendere un viaggio per sconfiggere il Dragon Master e vendicare la sua specie. Lungo il cammino, apprende del suo passato oscuro e padroneggia diversi stili di Kung Fu, uno da ogni maestro del clan che sconfigge. T'ai Fu cerca di vendicare la distruzione del suo villaggio da parte del clan del drago. Viaggia attraverso l'antica Cina, alla ricerca di maestri nei vari stili animali dello Shaolin Kung Fu per insegnargli le abilità di cui ha bisogno per sconfiggere il clan del drago. Oltre ai vari stili animali che T'ai impara, i maestri gli insegneranno a concentrare il suo &quot;chi&quot; o energia interiore per produrre alcune esplosioni di energia a cui nessun nemico sarà in grado di sopravvivere.
T.R.A.G. - Mission of Mercy (USA)	L'anno è il 2046 e l'edificio Togusa è stato occupato dai terroristi. L'edificio è di proprietà di un importante fornitore militare chiamato Machine Gear e ospita alcuni importanti scienziati. La squadra T.R.A.G. (Tactical Rescue Assault Group) viene inviata per risolvere la situazione e liberare gli ostaggi, ma vengono tutti catturati in una trappola. Con solo due sopravvissuti, i membri della squadra Alex e Michelle, tocca a loro eliminare la minaccia da soli.
Tactics Ogre (USA)	Dopo generazioni di guerre tra le varie etnie, Re Dogare portò la pace nella terra di Valeria. Quando il re muore, Valeria viene divisa in tre gruppi diversi, ciascuno dei quali rivendica il trono. Assumi il ruolo di un ragazzino che intraprende una missione per salvare la terra dai disordini e salire al trono. Dovrai viaggiare attraverso il Paese e reclutare membri per un esercito. Una volta reclutati, i membri acquisiranno esperienza attraverso le battaglie a turni. Fino a 10 membri del gruppo possono partecipare a qualsiasi battaglia. Alla fine, i personaggi possono cambiare classe e apprendere abilità specifiche per ciascuna classe. Tuttavia, dovrai assicurarti che il tuo gruppo sia equilibrato o andrai incontro a una rovina certa. Riuscirai a salvare il mondo dal caos in Tactics Ogre?
Tactics Ogre - Let Us Cling Together (Japan)	Dopo generazioni di guerre tra le varie etnie, Re Dogare portò la pace nella terra di Valeria. Quando il re muore, Valeria viene divisa in tre gruppi diversi, ciascuno dei quali rivendica il trono. Assumi il ruolo di un ragazzino che intraprende una missione per salvare la terra dai disordini e salire al trono. Dovrai viaggiare attraverso il Paese e reclutare membri per un esercito. Una volta reclutati, i membri acquisiranno esperienza attraverso le battaglie a turni. Fino a 10 membri del gruppo possono partecipare a qualsiasi battaglia. Alla fine, i personaggi possono cambiare classe e apprendere abilità specifiche per ciascuna classe. Tuttavia, dovrai assicurarti che il tuo gruppo sia equilibrato o andrai incontro a una rovina certa. Riuscirai a salvare il mondo dal caos in Tactics Ogre?
Taikou Risshiden II (Japan)	Taikou Risshiden II fa parte della serie di videogiochi Taikou Risshiden. Il gioco è basato sulla vita di Toyotomi Hideyoshi. I giocatori devono viaggiare per il Giappone cercando di negoziare con i diversi signori di ogni città, e anche farsi strada attraverso diversi scenari di combattimento. In combattimento, il giocatore può scegliere tra attacco, difesa o speciale. Quando viene scelto l'attacco, i giocatori devono mettere in pausa la barra di attacco in uno dei punti di attacco per effettuare un attacco con successo.
Taikyoku Igo - Heisei Kiin (Japan)	Taikyoku Igo - Heisei Kiin è un gioco igo che presenta 4 diversi livelli di difficoltà e anche una modalità vs 2 giocatori. Il gioco è anche approvato e ha ricevuto lezioni dal giocatore professionista giapponese di igo Umesawa Yukari.
Taikyoku Igo - Shinzui Gosennin (Japan)	Taikyoku Igo - Shinzui Gosennin - Nigou è un gioco igo (sequel del primo Taikyoku Igo) che presenta 2 diverse modalità di gioco (contro un altro giocatore umano o contro il computer), 4 livelli di difficoltà e il gioco presenta anche un'opzione di suggerimento.
Taikyoku Igo - Shinzui Gosennin - Nigou (Japan)	Il Go (&quot;weiqi&quot; in cinese, &quot;baduk&quot; in coreano), è un antico gioco da tavolo per due giocatori originario della Cina più di 2000 anni fa. Il gioco è noto per essere ricco di strategia nonostante le sue regole relativamente semplici.
Taikyoku Shougi - Kiwame (Japan)	Kiwame - Taikyoku Shogi è un gioco di Shogi, il gioco presenta una modalità vs computer, una modalità vs umani e anche diverse partite con solo gli ultimi movimenti da fare.
Tail Concerto (USA)	Disponibile su Playstation, Tail Concerto è un gioco d'azione/avventura simile allo steampunk ambientato nel mondo di Prairie, popolato da persone con cani e gatti. Lei controlla Waffle Ryebread, un cane poliziotto la cui missione è fermare la Black Cat Gang, terroristi con motivazioni distruttive. Con l'aiuto del vostro futuristico mech, avrete accesso a molti gadget per catturare i Black Cats e salvare il mondo da una minaccia ancora più grande!
Tail of the Sun (USA)	In Tail of the Sun, inizierai come un uomo delle caverne che lotta per sopravvivere nel mondo. Caccia, raccogli, esplora, aumenta le tue varie statistiche e alla fine muori. Non sono solo gli animali e l'annegamento possono toglierti la vita, ma anche la fame e l'età. Alla tua morte selezioni un nuovo membro della tua tribù in continua crescita con cui continuare. Il tuo obiettivo finale è uccidere i mammut e raccogliere abbastanza zanne per costruire una torre che possa raggiungere la coda del sole.
Taiyo no Otsuge (Japan)	Taiyou no Otsuge è un gioco di tarocchi in cui il giocatore fornisce i dati e il gioco fa una diagnosi di tarocchi sull'amore, lo studio, il lavoro, la salute, la fortuna, ecc. Il gioco presenta anche alcuni mini giochi.
Taiyou no Shippo - Wild, Pure, Simple Life (Japan)	In Tail of the Sun, inizierai come un uomo delle caverne che lotta per sopravvivere nel mondo. Caccia, raccogli, esplora, aumenta le tue varie statistiche e alla fine muori. Non sono solo gli animali e l'annegamento possono toglierti la vita, ma anche la fame e l'età. Alla tua morte selezioni un nuovo membro della tua tribù in continua crescita con cui continuare. Il tuo obiettivo finale è uccidere i mammut e raccogliere abbastanza zanne per costruire una torre che possa raggiungere la coda del sole.
Taklamakan - Tonkou Denki (Japan)	Taklamakan - Tonkoudenki è un puzzle game ambientato nel deserto del Taklamakan. Il gioco utilizza un motore grafico cinematografico (simile alla serie Myst) e presenta 14 puzzle diversi.
Tales of Phantasia (Japan)	In Tales of Phantasia, interpreti un ragazzo di nome Cless, che vive insieme ai suoi genitori in un tranquillo villaggio. Era un giorno come tutti gli altri in cui Cless decise di andare a caccia con il suo migliore amico Chester. Inseguendo un cinghiale, Cless ha scoperto uno strano albero parlante nella foresta che lo stava implorando aiuto. Ma appena smise di parlare, i due amici sentirono il suono di un allarme. Tornarono al villaggio e lo trovarono bruciato e tutti i suoi abitanti assassinati. Prima che la madre di Cless morisse tra le sue braccia, gli disse che questo terribile massacro aveva qualcosa a che fare con il ciondolo che lei e suo marito avevano regalato a Cless per il suo compleanno... che collegamento poteva esserci? Cless decide di visitare suo zio che vive in un'altra città, ma non si rende conto che il suo viaggio lo porterà in posti molto più remoti di così!
Tall - Infinity (USA)	Tall Infinity è un puzzle game per giocatore singolo in cui gli utenti manipolano blocchi multicolori per costruire una torre. Il gioco principale è composto da otto fasi, con i giocatori che devono completare dieci piani della torre per superare ciascuna fase. I giocatori devono evitare mosse non necessarie o rischiano di perdere la partita. Sono disponibili tre livelli di difficoltà e due modalità di gioco aggiuntive: Time Attack e gioco infinito.
Tall - Twins Tower (Japan)	Tall twins tower è il sequel di Tall Infinity e non è mai stato pubblicato al di fuori del Giappone. Come in Tall Infinity, il giocatore manipola blocchi multicolori per costruire una torre. I giocatori devono completare dieci piani della torre per superare ogni fase. I giocatori devono evitare mosse inutili o perderanno la partita. Ci sono tre livelli di difficoltà e diverse modalità di gioco (come la modalità infinita o l'attacco a tempo). Una delle nuove caratteristiche è la modalità di scorrimento in cui, usando i pulsanti R1 e L1, il giocatore può spostare un'intera linea di blocchi a destra o a sinistra. Il gioco dispone anche di una modalità a schermo condiviso per 2 giocatori.
Tall Unlimited (Japan)	Tall Infinity è un puzzle game per giocatore singolo in cui gli utenti manipolano blocchi multicolori per costruire una torre. Il gioco principale è composto da otto fasi, con i giocatori che devono completare dieci piani della torre per superare ciascuna fase. I giocatori devono evitare mosse non necessarie o rischiano di perdere la partita. Sono disponibili tre livelli di difficoltà e due modalità di gioco aggiuntive: Time Attack e gioco infinito.
Tatsunoko Fight (Japan)	Tatsunoko Fight è un videogioco di combattimento sviluppato e pubblicato da Takara per la console di gioco PlayStation uscito in Giappone nell'ottobre 2000. Presenta personaggi di varie proprietà di supereroi Tatsunoko oltre a creazioni originali sviluppate esclusivamente per il gioco. Ogni serie è rappresentata da personaggi, sfondi, musica e doppiatori dei programmi televisivi originali, insieme a nuove illustrazioni e sequenze animate prodotte da Tatsunoko Production.
Taxi 2 (France) (En,Fr)	Crazy Taxi 2 è un videogioco di corse del 2001 e il secondo capitolo della serie Crazy Taxi. È stato rilasciato per Dreamcast e successivamente portato su PSP come parte di Crazy Taxi: Fare Wars nel 2007. È l'ultimo gioco Crazy Taxi ad essere rilasciato per Dreamcast dopo la sua interruzione il 31 marzo 2001.
Team Losi RC Racer (USA)	Buggy è un gioco di corse in cui guidi una piccola macchina radiocomandata. Il giocatore può scegliere tra 12 diverse auto (alcune devono essere sbloccate) da controllare. Il gioco è composto da 16 livelli e una serie di livelli bonus. Ci sono tre modalità di gioco: Time Attack, Challenge 1 e Challenge 2. In Time Attack competi contro te stesso per nuovi record personali. All'inizio non tutti i livelli sono disponibili in questa modalità, devono essere sbloccati completando determinati livelli nella Sfida 1. La Sfida 2 non è disponibile fino al completamento della Sfida 1. La seconda sfida contiene tutti i livelli della prima sfida più alcuni nuovi.
Teitoku no Ketsudan III (Japan)	Teitoku no Ketsudan III è il sequel di Pacific Theatre of Operations II ed è stato rilasciato per Sega Saturn e Sony PlayStation nel 1997. Un aggiornamento, Teitoku no Ketsudan III con Power-Up Kit è stato rilasciato l'anno successivo. Stranamente, nessuna versione del gioco è stata rilasciata al di fuori del Giappone. Il sequel del gioco, Teitoku no Ketsudan IV su PlayStation 2, sarebbe stato rilasciato fuori dal Giappone come P.T.O.: Pacific Theatre of Operations IV.
Teitoku no Ketsudan III with Power-Up Kit (Japan)	Teitoku no Ketsudan III è il sequel di Pacific Theatre of Operations II ed è stato rilasciato per Sega Saturn e Sony PlayStation nel 1997. Un aggiornamento, Teitoku no Ketsudan III con Power-Up Kit è stato rilasciato l'anno successivo. Stranamente, nessuna versione del gioco è stata rilasciata al di fuori del Giappone. Il sequel del gioco, Teitoku no Ketsudan IV su PlayStation 2, sarebbe stato rilasciato fuori dal Giappone come P.T.O.: Pacific Theatre of Operations IV.
Tekken (USA)	Tekken è un franchise di giochi di combattimento arcade creato e sviluppato da Namco. A partire dal gioco arcade Tekken originale pubblicato nel 1994, la serie ha ricevuto diversi sequel, oltre a varie conversioni casalinghe e titoli spin-off rilasciati per console. La storia di ogni gioco della serie principale documenta gli eventi del torneo di arti marziali immaginario, The King of Iron Fist Tournament, che è ospitato dalla società Mishima Zaibatsu. Il premio è in genere il controllo della società, che consente quindi al vincitore di ospitare il torneo successivo. Le versioni arcade del gioco hanno tradizionalmente utilizzato hardware basato su PlayStation per eseguire i giochi, e successivamente ogni puntata di Tekken è stata alla fine realizzata per la rispettiva PlayStation.
Tekken 2 & Fade to Black & F1 & V-CD (Europe, Australia)	Tekken 2 è il secondo gioco della serie Tekken. Tutti i personaggi di Tekken sono tornati tranne Jack, che viene sostituito da Jack-2 in questo gioco. Otto nuovi personaggi sono stati aggiunti alla lista dei personaggi, incluso Jack-2. Il gioco ha un totale di 25 personaggi giocabili. Tekken 2 è stato rilasciato nelle sale giochi nel 1995 ed è stato rilasciato per PlayStation in tutto il mondo nel 1996. È stato il gioco arcade numero uno in America per 24 settimane e ha venduto oltre 3 milioni di copie in tutto il mondo per la console PlayStation. Per la PlayStation 3, questa versione è stata aggiunta al PS Store. Il giorno dell'apertura ha registrato vendite per $ 250.000, un record per l'epoca.
Tekken 2 (USA)	Tekken 2 è il secondo gioco della serie Tekken. Tutti i personaggi di Tekken sono tornati tranne Jack, che viene sostituito da Jack-2 in questo gioco. Otto nuovi personaggi sono stati aggiunti alla lista dei personaggi, incluso Jack-2. Il gioco ha un totale di 25 personaggi giocabili. Tekken 2 è stato rilasciato nelle sale giochi nel 1995 ed è stato rilasciato per PlayStation in tutto il mondo nel 1996. È stato il gioco arcade numero uno in America per 24 settimane e ha venduto oltre 3 milioni di copie in tutto il mondo per la console PlayStation. Per la PlayStation 3, questa versione è stata aggiunta al PS Store. Il giorno dell'apertura ha registrato vendite per $ 250.000, un record per l'epoca.
Tekken 2 + Fade to Black + V-CD (France)	Tekken 2 è il secondo gioco della serie Tekken. Tutti i personaggi di Tekken sono tornati tranne Jack, che viene sostituito da Jack-2 in questo gioco. Otto nuovi personaggi sono stati aggiunti alla lista dei personaggi, incluso Jack-2. Il gioco ha un totale di 25 personaggi giocabili. Tekken 2 è stato rilasciato nelle sale giochi nel 1995 ed è stato rilasciato per PlayStation in tutto il mondo nel 1996. È stato il gioco arcade numero uno in America per 24 settimane e ha venduto oltre 3 milioni di copie in tutto il mondo per la console PlayStation. Per la PlayStation 3, questa versione è stata aggiunta al PS Store. Il giorno dell'apertura ha registrato vendite per $ 250.000, un record per l'epoca.
Tekken 3 (USA)	Fine del Torneo del Pugno del Re di Ferro 2. Heihachi ha sconfitto Kazuya ed è tornato in vantaggio per Mishima Zaibatsu. Un giorno, sente parlare di un antico dio messicano, Ogre, che si dice sia attratto da anime forti. Per attirarlo, Heihachi decide di lanciare la terza edizione del torneo di fama mondiale in modo che i combattenti fungano da esche. Questo è l'inizio di Tekken 3.
Tenchu - Stealth Assassins (USA)	Attraversa il Giappone dei tempi feudali controllando uno dei due ninja del clan Azuma: Rikimaru e Ayame. Usa tecniche di infiltrazione, scala muri e corri sui tetti. Tutto va bene in un mondo in cui non devi essere visto né puoi lasciare traccia. Completa 10 missioni in diversi scenari per adempiere ai contratti del tuo signore Lord Gohda.
Tenchu 2 - Birth of the Stealth Assassins (USA)	Prima degli eventi di Tenchu, la Casa di Gohda è scossa dal tradimento. Come guerrieri ombra Rikimaru, Ayame e Tatsumaru, sei chiamato a riportare l'orgoglio al nome del tuo maestro. Perché sei nato per una vita d'onore ... una vita di furtività. Scopri ancora più modi per uccidere i tuoi nemici con 21 nuove tecniche di uccisione furtiva. Vesti i panni di tre assassini ninja, ognuno con la propria storia e le proprie tecniche di combattimento. Colpisci dall'ombra in 29 nuove missioni stealth diurne e notturne. Utilizza una varietà di nuove armi e oggetti ninja, come frecce infuocate e invisibilità.
Tennis (USA)	Questa versione semplice e senza fronzoli del 2001 di A1 e Agetec porta l'azione tennistica di base sulla robusta console PlayStation. Il titolo è progettato concentrandosi su un gameplay divertente rispetto a una grafica fantasiosa o sponsorizzazioni di celebrità. Scegli tra 16 personaggi diversi, ognuno con le proprie mosse e abilità distintive! 1-4 giocatori giocano in singolo o doppio. Modalità libera e torneo.
Test Drive 4 (USA)	Test Drive 4 è un gioco di corse con dieci auto diverse: cinque supercar moderne come la Jaguar XJ220 e la TVR Cerbera e cinque muscle car d'epoca tra cui tre modelli Chevrolet. Ogni auto ha la sua fisica realistica, con una manovrabilità impegnativa. Ci sono cinque circuiti completi, più una pista di trascinamento. Puoi partecipare a un intero campionato del mondo, oltre a gare singole e prove a cronometro con auto fantasma. La capacità di trovare scorciatoie presente nel terzo gioco della serie non è inclusa qui; è necessario attenersi al tracciato predefinito.
Test Drive Off-Road 3 (USA)	Una macchina che pesa diverse tonnellate o un semplice buggy? Con oltre 25 diversi veicoli e piste ai quattro angoli del mondo. Jeep Wrangler, Cherokee, Dodge Ram Charger o ancora Hummer, probabilmente sarai in imbarazzo quando sceglierai le armi, soprattutto perché alcuni parametri possono essere configurati per aumentare la varietà del gioco. Puoi effettuare impostazioni tra cui il telaio del motore o le gomme per adattare la tua bestia da corsa alle piste su cui ti aspetti una stabilità.
Tetris Magiska Utmaning (Sweden)	Sfida al Tetris Magico è un fantastico gioco rompicapo per tutta la famiglia. Con gli intricati puzzle di Tetris e il fascino magico di Topolino, Capcom ha creato un gioco che le famiglie possono divertirsi a giocare insieme. Gli elementi rompicapo possono essere impostati su facile per i principianti o i più giovani e su esperto per quei giocatori incalliti che sono mamma e papà. Non è un noioso gioco per bambini: è un rompicapo veloce, divertente e frenetico con un tocco di delicatezza.
Theme Aquarium (Japan)	Theme Aquarium è un gioco di gestione del gioco di simulazione di acquari. Inizi con una distesa di spazio vuoto, il tuo compito è costruire un paese delle meraviglie marittimo che porterà i visitatori ad assistere al tuo famoso spettacolo di delfini e ad ammirare il serraglio acquatico che hai costruito. Invece di attrazioni per fiere o reparti ospedalieri, i giocatori costruiscono acquari che devono riempire con creature interessanti e appropriate, mentre affrontano tutte le sfide della gestione di un'impresa, comprese le trattative tra ex dipendenti. Poiché lo spettacolo dei delfini è la tua attrazione principale, devi fornire cura e attenzione adeguate agli animali.
Theme Hospital (USA)	Theme Hospital è una simulazione di gestione ospedaliera basata sui livelli in cui i giocatori devono iniziare da un edificio vuoto e quindi assemblare le stanze con tutti i tipi di materiale, dalle scrivanie e dagli schedari per la diagnosi generale ai costosi ultra-scanner e raggi X per diagnosticare malattie così bizzarre come Bloaty Head, Slack Songue o Alien DNA e trattarle con macchine ancora più bizzarre come un Head Inflator o un fissatore di DNA. Ci sono diverse stanze aggiuntive, come una stanza del personale per il riposo dei tuoi dipendenti, un bagno in modo che i pazienti non debbano fare i bisogni nei corridoi, un dipartimento di ricerca per ottenere le tecnologie diagnostiche e terapeutiche più avanzate e una stanza di formazione dove i consulenti può insegnare una o due cose ai novellini, rendendoli medici capaci.
Theme Park (USA)	Theme Park è un gioco di simulazione di costruzione e gestione progettato da Bullfrog Productions e originariamente pubblicato nel 1994, in cui il giocatore progetta e gestisce un parco di divertimenti. Come la maggior parte dei giochi di Bullfrog, Theme Park è permeato da un eccentrico senso dell'umorismo. Theme Hospital è il successore tematico del gioco di Bullfrog, mentre la serie Roller Coaster Tycoon di Chris Sawyer ha sviluppato il concetto per offrire una selezione di giostre molto più realistica.
Theme Park World (Europe) (En,Fr,De,Es,It,Nl,Sv)	Theme Park World è il sequel di Theme Park e il secondo gioco della serie. È un gioco di gestione di parchi a tema in cui i giocatori costruiscono il proprio parco con montagne russe, giostre e stand gastronomici. Ogni edificio può essere personalizzato per aspetto, prezzi e anche durata del viaggio. Le montagne russe svolgono un ruolo importante come attrazione principale per i visitatori. I giocatori possono progettare una corsa personalizzata e quindi testarla da una visuale in prima persona.
Thrill Kill (USA) (Proto) (1998-08-10)	Il videogioco picchiaduro Thrill Kill è stato sviluppato nel 1998 dalla società americana Paradox Development per la Sony Playstation e può essere giocato da un massimo di quattro giocatori contemporaneamente. A causa dell'eccessiva dimostrazione di violenza, il gioco è stato valutato AO (Adults Only) dall'agenzia di rating statunitense. È stato il primo titolo che è stato valutato in questo modo solo per la rappresentazione della violenza.
Thunder Truck Rally (USA)	Monster Trucks offre nove robusti fuoristrada con cui correre su terreni frastagliati e imponenti. Non è l'unico gioco a stravolgere il genere delle corse a tal fine, ma come ci si aspetterebbe da Psygnosis, la qualità della presentazione è superiore al resto. Esistono due tipi di corsi; i circuiti offrono terreni collinari impegnativi che possono facilmente spazzare via il veicolo e devono essere appresi intimamente. I corsi di resistenza offrono una maggiore libertà, con l'obiettivo di trovare il percorso migliore per collegare otto checkpoint dispersi. Per evitare qualsiasi disorientamento, le frecce ti guidano al marcatore successivo. Ogni area, innevata o vulcanica, ha caratteristiche e pericoli caratteristici, ma questo non impedisce che si sviluppi una sensazione ripetitiva. La terza opzione è una modalità divertente e ci si potrebbe aspettare dallo sviluppatore di Destruction Derby. I giocatori hanno sessanta secondi per portare il loro camion in una folle frenesia automobilistica.
Tiger Woods PGA Tour Golf (USA)	EA Sports porta Tiger Woods e la serie di golf PGA Tour su PlayStation un'ultima volta con la loro edizione 2001. Nella versione del 2001 ci sono più del doppio dei veri golfisti rispetto all'edizione del 2000 con cui puoi giocare o giocare contro. Sono presenti le solite modalità di gioco come Pratica, Esibizione e Torneo. Fino a quattro giocatori possono competere nelle modalità multigiocatore. Competi contro 11 professionisti (incluso Tiger Woods ovviamente) su nuovi percorsi. Puoi persino importare campi da vecchi titoli PGA Golf o progettarne uno personalizzato con il Course Architect incluso.
Tiger Woods USA Tour 2001 (Australia)	EA Sports porta Tiger Woods e la serie di golf PGA Tour su PlayStation un'ultima volta con la loro edizione 2001. Nella versione del 2001 ci sono più del doppio dei veri golfisti rispetto all'edizione del 2000 con cui puoi giocare o giocare contro. Sono presenti le solite modalità di gioco come Pratica, Esibizione e Torneo. Fino a quattro giocatori possono competere nelle modalità multigiocatore. Competi contro 11 professionisti (incluso Tiger Woods ovviamente) su nuovi percorsi. Puoi persino importare campi da vecchi titoli PGA Golf o progettarne uno personalizzato con il Course Architect incluso.
Time Bokan - Yattaman (Italy)	Time Bokan è una serie anime giapponese trasmessa per la prima volta su Fuji TV dal 4 ottobre 1975 al 25 dicembre 1976 in tutto il Giappone ogni sabato alle 18:30, con un totale di 61 episodi da 30 minuti. È stato prodotto da Tatsunoko Productions, che in seguito ha prodotto una serie di programmi spinoff come parte della &quot;Time Bokan Series&quot;: Il dottor Kieda, uno scienziato un po 'stravagante ma intelligente, è finalmente riuscito a inventare macchine del tempo per tutti i terreni a forma di insetto chiamate &quot;Time Bokan&quot;. Per dimostrare la sua efficienza e sicurezza, decide di servire come la prima cavia per il suo viaggio inaugurale. Tuttavia, quando la macchina è tornata, non è da nessuna parte all'interno. L'unica cosa che è tornata con esso è un pappagallo parlante, insieme a una grande gemma chiamata Dynamond, che è apparentemente il gioiello più potente e prezioso del mondo. Ora spetta a un gruppo di ricerca, fondato dall'assistente di laboratorio del dottor Kieda Tanpei, viaggiare nel tempo per trovare il dottor Kieda; ma sembra che qualcuno affamato di potere stia cercando il &quot;Dynamond&quot; ... In Time Bokan Bokandesuyo il giocatore controlla &quot;The Skull Trio&quot; (Marjo, Grocky e Walther) utilizzando diversi tipi di veicoli, bombe e potenziamenti in uno sparatutto 2d verticale.
Time Bokan Series - Bokan desu yo (Japan)	Time Bokan è una serie anime giapponese trasmessa per la prima volta su Fuji TV dal 4 ottobre 1975 al 25 dicembre 1976 in tutto il Giappone ogni sabato alle 18:30, con un totale di 61 episodi da 30 minuti. È stato prodotto da Tatsunoko Productions, che in seguito ha prodotto una serie di programmi spinoff come parte della &quot;Time Bokan Series&quot;: Il dottor Kieda, uno scienziato un po 'stravagante ma intelligente, è finalmente riuscito a inventare macchine del tempo per tutti i terreni a forma di insetto chiamate &quot;Time Bokan&quot;. Per dimostrare la sua efficienza e sicurezza, decide di servire come la prima cavia per il suo viaggio inaugurale. Tuttavia, quando la macchina è tornata, non è da nessuna parte all'interno. L'unica cosa che è tornata con esso è un pappagallo parlante, insieme a una grande gemma chiamata Dynamond, che è apparentemente il gioiello più potente e prezioso del mondo. Ora spetta a un gruppo di ricerca, fondato dall'assistente di laboratorio del dottor Kieda Tanpei, viaggiare nel tempo per trovare il dottor Kieda; ma sembra che qualcuno affamato di potere stia cercando il &quot;Dynamond&quot; ... In Time Bokan Bokandesuyo il giocatore controlla &quot;The Skull Trio&quot; (Marjo, Grocky e Walther) utilizzando diversi tipi di veicoli, bombe e potenziamenti in uno sparatutto 2d verticale.
Time Bokan Series - Bokan GoGoGo (Japan)	Time Bokan è una serie anime giapponese trasmessa per la prima volta su Fuji TV dal 4 ottobre 1975 al 25 dicembre 1976 in tutto il Giappone ogni sabato alle 18:30, con un totale di 61 episodi da 30 minuti. È stato prodotto da Tatsunoko Productions, che in seguito ha prodotto una serie di programmi spinoff come parte della &quot;Time Bokan Series&quot;: Il dottor Kieda, uno scienziato un po 'stravagante ma intelligente, è finalmente riuscito a inventare macchine del tempo per tutti i terreni a forma di insetto chiamate &quot;Time Bokan&quot;. Per dimostrare la sua efficienza e sicurezza, decide di servire come la prima cavia per il suo viaggio inaugurale. Tuttavia, quando la macchina è tornata, non è da nessuna parte all'interno. L'unica cosa che è tornata con esso è un pappagallo parlante, insieme a una grande gemma chiamata Dynamond, che è apparentemente il gioiello più potente e prezioso del mondo.
Time Bokan Series - Bokan to Ippatsu! Doronbow (Japan)	Time Bokan è una serie anime giapponese trasmessa per la prima volta su Fuji TV dal 4 ottobre 1975 al 25 dicembre 1976 in tutto il Giappone ogni sabato alle 18:30, con un totale di 61 episodi da 30 minuti. È stato prodotto da Tatsunoko Productions, che in seguito ha prodotto una serie di programmi spinoff come parte della &quot;Time Bokan Series&quot;: Il dottor Kieda, uno scienziato un po 'stravagante ma intelligente, è finalmente riuscito a inventare macchine del tempo per tutti i terreni a forma di insetto chiamate &quot;Time Bokan&quot;. Per dimostrare la sua efficienza e sicurezza, decide di servire come la prima cavia per il suo viaggio inaugurale. Tuttavia, quando la macchina è tornata, non è da nessuna parte all'interno. L'unica cosa che è tornata con esso è un pappagallo parlante, insieme a una grande gemma chiamata Dynamond, che è apparentemente il gioiello più potente e prezioso del mondo.
Time Commando (USA)	In parte a scorrimento laterale, in parte in combattimento d'azione, Time Commando fonde insieme diversi elementi di gioco in un insieme malvagio. Per fermare un virus informatico che minaccia il tessuto stesso del tempo, devi viaggiare attraverso la storia per salvare il futuro. La tua ricerca per fermare il virus ti porterà attraverso 20 livelli di azione ambientati in 9 diversi periodi storici, tra cui la preistoria, l'antica Roma, il Vecchio West e la seconda guerra mondiale. Impara a usare 45 armi per sconfiggere oltre 80 diversi nemici poligonali 3D. Combatti uomini delle caverne, pistoleri, samurai, cavalieri, robot e persino uno o due draghi. Con combattimenti in tempo reale ambientati su bellissimi sfondi pre-renderizzati, Time Commando mette alla prova il tuo ingegno così come i tuoi pugni. Padroneggia il tempo o diventa storia. L'orologio sta ticchettando...
Time Crisis (USA)	Nei panni di Richard Miller, il tuo obiettivo principale è eliminare tutti i bersagli mobili e salvare la ragazza; se accetti questa missione, ci saranno un sacco di carneficina e morte che seguiranno sulla tua scia. Sviluppato da Namco e precedentemente pubblicato in Arcade, Time Crisis è uno sparatutto in prima persona su rotaie con pistola leggera; ci sono due versioni: una con la periferica Guncon e l'altra senza. Usando entrambi i metodi di controllo, ti farai strada attraverso tre fasi, ciascuna con quattro aree piene di sicari assoldati e personaggi vili boss. Quando inizia la fase di azione, inizierai da una posizione accovacciata mentre le truppe nemiche cercano di contrastare il tuo obiettivo. Mentre stanno ricaricando, alzati e inizia a spruzzare l'area. Avrai la possibilità di accovacciarti dietro gli oggetti in qualsiasi momento durante gli scontri a fuoco. Ricorda solo di tenere la tua pistola ricaricata!
Time Crisis - Project Titan (USA)	I giocatori assumono il ruolo del tiratore acuto Richard Miller per un altro episodio di intrighi internazionali e azione di schivata in Time Crisis: Project Titan. Questo è il terzo gioco Time Crisis di Namco in assoluto e il primo sviluppato esclusivamente per la console PlayStation. Il sottotitolo del gioco si riferisce a uno schema coinvolto che inquadra Miller come un assassino politico, portando la maggior parte di tutti quelli che incontra a sparare prima e fare domande in seguito.
Tiny Toon Adventures - Buster and the Beanstalk (Europe) (En,Es,Pt)	Dalla serie animata Warner Bros. Steven Spielberg Presents TINY TOON ADVENTURES arriva una caccia al tesoro punta e clicca per la tua PlayStation. Giocando nei panni di Buster Bunny e Plucky Duck, Tiny Toon Adventures: The Great Beanstalk ti catapulta in un'avventura stravagante piena di bizzarri colpi di scena, svolte e mucche che cadono. Questa fiaba ti fa trovare tesori che sono stati rubati dal Gigante. Babs Bunny ti dà indizi per cercare di aiutarti a navigare nelle svolte che la trama prende, il che promette un'avventura diversa ogni volta! In questo gioco devi navigare attraverso nove diverse avventure per ottenere tre chiavi per il castello del Gigante e recuperare la gallina che depone l'uovo d'oro, una borsa piena d'oro e la magica arpa d'oro volante. In ogni terra, Babs Bunny ti darà suggerimenti per trovare i tre pezzi che compongono una chiave completa.
Tiny Toon Adventures - Plucky's Big Adventure (USA)	I giocatori si imbarcano in un'avventura con la banda di Tiny Toons in: Tiny Toon Adventures: Plucky's Big Adventure per PlayStation. Basato sulla serie animata Tiny Toons, Plucky, Hamton, Buster e Babs sono giocabili in questo titolo mentre esplorano più di 20 livelli della Acme University alla ricerca delle parti della macchina del tempo di Plucky. Mentre evitano gli incorreggibili Elvira e Max Montana, i giocatori aiutano la banda a cercare i pezzi della macchina del tempo in modo che Plucky possa viaggiare indietro nel tempo per portare a termine il suo compito.
Tiny Toon Adventures - The Great Beanstalk (USA)	Dalla serie animata Warner Bros. Steven Spielberg Presents TINY TOON ADVENTURES arriva una caccia al tesoro punta e clicca per la tua PlayStation. Giocando nei panni di Buster Bunny e Plucky Duck, Tiny Toon Adventures: The Great Beanstalk ti catapulta in un'avventura stravagante piena di bizzarri colpi di scena, svolte e mucche che cadono. Questa fiaba ti fa trovare tesori che sono stati rubati dal Gigante. Babs Bunny ti dà indizi per cercare di aiutarti a navigare nelle svolte che la trama prende, il che promette un'avventura diversa ogni volta! In questo gioco devi navigare attraverso nove diverse avventure per ottenere tre chiavi per il castello del Gigante e recuperare la gallina che depone l'uovo d'oro, una borsa piena d'oro e la magica arpa d'oro volante. In ogni terra, Babs Bunny ti darà suggerimenti per trovare i tre pezzi che compongono una chiave completa.
TOCA 2 - Touring Car Challenge (USA) (En,Fr,Es)	Touring Car Challenge: TOCA 2 è il sequel di TOCA Championship Racing. Piuttosto che concentrarsi sugli elementi di corsa tradizionali, Codemasters ha preso la meccanica e la struttura del British Touring Car Championship e le ha inserite in un CD PlayStation. Per questo motivo, la serie TOCA è considerata un gioco di corse di nicchia; qualcosa alla periferia del mainstream.
TOCA 2 Touring Cars (Europe) (Es,It)	Touring Car Challenge: TOCA 2 è il sequel di TOCA Championship Racing. Piuttosto che concentrarsi sugli elementi di corsa tradizionali, Codemasters ha preso la meccanica e la struttura del British Touring Car Championship e le ha inserite in un CD PlayStation. Per questo motivo, la serie TOCA è considerata un gioco di corse di nicchia; qualcosa alla periferia del mainstream.
TOCA Championship Racing (USA) (En,Es)	Il British Touring Car Championship ha rappresentato il picco mondiale delle corse automobilistiche berlina a metà degli anni '90, attirando il supporto della fabbrica da Audi, Renault, Ford, Volvo e molti altri costruttori. In questo gioco puoi scegliere tra tutte le squadre ei piloti ufficiali della stagione 1997, vinta da Alain Menu della Renault. Sono inclusi anche tutti i circuiti. Le auto hanno un modello di danno realistico, quindi possono perdere parti specifiche come paraurti o specchietti. Anche gli effetti meteorologici sono molto realistici. La manovrabilità dell'auto è progettata per essere dura ma realistica.
TOCA Touring Car Championship (Europe) (En,Fr,De,Es,It)	Il British Touring Car Championship ha rappresentato il picco mondiale delle corse automobilistiche berlina a metà degli anni '90, attirando il supporto della fabbrica da Audi, Renault, Ford, Volvo e molti altri costruttori. In questo gioco puoi scegliere tra tutte le squadre ei piloti ufficiali della stagione 1997, vinta da Alain Menu della Renault. Sono inclusi anche tutti i circuiti. Le auto hanno un modello di danno realistico, quindi possono perdere parti specifiche come paraurti o specchietti. Anche gli effetti meteorologici sono molto realistici. La manovrabilità dell'auto è progettata per essere dura ma realistica.
TOCA World Touring Cars (Europe) (Es,It)	Jarrett & Labonte Stock Car Racing è la versione statunitense delle European TOCA World Touring Cars di Codemasters, modificata per presentare le auto di serie al posto delle auto da turismo originali. Jason Jarrett e Justin Labonte sono più che semplici sostenitori, poiché hanno effettivamente testato il gioco e hanno dato il loro sigillo di approvazione. Il gioco contiene 40 auto personalizzabili dei migliori produttori come Ford, Honda e BMW e 23 tracciati modellati su luoghi reali. Quattro giocatori possono gareggiare contemporaneamente in modalità schermo condiviso, con un massimo di 14 vetture in pista contemporaneamente. La colonna sonora include brani di The Offspring, Moby e Methods of Mayhem e il commento sulla gara è fornito da Ned Jarrett.
Tokyo Shadow (Japan) (Disc 1)	Tokyo Shadow è un gioco di avventura pubblicato solo in Giappone per le console PLaystation e Saturn, basato su un romanzo di Aya Nishitan che ha scritto i romanzi di Digital Devil Story. Per le strade di una Tokyo moderna si svolge questo gioco d'avventura detective dell'orrore. Nella città di Shibuya Hedei viene ucciso da un demone mentre stava per un appuntamento con la sua ragazza e diventa un fantasma, dopodiché può viaggiare tra il mondo spirituale e il mondo reale sconfiggendo i demoni che sono in giro per la città e infine distruggendo il demone Meggido. Il giocatore può andare in giro per la città per trovare indizi e trovare i demoni per avanzare nel gioco. A seconda delle scelte del giocatore, il gioco presenta finali diversi. Il terzo cd presenta il cast del gioco, una galleria di immagini e un video di making off.
Tomb Raider (USA)	L'avventuriera Lara Croft è stata appena assunta da un potente sindacato per recuperare frammenti di un'antica reliquia nota come Scion. Nel suo intrepido stile acrobatico, corre, salta, nuota e si arrampica alla ricerca dell'origine e dei poteri della Scion. Lara va veloce e lascia solo tombe saccheggiate e cartucce vuote sul suo cammino.
Tomb Raider - Die Chronik (Germany)	Scopri la verità sul passato di Lara Croft attraverso quattro avventure mai viste prima. Scomparsa in Egitto, Lara è data per morta. I suoi amici più cari si ritirano per rievocare insieme il ricordo delle sue avventure passate. Ultimo episodio della saga di Tomb Raider, &quot;Sulle orme di Lara Croft&quot; è un inno a Lara e all'avventura.
Tomb Raider - La Revelation Finale (France)	Secondo la leggenda egizia, Horus, figlio della luce, sconfisse in astuzia il malvagio dio Set e lo imprigionò in una tomba segreta. Cinquemila anni dopo, Lara Croft scopre la tomba perduta e involontariamente scatena il malvagio God Set, adempiendo l'antica profezia del suo ritorno per immergere l'umanità nell'oscurità! In una corsa contro il tempo, Lara deve usare tutto il suo ingegno e la sua abilità per imprigionare Set e salvare il mondo da Armageddon. Inseguita ad ogni svolta dal suo acerrimo rivale, l'archeologo senza scrupoli Werner Von Croy, Lara intraprende un viaggio di scoperta attraverso l'Egitto, dove deve superare gli enigmi più ingegnosi e le trappole infernali mai escogitate e affrontare il male terrificante dall'oltretomba. .. Con più colpi di scena rispetto a un labirinto egiziano, questa è un'avventura d'azione che ferma il cuore; un Tomb Raider che offre davvero ... L'ultima rivelazione.
Tomb Raider - Sur les Traces de Lara Croft (France)	Scopri la verità sul passato di Lara Croft attraverso quattro avventure mai viste prima. Scomparsa in Egitto, Lara è data per morta. I suoi amici più cari si ritirano per rievocare insieme il ricordo delle sue avventure passate. Ultimo episodio della saga di Tomb Raider, &quot;Sulle orme di Lara Croft&quot; è un inno a Lara e all'avventura.
Tomb Raider - The Last Revelation (USA)	Secondo la leggenda egizia, Horus, figlio della luce, sconfisse in astuzia il malvagio dio Set e lo imprigionò in una tomba segreta. Cinquemila anni dopo, Lara Croft scopre la tomba perduta e involontariamente scatena il malvagio God Set, adempiendo l'antica profezia del suo ritorno per immergere l'umanità nell'oscurità! In una corsa contro il tempo, Lara deve usare tutto il suo ingegno e la sua abilità per imprigionare Set e salvare il mondo da Armageddon. Inseguita ad ogni svolta dal suo acerrimo rivale, l'archeologo senza scrupoli Werner Von Croy, Lara intraprende un viaggio di scoperta attraverso l'Egitto, dove deve superare gli enigmi più ingegnosi e le trappole infernali mai escogitate e affrontare il male terrificante dall'oltretomba. .. Con più colpi di scena rispetto a un labirinto egiziano, questa è un'avventura d'azione che ferma il cuore; un Tomb Raider che offre davvero ... L'ultima rivelazione.
Tomb Raider 2 (Japan)	Lara Croft è tornata. Va a scoprire il segreto del Pugnale di Xian. Secondo una misteriosa leggenda, chi scopre questo mitico pugnale otterrà il potere del drago... purché abbia il coraggio di affondarlo nel suo cuore. Le avventure di Lara iniziano sulla Grande Muraglia Cinese, ma presto dovrà perlustrare il globo alla ricerca di indizi che la condurranno al Pugnale di Xian. Ma Lara non è sola nella sua ricerca di questo misterioso oggetto, e dovrà confrontarsi con la mafia italiana e cinese e con gli adoratori di un oscuro culto tibetano.
Tomb Raider Chronicles (USA)	Scopri la verità sul passato di Lara Croft attraverso quattro avventure mai viste prima. Scomparsa in Egitto, Lara è data per morta. I suoi amici più cari si ritirano per rievocare insieme il ricordo delle sue avventure passate. Ultimo episodio della saga di Tomb Raider, &quot;Sulle orme di Lara Croft&quot; è un inno a Lara e all'avventura.
Tomb Raider Chronicles - La Leggenda di Lara Croft (Italy)	Scopri la verità sul passato di Lara Croft attraverso quattro avventure mai viste prima. Scomparsa in Egitto, Lara è data per morta. I suoi amici più cari si ritirano per rievocare insieme il ricordo delle sue avventure passate. Ultimo episodio della saga di Tomb Raider, &quot;Sulle orme di Lara Croft&quot; è un inno a Lara e all'avventura.
Tomb Raider II - Starring Lara Croft (USA)	Lara Croft è tornata. Va a scoprire il segreto del Pugnale di Xian. Secondo una misteriosa leggenda, chi scopre questo mitico pugnale otterrà il potere del drago... purché abbia il coraggio di affondarlo nel suo cuore. Le avventure di Lara iniziano sulla Grande Muraglia Cinese, ma presto dovrà perlustrare il globo alla ricerca di indizi che la condurranno al Pugnale di Xian. Ma Lara non è sola nella sua ricerca di questo misterioso oggetto, e dovrà confrontarsi con la mafia italiana e cinese e con gli adoratori di un oscuro culto tibetano.
Tomb Raider III - Adventures of Lara Croft (USA)	Lara va alla ricerca di 4 misteriosi manufatti scolpiti nella roccia di un antico meteorite. La sua nuova missione la porterà nel profondo della giungla indonesiana, nel cuore dell'India, nei ghiacci dell'Antartide, sui tetti di Londra e nella misteriosa Area 51 del Nevada. Durante i suoi viaggi Lara dovrà sventare molte trappole, risolvere nuovi enigmi e affrontare un'orda di nemici assetati di sangue. Unisciti a Lara nella sua avventura più folgorante e pericolosa. Rimarrete stupiti!
Tomb Raider III - Les Aventures de Lara Croft (France)	Lara va alla ricerca di 4 misteriosi manufatti scolpiti nella roccia di un antico meteorite. La sua nuova missione la porterà nel profondo della giungla indonesiana, nel cuore dell'India, nei ghiacci dell'Antartide, sui tetti di Londra e nella misteriosa Area 51 del Nevada. Durante i suoi viaggi Lara dovrà sventare molte trappole, risolvere nuovi enigmi e affrontare un'orda di nemici assetati di sangue. Unisciti a Lara nella sua avventura più folgorante e pericolosa. Rimarrete stupiti!
Tomb Raider IV - The Last Revelation (Japan)	Secondo la leggenda egizia, Horus, figlio della luce, sconfisse in astuzia il malvagio dio Set e lo imprigionò in una tomba segreta. Cinquemila anni dopo, Lara Croft scopre la tomba perduta e involontariamente scatena il malvagio God Set, adempiendo l'antica profezia del suo ritorno per immergere l'umanità nell'oscurità! In una corsa contro il tempo, Lara deve usare tutto il suo ingegno e la sua abilità per imprigionare Set e salvare il mondo da Armageddon. Inseguita ad ogni svolta dal suo acerrimo rivale, l'archeologo senza scrupoli Werner Von Croy, Lara intraprende un viaggio di scoperta attraverso l'Egitto, dove deve superare gli enigmi più ingegnosi e le trappole infernali mai escogitate e affrontare il male terrificante dall'oltretomba. .. Con più colpi di scena rispetto a un labirinto egiziano, questa è un'avventura d'azione che ferma il cuore; un Tomb Raider che offre davvero ... L'ultima rivelazione.
Tomb Raider V - Chronicles (Japan)	Scopri la verità sul passato di Lara Croft attraverso quattro avventure mai viste prima. Scomparsa in Egitto, Lara è data per morta. I suoi amici più cari si ritirano per rievocare insieme il ricordo delle sue avventure passate. Ultimo episodio della saga di Tomb Raider, &quot;Sulle orme di Lara Croft&quot; è un inno a Lara e all'avventura.
Tomb Raiders (Japan)	L'avventuriera Lara Croft è stata appena assunta da un potente sindacato per recuperare frammenti di un'antica reliquia nota come Scion. Nel suo intrepido stile acrobatico, corre, salta, nuota e si arrampica alla ricerca dell'origine e dei poteri della Scion. Lara va veloce e lascia solo tombe saccheggiate e cartucce vuote sul suo cammino.
Tomba! (USA)	Tombi è un ragazzo selvaggio dai capelli rosa. A seguito della morte di suo nonno vive nella foresta di un'immensa isola non segnata sulle carte geografiche, sorvegliando la sua tomba e tenendo intorno al polso l'unico oggetto che gli è rimasto del suo defunto parente: un bracciale dorato. Un giorno si imbatte nei terribili maiali Koma, mentre stanno assaltando un carretto: Tombi interviene per affrontarli, ma accidentalmente viene colpito in testa da un ramo e perde i sensi. Al risveglio, il ragazzo si accorge che i maiali hanno rubato il bracciale di suo nonno, e si lancia al loro inseguimento raggiungendo un anziano eremita per sapere dove si trovano.
Tomba! 2 - The Evil Swine Return (USA)	Tombi ha sconfitto i Maiali Cattivi e ora si rilassa, in compagnia del suo amico, lo scimmiotto Charles. Un giorno, trovandosi nel Villaggio di Tutti gli Esordi, si imbatte in alcuni Maiali Koma. Subito dopo arriva l'insetto Zippo, portandogli una lettera che ha trovato: nella lettera c'è scritto che Tabby, la loro amica, è scomparsa. Col sospetto che sia colpa dei Maiali, Tombi si avvia in cerca di Tabby. Durante il suo viaggio scoprirà che i Maiali Cattivi sono tornati in forze e sono responsabili del rapimento della ragazza. Per salvarla, dovrà sconfiggerli una seconda volta.
Tomba! The Wild Adventures (Japan)	Tombi ha sconfitto i Maiali Cattivi e ora si rilassa, in compagnia del suo amico, lo scimmiotto Charles. Un giorno, trovandosi nel Villaggio di Tutti gli Esordi, si imbatte in alcuni Maiali Koma. Subito dopo arriva l'insetto Zippo, portandogli una lettera che ha trovato: nella lettera c'è scritto che Tabby, la loro amica, è scomparsa. Col sospetto che sia colpa dei Maiali, Tombi si avvia in cerca di Tabby. Durante il suo viaggio scoprirà che i Maiali Cattivi sono tornati in forze e sono responsabili del rapimento della ragazza. Per salvarla, dovrà sconfiggerli una seconda volta.
Tombi! (Europe) (En,Es,Pt,Sv,Da)	Tombi è un ragazzo selvaggio dai capelli rosa. A seguito della morte di suo nonno vive nella foresta di un'immensa isola non segnata sulle carte geografiche, sorvegliando la sua tomba e tenendo intorno al polso l'unico oggetto che gli è rimasto del suo defunto parente: un bracciale dorato. Un giorno si imbatte nei terribili maiali Koma, mentre stanno assaltando un carretto: Tombi interviene per affrontarli, ma accidentalmente viene colpito in testa da un ramo e perde i sensi. Al risveglio, il ragazzo si accorge che i maiali hanno rubato il bracciale di suo nonno, e si lancia al loro inseguimento raggiungendo un anziano eremita per sapere dove si trovano.
Tombi! 2 (Europe)	Tombi ha sconfitto i Maiali Cattivi e ora si rilassa, in compagnia del suo amico, lo scimmiotto Charles. Un giorno, trovandosi nel Villaggio di Tutti gli Esordi, si imbatte in alcuni Maiali Koma. Subito dopo arriva l'insetto Zippo, portandogli una lettera che ha trovato: nella lettera c'è scritto che Tabby, la loro amica, è scomparsa. Col sospetto che sia colpa dei Maiali, Tombi si avvia in cerca di Tabby. Durante il suo viaggio scoprirà che i Maiali Cattivi sono tornati in forze e sono responsabili del rapimento della ragazza. Per salvarla, dovrà sconfiggerli una seconda volta.
Tombi! 2 - Contra los Cerdiablos (Spain)	Tombi ha sconfitto i Maiali Cattivi e ora si rilassa, in compagnia del suo amico, lo scimmiotto Charles. Un giorno, trovandosi nel Villaggio di Tutti gli Esordi, si imbatte in alcuni Maiali Koma. Subito dopo arriva l'insetto Zippo, portandogli una lettera che ha trovato: nella lettera c'è scritto che Tabby, la loro amica, è scomparsa. Col sospetto che sia colpa dei Maiali, Tombi si avvia in cerca di Tabby. Durante il suo viaggio scoprirà che i Maiali Cattivi sono tornati in forze e sono responsabili del rapimento della ragazza. Per salvarla, dovrà sconfiggerli una seconda volta.
Tommi Maekinen Rally (Europe) (En,Fr,De,Es,Fi)	Tommi Makinen Rally si unisce a Colin McRae Rally e V-Rally ai vertici del genere dei rally di simulazione con alcune caratteristiche impressionanti. Per cominciare, questo gioco presenta un'incredibile oltre centotrenta piste ambientate in tutto il mondo sotto la pioggia, la grandine, la neve, il sole e le ondate di calore. Se ciò non bastasse, Europress ha incluso un 3D Track Editor semplice da usare per creare e modificare le tracce a proprio piacimento con una serie di opzioni. Tommi Makinen Rally offre anche una serie di modalità di gioco tra cui la sfida Tommi Makinen, Championship, Arcade, Two Player e molte altre oltre a una serie di opzioni utili. Tutto sommato Tommi Makinen Rally ti toglierà sicuramente il fiato e con il pieno supporto Dual Shock non c'è da meravigliarsi.
Tondemo Crisis! (Japan)	Incredible Crisis segue le storie di quattro membri di una famiglia giapponese nel giorno del compleanno della nonna. Mentre ogni membro della famiglia attraversa una giornata apparentemente normale, le cose iniziano ad andare storte, molto storte. I giocatori potranno vivere le esperienze da far rizzare i capelli di questa famiglia giocando a una serie di minigiochi. Fondamentalmente, Incredible Crisis è una raccolta di minigiochi messi insieme per far avanzare la trama. I giochi spaziano da un gameplay a tempo in stile beatmania (in cui determinati pulsanti vengono premuti durante determinati battiti) all'abbattimento di aeroplani, all'attacco di UFO e persino a un certo livello di &quot;massaggio&quot; che è così analogo a un'esperienza sessuale che se i giocatori ascoltassero solo il istruzioni e meccaniche di gioco, giurerebbero che stavano giocando a un gioco classificato A per adulti.
Tony Hawk's Pro Skater 2 (USA)	Tony Hawk's Pro Skater 2 presenta il gameplay aperto della serie, in cui il giocatore (giocando come pattinatore professionista) esegue una serie di compiti che si traducono in premi in denaro. Con i soldi guadagnati, il giocatore può acquistare aggiornamenti alle proprie abilità e skateboard migliori. THPS2 è stato anche il primo gioco della serie a introdurre il manuale, un trucco da skateboard in cui l'attore resta in equilibrio su due ruote. Ciò consente ai giocatori di concatenare combo di trucchi. Il gioco ha anche introdotto i grind Noseslide, Tailslide, Bluntslide, Nosebluntside, Feeble e Overcrook. È stato anche il primo dei giochi di pattinaggio professionistico a includere le funzionalità Create-a-Skater e Park Editor, che ora sono le più grandi della serie.
Tony Hawk's Pro Skater 3 (USA)	Con questa uscita di Tony Hawk Pro Skater 3, uno dei franchise di giochi più universalmente popolari e di successo degli ultimi tempi torna a casa, la PlayStation originale che lanciò l'incomparabile serie di sport estremi nell'autunno del 1999. Anche se questo terzo capitolo è stato rilasciato a metà una dozzina di piattaforme e sono stati investiti notevoli sforzi per garantire che le versioni PS2, Xbox e GameCube fossero all'altezza del loro potenziale tecnologico &quot;next-gen&quot;, Neversoft e Activision si sono impegnati e hanno ha arricchito questa versione per PSX con tutte le innovazioni chiave, mantenendo e rafforzando il gameplay avvincente e accessibile che è al centro del successo della serie.
Topolino e le Sue Avventure (Italy)	Topolino ha amici ovunque vada. Non qui. NO Pippo! NO Minnie! NESSUNA PIETÀ! Questo è Topolino come non l'avete mai visto prima. Più veloce, più resistente e più intelligente che mai. In 26 livelli ricchi di azione, Topolino affronta un sacco di boss di sei dei suoi classici animati più cool. Da Steamboat Willie, The Mad Doctor e Mouse Hunters a Lonesome Ghosts, Topolino e il fagiolo magico e Il principe e il povero, questo è Topolino nell'avventura di una vita. Topolino Mania. Questo topo ruggisce!
Total Drivin (Europe) (En,Fr,De,Es,It,Pt)	Total Drivin è un gioco di corse con cinque diverse classi di auto (Buggy 4x4, Dakar Rally, Sports, Indy e Rally) in sei diverse località (Mosca, Isola di Pasqua, Scozia, Hong Kong, Egitto e Svizzera). Ogni posizione ha sei diverse tracce da masterizzare con un totale di 36 tracce. Le diverse tracce in realtà sono variazioni della stessa traccia solo leggermente diverse. Ad esempio, guidare con un tipo di auto diverso, direzione di retromarcia, rampe aggiunte o binari di sicurezza rimossi, condizioni meteorologiche diverse ecc. Puoi scegliere di guidare con 1 di 8 squadre diverse, ognuna con un comportamento di guida diverso, per un totale di 40 auto. È disponibile il multiplayer da 2 a 4 giocatori, utilizzando lo schermo diviso e un cavo di collegamento. Il gioco presenta anche la tipica musica rave degli anni '90. Quando la tua auto si ribalta, il gioco ti girerà di nuovo sul lato destro, ma se la tua auto va in acqua o cade nella lava il gioco finisce immediatamente.
Toushinden (Japan)	QUESTO È IL TUO INVITO ... alla lotta del secolo! I più grandi esperti di arti marziali si sono riuniti per combattere un incontro tra la vita e la morte. I combattenti in questo torneo rischiano tutto per avere la possibilità di diventare il combattente più forte e migliore del mondo. È il tuo destino di combattente raccogliere la gloria del vincitore o sopportare la vergogna del perdente! ...
Triple Play 2000 (USA)	Triple Play 2000 su Playstation, un gioco di baseball realistico, è tornato con un gran numero di giocatori e squadre direttamente dal roster ufficiale. Come sempre, puoi giocare partite individuali, un'intera stagione, playoff o persino l'Home Run Derby. La selezione del giocatore può essere controllata dal giocatore o dal computer.
Triple Play Baseball 2000 (Europe)	Triple Play 2000 su Playstation, un gioco di baseball realistico, è tornato con un gran numero di giocatori e squadre direttamente dal roster ufficiale. Come sempre, puoi giocare partite individuali, un'intera stagione, playoff o persino l'Home Run Derby. La selezione del giocatore può essere controllata dal giocatore o dal computer.
Tunguska - Legend of Faith (Europe) (En,Fr,De,Es,It)	Tunguska è un gioco di azione e avventura in 3D in cui interpreti Jack Riley, un viaggiatore interdimensionale. L'obiettivo principale è decodificare il segreto del Castello dell'Ordine Tunguska, dove si trova dopo essere stato accidentalmente intrappolato dai &quot;poteri dell'oscurità&quot;. In questo complesso thriller interpreti Jack, un giovane sfuggito alle grinfie di una setta suicida. Ad eccezione di Jack, tutti i membri del culto sono morti in un terribile incendio. Sfortunatamente, a causa di ciò Jack viene accusato e condannato per omicidio di massa e condannato a morte. All'improvviso, proprio mentre è legato alla sedia elettrica, Jack viene trasportato in un altro mondo, uno di gran lunga peggiore del suo.
Turbo Prop Racing (USA)	Rapid Racer, noto come Turbo Prop Racing in Nord America, è un videogioco di corse sviluppato da Sony Computer Entertainment Europe e pubblicato per PlayStation nel 1997. Con motoscafi superveloci, simulazioni d'acqua mai viste prima, manovrabilità estremamente realistica e la fantastica colonna sonora dell'Apollo 440. Su 18 rotte con caratteristiche intelligenti, devi superare i tuoi concorrenti a caccia tra le onde.
Tweenies - Game Time (Europe)	Tweenies è un programma televisivo rivolto ai bambini piccoli, trasmesso dalla BBC. Il programma è ambientato in un asilo nido frequentato dagli stessi quattro Tweenie: Milo, Jake, Bella e Fizz. Sono integrati da due adulti, Max e Judy, e due cani, Doodles e Izzles. I prototipi originali per i personaggi dei tweenies sono stati progettati da Sally Priesig di Mimics Productions; in seguito sono stati ridimensionati in due dimensioni per i personaggi mostrati nella serie. Inoltre, Sally ha anche progettato i costumi dei personaggi ed è stata co-costruttrice / sviluppatrice dei pupazzi a grandezza naturale dei Tweenies. Il tessuto del costume proviene dagli Stati Uniti ed è stato importato e tinto nei colori attuali; ha circa lo stesso spessore dei maglioni in pile.
Twisted Metal - Small Brawl (USA)	Twisted Metal: Small Brawl è un gioco di combattimento veicolare in cui il giocatore prende il controllo di uno dei dodici veicoli telecomandati unici. Mentre ha il controllo di un veicolo, il giocatore può accelerare, sterzare, frenare, fare retromarcia, attivare il turbo, girare con decisione, alternare e attivare le armi utilizzando il D-pad, le levette analogiche e i pulsanti del controller di gioco.
Twisted Metal - World Tour (Europe)	Twisted Metal offre combattimenti tra auto distruttivi, giocabili sia come torneo completo che come partita singola. L'azione si svolge in 8 luoghi diversi in tutto il mondo, su superfici diverse, molte delle quali presentano edifici e punti di riferimento distruttibili. Il combattimento si svolge tra una vasta gamma di veicoli che vanno da un uomo legato tra due ruote a un camion dei gelati. Hanno i loro punti di forza e di debolezza, utilizzando una disposizione eclettica di armi che includono bombe e missili, e risultando nella propria sequenza finale, completa di una linea ironica nell'umorismo.
Twisted Metal 2 (USA)	Twisted Metal offre combattimenti tra auto distruttivi, giocabili sia come torneo completo che come partita singola. L'azione si svolge in 8 luoghi diversi in tutto il mondo, su superfici diverse, molte delle quali presentano edifici e punti di riferimento distruttibili. Il combattimento si svolge tra una vasta gamma di veicoli che vanno da un uomo legato tra due ruote a un camion dei gelati. Hanno i loro punti di forza e di debolezza, utilizzando una disposizione eclettica di armi che includono bombe e missili, e risultando nella propria sequenza finale, completa di una linea ironica nell'umorismo.
Twisted Metal EX - World Tour (Japan)	Twisted Metal offre combattimenti tra auto distruttivi, giocabili sia come torneo completo che come partita singola. L'azione si svolge in 8 luoghi diversi in tutto il mondo, su superfici diverse, molte delle quali presentano edifici e punti di riferimento distruttibili. Il combattimento si svolge tra una vasta gamma di veicoli che vanno da un uomo legato tra due ruote a un camion dei gelati. Hanno i loro punti di forza e di debolezza, utilizzando una disposizione eclettica di armi che includono bombe e missili, e risultando nella propria sequenza finale, completa di una linea ironica nell'umorismo.
V-Ball - Beach Volley Heroes (Europe)	V-Ball - Beach Volley Heroes è il sequel del gioco per NES Super Spike V'Ball, un gioco arcade che si occupa di beach volley in un modo molto speciale. Ci sono diverse squadre tra cui scegliere, come soldati, ninja, calciatori e così via, e ognuna di esse ha le proprie mosse ed effetti speciali. Ci sono comandi sia per i colpi pesanti che per quelli leggeri, che ti fanno scegliere la forza per colpire e lanciare la palla. Non ci sono barre di potenza e una volta colpita, la palla vola automaticamente sul lato opposto. Le mosse speciali possono essere attivate ogni volta che premi determinate combinazioni di pulsanti (triangolo e cerchio, cerchio e croce, ecc.) Al momento giusto. Se è una mossa di difesa, ad esempio, devi farlo in risposta ad altri attacchi. C'è una modalità Torneo, che è il principale intrattenimento da solista (anche se puoi anche giocare partite singole contro l'IA), ma questo gioco è chiaramente progettato intorno alla modalità giocatore contro giocatore, per partite arcade contro avversari umani.
V-Beach Volleyball (Europe) (En,Fr,De,Es,It) (Beta) (2000-04-21)	Infogrames porta il beach volley due contro due sulla PlayStation in Power Spike Pro Beach Volleyball. Il gioco è concesso in licenza dalla FIVB e presenta 40 veri eroi della pallavolo come Gabrielle Reece e Sinjin Smith. Sono presenti anche luoghi di vita reale, con spettacoli in 14 luoghi diversi in tutto il mondo, tra cui Sidney, Osaka e Los Angeles. C'è anche un'opzione per i giocatori di progettare le proprie superstar del beach volley. Il gioco integra un sistema basato su icone per il posizionamento preciso di dossi, scavi e punte. Con un multi-tap e un numero sufficiente di controller, fino a quattro giocatori possono competere contemporaneamente in Power Strike Pro Beach Volleyball, ognuno controllando una stella diversa della pallavolo nelle squadre di due persone in competizione.
V-Rally - 97 Championship Edition (Europe) (En,Fr,De)	V-Rally '97 include 11 veicoli da rally con licenza e oltre 40 piste con condizioni meteorologiche, terreno e ora del giorno variabili. Regola liberamente parametri come sospensioni, rapporti del cambio e sterzo prima di competere nelle seguenti tre modalità di gioco: Arcade, Campionato e Prova a tempo. Arcade ti fa avanzare attraverso più competizioni raggruppate per difficoltà, ciascuna composta da quattro fasi. Il campionato è un torneo di otto gare che prevede di guadagnare punti per ogni top-tre finale, mentre la prova a tempo ti consente di competere contro il tempo o con un altro veicolo. V-Rally include anche corse testa a testa tramite display a schermo diviso, impostazioni di difficoltà regolabili e viste multiple della telecamera. È necessaria una scheda di memoria per salvare i progressi e le configurazioni del controller. CaratteristichennScegli tra 11 autentici veicoli da rally per competere su oltre 40 pistennInclude tre modalità di gioco: Arcade, Championship e Time TrialnnSfida un amico tramite la visualizzazione a schermo diviso
V-Rally - Championship Edition (Japan)	V-Rally '97 include 11 veicoli da rally con licenza e oltre 40 piste con condizioni meteorologiche, terreno e ora del giorno variabili. Regola liberamente parametri come sospensioni, rapporti del cambio e sterzo prima di competere nelle seguenti tre modalità di gioco: Arcade, Campionato e Prova a tempo. Arcade ti fa avanzare attraverso più competizioni raggruppate per difficoltà, ciascuna composta da quattro fasi. Il campionato è un torneo di otto gare che prevede di guadagnare punti per ogni top-tre finale, mentre la prova a tempo ti consente di competere contro il tempo o con un altro veicolo. V-Rally include anche corse testa a testa tramite display a schermo diviso, impostazioni di difficoltà regolabili e viste multiple della telecamera. È necessaria una scheda di memoria per salvare i progressi e le configurazioni del controller. CaratteristichennScegli tra 11 autentici veicoli da rally per competere su oltre 40 pistennInclude tre modalità di gioco: Arcade, Championship e Time TrialnnSfida un amico tramite la visualizzazione a schermo diviso
V-Rally - Championship Edition 2 (Europe) (En,Fr,De)	V-Rally 2 è un gioco basato sul mondo delle corse di rally. Qui l'abilità di guida di precisione è più importante. In ogni macchina ci sono due persone, un autista e un navigatore. Ci sono 84 gare in cui competere con piste in tutto il mondo. Se questo non ti basta, crea le tue tracce con il nuovissimo Track Editor. V-Rally 2 include 16 auto diverse, da Toyota a Mitsubishi e tutto il resto. Nella modalità Arcade, quattro concorrenti competono in una corsa contro il tempo. La modalità V-Rally Trophy è composta da tre diversi gruppi di piste (Euro Trophy, World Trophy e Expert Trophy) e devi cercare di raccogliere tutti i pezzi di metallo lucido. La modalità Campionato è dove otto concorrenti si sfidano per vincere il titolo di Campione Europeo, Campione del Mondo o Esperto. Ogni pilota guarda il tempo e poi i primi sei piloti guadagnano punti. Alla fine dell'ultimo round, il corridore con il maggior numero di punti vince il campionato. V-Rally 2 offre un'azione a schermo condiviso per quattro giocatori, così tu ei tuoi amici potrete divertirvi cercando di superare i tempi a vicenda. Puoi anche danneggiare la tua auto, quindi fai attenzione ad alcuni amici in cerca di vendetta. Il gioco supporta la funzionalità di vibrazione, il controllo analogico, l'adattatore Multi-Tap e 3-15 blocchi di spazio richiesto su qualsiasi scheda di memoria.
Vagrant Story (USA)	Nei panni dell'agente speciale Ashley Riot, la tua missione è infiltrarti nella città del male, Leá monde. usa la tua furtività e abilità di combattimento per superare i grandi pericoli che ti aspettano in questo mondo misterioso e padroneggia l'arte della magia per scoprire la &quot;verità&quot; dietro l'intrigo politico. Vivi questa fantastica avventura in un ambiente tridimensionale riccamente dettagliato. Un rivoluzionario sistema di battaglia che consente attacchi e combo in tempo reale.
Valkyrie Profile (USA) (Disc 1)	Valkyrie Profile trae profonda ispirazione dalla mitologia norrena o scandinava, da cui riprende numerosi personaggi e che definisce in gran parte il concept innovativo del gioco. Secondo questa mitologia, le Valchirie erano le serve personali di Odino, il più importante degli dei, e il loro compito principale era quello di trasportare nel Valhalla, il palazzo dei caduti, le anime dei mortali più coraggiosi uccisi in combattimento, i cosiddetti chiamati einherjar, per far parte dell'esercito degli Aesir, comandato da Odino. L'imminenza della battaglia decisiva tra le due razze degli dei, gli Aesir e i Vanir, è ciò che giustifica l'importanza della missione affidata alla Valchiria Lenneth.
Vampire Hunter D (USA)	Vampire Hunter D è un gioco di azione e avventura che si gioca come il primo Resident Evil. Sono presenti sfondi pre-renderizzati e tutti i personaggi sono animati in 3D. I giocatori utilizzano l'arma caratteristica di D, la sua enorme spada lunga, nonché i suoi speciali poteri da vampiro (compresi poteri curativi, offensivi e difensivi), per combattere le orde di creature malvagie che vivono nelle sale e nelle camere del castello demoniaco. Dovrai anche risolvere enigmi, sbloccare porte e recuperare oggetti chiave per avanzare verso le profondità e le altezze del castello, per rivelare finalmente il vero potere malvagio che muove i fili di questa macabra storia.
Vandal Hearts (USA)	Vandal Hearts è un gioco di ruolo tattico su Playstation. Preparatevi a un'avventura attraverso la battaglia del bene contro il male. Alza la tua spada o i tuoi poteri magici per conquistare un impero tormentato dalla vendetta.
Vandal Hearts - Ushinawareta Kodai Bunmei (Japan)	Vandal Hearts è un gioco di ruolo tattico su Playstation. Preparatevi a un'avventura attraverso la battaglia del bene contro il male. Alza la tua spada o i tuoi poteri magici per conquistare un impero tormentato dalla vendetta.
Vanishing Point (USA)	Vanishing Point è un gioco di corse in stile arcade che ruota attorno allo sblocco di auto e piste avanzando nelle manche dei tornei. All'inizio del gioco, le uniche auto disponibili sono una Ford Mustang Cobra SVT o Ford Explorer, e c'è solo una pista su cui correre. Ma guadagnare il primo posto sblocca tracce aggiuntive, auto come Audi TT, BMW 325i e Dodge Viper GTS e funzionalità extra come il Tune-Up Shop. L'altra caratteristica principale del gioco è la modalità Stunt Driver, che consiste in una serie di sfide a tempo come salti e percorsi di slalom. Più velocemente completi ogni sfida, più punti acrobazia ricevi per sbloccare acrobazie aggiuntive. Sono disponibili anche le modalità Gara singola e Prova a tempo. L'unica modalità inizialmente giocabile per due giocatori è Single Race, ma è possibile sbloccare due sfide aggiuntive chiamate Balloon Buster e Chicken. Balloon Buster ti fa correre su una pista piena di palloncini colorati. Far scoppiare i palloncini del tuo colore sottrae un secondo al tuo tempo, mentre far scoppiare quelli dell'avversario aggiunge due secondi. Chicken pit due corridori su una pista che va in direzioni opposte.
Viewpoint (USA)	Viewpoint è uno sparatutto arcade isometrico, pubblicato nel 1992 da SNK per la piattaforma arcade Neo-Geo. Per impostazione predefinita, 1P e 2P possono essere riprodotti solo uno dopo l'altro; Tuttavia, in modalità di servizio, è possibile abilitare la riproduzione simultanea. La versione Sony PlayStation, sviluppata da Visual Concepts, presentava immagini e suoni rifatti, mentre il gioco stesso rimane fedele al gioco originale con design di livello e boss. Presenta sei mondi crivellati di robot ambientati in una prospettiva di tre quarti. Sempre più complessi man mano che il gioco procede, i livelli sono stati resi con trame CGI SGI, nemici e vari effetti di esplosione. Alla fine di determinati livelli, i giocatori dovranno affrontare grandi boss meccanizzati. Uno o due giocatori (in modalità cooperativa o hot-seat) controllano un'astronave dotata di un cannone laser che può essere caricato (tenendo premuto il pulsante di fuoco) per un'esplosione più forte. Oltre all'arma principale, sono disponibili tre armi speciali: un muro di fuoco che offusca lo schermo in un'onda, un'esplosione simile a una nova e un cerchio di missili guidati verdi sferici.
Vigilante 8 (USA)	Prendi la legge nelle tue mani. Questo gioco si svolge negli Stati Uniti occidentali durante un periodo di carenza mondiale di petrolio nel 1976. OMAR (Oil Monopoly Alliance Regime) stava facendo soldi con la carenza, tranne che negli Stati Uniti OMAR assume il miglior terrorista che $ 100 milioni potrebbe comprare: Sid Burn. Il suo compito, aiutato da 5 Coyote assunti, è distruggere tutte le raffinerie di gas nel sud-ovest degli Stati Uniti in modo che OMAR possa mettere in ginocchio gli Stati Uniti. Poi più tardi, quando i prezzi del gas sono impazziti, 6 civili di nome Vigilantes, guidati dal convoglio di camionisti, combattono contro i Coyote in diverse aree per impedire a OMAR di avere successo. Scegli tra 8 personaggi con finali diversi con le auto che vanno dalle classiche muscle car degli anni '70 a uno scuolabus, ognuna carica di armi di ogni tipo. Molti sbloccabili includono 2 livelli nascosti (3 livelli nascosti nella versione N64) e 5 personaggi e auto nascosti. Il multiplayer, ovviamente, è dove si trova. La versione PSX consente a 2 giocatori, mentre il titolo N64 consente a 4 di affrontarsi testa a testa.
Vigilante 8 - 2nd Battle (Japan)	La storia di Vigilante 8: Second Offense è incentrata sull'ingerenza internazionale di un conglomerato petrolifero del futuro noto come OMAR (Oil Monopoly Alliance Regime). Dopo aver trovato un braccialetto elettronico nel bagno di una stazione di servizio, l'ex Watchman Slick Clyde è passato sotto il controllo di OMAR. Facendosi strada fino al grado di maggiore, è diventato l'amministratore delegato di OMAR, riuscendo a monopolizzare tutto il commercio mondiale di petrolio con la sola eccezione degli Stati Uniti. Con l'aiuto del suo studente e assassino, Obake, ha rubato la tecnologia per permettergli di viaggiare nel tempo. Portando con sé Obake e il suo assassino cibernetico, Dallas 13, fece il salto nel 1970 per danneggiare gli Stati Uniti e portare OMAR al dominio totale. Apparsi nel 1970, i tre veicoli cercarono Convoy, l'ex leader degli Osservatori. Non appena lo hanno visto, i tre veicoli hanno aperto il fuoco.
Vigilante 8 - 2nd Offense (USA)	La storia di Vigilante 8: Second Offense è incentrata sull'ingerenza internazionale di un conglomerato petrolifero del futuro noto come OMAR (Oil Monopoly Alliance Regime). Dopo aver trovato un braccialetto elettronico nel bagno di una stazione di servizio, l'ex Watchman Slick Clyde è passato sotto il controllo di OMAR. Facendosi strada fino al grado di maggiore, è diventato l'amministratore delegato di OMAR, riuscendo a monopolizzare tutto il commercio mondiale di petrolio con la sola eccezione degli Stati Uniti. Con l'aiuto del suo studente e assassino, Obake, ha rubato la tecnologia per permettergli di viaggiare nel tempo. Portando con sé Obake e il suo assassino cibernetico, Dallas 13, fece il salto nel 1970 per danneggiare gli Stati Uniti e portare OMAR al dominio totale. Apparsi nel 1970, i tre veicoli cercarono Convoy, l'ex leader degli Osservatori. Non appena lo hanno visto, i tre veicoli hanno aperto il fuoco.
Viva Football (Europe) (En,Fr,De,Es,It,Pt)	Il gioco presenta tutte le squadre internazionali tra la Coppa del Mondo del 1958 e la Coppa del Mondo del 1998, un totale di 1035 squadre e oltre 16.000 giocatori della vita reale. I giocatori possono scegliere tra la modalità amichevole che ti consente di selezionare qualsiasi squadra e creare i tuoi matchup per giocare contro il computer o un amico, o una modalità Storia che ha permesso ai giocatori di partecipare a qualsiasi Coppa del Mondo dal 1958 al 1998. Possono anche giocare in una modalità Training per mettere in pratica le proprie abilità. Non c'erano commenti nel gioco. Invece il gioco prevedeva la chat del giocatore in cui la lingua del discorso del giocatore può essere modificata in opzioni che includevano la possibilità per i giocatori di parlare nella propria lingua madre.
Viva Soccer (USA) (En,Fr,De,Es,It,Pt)	Il gioco presenta tutte le squadre internazionali tra la Coppa del Mondo del 1958 e la Coppa del Mondo del 1998, un totale di 1035 squadre e oltre 16.000 giocatori della vita reale. I giocatori possono scegliere tra la modalità amichevole che ti consente di selezionare qualsiasi squadra e creare i tuoi matchup per giocare contro il computer o un amico, o una modalità Storia che ha permesso ai giocatori di partecipare a qualsiasi Coppa del Mondo dal 1958 al 1998. Possono anche giocare in una modalità Training per mettere in pratica le proprie abilità. Non c'erano commenti nel gioco. Invece il gioco prevedeva la chat del giocatore in cui la lingua del discorso del giocatore può essere modificata in opzioni che includevano la possibilità per i giocatori di parlare nella propria lingua madre.
VR Golf '97 (USA) (En,Fr)	Il secondo gioco di golf di Interplay per PlayStation presenta sei percorsi 3D e una telecamera personalizzabile che mostrerà il tuo giocatore o la tua pallina da diverse prospettive. Il tiro comporta la pressione del pulsante di temporizzazione per determinare sia la potenza che la precisione; Draw e fade possono essere applicati anche prima di iniziare lo swing. I tipi di gioco includono allenamento, colpi, partite, skin, quartetto, quattro palle e round sia per dilettanti che per professionisti. Personalizza l'aspetto del tuo golfista catturato in movimento e imposta le condizioni meteorologiche prima di mettere piede sui collegamenti digitali. Altre caratteristiche chiave includono un'opzione di riproduzione con 15 angoli e una scelta di tre commentatori, tra cui Pat O'Brien, Peter Alliss e Tony Adamson. La serie VR Golf è conosciuta come Actua Golf nei mercati europei.
Wacky Races (Europe) (En,Fr,De,Es,It,Nl)	Wacky Races è una popolare serie di cartoni animati che prende vita sotto forma di un folle e stravagante videogioco di corse da Infogrames. Questo folle gioco di corse è pronto per infiammare la PlayStation con tutti i personaggi oltraggiosi del famoso cartone animato Wacky Races, come Penelope Pitstop, Dick Dastardly, il suo compagno Muttley e molti altri personaggi dello spettacolo. Ci sono numerose modalità di gioco disponibili per il giocatore tra cui Arcade, Championship, Time Trial, Endurance e Versus. In ogni modalità, i giocatori demoliranno i suoi nemici con una varietà di armi e gadget stravaganti che possono essere raccolti sulla pista da corsa lungo il percorso.
Wai Wai Kart (Japan) (Major Wave)	Questa versione dal valore aggiunto arriva in Nord America per gentile concessione di Tommo e A1 Games. Gioca nei panni di uno dei 12 corridori che competono per il primo posto su sette diverse piste da corsa, che includono pavimentazioni e paesaggi ghiacciati. Tre modalità di gioco includono: Grand Prix, Time Attack e Two-Player Versus. Usa la tecnica della derapata e afferra le capsule turbo disseminate sui percorsi di gara per darti un vantaggio competitivo.
Waku Waku Volley (Japan)	Waku Waku Volley è un gioco di pallavolo che presenta diverse modalità di gioco: Modalità mondo: modalità classica con squadre di 6 giocatori in cui il gioco presenta 8 diversi paesi tra cui scegliere: Italia, Paesi Bassi, Russia, Cuba, Brasile, Cina, Giappone e Stati Uniti. 2 giocatori umani possono giocare nella stessa squadra. Modalità Esibizione: gioca una partita veloce. Modalità spiaggia: Beach volley con squadre di 2 personaggi. 2 giocatori umani possono giocare nella stessa squadra contro il computer o altri giocatori umani. Modalità allenamento: pratica i movimenti di servizio, ricezione e attacco. Ci sono anche nuove modalità sbloccabili come il World Beach Volley in quella modalità uno o due giocatori possono giocare7 contro il computer in 8 spiagge da tutto il mondo e scegliere tra 8 squadre: Italia, Paesi Bassi, Russia, Cuba, Brasile, Cina, Giappone e Stati Uniti d'America
Walt Disney El Libro de la Selva - Muevete con Ritmo (Spain)	Disney Il Libro della Giungla noto nei mercati nordamericani The Jungle Book Rhythm N'Groove è un videogioco musicale di Disney Il Libro della Giungla. Ha come protagonisti molti personaggi del film. Alcune canzoni come &quot;Lo stretto necessario&quot; e &quot;Voglio essere come te&quot; provengono dal film originale; le nuove canzoni sono state scritte da Nicolas Maranda, che ha anche arrangiato tutte le canzoni. Questo gioco è realizzato nello stile di Dance Dance Revolution in cui il giocatore segue le frecce su una pista da ballo.
Walt Disney Il Libro della Giungla - Il Ballo della Giungla (Italy)	Disney Il Libro della Giungla noto nei mercati nordamericani The Jungle Book Rhythm N'Groove è un videogioco musicale di Disney Il Libro della Giungla. Ha come protagonisti molti personaggi del film. Alcune canzoni come &quot;Lo stretto necessario&quot; e &quot;Voglio essere come te&quot; provengono dal film originale; le nuove canzoni sono state scritte da Nicolas Maranda, che ha anche arrangiato tutte le canzoni. Questo gioco è realizzato nello stile di Dance Dance Revolution in cui il giocatore segue le frecce su una pista da ballo.
Walt Disney Ksiega Dzungli - Groove Party (Poland)	Disney Il Libro della Giungla noto nei mercati nordamericani The Jungle Book Rhythm N'Groove è un videogioco musicale di Disney Il Libro della Giungla. Ha come protagonisti molti personaggi del film. Alcune canzoni come &quot;Lo stretto necessario&quot; e &quot;Voglio essere come te&quot; provengono dal film originale; le nuove canzoni sono state scritte da Nicolas Maranda, che ha anche arrangiato tutte le canzoni. Questo gioco è realizzato nello stile di Dance Dance Revolution in cui il giocatore segue le frecce su una pista da ballo.
Walt Disney Le Livre de la Jungle - Groove Party (France)	Disney Il Libro della Giungla noto nei mercati nordamericani The Jungle Book Rhythm N'Groove è un videogioco musicale di Disney Il Libro della Giungla. Ha come protagonisti molti personaggi del film. Alcune canzoni come &quot;Lo stretto necessario&quot; e &quot;Voglio essere come te&quot; provengono dal film originale; le nuove canzoni sono state scritte da Nicolas Maranda, che ha anche arrangiato tutte le canzoni. Questo gioco è realizzato nello stile di Dance Dance Revolution in cui il giocatore segue le frecce su una pista da ballo.
Walt Disney's Jungle Boek - Groove Party (Netherlands)	Disney Il Libro della Giungla noto nei mercati nordamericani The Jungle Book Rhythm N'Groove è un videogioco musicale di Disney Il Libro della Giungla. Ha come protagonisti molti personaggi del film. Alcune canzoni come &quot;Lo stretto necessario&quot; e &quot;Voglio essere come te&quot; provengono dal film originale; le nuove canzoni sono state scritte da Nicolas Maranda, che ha anche arrangiato tutte le canzoni. Questo gioco è realizzato nello stile di Dance Dance Revolution in cui il giocatore segue le frecce su una pista da ballo.
Walt Disney's The Jungle Book - Groove Party (Europe)	Disney Il Libro della Giungla noto nei mercati nordamericani The Jungle Book Rhythm N'Groove è un videogioco musicale di Disney Il Libro della Giungla. Ha come protagonisti molti personaggi del film. Alcune canzoni come &quot;Lo stretto necessario&quot; e &quot;Voglio essere come te&quot; provengono dal film originale; le nuove canzoni sono state scritte da Nicolas Maranda, che ha anche arrangiato tutte le canzoni. Questo gioco è realizzato nello stile di Dance Dance Revolution in cui il giocatore segue le frecce su una pista da ballo.
Walt Disney's The Jungle Book - Rhythm n' Groove (USA)	Disney Il Libro della Giungla noto nei mercati nordamericani The Jungle Book Rhythm N'Groove è un videogioco musicale di Disney Il Libro della Giungla. Ha come protagonisti molti personaggi del film. Alcune canzoni come &quot;Lo stretto necessario&quot; e &quot;Voglio essere come te&quot; provengono dal film originale; le nuove canzoni sono state scritte da Nicolas Maranda, che ha anche arrangiato tutte le canzoni. Questo gioco è realizzato nello stile di Dance Dance Revolution in cui il giocatore segue le frecce su una pista da ballo.
Walt Disneyn Viidakkokirja - Svengiseikkailu (Finland)	Disney Il Libro della Giungla noto nei mercati nordamericani The Jungle Book Rhythm N'Groove è un videogioco musicale di Disney Il Libro della Giungla. Ha come protagonisti molti personaggi del film. Alcune canzoni come &quot;Lo stretto necessario&quot; e &quot;Voglio essere come te&quot; provengono dal film originale; le nuove canzoni sono state scritte da Nicolas Maranda, che ha anche arrangiato tutte le canzoni. Questo gioco è realizzato nello stile di Dance Dance Revolution in cui il giocatore segue le frecce su una pista da ballo.
Walt Disneys Das Dschungelbuch - Groove Party (Germany)	Disney Il Libro della Giungla noto nei mercati nordamericani The Jungle Book Rhythm N'Groove è un videogioco musicale di Disney Il Libro della Giungla. Ha come protagonisti molti personaggi del film. Alcune canzoni come &quot;Lo stretto necessario&quot; e &quot;Voglio essere come te&quot; provengono dal film originale; le nuove canzoni sono state scritte da Nicolas Maranda, che ha anche arrangiato tutte le canzoni. Questo gioco è realizzato nello stile di Dance Dance Revolution in cui il giocatore segue le frecce su una pista da ballo.
Walt Disneys Djungelboken - Groove Party (Sweden)	Disney Il Libro della Giungla noto nei mercati nordamericani The Jungle Book Rhythm N'Groove è un videogioco musicale di Disney Il Libro della Giungla. Ha come protagonisti molti personaggi del film. Alcune canzoni come &quot;Lo stretto necessario&quot; e &quot;Voglio essere come te&quot; provengono dal film originale; le nuove canzoni sono state scritte da Nicolas Maranda, che ha anche arrangiato tutte le canzoni. Questo gioco è realizzato nello stile di Dance Dance Revolution in cui il giocatore segue le frecce su una pista da ballo.
Walt Disneys Jungelboken - Groove Party (Norway)	Disney Il Libro della Giungla noto nei mercati nordamericani The Jungle Book Rhythm N'Groove è un videogioco musicale di Disney Il Libro della Giungla. Ha come protagonisti molti personaggi del film. Alcune canzoni come &quot;Lo stretto necessario&quot; e &quot;Voglio essere come te&quot; provengono dal film originale; le nuove canzoni sono state scritte da Nicolas Maranda, che ha anche arrangiato tutte le canzoni. Questo gioco è realizzato nello stile di Dance Dance Revolution in cui il giocatore segue le frecce su una pista da ballo.
Walt Disneys Junglebogen - Groove Party (Denmark)	Disney Il Libro della Giungla noto nei mercati nordamericani The Jungle Book Rhythm N'Groove è un videogioco musicale di Disney Il Libro della Giungla. Ha come protagonisti molti personaggi del film. Alcune canzoni come &quot;Lo stretto necessario&quot; e &quot;Voglio essere come te&quot; provengono dal film originale; le nuove canzoni sono state scritte da Nicolas Maranda, che ha anche arrangiato tutte le canzoni. Questo gioco è realizzato nello stile di Dance Dance Revolution in cui il giocatore segue le frecce su una pista da ballo.
WarCraft II - The Dark Saga (USA) (En,Fr,De,Es,It)	Warcraft II: The Dark Saga è un gioco di strategia in tempo reale per Playstation. Il titolo è in realtà un'unione di Warcraft II: Tides of Darkness e della sua espansione Beyond The Dark Portal. In venti missioni guiderai gli umani e gli elfi o l'orda di orchi e combatterai per il controllo di Azeroth.
Warhammer - Dark Omen (USA)	Questo seguito di Warhammer: Shadow Of The Horned Rat è un gioco di ruolo dall'alto in cui interpreti Morgan Bernhardt. Il gioco consiste in una serie di battaglie in cui puoi vedere la battaglia dall'alto tramite una vista ruotabile. Affronterai il gioco gestendo il tuo esercito, decidendo se combattere in battaglie opzionali e avanzando attraverso una trama profonda e avvincente attraverso una serie di conversazioni interpretate da ritratti parlanti.
Warhammer - Shadow of the Horned Rat (USA)	Warhammer: Shadow of the Horned Rat offre oltre 25 diversi tipi di truppe, 20 incantesimi e nove caratteristiche per ogni reggimento: movimento, abilità con le armi, abilità balistiche, forza, costituzione, ferite, iniziativa, attacco e capacità di comando. Per salvare i progressi della campagna, i giocatori devono avere una scheda di memoria con almeno un blocco libero. Le battaglie consistono in due fasi: schieramento e combattimento in tempo reale. Lo schieramento ti consente di posizionare i tuoi reggimenti all'interno di un'area designata da bandiere bianche. Ciò comporta girarli per affrontare determinati nemici, impartire ordini di attaccare, muoversi (inclusa l'impostazione di waypoint e anelli di pattuglia) o semplicemente mantenere il terreno. Il combattimento implica caricare il nemico, usare incantesimi (se disponibili) o sparare con armi a lungo raggio, come frecce o catapulte. Naturalmente, la linea di vista e il terreno influenzeranno il successo dei tuoi attacchi e anche il livello di emozione (paura, odio o frenesia) e l'esperienza delle tue truppe giocheranno un ruolo significativo. Ogni campo di battaglia può anche contenere vari oggetti magici che potrebbero aiutare nelle battaglie future.
Wild Arms (USA)	Wild Arms è il primo di una saga di una breve ma intensa saga RPG per varie piattaforme Playstation, lo stile di gioco è il classico in questo momento, combattimento a turni ma l'ambientazione, come nel resto della saga, lo rende speciale. , dal momento che possiamo vedere le caratteristiche del selvaggio West e una musica molto attenta con grandi colonne sonore in stile occidentale, il tutto mescolato con ARM in stile futuristico e robot giganti chiamati Golem, cosa si può chiedere di più. Durante il gioco controlli tre personaggi: Rudy, un vagabondo che usa ARMS, Jack, un cacciatore di tesori, e Cecilia, un'apprendista assistente, ognuno con le proprie caratteristiche. Dovranno salvare Filgaia (il nome del mondo in cui viviamo ) dal male cercando di distruggerlo. Successivamente è stato realizzato un remake per PS2 chiamato Alter code: F con grafica, musica, personaggi e una storia estesa migliori.
Wild Arms - 2nd Ignition (Japan) (Disc 1)	&quot;Wild Arms 2&quot; non è realmente un sequel del titolo originale di Sony. Il tuo eroe, un giovane soldato Ashley, si trasforma in un demone. Ashley è determinata a eliminare il male dal suo corpo. Incontra Brad, un criminale e un eroe di guerra, e Lilka, una maga. Insieme, iniziano un viaggio per scoprire i nemici sconosciuti che hanno corrotto Ashley, ma presto scoprono che è avvenuta una cospirazione molto più grande ... Il sistema di combattimento di &quot;Wild Arms&quot; è molto simile a quello dei giochi di Final Fantasy: attacchi a turni e una scelta di menu di attacchi fisici, incantesimi e persino Guardiani, che sono più o meno gli stessi delle Guardian Forces in &quot;Final Fantasy VIII&quot;. Le &quot;Armi&quot; sono abilità speciali che i membri del gruppo imparano mentre progrediscono nel gioco. &quot;Wild Arms 2&quot; ha anche molti elementi di avventura, che lo collegano ai giochi Zelda di Nintendo. I dungeon (che possono - e devono - essere visualizzati ruotando la telecamera) contengono molti enigmi da risolvere.
Wild Arms 2 (USA) (Disc 1)	&quot;Wild Arms 2&quot; non è realmente un sequel del titolo originale di Sony. Il tuo eroe, un giovane soldato Ashley, si trasforma in un demone. Ashley è determinata a eliminare il male dal suo corpo. Incontra Brad, un criminale e un eroe di guerra, e Lilka, una maga. Insieme, iniziano un viaggio per scoprire i nemici sconosciuti che hanno corrotto Ashley, ma presto scoprono che è avvenuta una cospirazione molto più grande ... Il sistema di combattimento di &quot;Wild Arms&quot; è molto simile a quello dei giochi di Final Fantasy: attacchi a turni e una scelta di menu di attacchi fisici, incantesimi e persino Guardiani, che sono più o meno gli stessi delle Guardian Forces in &quot;Final Fantasy VIII&quot;. Le &quot;Armi&quot; sono abilità speciali che i membri del gruppo imparano mentre progrediscono nel gioco. &quot;Wild Arms 2&quot; ha anche molti elementi di avventura, che lo collegano ai giochi Zelda di Nintendo. I dungeon (che possono - e devono - essere visualizzati ruotando la telecamera) contengono molti enigmi da risolvere.
Williams Arcade's Greatest Hits (USA)	Raccogliendo sei giochi arcade della prima metà degli anni '80 su un CD, Williams Arcade's Greatest Hits include: Robotron 2084, in cui controlli un robot che spara in tutte le direzioni, uccidendo migliaia di nemici e salvando innocenti; Joust, che è una giostra volante ambientata nell'era dei dinosauri; Sinistar, uno sparatutto simile agli Asteroidi ma con un demone parlante che devi distruggere; Defender e Defender II (originariamente chiamati Stargate nelle sale giochi), sparatutto spaziali che scorrono sia a sinistra che a destra, proprio come le tue navi possono sparare sia a sinistra che a destra; e Bubbles, un gioco in cui sei una bolla, e devi eliminare ragni e altri cattivi da un lavandino mentre cerchi di evitare lamette e altri pericoli. Dei sei giochi di questa collezione, Bubbles è di gran lunga il più oscuro e ha avuto meno successo commerciale nelle sale giochi.
Wipeout 2097 (Europe)	WipEout 2097 per Playstation mette il giocatore ai comandi di navi da corsa ultraveloci lungo circuiti completamente folli dove il primo posto si ottiene solo con missili e altre armi distruttive. È presente una modalità multipla per affrontare i tuoi amici.
Wipeout XL (USA)	WipEout 2097 per Playstation mette il giocatore ai comandi di navi da corsa ultraveloci lungo circuiti completamente folli dove il primo posto si ottiene solo con missili e altre armi distruttive. È presente una modalità multipla per affrontare i tuoi amici.
World Destruction League - Thunder Tanks (USA)	World Destruction League: Thunder Tanks è un gioco d'azione per la Playstation. Nel 2062 dopo la guerra nucleare, gli umani immaginano il massimo dell'intrattenimento: la World Destruction League, una serie di tornei tra carri armati sovra-armati nelle arene. Immergiti nei 20 livelli e nelle 7 ambientazioni che compongono il gioco in cui la distruzione regna sovrana.
World Destruction League - WarJetz (USA)	World Destruction League - Warjetz, il secondo titolo della serie World Destruction League di 3DO è ambientato nello stesso futuro post-apocalittico del primo gioco. Cittadini di tutto il mondo si sintonizzano per assistere a gare violente e distruttive di abilità e resistenza mentre potenti macchine da guerra vanno in battaglia per divertimento e profitto. Mentre il primo rilascio della serie Thunder Tanks si concentrava sul combattimento a terra, WarJetz offre combattimenti in alto nei cieli sopra. I giocatori prendono il volo su velivoli da combattimento modificati per combattere in ambienti distruttibili e renderizzati in 3D ambientati in tutto il mondo, ogni guerriero spera di sconfiggere tutti gli oppositori, sopravvivere alla competizione e guadagnare il grado esclusivo di WDL: WarJetz Air Lord. Caratteristiche: - Prendi il volo in uno degli otto aeroplani armati e ingaggia un feroce combattimento aereo - Combatti per l'Antartide, New York, Panama e altre 25 arene - Azione per uno e due giocatori in otto modalità di gioco
World Soccer Jikkyou Winning Eleven 2000 - U-23 Medal e no Chousen (Japan)	È il primo gioco ISS Pro con le licenze appropriate, anche se parziali, di alcuni giocatori con nomi reali. Es: Beckham invece di Bekham (ISS Pro Evolution). Il gioco ha una Master League estesa, con 2 divisioni e otto club in più, per un totale di ventiquattro squadre di club, come Leeds United e Boca Juniors. Sono state aggiunte anche altre squadre internazionali. Insieme a queste aggiunte, il gioco è cambiato, poiché è più fluido e realistico. La versione giapponese del gioco contiene squadre nazionali Under 23 e la squadra nazionale di calcio australiana Under 23, che non sono presenti nelle versioni al di fuori del Giappone.
World Soccer Jikkyou Winning Eleven 4 (Japan)	ISS Pro Evolution è un terzo videogioco della serie ISS prodotto da Konami appositamente per Playstation. In Giappone è stato rilasciato come Winning Eleven 4. Il motore è stato ricreato fornendo nuovi movimenti del giocatore, animazioni e grafica migliorata. Durante la promozione sono stati usati i seguenti slogan: &quot;Il re del calcio ritorna&quot;, &quot;Questo è davvero il calcio!&quot;. La nuova versione presentava elenchi di giocatori aggiornati, una quantità estesa di modalità di gioco, squadre (comprese le squadre di club per la prima volta), stadi e impostazioni che fornivano un editor di giocatori altamente sviluppato non limitato solo all'edizione del nome. ISS Pro Evolution era preciso in ogni dettaglio e aspetto del gioco, ad esempio il capitano della squadra poteva essere selezionato con lo stemma del capitano sul braccio o il colore delle scarpe dei giocatori poteva essere personalizzato.
World Soccer Winning Eleven 2002 (Japan)	Assisti alla risurrezione! Pro Evolution Soccer 2 / Winning Eleven 2002 è qui e secondo i fan più accaniti del calcio, tutti i settori della stampa e degli esperti online è di gran lunga il miglior gioco d'azione di calcio mai pubblicato! Winning Eleven 2002 è l'atteso successore di un gioco che ha riscritto le regole per i titoli di simulazione calcistica e ha creato un nuovo e immenso punto di riferimento per gli altri da provare e imitare. In breve, è IL titolo di calcio di livello mondiale. Preparati per un gioco come non hai mai provato prima ...
Worms (USA)	Worms è una serie di giochi per computer multiplayer tattici a turni, sviluppata dalla società Team17 nel linguaggio di programmazione Blitz Basic, specializzato per i giochi. Ogni giocatore può agire con un verme per round. Durante questo round può muoversi e utilizzare un'arma o eseguire azioni speciali (ad esempio scavare, utilizzare una corda ninja o il teletrasporto). Oltre alle armi normali come fucili, bazooka e mitragliatrici, ci sono armi un po' più esotiche come pecore, granate sacre, bombe talpa e bombe banana. Tutti presentano vantaggi e svantaggi tattici, che derivano in particolare dalla (in)controllabilità, dall'autolesionismo, dalla portata o dalle forme di movimento, dall'entità del danno e dal raggio dell'effetto del danno.
WRC - FIA World Rally Championship Arcade (Europe) (En,Fr,De,Es,It,Nl,Pt,Sv,No,Da,Fi)	WRC: FIA World Rally Championship Arcade è un gioco di rally arcade, specificamente rivolto ai giocatori più giovani con la sua maneggevolezza e il suo gameplay in stile arcade. Il giocatore gareggia in una delle sette auto e nel gioco sono presenti 14 diverse località WRC ufficiali. Le tracce includono Australia, Cipro, Spagna, Grecia, Svezia e molti altri. Il gioco ha diverse modalità di gioco, incluse le modalità super speciale, campionato standard, cronometro e due giocatori contro. La modalità &quot;super speciale&quot; è la modalità campagna per giocatore singolo, in cui il personaggio controllato dal giocatore sfida altri piloti attraverso una serie di piste. Il giocatore parte dall'ultima posizione e cerca di finire al primo posto sorpassando tutti gli altri veicoli.
WTC - World Touring Car Championship (Japan)	Jarrett & Labonte Stock Car Racing è la versione statunitense delle European TOCA World Touring Cars di Codemasters, modificata per presentare le auto di serie al posto delle auto da turismo originali. Jason Jarrett e Justin Labonte sono più che semplici sostenitori, poiché hanno effettivamente testato il gioco e hanno dato il loro sigillo di approvazione. Il gioco contiene 40 auto personalizzabili dei migliori produttori come Ford, Honda e BMW e 23 tracciati modellati su luoghi reali. Quattro giocatori possono gareggiare contemporaneamente in modalità schermo condiviso, con un massimo di 14 vetture in pista contemporaneamente. La colonna sonora include brani di The Offspring, Moby e Methods of Mayhem e il commento sulla gara è fornito da Ned Jarrett.
Wu-Tang - Shaolin Style (USA)	Con questo gioco, per la prima volta viene progettato un videogioco per un gruppo rap. Il gioco conterrà tre brani esclusivi e nuovi di zecca dall'influente gruppo hip hop. Wu Tang: Shaolin Style, ispirato alla propensione del clan per i film di kung fu, è un coinvolgente gioco di combattimento basato sulla posizione che consente ai giocatori di assumere il ruolo di uno dei nove membri del clan tra cui RZA, Method Man e Ol'Dirty bastard. Il gioco sfida i giocatori a imparare l'arte di attaccare, bloccare e contrattaccare mentre combattono i loro tristi avversari in 10 aree urbane e antiche realistiche sul modello di New York e Cina. Completamente in tedesco con il suono originale inglese.
Wu-Tang - Taste the Pain (Europe)	Con questo gioco, per la prima volta viene progettato un videogioco per un gruppo rap. Il gioco conterrà tre brani esclusivi e nuovi di zecca dall'influente gruppo hip hop. Wu Tang: Shaolin Style, ispirato alla propensione del clan per i film di kung fu, è un coinvolgente gioco di combattimento basato sulla posizione che consente ai giocatori di assumere il ruolo di uno dei nove membri del clan tra cui RZA, Method Man e Ol'Dirty bastard. Il gioco sfida i giocatori a imparare l'arte di attaccare, bloccare e contrattaccare mentre combattono i loro tristi avversari in 10 aree urbane e antiche realistiche sul modello di New York e Cina. Completamente in tedesco con il suono originale inglese.
Xena - Warrior Princess (USA)	Afferra il tuo Chakram e la tua spada, perché la malvagia maga Kalabrax si è liberata dopo secoli di prigionia. Finalmente si vendicherà degli dei che l'hanno imprigionata e del mondo che hanno creato. Solo una cosa la ferma. Affinché il suo incantesimo ottenga il massimo potere per funzionare, deve sacrificare una regina. Sfortunatamente per Xena, sembrerebbe che Gabrielle sia il sacrificio de jour, essendo la Regina delle Amazzoni e tutto il resto. Così, con l'aiuto dei suoi alleati, che si dà il caso siano acerrimi nemici di Xena, ha catturato Gabrielle e spetta a Xena, Principessa Guerriera, salvarla. Non sarà facile, però. Niente per Xena lo è mai. Dovrà viaggiare in lungo e in largo prima di poter affrontare Kalabrax. Deve sconfiggere il vile re Valarian e i suoi amici, nonché Narsus, la malvagia amazzone rinnegata, e una miriade di altre creature come un ciclope e un drago, tanto per citarne alcune.
Xenogears (USA) (Disc 1)	Dopo aver perso la memoria, Fei Fong Wong si ritrovò nella piccola città di Lahan. Poiché non riusciva a ricordare chi fosse veramente o da dove venisse, decise di rimanere lì e insegnare arti marziali e pittura, uno dei suoi hobby personali. Dopo il suo arrivo, fece amicizia con i vari abitanti del paese, che in cambio lo trattarono come uno di loro. Tuttavia, chi fosse e cosa gli fosse successo nel suo passato lo infastidivano; aveva paura che sarebbe tornato a perseguitarlo un giorno o l'altro. E così accadde. Un giorno, un'organizzazione che controllava grandi Gear, robot meccanizzati costruiti per scopi bellici, arrivò nella piccola città di Lahan. Fei era al centro dell'attenzione e senza esitazione saltò su un Gear lì vicino e iniziò a combattere. Gli abitanti del villaggio erano spaventati a morte quando iniziò a distruggere i nemici minacciosi; aiutò anche nella distruzione della città. Infuriati per il modo in cui si era comportato, gli abitanti del paese esiliarono Fei dal villaggio, lasciandogli come unico amico un inventore di nome Citan.
Yakiniku Action Game - Yakiniku Bugyou (Japan)	Questo è un gioco sponsorizzato da una catena di ristoranti giapponesi (il Gyu-Kaku: una nota catena di barbecue in stile coreano). Durante la cottura, diversi clienti allineano la parte superiore dello schermo che sono stati attirati dallo spettro della società. C'è un focoso punk rocker dai capelli rossi, un house frau un po 'flaccido e corpulento e una serie di snelle cameriere di quindici potenziali clienti che hanno preferenze diverse: strano, strano, ben fatto o nero. Allontanati dal tuo piatto di carne desiderato e affronta l'ira di un consumatore rifiutato e arrabbiato. Fallo bene e guarda il tuo capo masticare un boccone di paradiso. Insieme alla carne, carne, carne e ancora carne, possono essere bruciati altri cibi come ordinato dal cliente, come il rametto occasionale di qualche verdura o una fetta di melone che viene anche lanciata sulla griglia per togliere il calore che distrugge gli enzimi .
Yu-Gi-Oh! Forbidden Memories (USA)	Yu-Gi-Oh! Forbidden Memories è un gioco di carte disponibile su Playstation. Potrai finalmente scoprire i segreti del potere supremo e dei sette oggetti del Millennio in una nuova avventura! Viaggia nel cuore dell'antico Egitto per chiarire il mistero degli oggetti del Millennio. È disponibile una modalità storia che segue una storia parallela alla serie animata. Sono disponibili più di 600 mostri.
Yu-Gi-Oh! Shin Duel Monsters - Fuuin Sareshi Kioku (Japan)	Yu-Gi-Oh! Forbidden Memories è un gioco di carte disponibile su Playstation. Potrai finalmente scoprire i segreti del potere supremo e dei sette oggetti del Millennio in una nuova avventura! Viaggia nel cuore dell'antico Egitto per chiarire il mistero degli oggetti del Millennio. È disponibile una modalità storia che segue una storia parallela alla serie animata. Sono disponibili più di 600 mostri.
Yusha - Heaven's Gate (Europe)	Modalità di gioco: * ARCADE: scegli il tuo combattente e passa come tutti gli avversari per vincere la giornata. * MODALITÀ VERSUS: Batti un amico fino a ridurlo in poltiglia. * MODALITÀ DURO: Riuscirai a sopravvivere con una sola barra di energia? Quanti avversari riuscirai a sconfiggere? * ATTACCO A TEMPO: Quanto velocemente riuscirai a battere tutti i personaggi? * ALLENAMENTO: Allenati, allenati e allenati ancora un po' per essere il migliore. * CLASSIFICA: Controlla le serie di vittorie, gli usi del personaggio e altre cose del genere qui.
Z (Europe)	Z è un gioco di strategia in tempo reale con una differenza: combatti per il controllo dei settori, alcuni dei quali contengono fabbriche che possono farti ottenere unità aggiuntive. Tocca la &quot;bandiera&quot; nel settore ed è tuo. Cattura il settore prima che la nuova unità esca dalla fabbrica e la nuova unità sia tua. Con sei diversi robot (diversi armamenti, armature e velocità), molteplici veicoli (dalle jeep ai carri armati) che i robot possono utilizzare, il tuo obiettivo finale è distruggere la base dell'avversario... e impedirgli di fare lo stesso con te. Z si differenzia dagli altri giochi RTS enfatizzando il controllo territoriale (e le fabbriche) invece di uccidere e radunare un grande esercito. Devi bilanciare finemente difesa e attacco. Se aspetti troppo a lungo, il nemico prenderà prima tutte le fabbriche. Se vai troppo veloce, verrai martellato per esserti allungato troppo. Puoi dirottare i veicoli nemici sparando al conducente.
Zanac x Zanac (Japan)	Zanac X Zanac è stato pubblicato per celebrare il 15° anniversario dell'uscita del classico gioco per NES Zanac, sviluppato da Compile. Zanac è un gioco in stile arcade in cui i giocatori pilotano un caccia stellare solitario, soprannominato AFX-6502 Zanac, attraverso dodici livelli; il loro obiettivo è distruggere il Sistema, un'entità in parte organica e in parte meccanica determinata a distruggere l'umanità. Zanac si differenzia dagli altri sparatutto verticali per la sua capacità di adattarsi ai punti di forza del giocatore e di modificare il gioco per attaccarne i punti deboli. Le prestazioni durante il gioco e la scelta dell'arma secondaria determineranno in parte cosa e quanto Zanac lancerà contro il giocatore.
Zeiramzone (Japan)	Zeiramzone è un gioco basato sull'anime Iria: Zeiram the Animation, una serie OVA di sei episodi con Iria, una cacciatrice di taglie. La serie funge da prequel del film d'azione originale Zeiram, ambientato diversi anni prima quando Iria era ancora una novellina e descrive in dettaglio gli eventi che circondano il suo primo incontro con l'inarrestabile Zeiram. Il gameplay è un classico picchiaduro in cui il giocatore avanza attraverso diversi livelli sconfiggendo tutti i nemici ad ogni livello.
Zen Nihon GT Senshuken Kai (Japan)	Il Campionato giapponese di auto da turismo (abbr: JTCC, ufficialmente noto come All Japan Touring Car Championship), è un'ex serie di corse di auto da turismo che si tiene in Giappone. Nel 1993, come molte altre serie del Gruppo A, la serie finì per diventare un affare unico con solo la GT-R che appariva solo nella categoria superiore, seguita dalle M3 nell'altra, mentre nella Div. 3 è composto solo da Corolla e Civic. Per l'anno successivo la serie passerà alla formula Supertouring. Il gioco per PlayStation GT All Japan Touring Car Championship è un gioco di corse con vista dall'alto (isometrica) che utilizza le auto e le licenze di quel campionato. Conosciuto anche come Zen Nihan GT Senshuken Kai.
Zen Nihon GT Senshuken Max Rev. (Japan) (Disc 1)	In Zen Nihon GT Senahuken Max Rev. il giocatore può competere in diverse modalità di gioco come Battaglia, Campionato, Time Attack, vedere i suoi record. Il gioco presenta grafica 3D e diverse angolazioni della telecamera dall'interno e dall'esterno dell'auto, del team ufficiale e dei piloti del campionato Nihon GT. Prima di ogni gara il giocatore può personalizzare la propria auto scegliendo il tipo di motore, cambio, sospensioni, pneumatici, freni e aerodinamica. Nel CD2 il gioco presenta la recensione rapida di Max Rev che è un database completo di macchine, team e piloti, ragazze della campagna, circuiti e risultati.
Zen Nihon Joshi Pro Wrestling - Joou Densetsu - Yume no Taikousen (Japan)	Zen-Nippon Joshi Pro Wrestling - Joou Densetsu Yume no Taikousen è un gioco di wrestling con personaggi maschili e femminili e solo 2 modalità di gioco combattono partite di esibizione o combattono per il titolo. La modalità di gioco principale è il WWWA Ranking Match, una sorta di modalità Carriera che prevede 13 personaggi tra cui scegliere.
Zen Nihon Pro Wres - Ouja no Tamashii (Japan)	Zen-Nippon Pro Wrestling: Ouja no Kon è un gioco di wrestling giapponese in 3D pubblicato nel 1999 per PlayStation. Una delle caratteristiche principali del gioco è il sistema Powerball. Questo sistema fornisce a ciascun lottatore da due a quattro Powerball che possono essere utilizzati in una partita in molti modi diversi. Le Powerball consentono a ciascun lottatore di utilizzare una mossa speciale che gli è stata specificatamente assegnata, possono essere utilizzate per dare maggiore potenza alle mosse regolari o possono essere utilizzate per calciare un tentativo di schienamento quando il tuo lottatore normalmente non avrebbe la forza per farlo. Il gioco presenta 25 lottatori della promozione All Japan Pro Wrestling. Ci sono sette modalità di gioco disponibili nel gioco: One Night Match, Champion Carnival, Real World Tag League, Battle Royal, Create Edit (Create-a-Wrestler), MVP Season Mode e Defend Title (modalità nascosta).
Zen Super Robot Taisen Denshi Daihyakka (Japan) (Disc 1)	Super Robot Wars è una serie di videogiochi di ruolo tattici prodotti da Banpresto, che ora è una divisione giapponese di Namco Bandai. La caratteristica principale del franchise è avere una storia che attraversa diversi popolari anime, manga e videogiochi mecha, consentendo a personaggi e mecha di titoli diversi di allearsi o combattere tra loro. Successivamente ha generato numerosi giochi rilasciati su varie console e dispositivi portatili. A causa della natura dei giochi crossover e delle licenze coinvolte, solo tre giochi sono stati rilasciati al di fuori del Giappone e questi giochi presentano solo i personaggi e i mecha originali di Banpresto. Il franchise festeggerà il suo 20° anniversario nel 2011. Zen Super Robot Wars Denshi Daihyakka è un'enciclopedia completa divisa in 2 cd che presenta la storia di Super Robot Wars, parole chiave di Super Robot Wars, database di robot e personaggi e un'appendice. Il secondo disco contiene vari film e simili tratti dai giochi.
Zera-chan Puzzle - Pitatto Pair (Japan)	Zera-chan Puzzle Pittato Pair è un puzzle game con 4 livelli di difficoltà (facile, normale, difficile e speciale) e 3 modalità di gioco. Il gioco presenta più di 240 fasi diverse.
Zero Divide (USA)	In Zero Divide, vesti i panni di un amministratore di sistema che deve combattere i membri del gruppo XTAL e mandare in crash il sistema prima che scada il tempo e informazioni critiche vengano divulgate al mondo. Affronterai dieci combattenti e due boss nascosti con una varietà di mosse come Hyper Headbutt, Blind Man Slash, Tomo Vortex Throw e Bloody Pack. Guarda l'azione con quattro angolazioni di ripresa con una vista rotante a 360 gradi. Il diagramma sullo schermo ti tiene informato sui danni subiti dal tuo personaggio e ti permette di pianificare la tua strategia per il prossimo attacco. Giochi con uno degli otto combattenti robotici e devi farti strada attraverso diversi livelli in modalità giocatore singolo, oppure affrontare un avversario in modalità a due giocatori. Sono inclusi molti minigiochi sbloccabili e Easter egg, persino un gioco sparatutto a scorrimento laterale sbloccabile.
Zero Divide 2 - The Secret Wish (Europe)	In Zero Divide 2 gli otto combattenti robotici di Zero Divide (Zero, Tau, Wild 3, IO, Eos, Cygnus, Draco e Nereid) sono tornati, affiancati dall'infermiera robot Pixel, dal simil-granchio Cancer, dal &quot;cyber soldato&quot; Nox ed Eva, una versione femminile del boss dell'ultimo gioco. La novità è che la &quot;frangibilità&quot; grafica dei corpi dei robot è cambiata. I gusci dei personaggi in realtà scoppiano invece di rivelare solo i fili tremolanti e brucianti all'interno: come prima, questo danno li rende più vulnerabili ai danni se colpiti nuovamente nella stessa area. Un vantaggio di Zero Divide rispetto al suo predecessore è la possibilità di salvare fino a 200 replay delle partite sulla memory card della PlayStation.
Zero Pilot - Gin'yoku no Senshi (Japan)	Zero Pilot - Ginyoku No Senshi è un gioco d'azione di volo che consente ai giocatori di controllare un pilota giapponese che difende il Giappone dagli attaccanti alleati. Il gioco è una simulazione di volo d'azione basata sulla Seconda Guerra Mondiale. Ti impegnerai in duelli aerei sull'oceano contro le forze alleate. Prima di ogni missione puoi ascoltare il briefing della missione e poi andare all'hangar e iniziare la missione. Il gioco presenta grafica 3D e diverse missioni. Per il combattimento il gioco utilizza una prospettiva in prima persona (che mostra o meno la cabina di pilotaggio) e altri angoli di ripresa, ma questi angoli non sono molto utili quando il giocatore pilota l'aereo.
Zero4 Champ DooZy-J (Japan)	Zero4 Champ Doozy-J è un curioso mix tra un gioco di corse e un gioco di avventura. Il gioco è ambientato in alcune città degli Stati Uniti. Il giocatore assume il ruolo di un pilota che vuole diventare il vincitore del Campionato Zero. Per farlo e avanzare nel gioco dovrà scegliere cosa fare ogni settimana e parlare con diversi personaggi: amici, compagni di guida, rivali, meccanici, ecc. Il giocatore può acquistare diverse parti per mettere a punto la sua auto nel garage e guadagnare denaro gareggiando in gare contro altri piloti. La parte della corsa è in prospettiva in terza persona ed è davvero difficile vincere se l'auto non è ben messa a punto. La parte principale del gioco è diventare il campionato (il campionato di Ranking A si svolge a New York), ma ci sono altri eventi che accadono durante il gioco ma non sono importanti per la storia principale. Il gioco presenta 2 modalità di gioco: modalità Storia e modalità Versus
Zeus - Carnage Heart Second (Japan)	Carnage Heart è un videogioco per PlayStation sviluppato da Artdink. Si tratta di un gioco di strategia a turni basato sui mecha, in cui il giocatore assume il ruolo di comandante in una guerra combattuta da robot. I robot, chiamati Overkill Engines (OKE), non possono essere controllati direttamente in battaglia, ma devono essere programmati in anticipo per comportarsi in un certo modo in determinate condizioni utilizzando un sistema di diagrammi di flusso. Zeus Carnage Heart Second - un sequel con una nuova trama, la programmazione era simile ma per il resto significativamente diversa dall'originale Carnage Heart. Anche in questo caso il giocatore può programmare ogni mossa che il mecha compie in base alle circostanze. Il programma è strutturato in base a ogni singolo passo compiuto in forma di diagramma di flusso. Il gioco si svolge nell'anno 2198 dopo gli eventi del primo gioco.
Zeus II - Carnage Heart (Japan)	Il gameplay è un gioco di strategia a turni basato sui mecha, in cui il giocatore assume il ruolo di comandante in una guerra combattuta dai robot. I robot, chiamati Overkill Engines (OKE), non possono essere controllati direttamente in battaglia; devono essere programmati in anticipo per comportarsi in un certo modo in determinate condizioni utilizzando un sistema di diagrammi di flusso. Zeus II - Carnage Heart Second è l'ultimo gioco della serie per la console Playstation One (da non confondere con “Zeus Carnage Heart Second”) con una nuova trama e una grafica notevolmente migliorata rispetto all'originale Carnage Heart.
ZigZagBall (Japan)	Zig Zag Ball è un bizzarro gioco di golf alieno che offre 2 modalità di gioco: modalità Storia e modalità VS. La modalità Storia offre 4 personaggi diversi tra cui scegliere. Il gioco presenta diversi livelli e anche un negozio dove il giocatore può acquistare oggetti speciali che lo aiuteranno durante i livelli o miglioreranno la sua salute. Per acquistare questi oggetti dovrà iniziare a giocare i diversi livelli. Gameplay: durante ogni livello ci sono porte luminose e il giocatore deve far passare il suo animale domestico attraverso tutte queste porte per sollevare l'alieno che si trova sopra la buca del livello, in modo da poter lanciare il suo animale domestico nella buca per completare ogni livello. Il cuore del giocatore diminuisce ad ogni colpo e quando raggiunge lo zero il gioco finisce.
Zill O'll (Japan)	Zill O'll è un classico gioco di ruolo pubblicato nel 1999 per la console Playstation. Il giocatore può scegliere il sesso e lo stato iniziale del personaggio principale. La trama del gioco è lineare ma l'azione del giocatore può farla prendere in modi diversi. Anche lo stesso evento può essere visto da prospettive diverse a seconda della scelta del giocatore e lo stesso vale per le relazioni dei personaggi. Invece dei punti esperienza, Zill O'll presenta un sistema di punti anima. Dopo ogni battaglia il giocatore può assegnare liberamente i punti anima guadagnati alle diverse parti dello stato del personaggio, come coraggio, gentilezza, curiosità e altre. Quando i personaggi guadagnano abbastanza punti anima, riceveranno uno dei 32 poteri dell'anima, che conferiscono al personaggio abilità speciali.
Zipangu - Unmei wa Saikoro ga Kimeru! (Japan) (Demo)	Zipangujima: Unmei wa Saikoro ga Kimeru! è un gioco da tavolo strategico ambientato nel Giappone medievale che presenta 12 personaggi avversari + 4 sbloccabili, 8 scenari diversi e fino a 4 giocatori umani che possono giocare contemporaneamente. L'obiettivo del gioco non è conquistare i territori avversari, ma piuttosto migliorare le proprie risorse per vincere la partita. Il giocatore può scegliere il numero di punti necessario per vincere la partita (il minimo è 100). I punti si ottengono acquisendo più risorse, come legno, oro, uomini, soldati, edifici, ecc.
Zipangu-jima - Unmei wa Saikoro ga Kimeru! (Japan)	Zipangujima: Unmei wa Saikoro ga Kimeru! è un gioco da tavolo strategico ambientato nel Giappone medievale che presenta 12 personaggi avversari + 4 sbloccabili, 8 scenari diversi e fino a 4 giocatori umani che possono giocare contemporaneamente. L'obiettivo del gioco non è conquistare i territori avversari, ma piuttosto migliorare le proprie risorse per vincere la partita. Il giocatore può scegliere il numero di punti necessario per vincere la partita (il minimo è 100). I punti si ottengono acquisendo più risorse, come legno, oro, uomini, soldati, edifici, ecc.
Zoboomafoo - Leapin' Lemurs! (USA)	Zoboomafoo è un gioco rivolto ai giocatori più giovani ed è basato sul popolare programma televisivo sugli animali della PBS. In questa avventura ci sarà una festa ad Animal Junction per il Lemur Day e tutti gli amici animali di Zoboomafoo saranno invitati! Sfortunatamente, i fratelli Kratt non sono qui per aiutare Zoboomafoo, il lemure residente di Animal Junction, con gli inviti o gli snack, quindi dovrà preparare tutto da solo. Ma con l'aiuto di alcuni dei suoi amici degli spettacoli passati, è decisamente all'altezza del compito.
Zoids - Battle Card Game - Seihou Tairiku Senki (Japan)	Zoids è un franchise multimediale basato su model kit originario della società di giocattoli giapponese Tomy (ora Takara-Tomy); anche se ora prodotto da varie aziende tramite licenze. La maggior parte del franchise è costruita e focalizzata sulle varie serie di kit modello. Il franchise si è espanso da kit di modelli rigorosamente motorizzati a kit di modelli altamente dettagliati e snodabili, action figure e persino figurine in PVC. Le varie serie di anime, fumetti, libri manga e videogiochi servono tutti come prodotti multimediali di collegamento per il franchise, per espandere sia la base di consumatori che il riconoscimento del franchise. Gli Zoid sono forme di vita meccaniche immaginarie, trovate sul pianeta Zi. Uno Zoid è essenzialmente un animale meccanico formato attorno a un &quot;nucleo&quot; tecno-organico (noto come &quot;Zoid Core&quot;), che funge da cuore e mente. Il Nucleo è considerato &quot;vivo&quot;, rendendo lo Zoid una creatura vivente. Altrimenti, il suo corpo è una costruzione meccanica artificiale come qualsiasi altro mecha.
Zoids - Teikoku vs. Kyouwakoku - Meka Seitai no Idenshi (Japan)	Zoids - Zenebus vs Heric (aka Zoids - Teikoku vs Kyouwakoku - Mecha Seita no Idenshi) è un gioco di ruolo tattico. Il giocatore può scegliere di giocare nei panni della Repubblica Helic o dell'Impero Zenebas. Il lato Helic è la modalità &quot;facile&quot;, poiché il giocatore inizia con un'unità di One Godos, mentre il lato Zenebas gli dà un'unità con Iguan, Molga, Merda e Gator.
Zoids 2 - Heric Kyouwakoku vs. Guylos Teikoku (Japan)	Zoids 2 - Helic Republic VS Guylos Empire (noto anche come Zoids 2 - Herikku Kyouwakoku VS Gairosu Teikoku) è un gioco di simulazione per PlayStation ambientato nell'universo di Zoids. Il gioco contrappone la Repubblica Helic all'Impero Guylos, utilizzando i famosi giocattoli/personaggi degli anime Zoids per combattere il conflitto. I giocatori muovono più di 100 diverse unità Zoid per cercare di sconfiggere le forze nemiche controllate dal computer. C'è anche una modalità contro due giocatori in cui i giocatori mettono i loro Zoid l'uno contro l'altro.
Zoku Gussun Oyoyo (Japan)	Gussun Oyoyo è un gioco che può essere descritto come un incrocio tra Tetris, Solomon's Key e Lemmings. Il gioco è una conversione della macchina arcade Irem del 1993. Gli altri giochi della serie Gussun Oyoyo presenti su Saturn e Super Famicom sono tutti basati sulla stessa idea. Ad eccezione di Gussun Paradise su PSone, che è molto più vicino ai platform a schermo singolo come Bubble Bobble e Don Doko Don. L'obiettivo del gioco è portare Gussun al traguardo di ogni livello e, nel frattempo, salvare quanti più piccoli Gussun possibile mentre raccogli oggetti per guadagnare punti. Esistono numerosi nemici che possono essere sottomessi in vari modi. Gussun corre automaticamente da sinistra a destra e gira all'indietro ogni volta che si scontra con un oggetto che è almeno il doppio della sua dimensione. Può scalare blocchi della sua stessa dimensione. Lanciando bombe puoi distruggere i blocchi lungo il percorso, ma devi stare attento a non bombardare Gussun.
Zoku Hatsukoi Monogatari - Shuugaku Ryokou (Japan) (Disc 1)	Zoku Hatsukoi Monogatari - Shuugaku Ryokou è stato pubblicato anche in &quot;PC ENGINE-FX e Saturn è un misto di avventura e &quot;simulazione d'amore&quot; - più specificamente, primo amore. Il giocatore assume il ruolo di uno studente maschio e può scegliere qualsiasi periodo di tempo tra la scuola elementare e il college. Ogni periodo storico ha quattro ragazze diverse di cui l'eroe può innamorarsi. Il giocatore deve scegliere una di quelle ragazze come principale oggetto d'amore. L'ambientazione è la stessa in ogni periodo: la classe va in vacanza in luoghi diversi del Giappone. La maggior parte del gioco consiste nel viaggiare da un posto all'altro, cercando di essere nel posto giusto al momento giusto e prendere la decisione giusta. Il giocatore deve assemblare un programma per ogni luogo. È possibile gestire le finanze del personaggio del giocatore, nonché acquistare oggetti che possono essere regalati alle ragazze.
Zoku Mikagura Shoujo Tanteidan - Kanketsu-hen (Japan) (Disc 1)	Mikagura Shoujo Tanteidan è un gioco d'avventura su cui è basata una serie anime di 3 episodi e racconta la storia di Mikagura Tokito che era il direttore di un'agenzia investigativa nell'era Taisho, che ha risolto molti casi. Un giorno scomparve coinvolto in un incidente. Il gioco consiste nel risolvere diversi casi in cui il giocatore controlla le 3 ragazze che aiutano il detective Mikagura Tokito: Tomoe, Shigeno e Chizuru, che lo adoravano. Questo primo gioco per PlayStation presenta 6 casi diversi da risolvere e più di 30 minuti di sequenze video animate. L'ultima storia non finisce in questo gioco poiché è terminata nel seguito Zoku Migakura Shoujo Tanteidan (che include anche la prima parte di quella storia).
Zoop (Japan)	Un frenetico gioco di azione-puzzle in cui il giocatore elimina le forme colorate che si avvicinano al suo alter ego, un'altra forma colorata, prima che raggiungano la cima, ala Tetris. Per eliminare le altre forme, devi puntare il tuo pezzo su di esso e &quot;sparare&quot;. Se la forma è dello stesso colore del tuo pezzo, la forma viene eliminata, così come tutte le forme dello stesso colore dietro di essa, finché il tuo pezzo non colpisce un pezzo di un colore diverso. Se la forma è di un colore diverso, o viene colpita quando raccogli una linea di forme simili, il tuo pezzo scambia i colori con la forma.
Zoop - America's Largest Killer of Time! (USA)	Un frenetico gioco di azione-puzzle in cui il giocatore elimina le forme colorate che si avvicinano al suo alter ego, un'altra forma colorata, prima che raggiungano la cima, ala Tetris. Per eliminare le altre forme, devi puntare il tuo pezzo su di esso e &quot;sparare&quot;. Se la forma è dello stesso colore del tuo pezzo, la forma viene eliminata, così come tutte le forme dello stesso colore dietro di essa, finché il tuo pezzo non colpisce un pezzo di un colore diverso. Se la forma è di un colore diverso, o viene colpita quando raccogli una linea di forme simili, il tuo pezzo scambia i colori con la forma.
Zork I - The Great Underground Empire (Japan)	Zork: The Great Underground Empire - Part I, successivamente noto come Zork I, è un videogioco di narrativa interattiva scritto da Marc Blank, Dave Lebling, Bruce Daniels e Tim Anderson e pubblicato da Infocom nel 1980. È stato il primo gioco della popolare trilogia Zork ed è stato rilasciato per un'ampia gamma di sistemi informatici, seguito da Zork II e Zork III. È stato il primo gioco di Infocom e ha venduto più di 400.000 copie. Il gioco è ambientato nell'anno 948 GUE del calendario di Zork (anche se il passare del tempo non è rilevante nel gameplay). Il giocatore assume il ruolo volutamente vago di un “avventuriero”. Il gioco inizia vicino a una casa bianca in una piccola area autonoma. Anche se al giocatore vengono fornite poche istruzioni, la casa rappresenta un evidente punto di interesse.
Zutto Issho - With Me Everytime... (Japan)	Le simulazioni di appuntamenti (o simulazioni di appuntamenti) sono un sottogenere di videogiochi di giochi di simulazione, solitamente giapponesi, con elementi romantici. A volte vengono anche inseriti nella categoria del neoromance. L'obiettivo più comune degli appuntamenti con i sim è quello di datare, di solito scegliendo tra diversi personaggi, e realizzare una relazione romantica.Il termine &quot;dating sim&quot; è spesso utilizzato anche in inglese come termine generico per i giochi basati sul romanticismo (giochi ren'ai), un argomento che è stereotipicamente associato al genere del romanzo visivo. Ciò può creare confusione, poiché i romanzi visivi sono considerati un sottogenere dei giochi di avventura e non sono tecnicamente inclusi nel genere dei simulatori di appuntamenti. Sebbene i due generi condividano spesso una presentazione visiva comune, i sim di appuntamenti a volte sono considerati più basati statisticamente rispetto allo stile &quot;scegli la tua avventura&quot; dei romanzi visivi.
ZXE-D - Legend of Plasmatlite (Japan)	ZXE-D è un gioco di combattimento 3D giocabile che mette in mostra le tue costruzioni robotiche. È un gioco innovativo e piuttosto costoso per Playstation. La confezione del gioco è contenuta in una grande valigia che contiene quattro modelli di robot in plastica che possono essere costruiti con i pezzi inclusi e il disco del gioco ZXE-D.
