#key	style	ss_system_id	encoding
'98 Koushien - Koukou Yakyuu Simulation (Japan)	ss	57	lossless
'99 Koushien (Japan)	ss	57	lossless
'Butagee' de Iinja Nai (Japan)	ss	57	lossless
0 kara no Mahjong - Mahjong Youchien Tamago-gumi (Japan)	ss	57	lossless
0 kara no Shougi - Shougi Youchien Ayumi-gumi (Japan)	ss	57	lossless
007 - The World Is Not Enough (USA)	ss	57	lossless
007 - Tomorrow Never Dies (USA)	ss	57	lossless
007 Racing (USA)	ss	57	lossless
1 on 1 (Japan)	ss	57	lossless
100 Man Yen Quiz Hunter (Japan)	ss	57	lossless
100% Star (Europe)	ss	57	lossless
10101 - Will the Starship (Japan)	ss	57	lossless
19-ji 03-pun - Ueno-hatsu Yakou Ressha (Japan)	ss	57	lossless
1Xtreme (USA)	ss	57	lossless
2002 FIFA World Cup (USA) (En,Es)	ss	57	lossless
2Xtreme (USA)	ss	57	lossless
360 Three Sixty (Europe) (En,Fr,De,Es,It,Sv)	ss	57	lossless
3D Baseball (USA)	ss	57	lossless
3D Lemmings (USA)	ss	57	lossless
3D Shooting Tkool (Japan)	ss	57	lossless
3Xtreme (USA)	ss	57	lossless
3x3 Eyes - Kyuusei Koushu (Japan) (Disc 1)	ss	57	lossless
3x3 Eyes - Tenrin'ou Genmu (Japan) (Disc 1)	ss	57	lossless
4-4-2 Soccer (Europe) (En,Fr,De,Es)	ss	57	lossless
40 Winks (USA)	ss	57	lossless
5 Star Racing (Europe)	ss	57	lossless
70's Robot Anime - Geppy-X - The Super Boosted Armor (Japan) (Disc 1)	ss	57	lossless
A Ressha de Ikou 4 - Evolution (Japan)	ss	57	lossless
A Ressha de Ikou Z - Mezase! Tairiku Oudan (Japan)	ss	57	lossless
A-Train - Trains, Power, Money (USA) (En,Ja,Fr,De)	ss	57	lossless
A2 Racer - Europa Tour (Netherlands)	ss	57	lossless
A5 - A Ressha de Ikou 5 (Japan, Asia)	ss	57	lossless
AFL 99 (Australia)	ss	57	lossless
AI Mahjong 2000 (Japan)	ss	57	lossless
AI Mahjong Selection (Japan)	ss	57	lossless
AI Shougi (Japan)	ss	57	lossless
AI Shougi 2 (Japan)	ss	57	lossless
AI Shougi 2 Deluxe (Japan)	ss	57	lossless
AI Shougi Selection (Japan)	ss	57	lossless
ATV - Quad Power Racing (USA)	ss	57	lossless
ATV Mania (USA)	ss	57	lossless
ATV Racers (USA)	ss	57	lossless
AbalaBurn (Japan)	ss	57	lossless
Ace Combat 2 (USA)	ss	57	lossless
Ace Combat 3 - Electrosphere (USA)	ss	57	lossless
Aces of the Air (USA)	ss	57	lossless
Acid (Japan)	ss	57	lossless
Aconcagua (Japan) (Disc 1)	ss	57	lossless
Action Bass (USA)	ss	57	lossless
Action Man - Destruction X (Europe) (En,Fr,De,Es,It)	ss	57	lossless
Action Man - Operation Extreme (USA)	ss	57	lossless
Activision Classics (USA)	ss	57	lossless
Actua Golf 3 (Europe)	ss	57	lossless
Actua Ice Hockey (Europe) (En,Fr,De,Sv,Fi)	ss	57	lossless
Actua Ice Hockey 2 (Europe)	ss	57	lossless
Actua Soccer - Club Edition (Europe)	ss	57	lossless
Actua Soccer 2 (Europe) (En,Fr)	ss	57	lossless
Actua Soccer 3 (Europe)	ss	57	lossless
Actua Tennis (Europe)	ss	57	lossless
Addie no Okurimono - To Moze from Addie (Japan)	ss	57	lossless
Adiboo & Paziral's Secret (Europe) (En,Fr,De,Es,It)	ss	57	lossless
Adibou et l'Ombre Verte (France)	ss	57	lossless
Adidas Power Soccer (USA)	ss	57	lossless
Adidas Power Soccer 2 (Europe) (En,Fr,De,Es,It,Nl)	ss	57	lossless
Adidas Power Soccer 98 (USA)	ss	57	lossless
Adidas Power Soccer International '97 (Europe) (En,Fr,De,Es,It,Nl)	ss	57	lossless
Adlib Ouji - ...to Fuyukai na Nakamatachi! (Japan)	ss	57	lossless
Advan Racing (Japan)	ss	57	lossless
Advanced Dungeons & Dragons - Iron & Blood - Warriors of Ravenloft (USA)	ss	57	lossless
Advanced V.G. (Japan)	ss	57	lossless
Advanced V.G. 2 (Japan)	ss	57	lossless
Adventure of Little Ralph, The (Japan) (Rev 1)	ss	57	lossless
Adventures of Lomax, The (USA)	ss	57	lossless
Aeon Flux (USA) (Proto) (1996-11-21)	ss	57	lossless
Afraid Gear (Japan)	ss	57	lossless
Afraid Gear Another (Japan)	ss	57	lossless
Agent Armstrong (Europe) (En,Fr,De,Es)	ss	57	lossless
Agile Warrior - F-111X (USA)	ss	57	lossless
Ah Nanjarin (Japan)	ss	57	lossless
Ai to Yuujou no Neko Monogatari. Jingle Cats - Love Para Daisakusen no Maki (Japan, Asia)	ss	57	lossless
Air Combat (USA)	ss	57	lossless
Air Hockey (USA)	ss	57	lossless
Air Management '96 (Japan)	ss	57	lossless
AirGrave (Japan)	ss	57	lossless
AirRace Championship (Japan)	ss	57	lossless
Aironauts (Europe) (En,Fr,De)	ss	57	lossless
Airs, The (Japan)	ss	57	lossless
Aishiau Koto Shika Dekinai (Japan)	ss	57	lossless
Aitakute... - Your Smiles in My Heart (Japan) (Disc 1)	ss	57	lossless
Akagawa Jirou - Majotachi no Nemuri - Fukkatsusai (Japan)	ss	57	lossless
Akagawa Jirou - Yasoukyoku (Japan)	ss	57	lossless
Akagawa Jirou - Yasoukyoku 2 (Japan)	ss	57	lossless
Akazu no Ma (Japan)	ss	57	lossless
Akuji the Heartless (USA)	ss	57	lossless
Albaria no Otome - Uruwashi no Seikishitachi (Japan)	ss	57	lossless
Alex Ferguson's Player Manager 2001 (Europe)	ss	57	lossless
Alex Ferguson's Player Manager 2002 (Europe)	ss	57	lossless
Alexi Lalas International Soccer (USA) (En,Fr,De,Es,It)	ss	57	lossless
Alfred Chicken (Europe) (En,Fr,De,Es,It)	ss	57	lossless
Alice in Cyberland (Japan)	ss	57	lossless
Alien Resurrection (USA)	lr-snaps	57	lossless
Alien Trilogy (USA)	ss	57	lossless
Alive (Japan) (Disc 1)	ss	57	lossless
All Star Action (Europe) (Disc 1)	ss	57	lossless
All Star Racing (USA)	ss	57	lossless
All Star Racing 2 (USA)	ss	57	lossless
All Star Soccer (Europe) (En,Fr,De,It)	ss	57	lossless
All Star Tennis '99 (Europe) (En,Fr,De,Es,It)	ss	57	lossless
All Star Tennis (Europe)	lr-snaps	57	lossless
All Star Tennis 2000 (Europe) (En,De,Es,It)	ss	57	lossless
All Star Watersports (Europe)	ss	57	lossless
All-Star Baseball 97 featuring Frank Thomas (USA)	ss	57	lossless
All-Star Mahjong - Karei naru Shoubushi kara no Chousen (Japan)	ss	57	lossless
All-Star Slammin' D-Ball (USA)	ss	57	lossless
Allied General (USA)	ss	57	lossless
Alnam no Kiba - Juuzoku Juuni Shinto Densetsu (Japan)	ss	57	lossless
Alnam no Tsubasa - Shoujin no Sora no Kanata e (Japan) (Disc 1)	ss	57	lossless
Alone in the Dark - One-Eyed Jack's Revenge (USA)	ss	57	lossless
Alone in the Dark - The New Nightmare (USA) (Disc 1)	ss	57	lossless
Alundra (USA)	ss	57	lossless
Alundra 2 - A New Legend Begins (USA)	ss	57	lossless
Amazing Virtual Sea-Monkeys, The (USA) (En,Es)	ss	57	lossless
America Oudan Ultra Quiz (Japan)	ss	57	lossless
American Pool (USA)	ss	57	lossless
Amerzone - The Explorer's Legacy (Europe) (Disc 1)	ss	57	lossless
Anastasia (Europe) (En,Fr,De,Nl)	ss	57	lossless
Ancient Roman - Power of Dark Side (Japan) (Disc 1)	ss	57	lossless
Andretti Racing (USA)	ss	57	lossless
Angel Blade - Neo Tokyo Guardians (Japan)	ss	57	lossless
Angel Graffiti - Anata e no Profile (Japan)	ss	57	lossless
Angelique - Tenkuu no Requiem (Japan)	ss	57	lossless
Angelique Duet (Japan)	ss	57	lossless
Angelique Special (Japan)	ss	57	lossless
Angelique Special 2 (Japan)	ss	57	lossless
Animal Football (Europe) (En,Fr,De)	ss	57	lossless
Animal Snap - Rescue Them 2 by 2 (Europe)	ss	57	lossless
Animaniacs - Ten Pin Alley (USA)	ss	57	lossless
Animetic Story Game 1 - Cardcaptor Sakura (Japan) (Disc 1)	ss	57	lossless
Animorphs - Shattered Reality (USA)	ss	57	lossless
Ankh - Tutankhamen no Nazo (Japan) (Disc 1)	ss	57	lossless
Anna Kournikova's Smash Court Tennis (Europe)	ss	57	lossless
Ano Ko Doko no Ko (Japan)	ss	57	lossless
Another Memories (Japan)	ss	57	lossless
Another Mind (Japan)	ss	57	lossless
Ao no 6-gou - Antarctica (Japan) (Disc 1)	ss	57	lossless
Aoki Ookami to Shiroki Mejika - Genchou Hishi (Japan)	lr-snaps	57	lossless
Aozora to Nakamatachi - Yume no Bouken Plus (Japan)	ss	57	lossless
Ape Escape (USA)	ss	57	lossless
Apocalypse (USA)	ss	57	lossless
Aqua GT (Europe) (En,Fr,De,Es,It,Nl)	ss	57	lossless
Aqua Paradise (Japan)	ss	57	lossless
Aquanaut no Kyuujitsu - Memories of Summer 1996 (Japan)	ss	57	lossless
Aquanaut no Kyuujitsu 2 (Japan)	ss	57	lossless
Aquanaut's Holiday (USA)	ss	57	lossless
Aquarian Age - Tokyo Wars (Japan)	ss	57	lossless
Arc the Lad (Japan)	lr-snaps	57	lossless
Arc the Lad - Monster Game with Casino Game (Japan) (Disc 1) (Monster Game)	ss	57	lossless
Arc the Lad Collection - Arc Arena - Monster Tournament (USA)	ss	57	lossless
Arc the Lad Collection - Arc the Lad (USA)	ss	57	lossless
Arc the Lad Collection - The Making of Arc the Lad (USA)	ss	57	lossless
Arc the Lad II (Japan)	ss	57	lossless
Arc the Lad III (Japan) (Disc 1)	ss	57	lossless
Arcade Gears - ImageFight & XMultiply (Japan)	lr-snaps	57	lossless
Arcade Gears - Pu-Li-Ru-La (Japan)	ss	57	lossless
Arcade Gears - Wonder 3 (Japan)	ss	57	lossless
Arcade Hits - Crazy Climber (Japan)	ss	57	lossless
Arcade Hits - Frisky Tom (Japan)	ss	57	lossless
Arcade Hits - Moon Cresta (Japan)	ss	57	lossless
Arcade Hits - Soukyuu Gurentai (Japan)	ss	57	lossless
Arcade Party Pak (USA)	ss	57	lossless
Arcade's Greatest Hits - The Atari Collection 1 (USA)	ss	57	lossless
Arcade's Greatest Hits - The Atari Collection 2 (USA)	ss	57	lossless
Arcade's Greatest Hits - The Midway Collection 2 (USA)	ss	57	lossless
Arcana Senki Ludo (Japan)	ss	57	lossless
Archer Maclean's 3D Pool (Europe)	ss	57	lossless
Are!Mo KoreMo Momotarou (Japan)	ss	57	lossless
Area 51 (USA)	ss	57	lossless
Ark of Time (Europe) (En,Fr,De,Es,It)	ss	57	lossless
Arkanoid R 2000 (Japan)	ss	57	lossless
Arkanoid Returns (Japan)	ss	57	lossless
Armed Fighter (Japan)	ss	57	lossless
Armored Core (USA)	ss	57	lossless
Armored Core - Master of Arena (USA) (Disc 1)	ss	57	lossless
Armored Core - Project Phantasma (USA)	ss	57	lossless
Armorines - Project S.W.A.R.M. (USA)	ss	57	lossless
Army Men - Air Attack (USA)	ss	57	lossless
Army Men - Air Attack 2 (USA, Canada)	ss	57	lossless
Army Men - Green Rogue (USA)	ss	57	lossless
Army Men - Sarge's Heroes (USA)	ss	57	lossless
Army Men - Sarge's Heroes 2 (USA)	ss	57	lossless
Army Men - World War (USA)	ss	57	lossless
Army Men - World War - Final Front (USA)	ss	57	lossless
Army Men - World War - Land, Sea, Air (USA, Canada)	ss	57	lossless
Army Men - World War - Team Assault (USA)	ss	57	lossless
Army Men 3D (USA)	ss	57	lossless
Art Camion - Geijutsuden (Japan)	ss	57	lossless
Art Camion - Sugorokuden (Japan)	ss	57	lossless
Arthur to Astaroth no Nazo Makaimura - Incredible Toons (Japan)	ss	57	lossless
Arthur! Ready to Race (USA)	ss	57	lossless
Asonde Chinou Up (Japan)	lr-snaps	57	lossless
Assault - Retribution (USA)	ss	57	lossless
Assault Rigs (USA)	ss	57	lossless
Assault Suits Valken 2 (Japan)	ss	57	lossless
Asterix & Obelix Take on Caesar (Europe)	ss	57	lossless
Asterix (Europe) (En,Fr,De,Nl)	ss	57	lossless
Asterix - Mega Madness (Europe) (En,Fr,De,Es,It,Nl)	ss	57	lossless
Asteroids (USA)	ss	57	lossless
Astronoka (Japan) (Disc 1)	ss	57	lossless
Asuka 120% Excellent - Burning Fest. Excellent (Japan, Asia)	ss	57	lossless
Asuka 120% Final - Burning Fest. Final (Japan)	ss	57	lossless
Asuka 120% Special - Burning Fest. Special (Japan)	ss	57	lossless
Asuncia - Majou no Jubaku (Japan)	ss	57	lossless
Atari Anniversary Edition Redux (USA)	ss	57	lossless
Atelier Elie - Elie no Atelier - Salburg no Renkinjutsushi 2 (Japan)	ss	57	lossless
Athena - Awakening from the Ordinary Life (Japan) (Disc 1)	ss	57	lossless
Athena no Kateiban - Family Games (Japan)	ss	57	lossless
Atlantis - The Lost Continent (Europe) (En,Fr,De)	ss	57	lossless
Atlantis - The Lost Tales (Europe) (Disc 1)	ss	57	lossless
Attack of the Saucerman (Europe) (En,Fr,De,Es,It)	ss	57	lossless
Aubirdforce (Japan)	ss	57	lossless
Aubirdforce - After (Japan)	ss	57	lossless
Aura Battler Dunbine - Seisenshi Densetsu (Japan) (Rev 1)	ss	57	lossless
Austin Powers Pinball (USA)	ss	57	lossless
Auto Destruct (USA)	ss	57	lossless
Autobahn Raser II (Germany)	ss	57	lossless
Ayakashi Ninden Kunoichiban (Japan) (Disc 1)	ss	57	lossless
Ayrton Senna Kart Duel (Europe)	ss	57	lossless
Ayrton Senna Kart Duel 2 (Europe)	ss	57	lossless
Ayrton Senna Kart Duel Special (Japan)	ss	57	lossless
Azito (Japan)	ss	57	lossless
Azito 2 (Japan)	ss	57	lossless
Azito 3 (Japan)	ss	57	lossless
Aztec - The Curse in the Heart of the City of Gold (Europe) (En,Nl)	ss	57	lossless
Azumanga Donjara Daiou (Japan)	ss	57	lossless
Azure Dreams (USA)	ss	57	lossless
B Senjou no Alice - Alice on Borderlines (Japan) (Disc 1)	ss	57	lossless
B. L. U. E. - Legend of Water (Japan)	ss	57	lossless
BFS - Blue Forest Story - Kaze no Fuuin (Japan)	ss	57	lossless
Baby Felix Tennis (Europe) (En,Fr,De,Es,It,Nl)	ss	57	lossless
Baby Universe (Europe)	ss	57	lossless
BackGuiner - Yomigaeru Yuushatachi - Hishou-hen - Uragiri no Senjou (Japan) (Disc 1)	ss	57	lossless
BackGuiner - Yomigaeru Yuushatachi - Kakusei-hen - Guiner Tensei (Japan) (Disc 1)	ss	57	lossless
Backgammon 2000 (Japan)	ss	57	lossless
Backstreet Billiards (USA)	ss	57	lossless
Backyard Soccer (USA)	ss	57	lossless
Bakumatsu Roman - Gekka no Kenshi (Japan)	ss	57	lossless
Bakuretsu Hunter - Mahjong Special (Japan)	ss	57	lossless
Bakuretsu Hunter - Sorezore no Omoi ... Nowaanchatte (Japan)	ss	57	lossless
Bakushou!! All Yoshimoto Quiz-ou Ketteisen DX (Japan)	ss	57	lossless
Bakusou Dekotora Densetsu - Otoko Ippiki Yume Kaidou (Japan)	ss	57	lossless
Bakusou Dekotora Densetsu 2 - Otoko Jinsei Yume Ichiro (Japan)	ss	57	lossless
Bakusou Kyoudai Let's & Go!! Eternal Wings (Japan)	ss	57	lossless
Bakuten Shoot Beyblade - Bey Battle Tournament (Japan)	ss	57	lossless
Bakuten Shoot Beyblade 2002 - Bey Battle Tournament 2 (Japan)	ss	57	lossless
Baldies (USA)	ss	57	lossless
Ball Breakers (USA)	ss	57	lossless
Ballblazer Champions (USA)	ss	57	lossless
Ballerburg - Castle Chaos (USA)	ss	57	lossless
Ballistic (USA)	ss	57	lossless
Barbie - Explorer (USA)	ss	57	lossless
Barbie - Gotta Have Games (USA)	ss	57	lossless
Barbie - Race & Ride (USA)	ss	57	lossless
Barbie - Super Sports (USA)	ss	57	lossless
Bardysh - Kromeford no Juunin (Japan)	ss	57	lossless
Baroque - Yuganda Mousou (Japan)	ss	57	lossless
Baroque Syndrome (Japan)	ss	57	lossless
Baseball Navigator (Japan)	ss	57	lossless
Baseball Simulation - ID Pro Yakyuu (Japan)	ss	57	lossless
Bases Loaded '96 - Double Header (USA)	ss	57	lossless
Bass Fisherman - Texas (Japan)	ss	57	lossless
Bass Landing (USA)	ss	57	lossless
Bass Landing 2 (Japan)	ss	57	lossless
Bass Rise (USA)	ss	57	lossless
Bass Tsuri ni Ikou! (Japan)	ss	57	lossless
Bassing Beat 2 (Japan)	ss	57	lossless
Bastard!! Utsuronaru Kamigami no Utsuwa (Japan)	ss	57	lossless
Batman & Robin (USA)	ss	57	lossless
Batman - Gotham City Racer (USA)	ss	57	lossless
Batman Beyond - Return of the Joker (USA)	ss	57	lossless
Batman Forever - The Arcade Game (USA)	ss	57	lossless
Battle Arena Nitoushinden (Japan)	ss	57	lossless
Battle Arena Toshinden (USA)	ss	57	lossless
Battle Arena Toshinden 2 (USA)	ss	57	lossless
Battle Arena Toshinden 3 (USA) (En,Ja)	ss	57	lossless
Battle Athletess - Daiundoukai Alternative (Japan)	ss	57	lossless
Battle Athletess - Daiundoukai GTO (Grand Trial Onnanoco) (Japan)	ss	57	lossless
Battle Bugs (Japan)	ss	57	lossless
Battle Formation (Japan)	ss	57	lossless
Battle Hunter (USA)	ss	57	lossless
Battle Konchuuden (Japan)	ss	57	lossless
Battle Master (Japan)	ss	57	lossless
Battle Stations (USA)	ss	57	lossless
BattleSport (USA)	ss	57	lossless
BattleTanx - Global Assault (USA)	ss	57	lossless
Bealphareth (Japan)	ss	57	lossless
Beast Wars - Transformers (USA)	ss	57	lossless
Beat Mania - The Sound of Tokyo (Japan)	ss	57	lossless
Beat Mania 3rd Mix Mini (Japan)	ss	57	lossless
Beat Mania Append GottaMix (Japan, Asia)	ss	57	lossless
Beat Mania Append GottaMix 2 - Going Global (Japan)	ss	57	lossless
Beat Planet Music (Japan)	ss	57	lossless
Beatmania (Europe)	ss	57	lossless
Beatmania 6thMix + Core Remix (Japan)	ss	57	lossless
Beatmania Append 4thMix - The Beat Goes On (Japan)	ss	57	lossless
Beatmania Append 5thMix - Time to Get Down (Japan)	ss	57	lossless
Beatmania Append Club Mix (Japan)	ss	57	lossless
Beatmania Best Hits (Japan)	ss	57	lossless
Beatmania featuring Dreams Come True (Japan)	ss	57	lossless
Beavis and Butt-Head - Virtual Aho Shoukougun (Japan)	ss	57	lossless
Bedlam (Europe) (En,Fr,De,Es,It,Nl)	ss	57	lossless
Beyblade (USA)	ss	57	lossless
Beyond the Beyond (USA)	ss	57	lossless
Beyond the Beyond - Haruka naru Kanaan e (Japan)	lr-snaps	57	lossless
Big Air (USA)	ss	57	lossless
Big Bass Fishing (USA)	ss	57	lossless
Big Bass World Championship (USA)	ss	57	lossless
Big Challenge Golf - Tokyo Yomiuri Country Club-hen (Japan)	ss	57	lossless
Big League Slugger Baseball (USA)	ss	57	lossless
Big Ol' Bass 2 (USA)	ss	57	lossless
Big Strike Bowling (USA)	ss	57	lossless
Billiards (USA)	ss	57	lossless
Bio F.R.E.A.K.S. (USA)	ss	57	lossless
Bishi Bashi Special (Europe)	ss	57	lossless
Bishi Bashi Special 2 (Japan)	ss	57	lossless
Bishi Bashi Special 3 - Step Champ (Japan)	ss	57	lossless
Bishoujo Hanafuda Kikou - Michinoku Hitou Koi Monogatari (Japan)	ss	57	lossless
Bishoujo Ren'ai Mahjong Series - Karan Koron Gakuen - Doki Doki-hen (Japan)	ss	57	lossless
Bishoujo Ren'ai Mahjong Series - Karan Koron Gakuen - Munekyun-hen (Japan)	ss	57	lossless
Bishoujo Ren'ai Mahjong Series - Karan Koron Gakuen - Pure Love-hen (Japan)	ss	57	lossless
Bishoujo Ren'ai Mahjong Series 2nd - Shiritsu Houou Gakuen - 1-nen Jun'ai-gumi (Japan)	ss	57	lossless
Bishoujo Ren'ai Mahjong Series 2nd - Shiritsu Houou Gakuen - 2-nen Junjou-gumi (Japan)	ss	57	lossless
Bishoujo Senshi Sailor Moon SuperS - Shin Shuyaku Soudatsusen (Japan)	ss	57	lossless
Bistro, The - Ryouri & Wine no Shokunintachi (Japan)	ss	57	lossless
Black Bass with Blue Marlin (USA)	ss	57	lossless
Black Dawn (USA)	ss	57	lossless
Black-Matrix + (Japan) (Disc 1)	ss	57	lossless
Black-Matrix 00 (Japan) (Disc 1)	ss	57	lossless
Blackjack vs. Matsuda Jun (Japan)	ss	57	lossless
Blade (USA)	ss	57	lossless
Blade Arts - Tasogare no Miyako R'lyeh (Japan)	ss	57	lossless
Blade Maker (Japan)	ss	57	lossless
Blast Chamber (USA)	ss	57	lossless
Blast Lacrosse (USA)	ss	57	lossless
Blast Radius (USA)	ss	57	lossless
Blaster Master - Blasting Again (USA)	ss	57	lossless
Blasto (USA)	ss	57	lossless
Blaze & Blade - Eternal Quest (Europe)	ss	57	lossless
Blaze & Blade Busters (Japan)	ss	57	lossless
Blazing Dragons (USA)	ss	57	lossless
Blend x Brand - Odekake Gousei RPG (Japan)	ss	57	lossless
Block Buster (Europe)	ss	57	lossless
Block Kuzushi (Japan)	ss	57	lossless
Block Kuzushi - Deden no Gyakushuu (Japan)	ss	57	lossless
Block Wars (Japan)	ss	57	lossless
Blockids (USA)	ss	57	lossless
Blood Lines (Europe) (En,Fr,De,Es,It)	ss	57	lossless
Blood Omen - Legacy of Kain (USA)	ss	57	lossless
Bloody Roar (USA)	ss	57	lossless
Bloody Roar II (USA)	ss	57	lossless
Blue Breaker - Egao no Yakusoku (Japan)	ss	57	lossless
Blue Breaker Burst - Egao no Asu ni (Japan)	ss	57	lossless
Blue Breaker Burst - Hohoemi o Anata to (Japan)	ss	57	lossless
Blue Marlin, The (Japan)	lr-snaps	57	lossless
Blue's Clues - Blue's Big Musical (USA)	ss	57	lossless
Bob the Builder - Can We Fix It (USA)	ss	57	lossless
Bogey Dead 6 (USA)	ss	57	lossless
Boku no Choro Q (Japan)	ss	57	lossless
Boku no Natsuyasumi - Summer Holiday 20th Century (Japan)	ss	57	lossless
Boku wa Koukuu Kanseikan (Japan)	ss	57	lossless
Bokujou Monogatari - Harvest Moon for Girl (Japan)	ss	57	lossless
Bomberman - Party Edition (USA)	ss	57	lossless
Bomberman Fantasy Race (USA)	ss	57	lossless
Bomberman Land (Japan)	ss	57	lossless
Bomberman Wars (Japan, Asia)	ss	57	lossless
Bomberman World (USA)	ss	57	lossless
Bombing Islands, The (USA)	ss	57	lossless
Bonogurashi - Kore de Kanpeki Disu (Japan)	ss	57	lossless
Book of Watermarks, The (Japan) (Disc 1)	ss	57	lossless
BoomBots (USA)	ss	57	lossless
Bottom of the 9th '97 (USA)	ss	57	lossless
Bottom of the 9th '99 (USA)	ss	57	lossless
Bottom of the 9th (USA)	ss	57	lossless
Boundary Gate - Daughter of Kingdom (Japan)	ss	57	lossless
Bounty Hunter Sara - Holy Mountain no Teiou (Japan)	ss	57	lossless
Bounty Sword - Double Edge (Japan)	ss	57	lossless
Bounty Sword First (Japan)	ss	57	lossless
Bowling (USA)	ss	57	lossless
Boxer's Road (Japan)	ss	57	lossless
Boxing (USA)	ss	57	lossless
Boys Be... (Japan)	ss	57	lossless
Boys Be... 2nd Season (Japan)	ss	57	lossless
Brahma Force - The Assault on Beltlogger 9 (USA)	ss	57	lossless
BrainDead 13 (USA) (Disc 1)	ss	57	lossless
Bratz - Dress Up, Get Down and Be a Bratz Superstar! (USA) (En,Fr,Es)	ss	57	lossless
Brave Fencer Musashi (USA)	ss	57	lossless
Brave Prove (Japan)	ss	57	lossless
Brave Saga 2 (Japan) (Disc 1)	ss	57	lossless
Brave Sword (Japan)	ss	57	lossless
Bravo Air Race (USA)	ss	57	lossless
Break Point (Europe) (En,Fr)	ss	57	lossless
Break Thru! (Japan)	ss	57	lossless
Break Volley (Japan)	ss	57	lossless
Breakout (USA)	ss	57	lossless
Breath of Fire III (USA)	ss	57	lossless
Breath of Fire IV (USA)	ss	57	lossless
Breed Master (Japan)	ss	57	lossless
Breeding Stud - Bokujou de Aimashou (Japan)	ss	57	lossless
Breeding Stud 2 (Japan)	ss	57	lossless
Brian Lara Cricket (Europe)	ss	57	lossless
Brigandine - Grand Edition (Japan) (Disc 1)	ss	57	lossless
Brigandine - The Legend of Forsena (USA)	ss	57	lossless
Brightis (Japan)	ss	57	lossless
Broken Helix (USA)	ss	57	lossless
Broken Sword - The Shadow of the Templars (USA)	ss	57	lossless
Broken Sword II - The Smoking Mirror (USA)	ss	57	lossless
Brunswick Circuit Pro Bowling (USA)	ss	57	lossless
Brunswick Circuit Pro Bowling 2 (USA)	ss	57	lossless
Bubble Bobble also featuring Rainbow Islands (USA)	ss	57	lossless
Bubsy 3D - Furbitten Planet (USA)	ss	57	lossless
Buckle Up! (Japan)	ss	57	lossless
Bugriders - The Race of Kings (USA)	ss	57	lossless
Bugs Bunny & Taz - Time Busters (USA) (En,Fr,Es)	ss	57	lossless
Bugs Bunny - Lost in Time (USA) (En,Fr,Es)	ss	57	lossless
Builder's Block (USA)	ss	57	lossless
Building Crush! (Japan)	ss	57	lossless
Burger Burger - Hamburger Simulation (Japan)	ss	57	lossless
Burger Burger 2 (Japan)	ss	57	lossless
Burning Road (USA)	ss	57	lossless
BursTrick - Wake Boarding!! (USA)	ss	57	lossless
Bushido Blade (USA)	ss	57	lossless
Bushido Blade 2 (USA)	ss	57	lossless
Bust A Groove (USA)	ss	57	lossless
Bust A Groove 2 (USA)	ss	57	lossless
Bust-A-Move '99 (USA)	ss	57	lossless
Bust-A-Move 2 - Arcade Edition (USA)	ss	57	lossless
Bust-A-Move 4 (USA)	ss	57	lossless
Buster Bros. Collection (USA)	ss	57	lossless
Buttsubushi (Europe, Australia)	ss	57	lossless
C - The Contra Adventure (USA)	ss	57	lossless
C-12 - Final Resistance (USA)	ss	57	lossless
C1 - Circuit (Japan)	ss	57	lossless
CART World Series (USA)	ss	57	lossless
CG Mukashi Banashi - Jiisan 2-do Bikkuri!! (Japan)	ss	57	lossless
CRW - Counter Revolution War (Japan)	ss	57	lossless
CT Special Forces (Europe) (En,Fr,De,Es,It,Nl)	ss	57	lossless
CT Special Forces - Back to Hell (Europe) (En,Fr,De,Es,It,Nl)	ss	57	lossless
CT Special Forces 3 - Bioterror (Europe) (En,Fr,De,Es,It,Nl)	ss	57	lossless
CTR - Crash Team Racing (USA)	ss	57	lossless
Cabela's Big Game Hunter - Ultimate Challenge (USA)	ss	57	lossless
Cabela's Ultimate Deer Hunt - Open Season (USA)	ss	57	lossless
Cadillac (Japan)	ss	57	lossless
Caesars Palace (USA)	ss	57	lossless
Caesars Palace 2000 - Millennium Gold Edition (USA)	ss	57	lossless
Caesars Palace II (USA)	ss	57	lossless
Calcolo! Ochimono Shooting (Japan)	ss	57	lossless
California Surfing (Europe)	ss	57	lossless
California Watersports (Europe) (En,Fr,De)	ss	57	lossless
Capcom Generation - Dai-1-shuu Gekitsuiou no Jidai (Japan)	lr-snaps	57	lossless
Capcom Generation - Dai-2-shuu Makai to Kishi (Japan)	lr-snaps	57	lossless
Capcom Generation - Dai-3-shuu Koko ni Rekishi Hajimaru (Japan)	lr-snaps	57	lossless
Capcom Generation - Dai-4-shuu Kokou no Eiyuu (Japan)	lr-snaps	57	lossless
Capcom Generation - Dai-5-shuu Kakutoukatachi (Japan)	ss	57	lossless
Capcom Generations (Europe) (Disc 1) (Wings of Destiny)	ss	57	lossless
Capcom vs. SNK Pro (USA)	ss	57	lossless
Captain Commando (Japan)	ss	57	lossless
Captain Love (Japan)	ss	57	lossless
Captain Tsubasa - Arata naru Densetsu Joshou (Japan)	ss	57	lossless
Captain Tsubasa J - Get in the Tomorrow (Japan)	ss	57	lossless
Car and Driver Presents - Grand Tour Racing '98 (USA)	ss	57	lossless
Card Games (USA)	ss	57	lossless
Cardcaptor Sakura - Clow Card Magic (Japan)	ss	57	lossless
Cardinal Syn (USA)	ss	57	lossless
Carmageddon (Europe) (En,Fr,Es,It)	ss	57	lossless
Carnage Heart (USA)	ss	57	lossless
Carnage Heart EZ (Easy Zapping) (Japan)	ss	57	lossless
Carom Shot (Japan)	ss	57	lossless
Carton-kun (Japan)	ss	57	lossless
Casper (USA)	ss	57	lossless
Casper - Friends Around the World (USA)	ss	57	lossless
Castlevania - Symphony of the Night (USA)	ss	57	lossless
Castlevania Chronicles (USA)	ss	57	lossless
Castrol Honda Superbike Racing (USA)	ss	57	lossless
Castrol Honda VTR (Europe) (En,Fr,De,It)	ss	57	lossless
Cat in the Hat, The (USA)	ss	57	lossless
Cat the Ripper - 13Ninme no Tanteishi (Japan)	lr-snaps	57	lossless
Catan - Die erste Insel (Germany)	ss	57	lossless
Cellophanes (Japan)	ss	57	lossless
Centipede (USA)	ss	57	lossless
Chakushin Melody da mon (Japan)	ss	57	lossless
Chakushin Melody da mon Gold (Japan)	ss	57	lossless
Chakushin Melody da mon Volume. 2 (Japan)	ss	57	lossless
Chakushin Melody da mon Volume. 3 (Japan)	ss	57	lossless
Chakushin Melody da mon Volume. 4 (Japan)	ss	57	lossless
Champion Wrestler - Jikkyou Live (Japan)	ss	57	lossless
Championship Bass (USA)	ss	57	lossless
Championship Manager Quiz (Europe)	ss	57	lossless
Championship Motocross 2001 featuring Ricky Carmichael (USA)	ss	57	lossless
Championship Motocross featuring Ricky Carmichael (USA)	ss	57	lossless
Championship Surfer (USA)	ss	57	lossless
Chaos Break (Europe) (En,Fr,De,It)	ss	57	lossless
Chaos Control (Japan)	ss	57	lossless
Character Tkool (Japan)	ss	57	lossless
Charumera (Japan)	ss	57	lossless
Checkmate (Europe)	lr-snaps	57	lossless
Checkmate II (Europe)	ss	57	lossless
Cheesy (Europe) (En,Fr)	ss	57	lossless
Chess (USA)	ss	57	lossless
Chess 2000 (Japan)	ss	57	lossless
Chessmaster 3-D, The (USA)	ss	57	lossless
Chessmaster II (USA)	ss	57	lossless
Chibi Chara Game - Ginga Eiyuu Densetsu (Japan) (Disc 1) (Go! Go! Casino)	ss	57	lossless
Chibi Maruko-chan - Maruko Enikki World (Japan)	ss	57	lossless
Chicken Run (USA)	ss	57	lossless
Chiisana Kyojin Microman (Japan)	ss	57	lossless
Chiisana Oukoku Erutoria (Japan)	ss	57	lossless
Chill (Europe) (En,Fr,De,Es,It)	ss	57	lossless
China - The Forbidden City (Europe) (En,Es,Nl,Sv)	ss	57	lossless
Chinmoku no Kantai - The Silent Service (Japan)	ss	57	lossless
Chivas 1-2-3 - Destiny! Unmei o Kaeru Mono! (Japan)	ss	57	lossless
Chocobo Racing (USA)	ss	57	lossless
Chocobo Racing - Genkai e no Road (Japan)	lr-snaps	57	lossless
Chocobo Stallion (Japan)	ss	57	lossless
Chocobo no Fushigi na Dungeon (Japan)	ss	57	lossless
Chocobo's Dungeon 2 (USA)	ss	57	lossless
Chocolate Kiss (Japan)	ss	57	lossless
Choro Q 2 (Japan)	ss	57	lossless
Choro Q 3 (Japan)	ss	57	lossless
Choro Q Jet - Rainbow Wings (Japan)	ss	57	lossless
Choro Q Marine - Q-Boat (Japan)	ss	57	lossless
Choro Q Wonderful! (Japan)	ss	57	lossless
Chou Aniki - Kyuukyoku Muteki Ginga Saikyou Otoko (Japan)	ss	57	lossless
Chou Hatsumei Boy Kanipan - Hirameki Wonderland (Japan)	ss	57	lossless
Chou Jikuu Yousai Macross - Ai Oboete Imasu ka (Japan) (Disc 1)	ss	57	lossless
Chou Jiryoku Senshi Microman - Generation 2000 (Japan)	ss	57	lossless
Chou Kousoku Gran Doll (Japan) (Disc 1) (Premium Edition)	ss	57	lossless
Chou Mashin Eiyuuden Wataru - Another Step (Japan)	ss	57	lossless
Chou Nazo-ou (Japan)	ss	57	lossless
Choujin Gakuen - Gowcaizer (Japan)	ss	57	lossless
Chris Kamara's Street Soccer (Europe)	ss	57	lossless
Chronicles of the Sword (USA) (Disc 1)	ss	57	lossless
Chrono Cross (USA, Canada) (Disc 1)	ss	57	lossless
Cindy's Caribbean Holiday (Europe)	ss	57	lossless
Cindy's Fashion World (Europe)	ss	57	lossless
Circadia (Japan) (Disc 1)	ss	57	lossless
Circuit Beat (Japan)	ss	57	lossless
Circuit Breakers (USA)	ss	57	lossless
City Bravo! (Japan)	ss	57	lossless
City Bravo! Business-hen (Japan)	ss	57	lossless
City of Lost Children, The (USA) (En,Es,It)	ss	57	lossless
Civilization II (USA)	ss	57	lossless
Civizard - Majutsu no Keifu (Japan)	ss	57	lossless
Classic Road (Japan)	ss	57	lossless
Classic Road - Yuushun 2 (Japan)	ss	57	lossless
Classic Road 2 (Japan)	ss	57	lossless
Cleopatra's Fortune (USA)	ss	57	lossless
Click Manga - Click no Hi (Japan)	ss	57	lossless
Click Manga - Dynamic Robot Taisen 1 - Shutsugeki! Kyoui no Robot Gundan!! (Japan)	ss	57	lossless
Click Manga - Dynamic Robot Taisen 2 - Kyoufu! Akuma Zoku Fukkatsu (Japan)	ss	57	lossless
Click Manga - Ginga Eiyuu Densetsu 1 - Eien no Yoru no Naka de (Japan)	ss	57	lossless
Click Manga - Ginga Eiyuu Densetsu 2 - Iserlohn Kouryaku (Japan)	ss	57	lossless
Click Manga - Opera-za no Kaijin (Japan)	ss	57	lossless
Click Medic (Japan)	ss	57	lossless
Clock Tower (USA)	ss	57	lossless
Clock Tower - The First Fear (Japan)	ss	57	lossless
Clock Tower II - The Struggle Within (USA)	ss	57	lossless
ClockWerx (Japan)	ss	57	lossless
Cocktail Harmony (Japan)	ss	57	lossless
Codename - Tenka (USA)	ss	57	lossless
Colin McRae Rally (USA)	ss	57	lossless
Colin McRae Rally 2.0 (USA) (En,Fr,Es)	ss	57	lossless
College Slam (USA)	ss	57	lossless
Colony Wars (USA) (Disc 1)	ss	57	lossless
Colony Wars - Red Sun (USA)	ss	57	lossless
Colony Wars - Vengeance (USA, Canada)	ss	57	lossless
Colorful Logic (Japan)	ss	57	lossless
Colorful Logic 2 (Japan)	ss	57	lossless
Colorful Logic 3 (Japan)	ss	57	lossless
Combat Choro Q (Japan)	ss	57	lossless
Combi Mahjong Awase uchi with Maboroshi Tsukiyo Characters (Japan)	ss	57	lossless
Combination Pro Soccer - J.League no Kantoku ni Natte Sekai o Mezase! (Japan)	ss	57	lossless
Command & Conquer (USA) (Disc 1) (GDI)	ss	57	lossless
Command & Conquer - Alarmstufe Rot & Bloody Roar (Germany) (Demo)	ss	57	lossless
Command & Conquer - Red Alert (USA) (Disc 1) (Allies)	ss	57	lossless
Command & Conquer - Red Alert - Retaliation (USA) (Disc 1) (Allies)	ss	57	lossless
Community Pom (Japan)	ss	57	lossless
Concert, Le - ff - Fortissimo (Japan)	ss	57	lossless
Concert, Le - pp - Pianissimo (Japan)	ss	57	lossless
Constructor (Europe) (En,Fr,De,Es)	ss	57	lossless
Contender (USA)	ss	57	lossless
Contender 2 (USA)	ss	57	lossless
Contra - Legacy of War (USA)	ss	57	lossless
Conveni 2, The - Zenkoku Chain Tenkai da! (Japan)	ss	57	lossless
Conveni Special, The - 3-tsu no Sekai o Dokusen seyo (Japan)	ss	57	lossless
Conveni, The - Ano Machi o Dokusen seyo (Japan)	ss	57	lossless
Cool Boarders (USA)	ss	57	lossless
Cool Boarders 2 (USA)	ss	57	lossless
Cool Boarders 2001 (USA)	ss	57	lossless
Cool Boarders 3 (USA)	ss	57	lossless
Cool Boarders 4 (USA)	ss	57	lossless
Cosmic Race (Japan)	ss	57	lossless
Cosmowarrior Zero (Japan)	ss	57	lossless
Countdown Vampires (USA) (Disc 1)	ss	57	lossless
Courier Crisis - The Saga of the Modern Fatalist (USA)	ss	57	lossless
Covert Ops - Nuclear Dawn (USA) (Disc 1)	ss	57	lossless
Cowboy Bebop (Japan)	ss	57	lossless
Crash Bandicoot (USA)	ss	57	lossless
Crash Bandicoot - Warped (USA)	ss	57	lossless
Crash Bandicoot 2 - Cortex Strikes Back (USA)	ss	57	lossless
Crash Bash (USA)	ss	57	lossless
Crazy Climber 2000 (Japan)	ss	57	lossless
Creature Shock (Japan) (Disc 1)	ss	57	lossless
Creatures (USA)	ss	57	lossless
Creatures - Raised in Space (USA)	ss	57	lossless
Cricket 2000 (Europe)	ss	57	lossless
Crime Crackers (Japan)	ss	57	lossless
Crime Crackers 2 (Japan)	ss	57	lossless
Crime Killer (USA)	ss	57	lossless
Crisis Beat (Europe)	ss	57	lossless
Crisis City (Japan)	ss	57	lossless
Critical Blow (Japan)	ss	57	lossless
Critical Depth (USA)	ss	57	lossless
Criticom (USA)	ss	57	lossless
Croc - Legend of the Gobbos (USA)	ss	57	lossless
Croc 2 (USA)	ss	57	lossless
Croket! Kindan no Kinka Box! (Japan)	ss	57	lossless
Cross Romance - Koi to Mahjong to Hanafuda to (Japan)	ss	57	lossless
Cross Tantei Monogatari (Japan) (Disc 1)	ss	57	lossless
Crossroad Crisis (USA)	ss	57	lossless
Crow, The - City of Angels (USA)	ss	57	lossless
Crown Knights, The - Jaja-uma! Quartet - Mega Dream Destruction+ (Japan)	ss	57	lossless
Crusader - No Remorse (USA)	ss	57	lossless
Crusaders of Might and Magic (USA)	ss	57	lossless
Crypt Killer (USA)	ss	57	lossless
Cu-On-Pa (Japan)	ss	57	lossless
Cubix Robots for Everyone - Race 'n Robots (USA)	ss	57	lossless
Culdcept - Expansion (Japan)	ss	57	lossless
Culdcept - Expansion Plus (Japan)	ss	57	lossless
Curiosity Kills the Cat Koukishin wa Neko o Korosu ka (Japan)	ss	57	lossless
Cyber Daisenryaku - Shutsugeki! Haruka-tai (Japan)	ss	57	lossless
Cyber Egg - Battle Champion (Japan)	ss	57	lossless
Cyber Org (Japan)	ss	57	lossless
CyberSled (USA)	ss	57	lossless
CyberSpeed (USA)	ss	57	lossless
CyberTiger (USA)	ss	57	lossless
Cyberbots - Fullmetal Madness (Japan)	ss	57	lossless
Cyberia (USA)	ss	57	lossless
Cybernetic Empire (Japan) (Disc 1)	ss	57	lossless
Cyberwar (Japan) (Disc 1)	ss	57	lossless
D (USA) (Disc 1)	ss	57	lossless
DBZ - Dead Ball Zone (USA) (En,Fr,De,Es,It)	ss	57	lossless
DX Hyakunin Isshu (Japan)	ss	57	lossless
DX Monopoly (Japan)	ss	57	lossless
DX Nippon Tokkyuu Ryokou Game - Let's Travel in Japan (Japan)	ss	57	lossless
DX Okuman Chouja Game - The Money Battle (Japan)	ss	57	lossless
DX Okuman Chouja Game II - The Money Battle (Japan)	ss	57	lossless
DX Shachou Game (Japan)	ss	57	lossless
Dai-2-ji Super Robot Taisen (Japan)	ss	57	lossless
Dai-2-kai! Quiz Darake no Jinsei Game (Japan)	ss	57	lossless
Dai-3-ji Super Robot Taisen (Japan)	ss	57	lossless
Dai-4-ji Super Robot Taisen S (Japan)	ss	57	lossless
Daibouken Deluxe - Haruka naru Umi (Japan)	ss	57	lossless
Daikoukai Jidai Gaiden (Japan)	ss	57	lossless
Daikoukai Jidai II (Japan)	ss	57	lossless
Daikoukai Jidai IV - Porto Estado (Japan)	ss	57	lossless
Daiobake Yashiki - Hamamura Jun no Jitsuwa Kaidan (Japan)	ss	57	lossless
Daisenryaku - Master Combat (Japan)	ss	57	lossless
Daisenryaku - Player's Spirit (Japan)	ss	57	lossless
Dakar '97 (Japan)	ss	57	lossless
Dalmatians 2 (Europe) (En,Fr,De)	ss	57	lossless
Dalmatians, The (Europe) (En,Fr,De,Nl)	ss	57	lossless
DamDam Stompland (Japan)	ss	57	lossless
Dance Dance Revolution (USA)	ss	57	lossless
Dance Dance Revolution - Best Hits (Japan)	ss	57	lossless
Dance Dance Revolution - Disney Mix (USA)	ss	57	lossless
Dance Dance Revolution - Extra Mix (Japan)	ss	57	lossless
Dance Dance Revolution 2nd Remix (Japan)	ss	57	lossless
Dance Dance Revolution 2nd Remix - Append Club Version Vol. 1 (Japan, Asia)	lr-snaps	57	lossless
Dance Dance Revolution 2nd Remix - Append Club Version Vol. 2 (Japan)	ss	57	lossless
Dance Dance Revolution 3rd Mix (Japan)	ss	57	lossless
Dance Dance Revolution 4th Mix (Japan)	ss	57	lossless
Dance Dance Revolution 5th Mix (Japan)	ss	57	lossless
Dance Dance Revolution Konamix (USA)	ss	57	lossless
Dance Europe (Europe) (Fr,De,Es,It,Nl,Pt)	ss	57	lossless
Dance! Dance! Dance! (Japan)	ss	57	lossless
Dance-UK eXtra Trax (UK)	ss	57	lossless
Dancing Blade Katte ni Momotenshi II - Tears of Eden (Japan) (Disc 1)	ss	57	lossless
Dancing Blade Katte ni Momotenshi! (Japan) (Disc 1)	ss	57	lossless
Dancing Stage - Euromix (Europe)	ss	57	lossless
Dancing Stage - Party Edition (Europe)	ss	57	lossless
Dancing Stage Fever (Europe)	ss	57	lossless
Dancing Stage Fusion (Europe) (En,Fr,De,Es,It)	ss	57	lossless
Dancing Stage featuring Dreams Come True (Japan)	ss	57	lossless
Dancing Stage featuring True Kiss Destination (Japan)	ss	57	lossless
Dangan (Japan)	ss	57	lossless
Danger Girl (USA)	ss	57	lossless
Dare Devil Derby 3D (USA)	ss	57	lossless
Darius Gaiden (Japan)	ss	57	lossless
Dark Hunter Ge - Youma no Mori (Japan)	ss	57	lossless
Dark Hunter Jou - Ijigen Gakuen (Japan) (En,Ja)	ss	57	lossless
Dark Seed II (Japan)	ss	57	lossless
Dark Tales - From the Lost Soul (Japan)	ss	57	lossless
Darklight Conflict (USA) (En,Fr,De,Es,It,Sv)	ss	57	lossless
Darkseed (Japan)	ss	57	lossless
Darkstalkers - The Night Warriors (USA)	ss	57	lossless
Darkstalkers 3 (USA)	ss	57	lossless
Darkstone (USA)	ss	57	lossless
Dave Mirra Freestyle BMX (USA)	lr-snaps	57	lossless
Dave Mirra Freestyle BMX - Maximum Remix (USA)	ss	57	lossless
David Beckham Soccer (USA)	ss	57	lossless
Davis Cup Complete Tennis (Europe)	ss	57	lossless
Dead in the Water (USA)	ss	57	lossless
Dead or Alive (USA)	ss	57	lossless
Deadheat Road (Japan)	ss	57	lossless
Deadly Skies (Japan)	ss	57	lossless
Death Wing (Japan)	ss	57	lossless
DeathMask (Japan) (Disc 1)	ss	57	lossless
Debut 21 (Japan)	ss	57	lossless
Deception III - Dark Delusion (USA)	ss	57	lossless
Deep Freeze (Japan)	ss	57	lossless
Deep Sea Adventure - Kaitei-kyuu Pantarassa no Nazo (Japan) (Disc 1)	ss	57	lossless
Deep, The - Ushinawareta Shinkai (Japan)	ss	57	lossless
Defcon 5 - Peace Has a Price... (USA)	ss	57	lossless
Dekiru! Game Center (Japan)	ss	57	lossless
Delta Force Urban Warfare (USA) (En,Fr,Es)	ss	57	lossless
Demolition Racer (USA)	ss	57	lossless
Dengeki Construction - Ochigee Yarou ze! (Japan)	ss	57	lossless
Denpa Shounen-teki Game (Japan)	ss	57	lossless
Densetsu-juu no Ana - Monster Complete World Ver. 2 (Japan)	ss	57	lossless
Densha Daisuki - Plarail ga Ippai (Japan)	ss	57	lossless
Densha de Go! (Japan)	ss	57	lossless
Densha de Go! 2 (Japan)	ss	57	lossless
Densha de Go! Nagoya Tetsudou-hen (Japan)	ss	57	lossless
Densha de Go! Professional Shiyou (Japan)	ss	57	lossless
Derby Jockey 2001 (Japan)	ss	57	lossless
Derby Jockey R (Japan)	ss	57	lossless
Descent (USA)	ss	57	lossless
Descent Maximum (USA)	ss	57	lossless
Deserted Island (Japan)	ss	57	lossless
Destrega (USA)	ss	57	lossless
Destruction Derby (USA)	ss	57	lossless
Destruction Derby 2 (USA, Canada)	ss	57	lossless
Destruction Derby Raw (USA)	ss	57	lossless
Destructo 2 (Europe)	ss	57	lossless
Detana Twinbee Yahoo! Deluxe Pack (Japan)	ss	57	lossless
Detective Barbie - The Mystery Cruise (USA)	ss	57	lossless
Detective Mouse (Europe) (En,Fr,De)	ss	57	lossless
Deuce (USA) (Proto) (2000-07-24)	ss	57	lossless
Devicereign (Japan)	ss	57	lossless
Devil Dice (USA)	ss	57	lossless
Devil Man (Japan)	ss	57	lossless
Devil Summoner - Soul Hackers (Japan) (Disc 1)	ss	57	lossless
Dexter's Laboratory - Mandark's Lab (USA)	ss	57	lossless
Dezaemon Kids! (Japan)	ss	57	lossless
Dezaemon Plus (Japan)	ss	57	lossless
Diablo (USA) (En,Fr,De,Sv)	ss	57	lossless
Dice de Chocobo (Japan)	ss	57	lossless
Die Hard Trilogy (USA)	ss	57	lossless
Die Hard Trilogy 2 - Viva Las Vegas (USA)	ss	57	lossless
DigiCro - Digital Number Crossword (Japan)	ss	57	lossless
Digical League (Japan)	ss	57	lossless
Digimon - Digital Card Battle (USA)	ss	57	lossless
Digimon Rumble Arena (USA)	ss	57	lossless
Digimon World (USA)	ss	57	lossless
Digimon World 2 (USA)	ss	57	lossless
Digimon World 3 (USA)	ss	57	lossless
DigimonTamers - PocketCulumon (Japan)	ss	57	lossless
DigimonWorld - Digital Card Battle (Japan)	lr-snaps	57	lossless
Digital Ehon Vol. 1 - Imadoki no Momotarou (Japan)	ss	57	lossless
Digital Ehon Vol. 2 - Imadoki no Kaguya-hime (Japan)	ss	57	lossless
Digital Ehon Vol. 4 - Imadoki no Hanasaka Jiisan (Japan)	ss	57	lossless
Digital Ehon Vol. 5 - Imadoki no Urashima-tarou (Japan)	ss	57	lossless
Digital Figure Iina (Japan)	ss	57	lossless
Digital Glider Airman (Japan)	ss	57	lossless
Dino Crisis (USA)	ss	57	lossless
Dino Crisis 2 (USA)	ss	57	lossless
Dinomaster Party (Europe) (En,Fr,De,Es,It,Nl)	ss	57	lossless
Dinosaurs (Europe) (En,Fr,De)	ss	57	lossless
Dioramos (Japan)	ss	57	lossless
Dirt Jockey - Heavy Equipment Operator (USA)	ss	57	lossless
Disc Derby - Meiba o Tsukurou!! (Japan)	ss	57	lossless
Discworld II - Mortality Bytes! (USA)	ss	57	lossless
Discworld Noir (Europe) (En,Es,It)	ss	57	lossless
Disney Il Re Leone - La Grande Avventura di Simba (Italy)	ss	57	lossless
Disney Learning - Mickey (Europe) (En,Fr,De,Es,It,Nl)	ss	57	lossless
Disney Presents Tigger's Honey Hunt (USA)	ss	57	lossless
Disney's 101 Dalmatians II - Patch's London Adventure (USA)	ss	57	lossless
Disney's 102 Dalmatians - Puppies to the Rescue (USA)	ss	57	lossless
Disney's Aladdin in Nasira's Revenge (USA)	ss	57	lossless
Disney's Atlantis - The Lost Empire (USA, Canada)	ss	57	lossless
Disney's Dinosaur (USA)	ss	57	lossless
Disney's Donald Duck - Goin' Quackers (USA)	ss	57	lossless
Disney's Goofy's Fun House (USA)	ss	57	lossless
Disney's Hercules Action Game (USA)	ss	57	lossless
Disney's Lilo & Stitch (USA)	ss	57	lossless
Disney's Pooh's Party Game - In Search of the Treasure (USA)	ss	57	lossless
Disney's Story Studio - Mulan (USA)	ss	57	lossless
Disney's Tarzan (USA)	ss	57	lossless
Disney's The Emperor's New Groove (USA)	ss	57	lossless
Disney's The Lion King - Simba's Mighty Adventure (USA)	ss	57	lossless
Disney's The Little Mermaid II (USA)	ss	57	lossless
Disney's Tigger's Honey Hunt (Europe)	ss	57	lossless
Disney's Treasure Planet (USA)	ss	57	lossless
Disney's Winnie the Pooh - Kindergarten (USA)	ss	57	lossless
Disney's Winnie the Pooh - Preschool (USA)	ss	57	lossless
Disney-Pixar A Bug's Life (USA)	ss	57	lossless
Disney-Pixar A Bug's Life - Disney's Activity Centre (Europe)	ss	57	lossless
Disney-Pixar Buzz Lightyear of Star Command (USA)	ss	57	lossless
Disney-Pixar Monsters, Inc. - Scream Team (USA)	ss	57	lossless
Disney-Pixar Toy Story 2 - Buzz Lightyear to the Rescue! (USA)	ss	57	lossless
Disney-Pixar Toy Story Racer (USA)	ss	57	lossless
Disruptor (USA)	ss	57	lossless
Diver's Dream (Europe) (En,Fr,De)	ss	57	lossless
Divide, The - Enemies Within (USA)	ss	57	lossless
DoDonPachi (Japan)	ss	57	lossless
Dodgem Arena (Europe)	ss	57	lossless
Dog Master, The (Japan)	ss	57	lossless
Dokapon! Ikari no Tekken (Japan)	ss	57	lossless
Doki Doki On Air (Japan)	ss	57	lossless
Doki Doki On Air 2 (Japan)	ss	57	lossless
Doki Doki Poyatchio!! (Japan)	ss	57	lossless
Doki Doki Pretty League (Japan)	ss	57	lossless
Doki Doki Pretty League - Lovely Star (Japan)	ss	57	lossless
Doki Doki Pretty League - Nekketsu Otome Seishunki (Japan) (Disc 1)	ss	57	lossless
Doki Doki Shutter Chance - Koi no Puzzle o Kumitatete (Japan)	ss	57	lossless
Dokiou-ki (Japan)	ss	57	lossless
Doko Demo Hamster - Bi! Click Tankentai (Japan)	ss	57	lossless
Doko Demo Hamster 2 (Japan)	ss	57	lossless
Doko Demo Hamster 4 - Doki Doki Sugoroku Daibouken! (Japan)	ss	57	lossless
Doko Demo Issho (Japan)	ss	57	lossless
Doko made mo Aoku... (Japan)	ss	57	lossless
Dome no Yabou 2 - The Race of Champions (Japan)	ss	57	lossless
DonPachi (Japan)	ss	57	lossless
Doom (USA)	ss	57	lossless
Doraemon - Nobita to Fukkatsu no Hoshi (Japan)	ss	57	lossless
Doraemon 2 - SOS! Otogi no Kuni (Japan)	ss	57	lossless
Doraemon 3 - Makai no Dungeon (Japan)	ss	57	lossless
Dosukoi Densetsu (Japan)	ss	57	lossless
Dotchi Mecha! (Japan)	ss	57	lossless
Dotsubo-chan (Japan)	ss	57	lossless
Double Dragon (Japan)	ss	57	lossless
Doubutsu Chara Navi Uranai 2 - Kosei Shinrigaku + Ren'ai Uranai Puzzle (Japan)	ss	57	lossless
Douga de Puzzle da! Puppukupuu (Japan)	ss	57	lossless
Doukyuusei 2 (Japan, Asia)	ss	57	lossless
Doukyuusei Mahjong (Japan)	ss	57	lossless
Downhill Snow (Japan)	ss	57	lossless
Dr. Rin ni Kiite Mite! Koi no Happy Four Seasons (Japan)	ss	57	lossless
Dr. Slump (Japan)	ss	57	lossless
Dracula - The Last Sanctuary (USA) (Disc 1)	ss	57	lossless
Dracula - The Resurrection (USA) (Disc 1)	ss	57	lossless
Dracula 2 - The Last Sanctuary (Europe) (Disc 1)	ss	57	lossless
Dragon Ball GT - Final Bout (USA)	ss	57	lossless
Dragon Ball Z - Idainaru Dragon Ball Densetsu (Japan)	ss	57	lossless
Dragon Ball Z - Ultimate Battle 22 (USA)	ss	57	lossless
Dragon Drive - Tactics Break (Japan)	ss	57	lossless
Dragon Knight 4 (Japan)	ss	57	lossless
Dragon Money (Japan)	ss	57	lossless
Dragon Quest IV - Michibikareshi Monotachi (Japan)	ss	57	lossless
Dragon Quest Monsters 1 & 2 - Hoshifuri no Yuusha to Bokujou no Nakamatachi (Japan)	ss	57	lossless
Dragon Seeds (USA)	ss	57	lossless
Dragon Tales - Dragonseek (USA)	ss	57	lossless
Dragon Valor (USA) (Disc 1)	ss	57	lossless
Dragon Warrior VII (USA) (Disc 1)	ss	57	lossless
DragonHeart - Fire & Steel (USA)	ss	57	lossless
Dragonbeat - Legend of Pinball (Japan)	ss	57	lossless
Dragstars (Europe)	ss	57	lossless
Dream Circus (Japan)	ss	57	lossless
Dream Generation - Koi ka Shigoto ka!... (Japan)	ss	57	lossless
Dreams (Europe) (En,Fr,De,Es,It)	ss	57	lossless
Driver - You Are the Wheelman (USA)	ss	57	lossless
Driver 2 (USA) (Disc 1)	ss	57	lossless
Drug Store, The (Japan)	ss	57	lossless
Druid - Yami e no Tsuisekisha (Japan)	ss	57	lossless
Ducati World - Racing Challenge (USA)	ss	57	lossless
Duke Nukem - Land of the Babes (USA)	ss	57	lossless
Duke Nukem - Time to Kill (USA)	ss	57	lossless
Duke Nukem - Total Meltdown (USA)	ss	57	lossless
Dukes of Hazzard II, The - Daisy Dukes It Out (USA)	ss	57	lossless
Dukes of Hazzard, The - Racing for Home (USA)	ss	57	lossless
Dune 2000 (USA)	ss	57	lossless
Dungeon Creator (Japan) (Disc 1)	ss	57	lossless
Dungeon Shoutenkai - Densetsu no Ken Hajime mashita (Japan)	ss	57	lossless
Dynamite Soccer 2000 (Japan)	ss	57	lossless
Dynamite Soccer 2002 (Japan)	ss	57	lossless
Dynamite Soccer 2004 Final (Japan)	lr-snaps	57	lossless
Dynamite Soccer 98 (Japan, Asia)	ss	57	lossless
Dynasty Warriors (USA)	ss	57	lossless
E.T. the Extra-Terrestrial - Interplanetary Mission (USA)	ss	57	lossless
EA Sports Superbike 2000 (USA)	ss	57	lossless
EA Sports Supercross (USA)	ss	57	lossless
EA Sports Supercross 2000 (USA)	ss	57	lossless
ECW Anarchy Rulz (USA)	ss	57	lossless
ECW Hardcore Revolution (USA)	ss	57	lossless
EOS - Edge of Skyhigh (Japan)	ss	57	lossless
EPS Series Vol. 1 - Because I Love You - Yukiko Morikawa (Japan)	lr-snaps	57	lossless
EPS Series Vol. 2 - Moonlight to Daybreak - Yukie Nakama (Japan)	lr-snaps	57	lossless
EPS Series Vol. 3 - Come and Kiss Me - Tomomi Tsunoda (Japan)	lr-snaps	57	lossless
EPS Series Vol. 4 - Noise Reduction - Tomoa Yamamoto (Japan)	lr-snaps	57	lossless
EPS Series Vol. 5 - Believer Dreamer - Junko Mizutani (Japan)	lr-snaps	57	lossless
ESPN MLS Gamenight (USA)	ss	57	lossless
Eagle One - Harrier Attack (USA) (En,Fr,Es)	ss	57	lossless
Earthworm Jim 2 (Europe)	ss	57	lossless
East End x Yuri - Eexy Life (Japan)	ss	57	lossless
Easter Bunny's Big Day (USA)	ss	57	lossless
Eberouge (Japan) (Disc 1)	ss	57	lossless
Eberouge 2 (Japan)	ss	57	lossless
Eberouge Special - Koi to Mahou no Gakuen Seikatsu (Japan)	ss	57	lossless
Ebisu Yoshikazu no Ooana Kyoutei (Japan)	ss	57	lossless
Echo Night (USA)	ss	57	lossless
Echo Night 2 - Nemuri no Shihaisha (Japan)	ss	57	lossless
Econo Kids - Ta ga Tame ni Kane wa Naru (Japan)	ss	57	lossless
Ecsaform (Japan) (Disc 1)	ss	57	lossless
Efficus - Kono Omoi o Kimi ni... (Japan)	ss	57	lossless
Egg (Japan)	ss	57	lossless
Eggs of Steel - Charlie's Eggcellent Adventure (USA)	ss	57	lossless
Egypt 1156 B.C. - Tomb of the Pharaoh (Europe) (En,Es,Nl,Sv)	ss	57	lossless
Egypt II - The Heliopolis Prophecy (Europe)	ss	57	lossless
Ehrgeiz - God Bless the Ring (USA)	ss	57	lossless
Eikan wa Kimi ni 4 (Japan)	ss	57	lossless
Einhaender (USA)	ss	57	lossless
Eisei Meijin (Japan)	ss	57	lossless
Eisei Meijin II (Japan)	ss	57	lossless
Eisei Meijin III - Game Creator Yoshimura Nobuhiro no Zunou (Japan)	lr-snaps	57	lossless
Eithea (Japan) (Disc 1)	ss	57	lossless
Eko Eko Azarak - Wizard of Darkness (Japan)	ss	57	lossless
Elan (Japan)	ss	57	lossless
Elan Plus (Japan)	ss	57	lossless
Elder Gate (Japan)	ss	57	lossless
Elemental Gearbolt (USA)	ss	57	lossless
Elemental Pinball (Europe)	ss	57	lossless
Elf o Karu Monotachi - Hanafuda-hen (Japan)	ss	57	lossless
Elf o Karu Monotachi - Kanzenban (Japan) (Disc 1)	ss	57	lossless
Elf o Karu Monotachi II (Japan) (Disc 1)	ss	57	lossless
Elfin Paradise (Japan)	ss	57	lossless
Eliminator (USA)	ss	57	lossless
Emit Value Pack (Japan) (En,Ja) (Disc 1) (Vol. 1 - Toki no Maigo)	ss	57	lossless
Emmyrea (Japan)	ss	57	lossless
End Sector (Japan)	ss	57	lossless
Enen Angel (Japan)	ss	57	lossless
Engacho! (Japan)	ss	57	lossless
Enigma (Japan, Asia) (Disc 1)	ss	57	lossless
Enomoto Kanako no Boke Shindan Game (Japan)	ss	57	lossless
Entertainment Jansou - That's Pon! (Japan)	ss	57	lossless
Epidemic (USA)	ss	57	lossless
Equestrian Showcase (USA)	ss	57	lossless
Eternal Eyes (USA)	ss	57	lossless
Eternal Melody (Japan)	ss	57	lossless
Eurasia Express Satsujin Jiken (Japan) (Disc 1)	ss	57	lossless
Europe Racer (Europe) (En,Fr,De,Es,It,Nl)	ss	57	lossless
European Super League (Europe) (En,Fr,De,Es,It,Pt)	ss	57	lossless
Eve - The Fatal Attraction (Japan) (Disc 1)	ss	57	lossless
Eve - The Lost One (Japan) (Disc 1) (Kyoko Disc)	ss	57	lossless
Eve Zero (Japan) (Disc 1)	ss	57	lossless
Evergreen Avenue (Japan)	ss	57	lossless
Evil Dead - Hail to the King (USA) (Disc 1)	ss	57	lossless
Evil Zone (USA)	ss	57	lossless
Evo's Space Adventures (Europe) (En,Fr,De,Es,It)	ss	57	lossless
Exalegiuse (Japan)	ss	57	lossless
Excalibur 2555 A.D. (USA)	ss	57	lossless
Exciting Bass 3 (Japan)	ss	57	lossless
Exector (Japan)	ss	57	lossless
Exodus Guilty (Japan)	ss	57	lossless
Expendable (USA)	ss	57	lossless
Expert (Japan)	ss	57	lossless
Explosive Racing (Europe)	ss	57	lossless
Extra Bright (Japan)	ss	57	lossless
Extreme 500 (Europe) (En,De)	ss	57	lossless
Extreme Ghostbusters - The Ultimate Invasion (Europe) (En,Fr,De,Es,It,Nl)	ss	57	lossless
Extreme Go-Kart Racing (USA)	ss	57	lossless
Extreme Pinball (USA)	ss	57	lossless
Extreme Power (Japan)	ss	57	lossless
Extreme Snow Break (Europe)	ss	57	lossless
F-1 Grand Prix 1996 - Team Un'ei Simulation (Japan)	ss	57	lossless
F.A. Manager (Europe)	ss	57	lossless
F.A. Premier League Football Manager 2000, The (Europe)	ss	57	lossless
F.A. Premier League Football Manager 2001, The (Europe)	ss	57	lossless
F.A. Premier League Stars 2001, The (Europe)	ss	57	lossless
F.A. Premier League Stars, The (Europe)	ss	57	lossless
F1 2000 (USA) (En,Fr,Es)	ss	57	lossless
F1 Championship Season 2000 (USA) (En,Fr,Es)	ss	57	lossless
F1 GP Nippon no Chousen - Dome no Yabou (Japan)	ss	57	lossless
F1 Racing Championship (USA) (En,Fr)	ss	57	lossless
F1 World Grand Prix (USA)	ss	57	lossless
F1 World Grand Prix - 1999 Season (USA) (En,Fr,De,Es,It)	ss	57	lossless
FEDA 2 - White Surge the Platoon (Japan)	ss	57	lossless
FIFA - Road to World Cup 98 (USA) (En,Fr,De,Es,Nl,Sv)	ss	57	lossless
FIFA 2000 - Europe League Soccer (Japan)	ss	57	lossless
FIFA 2000 - Major League Soccer (USA) (En,De,Es,Nl,Sv)	ss	57	lossless
FIFA 2001 (USA) (En,De,Es,Nl,Sv)	ss	57	lossless
FIFA 99 (USA) (En,Fr,De,Es,Nl,Sv)	ss	57	lossless
FIFA Soccer 2002 (USA) (En,Es)	ss	57	lossless
FIFA Soccer 2003 (USA) (En,Es)	ss	57	lossless
FIFA Soccer 2004 (USA) (En,Es)	ss	57	lossless
FIFA Soccer 2005 (USA) (En,Es)	ss	57	lossless
FIFA Soccer 96 (USA) (En,Fr,De,Es,It,Sv)	ss	57	lossless
FIFA Soccer 97 (USA) (En,Fr,De,Es,It,Sv)	ss	57	lossless
Fade to Black (USA) (En,Fr,De,Es,It)	ss	57	lossless
Falcata - Astran Pardma no Monshou (Japan)	ss	57	lossless
Family 1500 Series - Mahjong (Japan)	lr-snaps	57	lossless
Family Bowling (Japan)	ss	57	lossless
Family Card Games Fun Pack (USA)	ss	57	lossless
Family Chess (Japan)	ss	57	lossless
Family Diamond (Japan)	ss	57	lossless
Family Feud (USA)	ss	57	lossless
Family Game Pack (USA)	ss	57	lossless
Family Games Compendium (Europe) (Disc 1)	ss	57	lossless
Family Gunjin Shougi (Japan)	lr-snaps	57	lossless
Family Igo - Super Strong (Japan)	ss	57	lossless
Family Igo 2 (Japan)	ss	57	lossless
Family Shougi - Super Strong (Japan)	ss	57	lossless
Family Shougi 2 (Japan)	ss	57	lossless
Famires e Youkoso! (Japan)	ss	57	lossless
Famires, The (Japan)	ss	57	lossless
Famires, The - Shijou Saikyou no Menu (Japan)	ss	57	lossless
Fantastep (Japan)	ss	57	lossless
Fantastic Fortune (Japan)	ss	57	lossless
Fantastic Four (USA)	ss	57	lossless
Fantastic Night Dreams - Cotton Original (Japan)	ss	57	lossless
Farland Saga - Toki no Michishirube (Japan)	ss	57	lossless
Farland Story - Yottsu no Fuuin (Japan)	ss	57	lossless
Fatal Fury - Wild Ambition (USA)	ss	57	lossless
Favorite Dear (Japan)	ss	57	lossless
Favorite Dear - Enkan no Monogatari (Japan)	ss	57	lossless
Favorite Dear - Junpaku no Yogensha (Japan)	ss	57	lossless
Fear Effect (USA) (Disc 1)	ss	57	lossless
Fear Effect 2 - Retro Helix (USA) (Disc 1)	ss	57	lossless
Felony 11-79 (USA)	ss	57	lossless
Fever - Sankyo Koushiki Pachinko Simulation (Japan)	ss	57	lossless
Fever 2 - Sankyo Koushiki Pachinko Simulation (Japan)	ss	57	lossless
Fever 3 - Sankyo Koushiki Pachinko Simulation (Japan)	ss	57	lossless
Fever 4 - Sankyo Koushiki Pachinko Simulation (Japan)	ss	57	lossless
Fever 5 - Sankyo Koushiki Pachinko Simulation (Japan)	ss	57	lossless
Fifth Element, The (USA)	ss	57	lossless
Fighter Maker (USA)	ss	57	lossless
Fighters' Impact (Japan, Asia)	ss	57	lossless
Fighting Eyes (Japan)	ss	57	lossless
Fighting Force (USA)	ss	57	lossless
Fighting Force 2 (USA)	ss	57	lossless
Fighting Illusion V - K-1 Grand Prix '99 (Japan)	ss	57	lossless
Fighting Network Rings (Japan)	ss	57	lossless
Final Doom (USA)	ss	57	lossless
Final Fantasy Chronicles - Chrono Trigger (USA, Canada)	ss	57	lossless
Final Fantasy Chronicles - Final Fantasy IV (USA, Canada)	ss	57	lossless
Final Fantasy IX (USA, Canada) (Disc 1)	ss	57	lossless
Final Fantasy Origins (USA)	ss	57	lossless
Final Fantasy Origins - Final Fantasy (Europe)	ss	57	lossless
Final Fantasy Origins - Final Fantasy II (Europe)	ss	57	lossless
Final Fantasy Tactics (USA)	ss	57	lossless
Final Fantasy V (Japan, Asia)	ss	57	lossless
Final Fantasy VI (Europe, Australia)	ss	57	lossless
Final Fantasy VII (USA) (Disc 1)	ss	57	lossless
Final Fantasy VIII (USA) (Disc 1)	ss	57	lossless
Final Round (Japan)	lr-snaps	57	lossless
Final Round, The (USA)	ss	57	lossless
Finger Flashing (Japan)	ss	57	lossless
Fire Pro Wrestling - Iron Slam '96 (Japan)	ss	57	lossless
Fire Pro Wrestling G (Japan)	ss	57	lossless
Fire Woman Matoigumi (Japan)	ss	57	lossless
Firebugs (Europe) (En,Fr,De,Es,It,Nl,Pt,Sv,No,Da,Fi)	ss	57	lossless
Firemen 2, The - Pete & Danny (Japan)	ss	57	lossless
Firo & Klawd (Europe)	ss	57	lossless
First Kiss Story (Japan) (Disc 1)	ss	57	lossless
First Queen IV - Varcia Senki (Japan)	ss	57	lossless
Fish Eyes II (Japan)	ss	57	lossless
Fish On! Bass (Japan)	ss	57	lossless
Fisher's Road (Japan)	ss	57	lossless
Fisher-Price Rescue Heroes - Molten Menace (USA)	ss	57	lossless
Fisherman's Bait - A Bass Challenge (USA)	ss	57	lossless
Fisherman's Bait 2 - Big Ol' Bass (USA)	ss	57	lossless
Fishing Freaks - BassRise Plus (Japan)	lr-snaps	57	lossless
Fishing Koushien II (Japan)	ss	57	lossless
Fist (Japan)	ss	57	lossless
Flamberge no Seirei (Japan)	ss	57	lossless
Flintstones, The - Bedrock Bowling (USA)	ss	57	lossless
Floating Runner - Quest for the 7 Crystals (USA)	ss	57	lossless
Fluid (Europe)	ss	57	lossless
Flying Squadron (Europe)	ss	57	lossless
Football Madness (Europe)	ss	57	lossless
Ford Racing (USA)	ss	57	lossless
Ford Truck Mania (USA)	ss	57	lossless
Forget Me Not - Palette (Japan)	ss	57	lossless
Formation Soccer '97 - The Road to France (Japan)	ss	57	lossless
Formation Soccer '98 (Japan)	ss	57	lossless
Formula 1 (USA)	ss	57	lossless
Formula 1 98 (USA, Canada) (En,Fr,De,Es,It,Fi)	ss	57	lossless
Formula 1 Championship Edition (USA) (En,Fr,De,Es,It)	ss	57	lossless
Formula Circus (Japan)	ss	57	lossless
Formula GP (Europe)	ss	57	lossless
Formula Grand Prix - Team Un'ei Simulation 2 - 1997-nenban (Japan)	ss	57	lossless
Formula Karts - Special Edition (Europe) (En,De,Es,It)	ss	57	lossless
Formula Nippon (Europe) (Fr,De)	ss	57	lossless
Formula One 2000 (USA)	ss	57	lossless
Formula One 2001 (Europe) (En,Fi)	ss	57	lossless
Formula One 99 (USA, Canada) (En,Fr,Es)	ss	57	lossless
Formula One Arcade (Europe) (En,Fr,De,Es,It)	ss	57	lossless
Forsaken (USA)	ss	57	lossless
Fox Hunt (USA) (Disc 1)	ss	57	lossless
Fox Junction (Japan)	ss	57	lossless
Fox Sports Golf '99 (USA)	ss	57	lossless
Fox Sports Soccer '99 (USA) (En,Es)	ss	57	lossless
FoxKids.com - Micro Maniacs Racing (USA)	ss	57	lossless
Frank Thomas Big Hurt Baseball (USA)	ss	57	lossless
Free Talk Studio - Mari no Kimamana Oshaberi (Japan)	ss	57	lossless
Freestyle Boardin' '99 (USA)	ss	57	lossless
Freestyle Motocross - McGrath vs. Pastrana (USA)	ss	57	lossless
Frenzy! (Europe)	ss	57	lossless
Frogger (USA)	ss	57	lossless
Frogger 2 - Swampy's Revenge (USA)	ss	57	lossless
From TV Animation One Piece - Grand Battle! 2 (Japan)	ss	57	lossless
From TV Animation One Piece - Oceans of Dreams! (Japan)	ss	57	lossless
From TV Animation One Piece - Tobidase Kaizokudan! (Japan)	ss	57	lossless
Front Mission 1st (Japan)	ss	57	lossless
Front Mission 2 (Japan, Asia)	ss	57	lossless
Front Mission 3 (USA)	ss	57	lossless
Front Mission Alternative (Japan)	ss	57	lossless
Fun! Fun! Pingu - Youkoso! Nankyoku e (Japan)	ss	57	lossless
Furimukeba Tonari ni (Japan)	ss	57	lossless
Fushigi Deka (Japan)	ss	57	lossless
Fushigi no Kuni no Angelique (Japan)	ss	57	lossless
Future Cop - L.A.P.D. (USA)	ss	57	lossless
Future GPX Cyber Formula - Aratanaru Chousensha (Japan) (Disc 1)	ss	57	lossless
Future Racer (Europe)	ss	57	lossless
Fuujin Ryouiki Eretzvaju (Japan, Asia)	ss	57	lossless
Fuuraiki (Japan)	ss	57	lossless
Fuuun Gokuu Ninden (Japan)	ss	57	lossless
G-Police (USA) (Disc 1)	ss	57	lossless
G-Police - Weapons of Justice (USA)	ss	57	lossless
G. Darius (USA)	ss	57	lossless
G.O.D pure (Japan)	ss	57	lossless
GI Jockey (Japan)	lr-snaps	57	lossless
GI Jockey 2000 (Japan)	ss	57	lossless
GP Challenge (Europe) (En,Fr,De,It)	ss	57	lossless
GZSZ Quiz (Germany)	ss	57	lossless
GZSZ Vol. 2 (Germany) (Disc 1)	ss	57	lossless
GZSZ Vol. 3 (Germany)	ss	57	lossless
Gadget - Past as Future (Japan) (Disc 1)	ss	57	lossless
GaiaMaster - Kamigami no Board Game (Japan)	ss	57	lossless
GaiaSeed - Project Seed Trap (Japan)	ss	57	lossless
Gakkou de Atta Kowai Hanashi S (Japan)	ss	57	lossless
Gakkou no Kowai Uwasa - Hanako-san ga Kita!! (Japan)	ss	57	lossless
Gakkou o Tsukurou!! (Japan)	ss	57	lossless
Gakkou o Tsukurou!! 2 (Japan)	ss	57	lossless
Gakkou o Tsukurou!! Kouchou Sensei Monogatari (Japan)	ss	57	lossless
Gakuen Sentai Solblast (Japan)	ss	57	lossless
Galaga - Destination Earth (USA)	ss	57	lossless
Galaxian^3 (Europe)	ss	57	lossless
Galaxy Fight (Europe)	ss	57	lossless
Gale Gunner (Japan)	ss	57	lossless
Galeoz (Japan)	ss	57	lossless
Galerians (USA) (Disc 1)	ss	57	lossless
Gallop Racer (USA)	ss	57	lossless
Gallop Racer 2 (Japan)	ss	57	lossless
Gallop Racer 2000 (Japan)	ss	57	lossless
Game Nihonshi - Kakumeiji Oda Nobunaga (Japan)	ss	57	lossless
Game Soft o Tsukurou - Let's Be a Super Game Creator!! (Japan)	ss	57	lossless
Game de Seishun (Japan)	ss	57	lossless
Game no Tatsujin (Japan)	ss	57	lossless
Game no Tatsujin 2 (Japan)	ss	57	lossless
Game no Tetsujin - The Shanghai (Japan)	ss	57	lossless
Game of Life, The (USA)	ss	57	lossless
Game of Life, The - DX Jinsei Game (Japan)	ss	57	lossless
Game of Life, The - DX Jinsei Game II (Japan)	ss	57	lossless
Game of Life, The - DX Jinsei Game III (Japan)	ss	57	lossless
Game of Life, The - DX Jinsei Game IV (Japan)	ss	57	lossless
Game of Life, The - DX Jinsei Game V (Japan)	ss	57	lossless
Gamera 2000 (Japan) (En,Ja)	ss	57	lossless
Ganbare Goemon - Kuru nara Koi! Ayashige Ikka no Kuroi Kage (Japan)	ss	57	lossless
Ganbare Goemon - Ooedo Daikaiten (Japan)	ss	57	lossless
Ganbare Goemon - Uchuu Kaizoku Akogingu (Japan)	ss	57	lossless
Gangway Monsters (Japan)	ss	57	lossless
Ganso Family Mahjong (Japan)	ss	57	lossless
Ganso Family Mahjong 2 (Japan)	ss	57	lossless
Gate Keepers (Japan) (Disc 1)	ss	57	lossless
Gauntlet Legends (USA)	ss	57	lossless
GeGeGe no Kitarou (Japan)	lr-snaps	57	lossless
GeGeGe no Kitarou - Gyakushuu! Youma Daikessen (Japan)	ss	57	lossless
Gear Fighter Dendoh (Japan)	ss	57	lossless
Gekido - Urban Fighters (USA)	ss	57	lossless
Gekioh - Shooting King (USA)	ss	57	lossless
Gekiretsu Pachinkers (Japan)	lr-snaps	57	lossless
Gekisou Tomarunner (Japan)	ss	57	lossless
Gekitotsu Toma L'Arc - Tomarunner vs L'Arc-en-Ciel (Japan)	ss	57	lossless
Gekitou! Crush Gear Turbo (Japan)	ss	57	lossless
Gekka no Kishi - Ouryuusen (Japan)	ss	57	lossless
Gen'ei Tougi - Shadow Struggle (Japan)	ss	57	lossless
Genghis Khan - Aoki Ookami to Shiroki Mejika IV (Japan)	ss	57	lossless
Gensou Maden Saiyuuki - Haruka naru Nishi e (Japan)	ss	57	lossless
Gensou Suiko Gaiden Vol. 1 - Harmonia no Kenshi (Japan)	ss	57	lossless
Gensou Suiko Gaiden Vol. 2 - Crystal Valley no Kettou (Japan)	ss	57	lossless
Gensou Suikoden (Japan)	ss	57	lossless
Gensou no Artemis (Japan)	ss	57	lossless
Geom Cube (USA)	ss	57	lossless
Geometry Duel (Japan)	ss	57	lossless
Germs - Nerawareta Machi (Japan)	ss	57	lossless
GetBackers - Dakkan'ya (Japan)	ss	57	lossless
Getter Robo Daikessen! (Japan)	ss	57	lossless
Gex (USA)	ss	57	lossless
Gex - Enter the Gecko (USA)	ss	57	lossless
Gex 3 - Deep Cover Gecko (USA)	ss	57	lossless
Ghost in the Shell (USA)	ss	57	lossless
Ghoul Panic (Europe) (En,Fr,De,Es,It)	ss	57	lossless
Ginga Eiyuu Densetsu (Japan)	ss	57	lossless
Ginga Ojousama Densetsu Yuna - Final Edition (Japan)	ss	57	lossless
Gionbana (Japan)	ss	57	lossless
Gionbana 2 - Kanazawa Bunko-hen (Japan)	ss	57	lossless
Glint Glitters (Japan)	ss	57	lossless
Global Domination (Europe)	ss	57	lossless
Global Force - Shin Sentou Kokka (Japan)	ss	57	lossless
Glocal Hexcite (Japan)	ss	57	lossless
Glover (USA)	ss	57	lossless
Go Go I Land (Japan) (Disc 1)	ss	57	lossless
Go II Professional - Taikyoku Igo (Japan)	ss	57	lossless
Goal Storm '97 (USA)	ss	57	lossless
Goal Storm (USA)	ss	57	lossless
Godzilla - Trading Battle (Japan)	ss	57	lossless
Goemon - Shin Sedai Shuumei (Japan)	ss	57	lossless
Goiken Muyou II (Japan) (En,Ja)	ss	57	lossless
Gokuu Densetsu - Magic Beast Warriors (Japan)	ss	57	lossless
Gold and Glory - The Road to El Dorado (USA)	ss	57	lossless
Golden Nugget (USA) (Disc 1)	ss	57	lossless
Goldie (Europe) (En,Fr,De,Nl)	ss	57	lossless
Golgo 13 Vol. 1 - Carlyle no Yabou (Japan) (En,Ja)	ss	57	lossless
Golgo 13 Vol. 2 - Mienai Guntai (Japan) (En,Ja)	ss	57	lossless
Goo! Goo! Soundy (Japan)	ss	57	lossless
Goo-Cho de Park - Theme Park Monogatari (Japan)	ss	57	lossless
Goryuujin + Electro (Japan)	ss	57	lossless
Gotha II - Tenkuu no Kishi (Japan)	ss	57	lossless
Gotouchi Hello Kitty Sugoroku Monogatari (Japan)	ss	57	lossless
Goujin Senki (Japan)	ss	57	lossless
Gouketsuji Ichizoku 2 - Chotto dake Saikyou Densetsu (Japan)	ss	57	lossless
Gourmet Action Game - Manpuku!! Nabe Kazoku (Japan)	ss	57	lossless
Grab des Pharao, Das (Germany)	ss	57	lossless
Gradius Deluxe Pack (Japan)	ss	57	lossless
Gradius Gaiden (Japan)	ss	57	lossless
Gran Turismo (USA)	ss	57	lossless
Gran Turismo 2 (USA) (Arcade Mode)	ss	57	lossless
Grand Slam (USA)	ss	57	lossless
Grand Theft Auto (USA)	ss	57	lossless
Grand Theft Auto - Mission Pack 1 - London 1969 (USA)	ss	57	lossless
Grand Theft Auto 2 (USA)	ss	57	lossless
Grande Fratello - Il Gioco (Italy)	ss	57	lossless
Grandia (USA) (Disc 1)	ss	57	lossless
Granew-tou! Daibouken (Japan)	ss	57	lossless
Granstream Saga, The (USA)	ss	57	lossless
Great Battle VI, The (Japan)	ss	57	lossless
Great Hits (Japan)	ss	57	lossless
Grid Runner (USA)	ss	57	lossless
Grille Logic (Japan)	ss	57	lossless
Grinch, The (USA) (En,Fr,Es)	ss	57	lossless
Grind Session (USA)	ss	57	lossless
Gritz - The Pyramid Adventure (Japan)	ss	57	lossless
Groove Adventure Rave - Mikan no Hiseki (Japan)	ss	57	lossless
Groove Adventure Rave - Yuukyuu no Kizuna (Japan)	ss	57	lossless
Groove Jigoku V - SweepStation Version (Japan)	ss	57	lossless
Growlanser (Japan) (Disc 1)	ss	57	lossless
Grudge Warriors (USA)	ss	57	lossless
Guardian Recall - Shugojuu Shoukan (Japan) (Disc 1)	ss	57	lossless
Guardian of Darkness, The (Europe) (En,Fr,De,Es,It)	ss	57	lossless
Guardian's Crusade (USA)	ss	57	lossless
Gubble (USA)	ss	57	lossless
Guilty Gear (USA)	ss	57	lossless
Guitar Freaks (Japan)	ss	57	lossless
Guitar Freaks Append 2nd Mix (Japan)	ss	57	lossless
GunBullet (Japan)	ss	57	lossless
Gunbare! Game Tengoku - The Game Paradise 2 (Japan)	lr-snaps	57	lossless
Gundam 0079 - The War for Earth (Japan) (Disc 1)	ss	57	lossless
Gundam Battle Assault (USA)	ss	57	lossless
Gundam Battle Assault 2 (USA)	ss	57	lossless
Gundam the Battle Master (Japan, Asia)	ss	57	lossless
Gundam the Battle Master 2 (Japan, Asia)	ss	57	lossless
Gundress (Japan)	ss	57	lossless
Gunfighter - The Legend of Jesse James (USA)	ss	57	lossless
Gungage (Europe)	ss	57	lossless
Gungho Brigade (Japan)	ss	57	lossless
Gunnm - Kasei no Kioku (Japan)	ss	57	lossless
Gunpey (Japan)	ss	57	lossless
Gunship (USA)	ss	57	lossless
Guntu - Western Front June, 1944 - Tetsu no Kioku (Japan)	ss	57	lossless
Gussun Oyoyo (Japan)	ss	57	lossless
Guuguuthropus (Japan)	ss	57	lossless
Guy Roux Football Manager Saison 97-98 (France)	ss	57	lossless
Gyuwambler Jiko Chuushinha - Ippatsu Shoubu! (Japan)	ss	57	lossless
HBO Boxing (USA)	ss	57	lossless
Hacha Mecha Pon! (Japan)	ss	57	lossless
Haishin 2 (Japan)	ss	57	lossless
Hajime no Ippo - The Fighting! (Japan)	ss	57	lossless
Hakai-ou - King of Crusher (Japan)	ss	57	lossless
Hamster Club-i (Japan)	ss	57	lossless
Hamster Monogatari (Japan)	ss	57	lossless
Hamster no Odekake (Japan)	ss	57	lossless
Hana to Ryuu (Japan)	ss	57	lossless
Hanabi - Fantast (Japan)	ss	57	lossless
Hanafuda Graffiti - Koi Koi Monogatari (Japan)	ss	57	lossless
Hanafuda Real 3D (Japan)	ss	57	lossless
Happy Diet (Japan)	ss	57	lossless
Happy Hotel (Japan)	ss	57	lossless
Happy Jogging in Hawaii (Japan)	ss	57	lossless
Happy Salvage (Japan)	ss	57	lossless
Hard Blow (Japan)	ss	57	lossless
Hard Boiled (Europe)	ss	57	lossless
Hard Rock Cab (Japan)	ss	57	lossless
HardBall '99 (USA)	ss	57	lossless
HardBall 5 (USA)	ss	57	lossless
Harlem Beat - You're the One (Japan)	ss	57	lossless
Harmful Park (Japan)	ss	57	lossless
Harry Potter and the Chamber of Secrets (USA, Canada) (En,Fr,Es)	ss	57	lossless
Harry Potter and the Sorcerer's Stone (USA) (En,Fr,Es)	ss	57	lossless
Harukanaru Toki no Naka de (Japan)	ss	57	lossless
Harukanaru Toki no Naka de - Banjou Yuugi (Japan)	ss	57	lossless
Harukaze Sentai V-Force (Japan) (Disc 1)	ss	57	lossless
Harvest Moon - Back to Nature (USA)	ss	57	lossless
Hashiriya - Ookamitachi no Densetsu (Japan)	ss	57	lossless
Hatsukoi Valentine (Japan)	ss	57	lossless
Hatsukoi Valentine Special (Japan)	ss	57	lossless
Haunted Junction - Seitokai Badge o Oe! (Japan)	ss	57	lossless
Heart of Darkness (USA) (Disc 1)	ss	57	lossless
Hebereke's Popoitto (Europe)	ss	57	lossless
Heisa Byouin (Japan)	ss	57	lossless
Heiwa Pachinko Daisuki (Japan)	ss	57	lossless
Heiwa Pachinko Graffiti Vol. 1 (Japan)	ss	57	lossless
Heiwa Pachinko Graffiti Vol. 2 (Japan)	ss	57	lossless
Heiwa Parlor! Pro - BunDori King SP (Japan)	ss	57	lossless
Heiwa Parlor! Pro - Dolphin Ring Special (Japan)	ss	57	lossless
Heiwa Parlor! Pro - Fujiko ni O-Ma-Ka-Se Special (Japan)	ss	57	lossless
Heiwa Parlor! Pro - Inakappe Taishou Special (Japan)	ss	57	lossless
Heiwa Parlor! Pro - Lupin Sansei Special (Japan)	ss	57	lossless
Heiwa Parlor! Pro - Tsunatori Special (Japan)	ss	57	lossless
Heiwa Parlor! Pro - Western Special (Japan)	ss	57	lossless
Heiwa, The - Otenki Studio (Japan)	ss	57	lossless
Hellboy - Asylum Seeker (USA)	ss	57	lossless
Hellnight (Europe) (En,Fr,De)	ss	57	lossless
Hello Charlie!! (Japan)	ss	57	lossless
Hello Kitty - Cube Frenzy (USA)	ss	57	lossless
Hello Kitty - White Present (Japan)	ss	57	lossless
Hello Kitty no Cube de Cute (Japan)	ss	57	lossless
Herc's Adventures (USA)	ss	57	lossless
Herkules (Europe) (En,De)	ss	57	lossless
Hermie Hopperhead - Scrap Panic (Japan)	ss	57	lossless
Heroine Dream (Japan)	ss	57	lossless
Heroine Dream 2 (Japan)	ss	57	lossless
Hexamoon Guardians (Japan) (Disc 1)	ss	57	lossless
Hexen (USA)	ss	57	lossless
Hi-Hou-Ou - Mou Omae to wa Kuchi Kikan!! (Japan)	ss	57	lossless
Hi-Octane - The Track Fights Back! (USA) (En,Fr,De,Es)	ss	57	lossless
Hidden & Dangerous (Europe) (En,Fr,De,Es,It)	ss	57	lossless
High Heat Baseball 2000 (USA)	ss	57	lossless
High Heat Major League Baseball 2002 (USA)	ss	57	lossless
High School of Blitz (Japan)	ss	57	lossless
Hikari no Shima - Seven Lithographs in Shining Island (Japan)	ss	57	lossless
Hikaru no Go - Heian Gensou Ibunroku (Japan)	ss	57	lossless
Hikaru no Go - Insei Choujou Kessen (Japan)	ss	57	lossless
Himiko-den - Renge (Japan) (Disc 1)	ss	57	lossless
Himitsu Kessha Q (Japan)	ss	57	lossless
Himitsu Sentai Metamor V Deluxe (Japan) (Disc 1)	ss	57	lossless
Hissatsu Pachi-Slot Station - Meoshi Ichiban (Japan)	ss	57	lossless
Hissatsu Pachi-Slot Station 2 - Bakuto! Joushiki Yaburi no 2 Types (Japan)	ss	57	lossless
Hissatsu Pachi-Slot Station 3 - Tetra Reel e no Chousen (Japan)	ss	57	lossless
Hissatsu Pachi-Slot Station 4 - New Pulsar R & Hot Rod Queen (Japan)	ss	57	lossless
Hissatsu Pachi-Slot Station 5 - Invaders 2000 (Japan)	ss	57	lossless
Hissatsu Pachi-Slot Station SP - Yamasa Best Choice (Japan)	ss	57	lossless
Hissatsu Pachi-Slot Station Special 2 - The Tetra (Japan)	ss	57	lossless
Hissatsu Pachinko Station (Japan)	ss	57	lossless
Hissatsu Pachinko Station - Monster House Special (Japan)	ss	57	lossless
Hissatsu Pachinko Station - Toyomaru Special (Japan)	ss	57	lossless
Hissatsu Pachinko Station 10 - EX Jack 2000 & Super Dragon (Japan)	ss	57	lossless
Hissatsu Pachinko Station 2 (Japan)	ss	57	lossless
Hissatsu Pachinko Station 3 - Genshijin ga Ippai (Japan)	ss	57	lossless
Hissatsu Pachinko Station 4 - Hero-tachi no Chousen (Japan)	ss	57	lossless
Hissatsu Pachinko Station 5 - Deramaitta & Irete Nanbo (Japan)	ss	57	lossless
Hissatsu Pachinko Station 6 - Gakideka & Jamaica (Japan)	ss	57	lossless
Hissatsu Pachinko Station 7 - CR Chumy House XL & CR Battle Hero V & Fine Play (Japan)	ss	57	lossless
Hissatsu Pachinko Station 8 - Kamashi no Kin-chan & Soreyuke Hama-chan (Japan)	ss	57	lossless
Hissatsu Pachinko Station 9 - Ushiwaka to Lemi (Japan)	ss	57	lossless
Hissatsu Pachinko Station Classic - Fukkatsu! Natsukashi no Meikitachi (Japan)	ss	57	lossless
Hissatsu Pachinko Station Classic 2 - Tsui ni yomigaeru!! Bakuretsu Meiki Fukkatsu (Japan)	lr-snaps	57	lossless
Hissatsu Pachinko Station Now - Kore ga Ichiban!! Shin Pikaichi Tengoku (Japan)	ss	57	lossless
Hissatsu Pachinko Station Now 2 - Yatta ze Ippatsu Tsumo Tsumo Tengoku (Japan)	ss	57	lossless
Hissatsu Pachinko Station Now 3 - Youkai Engei (Japan)	ss	57	lossless
Hissatsu Pachinko Station Now 4 - Ore wa Nekketsu Bouken-ou da!! (Japan)	ss	57	lossless
Hissatsu Pachinko Station Now 5 - GeGeGe no Kitarou (Japan)	ss	57	lossless
Hissatsu Pachinko Station Now 6 - Shinsei!! Areddin 21 (Japan)	ss	57	lossless
Hissatsu Pachinko Station Now 7 - Magical Circus (Japan)	ss	57	lossless
Hissatsu Pachinko Station Now 8 - Jarinko Chie (Japan)	ss	57	lossless
Hissatsu Pachinko Station Now 9 - Dirty Pair (Japan)	ss	57	lossless
Hissatsu Pachinko Station Petit - Nanasy tte Nani (Japan)	ss	57	lossless
Hissatsu Pachinko Station Petit 2 - Areddin tte Great! (Japan)	ss	57	lossless
Hissatsu Pachinko Station SP3 (Japan)	lr-snaps	57	lossless
History of Kita Denshi (Japan)	ss	57	lossless
Hit Back (Japan)	ss	57	lossless
Hive, The (USA) (Disc 1)	ss	57	lossless
Hiza no Ue no Partner - Kitty on Your Lap (Japan)	ss	57	lossless
Hogs of War (USA)	ss	57	lossless
Hokuto no Ken (Japan)	ss	57	lossless
Hokuto no Ken - Seikimatsu Kyuuseishu Densetsu (Japan)	ss	57	lossless
Home Doctor (Japan)	ss	57	lossless
Honkaku 4-nin Uchi - Geinoujin Taikyoku Mahjong - The Wareme de Pon (Japan)	ss	57	lossless
Honkaku Hanafuda (Japan)	ss	57	lossless
Honkaku Igo (Japan)	ss	57	lossless
Honkaku Mahjong - Tetsuman Special (Japan)	ss	57	lossless
Honkaku Shougi - Shougi-ou (Japan)	ss	57	lossless
Honkaku Yonin Uchi Pro Mahjong - Mahjong-ou (Japan)	ss	57	lossless
Honkakuha Yonin Uchi - Mahjong Club (Japan)	ss	57	lossless
Honoo no Ryourinin - Cooking Fighter Hao (Japan)	ss	57	lossless
Hooters - Road Trip (USA)	ss	57	lossless
Hoshi de Hakken!! Tamagotchi (Japan, Asia)	ss	57	lossless
Hoshi no Mahoroba (Japan)	ss	57	lossless
Hoshigami - Ruining Blue Earth (USA)	ss	57	lossless
Hoshigami - Shizumiyuku Aoki Daichi (Japan)	ss	57	lossless
Hoshinooka Gakuen Monogatari - Gakuensai (Japan)	ss	57	lossless
Hot Shot (Europe)	ss	57	lossless
Hot Shots Golf (USA)	ss	57	lossless
Hot Shots Golf 2 (USA)	ss	57	lossless
Hot Wheels - Extreme Racing (USA)	ss	57	lossless
Hot Wheels - Turbo Racing (USA)	ss	57	lossless
Houma Hunter Lime - Special Collection Vol. 1 (Japan)	ss	57	lossless
Houma Hunter Lime - Special Collection Vol. 2 (Japan)	ss	57	lossless
Houshin Engi (Japan)	ss	57	lossless
Houshin Engi - Aizouban (Japan)	lr-snaps	57	lossless
Hugo (Europe)	ss	57	lossless
Hugo - Black Diamond Fever (Europe) (En,Sv,Fi)	ss	57	lossless
Hugo - Frog Fighter (Europe) (En,Fr,De,Es,It,Nl,Pt,Sv,No,Da,Fi)	ss	57	lossless
Hugo - The Evil Mirror (USA) (En,Es)	ss	57	lossless
Hugo - The Quest for the Sunstones (Europe) (Fr,Nl,Pl)	ss	57	lossless
Hugo 2 (Europe)	ss	57	lossless
Hunchback of Notredame (Europe)	ss	57	lossless
Hunter x Hunter - Maboroshi no Greed Island (Japan)	ss	57	lossless
Hunter x Hunter - Ubawareta Aura Stone (Japan)	ss	57	lossless
Hyakujuu Sentai GaoRanger (Japan)	ss	57	lossless
Hybrid (Europe)	ss	57	lossless
Hydro Thunder (USA)	ss	57	lossless
Hyouryuuki - The Reportage Beyond the Sea (Japan)	ss	57	lossless
Hyper Crazy Climber (Japan)	ss	57	lossless
Hyper Formation Soccer (Japan)	ss	57	lossless
Hyper Securities 2 (Japan)	ss	57	lossless
Hyper Tennis - Final Match (Europe)	ss	57	lossless
Hyper Value 2800 - Hanafuda (Japan)	ss	57	lossless
Hyper Value 2800 - Hyper Pachinko (Japan)	ss	57	lossless
Hyper Value 2800 - Mahjong (Japan)	ss	57	lossless
I'Max Shougi II (Japan)	ss	57	lossless
I.Q - Intelligent Qube (USA)	ss	57	lossless
IHRA Drag Racing (USA)	ss	57	lossless
ISS Pro Evolution (USA)	ss	57	lossless
ISS Pro Evolution 2 (Europe) (Es,It)	ss	57	lossless
Ian Livingstone's Deathtrap Dungeon (USA)	ss	57	lossless
Iblard - Laputa no Kaeru Machi (Japan)	ss	57	lossless
Ichigeki - Hagane no Hito (Japan)	ss	57	lossless
Ide Yousuke Meijin no Shin Jissen Mahjong (Japan)	ss	57	lossless
Ide Yousuke no Mahjong Kazoku (Japan)	ss	57	lossless
Ide Yousuke no Mahjong Kyoushitsu (Japan)	ss	57	lossless
Idol Janshi Suchie-Pai II Limited (Japan) (Disc 1)	ss	57	lossless
Idol Janshi Suchie-Pai Limited (Japan)	ss	57	lossless
Idol Promotion - Suzuki Yumie (Japan)	ss	57	lossless
Ikasama Mahjong (Japan)	ss	57	lossless
Imadoki no Vampire - Bloody Bride (Japan)	ss	57	lossless
Impact Racing (USA)	ss	57	lossless
In Cold Blood (USA) (Disc 1)	ss	57	lossless
In the Hunt (USA)	ss	57	lossless
Inagawa Junji - Kyoufu no Yashiki (Japan)	ss	57	lossless
Inagawa Junji - Mayonaka no Taxi (Japan)	ss	57	lossless
Incredible Crisis (USA)	ss	57	lossless
Incredible Hulk, The - The Pantheon Saga (USA)	ss	57	lossless
Independence Day (USA)	ss	57	lossless
Indy 500 (Europe)	ss	57	lossless
Infestation (Europe) (En,Fr,De,Es,It,Nl)	ss	57	lossless
Infinity (Japan)	ss	57	lossless
Initial D (Japan)	ss	57	lossless
Inspector Gadget - Gadget's Crazy Maze (USA) (En,Fr,De,Es,It,Nl)	ss	57	lossless
Intellivision Classic Games (USA)	ss	57	lossless
International Cricket Captain 2000 (Europe)	ss	57	lossless
International Cricket Captain 2001 - Ashes Edition (Europe)	ss	57	lossless
International Cricket Captain 2002 (Europe)	ss	57	lossless
International Karate + (Europe)	ss	57	lossless
International Moto X (Europe) (En,Fr,De,Es,It,Nl)	ss	57	lossless
International Soccer - Excite Stage 2000 (Japan)	ss	57	lossless
International Superstar Soccer (Europe) (En,De)	ss	57	lossless
International Superstar Soccer Deluxe (Europe)	ss	57	lossless
International Superstar Soccer Pro '98 (USA) (En,Fr,De,Es,It)	ss	57	lossless
International Track & Field (USA)	ss	57	lossless
International Track & Field 2000 (USA)	ss	57	lossless
Interplay Sports Baseball 2000 (USA)	ss	57	lossless
Inuyasha (Japan)	lr-snaps	57	lossless
Inuyasha - A Feudal Fairy Tale (USA)	ss	57	lossless
Inuyasha - Sengoku Otogi Gassen (Japan)	ss	57	lossless
Invasion (Europe) (En,Fr,De,Es,It,Nl)	ss	57	lossless
Invasion from Beyond (USA)	ss	57	lossless
Ippatsu Gyakuten - Gamble King Densetsu (Japan)	ss	57	lossless
Irem Arcade Classics (Japan)	ss	57	lossless
Iron Man & X-O Manowar in Heavy Metal (USA)	ss	57	lossless
Iron Soldier 3 (USA)	ss	57	lossless
Irritating Stick (USA)	ss	57	lossless
Iru! (Japan)	ss	57	lossless
Ishin no Arashi (Japan)	ss	57	lossless
Ishin no Arashi - Bakumatsu Shishiden (Japan)	ss	57	lossless
Itadaki Street - Gorgeous King (Japan)	ss	57	lossless
Italian Job, The (USA)	ss	57	lossless
Itsuka, Kasanariau Ashita e - Sayuri-hen (Japan)	ss	57	lossless
Itsuka, Kasanariau Ashita e - Shirou-hen (Japan)	ss	57	lossless
Iwatobi Penguin Rocky x Hopper (Japan)	ss	57	lossless
Iwatobi Penguin Rocky x Hopper 2 - Tantei Monogatari (Japan)	ss	57	lossless
Iznogoud (Europe) (En,Fr,De,It,Nl)	ss	57	lossless
J's Racin' (Japan)	ss	57	lossless
J. B. Harold - Blue Chicago Blues (Japan) (Disc 1)	ss	57	lossless
J.League Jikkyou Winning Eleven '98-'99 (Japan)	ss	57	lossless
J.League Jikkyou Winning Eleven (Japan)	ss	57	lossless
J.League Jikkyou Winning Eleven 2000 (Japan)	ss	57	lossless
J.League Jikkyou Winning Eleven 2000 2nd (Japan)	ss	57	lossless
J.League Jikkyou Winning Eleven 2001 (Japan)	ss	57	lossless
J.League Jikkyou Winning Eleven 3 (Japan)	ss	57	lossless
J.League Soccer - Jikkyou Survival League (Japan)	ss	57	lossless
J.League Virtual Stadium '96 (Japan)	ss	57	lossless
JGTC - All Japan Grand Touring Car Championship (Japan)	ss	57	lossless
Jackie Chan Stuntmaster (USA)	ss	57	lossless
Jade Cocoon - Story of the Tamamayu (USA)	ss	57	lossless
JailBreaker (Japan) (Disc 1)	ss	57	lossless
Jaleco Collection Vol. 1 (Japan)	ss	57	lossless
Jang Jang Koi Shimashow - Lovely Pop 2 in 1 (Japan)	ss	57	lossless
Jang Jang Koi Shimashow Separate 1 - Jang Jang Shimashow (Japan)	ss	57	lossless
Jang Jang Koi Shimashow Separate 2 - Koi Koi Shimashow (Japan)	ss	57	lossless
Janhai Yuugi '99 - Tanuki no Kawazanyou (Japan)	ss	57	lossless
Jarrett & Labonte Stock Car Racing (USA)	ss	57	lossless
Jeff Wayne's The War of the Worlds (Europe)	ss	57	lossless
Jellyfish - The Healing Friend (Japan)	ss	57	lossless
Jeopardy! (USA)	ss	57	lossless
Jeopardy! 2nd Edition (USA)	ss	57	lossless
Jeremy McGrath Supercross 2000 (USA)	ss	57	lossless
Jeremy McGrath Supercross 98 (USA)	ss	57	lossless
Jersey Devil (USA)	ss	57	lossless
Jet Ace (Europe)	ss	57	lossless
Jet Moto (USA)	ss	57	lossless
Jet Moto 2 (USA)	ss	57	lossless
Jet Moto 3 (USA)	ss	57	lossless
Jet de Go! Let's Go by Airliner (Japan)	ss	57	lossless
Jetracer (Europe) (En,Fr,De)	ss	57	lossless
Jewel Bem Hunter Lime with Paint Maker (Japan)	ss	57	lossless
Jigoku Sensei Nube (Japan)	ss	57	lossless
Jigsaw Island - Japan Graffiti (Japan)	ss	57	lossless
Jigsaw Madness (USA)	ss	57	lossless
Jigsaw World (Japan)	ss	57	lossless
Jikki Pachi-Slot Tettei Kouryaku - Speed-CR Kinkakuji 3 (Japan)	lr-snaps	57	lossless
Jikki Pachi-Slot Tettei Kouryaku - Yamasa Collection (Japan)	ss	57	lossless
Jikkyou Golf Master 2000 (Japan)	ss	57	lossless
Jikkyou J.League 1999 - Perfect Striker (Japan)	ss	57	lossless
Jikkyou Kyousouba Ikusei Simulation Game - Breeding Stud '99 (Japan)	ss	57	lossless
Jikkyou Oshaberi Parodius - Forever with Me (Japan)	ss	57	lossless
Jikkyou Powerful Pro Yakyuu '95 (Japan)	ss	57	lossless
Jikkyou Powerful Pro Yakyuu '95 - Kaimakuban (Japan)	ss	57	lossless
Jikkyou Powerful Pro Yakyuu '97 - Kaimakuban (Japan)	ss	57	lossless
Jikkyou Powerful Pro Yakyuu '98 - Kaimakuban (Japan)	ss	57	lossless
Jikkyou Powerful Pro Yakyuu '98 - Ketteiban (Japan)	ss	57	lossless
Jikkyou Powerful Pro Yakyuu '99 - Kaimakuban (Japan)	ss	57	lossless
Jikkyou Powerful Pro Yakyuu '99 - Ketteiban (Japan)	ss	57	lossless
Jikkyou Powerful Pro Yakyuu - Premium-ban (Japan)	ss	57	lossless
Jikkyou Powerful Pro Yakyuu 2000 - Kaimakuban (Japan)	ss	57	lossless
Jikkyou Powerful Pro Yakyuu 2000 - Ketteiban (Japan)	ss	57	lossless
Jikkyou Powerful Pro Yakyuu 2001 (Japan)	lr-snaps	57	lossless
Jikkyou Powerful Pro Yakyuu 2001 - Ketteiban (Japan)	ss	57	lossless
Jikkyou Powerful Pro Yakyuu 2002 - Haru (Japan)	ss	57	lossless
Jikuu Tantei DD - Maboroshi no Lorelei (Japan) (Disc 1)	ss	57	lossless
Jikuu Tantei DD 2 - Hangyaku no Apsalar (Japan) (Disc 1)	ss	57	lossless
Jim Henson's Bear in the Big Blue House (USA)	ss	57	lossless
Jim Henson's The Hoobs (Europe)	ss	57	lossless
Jimmy Johnson's VR Football '98 (USA)	ss	57	lossless
Jimmy White's 2 - Cueball (USA)	ss	57	lossless
Jinx (Europe) (En,Fr,De,Es,It)	ss	57	lossless
Jissen Pachi-Slot Hisshouhou! 5 (Japan)	ss	57	lossless
Jissen Pachi-Slot Hisshouhou! Disc Up (Japan)	ss	57	lossless
Jissen Pachi-Slot Hisshouhou! Sammy Revolution (Japan)	ss	57	lossless
Jissen Pachi-Slot Hisshouhou! Sammy Revolution 2 (Japan)	ss	57	lossless
Jissen Pachi-Slot Hisshouhou! Single - Epsilon R (Japan)	ss	57	lossless
Jissen Pachi-Slot Hisshouhou! Single - Kamen Rider & Gallop (Japan) (Disc 1) (Kamen Rider)	ss	57	lossless
Jissen Pachi-Slot Hisshouhou! Single - Kamen Rider V3 (Japan)	ss	57	lossless
Jissen Pachi-Slot Hisshouhou! Single - Kung-Fu Lady (Japan)	ss	57	lossless
Jissen Pachi-Slot Hisshouhou! Single - Sea Master X (Japan)	ss	57	lossless
Jissen Pachi-Slot Hisshouhou! Single - Super Star Dust 2 (Japan)	ss	57	lossless
Jissen Pachi-Slot Hisshouhou! Single - The Kongdom (Japan)	ss	57	lossless
Jitsumei Jikkyou Keiba - Dream Classic (Japan)	ss	57	lossless
JoJo's Bizarre Adventure (USA)	ss	57	lossless
Jockey Zero (Japan)	ss	57	lossless
Johnny Bazookatone (USA)	ss	57	lossless
Jonah Lomu Rugby (Europe) (En,De,Es,It)	ss	57	lossless
Joshikousei no Houkago... Pukunpa (Japan)	ss	57	lossless
Jouki Kikansha Unten Simulation - SL de Ikou! (Japan)	ss	57	lossless
Jouki Kikansha Unten Simulation - SL de Ikou! II (Japan)	lr-snaps	57	lossless
Jounetsu Nekketsu Athletes - Nakimushi Coach no Diary (Japan)	ss	57	lossless
Judge Dredd (USA)	ss	57	lossless
Juggernaut (USA) (Disc 1)	ss	57	lossless
JumpStart Wildlife Safari - Field Trip (USA)	ss	57	lossless
Jumping Flash! (USA)	ss	57	lossless
Jumping Flash! 2 (USA)	ss	57	lossless
Junclassic C.C. & Rope Club (Japan)	ss	57	lossless
Jungle Park (Japan)	ss	57	lossless
Junjou de Karen - Meymay Kishidan - Spectral Force Seishoujo Gaiden (Japan)	ss	57	lossless
Jupiter Strike (USA)	ss	57	lossless
K-1 Grand Prix (USA)	ss	57	lossless
K-1 Ouja ni Narou! King of Kings (Japan)	ss	57	lossless
K-1 Revenge (USA)	ss	57	lossless
K-1 The Arena Fighters (USA)	ss	57	lossless
K-1 World Grand Prix 2001 - Kaimakuban (Japan)	ss	57	lossless
K.O. - The Live Boxing (Japan)	ss	57	lossless
KISS Pinball (USA)	ss	57	lossless
KKND Krossfire (Europe)	ss	57	lossless
Kaeru no Ehon - Nakushita Kioku o Motomete (Japan)	ss	57	lossless
Kaette Kita Cyborg Kuro-chan (Japan)	ss	57	lossless
Kaette Kita Pachio-kun - Dream Collection (Japan)	ss	57	lossless
Kagayaku Kisetsu e (Japan) (Disc 1) (Shokai Genteiban)	ss	57	lossless
Kagero - Deception II (USA)	ss	57	lossless
Kahen Soukou Gunbike - Speed Power Gunbike (Japan)	ss	57	lossless
Kaibutsu Para-Dice - Monster Paradise (Japan)	ss	57	lossless
Kaijuu Senki (Japan)	ss	57	lossless
Kaikan Phrase - Datenshi Kourin (Japan)	ss	57	lossless
Kaishin!! Derby Analyst (Japan)	ss	57	lossless
Kaisoku Tenshi - The Rapid Angel (Japan)	ss	57	lossless
Kaitou Apricot (Japan)	ss	57	lossless
Kaitou Ranma Miyabi (Japan)	ss	57	lossless
Kakinoki Shougi (Japan)	ss	57	lossless
Kakinoki Shougi II (Japan)	ss	57	lossless
Kakuge Yarou - Fighting Game Creator (Japan)	ss	57	lossless
Kakugo no Susume (Japan)	ss	57	lossless
Kamen Rider (Japan)	ss	57	lossless
Kamen Rider Agito (Japan)	ss	57	lossless
Kamen Rider Kuuga (Japan)	ss	57	lossless
Kamen Rider Ryuuki (Japan)	ss	57	lossless
Kamen Rider V3 (Japan)	ss	57	lossless
Kanazawa Shougi '95 (Japan)	ss	57	lossless
Kanazawa Shougi - Tsuki (Japan)	lr-snaps	57	lossless
Kart Challenge (Europe) (En,Fr,De,It)	ss	57	lossless
Kartia - The Word of Fate (USA)	ss	57	lossless
Karyuujou (Japan) (Disc 1) (Ryuu Hangan Hen)	ss	57	lossless
Kasei Monogatari (Japan)	ss	57	lossless
Katou Hifumi Kudan - Shougi Club (Japan)	ss	57	lossless
Kattobi Tune (Japan)	ss	57	lossless
Katze von Schroedinger, Die (Japan)	ss	57	lossless
Kawa no Nushi-tsuri - Hikyou o Motomete (Japan)	ss	57	lossless
Kaze no Oka Kouen Nite (Japan)	ss	57	lossless
Keiba Eight '98 Aki Fuyu (Japan)	ss	57	lossless
Keiba Eight '98 Haru Natsu (Japan)	ss	57	lossless
Keiba Eight '99 Haru Natsu (Japan)	lr-snaps	57	lossless
Keiba Saishou no Housoku '95 (Japan)	ss	57	lossless
Keiba Saishou no Housoku '96 Vol. 1 (Japan)	ss	57	lossless
Keiba Saishou no Housoku '96 Vol. 2 - GI-Road (Japan)	ss	57	lossless
Keiba Saishou no Housoku '97 Vol. 1 - Nerae! Manbaken! (Japan)	ss	57	lossless
Keiba Saishou no Housoku '97 Vol. II - To Hit (Japan)	ss	57	lossless
Keiba Saishou no Housoku '99 Shuutou (Japan)	ss	57	lossless
Keitai Eddy (Japan)	ss	57	lossless
Kekkon - Marriage (Japan)	ss	57	lossless
Kellogg Original Waku Waku Doki Doki Ninki Game Chara Daishuugou! (Japan)	ss	57	lossless
Kenki Ippatsu! Crane Master ni Narou! (Japan)	ss	57	lossless
Kenki Ippatsu! Shovel Master ni Narou! (Japan)	ss	57	lossless
Kensei - Sacred Fist (USA)	ss	57	lossless
Kensetsu Kikai Simulator - Kenki Ippai! (Japan)	lr-snaps	57	lossless
Kenshou Akou Jiken - Chuushingura - Rekishi Adventure (Japan)	ss	57	lossless
Kero Kero King (Japan)	ss	57	lossless
Khamrai (Japan)	ss	57	lossless
Kick Off World (Europe) (Es,Nl)	ss	57	lossless
Kickboxing (USA)	ss	57	lossless
Kid Clown no Crazy Chase 2 - Love Love Honey Soudatsusen (Japan)	ss	57	lossless
Kid Mix Section - Character Collection (Japan)	ss	57	lossless
Kidou Senshi Gundam - Gihren no Yabou - Zeon no Keifu (Japan, Asia) (Disc 1) (Earth Federation Disc)	ss	57	lossless
Kidou Senshi Gundam - Gihren no Yabou - Zeon no Keifu - Kouryaku Shireisho (Japan)	ss	57	lossless
Kids Station - Asobou! Hanasou! Guru Guru Town Hanamaru-kun (Japan)	ss	57	lossless
Kids Station - Barbapapa (Japan)	ss	57	lossless
Kids Station - Bishoujo Senshi Sailor Moon World - Chibiusa to Tanoshii Mainichi (Japan)	ss	57	lossless
Kids Station - Bokura to Asobou! Ultraman TV (Japan)	ss	57	lossless
Kids Station - Crayon Shin-chan - Ora to Omoide Tsukuru zo! (Japan)	ss	57	lossless
Kids Station - Digimon Park (Japan)	ss	57	lossless
Kids Station - Doraemon - Himitsu no Yojigen Pocket (Japan)	ss	57	lossless
Kids Station - Hello Kitty no Oshaberi ABC (Japan)	ss	57	lossless
Kids Station - Hello Kitty no Oshaberi Town (Japan)	ss	57	lossless
Kids Station - Hello Kitty no Ouchi e Oide yo! (Japan)	ss	57	lossless
Kids Station - Hello Kitty to Album Nikki o Tsukurimasho! (Japan)	ss	57	lossless
Kids Station - Hitori de Dekiru mon! (Japan)	ss	57	lossless
Kids Station - Kamen Rider Heroes (Japan)	ss	57	lossless
Kids Station - Kikansha Thomas to Nakamatachi (Japan)	ss	57	lossless
Kids Station - Kuma no Pooh-san - Mori no Nakama to 1, 2, 3 (Japan)	ss	57	lossless
Kids Station - Kuma no Pooh-san - Mori no Tomodachi (Japan)	ss	57	lossless
Kids Station - LEGO no Sekai (Japan)	ss	57	lossless
Kids Station - Magical Music - Eigo de One, Two, Three! (Japan) (En,Ja)	ss	57	lossless
Kids Station - Mickey to Nakamatachi - Kazu Asobi Iro Iro (Japan)	ss	57	lossless
Kids Station - Mini-Moni. ni Naru no da Pyon! (Japan)	ss	57	lossless
Kids Station - Motto! Oja Majo DoReMi - Maho-dou Smile Party (Japan)	ss	57	lossless
Kids Station - Oja Majo DoReMi - Maho-dou Dance Carnival! (Japan)	lr-snaps	57	lossless
Kids Station - Oja Majo DoReMi Dokkan! Maho-dou Eigo Festival (Japan)	ss	57	lossless
Kids Station - Oshaberi Oekaki - Kikansha Thomas to Nakamatachi (Japan)	ss	57	lossless
Kids Station - Oshaberi Oekaki - Soreike! Anpanman (Japan)	ss	57	lossless
Kids Station - Plarail - Tetsudou Monoshiri Hyakka (Japan)	ss	57	lossless
Kids Station - Ponkickies 21 - Game no Omocha-bako (Japan)	ss	57	lossless
Kids Station - Soreike! Anpanman (Japan)	ss	57	lossless
Kids Station - Soreike! Anpanman 2 - Anpanman to Daibouken! (Japan)	ss	57	lossless
Kids Station - Soreike! Anpanman 3 - Sugoroku Anpanman (Japan)	ss	57	lossless
Kids Station - Ugoku Tomica Zukan (Japan)	ss	57	lossless
Kids Station - Ultraman Cosmos - Yuusha no Chikai (Japan)	ss	57	lossless
Kids Station - Unten Daisuki - Doki Doki - Norimono Daibouken (Japan)	ss	57	lossless
Kids Station - Yancharu Moncha (Japan)	ss	57	lossless
Kiganjou (Japan)	ss	57	lossless
Kikuni Masahiko Jirushi - Warau Fukei-san Pachi-Slot Hunter (Japan)	ss	57	lossless
Kileak - The DNA Imperative (USA)	ss	57	lossless
Killer Loop (USA)	ss	57	lossless
Killing Time (USA) (Proto) (1997-04-29)	ss	57	lossless
Killing Zone (USA)	ss	57	lossless
Kimagure My Baby - Musume no Sugoroku Seichouki (Japan)	ss	57	lossless
Kimero!! Hero Gakuen - Eiyuu ni Kotae Nashi (Japan)	ss	57	lossless
Kimi ni Steady (Japan)	ss	57	lossless
Kimi no Kimochi, Boku no Kokoro - I've Possessed Your Body! (Japan)	ss	57	lossless
Kindaichi Shounen no Jikenbo - Hihou-tou Arata naru Sangeki (Japan)	ss	57	lossless
Kindaichi Shounen no Jikenbo - Jigoku Yuuen Satsujin Jiken (Japan) (Disc 1)	ss	57	lossless
Kindaichi Shounen no Jikenbo 3 - Seiryuu Densetsu Satsujin Jiken (Japan) (Disc 1)	ss	57	lossless
King of Bowling (Japan)	ss	57	lossless
King of Bowling 2 (Europe)	ss	57	lossless
King of Bowling 3 (Europe)	ss	57	lossless
King of Fighters '95, The (USA)	ss	57	lossless
King of Fighters '96, The (Japan, Asia)	ss	57	lossless
King of Fighters '97, The (Japan)	ss	57	lossless
King of Fighters '98, The - Dream Match Never Ends (Japan)	ss	57	lossless
King of Fighters '99, The (USA)	ss	57	lossless
King of Fighters Kyou, The (Japan)	ss	57	lossless
King of Parlor (Japan)	ss	57	lossless
King of Parlor 2 (Japan)	ss	57	lossless
King of Producer (Japan)	ss	57	lossless
King of Stallion (Japan)	ss	57	lossless
King's Field (USA)	ss	57	lossless
King's Field II (USA)	ss	57	lossless
King's Field III - Pilot Style (Japan)	ss	57	lossless
Kingsley's Adventure (USA)	ss	57	lossless
Kinniku Banzuke - Road to Sasuke (Japan)	ss	57	lossless
Kinniku Banzuke Vol. 1 - Ore ga Saikyou no Otoko da! (Japan)	ss	57	lossless
Kinniku Banzuke Vol. 2 - Arata naru Genkai e no Chousen! (Japan)	ss	57	lossless
Kinniku Banzuke Vol. 3 - Saikyou no Challenger Tanjou! (Japan)	ss	57	lossless
Kirikou (Europe) (En,Fr,De)	ss	57	lossless
Kisha de Go! (Japan)	ss	57	lossless
Kita Denshi - Virtua Pachi-Slot (Japan)	ss	57	lossless
Kita Denshi - Virtua Pachi-Slot 2 (Japan)	ss	57	lossless
Kitchen Panic (Japan)	ss	57	lossless
Kitty the Kool! Kabuki de Tanoshiku Odotte ne!! (Japan)	ss	57	lossless
Kiwame Daidougi - Tsumuya Tsumazaruya (Japan)	ss	57	lossless
Kizuna toyuu Na no Pendant with Toybox Stories (Japan) (Disc 1)	ss	57	lossless
Klaymen Gun-Hockey (Japan)	ss	57	lossless
Klaymen Klaymen - Neverhood no Nazo (Japan)	ss	57	lossless
Klonoa - Door to Phantomile (USA)	ss	57	lossless
Klonoa Beach Volleyball (Europe) (En,Fr,De,Es,It)	ss	57	lossless
Knockout Kings (USA)	ss	57	lossless
Knockout Kings 2000 (USA)	ss	57	lossless
Knockout Kings 2001 (USA)	ss	57	lossless
Kochira Katsushika-ku Kameari Kouen-mae Hashutsujo - High-Tech Buil Shinkou Soshi Sakusen! no Maki (Japan)	ss	57	lossless
Kogepan - Pan mo Game o Yarurashii... (Japan)	ss	57	lossless
Koiyohou (Japan)	ss	57	lossless
Kojima Takeo - Mahjong Teiou (Japan)	ss	57	lossless
Kojin Kyouju - La Lecon Particuliere (Japan)	ss	57	lossless
Koko Hore! Pukka (Japan)	ss	57	lossless
Komotchi (Japan)	ss	57	lossless
Kon'ya mo Dorubako!! (Japan)	ss	57	lossless
Kon'ya mo Dorubako!! 2000 (Japan)	ss	57	lossless
Kon'ya mo Dorubako!! 2001 (Japan)	ss	57	lossless
Konami Antiques - MSX Collection Vol. 1 (Japan)	ss	57	lossless
Konami Antiques - MSX Collection Vol. 2 (Japan)	ss	57	lossless
Konami Antiques - MSX Collection Vol. 3 (Japan, Asia)	ss	57	lossless
Konami Arcade Classics (USA)	ss	57	lossless
Koneko mo Issho (Japan)	ss	57	lossless
Konohana - TrueReport (Japan)	ss	57	lossless
KoroKoro Post nin (Japan)	ss	57	lossless
Kosodate Quiz Motto My Angel (Japan)	ss	57	lossless
Kosodate Quiz My Angel (Japan)	ss	57	lossless
Koten Tsumego-shuu - Shijin no Maki (Japan)	ss	57	lossless
Kotobuki Grand Prix (Europe)	ss	57	lossless
Koudelka (USA) (Disc 1)	ss	57	lossless
Koukidou Gensou - Gunparade March (Japan)	ss	57	lossless
Koukyaku Kikou Shidan - Bein Panzer (Japan)	ss	57	lossless
Kouni Shougun (Japan)	ss	57	lossless
Kouryuu Sangoku Engi (Japan)	ss	57	lossless
Kouryuuki (Japan)	ss	57	lossless
Koushien V (Japan)	ss	57	lossless
Koutetsu Reiiki - Steeldom (Japan)	ss	57	lossless
Kouyasai - A Sherd of Youthful Memories (Japan)	ss	57	lossless
Kowai Shashin - Shinrei Shashin Kitan (Japan)	ss	57	lossless
Kowloon's Gate - Kowloon Fuusuiden (Japan) (Disc 1) (Byakko)	ss	57	lossless
Kowloon-jou (Japan)	ss	57	lossless
Krazy Ivan (USA)	ss	57	lossless
Kuma no Pooh-tarou - Sora wa Pink da! Zen'in Shuugou!! (Japan)	ss	57	lossless
Kumitate Battle Kuttu Ketto (Japan)	ss	57	lossless
Kunoichi Torimonochou (Japan)	ss	57	lossless
Kuon no Kizuna (Japan)	ss	57	lossless
Kuro no Juusan (Japan)	ss	57	lossless
Kuro no Ken - Blade of the Darkness (Japan)	ss	57	lossless
Kuroi Hitomi no Noir - Cielgris Fantasm (Japan)	ss	57	lossless
Kurt Warner's Arena Football Unleashed (USA)	ss	57	lossless
Kuru Kuru Cube (Japan)	ss	57	lossless
Kuru Kuru Maru Maru (Japan)	ss	57	lossless
Kuru Kuru Panic (Japan)	ss	57	lossless
Kuru Kuru Twinkle - Onegai Ohoshi-sama (Japan)	ss	57	lossless
Kurumi Miracle (Japan)	ss	57	lossless
Kururin Pa! (Japan)	ss	57	lossless
Kurushi Final (Europe)	ss	57	lossless
Kuubo Senki (Japan)	ss	57	lossless
Kyaiin no Tanoshi Mail - PS. I Love You (Japan)	lr-snaps	57	lossless
Kyoro-chan no Prikura Daisakusen (Japan)	ss	57	lossless
Kyoto Maiko Monogatari (Japan)	ss	57	lossless
Kyoufu Shinbun (Japan)	ss	57	lossless
Kyousouba Ikusei Simulation - Derby Stallion (Japan)	ss	57	lossless
Kyousouba Ikusei Simulation - Derby Stallion 99 (Japan)	ss	57	lossless
Kyoutei Wars Makuru 6 (Japan)	ss	57	lossless
Kyuiin (Japan)	ss	57	lossless
Kyuukyoku no Soukoban (Japan)	ss	57	lossless
Kyuutenkai (Japan)	ss	57	lossless
L no Kisetsu - A Piece of Memories (Japan)	ss	57	lossless
LEGO Island 2 - The Brickster's Revenge (USA)	ss	57	lossless
LEGO Racers (USA) (En,Fr,De,Es,It,Nl,Sv,No,Da,Fi)	ss	57	lossless
LEGO Rock Raiders (USA)	ss	57	lossless
LMA Manager (Europe)	ss	57	lossless
LMA Manager 2001 (Europe)	ss	57	lossless
LMA Manager 2002 (Europe)	ss	57	lossless
LSD - Dream Emulator (Japan)	ss	57	lossless
Lady Maid (Japan)	ss	57	lossless
Lagnacure (Japan, Asia)	ss	57	lossless
Lagnacure Legend (Japan)	ss	57	lossless
Lake Masters (Japan)	ss	57	lossless
Lake Masters 2 - Bass Fishing in Japan (Japan)	ss	57	lossless
Lake Masters Pro - Nihon Juudan Kuromasu Kikou (Japan)	ss	57	lossless
Land Before Time, The - Big Water Adventure (USA)	ss	57	lossless
Land Before Time, The - Great Valley Racing Adventure (USA)	ss	57	lossless
Land Before Time, The - Return to the Great Valley (USA)	ss	57	lossless
Langrisser I & II (Japan)	ss	57	lossless
Langrisser IV & V - Final Edition (Japan) (Disc 1) (Langrisser IV Disc)	ss	57	lossless
Largo Winch - Commando SAR (USA)	ss	57	lossless
Las Vegas Dream 2 (Japan)	ss	57	lossless
Last Report, The (Europe) (De,Nl)	ss	57	lossless
Lattice - 200EC7 (Japan)	ss	57	lossless
Le Mans 24 Hours (Europe) (En,Fr,De,Es,It,Pt)	ss	57	lossless
Leading Jockey '99 (Japan)	ss	57	lossless
Leading Jockey Highbred (Japan)	ss	57	lossless
Legacy of Kain - Soul Reaver (USA)	ss	57	lossless
Legend (Europe)	ss	57	lossless
Legend of Dragoon, The (USA, Canada) (Disc 1)	ss	57	lossless
Legend of Heroes I & II, The - Eiyuu Densetsu (Japan)	ss	57	lossless
Legend of Heroes III, The - Shiroki Majo - Mou Hitotsu no Eiyuutachi no Monogatari (Japan)	ss	57	lossless
Legend of Heroes IV, The - Akai Shizuku (Japan)	ss	57	lossless
Legend of Legaia (USA)	ss	57	lossless
Legend of Mana (USA)	ss	57	lossless
Legend of Mulan (Europe) (En,Fr,De)	ss	57	lossless
Legend of Pocahontas (Europe) (En,De,Nl)	ss	57	lossless
Lemmings & Oh No! More Lemmings (USA)	ss	57	lossless
Lethal Enforcers I & II (USA)	ss	57	lossless
LiberoGrande (Europe)	ss	57	lossless
Liberogrande International (Europe) (En,Fr,De,Es,It)	ss	57	lossless
LifeScape - Seimei 40-okunen Haruka na Tabi (Japan) (Disc 1) (Aquasphere)	ss	57	lossless
LifeScape 2 - Body Bionics - Kyoui no Shouuchuu Jintai (Japan)	ss	57	lossless
Light Fantasy Gaiden - Nya Nyan ga Nyan (Japan)	ss	57	lossless
Lightning Legend - Daigo no Daibouken (Japan)	ss	57	lossless
Linda^3 Again (Japan)	ss	57	lossless
Ling Rise (Japan)	ss	57	lossless
Lion and the King (Europe) (En,Fr,De)	ss	57	lossless
Lion and the King 2 (Europe) (En,Fr,De)	ss	57	lossless
Liquid Books Adventure 1 - Lety's Favorite Stories (USA)	ss	57	lossless
Liquid Books Adventure 2 - Amrita's Trees & Cerdito and the Coyote (USA)	ss	57	lossless
Liquid Books Adventure 3 - Far-Fetched Frontier Tales (USA)	ss	57	lossless
Liquid Books Adventure 4 - The Adventures of Adelita and Bo (USA)	ss	57	lossless
Liquid Books Adventure 5 - Pop-Out Prose (USA)	ss	57	lossless
Liquid Books Adventure 6 - The Wandering Path (USA)	ss	57	lossless
Little Big Adventure (Europe) (En,Fr,De,Es,It)	ss	57	lossless
Little Lovers - She So Game (Japan) (Disc 1)	ss	57	lossless
Little Princess - Marl Oukoku no Ningyou-hime 2 (Japan) (Disc 1) (+1 Tasu Ichi)	ss	57	lossless
Live Wire! (Europe) (En,Fr,De,Es,It)	ss	57	lossless
Loaded (USA) (En,Fr)	ss	57	lossless
Lode Runner (USA)	ss	57	lossless
Logic Pro Adventure (Japan)	ss	57	lossless
Logic Puzzle Rainbow Town (Japan)	ss	57	lossless
London Racer (Europe)	ss	57	lossless
London Racer II (Europe)	ss	57	lossless
London Seirei Tanteidan (Japan)	ss	57	lossless
Lone Soldier (Europe)	ss	57	lossless
Looney Tunes - Sheep Raider (USA) (En,Fr,Es,Pt)	ss	57	lossless
Looney Tunes Racing (USA) (En,Fr,Es)	ss	57	lossless
Lord Monarch - Shin Gaia Oukokuki (Japan)	ss	57	lossless
Lord of Monsters (Japan)	ss	57	lossless
Lord of the Jungle (Europe) (En,Fr,De,Nl)	ss	57	lossless
Lost World, The - Jurassic Park (USA)	ss	57	lossless
Louvre - The Final Curse (Europe) (Disc 1)	ss	57	lossless
Love & Destroy (Japan)	ss	57	lossless
Love Game's - Wai Wai Tennis (Japan)	ss	57	lossless
Love Game's - Wai Wai Tennis Plus (Japan)	ss	57	lossless
Love Hina - Ai wa Kotoba no Naka ni (Japan)	ss	57	lossless
Love Hina 2 - Kotoba wa Konayuki no You ni (Japan)	ss	57	lossless
Love Therapy (Japan)	ss	57	lossless
Love^2 Torokko (Japan)	ss	57	lossless
LuLu - Un Conte Interactif de Romain Victor-Pujebet (Japan)	ss	57	lossless
Lucifer Ring (Japan)	ss	57	lossless
Luciferd (Japan)	ss	57	lossless
Lucky Luke (USA)	ss	57	lossless
Lucky Luke - Western Fever (Europe) (En,Fr,De,Es,It,Nl)	ss	57	lossless
Luftwaffe - Deutsch Kuugun o Shiki seyo (Japan)	ss	57	lossless
Lunar - Silver Star Story Complete (USA) (Disc 1)	ss	57	lossless
Lunar 2 - Eternal Blue Complete (USA) (Disc 1)	ss	57	lossless
Lunar Wing - Toki o Koeta Seisen (Japan)	ss	57	lossless
Lunatic Dawn - Odyssey (Japan)	ss	57	lossless
Lunatic Dawn III (Japan)	ss	57	lossless
Lupin 3sei (Japan)	ss	57	lossless
Lupin 3sei - Cagliostro no Shiro - Saikai (Japan) (Disc 1)	ss	57	lossless
M&M's - Shell Shocked (USA)	ss	57	lossless
MDK (USA)	ss	57	lossless
MGG - Manic Game Girl (Korea)	ss	57	lossless
MLB 2000 (USA)	ss	57	lossless
MLB 2001 (USA)	ss	57	lossless
MLB 2002 (USA)	ss	57	lossless
MLB 2003 (USA)	ss	57	lossless
MLB 2004 (USA)	ss	57	lossless
MLB 2005 (USA)	ss	57	lossless
MLB 98 (USA)	ss	57	lossless
MLB 99 (USA)	ss	57	lossless
MLB Pennant Race (USA)	ss	57	lossless
MTB Dirt Cross (Japan)	ss	57	lossless
MTV Celebrity Deathmatch (USA)	ss	57	lossless
MTV Music Generator (USA)	ss	57	lossless
MTV Sports - Pure Ride (USA)	ss	57	lossless
MTV Sports - Skateboarding featuring Andy Macdonald (USA)	lr-snaps	57	lossless
MTV Sports - Snowboarding (USA)	ss	57	lossless
MTV Sports - T.J. Lavin's Ultimate BMX (USA)	ss	57	lossless
Maboroshi Tsukiyo - Tsukiyono Kitan (Japan) (Disc 1)	ss	57	lossless
Machine Head (USA)	ss	57	lossless
Machine Hunter (USA)	ss	57	lossless
Macross Digital Mission VF-X (Japan)	ss	57	lossless
Macross Plus - Game Edition (Japan)	ss	57	lossless
Macross VF-X2 (Japan)	ss	57	lossless
Mad Panic Coaster (Japan)	ss	57	lossless
Mad Stalker - FullMetalForce (Japan)	ss	57	lossless
Madden NFL 2000 (USA)	ss	57	lossless
Madden NFL 2001 (USA)	ss	57	lossless
Madden NFL 2002 (USA, Canada)	ss	57	lossless
Madden NFL 2003 (USA)	ss	57	lossless
Madden NFL 2004 (USA)	ss	57	lossless
Madden NFL 2005 (USA)	ss	57	lossless
Madden NFL 96 (USA) (Proto) (1995-10-25)	ss	57	lossless
Madden NFL 97 (USA)	ss	57	lossless
Madden NFL 98 (USA)	ss	57	lossless
Madden NFL 99 (USA)	ss	57	lossless
Maestromusic, The (Japan)	ss	57	lossless
Maestromusic, The - Encore Disc (Japan)	ss	57	lossless
Maestromusic, The - Merry Christmas (Japan)	ss	57	lossless
Magic - The Gathering - BattleMage (USA)	ss	57	lossless
Magic Carpet (USA) (En,Fr,De,Es,Sv)	ss	57	lossless
Magical Date - Doki Doki Kokuhaku Daisakusen (Japan)	ss	57	lossless
Magical Dice Kids (Japan)	ss	57	lossless
Magical Drop (Japan)	ss	57	lossless
Magical Drop F - Daibouken mo Rakujanai! (Japan)	ss	57	lossless
Magical Drop III (Europe) (En,Fr,De,Es,It,Nl) (Disc 1) (Magical Drop III)	ss	57	lossless
Magical Medical (Japan)	ss	57	lossless
Magical Tetris Challenge (Europe)	ss	57	lossless
Magical Zunou Power!! Party Selection (Japan)	ss	57	lossless
Mahjong Ganryuu-jima (Japan)	ss	57	lossless
Mahjong Gokuu Tenjiku (Japan)	ss	57	lossless
Mahjong Gokuu Tenjiku 99 (Japan)	ss	57	lossless
Mahjong Senjutsu - Andou Mitsuru Pro no Akuukan Sappou (Japan)	ss	57	lossless
Mahjong Station Mazin (Japan)	ss	57	lossless
Mahjong Taikai II Special (Japan)	ss	57	lossless
Mahjong Toriatama Kikou (Japan)	ss	57	lossless
Mahjong Uranai Fortuna - Tsuki no Megamitachi (Japan)	ss	57	lossless
Mahjong Yarou ze! (Japan)	ss	57	lossless
Mahjong Youchien Tamago-gumi 2 - Taikai e Ikou! (Japan)	ss	57	lossless
Mahjong de Asobo (Japan)	ss	57	lossless
Mahou Shoujo Fancy CoCo (Japan)	ss	57	lossless
Mahou Shoujo Pretty Samy - Part 1 - In the Earth (Japan) (Disc 1) (Episode 23)	ss	57	lossless
Mahou Shoujo Pretty Samy - Part 2 - In the Julyhelm (Japan) (Disc 1) (Episode 25)	ss	57	lossless
Mahoutsukai ni Naru Houhou (Japan)	ss	57	lossless
Mainichi Nekoyoubi (Japan)	ss	57	lossless
Majokko Daisakusen - Little Witching Mischiefs (Japan)	ss	57	lossless
Makeruna! Makendou 2 (Japan)	ss	57	lossless
Making of Nightruth, The (Japan)	ss	57	lossless
Maniac Moons (USA) (Proto) (1999-02-25)	ss	57	lossless
Marble Master (USA)	ss	57	lossless
Marby Baby Story (Japan)	ss	57	lossless
March Madness '98 (USA)	ss	57	lossless
Maria - Kimitachi ga Umareta Wake (Japan) (Disc 1)	ss	57	lossless
Maria 2 - Jutai Kokuchi no Nazo (Japan) (Disc 1)	ss	57	lossless
Marie no Atelier - Salburg no Renkinjutsushi (Japan)	ss	57	lossless
Marie no Atelier Plus - Salburg no Renkinjutsushi (Japan)	ss	57	lossless
Mario Mushano's Hyper Shogi School (Japan)	ss	57	lossless
Marionette Company (Japan)	ss	57	lossless
Marionette Company 2 Chu! (Japan)	ss	57	lossless
Marl Jong!! (Japan)	ss	57	lossless
Marl Oukoku no Ningyou-hime - The Adventure of Puppet Princess (Japan)	ss	57	lossless
Martialbeat (Japan)	ss	57	lossless
Martialbeat 2 (Japan) (Disc 1) (Disc-B)	ss	57	lossless
Martian Gothic - Unification (USA)	ss	57	lossless
Marvel Super Heroes (USA)	ss	57	lossless
Marvel Super Heroes vs. Street Fighter (USA)	ss	57	lossless
Marvel vs. Capcom - Clash of Super Heroes (USA)	ss	57	lossless
Mary King's Riding Star (Europe) (En,Fr,De,Es,It,Nl,Pt)	ss	57	lossless
Mary-Kate and Ashley - Crush Course (USA)	ss	57	lossless
Mary-Kate and Ashley - Magical Mystery Mall (USA)	ss	57	lossless
Mary-Kate and Ashley - Winners Circle (USA)	ss	57	lossless
MasMon Kids - The Another World of the Master of Monsters (Japan)	ss	57	lossless
Mass Destruction (USA)	ss	57	lossless
Master of Monsters - Disciples of Gaia (USA)	ss	57	lossless
Masters - Shin Harukanaru Augusta (Japan)	ss	57	lossless
Masters Fighter, The (Japan)	ss	57	lossless
Mat Hoffman's Pro BMX (USA)	lr-snaps	57	lossless
Match Golf, The (Japan)	ss	57	lossless
Matsukata Hiroki no World Fishing (Japan)	ss	57	lossless
Matsumoto Reiji 999 - Story of Galaxy Express 999 (Japan) (Disc 1)	ss	57	lossless
Mawatte Mucho! (Japan)	ss	57	lossless
Max Power Racing (Europe)	ss	57	lossless
Max Surfing 2nd (Japan)	ss	57	lossless
MaxRacer (Japan)	ss	57	lossless
Maximum Force (USA)	ss	57	lossless
Maze Heroes - Meikyuu Densetsu (Japan)	ss	57	lossless
MechWarrior 2 - 31st Century Combat - Arcade Combat Edition (USA)	ss	57	lossless
Medal of Honor (USA)	ss	57	lossless
Medal of Honor - Underground (USA)	ss	57	lossless
Medarot R (Japan)	ss	57	lossless
Medarot R - Parts Collection (Japan)	ss	57	lossless
MediEvil (USA)	ss	57	lossless
MediEvil II (USA)	lr-snaps	57	lossless
Mega Man - Battle & Chase (Europe)	ss	57	lossless
Mega Man 8 (USA)	ss	57	lossless
Mega Man Legends (USA)	ss	57	lossless
Mega Man Legends 2 (USA)	ss	57	lossless
Mega Man X3 (Europe)	ss	57	lossless
Mega Man X4 (USA)	ss	57	lossless
Mega Man X5 (USA)	ss	57	lossless
Mega Man X6 (USA)	ss	57	lossless
Megatudo 2096 (Japan)	ss	57	lossless
Meguri Ai shite (Japan)	ss	57	lossless
Meisha Retsuden - Greatest 70's (Japan)	ss	57	lossless
Meitantei Conan (Japan)	ss	57	lossless
Meitantei Conan - 3-nin no Meisuiri (Japan)	ss	57	lossless
Meitantei Conan - Saikou no Partner (Japan)	ss	57	lossless
Meitantei Conan - Trick Trick Vol. 1 (Japan)	ss	57	lossless
MeltyLancer - Ginga Shoujo Keisatsu 2086 (Japan)	ss	57	lossless
MeltyLancer - Re-inforce (Japan) (Disc 1)	ss	57	lossless
MeltyLancer - The 3rd Planet (Japan) (Disc 1)	ss	57	lossless
Memorial Series - Sunsoft Vol. 1 (Japan)	ss	57	lossless
Memorial Series - Sunsoft Vol. 2 (Japan)	ss	57	lossless
Memorial Series - Sunsoft Vol. 3 (Japan)	ss	57	lossless
Memorial Series - Sunsoft Vol. 4 (Japan)	ss	57	lossless
Memorial Series - Sunsoft Vol. 5 (Japan)	ss	57	lossless
Memorial Series - Sunsoft Vol. 6 (Japan)	ss	57	lossless
Memories Off (Japan)	ss	57	lossless
Memories Off 2nd (Japan) (Disc 1)	ss	57	lossless
Men in Black - The Game (Europe)	ss	57	lossless
Men in Black - The Series - Crashdown (USA)	ss	57	lossless
Menkyo o Torou (Japan)	ss	57	lossless
Meremanoid (Japan)	ss	57	lossless
Mermaid no Kisetsu (Japan) (Disc 1)	ss	57	lossless
Mermaid no Kisetsu - Curtain Call (Japan) (Disc 1)	ss	57	lossless
Merriment Carrying Caravan (Japan)	ss	57	lossless
Meru Purana (Japan)	ss	57	lossless
Meta-Ph-List Mu.X.2297 (Japan) (Disc 1)	lr-snaps	57	lossless
Metal Angel 3 (Japan) (Disc 1)	ss	57	lossless
Metal Gear Solid (USA) (Disc 1)	ss	57	lossless
Metal Gear Solid - VR Missions (USA)	ss	57	lossless
Metal Jacket (Japan)	ss	57	lossless
Metal Slug - Super Vehicle-001 (Japan, Asia)	ss	57	lossless
Metal Slug X (USA)	ss	57	lossless
Metamor Panic - Doki Doki Youma Busters!! (Japan)	ss	57	lossless
Mezase! Meimon Yakyuubu (Japan)	ss	57	lossless
Mezase! Senkyuu-ou (Japan)	ss	57	lossless
Mezase! Skymark - Challenge Airline Pilot (Japan)	ss	57	lossless
Michael Owen's World League Soccer '99 (Europe) (En,Fr,It)	ss	57	lossless
Michael Schumacher Racing World Kart 2002 (Europe) (En,Fr,De,Es,It)	ss	57	lossless
Michelin Rally Masters - Race of Champions (USA) (En,Fr,Es)	ss	57	lossless
Michinoku Hitou Koi Monogatari Kai (Japan)	ss	57	lossless
Mickey's Wild Adventure (Europe)	ss	57	lossless
Micro Machines V3 (USA)	ss	57	lossless
Midnight Run - Road Fighter 2 (Europe)	ss	57	lossless
Midori no Makibao - Kuroi Inazuma Shiroi Kiseki (Japan)	ss	57	lossless
Mighty Hits (Japan)	ss	57	lossless
Mighty Hits Special (Europe) (En,Fr,De)	ss	57	lossless
Mikagura Shoujo Tanteidan (Japan) (Disc 1) (Honpen Disc Ichi)	ss	57	lossless
Mike Tyson Boxing (USA) (En,Fr,Es)	ss	57	lossless
Milano no Arbeit Collection (Japan)	ss	57	lossless
Milky Season (Japan)	ss	57	lossless
Mille Miglia (Europe) (En,Fr,De,Es,It)	ss	57	lossless
Million Classic (Japan) (Disc 1) (Honpen Game Sen'you)	ss	57	lossless
Minakata Hakudou Toujou (Japan) (Disc 1)	ss	57	lossless
Mini Yonku Bakusou Kyoudai Let's & Go!! WGP Hyper Heat (Japan)	ss	57	lossless
Mini-Moni. Dice de Pyon! (Japan)	ss	57	lossless
Mini-Moni. Shakatto Tambourine! da Pyon! (Japan)	ss	57	lossless
Mini-Moni. Step Pyon Pyon Pyon (Japan)	lr-snaps	57	lossless
Minna Atsumare! Igo Kyoushitsu (Japan)	lr-snaps	57	lossless
Minna no Kanji Kyoushitsu - Chousen! Kanji Kentei (Japan)	ss	57	lossless
Minna no Shiiku Kyoushitsu - Kuwagata-hen (Japan)	ss	57	lossless
Minna no Takaramono - Watashi no Licca-chan - Otetsudai o Shiyou (Japan)	lr-snaps	57	lossless
Minnya de Ghost Hunter (Japan)	ss	57	lossless
Minton Keibu no Sousa File - Doukeshi Satsujin Jiken (Japan)	ss	57	lossless
Miracle Jim no Bassing Beat (Japan)	ss	57	lossless
Miracle Space Race (USA)	ss	57	lossless
Miracle World - Fushigi no Kuni no IQ Meiro (Japan)	ss	57	lossless
Misa no Mahou Monogatari (Japan) (Disc 1)	ss	57	lossless
Misadventures of Tron Bonne, The (USA)	ss	57	lossless
Misaki Aggressive! (Japan)	ss	57	lossless
Miss Spider's Tea Party (USA)	ss	57	lossless
Missile Command (USA)	ss	57	lossless
Mission - Impossible (USA) (En,Fr,Es)	ss	57	lossless
Mission, The (Europe) (En,Fr,De,Es,It,Nl,Pt)	ss	57	lossless
Missland (Japan)	ss	57	lossless
Missland 2 (Japan)	ss	57	lossless
Mitsumete Knight (Japan)	ss	57	lossless
Mitsumete Knight R - Daibouken-hen (Japan)	ss	57	lossless
Miyake Yuji Produce - Kiseki no Maya Uranai (Japan)	ss	57	lossless
Mizuki Shigeru no Youkai Butouden (Japan)	ss	57	lossless
Mizzurna Falls (Japan)	ss	57	lossless
Mobil 1 Rally Championship (USA)	ss	57	lossless
Mobile Armor (USA)	ss	57	lossless
Mobile Light Force (USA)	ss	57	lossless
Mobile Police Patlabor - Game Edition (Japan)	ss	57	lossless
Mobile Suit Gundam (Japan)	ss	57	lossless
Mobile Suit Gundam - Char's Counterattack (Japan)	ss	57	lossless
Mobile Suit Gundam - Perfect One Year War (Japan)	ss	57	lossless
Mobile Suit Gundam - Version 2.0 (Japan)	ss	57	lossless
Mobile Suit Z-Gundam (Japan) (Disc 1)	ss	57	lossless
Mobile Tomodachi (Japan)	ss	57	lossless
Moebius Link 3D (Japan)	ss	57	lossless
Moero!! Pro Yakyuu '95 - Double Header (Japan)	ss	57	lossless
Momotarou Densetsu (Japan)	ss	57	lossless
Momotarou Dentetsu 7 (Japan)	ss	57	lossless
Momotarou Dentetsu V (Japan)	ss	57	lossless
Momotarou Matsuri - Ishikawa Rokuemon no Maki (Japan)	ss	57	lossless
Monaco Grand Prix (USA)	ss	57	lossless
Money Idol Exchanger (Japan)	ss	57	lossless
Monkey Hero (USA)	ss	57	lossless
Monkey Magic (USA)	ss	57	lossless
Monopoly (USA)	ss	57	lossless
Monster Bass (USA)	ss	57	lossless
Monster Collection - Kamen no Madoushi (Japan)	ss	57	lossless
Monster Complete World (Japan)	ss	57	lossless
Monster Farm 2 (Japan)	ss	57	lossless
Monster Farm Battle Card (Japan)	ss	57	lossless
Monster Punish (Japan)	ss	57	lossless
Monster Race (Japan)	ss	57	lossless
Monster Racer (Europe) (En,Fr,De,Es,It,Pt)	ss	57	lossless
Monster Rancher (USA)	ss	57	lossless
Monster Rancher 2 (USA)	ss	57	lossless
Monster Rancher Battle Card - Episode II (USA)	ss	57	lossless
Monster Rancher Hop-A-Bout (USA)	ss	57	lossless
MonsterSeed (USA)	ss	57	lossless
Monte Carlo Games Compendium (Europe) (Disc 1)	ss	57	lossless
Moon - Remix RPG Adventure (Japan)	ss	57	lossless
Moonlight Syndrome (Japan) (Disc 1)	ss	57	lossless
Moorhen 3 - Chicken Chase (Europe) (Es,It)	ss	57	lossless
Moorhuhn 2 - Die Jagd Geht Weiter (Germany)	ss	57	lossless
Moorhuhn Kart (Germany)	ss	57	lossless
Moorhuhn X (Germany) (En,De)	ss	57	lossless
Mori no Oukoku (Japan)	ss	57	lossless
Morita Kazurou no Chess (Japan)	ss	57	lossless
Morita Kazurou no Gomoku Narabe to Renju (Japan)	ss	57	lossless
Morita Kazurou no Hanafuda (Japan)	ss	57	lossless
Morita Kazurou no Mahjong (Japan)	ss	57	lossless
Morita Kazurou no Reversi (Japan)	ss	57	lossless
Morita Kazurou no Shougi Doujou (Japan)	ss	57	lossless
Morita Shougi (Japan)	ss	57	lossless
Moritaka Chisato - Safari Tokyo (Japan) (Disc 1)	ss	57	lossless
Mort the Chicken (USA)	ss	57	lossless
Mortal Kombat - Special Forces (USA)	ss	57	lossless
Mortal Kombat 3 (USA)	ss	57	lossless
Mortal Kombat 4 (USA)	ss	57	lossless
Mortal Kombat II (Japan)	ss	57	lossless
Mortal Kombat Mythologies - Sub-Zero (USA)	ss	57	lossless
Mortal Kombat Trilogy (USA)	ss	57	lossless
Moses - Prince of Egypt (Europe) (En,Fr,De,Nl)	ss	57	lossless
Moto Racer (USA)	ss	57	lossless
Moto Racer 2 (USA)	ss	57	lossless
Moto Racer World Tour (USA)	ss	57	lossless
Motocross Mania (USA)	ss	57	lossless
Motocross Mania 2 (USA)	ss	57	lossless
Motor Mash (Europe) (En,Fr,De)	ss	57	lossless
Motor Toon Grand Prix (USA)	ss	57	lossless
Motor Toon Grand Prix 2 (Europe)	ss	57	lossless
Motorhead (USA)	ss	57	lossless
Motteke Tamago with Ganbare! Kamonohashi (Japan)	ss	57	lossless
Motto Trump Shiyou yo! i-Mode de Grand Prix (Japan)	ss	57	lossless
Motto! Nyan to Wonderful 2 (Japan)	ss	57	lossless
Mouja (Japan)	ss	57	lossless
Mouri Motonari - Chikai no Sanshi (Japan)	ss	57	lossless
Mr. Driller (USA)	ss	57	lossless
Mr. Driller G (Japan)	ss	57	lossless
Mr. Prospector - Horiate-kun (Japan)	ss	57	lossless
Ms. Pac-Man Maze Madness (USA)	ss	57	lossless
Mummy, The (USA)	ss	57	lossless
Muppet Monster Adventure (USA)	ss	57	lossless
Muppet RaceMania (USA)	ss	57	lossless
Murakoshi Seikai no Bakuchou Nihon Rettou (Japan)	ss	57	lossless
Murakoshi Seikai no Bakuchou Nihon Rettou 2 (Japan)	ss	57	lossless
Murakoshi Seikai no Bakuchou SeaBass Fishing (Japan) (Disc 1)	ss	57	lossless
Mushi no Idokoro (Japan)	ss	57	lossless
Mushitarou (Japan)	ss	57	lossless
Music - Music Creation for the PlayStation (Europe) (En,Fr,De,Es,It)	ss	57	lossless
Muteki-ou Tri-Zenon (Japan)	ss	57	lossless
My Disney Kitchen (USA)	ss	57	lossless
My Dream - On Air ga Matenakute (Japan) (Disc 1)	ss	57	lossless
My Garden (Japan)	ss	57	lossless
My Home Dream (Japan)	ss	57	lossless
My Home Dream 2 - Niwatsuki Ikkodate de, Ikou! (Japan)	ss	57	lossless
Myst (USA)	ss	57	lossless
Mystic Ark - Maboroshi Gekijou (Japan)	ss	57	lossless
Mystic Dragoons, The (Japan)	ss	57	lossless
Mystic Mind - Yureru Omoi (Japan) (Disc 1)	ss	57	lossless
N Gauge Unten Kibun Game - Gatan Goton (Japan)	ss	57	lossless
N-Gen Racing (USA)	ss	57	lossless
N2O - Nitrous Oxide (USA)	ss	57	lossless
NASCAR 2000 (USA)	ss	57	lossless
NASCAR 2001 (USA)	ss	57	lossless
NASCAR 98 (USA)	ss	57	lossless
NASCAR 98 Collector's Edition (USA)	ss	57	lossless
NASCAR 99 (USA)	ss	57	lossless
NASCAR 99 Legacy (USA)	ss	57	lossless
NASCAR Heat (USA)	ss	57	lossless
NASCAR Racing (USA)	ss	57	lossless
NASCAR Rumble (USA, Canada)	ss	57	lossless
NASCAR Thunder 2002 (USA, Canada)	ss	57	lossless
NASCAR Thunder 2003 (USA)	ss	57	lossless
NASCAR Thunder 2004 (USA)	ss	57	lossless
NBA Basketball 2000 (USA)	ss	57	lossless
NBA Fastbreak '98 (USA)	ss	57	lossless
NBA Hangtime (USA)	ss	57	lossless
NBA Hoopz (USA)	ss	57	lossless
NBA Jam - Tournament Edition (USA)	ss	57	lossless
NBA Jam Extreme (USA)	ss	57	lossless
NBA Live 2000 (USA)	ss	57	lossless
NBA Live 2001 (USA)	ss	57	lossless
NBA Live 2002 (USA, Canada)	ss	57	lossless
NBA Live 2003 (USA)	ss	57	lossless
NBA Live 96 (USA)	ss	57	lossless
NBA Live 97 (USA)	ss	57	lossless
NBA Live 98 (USA)	ss	57	lossless
NBA Live 99 (USA)	ss	57	lossless
NBA Shoot Out '97 (USA)	ss	57	lossless
NBA Shoot Out (USA)	ss	57	lossless
NBA ShootOut 2000 (USA)	ss	57	lossless
NBA ShootOut 2001 (USA)	ss	57	lossless
NBA ShootOut 2002 (USA)	ss	57	lossless
NBA ShootOut 2003 (USA)	ss	57	lossless
NBA ShootOut 2004 (USA)	ss	57	lossless
NBA ShootOut 98 (USA)	ss	57	lossless
NBA Showtime - NBA on NBC (USA)	ss	57	lossless
NBA in the Zone '98 (USA)	ss	57	lossless
NBA in the Zone '99 (USA)	ss	57	lossless
NBA in the Zone (USA)	ss	57	lossless
NBA in the Zone 2 (USA)	ss	57	lossless
NBA in the Zone 2000 (USA)	ss	57	lossless
NCAA Basketball Final Four 97 (USA)	ss	57	lossless
NCAA Final Four 2000 (USA)	ss	57	lossless
NCAA Final Four 2001 (USA)	ss	57	lossless
NCAA Final Four 99 (USA)	ss	57	lossless
NCAA Football 2000 (USA)	ss	57	lossless
NCAA Football 2001 (USA)	ss	57	lossless
NCAA Football 98 (USA)	ss	57	lossless
NCAA Football 99 (USA)	ss	57	lossless
NCAA Football GameBreaker (USA)	ss	57	lossless
NCAA GameBreaker 2000 (USA)	ss	57	lossless
NCAA GameBreaker 2001 (USA)	ss	57	lossless
NCAA GameBreaker 98 (USA)	ss	57	lossless
NCAA GameBreaker 99 (USA)	ss	57	lossless
NCAA March Madness 2000 (USA)	ss	57	lossless
NCAA March Madness 2001 (USA)	ss	57	lossless
NCAA March Madness 99 (USA)	ss	57	lossless
NFL Blitz (USA)	ss	57	lossless
NFL Blitz 2000 (USA)	ss	57	lossless
NFL Blitz 2001 (USA)	ss	57	lossless
NFL Full Contact (USA)	ss	57	lossless
NFL GameDay (USA)	ss	57	lossless
NFL GameDay 2000 (USA)	ss	57	lossless
NFL GameDay 2001 (USA)	ss	57	lossless
NFL GameDay 2002 (USA)	ss	57	lossless
NFL GameDay 2003 (USA, Canada)	ss	57	lossless
NFL GameDay 2004 (USA)	ss	57	lossless
NFL GameDay 2005 (USA)	ss	57	lossless
NFL GameDay 97 (USA)	ss	57	lossless
NFL GameDay 98 (USA)	ss	57	lossless
NFL GameDay 99 (USA)	ss	57	lossless
NFL Quarterback Club '97 (USA)	ss	57	lossless
NFL Xtreme (USA)	ss	57	lossless
NFL Xtreme 2 (USA)	ss	57	lossless
NHL 2000 (USA)	ss	57	lossless
NHL 2001 (USA)	ss	57	lossless
NHL 97 (USA)	ss	57	lossless
NHL 98 (USA)	ss	57	lossless
NHL 99 (USA)	ss	57	lossless
NHL Blades of Steel 2000 (USA)	ss	57	lossless
NHL Breakaway 98 (USA)	ss	57	lossless
NHL Championship 2000 (USA)	ss	57	lossless
NHL Face Off '97 (USA)	ss	57	lossless
NHL Face Off (USA)	ss	57	lossless
NHL FaceOff 2000 (USA)	ss	57	lossless
NHL FaceOff 2001 (USA)	ss	57	lossless
NHL FaceOff 98 (USA)	ss	57	lossless
NHL FaceOff 99 (USA)	ss	57	lossless
NHL Open Ice - 2 on 2 Challenge (USA)	ss	57	lossless
NHL Powerplay '96 (USA)	ss	57	lossless
NHL Powerplay 98 (USA) (En,Fr,De)	ss	57	lossless
NHL Rock the Rink (USA)	ss	57	lossless
Nagano Winter Olympics '98 (USA)	ss	57	lossless
Nage Libre - Rasen no Soukoku (Japan)	ss	57	lossless
Nainai no Meitantei (Japan)	ss	57	lossless
Najavu no Daibouken - My Favorite Namjatown (Japan)	ss	57	lossless
Nakajima Miyuki - Namiromu (Japan)	ss	57	lossless
Namco Anthology 1 (Japan)	ss	57	lossless
Namco Anthology 2 (Japan)	ss	57	lossless
Namco Museum Encore (Japan)	ss	57	lossless
Namco Museum Vol. 1 (USA)	ss	57	lossless
Namco Museum Vol. 2 (USA)	ss	57	lossless
Namco Museum Vol. 3 (USA)	ss	57	lossless
Namco Museum Vol. 4 (USA)	ss	57	lossless
Namco Museum Vol. 5 (USA)	ss	57	lossless
Namco Soccer Prime Goal (Europe)	ss	57	lossless
Namco Tennis Smash Court (Europe)	ss	57	lossless
Nanatsu no Hikan (Japan) (Disc 1)	ss	57	lossless
Naniwa Kinyuudou - Aoki Yuji no Seken Munazanyou (Japan)	ss	57	lossless
Naniwa no Akindo - Futte Nanbo no Saikoro Jinsei (Japan)	ss	57	lossless
NanoTek Warrior (USA)	ss	57	lossless
Naruto - Shinobi no Sato no Jintori Gassen (Japan)	ss	57	lossless
Natsuiro Kenjutsu Komachi (Japan) (Disc 1) (Shokai Gentei Seisanban)	ss	57	lossless
Navit (Japan)	ss	57	lossless
Nazoou (Japan)	ss	57	lossless
Necronomicon - The Dawning of Darkness (Europe) (Disc 1)	ss	57	lossless
Nectaris (Japan)	lr-snaps	57	lossless
Nectaris - Military Madness (USA)	ss	57	lossless
Need for Speed - High Stakes (USA)	ss	57	lossless
Need for Speed - Porsche Unleashed (USA)	ss	57	lossless
Need for Speed - V-Rally (USA)	ss	57	lossless
Need for Speed - V-Rally 2 (USA)	ss	57	lossless
Need for Speed II (USA)	ss	57	lossless
Need for Speed III - Hot Pursuit (USA)	ss	57	lossless
Nekketsu Oyako (Japan)	ss	57	lossless
Neko Zamurai (Japan) (Disc 1)	ss	57	lossless
Neko na Ka-N-Ke-I (Japan)	ss	57	lossless
Nemuru Mayu (Japan)	ss	57	lossless
Neo Atlas (Japan)	ss	57	lossless
Neo Atlas II (Japan)	ss	57	lossless
Neo Planet (Japan)	ss	57	lossless
Neorude (Japan) (Disc 1) (Game Disc)	ss	57	lossless
Neorude - Kizamareta Monshou (Japan)	ss	57	lossless
Neorude 2 (Japan)	ss	57	lossless
Nessa no Hoshi (Japan) (Disc 1)	ss	57	lossless
Netz Magazine - Altezza (Japan)	ss	57	lossless
Netz Magazine - Vitz (Japan)	ss	57	lossless
Neues (Japan)	ss	57	lossless
Newman Haas Racing (USA)	ss	57	lossless
Next King - Koi no Sennen Oukoku (Japan)	ss	57	lossless
Next Tetris, The (USA)	ss	57	lossless
Nibiiro no Koubou - 32-nin no Senshachou (Japan)	ss	57	lossless
Nice Cats (Europe) (En,Fr,De,Nl)	ss	57	lossless
Nice Price Series Vol. 01 - Nihon Pro Mahjong Renmei Kounin - Honkaku Pro Mahjong (Japan)	ss	57	lossless
Nice Price Series Vol. 02 - Honkaku Shougi Shinan (Japan)	ss	57	lossless
Nice Price Series Vol. 03 - Hanafuda & Card Game (Japan)	ss	57	lossless
Nice Price Series Vol. 05 - Chess & Reversi (Japan)	ss	57	lossless
Nice Price Series Vol. 06 - Quiz de Battle (Japan)	ss	57	lossless
Nice Price Series Vol. 10 - Igo o Utou! (Japan)	ss	57	lossless
Nice Price Series Vol. 11 - Nikakudori Deluxe (Japan)	ss	57	lossless
Nichibutsu Arcade Classics (Japan)	ss	57	lossless
Nichibutsu Mahjong - Joshikou Meijinsen (Japan)	ss	57	lossless
Nick Jr. Dora the Explorer - Barnyard Buddies (USA)	ss	57	lossless
Nickelodeon Rocket Power - Team Rocket Rescue (USA)	ss	57	lossless
Nickelodeon Rugrats - Search for Reptar (USA)	ss	57	lossless
Nickelodeon Rugrats - Studio Tour (USA)	ss	57	lossless
Nickelodeon Rugrats - Totally Angelica (USA)	ss	57	lossless
Nickelodeon Rugrats in Paris - The Movie (USA)	ss	57	lossless
Nickelodeon SpongeBob SquarePants - SuperSponge (USA)	ss	57	lossless
Nicktoons Racing (USA)	ss	57	lossless
Night Head - The Labyrinth (Japan)	ss	57	lossless
Night Raid (Japan)	ss	57	lossless
Night Striker (Japan)	ss	57	lossless
Nightmare Creatures (USA)	ss	57	lossless
Nightmare Creatures II (USA)	ss	57	lossless
Nightmare Project - Yakata (Japan) (Disc 1)	ss	57	lossless
Nihon Pro Golf Kyoukai Kanshuu - Double Eagle (Japan)	ss	57	lossless
Nihon Pro Mahjong Renmei Kounin - Doujou Yaburi (Japan)	ss	57	lossless
Nihon Pro Mahjong Renmei Kounin - Doujou Yaburi 2 (Japan)	ss	57	lossless
Nihon Pro Mahjong Renmei Kounin - Honkaku Pro Mahjong - Shin Tetsuman (Japan)	ss	57	lossless
Nihon Pro Mahjong Renmei Kounin - Tehodoki Mahjong Nyuumon-hen (Japan)	ss	57	lossless
Nihon Sumou Kyoukai Kounin - Nihon Oozumou (Japan)	ss	57	lossless
Nijiiro Dodgeball - Otometachi no Seishun (Japan)	ss	57	lossless
Nijiiro Twinkle - Guru Guru Daisakusen (Japan)	ss	57	lossless
Ningyo no Rakuin (Japan)	ss	57	lossless
Ninja - Shadow of Darkness (USA)	ss	57	lossless
Ninja Jajamaru-kun - Onigiri Ninpouchou (Japan)	ss	57	lossless
Ninkuu (Japan)	ss	57	lossless
Ninpuu Sentai Hurricanger (Japan)	ss	57	lossless
Ninteiou - Zen Nihon Tsume Shougi Renmei Kaichou Okada Toshi no Tsume Shougi Kyoushitsu (Japan)	ss	57	lossless
Nishijin Pachinko Tengoku EX (Japan)	ss	57	lossless
Nishijin Pachinko Tengoku Vol. 1 (Japan)	ss	57	lossless
Nishijin Pachinko Tengoku Vol. 2 (Japan)	ss	57	lossless
Nishijin Pachinko Tengoku Vol. 3 (Japan)	ss	57	lossless
Nishijin Pachinko Tettei Kouryaku - CR Hanaman Sokuhou & CR Obake Land (Japan)	ss	57	lossless
Nissan Presents - Over Drivin' - Skyline Memorial (Japan)	ss	57	lossless
No Fear Downhill Mountain Bike Racing (USA)	ss	57	lossless
No One Can Stop Mr. Domino (USA)	ss	57	lossless
No-appointment Gals Olympos - Apo Nashi Gals Olympos (Japan)	ss	57	lossless
Nobunaga Hiroku - Geten no Yume (Japan)	ss	57	lossless
Nobunaga Shippuuki - Kirameki (Japan)	ss	57	lossless
Nobunaga no Yabou - Bushou Fuuunroku (Japan)	ss	57	lossless
Nobunaga no Yabou - Haouden (Japan)	ss	57	lossless
Nobunaga no Yabou - Reppuuden (Japan)	ss	57	lossless
Nobunaga no Yabou - Returns (Japan)	ss	57	lossless
Nobunaga no Yabou - Sengoku Gunyuuden (Japan)	ss	57	lossless
Nobunaga no Yabou - Shouseiroku (Japan)	ss	57	lossless
Nobunaga no Yabou - Tenshouki (Japan)	ss	57	lossless
Nobunaga no Yabou - Zenkokuban (Japan)	ss	57	lossless
Noddy's Magic Adventure (Europe) (En,Fr)	ss	57	lossless
Noel - La Neige (Japan) (Disc 1)	ss	57	lossless
Noel - La Neige Special (Japan)	ss	57	lossless
Noel - Not Digital (Japan) (Disc 1)	ss	57	lossless
Noel 3 - Mission on the Line (Japan) (Disc 1)	ss	57	lossless
Noon (Japan)	ss	57	lossless
Norse by Norsewest - The Return of the Lost Vikings (USA)	ss	57	lossless
Not Treasure Hunter (Japan)	ss	57	lossless
Notam of Wind (Japan, Asia)	ss	57	lossless
Note, The (Europe) (En,Fr,De,Es,It)	ss	57	lossless
Novastorm (USA) (Disc 1)	ss	57	lossless
Novels - Game Center Arashi R (Japan)	ss	57	lossless
NuPa - Numeric Paint Puzzle (Japan)	ss	57	lossless
Nuclear Strike (USA)	ss	57	lossless
Nukumori no Naka de - In the Warmth (Japan)	ss	57	lossless
Nurse Story (Japan)	ss	57	lossless
Nyan to Wonderful (Japan)	ss	57	lossless
O.D.T. (USA)	ss	57	lossless
Oasis Road (Japan)	ss	57	lossless
Ocha no Ma Battle (Japan)	ss	57	lossless
Oda Nobunaga Den (Japan)	ss	57	lossless
Oddworld - Abe's Exoddus (USA) (Disc 1)	ss	57	lossless
Oddworld - Abe's Oddysee (USA)	ss	57	lossless
Odo Odo Oddity (Japan)	ss	57	lossless
Oehlins Hyper-Rally (Japan)	ss	57	lossless
Off-World Interceptor Extreme (USA)	ss	57	lossless
Ogre Battle - Limited Edition (USA)	ss	57	lossless
Oh No! (Japan)	ss	57	lossless
Oh-chan no Oekaki Logic (Japan)	ss	57	lossless
Oh-chan no Oekaki Logic 2 (Japan)	ss	57	lossless
Oh-chan no Oekaki Logic 3 (Japan)	ss	57	lossless
Oha Suta Dance Dance Revolution (Japan)	ss	57	lossless
Oja Majo DoReMi Dokkan! Nijiiro ParaDice (Japan)	ss	57	lossless
Ojousama Express (Japan) (Disc 1)	ss	57	lossless
Okappari-ou (Japan)	ss	57	lossless
Olympia, Takasago - Virtua Pachi-Slot III (Japan)	ss	57	lossless
Olympia, Yamasa - Virtua Pachi-Slot II - Jissen! Bishoujo Kouryakuhou (Japan)	ss	57	lossless
Olympic Soccer (USA)	ss	57	lossless
Olympic Summer Games (USA)	ss	57	lossless
Omega Assault (Europe)	ss	57	lossless
Omega Boost (USA)	ss	57	lossless
Omiai Commando - Ba-Couple ni Tsukkomi o (Japan)	ss	57	lossless
Omise de Tenshu (Japan)	ss	57	lossless
Omizu no Hanamichi (Japan)	ss	57	lossless
One (USA)	ss	57	lossless
One Piece Mansion (USA)	ss	57	lossless
One Two Smash - Tanoshii Tennis (Japan)	ss	57	lossless
Ongaku Tkool 3 (Japan)	ss	57	lossless
Oni Taiji!!, The - Mezase! Nidaime Momotarou (Japan)	ss	57	lossless
Onside Complete Soccer (Europe) (En,Fr,De,Es)	ss	57	lossless
Ooedo Fuusui Ingaritsu - Hanabi 2 (Japan)	ss	57	lossless
Ooumi Nobunaga Den - Geten II (Japan)	ss	57	lossless
Open Golf, The - History of Turnberry (Japan)	ss	57	lossless
Option - Tuning Car Battle (Japan)	ss	57	lossless
Option - Tuning Car Battle 2 (Japan)	ss	57	lossless
Option - Tuning Car Battle Spec R (Japan)	ss	57	lossless
Oracle no Houseki - Jewels of the Oracle (Japan) (En,Ja,Fr,De)	lr-snaps	57	lossless
Ore no Ryouri (Japan)	ss	57	lossless
Ore no Shikabane o Koete Yuke (Japan)	ss	57	lossless
Ore no Yotto - Ganbare! Nippon Challenge (Japan) (En,Ja)	ss	57	lossless
Osaka Naniwa Matenrou (Japan)	ss	57	lossless
Oshigoto-shiki Jinsei Game - Mezase Shokugyou King (Japan)	ss	57	lossless
Otenki Kororin (Japan)	lr-snaps	57	lossless
Othello World II - Yume to Michi e no Chousen (Japan)	ss	57	lossless
Otogi Story - Tenshi no Shippo (Japan)	ss	57	lossless
Otona no Asobi (Japan)	ss	57	lossless
Oujisama Lv1 (Japan)	ss	57	lossless
Oujisama Lv1.5 - Oujisama no Tamago (Japan)	ss	57	lossless
Oukyuu no Hihou Tension (Japan)	ss	57	lossless
Oumagatoki (Japan)	ss	57	lossless
Oumagatoki 2 (Japan)	ss	57	lossless
Our Graduation - Mahjong de Pon! Hanafuda de Koi! (Japan) (Disc 1) (Mahjong de Pon!)	ss	57	lossless
Out Live - Be Eliminate Yesterday (Japan)	ss	57	lossless
OverBlood (USA)	ss	57	lossless
OverBlood 2 (Europe) (Disc 1)	ss	57	lossless
Oyaji no Jikan - Nee-chan Hanafuda de Shoubu ya! (Japan)	ss	57	lossless
Oyaji no Jikan - Nee-chan Mahjong de Shoubu ya! (Japan)	lr-snaps	57	lossless
Oyaji no Jikan - Nee-chan Tsuri Iku de! (Japan)	ss	57	lossless
Oyako Entertainment Series - TV Kamishibai Vol. 1 (Japan)	ss	57	lossless
Oz no Mahoutsukai - Another World - Rung Rung (Japan)	ss	57	lossless
PAQA (Japan)	ss	57	lossless
PD Ultraman Invader (Japan)	ss	57	lossless
PGA European Tour Golf (Europe) (En,De)	ss	57	lossless
PGA Tour 96 (USA)	ss	57	lossless
PGA Tour 97 (USA)	ss	57	lossless
PGA Tour 98 (USA)	ss	57	lossless
PO'ed (USA)	ss	57	lossless
PaRappa the Rapper (USA) (En,Fr,De,Es,It)	ss	57	lossless
Pac-Man World - 20th Anniversary (USA)	ss	57	lossless
Paca Paca Passion (Japan)	ss	57	lossless
Paca Paca Passion 2 (Japan)	ss	57	lossless
Paca Paca Passion Special (Japan)	ss	57	lossless
Pachi Pachi Saga (Japan)	ss	57	lossless
Pachi Slot Teiou - Big Wave, Pika Gorou, BB Junky 7 (Japan)	ss	57	lossless
Pachi Slot Teiou W - Arabesque R, Hot Rod Queen (Japan)	ss	57	lossless
Pachi-Slot Aruze Oukoku (Japan)	ss	57	lossless
Pachi-Slot Aruze Oukoku 2 (Japan)	ss	57	lossless
Pachi-Slot Aruze Oukoku 3 (Japan)	ss	57	lossless
Pachi-Slot Aruze Oukoku 4 (Japan)	ss	57	lossless
Pachi-Slot Aruze Oukoku 5 (Japan)	ss	57	lossless
Pachi-Slot Aruze Oukoku 7 (Japan) (Disc 2) (4th Reel Disc)	ss	57	lossless
Pachi-Slot Kanzen Kaiseki - Wai Wai Pulsar 2 & 77 2 (Japan)	ss	57	lossless
Pachi-Slot Kanzen Kouryaku - Aruze Koushiki Guide Volume 4 (Japan)	ss	57	lossless
Pachi-Slot Kanzen Kouryaku - Cranky Pro (Japan)	ss	57	lossless
Pachi-Slot Kanzen Kouryaku - Takasago Super Project (Japan)	ss	57	lossless
Pachi-Slot Kanzen Kouryaku - Takasago Super Project 2 (Japan)	ss	57	lossless
Pachi-Slot Kanzen Kouryaku - Universal Koushiki Guide Volume 1 (Japan)	ss	57	lossless
Pachi-Slot Kanzen Kouryaku - Universal Koushiki Guide Volume 2 (Japan)	ss	57	lossless
Pachi-Slot Kanzen Kouryaku - Universal Koushiki Guide Volume 3 (Japan)	ss	57	lossless
Pachi-Slot Master - Sammy SP (Japan)	ss	57	lossless
Pachi-Slot Teiou - Battle Knight, Atlantis Doom (Japan)	ss	57	lossless
Pachi-Slot Teiou - Beat the Dragon 2 (Japan)	ss	57	lossless
Pachi-Slot Teiou - Bunny Girl SP (Japan)	ss	57	lossless
Pachi-Slot Teiou - Dateline Pegasus (Japan)	ss	57	lossless
Pachi-Slot Teiou - Golgo 13, Las Vegas (Japan)	ss	57	lossless
Pachi-Slot Teiou - Maker Suishou Manual Vol. 2 - Ice Story (Japan)	ss	57	lossless
Pachi-Slot Teiou - Maker Suishou Manual Vol. 3 - I'm Angel - White 2 & Blue 2 (Japan)	ss	57	lossless
Pachi-Slot Teiou - Maker Suishou Manual Vol. 4 - Exhaust, Ooedo Sakura Fubuki 2 (Japan)	ss	57	lossless
Pachi-Slot Teiou - Maker Suishou Manual Vol. 5 - Race Queen 2, Tomcat (Japan)	ss	57	lossless
Pachi-Slot Teiou - Maker Suishou Manual Vol. 6 - Takarabune (Japan)	ss	57	lossless
Pachi-Slot Teiou - Maker Suishou Manual Vol. 7 - Trick Monster 2 (Japan)	ss	57	lossless
Pachi-Slot Teiou - Naniwa Sakura Fubuki (Japan)	ss	57	lossless
Pachi-Slot Teiou - Shimauta-30, Twist, Nangoku Monogatari-30 (Japan)	ss	57	lossless
Pachi-Slot Teiou - Yamasa Remix (Japan)	ss	57	lossless
Pachi-Slot Teiou 2 - Kagetsu, Two Pair, Beaver X (Japan)	ss	57	lossless
Pachi-Slot Teiou 3 - Sea Master X, Epsilon R, Wai Wai Pulsar 2 (Japan)	ss	57	lossless
Pachi-Slot Teiou 4 - Oicho Kaba X, Magical Pops, LequiO-30 (Japan)	ss	57	lossless
Pachi-Slot Teiou 5 - Kongdom, Super Star Dust 2, Flying Momonga (Japan)	ss	57	lossless
Pachi-Slot Teiou 6 - Kung-Fu Lady, BangBang, Prelude 2 (Japan)	ss	57	lossless
Pachi-Slot Teiou 7 - Maker Suishou Manual Vol. 1 - Beat the Dragon 2, Lupin Sansei, Hot Rod Queen (Japan)	ss	57	lossless
Pachi-Slot Teiou Mini - Dr. A7 (Japan)	ss	57	lossless
Pachinko Dream (Japan)	ss	57	lossless
Pachinko Hall - Shinsou Daikaiten (Japan)	ss	57	lossless
Pachinko Teiou - CR Sore Ute Hama-chan 2 & CR Sore Yuke Matchan S (Japan)	ss	57	lossless
Pachio-kun - Pachinko Land Daibouken (Japan)	ss	57	lossless
Pachitte Chonmage - Ouendan & C. C. Girls (Japan)	ss	57	lossless
Pachitte Chonmage 2 - Kyoraku Kounin Tanukichi 2000 & Jungle P (Japan)	ss	57	lossless
Pachitte Chonmage 3 - Kyoraku Kounin Gladiator & Tama-chan (Japan)	ss	57	lossless
Pajama Sam - You Are What You Eat from Your Head to Your Feet (USA)	ss	57	lossless
Pal - Shinken Densetsu (Japan)	ss	57	lossless
Palm Town (Japan)	ss	57	lossless
Pandemonium 2 (USA)	ss	57	lossless
Pandemonium! (USA)	ss	57	lossless
Pandora Max Series Vol. 1 - Dragon Knights Glorious (Japan)	ss	57	lossless
Pandora Max Series Vol. 2 - Shisha no Yobu Yakata (Japan)	ss	57	lossless
Pandora Max Series Vol. 3 - Rubbish Blazon (Japan)	ss	57	lossless
Pandora Max Series Vol. 4 - Catch! Kimochi Sensation (Japan)	ss	57	lossless
Pandora Max Series Vol. 5 - Gochachiru (Japan)	ss	57	lossless
Pandora Max Series Vol. 6 - Oni Zero - Fukkatsu (Japan)	ss	57	lossless
Pandora Project - The Logic Master (Japan)	ss	57	lossless
Panekit - Infinitive Crafting Toy Case (Japan)	ss	57	lossless
Panel Quiz Attack 25 (Japan)	ss	57	lossless
Panzer Bandit (Japan)	ss	57	lossless
Panzer Front (USA)	ss	57	lossless
Panzer Front bis. (Japan)	ss	57	lossless
Panzer General (USA)	ss	57	lossless
Pao Leeming Kanshuu - Fuusui Nyuumon (Japan)	ss	57	lossless
Paradise Casino (Europe)	ss	57	lossless
Paranoia Scape (Japan)	ss	57	lossless
Parasite Eve (USA) (Disc 1)	ss	57	lossless
Parasite Eve II (USA, Canada) (Disc 1)	ss	57	lossless
Paris-Marseille Racing (France)	ss	57	lossless
Paris-Marseille Racing II (France)	ss	57	lossless
Parlor Station (Japan)	ss	57	lossless
Parlor! Pro (Japan)	ss	57	lossless
Parlor! Pro 2 (Japan)	ss	57	lossless
Parlor! Pro 3 (Japan)	ss	57	lossless
Parlor! Pro 4 (Japan)	ss	57	lossless
Parlor! Pro 5 (Japan)	ss	57	lossless
Parlor! Pro 6 (Japan)	ss	57	lossless
Parlor! Pro 7 (Japan)	ss	57	lossless
Parlor! Pro 8 (Japan)	ss	57	lossless
Parlor! Pro Collection (Japan)	lr-snaps	57	lossless
Parlor! Pro Jr. Collection (Japan)	ss	57	lossless
Parlor! Pro Jr. Vol. 1 - CR Dera Maitta J-3 (Japan)	ss	57	lossless
Parlor! Pro Jr. Vol. 2 - CR Lupin Sansei K (Japan)	ss	57	lossless
Parlor! Pro Jr. Vol. 3 - CR Shin Pikaichi Tengoku T (Japan)	ss	57	lossless
Parlor! Pro Jr. Vol. 4 - Thunder Skeleton X (Japan)	ss	57	lossless
Parlor! Pro Jr. Vol. 5 - CR Fruit World X (Japan)	ss	57	lossless
Parlor! Pro Jr. Vol. 6 - CR Tsumo Tsumo Tengoku Nan 2-kyoku (Japan)	ss	57	lossless
Parlor! Pro Special - CR Harenchi Gakuen & CR Toukon (Japan)	ss	57	lossless
Paro Wars (Japan)	ss	57	lossless
Parodius (Europe)	ss	57	lossless
Pastel Muses (Japan)	ss	57	lossless
Patriotic Pinball (USA)	ss	57	lossless
Pax Corpus (Europe) (En,Fr,De)	ss	57	lossless
Peak Performance (USA)	ss	57	lossless
Pebble Beach no Hatou Plus (Japan)	ss	57	lossless
Penny Racers (Europe)	ss	57	lossless
Pepsiman (Japan)	ss	57	lossless
Perfect Assassin (Europe) (En,Fr,De,Es,It)	ss	57	lossless
Perfect Fishing - Bass Tsuri (Japan)	ss	57	lossless
Perfect Fishing - Isozuri (Japan)	ss	57	lossless
Perfect Golf 2 (Japan)	ss	57	lossless
Perfect Performer - The Yellow Monkey (Japan)	ss	57	lossless
Perfect Weapon (USA)	ss	57	lossless
Persona (USA)	ss	57	lossless
Persona 2 - Batsu - Eternal Punishment (Japan) (Disc 1)	ss	57	lossless
Persona 2 - Eternal Punishment (USA)	ss	57	lossless
Persona 2 - Tsumi - Innocent Sin (Japan)	ss	57	lossless
Pet Pet Pet (Japan)	ss	57	lossless
Pet in TV (Europe)	ss	57	lossless
Pet in TV - With My Dear Dog (Japan)	ss	57	lossless
Peter Jacobsen's Golden Tee Golf (USA)	ss	57	lossless
Peter Pan in Disney's Return to Never Land (USA)	ss	57	lossless
Philosoma (USA)	ss	57	lossless
Phix - The Adventure (USA)	ss	57	lossless
Photo Genic (Japan)	ss	57	lossless
Pikiinya! Excellent (Japan)	ss	57	lossless
Pikupiku Sentaro - Puzzle de Gohan! (Japan)	ss	57	lossless
Pinball Fantasies Deluxe (Japan)	ss	57	lossless
Pinball Power (Europe)	ss	57	lossless
Pink Panther - Pinkadelic Pursuit (USA)	ss	57	lossless
Pinobee (USA)	ss	57	lossless
Pinocchia no Miru Yume (Japan)	ss	57	lossless
Pipe Dreams 3D (USA)	ss	57	lossless
Pitball (USA)	ss	57	lossless
Pitfall 3D - Beyond the Jungle (USA)	ss	57	lossless
Pixygarden (Japan) (Disc 1) (Game Disc)	ss	57	lossless
Planet Dob (Japan)	ss	57	lossless
Planet Laika (Japan)	ss	57	lossless
Planet of the Apes (USA)	ss	57	lossless
Play de Oboeru Chuugaku Eitango Deruderu 1200 (Japan)	ss	57	lossless
Play de Oboeru Eijukugo Deruderu 750 (Japan)	ss	57	lossless
Play de Oboeru Eitango Deruderu 1700 - Center Shiken Level Taiou (Japan)	ss	57	lossless
Play de Oboeru Series - Nihonshi Keyword Deruderu 1800 (Japan)	ss	57	lossless
Play de Oboeru Series - Sekaishi Keyword Deruderu 1800 (Japan)	ss	57	lossless
Play de Oboeru Series 6 - Play de Oboeru Kanji Kentei Deruderu 1100 (Japan)	ss	57	lossless
Play de Oboeru Series 7 - Play de Oboeru TOEIC Test - Goku Deruderu 1700 (Japan)	ss	57	lossless
Play with the Teletubbies (USA)	ss	57	lossless
PlayStadium (Japan)	ss	57	lossless
PlayStadium 2 (Japan)	ss	57	lossless
PlayStadium 3 (Japan)	ss	57	lossless
PlayStadium 4 - Fumetsu no Dai League Ball (Japan)	ss	57	lossless
PlayStation Comic - 2999-nen no Game Kids (Japan)	ss	57	lossless
PlayStation Comic - Carol the DarkAngel (Japan)	ss	57	lossless
Player Manager (Europe) (En,Fr,De,Es,It,Sv,No)	ss	57	lossless
Player Manager 2000 (Europe)	ss	57	lossless
Player Manager Ninety Nine (Europe)	ss	57	lossless
Plue no Daibouken from Groove Adventure Rave (Japan)	ss	57	lossless
PoPoLoCrois Monogatari (Japan)	ss	57	lossless
PoPoLoCrois Monogatari II (Japan, Asia) (Disc 1)	ss	57	lossless
PoPoRoGue (Japan)	ss	57	lossless
Pocke-Kano - Aida Yumi (Japan)	ss	57	lossless
Pocke-Kano - Houjouin Shizuka (Japan)	ss	57	lossless
Pocke-Kano - Ueno Fumio (Japan)	ss	57	lossless
Pocket DigimonWorld (Japan)	ss	57	lossless
Pocket DigimonWorld - Cool & Nature Battle Disc (Japan)	ss	57	lossless
Pocket DigimonWorld - Wind Battle Disc (Japan)	ss	57	lossless
Pocket Dungeon (Japan)	ss	57	lossless
Pocket Family - Happy Family Plan (Japan)	ss	57	lossless
Pocket Fighter (USA)	ss	57	lossless
Pocket Jiman (Japan)	ss	57	lossless
Pocket MuuMuu (Japan)	ss	57	lossless
Pocket Tuner (Japan)	ss	57	lossless
Point Blank (USA)	ss	57	lossless
Point Blank 2 (USA)	ss	57	lossless
Point Blank 3 (USA)	ss	57	lossless
Polaris SnoCross (USA)	ss	57	lossless
Policenauts (Japan) (Disc 1)	ss	57	lossless
Pong - The Next Level (USA)	ss	57	lossless
Pool Academy (Europe) (En,Fr,De)	ss	57	lossless
Pool Hustler (USA)	ss	57	lossless
Pop de Cute na Shinri Test - Alabama (Japan)	ss	57	lossless
Pop n' Pop (Europe)	ss	57	lossless
Pop'n Music (Japan)	ss	57	lossless
Pop'n Music - Animation Melody (Japan)	ss	57	lossless
Pop'n Music - Disney Tunes (Japan)	ss	57	lossless
Pop'n Music 2 (Japan)	ss	57	lossless
Pop'n Music 3 - Append Disc (Japan)	ss	57	lossless
Pop'n Music 4 - Append Disc (Japan)	ss	57	lossless
Pop'n Music 5 (Japan)	ss	57	lossless
Pop'n Music 6 (Japan)	ss	57	lossless
Pop'n Tanks! (Japan)	ss	57	lossless
Populous - The Beginning (USA)	ss	57	lossless
Porsche Challenge (USA) (En,Fr,Es)	ss	57	lossless
Posit (Japan)	ss	57	lossless
Potestas (Japan)	ss	57	lossless
Power DoLLS 2 (Japan)	ss	57	lossless
Power League (Japan)	ss	57	lossless
Power Move Pro Wrestling (USA)	ss	57	lossless
Power Play - Sports Trivia (USA)	ss	57	lossless
Power Serve 3D Tennis (USA)	ss	57	lossless
Power Shovel (USA)	ss	57	lossless
Power Shovel ni Norou!! (Japan)	lr-snaps	57	lossless
Power Spike - Pro Beach Volleyball (USA)	ss	57	lossless
Power Stakes (Japan)	ss	57	lossless
Power Stakes 2 (Japan)	ss	57	lossless
Power Stakes Grade 1 (Japan)	ss	57	lossless
Powerpuff Girls, The - Chemical X-Traction (USA) (En,Es)	ss	57	lossless
Powerslave (USA)	ss	57	lossless
Poy Poy (USA)	ss	57	lossless
Poy Poy 2 (Europe)	ss	57	lossless
Premier Manager 2000 (Europe)	ss	57	lossless
Premier Manager 98 (Europe)	ss	57	lossless
Premier Manager Ninety Nine (Europe)	ss	57	lossless
Primal Rage (USA)	ss	57	lossless
Prince Naseem Boxing (Europe) (En,Fr,De,Es,It)	ss	57	lossless
Princess Maker - Go! Go! Princess (Japan)	ss	57	lossless
Princess Maker - Pocket Daisakusen (Japan)	ss	57	lossless
Princess Maker - Yumemiru Yousei (Japan, Asia)	lr-snaps	57	lossless
Prism Court (Japan)	ss	57	lossless
Prismaticallization (Japan)	ss	57	lossless
Prisoner (Japan)	ss	57	lossless
Prisoner of Ice - Jashin Kourin (Japan)	ss	57	lossless
Private Collection - Tokimeki Memorial (Japan)	ss	57	lossless
Pro 18 - World Tour Golf (USA)	ss	57	lossless
Pro Backgammon (Europe)	ss	57	lossless
Pro Body Boarding (Europe) (En,Fr,De)	ss	57	lossless
Pro Evolution Soccer (Europe) (Es,It)	ss	57	lossless
Pro Evolution Soccer 2 (Europe) (Es,It)	ss	57	lossless
Pro Logic Mahjong Haishin (Japan)	ss	57	lossless
Pro Mahjong Kiwame - Tengensen-hen (Japan)	ss	57	lossless
Pro Mahjong Kiwame Plus (Japan)	ss	57	lossless
Pro Mahjong Kiwame Plus II (Japan)	ss	57	lossless
Pro Mahjong Tsuwamono 2 (Japan)	ss	57	lossless
Pro Mahjong Tsuwamono 3 (Japan)	ss	57	lossless
Pro Mahjong Tsuwamono Series - Joryuu Janshi ni Chousen - Watashitachi ni Chousen Shite ne! (Japan)	ss	57	lossless
Pro Mahjong, The - Menkyo Kaiden (Japan)	ss	57	lossless
Pro Pinball - Big Race USA (USA)	ss	57	lossless
Pro Pinball - Fantastic Journey (USA)	ss	57	lossless
Pro Pinball - Timeshock! (USA)	ss	57	lossless
Pro Wres Sengokuden - Hyper Tag Match (Japan)	ss	57	lossless
Pro Wrestling Sengokuden 2 - Kakutou Emaki (Japan)	ss	57	lossless
Pro Yakyuu Nettou Puzzle Stadium (Japan)	ss	57	lossless
Pro Yakyuu Simulation Dugout '99 (Japan)	ss	57	lossless
Pro-Pinball (USA)	ss	57	lossless
Professional Underground League of Pain (USA)	ss	57	lossless
Project - Horned Owl (USA)	ss	57	lossless
Project Gaiaray (Japan, Asia)	ss	57	lossless
Project Overkill (USA)	ss	57	lossless
Project V6 (Japan)	ss	57	lossless
Proof Club (Japan)	ss	57	lossless
Psybadek (USA)	ss	57	lossless
Psychic Detective (USA) (Disc 1)	ss	57	lossless
Psychic Force (USA)	ss	57	lossless
Psychic Force - Puzzle Taisen (Japan) (Disc 1) (Game Disc)	ss	57	lossless
Psychic Force 2 (Europe)	ss	57	lossless
Psychometrer Eiji (Japan)	ss	57	lossless
Puchi Carat (Europe)	ss	57	lossless
Puffy no P.S. I Love You (Japan)	ss	57	lossless
Puma Street Soccer (Europe) (En,Fr,De,It)	ss	57	lossless
Punch the Monkey! Game Edition (Japan)	ss	57	lossless
Punky Skunk (USA)	ss	57	lossless
Puppet Zoo Pilomy (Japan) (En,Ja)	ss	57	lossless
Purumui Purumui (Japan)	ss	57	lossless
Pururun! with Shape Up Girls (Japan)	ss	57	lossless
Putter Golf (USA)	ss	57	lossless
Puyo Puyo Box (Japan)	ss	57	lossless
Puyo Puyo Sun - Ketteiban (Japan)	ss	57	lossless
Puyo Puyo Tsuu - Ketteiban (Japan, Asia)	ss	57	lossless
Puyo Puyoon - Car-kun to Issho (Japan)	ss	57	lossless
Puzzle Arena Toushinden (Japan)	ss	57	lossless
Puzzle Mania (Japan)	ss	57	lossless
Puzzle Mania 2 (Japan)	ss	57	lossless
Puzznic (USA)	ss	57	lossless
Q-bert (USA)	ss	57	lossless
Qix Neo (USA)	ss	57	lossless
Quaddle Family Mysteries, The 1 - The Case of the Scarce Scarab - Lobby & Kitchen (USA)	ss	57	lossless
Quaddle Family Mysteries, The 2 - The Case of the Scarce Scarab - Garden (USA)	ss	57	lossless
Quaddle Family Mysteries, The 3 - The Case of the Scarce Scarab - Parlor & Family Room (USA)	ss	57	lossless
Quake II (USA)	ss	57	lossless
Quantum Gate I - Akumu no Joshou (Japan)	lr-snaps	57	lossless
Queen's Road (Japan)	ss	57	lossless
Quest for Fame - Be a Virtual Rock Legend (Japan) (Disc 1)	ss	57	lossless
Quiz Chara-Oke Don! Toei Tokusatsu Hero Part 1 (Japan)	ss	57	lossless
Quiz Chara-Oke Don! Toei Tokusatsu Hero Part 2 (Japan)	ss	57	lossless
Quiz Darake no Jinsei Game - Un to Atama de Daifugou! (Japan)	ss	57	lossless
Quiz Nanairo Dreams - Nijiiro-chou no Kiseki (Japan)	ss	57	lossless
Quiz Show (Italy) (Disc 1) (CD Gioco)	ss	57	lossless
Quiz$Millionaire (Japan)	ss	57	lossless
Quiz$Millionaire - Waku Waku Party (Japan)	ss	57	lossless
QuoVadis - Iverkurtz Sen'eki (Japan)	ss	57	lossless
R (Japan) (Disc 1) (Shokai Genteiban)	ss	57	lossless
R-C Stunt Copter (USA)	ss	57	lossless
R-Type Delta (USA)	ss	57	lossless
R-Types (USA)	ss	57	lossless
R4 - Ridge Racer Type 4 (USA)	ss	57	lossless
RC Helicopter (USA)	ss	57	lossless
RC Revenge (USA)	ss	57	lossless
RC de Go! (USA)	ss	57	lossless
RMJ - The Mystery Hospital (Japan) (Disc 1) (What's Going On)	ss	57	lossless
RPG Maker (USA)	ss	57	lossless
RPG Tkool 4 (Japan)	ss	57	lossless
RTL Skispringen 2002 (Germany) (En,De)	ss	57	lossless
Raamen-bashi (Japan)	ss	57	lossless
Race Drivin' a Go! Go! (Japan)	ss	57	lossless
Racing (USA) (En,Fr,Es)	ss	57	lossless
Racing Lagoon (Japan, Asia)	ss	57	lossless
Racingroovy VS (Japan)	ss	57	lossless
Radikal Bikers (Europe) (En,Fr,De,Es,It)	ss	57	lossless
Rage Racer (USA)	ss	57	lossless
Rageball (USA)	ss	57	lossless
Raiden DX (Japan)	ss	57	lossless
Raiden Project, The (USA)	ss	57	lossless
Railroad Tycoon II (USA)	ss	57	lossless
Rakugaki Showtime (Japan)	ss	57	lossless
Rally Cross (USA)	ss	57	lossless
Rally Cross 2 (USA)	ss	57	lossless
Rally de Africa (Japan)	ss	57	lossless
Rally de Europe (Japan)	ss	57	lossless
Rami-chan no Ooedo Sugoroku - Keiou Yuugekitai Gaiden (Japan)	ss	57	lossless
Rampage - Through Time (USA)	ss	57	lossless
Rampage - World Tour (USA)	ss	57	lossless
Rampage 2 - Universal Tour (USA)	ss	57	lossless
Ranma 1-2 - Battle Renaissance (Japan)	ss	57	lossless
Rapid Reload (Europe)	ss	57	lossless
Rascal (USA)	ss	57	lossless
Rascal Racers (USA)	ss	57	lossless
Rat Attack! (USA)	ss	57	lossless
Raven Project, The (Europe) (En,Fr,De) (Disc 1)	ss	57	lossless
Ray Tracers (USA)	ss	57	lossless
RayCrisis - Series Termination (USA)	ss	57	lossless
RayStorm (USA)	ss	57	lossless
Rayman (USA)	ss	57	lossless
Rayman 2 - The Great Escape (USA) (En,Fr,Es)	ss	57	lossless
Rayman Brain Games (USA)	ss	57	lossless
Rayman Junior (Europe) (Fr,De,Es,It)	ss	57	lossless
Rayman Junior - Level 2 (Europe) (En,Fr,De,Es,It)	ss	57	lossless
Rayman Junior - Level 3 (Europe) (En,Fr,Es,It)	ss	57	lossless
Rayman Rush (USA)	ss	57	lossless
Razor Freestyle Scooter (USA)	ss	57	lossless
Razor Racing (USA)	ss	57	lossless
Re-Loaded - The Hardcore Sequel (USA)	ss	57	lossless
Re-Volt (USA)	ss	57	lossless
ReBoot (USA)	ss	57	lossless
Ready 2 Rumble Boxing (USA)	ss	57	lossless
Ready 2 Rumble Boxing - Round 2 (USA)	ss	57	lossless
Real Bout Fatal Fury (Europe)	ss	57	lossless
Real Bout Garou Densetsu Special - Dominated Mind (Japan)	ss	57	lossless
Real Robot Sensen (Japan)	ss	57	lossless
Real Robots - Final Attack (Japan)	ss	57	lossless
Red Asphalt (USA)	ss	57	lossless
Reel Fishing (USA)	ss	57	lossless
Reel Fishing II (USA)	ss	57	lossless
Refrain Love - Anata ni Aitai (Japan)	ss	57	lossless
Refrain Love 2 (Japan) (Disc 1)	ss	57	lossless
Reikoku - Ikeda Kizoku Shinrei Kenkyuujo (Japan)	ss	57	lossless
Remote Control Dandy (Japan)	ss	57	lossless
Ren'ai Kouza - Real Age (Japan)	ss	57	lossless
Renegade Racers (USA)	ss	57	lossless
Rescue 24 Hours (Japan)	ss	57	lossless
Rescue Copter (USA)	ss	57	lossless
Rescue Shot (Europe) (En,Fr,De,Es,It)	ss	57	lossless
Resident Evil (USA)	ss	57	lossless
Resident Evil - Director's Cut (USA)	ss	57	lossless
Resident Evil - Survivor (USA)	ss	57	lossless
Resident Evil 2 (USA) (Disc 1)	ss	57	lossless
Resident Evil 3 - Nemesis (USA, Canada)	ss	57	lossless
Restaurant Dream (Japan)	ss	57	lossless
Retro Force (Europe) (En,Fr,De,Es,It)	ss	57	lossless
Return Fire (USA) (En,Ja,Fr,De,Es,It,Pt,Ko,Ru,Ar)	ss	57	lossless
Return to Zork (Japan) (Disc 1)	ss	57	lossless
Reverthion (Japan)	ss	57	lossless
Revolution X - Music Is the Weapon (USA)	ss	57	lossless
Rhapsody - A Musical Adventure (USA)	ss	57	lossless
Rhythm 'n' Face (Japan)	ss	57	lossless
Rhythm Beat (Europe)	ss	57	lossless
Ridegear Guybrave (Japan)	ss	57	lossless
Ridegear Guybrave II (Japan) (Disc 1)	ss	57	lossless
Ridge Racer (USA)	ss	57	lossless
Ridge Racer Revolution (USA)	ss	57	lossless
Riichi Mahjong - Ohitorisama demo Utemasu! (Japan)	ss	57	lossless
Rikujou Boueitai Mao-chan (Japan)	ss	57	lossless
Ring of Sias (Japan)	ss	57	lossless
Riot Stars (Japan)	ss	57	lossless
Rise 2 - Resurrection (USA) (En,Fr,De,Es,It)	ss	57	lossless
Rising Zan - The Samurai Gunman (USA)	ss	57	lossless
Risk - The Game of Global Domination (USA)	ss	57	lossless
Rittai Ninja Katsugeki - Tenchu - Shinobi Gaisen (Japan) (En,Ja,Fr,It)	ss	57	lossless
Rittai Ninja Katsugeki - Tenchu - Shinobi Hyakusen (Japan)	ss	57	lossless
Rival Schools - United by Fate (USA) (Disc 1) (Arcade Disc)	ss	57	lossless
Riven - The Sequel to Myst (USA) (Disc 1)	ss	57	lossless
Road & Track Presents - The Need for Speed (USA)	ss	57	lossless
Road Rage (Europe)	ss	57	lossless
Road Rash (USA)	ss	57	lossless
Road Rash - Jailbreak (USA)	ss	57	lossless
Road Rash 3D (USA)	ss	57	lossless
Roadsters (USA)	ss	57	lossless
Robbit mon Dieu (Japan)	ss	57	lossless
Robin Hood - The Siege (Europe)	ss	57	lossless
Robin Lloyd no Bouken (Japan)	ss	57	lossless
Robo Pit (USA)	ss	57	lossless
Robo Pit 2 (USA)	ss	57	lossless
Robocod - James Pond II (Europe) (En,Fr,De,Es,It)	ss	57	lossless
Robot x Robot (Japan)	ss	57	lossless
Robotron X (USA)	ss	57	lossless
Rock 'Em Sock 'Em Robots Arena (USA)	ss	57	lossless
Rock-Climbing - Mitouhou e no Chousen - Alps-hen (Japan)	ss	57	lossless
Rockman (Japan)	ss	57	lossless
Rockman 2 - Dr. Wily no Nazo (Japan)	ss	57	lossless
Rockman 3 - Dr. Wily no Saigo! (Japan)	ss	57	lossless
Rockman 4 - Aratanaru Yabou!! (Japan)	ss	57	lossless
Rockman 5 - Blues no Wana! (Japan)	ss	57	lossless
Rockman 6 - Shijou Saidai no Tatakai!! (Japan)	ss	57	lossless
Rogue Trip - Vacation 2012 (USA)	ss	57	lossless
Roland Garros French Open 2001 (Europe) (En,Fr,De,Es,It)	ss	57	lossless
Roll Away (USA)	ss	57	lossless
Rollcage (USA)	ss	57	lossless
Rollcage Stage II (USA)	ss	57	lossless
Romance of the Three Kingdoms IV - Wall of Fire (USA)	ss	57	lossless
Romance of the Three Kingdoms VI - Awakening of the Dragon (USA)	lr-snaps	57	lossless
Romance wa Tsurugi no Kagayaki II - Gin no Niji o Sagashite (Japan) (Disc 1)	ss	57	lossless
Ronaldo V-Football (Europe) (De,Es,It,Pt)	ss	57	lossless
Roommate - Inoue Ryoko (Japan)	ss	57	lossless
Rosco McQueen Firefighter Extreme (USA)	ss	57	lossless
Roswell Conspiracies - Aliens, Myths & Legends (USA)	ss	57	lossless
Rox (Europe)	ss	57	lossless
Runabout 2 (USA)	ss	57	lossless
Running High (Japan, Asia)	ss	57	lossless
Running Wild (USA)	ss	57	lossless
Rupupu Cube - Lup Salad (Japan)	ss	57	lossless
Rurouni Kenshin - Meiji Kenkaku Romantan - Ishin Gekitou-hen (Japan)	ss	57	lossless
Rurouni Kenshin - Meiji Kenkaku Romantan - Juuyuushi Inbou-hen (Japan)	ss	57	lossless
Rush Hour (USA)	ss	57	lossless
Rushdown (USA)	ss	57	lossless
Ryuuki Denshou - Dragoon (Japan)	ss	57	lossless
S.C.A.R.S. (USA)	ss	57	lossless
SD Gundam - GCentury (Japan, Asia)	ss	57	lossless
SD Gundam - GGeneration (Japan)	ss	57	lossless
SD Gundam - GGeneration-0 (Japan) (Disc 1)	ss	57	lossless
SD Gundam - GGeneration-F (Japan) (Disc 1)	ss	57	lossless
SD Gundam - GGeneration-F.I.F (Japan)	ss	57	lossless
SD Gundam - Over Galaxian (Japan)	ss	57	lossless
SD Gundam Eiyuuden - Daikessen!! Kishi vs. Musha (Japan)	ss	57	lossless
SaGa Frontier (USA)	ss	57	lossless
SaGa Frontier 2 (USA)	ss	57	lossless
Saban's Power Rangers - Lightspeed Rescue (USA)	ss	57	lossless
Saban's Power Rangers - Time Force (USA)	ss	57	lossless
Saban's Power Rangers Zeo - Full Tilt Battle Pinball (USA)	ss	57	lossless
Saber Marionette J - Battle Sabers (Japan)	ss	57	lossless
Sabrina the Teenage Witch - A Twitch in Time! (USA)	ss	57	lossless
Saikyou Ginsei Chess (Japan)	ss	57	lossless
Saikyou Ginsei Mahjong (Japan)	ss	57	lossless
Saikyou Ginsei Shougi (Japan)	lr-snaps	57	lossless
Saikyou Ginsei Shougi 2 (Japan)	ss	57	lossless
Saikyou Toudai Shougi (Japan)	ss	57	lossless
Saikyou Toudai Shougi 2 (Japan)	ss	57	lossless
Saikyou no Igo (Japan)	ss	57	lossless
Saikyou no Shougi (Japan)	ss	57	lossless
Saishuu Densha (Japan)	ss	57	lossless
Saiyuki - Journey West (USA)	ss	57	lossless
Saiyuuki (Japan) (Rev 1)	ss	57	lossless
Sakamoto Ryouma - Ishin Kaikoku (Japan)	ss	57	lossless
Sakkyoku Surun da mon - Dance Remix-hen (Japan)	ss	57	lossless
Sakuma-shiki Jinsei Game (Japan)	ss	57	lossless
Salamander Deluxe Pack Plus (Japan)	ss	57	lossless
Salaryman Champ - Tatakau Salaryman (Japan)	ss	57	lossless
Salaryman Kintarou - The Game (Japan)	ss	57	lossless
Salaryman Settai Mahjong (Japan)	ss	57	lossless
Saltwater Sportfishing (USA)	ss	57	lossless
Sammy Sosa High Heat Baseball 2001 (USA)	ss	57	lossless
Sammy Sosa Softball Slam (USA)	ss	57	lossless
Sampras Extreme Tennis (Europe) (En,Fr,De,Es,It)	ss	57	lossless
Samurai Deeper Kyo (Japan)	ss	57	lossless
Samurai Shodown - Warriors Rage (USA)	ss	57	lossless
Samurai Shodown III - Blades of Blood (USA)	ss	57	lossless
Samurai Spirits - Amakusa Kourin Special (Japan)	ss	57	lossless
Samurai Spirits - Kenkaku Shinan Pack (Japan, Asia)	ss	57	lossless
San Francisco Rush - Extreme Racing (USA)	ss	57	lossless
Sangokushi Eiketsuden (Japan)	ss	57	lossless
Sangokushi II (Japan)	ss	57	lossless
Sangokushi III (Japan)	lr-snaps	57	lossless
Sangokushi IV (Japan)	ss	57	lossless
Sangokushi Koumeiden (Japan)	ss	57	lossless
Sangokushi V (Japan)	ss	57	lossless
Sangokushi VI (Japan, Asia)	ss	57	lossless
Sangokushi VII (Japan)	ss	57	lossless
Sankyo Fever - Downtown Geki (Japan)	ss	57	lossless
Sankyo Fever - Jikki Simulation (Japan)	ss	57	lossless
Sankyo Fever - Jikki Simulation Vol. 2 (Japan)	ss	57	lossless
Sankyo Fever - Jikki Simulation Vol. 3 (Japan)	ss	57	lossless
Santa Claus Saves the Earth (Europe)	ss	57	lossless
Sanyo Pachinko Paradise (Japan)	ss	57	lossless
Sanyo Pachinko Paradise 2 - Umi Monogatari Special (Japan)	ss	57	lossless
Sanyo Pachinko Paradise 3 - Wan Wan Daikoushin (Japan)	ss	57	lossless
Sanyo Pachinko Paradise 4 - Sushiya da Gen-san!! (Japan)	ss	57	lossless
Sanyo Pachinko Paradise 5 - Uki Uki Tairyoubata (Japan)	ss	57	lossless
Saraba Uchuu Senkan Yamato - Ai no Senshitachi (Japan) (Disc 1)	ss	57	lossless
SatelliTV (Japan)	ss	57	lossless
Satomi no Nazo (Japan)	ss	57	lossless
Schnappi - Das kleine Krokodil - 3 Fun-Games (Germany)	ss	57	lossless
Scooby-Doo and the Cyber Chase (USA)	ss	57	lossless
Scooby-Doo! Night of 100 Frights (USA) (Proto) (2000-10-26)	ss	57	lossless
Scrabble (USA)	ss	57	lossless
Screen (Japan)	ss	57	lossless
Sea-Doo Hydro Cross (USA)	ss	57	lossless
SeaBass Fishing (Japan)	ss	57	lossless
SeaBass Fishing 2 (Japan)	ss	57	lossless
Segare Ijiri (Japan)	ss	57	lossless
Seikai no Monshou (Japan)	ss	57	lossless
Seikon no Joka - Hikari to Yami no Seioujo (Japan)	ss	57	lossless
Seirei Shoukan - Princess of Darkness (Japan)	ss	57	lossless
Seireiki Rayblade (Japan)	ss	57	lossless
Seishoujo Kantai Virgin Fleet (Japan)	ss	57	lossless
Sekai Saikyou Ginsei Igo (Japan)	ss	57	lossless
Sekai Saikyou Ginsei Igo 2 (Japan)	lr-snaps	57	lossless
Sekai Saikyou Ginsei Igo 3 (Japan)	lr-snaps	57	lossless
Sengoku Cyber - Fujimaru Jigokuhen (Japan)	ss	57	lossless
Sengoku Mugen (Japan)	ss	57	lossless
Senkai Taisen - TV Animation Senkaiden Houshin Engi yori (Japan)	ss	57	lossless
Senkai Tsuuroku Seishi - TV Animation Senkaiden Houshin Engi yori (Japan)	ss	57	lossless
Senran (Japan)	ss	57	lossless
Senryaku Shidan - Tora! Tora! Tora! Rikusen-hen (Japan)	ss	57	lossless
Senryaku Shougi (Japan)	ss	57	lossless
Sensible Soccer (Europe) (En,Fr,De,Es,It,Nl)	ss	57	lossless
Sentient (USA)	ss	57	lossless
Sentimental Graffiti (Japan)	lr-snaps	57	lossless
Sentimental Graffiti - Yakusoku (Japan)	ss	57	lossless
Sentimental Journey (Japan)	ss	57	lossless
Sentinel Returns (USA)	ss	57	lossless
Sento Monogatari - Sono I (Japan)	ss	57	lossless
Sentou Kokka - Air Land Battle (Japan)	ss	57	lossless
Sentou Kokka Kai - Improved (Japan)	ss	57	lossless
Septentrion - Out of the Blue (Japan)	ss	57	lossless
Serial Experiments Lain (Japan) (Disc 1)	ss	57	lossless
Sesame Street - Elmo's Letter Adventure (USA)	ss	57	lossless
Sesame Street - Elmo's Number Journey (USA)	ss	57	lossless
Sesame Street Sports (USA)	ss	57	lossless
Sexy Parodius (Japan)	ss	57	lossless
Shachou Eiyuuden (Japan) (Ja,Zh)	ss	57	lossless
Shadow Gunner - The Robot Wars (Europe) (En,Fr,De,Es,It)	ss	57	lossless
Shadow Madness (USA) (Disc 1)	ss	57	lossless
Shadow Man (USA)	ss	57	lossless
Shadow Master (USA)	ss	57	lossless
Shadow Tower (USA)	ss	57	lossless
Shadow and Shadow (Japan)	ss	57	lossless
Shake Kids (Japan)	ss	57	lossless
Shaman King - Spirit of Shamans (Japan)	ss	57	lossless
Shanghai - Banri no Choujou (Japan)	ss	57	lossless
Shanghai - Great Moments (Japan)	ss	57	lossless
Shanghai - Shouryuu Sairin (Japan)	ss	57	lossless
Shanghai - True Valor (USA)	ss	57	lossless
Shaolin (Europe)	ss	57	lossless
Sheep (USA)	ss	57	lossless
Shellshock (USA)	ss	57	lossless
Shichida-shiki Unou de Asobenture Vol. 1 - Kotoba ABC - 0-2-sai Muke (Japan)	ss	57	lossless
Shichida-shiki Unou de Asobenture Vol. 2 - Katachi 123 - 0-2-sai Muke (Japan)	ss	57	lossless
Shichida-shiki Unou de Asobenture Vol. 3 - Kotoba ABC - 2-4sai Muke (Japan)	ss	57	lossless
Shichida-shiki Unou de Asobenture Vol. 4 - Katachi 123 - 2-4-sai Muke (Japan)	ss	57	lossless
Shichida-shiki Unou de Asobenture Vol. 5 - Kotoba ABC - 4-6-sai Muke (Japan)	ss	57	lossless
Shichida-shiki Unou de Asobenture Vol. 6 - Katachi 123 - 4-6-sai Muke (Japan)	ss	57	lossless
Shichisei Toushin Guyferd - Crown Kaimetsu Sakusen (Japan)	ss	57	lossless
Shichuu Suimei Pitagraph (Japan)	ss	57	lossless
Shiki Oriori no Bass Tsuri (Japan)	ss	57	lossless
Shin DX Okuman Chouja Game - Tsukutte! Utte! Oomouke! (Japan)	ss	57	lossless
Shin Fortune Quest - Shokutaku no Kishitachi (Japan)	ss	57	lossless
Shin Masou Kishin - Panzer Warfare (Japan)	ss	57	lossless
Shin Megami Tensei (Japan)	ss	57	lossless
Shin Megami Tensei - Devil Children - Kuro no Sho, Aka no Sho (Japan)	ss	57	lossless
Shin Megami Tensei II (Japan)	ss	57	lossless
Shin Megami Tensei If... (Japan)	ss	57	lossless
Shin Nihon Pro Wrestling - Toukon Retsuden (Japan)	ss	57	lossless
Shin Nihon Pro Wrestling - Toukon Retsuden 2 (Japan)	ss	57	lossless
Shin Nihon Pro Wrestling - Toukon Retsuden 3 (Japan)	ss	57	lossless
Shin SD Sengokuden - Kidou Musha Taisen (Japan)	ss	57	lossless
Shin Sedai Robot Senki - Brave Saga (Japan)	ss	57	lossless
Shin Seiki Evangelion - Eva to Yukai na Nakamatachi (Japan)	ss	57	lossless
Shin Seiki Evangelion - Koutetsu no Girlfriend (Japan) (Disc 1)	ss	57	lossless
Shin Senki Van-Gale - The War of Neo-Century (Japan)	ss	57	lossless
Shin Shikoutei - The First Emperor (Japan, Asia)	ss	57	lossless
Shin Super Robot Taisen (Japan)	ss	57	lossless
Shin Super Robot Taisen - Special Disc (Japan)	ss	57	lossless
Shin Theme Park (Japan)	ss	57	lossless
Shingata Kururin Pa! (Japan)	ss	57	lossless
Shinobi no Roku (Japan)	ss	57	lossless
Shinri Game 10, The (Japan)	ss	57	lossless
Shinri Game 2, The (Japan)	ss	57	lossless
Shinri Game 3, The (Japan)	ss	57	lossless
Shinri Game 5, The (Japan)	ss	57	lossless
Shinri Game 6, The (Japan)	ss	57	lossless
Shinri Game 7, The (Japan)	ss	57	lossless
Shinri Game 8, The (Japan)	ss	57	lossless
Shinri Game 9, The (Japan)	ss	57	lossless
Shinri Game IV, The - Itsu mo Kokoro ni Hoshizora o (Japan)	ss	57	lossless
Shinri Game, The (Japan)	ss	57	lossless
Shinseiden Megaseed - Fukkatsu-hen (Japan)	ss	57	lossless
Shinsetsu Samurai Spirits - Bushidou Retsuden (Japan)	ss	57	lossless
Shinshuku Taisen - It's a Nony! (Japan)	ss	57	lossless
Shinsou Kaiten!! Wan Wan Umi Monogatari - Sanyo Pachinko Paradise DX (Japan)	ss	57	lossless
Shipwreckers! (USA)	ss	57	lossless
Shiritsu Justice Gakuen - Nekketsu Seishun Nikki 2 (Japan)	ss	57	lossless
Shisenfuu Gekikara Mahjong (Japan)	ss	57	lossless
Shockwave Assault (USA) (Disc 1) (Shockwave - Invasion Earth)	ss	57	lossless
Shonen Jump's One Piece - Grand Battle (Europe) (En,Fr,De,Es,It)	ss	57	lossless
Shoot (Germany)	ss	57	lossless
Shougi Joryuu Meijin'isen (Japan)	ss	57	lossless
Shougi Saikyou - Pro ni Manabu (Japan)	ss	57	lossless
Shougi Saikyou 2 (Japan)	ss	57	lossless
Shouryuu Sangoku Engi (Japan)	ss	57	lossless
Shrek Treasure Hunt (USA)	ss	57	lossless
Shura no Mon (Japan)	ss	57	lossless
Shusse Mahjong Daisettai (Japan)	ss	57	lossless
Shutokou Battle Gaiden - Super Technic Challenge - Drift King e no Michi (Japan)	ss	57	lossless
Shutokou Battle R (Japan)	ss	57	lossless
Shuukan Gallop - Blood Master (Japan) (Disc 1)	ss	57	lossless
Shuukan Pro Wres Kanshuu - Pro Wres Sengokuden (Japan)	ss	57	lossless
Sid Meier's Civilization - Shin Sekai Shichidai Bunmei (Japan)	ss	57	lossless
Side Pocket 3 (Japan)	ss	57	lossless
Side by Side Special (Japan)	ss	57	lossless
Side by Side Special 2000 (Japan)	ss	57	lossless
Sidewinder 2 - Let's Dance in the Sky (Japan) (En,Ja)	ss	57	lossless
Silent Bomber (USA)	ss	57	lossless
Silent Hill (USA)	ss	57	lossless
Silent Iron (Europe)	ss	57	lossless
Silent Moebius - Case - Titanic (Japan)	ss	57	lossless
Silent Moebius - Gen'ei no Datenshi (Japan)	ss	57	lossless
Silhouette Mirage (USA)	ss	57	lossless
Silhouette Stories (Japan)	ss	57	lossless
Silver Jiken - The Silver (Japan)	ss	57	lossless
Silverload (USA)	ss	57	lossless
Sim Town (Japan)	ss	57	lossless
SimCity 2000 (USA)	ss	57	lossless
SimTheme Park (USA)	ss	57	lossless
Simple 1500 Jitsuyou Series Vol. 01 - Norikae Annai - 2000-nenban (Japan)	ss	57	lossless
Simple 1500 Jitsuyou Series Vol. 02 - Katei no Fuusui (Japan)	ss	57	lossless
Simple 1500 Jitsuyou Series Vol. 03 - Seimei Handan (Japan)	ss	57	lossless
Simple 1500 Jitsuyou Series Vol. 04 - Ryouri - Teiban Ryouri Recipe-shuu (Japan)	ss	57	lossless
Simple 1500 Jitsuyou Series Vol. 05 - Kusuri no Jiten - Pill Book 2001-nenban (Japan)	ss	57	lossless
Simple 1500 Jitsuyou Series Vol. 07 - Tanoshiku Manabu Unten Menkyo (Japan)	ss	57	lossless
Simple 1500 Jitsuyou Series Vol. 08 - 1-jikan de Wakaru Kabushiki Toushi (Japan)	ss	57	lossless
Simple 1500 Jitsuyou Series Vol. 09 - Watashi Style no Aromatherapy (Japan)	ss	57	lossless
Simple 1500 Jitsuyou Series Vol. 10 - Tarot Uranai (Japan)	ss	57	lossless
Simple 1500 Jitsuyou Series Vol. 11 - Katei de Dekiru Tsubo Shiatsu (Japan)	ss	57	lossless
Simple 1500 Jitsuyou Series Vol. 12 - Katei no Igaku - Shindan Jiten (Japan)	ss	57	lossless
Simple 1500 Jitsuyou Series Vol. 14 - Kurashi no Manner - Kankon Sousai-hen (Japan)	ss	57	lossless
Simple 1500 Jitsuyou Series Vol. 15 - Inu no Kaikata - Sekai no Inu Catalog (Japan)	ss	57	lossless
Simple 1500 Jitsuyou Series Vol. 16 - Neko no Kaikata - Sekai no Neko Catalog (Japan)	ss	57	lossless
Simple 1500 Jitsuyou Series Vol. 17 - Planetarium (Japan)	ss	57	lossless
Simple 1500 Jitsuyou Series Vol. 18 - Kanji Quiz - Kanji Kentei ni Challenge (Japan)	ss	57	lossless
Simple 1500 Series - Hello Kitty Vol. 01 - Bowling (Japan)	ss	57	lossless
Simple 1500 Series - Hello Kitty Vol. 02 - Illust Puzzle (Japan)	ss	57	lossless
Simple 1500 Series - Hello Kitty Vol. 03 - Block Kuzushi (Japan)	ss	57	lossless
Simple 1500 Series - Hello Kitty Vol. 04 - Trump (Japan)	ss	57	lossless
Simple 1500 Series Vol. 1 - The Mahjong (Japan)	ss	57	lossless
Simple 1500 Series Vol. 100 - The Uchuu Hikoushi (Japan)	ss	57	lossless
Simple 1500 Series Vol. 101 - The Sentou (Japan)	lr-snaps	57	lossless
Simple 1500 Series Vol. 11 - The Pinball 3D (Japan)	ss	57	lossless
Simple 1500 Series Vol. 12 - The Quiz (Japan)	ss	57	lossless
Simple 1500 Series Vol. 15 - The Pachinko (Japan)	ss	57	lossless
Simple 1500 Series Vol. 16 - The Pachi-Slot (Japan)	ss	57	lossless
Simple 1500 Series Vol. 17 - The Bike Race (Japan)	ss	57	lossless
Simple 1500 Series Vol. 19 - The Sugoroku (Japan)	ss	57	lossless
Simple 1500 Series Vol. 2 - The Shougi (Japan)	ss	57	lossless
Simple 1500 Series Vol. 21 - The Yakyuu (Japan)	ss	57	lossless
Simple 1500 Series Vol. 22 - The Pro Wrestling (Japan)	ss	57	lossless
Simple 1500 Series Vol. 23 - The Gateball (Japan)	ss	57	lossless
Simple 1500 Series Vol. 24 - The Gun Shooting (Japan)	ss	57	lossless
Simple 1500 Series Vol. 25 - The Keiba (Japan)	ss	57	lossless
Simple 1500 Series Vol. 26 - The Tennis (Japan)	lr-snaps	57	lossless
Simple 1500 Series Vol. 28 - The Dungeon RPG (Japan)	ss	57	lossless
Simple 1500 Series Vol. 29 - The Tsuri (Japan)	ss	57	lossless
Simple 1500 Series Vol. 3 - The Gomoku Narabe (Japan)	ss	57	lossless
Simple 1500 Series Vol. 31 - The Sound Novel (Japan)	ss	57	lossless
Simple 1500 Series Vol. 33 - The Takkyuu (Japan)	ss	57	lossless
Simple 1500 Series Vol. 34 - The Quiz Bangumi (Japan)	ss	57	lossless
Simple 1500 Series Vol. 36 - The Ren'ai Simulation - Natsuiro Celebration (Japan)	ss	57	lossless
Simple 1500 Series Vol. 37 - The Illust Puzzle & Slide Puzzle (Japan)	ss	57	lossless
Simple 1500 Series Vol. 38 - The Real Racing - Toyota (Japan)	ss	57	lossless
Simple 1500 Series Vol. 39 - The Mahjong 2 (Japan)	ss	57	lossless
Simple 1500 Series Vol. 4 - The Reversi (Japan)	ss	57	lossless
Simple 1500 Series Vol. 40 - The Shougi 2 (Japan)	ss	57	lossless
Simple 1500 Series Vol. 41 - The Reversi 2 (Japan)	ss	57	lossless
Simple 1500 Series Vol. 42 - The Igo 2 (Japan)	ss	57	lossless
Simple 1500 Series Vol. 43 - The Hanafuda 2 (Japan)	ss	57	lossless
Simple 1500 Series Vol. 44 - The Card 2 (Japan)	ss	57	lossless
Simple 1500 Series Vol. 46 - The Mahjong Ochigee - Raku Jongg (Japan)	ss	57	lossless
Simple 1500 Series Vol. 49 - The Casino (Japan)	ss	57	lossless
Simple 1500 Series Vol. 5 - The Igo (Japan)	ss	57	lossless
Simple 1500 Series Vol. 50 - The Billiard 2 (Japan)	ss	57	lossless
Simple 1500 Series Vol. 51 - The Jigsaw Puzzle (Japan)	ss	57	lossless
Simple 1500 Series Vol. 52 - The Pro Wrestling 2 (Japan)	ss	57	lossless
Simple 1500 Series Vol. 55 - The Darts (Japan)	ss	57	lossless
Simple 1500 Series Vol. 56 - The Sniper (Japan)	ss	57	lossless
Simple 1500 Series Vol. 57 - The Meiro (Japan)	ss	57	lossless
Simple 1500 Series Vol. 58 - The Sumou (Japan)	ss	57	lossless
Simple 1500 Series Vol. 59 - The Suiri - IT Tantei 18 no Jikenbo (Japan)	ss	57	lossless
Simple 1500 Series Vol. 6 - The Hanafuda (Japan)	ss	57	lossless
Simple 1500 Series Vol. 60 - The Table Hockey (Japan)	ss	57	lossless
Simple 1500 Series Vol. 61 - The Quiz 2 (Japan)	ss	57	lossless
Simple 1500 Series Vol. 62 - The Ski (Japan)	ss	57	lossless
Simple 1500 Series Vol. 63 - The Gun Shooting 2 (Japan)	ss	57	lossless
Simple 1500 Series Vol. 65 - The Golf (Japan)	ss	57	lossless
Simple 1500 Series Vol. 66 - The Kaiten - Mawasundaa!! (Japan)	ss	57	lossless
Simple 1500 Series Vol. 7 - The Card (Japan)	ss	57	lossless
Simple 1500 Series Vol. 70 - The War Simulation - Hito no Tsukurishi Monotachi (Japan)	ss	57	lossless
Simple 1500 Series Vol. 71 - The Ren'ai Simulation 2 - Fureai (Japan)	ss	57	lossless
Simple 1500 Series Vol. 72 - The Beach Volley (Japan)	ss	57	lossless
Simple 1500 Series Vol. 73 - The Invaders - Space Invaders 1500 (Japan)	ss	57	lossless
Simple 1500 Series Vol. 74 - The Horror Mystery - Sangeki-kan - Kevin Hakushaku no Fukkatsu (Japan)	ss	57	lossless
Simple 1500 Series Vol. 75 - The Double Shooting - RayStorm x RayCrisis (Japan)	ss	57	lossless
Simple 1500 Series Vol. 77 - The Suiei (Japan)	ss	57	lossless
Simple 1500 Series Vol. 78 - The Zeroyon (Japan)	ss	57	lossless
Simple 1500 Series Vol. 79 - The Shisenshou (Japan)	ss	57	lossless
Simple 1500 Series Vol. 8 - The Solitaire (Japan)	ss	57	lossless
Simple 1500 Series Vol. 81 - The Ren'ai Adventure - Okaeri! (Japan)	ss	57	lossless
Simple 1500 Series Vol. 82 - The Sensuikan (Japan)	ss	57	lossless
Simple 1500 Series Vol. 84 - The Intro Quiz (Japan)	ss	57	lossless
Simple 1500 Series Vol. 85 - The Sengoku Bushou - Tenka Touitsu no Yabou (Japan)	ss	57	lossless
Simple 1500 Series Vol. 86 - The Onigokko (Japan)	ss	57	lossless
Simple 1500 Series Vol. 87 - The Kyoutei (Japan)	ss	57	lossless
Simple 1500 Series Vol. 88 - The Gal Mahjong - Love Songs - Idol wa High Rate (Japan)	ss	57	lossless
Simple 1500 Series Vol. 9 - The Chess (Japan)	lr-snaps	57	lossless
Simple 1500 Series Vol. 91 - The Gambler - Honoo no Tobaku Densetsu (Japan)	ss	57	lossless
Simple 1500 Series Vol. 92 - The Tozan RPG - Ginrei no Hasha (Japan)	ss	57	lossless
Simple 1500 Series Vol. 94 - The Cameraman - Gekisha Boy Omake Tsuki (Japan)	ss	57	lossless
Simple 1500 Series Vol. 96 - The Yakyuu 2 - 2002 Pro Yakyuu (Japan)	ss	57	lossless
Simple 1500 Series Vol. 98 - The Futsal (Japan)	ss	57	lossless
Simple 1500 Series Vol. 99 - The Kendou - Ken no Hanamichi (Japan)	ss	57	lossless
Simple Character 2000 Series Vol. 01 - Kidou Senshi Gundam - The Gunjin Shougi (Japan)	ss	57	lossless
Simple Character 2000 Series Vol. 02 - Afro-ken - The Puzzle (Japan)	ss	57	lossless
Simple Character 2000 Series Vol. 03 - Kamen Rider - The Bike Race (Japan)	ss	57	lossless
Simple Character 2000 Series Vol. 04 - Jarinko Chie - The Hanafuda (Japan)	ss	57	lossless
Simple Character 2000 Series Vol. 05 - High School! Kimengumi - The Table Hockey (Japan)	ss	57	lossless
Simple Character 2000 Series Vol. 06 - Dokonjou Gaeru - The Mahjong (Japan)	ss	57	lossless
Simple Character 2000 Series Vol. 07 - Ikkyuu-san - The Quiz (Japan)	ss	57	lossless
Simple Character 2000 Series Vol. 08 - Kagaku Ninja-tai Gatchaman - The Shooting (Japan)	ss	57	lossless
Simple Character 2000 Series Vol. 09 - Tsurikichi Sanpei - The Tsuri (Japan)	ss	57	lossless
Simple Character 2000 Series Vol. 10 - Sakigake!! Otokojuku - The Dodgeball (Japan)	ss	57	lossless
Simple Character 2000 Series Vol. 11 - Meitantei Conan - The Board Game (Japan)	ss	57	lossless
Simple Character 2000 Series Vol. 12 - Kidou Butouden G Gundam - The Battle (Japan)	ss	57	lossless
Simple Character 2000 Series Vol. 13 - Shin Kidou Senki Gundam W - The Battle (Japan)	ss	57	lossless
Simple Character 2000 Series Vol. 14 - Nante Tantei Idol - The Jigsaw Puzzle (Japan)	ss	57	lossless
Simple Character 2000 Series Vol. 15 - Cyborg 009 - The Block Kuzushi (Japan)	ss	57	lossless
Simple Character 2000 Series Vol. 16 - Gamba no Bouken - The Puzzle Action (Japan)	ss	57	lossless
Simple Character 2000 Series Vol. 17 - Sentou Mecha Xabungle - The Race in Action (Japan)	ss	57	lossless
Simpsons Wrestling, The (USA)	ss	57	lossless
Simulation Pro Yakyuu '99 (Japan)	ss	57	lossless
Simulation RPG Tkool (Japan)	ss	57	lossless
Simulation Zoo (Japan)	ss	57	lossless
Sister Princess (Japan) (Disc 1)	ss	57	lossless
Sister Princess - Pure Stories (Japan)	ss	57	lossless
Sister Princess 2 (Japan) (Disc 1)	ss	57	lossless
Sister Princess 2 - Premium Fan Disc (Japan) (Disc A)	lr-snaps	57	lossless
Sitting Ducks (Europe) (En,Fr,De,Es,It,Nl)	ss	57	lossless
Skeleton Warriors (USA)	ss	57	lossless
Ski Air Mix (Europe)	ss	57	lossless
Skullmonkeys (USA)	ss	57	lossless
Sky Sports Football Quiz (Europe)	ss	57	lossless
Sky Sports Football Quiz - Season 02 (Europe)	ss	57	lossless
Skydiving Extreme (USA)	ss	57	lossless
Slam 'n Jam '96 featuring Magic & Kareem (USA)	ss	57	lossless
Slam Dragon (Japan)	ss	57	lossless
Slamscape (USA)	ss	57	lossless
Slap Happy Rhythm Busters (Japan)	ss	57	lossless
Slayers Royal (Japan)	ss	57	lossless
Slayers Royal 2 (Japan)	ss	57	lossless
Slayers Wonderful (Japan)	ss	57	lossless
Sled Storm (USA, Canada)	ss	57	lossless
Slime Shiyou! (Japan)	ss	57	lossless
Slot! Pro - Ooedo Sakura Fubuki 2 (Japan)	ss	57	lossless
Slot! Pro 2 - Bakuretsu Oozumou Aka & Murasaki (Japan)	ss	57	lossless
Slot! Pro 3 - Juggler Special (Japan)	ss	57	lossless
Slot! Pro 4 - Tairyou Special (Japan)	ss	57	lossless
Slot! Pro 5 - Naniwa Sakura Fubuki & Shimauta (Japan)	ss	57	lossless
Slot! Pro 6 - Hyper Juggler V (Japan)	ss	57	lossless
Slot! Pro 7 - Hana Densetsu (Japan)	ss	57	lossless
Slot! Pro 8 - Shimamusume 30 & Hana Densetsu 25 (Japan)	ss	57	lossless
Slots (USA)	ss	57	lossless
Slotter Mania - Gekinetsu Oki-Slot! Siosai Special (Japan)	ss	57	lossless
Slotter Mania 2 - Chounetsu 30 Phi! Hana Hana & KingBary & Hai Hai Siosai (Japan)	ss	57	lossless
Slotter Mania 3 - Bakuryou Houshutsu! Uminchu & Fire Element (Japan)	ss	57	lossless
Slotter Mania 4 - Gekiatsu Youkou! Siolar & King Castle & Kabuto (Japan)	ss	57	lossless
Slotter Mania 5 - Gekiuchi Shinzui! Hyper Juggler V & Kita-chan Country & Wonder Review 2 (Japan)	ss	57	lossless
Slotter Mania 6 - Bakuretsu Sairai! Wadatsumi (2 Types) & Blue Lagoon (Japan)	ss	57	lossless
Slotter Mania 7 - Gekiatsu! Siosai-musume Seizoroi DX + Apache A (Japan)	ss	57	lossless
Slotter Mania 8 - Miwaku no Takarabako! Jewel Magic 2 & Gold & Silver (Japan)	ss	57	lossless
Slotter Mania 9 - Gokunetsu 30 Phi! Haibi & Splash Seven (Japan)	ss	57	lossless
Slotter Mania Core - Tokonatsu no Atsusa! Oasis (Japan)	ss	57	lossless
Slotter Mania Gaiden - Chouatsu Densetsu! Golden Rookie & Fire V & Ryuuou (Japan)	ss	57	lossless
Small Soldiers (USA)	ss	57	lossless
Smash Court 3 (Japan)	ss	57	lossless
Smurf Racer! (USA) (En,Fr,Es)	ss	57	lossless
Smurfs, The (USA) (En,Fr,Es)	ss	57	lossless
Snatcher (Japan)	ss	57	lossless
Sno Pokeler (Japan)	ss	57	lossless
SnoCross Championship Racing (USA)	ss	57	lossless
Snobow Kids Plus (Japan)	ss	57	lossless
Snow Racer 98 (Europe) (En,Fr,De)	ss	57	lossless
Snowboarding (USA)	ss	57	lossless
Snowman, The (Japan)	ss	57	lossless
Soccer '97 (Europe) (En,Fr,De,Es,It)	ss	57	lossless
Soccer Kid (Europe)	ss	57	lossless
Soeldnerschild Special (Japan)	ss	57	lossless
Sol Divide (USA)	ss	57	lossless
Sold Out (Japan)	ss	57	lossless
Solid Link - Dungeon Side (Japan)	ss	57	lossless
Solid Link - Tower Side (Japan)	ss	57	lossless
Sonata (Japan) (Disc 1)	ss	57	lossless
Sonic Wings Special (Europe)	ss	57	lossless
Sorcerer's Maze (USA)	ss	57	lossless
Soreike Flyfishing - Let's Go Flyfishing (Japan)	ss	57	lossless
Soreike no Kokology - Kokoro ga Oshieru Koi, Kekkon, Jinsei (Japan)	ss	57	lossless
Sotsugyou - Crossworld (Japan)	ss	57	lossless
Sotsugyou II - Neo Generation (Japan)	ss	57	lossless
Sotsugyou III - Wedding Bell (Japan)	ss	57	lossless
Sotsugyou M - Seito Kaichou no Karei naru Inbou (Japan) (Disc 1)	ss	57	lossless
Sotsugyou R - Graduation Real (Japan)	ss	57	lossless
Sotsugyou Vacation (Japan)	ss	57	lossless
Sougaku Toshi Osaka (Japan) (Disc 1) (Method)	ss	57	lossless
Soukaigi (Japan) (Disc 1)	ss	57	lossless
Soukoban - Nanmon Shinan (Japan)	ss	57	lossless
Soukoban Basic (Japan)	ss	57	lossless
Soukoban Basic 2 (Japan)	ss	57	lossless
Soukou Kihei Votoms - Koutetsu no Gunzei (Japan)	ss	57	lossless
Soukou Kihei Votoms - Lightning Slash (Japan)	ss	57	lossless
Soukou Kihei Votoms - Woodo Kummen (Japan)	ss	57	lossless
Soukou Kihei Votoms Gaiden - Ao no Kishi Berserga Monogatari (Japan, Asia)	ss	57	lossless
Soukuu no Tsubasa - Gotha World (Japan) (Disc 1)	ss	57	lossless
Soul Blade (USA)	ss	57	lossless
Soul of the Samurai (USA)	ss	57	lossless
Soulmaster (Japan)	ss	57	lossless
Sound Novel Evolution 1 - Otogirisou - Sosei-hen (Japan)	ss	57	lossless
Sound Novel Evolution 2 - Kamaitachi no Yoru Tokubetsu-hen (Japan)	ss	57	lossless
Sound Novel Evolution 3 - Machi - Unmei no Kousaten (Japan) (Disc 1)	ss	57	lossless
Sound Novel Tkool 2 (Japan)	ss	57	lossless
Sound Qube (Japan)	ss	57	lossless
Souryuu (Japan)	ss	57	lossless
Souten no Shiroki Kami no Kura - Great Peak (Japan)	ss	57	lossless
South Park (USA)	ss	57	lossless
South Park - Chef's Luv Shack (USA)	ss	57	lossless
South Park Rally (USA)	ss	57	lossless
Southern All Stars - Space MOSA Space Museum of Southern Art (Japan) (Disc 1) (Museum)	ss	57	lossless
Soviet Strike (USA)	ss	57	lossless
Space Adventure Cobra - The Shooting (Japan)	ss	57	lossless
Space Debris (Europe)	ss	57	lossless
Space Griffon VF-9 (USA)	ss	57	lossless
Space Hulk - Vengeance of the Blood Angels (USA)	ss	57	lossless
Space Invaders (USA)	ss	57	lossless
Space Invaders 2000 (Japan)	ss	57	lossless
Space Jam (USA)	ss	57	lossless
Space Rider (Europe)	ss	57	lossless
Space Shot (USA)	ss	57	lossless
Sparrow Garden - Namco Mahjong (Japan)	ss	57	lossless
Spawn - The Eternal (USA)	ss	57	lossless
Spec Ops - Airborne Commando (USA)	ss	57	lossless
Spec Ops - Covert Assault (USA)	ss	57	lossless
Spec Ops - Ranger Elite (USA)	ss	57	lossless
Spec Ops - Stealth Patrol (USA)	ss	57	lossless
Spectral Blade (Japan)	ss	57	lossless
Spectral Force (Japan)	ss	57	lossless
Spectral Force - Itoshiki Jaaku (Japan)	ss	57	lossless
Spectral Force 2 (Japan)	ss	57	lossless
Spectral Tower (Japan)	ss	57	lossless
Spectral Tower II (Japan)	ss	57	lossless
Speed Machines (Europe)	ss	57	lossless
Speed Punks (USA)	ss	57	lossless
Speed Racer (USA)	ss	57	lossless
Speedball 2100 (USA)	ss	57	lossless
Spice World (USA)	ss	57	lossless
Spider - The Video Game (USA)	ss	57	lossless
Spider-Man (USA)	ss	57	lossless
Spider-Man 2 - Enter - Electro (USA)	ss	57	lossless
Spin Jam (USA)	ss	57	lossless
Sports Car GT (USA)	ss	57	lossless
Sports Superbike (Europe) (En,Fr,De,It)	ss	57	lossless
Sports Superbike 2 (USA)	ss	57	lossless
Spot Goes to Hollywood (USA)	ss	57	lossless
Spriggan - Lunar Verse (Japan)	ss	57	lossless
Spyro - Year of the Dragon (USA)	ss	57	lossless
Spyro 2 - Ripto's Rage! (USA)	ss	57	lossless
Spyro the Dragon (USA)	ss	57	lossless
St. Andrews Old Course - Eikou no St. Andrews (Japan)	ss	57	lossless
St. Luminous Jogakuin (Japan)	ss	57	lossless
Stahlfeder - Tekkou Hikuudan (Japan)	ss	57	lossless
Stakes Winner - G1 Kanzen Seiha e no Michi (Japan)	ss	57	lossless
Stakes Winner 2 - Saikyouba Densetsu (Japan)	ss	57	lossless
Standby Say You! (Japan)	ss	57	lossless
Star Bowling DX, The (Japan) (Disc 1)	ss	57	lossless
Star Fighter (USA)	ss	57	lossless
Star Gladiator - Episode I - Final Crusade (USA)	ss	57	lossless
Star Ixiom (Europe)	ss	57	lossless
Star Monja (Japan)	ss	57	lossless
Star Ocean - The Second Story & Hello Charlie!! (Japan) (Demo)	ss	57	lossless
Star Ocean - The Second Story (USA) (Disc 1)	ss	57	lossless
Star Sweep (USA)	ss	57	lossless
Star Trek - Invasion (USA)	ss	57	lossless
Star Wars - Dark Forces (USA)	ss	57	lossless
Star Wars - Demolition (USA)	ss	57	lossless
Star Wars - Episode I - Jedi Power Battles (USA)	ss	57	lossless
Star Wars - Episode I - The Phantom Menace (USA)	ss	57	lossless
Star Wars - Masters of Teras Kasi (USA)	ss	57	lossless
Star Wars - Rebel Assault II - The Hidden Empire (USA) (Disc 1)	ss	57	lossless
Starblade Alpha (USA)	ss	57	lossless
Starborders (Japan)	ss	57	lossless
Starfighter Sanvein (USA)	ss	57	lossless
Starlight Scramble - Ren'ai Kouhosei (Japan)	ss	57	lossless
Startling Adventures - Kuusou 3x Daibouken (Japan)	ss	57	lossless
Startling Odyssey 1 - Blue Evolution (Japan)	ss	57	lossless
Starwinder - The Ultimate Space Race (USA)	ss	57	lossless
Steel Harbinger (USA)	ss	57	lossless
Steel Reign (USA)	ss	57	lossless
Stock Car Racer (Europe)	ss	57	lossless
Stone Walkers (Japan)	ss	57	lossless
Straight Victory - Hoshino Kazuyoshi e no Chousen (Japan)	ss	57	lossless
Stray Sheep - The Adventure of Poe & Merry (Japan)	ss	57	lossless
Streak Hoverboard Racing (USA)	ss	57	lossless
Street Fighter - The Movie (USA)	ss	57	lossless
Street Fighter Alpha - Warriors' Dreams (USA)	ss	57	lossless
Street Fighter Alpha 2 (USA)	ss	57	lossless
Street Fighter Alpha 3 (USA)	ss	57	lossless
Street Fighter Collection (USA) (Disc 1)	ss	57	lossless
Street Fighter Collection 2 (USA)	ss	57	lossless
Street Fighter EX Plus Alpha (USA)	ss	57	lossless
Street Fighter EX2 Plus (USA)	ss	57	lossless
Street Fighter II Movie (Japan) (Disc 1)	ss	57	lossless
Street Fighter Zero 2' (Japan)	ss	57	lossless
Street Racer (USA)	ss	57	lossless
Street Racquetball (USA)	ss	57	lossless
Street Scooters (Europe) (En,Fr,De,Es,It)	ss	57	lossless
Street Sk8er (USA)	ss	57	lossless
Street Sk8er 2 (USA)	ss	57	lossless
Stressless Lesson - Les Les (Japan)	ss	57	lossless
Strider (USA)	ss	57	lossless
Strider 2 (USA)	ss	57	lossless
Strike Force Hydra (Europe)	ss	57	lossless
Strike Point (USA)	ss	57	lossless
Striker 96 (USA)	ss	57	lossless
Striker Pro 2000 (USA)	ss	57	lossless
Strikers 1945 (USA)	ss	57	lossless
Stuart Little 2 (USA)	ss	57	lossless
Studio P (Japan)	ss	57	lossless
Study Quest - Keisan-jima no Daibouken (Japan)	ss	57	lossless
Subete ga F ni Naru - The Perfect Insider (Japan)	ss	57	lossless
Submarine Commander (Europe)	ss	57	lossless
Suchie-Pai Adventure - Doki Doki Nightmare (Japan) (Disc 1)	ss	57	lossless
Suiko Enbu (Japan)	ss	57	lossless
Suikoden (USA)	ss	57	lossless
Suikoden - Tendou Hyaku Hachi-sei (Japan)	ss	57	lossless
Suikoden - Tenmei no Chikai (Japan)	ss	57	lossless
Suikoden II (USA)	ss	57	lossless
Suizokukan Project - Fish Hunter e no Michi (Japan)	ss	57	lossless
Summon Night (Japan)	ss	57	lossless
Summon Night 2 (Japan) (Disc 1)	ss	57	lossless
Suna no Embrace - Edin no Sato no Navel (Japan)	ss	57	lossless
Super Adventure Rockman (Japan) (Disc 1) (Episode 1 Tsuki no Shinden)	ss	57	lossless
Super Bass Fishing (Japan)	ss	57	lossless
Super Bubble Pop (USA)	ss	57	lossless
Super Dropzone - Intergalactic Rescue Mission (Europe)	ss	57	lossless
Super Football Champ (Europe)	ss	57	lossless
Super Gals! Kotobuki Ran Special - Ikemen Get You Gals Party (Japan)	ss	57	lossless
Super Hero Sakusen (Japan)	ss	57	lossless
Super Hero Sakusen - Diedal no Yabou (Japan)	ss	57	lossless
Super Lite Best Vol. 2 - Sanvein & Bomb Boat (Korea) (En,Ko)	ss	57	lossless
Super Live Stadium (Japan)	ss	57	lossless
Super Match Soccer (Europe) (En,Fr,De,Es,It)	ss	57	lossless
Super Price Series - Billiards (Japan)	ss	57	lossless
Super Price Series - Block & Switch (Japan)	ss	57	lossless
Super Price Series - Hanafuda (Japan)	ss	57	lossless
Super Price Series - Mahjong (Japan)	ss	57	lossless
Super Price Series - Paipai (Japan)	ss	57	lossless
Super Price Series - Reversi (Japan)	ss	57	lossless
Super Puzzle Fighter II Turbo (USA)	ss	57	lossless
Super Robot Shooting (Japan)	ss	57	lossless
Super Robot Taisen - Complete Box (Japan) (Disc 1) (Super Robot Wars Complete Box)	ss	57	lossless
Super Robot Taisen Alpha (Japan)	ss	57	lossless
Super Robot Taisen Alpha Gaiden (Japan)	ss	57	lossless
Super Robot Taisen EX (Japan)	ss	57	lossless
Super Robot Taisen F (Japan)	ss	57	lossless
Super Robot Taisen F - Kanketsu-hen (Japan)	ss	57	lossless
Super Shot Soccer (USA)	ss	57	lossless
Super Tokusatsu Taisen 2001 (Japan)	ss	57	lossless
SuperCross Circuit (USA)	ss	57	lossless
SuperLite 1500 Series - Angolmois 99 (Japan)	ss	57	lossless
SuperLite 1500 Series - Battle Qix (Japan)	ss	57	lossless
SuperLite 1500 Series - Bomboat (Japan)	ss	57	lossless
SuperLite 1500 Series - Card II (Japan)	ss	57	lossless
SuperLite 1500 Series - Chitty Chitty Chicken (Japan)	ss	57	lossless
SuperLite 1500 Series - Crazy Balloon 2000 (Japan)	ss	57	lossless
SuperLite 1500 Series - Crossword (Japan)	ss	57	lossless
SuperLite 1500 Series - Crossword 2 (Japan)	ss	57	lossless
SuperLite 1500 Series - Crossword 3 (Japan)	ss	57	lossless
SuperLite 1500 Series - Fishing Club - Boat no Tsuri-hen (Japan)	ss	57	lossless
SuperLite 1500 Series - Fishing Club - Bouhatei no Tsuri-hen (Japan)	ss	57	lossless
SuperLite 1500 Series - Fishing Club - Hama no Tsuri-hen (Japan)	ss	57	lossless
SuperLite 1500 Series - Hanafuda II (Japan)	ss	57	lossless
SuperLite 1500 Series - KeePer (Japan)	ss	57	lossless
SuperLite 1500 Series - Maerchen Adventure - Cotton 100% (Japan)	ss	57	lossless
SuperLite 1500 Series - Mahjong II (Japan)	ss	57	lossless
SuperLite 1500 Series - Makikou (Japan)	ss	57	lossless
SuperLite 1500 Series - Naniwa Wangan Battle (Japan)	ss	57	lossless
SuperLite 1500 Series - NumCro (Japan)	ss	57	lossless
SuperLite 1500 Series - NumCro 2 (Japan)	ss	57	lossless
SuperLite 1500 Series - NumCro 3 (Japan)	ss	57	lossless
SuperLite 1500 Series - NumCro 4 (Japan)	ss	57	lossless
SuperLite 1500 Series - Oekaki Puzzle (Japan)	ss	57	lossless
SuperLite 1500 Series - Oekaki Puzzle 2 (Japan)	ss	57	lossless
SuperLite 1500 Series - Oekaki Puzzle 3 (Japan)	ss	57	lossless
SuperLite 1500 Series - Oekaki Puzzle 4 (Japan)	ss	57	lossless
SuperLite 1500 Series - Oekaki Puzzle 5 (Japan)	ss	57	lossless
SuperLite 1500 Series - Pangaea (Japan)	ss	57	lossless
SuperLite 1500 Series - Qix 2000 (Japan)	ss	57	lossless
SuperLite 1500 Series - Quiz Master - Blue (Japan)	ss	57	lossless
SuperLite 1500 Series - Quiz Master - Red (Japan)	ss	57	lossless
SuperLite 1500 Series - Quiz Master - Yellow (Japan)	ss	57	lossless
SuperLite 1500 Series - Reversi II (Japan)	ss	57	lossless
SuperLite 1500 Series - Seiyou Senseijutsu - Mark Yazaki Kanshuu (Japan)	lr-snaps	57	lossless
SuperLite 1500 Series - Shanghai - Dynasty (Japan)	ss	57	lossless
SuperLite 1500 Series - Shichuu Suimei - Mark Yazaki Kanshuu (Japan)	ss	57	lossless
SuperLite 1500 Series - Shinsei Toilet no Hanako-san (Japan)	ss	57	lossless
SuperLite 1500 Series - Shougi II (Japan)	ss	57	lossless
SuperLite 1500 Series - Slither Link (Japan)	ss	57	lossless
SuperLite 1500 Series - Space Chaser 2000 (Japan)	ss	57	lossless
SuperLite 1500 Series - Suudoku (Japan)	ss	57	lossless
SuperLite 1500 Series - Suudoku 2 (Japan)	ss	57	lossless
SuperLite 1500 Series - Suudoku 3 (Japan)	ss	57	lossless
SuperLite 1500 Series - Suudoku 4 (Japan)	ss	57	lossless
SuperLite 1500 Series - Suudoku 5 (Japan)	ss	57	lossless
SuperLite 1500 Series - The Curling (Japan)	ss	57	lossless
SuperLite 1500 Series - The Game Maker (Japan)	ss	57	lossless
SuperLite 1500 Series - The Tetris (Japan)	ss	57	lossless
SuperLite 3in1 Series - Arcade Classic-shuu (Japan)	ss	57	lossless
SuperLite 3in1 Series - Board Game-shuu (Japan)	ss	57	lossless
SuperLite 3in1 Series - Card Game-shuu (Japan)	ss	57	lossless
SuperLite 3in1 Series - Crossword-shuu (Japan)	lr-snaps	57	lossless
SuperLite 3in1 Series - NumCro-shuu (Japan)	ss	57	lossless
SuperLite 3in1 Series - Oekaki Puzzle-shuu (Japan)	ss	57	lossless
SuperLite 3in1 Series - Quiz-shuu (Japan)	ss	57	lossless
SuperLite 3in1 Series - Suudoku-shuu (Japan)	lr-snaps	57	lossless
SuperLite 3in1 Series - Tsuri-shuu (Japan)	lr-snaps	57	lossless
SuperLite Gold Series - Minna no Igo (Japan)	ss	57	lossless
SuperLite Gold Series - Minna no Mahjong (Japan)	ss	57	lossless
SuperLite Gold Series - Minna no Othello (Japan)	ss	57	lossless
SuperLite Gold Series - Minna no Shougi - Chuukyuu-hen (Japan)	lr-snaps	57	lossless
SuperLite Gold Series - Minna no Shougi - Joukyuu-hen (Japan)	ss	57	lossless
SuperLite Gold Series - Minna no Shougi - Shokyuu-hen (Japan)	ss	57	lossless
SuperLite Gold Series - Otenami Haiken (Japan)	ss	57	lossless
Superbike Masters (Europe)	ss	57	lossless
Superman (USA) (Proto) (1999-10-29)	ss	57	lossless
Superstar Dance Club - 1 Hits!!! (USA)	ss	57	lossless
Surf Riders (USA)	ss	57	lossless
Susume! Kaizoku - Be Pirates! (Japan)	ss	57	lossless
Susume! Taisen Puzzle-dama (Japan)	ss	57	lossless
Suzu Monogatari (Japan)	ss	57	lossless
Suzuki Bakuhatsu (Japan)	ss	57	lossless
Sven-Goeran Eriksson's World Challenge (Europe)	ss	57	lossless
Sven-Goeran Eriksson's World Manager (Europe)	ss	57	lossless
Swagman (USA)	ss	57	lossless
Sword of Camelot, The (Europe) (En,Fr,De,Nl)	ss	57	lossless
Sydney 2000 (USA)	ss	57	lossless
Syndicate Wars (USA)	ss	57	lossless
Syphon Filter (USA)	ss	57	lossless
Syphon Filter 2 (USA) (Disc 1)	ss	57	lossless
Syphon Filter 3 (USA)	ss	57	lossless
T kara Hajimaru Monogatari (Japan)	ss	57	lossless
T'ai Fu - Wrath of the Tiger (USA)	ss	57	lossless
T.R.A.G. - Mission of Mercy (USA)	ss	57	lossless
TFX - Tactical Fighter eXperiment (Japan)	ss	57	lossless
TIZ - Tokyo Insect Zoo (Japan)	ss	57	lossless
TNN Motor Sports HardCore 4X4 (USA)	ss	57	lossless
TNN Motorsports HardCore TR (USA)	ss	57	lossless
TOCA 2 - Touring Car Challenge (USA) (En,Fr,Es)	ss	57	lossless
TOCA Championship Racing (USA) (En,Es)	ss	57	lossless
TRL - The Rail Loaders (Japan)	ss	57	lossless
TV Animation X - Unmei no Sentaku (Japan)	ss	57	lossless
Tactical Armor Custom Gasaraki (Japan)	ss	57	lossless
Tactics Ogre (USA)	ss	57	lossless
Tadaima Wakusei Kaitaku-chuu! (Japan)	ss	57	lossless
Taiho Shichau zo - You're Under Arrest (Japan) (Disc 1)	ss	57	lossless
Taiketsu Rumiizu! Meruhen Land (Japan)	ss	57	lossless
Taikou Risshiden II (Japan)	ss	57	lossless
Taikou Risshiden III (Japan)	ss	57	lossless
Taikyoku Igo - Heisei Kiin (Japan)	ss	57	lossless
Taikyoku Igo - Shinzui Gosennin (Japan)	lr-snaps	57	lossless
Taikyoku Igo - Shinzui Gosennin - Nigou (Japan)	ss	57	lossless
Taikyoku Shougi - Kiwame (Japan)	ss	57	lossless
Tail Concerto (USA)	ss	57	lossless
Tail of the Sun (USA)	ss	57	lossless
Taisen Ren'ai Simulation - Trifers Mahou Gakuen (Japan)	ss	57	lossless
Taiyo no Otsuge (Japan)	ss	57	lossless
Taklamakan - Tonkou Denki (Japan)	ss	57	lossless
Tales of Destiny (USA)	ss	57	lossless
Tales of Destiny II (USA) (Disc 1)	ss	57	lossless
Tales of Fandom Vol. 1 - Mint Version (Japan)	ss	57	lossless
Tales of Phantasia (Japan)	ss	57	lossless
Tall - Infinity (USA)	ss	57	lossless
Tall - Twins Tower (Japan)	ss	57	lossless
Tama - Adventurous Ball in Giddy Labyrinth (Japan)	ss	57	lossless
Tamago de Puzzle (Japan)	ss	57	lossless
Tanaka Torahiko no Ultra-ryuu Shougi - Ibisha Anaguma-hen (Japan)	ss	57	lossless
Tank Racer (Europe) (En,Fr,De,Es,It)	ss	57	lossless
Tanoshii Mahjong (Japan)	ss	57	lossless
Tantei Jinguuji Saburou - Early Collection (Japan)	ss	57	lossless
Tantei Jinguuji Saburou - Mikan no Report (Japan)	ss	57	lossless
Tantei Jinguuji Saburou - Tomoshibi ga Kienu Ma ni (Japan)	ss	57	lossless
Tantei Jinguuji Saburou - Yume no Owari ni (Japan)	ss	57	lossless
Taregoro - Tarepanda no Iru Nichijou (Japan)	ss	57	lossless
Tasogare no Ode (Japan)	ss	57	lossless
Tatsunoko Fight (Japan)	ss	57	lossless
Taxi 2 (France) (En,Fr)	ss	57	lossless
Team Buddies (USA)	ss	57	lossless
Team Losi RC Racer (USA)	ss	57	lossless
Techno BB (Japan)	ss	57	lossless
TechnoMage - Return of Eternity (Europe)	ss	57	lossless
Tecmo Stackers (USA)	ss	57	lossless
Tecmo Super Bowl (USA)	ss	57	lossless
Tecmo World Golf - Japan (USA)	ss	57	lossless
Tecmo's Deception - Invitation to Darkness (USA)	ss	57	lossless
Teitoku no Ketsudan II (Japan)	ss	57	lossless
Teitoku no Ketsudan III (Japan)	ss	57	lossless
Tekken (USA)	ss	57	lossless
Tekken 2 (USA)	ss	57	lossless
Tekken 3 (USA)	ss	57	lossless
Tempest X3 (USA)	ss	57	lossless
Ten Pin Alley (USA)	ss	57	lossless
Ten made Jack - Odoroki Mamenoki Daitoubou!! (Japan)	ss	57	lossless
Tenant Wars (Japan)	ss	57	lossless
Tenchi Muyou! Toukou Muyou (Japan) (Disc 1)	ss	57	lossless
Tenchi o Kurau II - Sekiheki no Tatakai (Japan)	ss	57	lossless
Tenchu - Stealth Assassins (USA)	ss	57	lossless
Tenchu 2 - Birth of the Stealth Assassins (USA)	ss	57	lossless
Tenga Seiha (Japan)	ss	57	lossless
Tenka Touitsu (Japan)	ss	57	lossless
Tenkuu no Escaflowne (Japan)	ss	57	lossless
Tenkuu no Restaurant (Japan)	ss	57	lossless
Tenkuu no Restaurant - Hello! Project Ver. (Japan)	ss	57	lossless
Tennis (USA)	lr-snaps	57	lossless
Tennis Arena (USA)	ss	57	lossless
Tennis no Oujisama (Japan)	ss	57	lossless
Tennis no Oujisama - Sweat & Tears (Japan)	ss	57	lossless
Tensen Nyannyan Gekijouban (Japan)	ss	57	lossless
Tenshi Doumei (Japan)	ss	57	lossless
Tenshi na Konamaiki (Japan)	ss	57	lossless
Tentama (Japan)	ss	57	lossless
Terracon (Europe) (En,Fr,De,Es,It)	ss	57	lossless
Terry Pratchett's Discworld (USA)	ss	57	lossless
Test Drive 4 (USA)	ss	57	lossless
Test Drive 4x4 (Europe) (En,Fr,De)	ss	57	lossless
Test Drive 5 (USA)	ss	57	lossless
Test Drive 6 (USA)	ss	57	lossless
Test Drive Le Mans (USA) (En,Fr,Es)	ss	57	lossless
Test Drive Off-Road (USA)	ss	57	lossless
Test Drive Off-Road 2 (USA)	ss	57	lossless
Test Drive Off-Road 3 (USA)	ss	57	lossless
Tetris Plus (USA)	ss	57	lossless
Tetris X (Japan)	ss	57	lossless
Tetris with Cardcaptor Sakura - Eternal Heart (Japan)	ss	57	lossless
Tetsudou-ou '96 - Iku ze Okuman Chouja!! (Japan)	ss	57	lossless
Tetsudou-ou 2 - Sekai Seifuku no Yabou!! (Japan)	ss	57	lossless
Tetsuya Komuro - Gaball Screen (Japan)	ss	57	lossless
Tettei Kaiseki - Hisshou Pachi-Slot Doujou - Yamasa & Pioneer (Japan)	ss	57	lossless
That's QT (Japan)	ss	57	lossless
Theme Aquarium (Japan)	ss	57	lossless
Theme Hospital (USA)	ss	57	lossless
Theme Park (USA)	ss	57	lossless
This Is Football (Europe)	ss	57	lossless
This Is Football 2 (Europe)	ss	57	lossless
Thoroughbred Breeder - Sekai Seiha-hen (Japan)	ss	57	lossless
Thoroughbred Breeder II Plus (Japan)	ss	57	lossless
Thoroughbred-tachi no Eikan - The Victorious Thoroughbreds (Japan)	ss	57	lossless
Thousand Arms (USA) (Disc 1)	ss	57	lossless
Thrasher - Skate and Destroy (USA)	ss	57	lossless
Threads of Fate (USA, Canada)	ss	57	lossless
Three Stooges, The (USA)	ss	57	lossless
Thrill Kill (USA) (Proto) (1998-08-10)	ss	57	lossless
Thunder Force V - Perfect System (USA)	ss	57	lossless
Thunder Storm & Road Blaster (Japan) (Disc 1) (Thunder Storm)	ss	57	lossless
Thunder Truck Rally (USA)	ss	57	lossless
Thunderstrike 2 (USA)	ss	57	lossless
Tiger Woods 99 PGA Tour Golf (USA)	ss	57	lossless
Tiger Woods PGA Tour 2000 (USA)	ss	57	lossless
Tiger Woods PGA Tour Golf (USA)	ss	57	lossless
Tigershark (USA)	ss	57	lossless
Tilk - Aoi Umi kara Kita Shoujo (Japan)	ss	57	lossless
Tilt! (Europe) (En,Fr,De)	ss	57	lossless
Time Bokan Series - Bokan GoGoGo (Japan)	ss	57	lossless
Time Bokan Series - Bokan desu yo (Japan)	ss	57	lossless
Time Bokan Series - Bokan to Ippatsu! Doronbow (Japan)	ss	57	lossless
Time Commando (USA)	ss	57	lossless
Time Crisis (USA)	ss	57	lossless
Time Crisis - Project Titan (USA)	ss	57	lossless
Time Gal & Ninja Hayate (Japan) (En,Ja) (Disc 1) (Time Gal)	ss	57	lossless
Tintin - Destination Adventure (Europe) (En,Fr,De,Es,It,Nl,Pt)	ss	57	lossless
Tiny Bullets (Japan)	ss	57	lossless
Tiny Tank (USA)	ss	57	lossless
Tiny Toon Adventures - Plucky's Big Adventure (USA)	ss	57	lossless
Tiny Toon Adventures - The Great Beanstalk (USA)	ss	57	lossless
Tiny Toon Adventures - Toonenstein - Dare to Scare! (USA)	ss	57	lossless
Titan Wars (Europe)	ss	57	lossless
ToHeart (Japan) (Disc 1)	ss	57	lossless
ToPoLo (Japan)	ss	57	lossless
Toaplan Shooting Battle 1 (Japan)	ss	57	lossless
Tobaku Mokushiroku Kaiji (Japan)	ss	57	lossless
Tobal 2 (Japan, Asia)	ss	57	lossless
Tobal No. 1 (USA)	ss	57	lossless
Todd McFarlane's Spawn - The Ultimate (Japan)	ss	57	lossless
Tokimeki Memorial - Forever with You (Japan) (PlayStation the Best)	ss	57	lossless
Tokimeki Memorial - Taisen Tokkaedama (Japan)	ss	57	lossless
Tokimeki Memorial 2 (Japan, Asia) (Disc 1)	ss	57	lossless
Tokimeki Memorial 2 Substories - Dancing Summer Vacation (Japan) (Disc 1)	ss	57	lossless
Tokimeki Memorial 2 Substories - Leaping School Festival (Japan) (Disc 1)	ss	57	lossless
Tokimeki Memorial 2 Substories - Memories Ringing On (Japan) (Disc 1)	ss	57	lossless
Tokimeki Memorial Drama Series Vol. 1 - Nijiiro no Seishun (Japan)	ss	57	lossless
Tokimeki Memorial Drama Series Vol. 2 - Irodori no Love Song (Japan) (Disc 1)	ss	57	lossless
Tokimeki Memorial Drama Series Vol. 3 - Tabidachi no Uta (Japan) (Disc 1)	ss	57	lossless
Tokimeki Memorial Selection - Fujisaki Shiori (Japan)	ss	57	lossless
Tokimeki Memorial Taisen Puzzledama (Japan)	ss	57	lossless
Tokimeki no Houkago - Ne Quiz Shiyo (Japan, Asia)	ss	57	lossless
Toko Toko Trouble - Chikyuu Itadaki! (Japan)	ss	57	lossless
Tokoro-san no Daifugou (Japan)	ss	57	lossless
Tokyo 23-ku Seifuku Wars (Japan)	ss	57	lossless
Tokyo Dungeon (Japan)	ss	57	lossless
Tokyo Game Show '99 Spring Special Version - Tomy Paradise Taikenban (Japan)	ss	57	lossless
Tokyo Highway Battle (USA)	ss	57	lossless
Tokyo Majin Gakuen - Gehouchou (Japan) (Disc 1) (You)	ss	57	lossless
Tokyo Majin Gakuen - Kenpuuchou (Japan) (Disc 1) (You)	ss	57	lossless
Tokyo Majin Gakuen - Oboro Kitan (Japan)	ss	57	lossless
Tokyo Mew Mew - Toujou Shin Mew Mew! Minna Issho ni Gohoushi Suru Nyan (Japan)	ss	57	lossless
Tokyo Shadow (Japan) (Disc 1)	ss	57	lossless
Tokyo Wakusei Planetokio (Japan) (Disc 1)	ss	57	lossless
Tom Clancy's Rainbow Six (USA)	ss	57	lossless
Tom Clancy's Rainbow Six - Lone Wolf (USA)	ss	57	lossless
Tom Clancy's Rainbow Six - Rogue Spear (USA)	ss	57	lossless
Tom and Jerry in House Trap (USA)	ss	57	lossless
Tomb Raider (USA)	ss	57	lossless
Tomb Raider - The Last Revelation (USA)	ss	57	lossless
Tomb Raider Chronicles (USA)	ss	57	lossless
Tomb Raider II - Starring Lara Croft (USA)	ss	57	lossless
Tomb Raider III - Adventures of Lara Croft (USA)	ss	57	lossless
Tomba! (USA)	ss	57	lossless
Tomba! 2 - The Evil Swine Return (USA)	ss	57	lossless
Tomica Town o Tsukurou! (Japan)	ss	57	lossless
Tommi Maekinen Rally (Europe) (En,Fr,De,Es,Fi)	ss	57	lossless
Tomoyasu Hotei - Stolen Song (Japan) (Disc 1)	ss	57	lossless
Tonde! Tonde! Diet - Stepper Action Game (Japan)	ss	57	lossless
Tonka Space Station (USA)	ss	57	lossless
Tony Hawk's Pro Skater (USA)	lr-snaps	57	lossless
Tony Hawk's Pro Skater 2 (USA)	ss	57	lossless
Tony Hawk's Pro Skater 3 (USA)	ss	57	lossless
Tony Hawk's Pro Skater 4 (USA)	ss	57	lossless
Tony Hawk's Skateboarding (Europe)	lr-snaps	57	lossless
Tonzura-kun (Japan)	ss	57	lossless
Top Gun - Fire at Will! (USA)	ss	57	lossless
Top Shop (USA)	ss	57	lossless
Tora! Tora! Tora! (Japan)	ss	57	lossless
Toshinden 4 (Europe)	ss	57	lossless
Total Eclipse Turbo (USA)	ss	57	lossless
Touge Max 2 (Japan)	ss	57	lossless
Touge Max G (Japan)	ss	57	lossless
Touhaiden Akagi (Japan)	ss	57	lossless
Touhou Chinyuuki - Halfling Hearts (Japan)	ss	57	lossless
Touki Denshou - Angel Eyes (Japan)	ss	57	lossless
Tour Party - Sotsugyou Ryokou ni Ikou (Japan)	ss	57	lossless
Toushinden - Card Quest (Japan)	ss	57	lossless
Tower Dream 2 (Japan)	ss	57	lossless
Tower, The - Bonus Edition (Japan)	ss	57	lossless
Toyomaru Club Vol. 1 - CR Nanasy (Japan)	ss	57	lossless
Toyota Netz Racing (Japan)	ss	57	lossless
Toys (Europe) (En,Fr,De)	ss	57	lossless
Toys Dream (Japan)	ss	57	lossless
Transformers - Beast Wars Transmetals (USA)	ss	57	lossless
Transport Tycoon (Europe) (En,Fr,De,Es,It)	ss	57	lossless
Trap Gunner (USA)	ss	57	lossless
Trash It (Europe) (En,Fr,De,Es,It)	ss	57	lossless
Treasure Gear (Japan)	ss	57	lossless
Treasures of the Deep (USA)	ss	57	lossless
Trick'n Snowboarder (USA)	ss	57	lossless
Trickshot (Europe)	ss	57	lossless
Triple Play 2000 (USA)	ss	57	lossless
Triple Play 2001 (USA)	ss	57	lossless
Triple Play 97 (USA)	ss	57	lossless
Triple Play 98 (USA)	ss	57	lossless
Triple Play 99 (USA) (En,Es)	ss	57	lossless
Triple Play Baseball (USA)	ss	57	lossless
Tripuzz (Japan)	ss	57	lossless
Truck Racing (Europe)	ss	57	lossless
Truck Rally (Europe)	ss	57	lossless
True Love Story (Japan)	ss	57	lossless
True Love Story - Remember My Heart (Japan)	ss	57	lossless
True Love Story 2 (Japan) (Disc 1)	ss	57	lossless
True Love Story Fan Disc (Japan)	ss	57	lossless
True Pinball (USA)	ss	57	lossless
Tsumu (Japan)	ss	57	lossless
Tsumu Light (Japan)	ss	57	lossless
TsunTsun-gumi - Suuji de PuniPuni (Japan)	ss	57	lossless
TsunTsun-gumi 2 - MojiMoji Pakkun (Japan)	ss	57	lossless
TsunTsun-gumi 3 - Kanji Vader (Japan)	ss	57	lossless
Tsuri Baka Nisshi (Japan)	ss	57	lossless
Tsuridou - Keiryuu Mizuumi-hen (Japan)	ss	57	lossless
Tsuridou - Umizuri-hen (Japan)	ss	57	lossless
Tsuukai!! Slot Shooting (Japan)	ss	57	lossless
Tunguska - Legend of Faith (Europe) (En,Fr,De,Es,It)	ss	57	lossless
Tunnel B1 (USA)	ss	57	lossless
Turbo Prop Racing (USA)	ss	57	lossless
Turf Wind '96 - Take Yutaka Kyousouba Ikusei Game (Japan)	ss	57	lossless
Turnabout (USA)	ss	57	lossless
Tweenies - Game Time (Europe)	ss	57	lossless
Twilight Syndrome - Kyuumei-hen (Japan)	ss	57	lossless
Twilight Syndrome - Saikai (Japan)	ss	57	lossless
Twilight Syndrome - Tansaku-hen (Japan)	ss	57	lossless
Twin Goddesses (Japan)	ss	57	lossless
TwinBee RPG (Japan, Asia)	ss	57	lossless
TwinBee Taisen Puzzle-dama (Japan)	ss	57	lossless
Twins Story - Kimi ni Tsutaetakute... (Japan)	ss	57	lossless
Twisted Metal (USA)	ss	57	lossless
Twisted Metal - Small Brawl (USA)	ss	57	lossless
Twisted Metal 2 (USA)	ss	57	lossless
Twisted Metal 4 (USA, Canada)	ss	57	lossless
Twisted Metal III (USA)	ss	57	lossless
Two-Ten Kaku (Japan)	ss	57	lossless
Tyco R-C - Assault with a Battery (USA)	ss	57	lossless
U.P.P. (Japan)	ss	57	lossless
U.S. Navy Fighters (Japan)	ss	57	lossless
UEFA Challenge (Europe) (En,Fr,De,Nl)	ss	57	lossless
UEFA Champions League - Season 1998-99 (Europe)	ss	57	lossless
UEFA Champions League - Season 1999-2000 (Europe)	ss	57	lossless
UEFA Champions League - Season 2000-2001 (Europe)	ss	57	lossless
UEFA Euro 2000 (Europe)	ss	57	lossless
UFO - A Day in the Life (Japan)	ss	57	lossless
US Racer (Europe) (En,Fr,De,Nl)	ss	57	lossless
Ubik (Europe) (En,Fr,De)	ss	57	lossless
Uchi ni Pochi ga Yattekita in my Pocket (Japan)	ss	57	lossless
Uchuu Goushouden - Bakuretsu Akindo (Japan)	ss	57	lossless
Uchuu Seibutsu Flopon-kun P! (Japan)	ss	57	lossless
Uchuu Senkan Yamato - Eiyuu no Kiseki (Japan)	ss	57	lossless
Uchuu Senkan Yamato - Haruka naru Hoshi Iscandar (Japan)	ss	57	lossless
Uchuu no Rendezvous - Rama (Japan) (Disc 1)	ss	57	lossless
Ugetsu Kitan (Japan)	ss	57	lossless
Uki Uki Tsuri Tengoku - Gyoshin Densetsu o Oe (Japan)	ss	57	lossless
Uki Uki Tsuri Tengoku - Kawa Monogatari (Japan)	ss	57	lossless
Uki Uki Tsuri Tengoku - Ningyo Densetsu no Nazo (Japan)	ss	57	lossless
Ultima Underworld - The Stygian Abyss (Japan)	ss	57	lossless
Ultimate 8 Ball (USA)	ss	57	lossless
Ultimate Brain Games (USA)	ss	57	lossless
Ultimate Fighting Championship (USA)	ss	57	lossless
Ultraman - Fighting Evolution (Japan)	ss	57	lossless
Ultraman Tiga & Ultraman Dyna - Arata naru Futatsu no Hikari (Japan)	ss	57	lossless
Ultraman Zearth (Japan)	ss	57	lossless
Um Jammer Lammy (USA)	ss	57	lossless
Umapoly (Japan)	ss	57	lossless
Umezawa Yukari no Taikyoku Igo - Heisei Kiin II (Japan)	ss	57	lossless
Umi no Nushi-tsuri - Takarajima ni Mukatte (Japan)	ss	57	lossless
Umi no Oh! Yah! (Japan)	ss	57	lossless
Umihara Kawase Shun (Japan)	ss	57	lossless
Umihara Kawase Shun - Second Edition (Japan)	ss	57	lossless
UnGro Walker (Japan)	ss	57	lossless
Undou Busoku Kaishou! Punch de Diet (Japan)	ss	57	lossless
Unholy War, The (USA)	ss	57	lossless
Universal Nuts (Japan)	ss	57	lossless
Universal Virtua Pachi-Slot - Hisshou Kouryakuhou (Japan)	ss	57	lossless
Universal-ki Kanzen Kaiseki - Pachi-Slot Simulator (Japan)	ss	57	lossless
Uno (Japan)	ss	57	lossless
Unsolved, The - Hyper Science Adventure (Japan) (Disc 1)	ss	57	lossless
Unstack (Japan)	ss	57	lossless
Uprising X (USA)	ss	57	lossless
Uranai 2, The - Mainichi no Tarot Uranai (Japan)	ss	57	lossless
Uranai 3, The - Mainichi no Houi Uranai (Japan)	ss	57	lossless
Uranai 4, The - Harapeko Kuma no Kaiun Kabbalah Uranai (Japan)	ss	57	lossless
Uranai 5, The - Shinpi no Rune Uranai (Japan)	ss	57	lossless
Uranai 6, The - Suisei-san no Tottemo Kyuusei Senseijutsu (Japan)	ss	57	lossless
Uranai, The - Ren'ai Seiza Uranai (Japan)	ss	57	lossless
Urawaza Mahjong - Korette Tenwatte Yatsukai (Japan)	ss	57	lossless
Urban Chaos (USA)	ss	57	lossless
Utauta Woo - Seirei-Songs (Japan)	ss	57	lossless
Utchan Nanchan no Honoo no Challenger - Denryuu Iraira-bou Returns (Japan, Asia)	ss	57	lossless
V-Ball - Beach Volley Heroes (Europe)	ss	57	lossless
V-Tennis (USA)	ss	57	lossless
V-Tennis 2 (Japan)	ss	57	lossless
V.I.P. (USA)	ss	57	lossless
V2000 (Europe) (En,Fr,De,Es,It)	ss	57	lossless
VMX Racing (USA)	ss	57	lossless
VR Baseball '97 (USA)	ss	57	lossless
VR Baseball 99 (USA)	ss	57	lossless
VR Golf '97 (USA) (En,Fr)	ss	57	lossless
VR Soccer '96 (USA, Canada)	ss	57	lossless
VR Sports Powerboat Racing (USA)	ss	57	lossless
Vadims (Japan)	ss	57	lossless
Vagrant Story (USA)	ss	57	lossless
Valkyrie Profile (USA) (Disc 1)	ss	57	lossless
Value 1500 - The Shanghai (Japan)	ss	57	lossless
Value 1500 - The Shikinjou (Japan)	ss	57	lossless
Vampir - Kyuuketsuki Densetsu (Japan)	ss	57	lossless
Vampire Hunter D (USA)	ss	57	lossless
Vanark (USA)	ss	57	lossless
Vandal Hearts (USA)	ss	57	lossless
Vandal Hearts II (USA)	ss	57	lossless
Vanguard Bandits (USA)	ss	57	lossless
Vanishing Point (USA)	ss	57	lossless
Vegas Casino (Europe)	ss	57	lossless
Vegas Games 2000 (USA)	ss	57	lossless
Vehicle Cavalier (Japan)	ss	57	lossless
Velldeselba Senki - Tsubasa no Kunshou (Japan)	ss	57	lossless
Vermin Kids (Japan)	ss	57	lossless
Versailles - A Game of Intrigue (Europe)	ss	57	lossless
Vib-Ribbon (Europe) (En,Fr,De,Es,It)	ss	57	lossless
Victory Boxing Challenger (Europe) (En,Fr,De,Es)	ss	57	lossless
Victory Boxing Champion Edition (Europe)	ss	57	lossless
Victory Spike (Japan)	ss	57	lossless
Victory Zone (Japan)	ss	57	lossless
Victory Zone 2 (Japan)	ss	57	lossless
Viewpoint (USA)	ss	57	lossless
Vigilante 8 (USA)	ss	57	lossless
Vigilante 8 - 2nd Offense (USA)	ss	57	lossless
Viper (Europe) (En,Fr,De,Es,It)	ss	57	lossless
Virtua Pachi-Slot - Olympia Special (Japan)	ss	57	lossless
Virtua Pachi-Slot 7 - Kita Denshi, Olympia (Japan)	ss	57	lossless
Virtua Pachi-Slot EX (Japan)	ss	57	lossless
Virtua Pachi-Slot V - Yamasa, Kita Denshi, Olympia (Japan)	ss	57	lossless
Virtua Pachi-Slot VI (Japan)	ss	57	lossless
Virtual Gallop - Kishudou (Japan)	ss	57	lossless
Virtual Golf (Europe) (En,Fr,De)	ss	57	lossless
Virtual Hiryuu no Ken (Japan)	ss	57	lossless
Virtual Kasparov (USA) (En,Fr,Es)	ss	57	lossless
Virtual Kyoutei '98 (Japan)	ss	57	lossless
Virtual Kyoutei '99 (Japan)	ss	57	lossless
Virtual Kyoutei 2000 (Japan)	ss	57	lossless
Virtual Kyoutei 21 (Japan)	ss	57	lossless
Virtual Pool (USA)	ss	57	lossless
Virtual Pool 3 (USA)	ss	57	lossless
Virtual Pro Wrestling (Japan)	ss	57	lossless
Virus - It Is Aware (Europe) (En,Fr,De,Es,It)	ss	57	lossless
Virus - The Battle Field (Japan)	ss	57	lossless
Visiteurs, Les - La Relique de Sainte Rolande (France)	ss	57	lossless
Viva Soccer (USA) (En,Fr,De,Es,It,Pt)	ss	57	lossless
Voice Fantasia - Ushinawareta Voice Power (Japan)	ss	57	lossless
Voice Idol Collection - Pool Bar Story (Japan) (Disc 1)	ss	57	lossless
Voice Paradice Excella (Japan) (Disc 1)	ss	57	lossless
Volfoss (Japan)	ss	57	lossless
Vs. (USA)	ss	57	lossless
WCW Backstage Assault (USA)	ss	57	lossless
WCW Mayhem (USA)	ss	57	lossless
WCW Nitro (USA)	ss	57	lossless
WCW vs. the World (USA)	ss	57	lossless
WCW-nWo Thunder (USA)	ss	57	lossless
WRC - FIA World Rally Championship Arcade (Europe) (En,Fr,De,Es,It,Nl,Pt,Sv,No,Da,Fi)	ss	57	lossless
WWF Attitude (USA)	ss	57	lossless
WWF In Your House (USA)	ss	57	lossless
WWF SmackDown! (USA)	ss	57	lossless
WWF SmackDown! 2 - Know Your Role (USA)	ss	57	lossless
WWF War Zone (USA)	ss	57	lossless
WWF WrestleMania - The Arcade Game (USA)	ss	57	lossless
Wacky Races (Europe) (En,Fr,De,Es,It,Nl)	ss	57	lossless
Wagamama Fairy Mirumo de Pon! Mirumo no Mahou Gakkou Monogatari (Japan)	ss	57	lossless
Wai Wai 3-nin Uchi Mahjong (Japan)	ss	57	lossless
Wai Wai Jansou (Japan)	ss	57	lossless
Wai Wai Trump Taisen (Japan)	ss	57	lossless
Waku Puyo Dungeon - Ketteiban (Japan)	ss	57	lossless
Waku Waku Bowling (Japan)	ss	57	lossless
Waku Waku Derby (Japan)	ss	57	lossless
Waku Waku Volley (Japan)	ss	57	lossless
Wakusei Koukitai - Little Cats (Japan)	ss	57	lossless
Walt Disney World Quest - Magical Racing Tour (USA)	ss	57	lossless
Walt Disney's The Jungle Book - Rhythm n' Groove (USA)	ss	57	lossless
Wander Vehicles - Doggy Bone Daisakusen (Japan)	ss	57	lossless
Wangan Trial (Japan) (Disc 1)	ss	57	lossless
Wanted (Europe)	ss	57	lossless
War Gods (USA)	ss	57	lossless
WarCraft II - The Dark Saga (USA) (En,Fr,De,Es,It)	ss	57	lossless
WarGames - Defcon 1 (USA)	ss	57	lossless
Warera Mitsurin Tankentai!! (Japan)	ss	57	lossless
Wares 1092 - Souheiden (Japan)	ss	57	lossless
Warhammer - Dark Omen (USA)	ss	57	lossless
Warhammer - Shadow of the Horned Rat (USA)	ss	57	lossless
Warhawk - The Red Mercury Missions (USA)	ss	57	lossless
Warm Up! (Europe) (En,Fr,De,Es,It,Pt)	ss	57	lossless
Warpath - Jurassic Park (USA)	ss	57	lossless
Warriors of Might and Magic (USA)	ss	57	lossless
Warzone 2100 (USA)	ss	57	lossless
Water Summer (Japan)	ss	57	lossless
Wayne Gretzky's 3D Hockey '98 (USA)	ss	57	lossless
Weakest Link, The (USA)	ss	57	lossless
Wedding Peach - Doki Doki Oironaoshi (Japan)	ss	57	lossless
Welcome House (Japan)	ss	57	lossless
Welcome House 2 - Keaton and His Uncle (Japan)	ss	57	lossless
Weltorv Estleia (Japan)	ss	57	lossless
Westlife - Fan-O-Mania (Europe)	ss	57	lossless
Wheel of Fortune (USA)	ss	57	lossless
Wheel of Fortune - 2nd Edition (USA)	ss	57	lossless
Whistle - Fuki Nukeru Kaze (Japan)	ss	57	lossless
White Diamond (Japan)	ss	57	lossless
Whizz (Europe)	ss	57	lossless
Who Wants to Be a Millionaire (Europe)	ss	57	lossless
Who Wants to Be a Millionaire - 2nd Edition (USA)	ss	57	lossless
Who Wants to Be a Millionaire - 3rd Edition (USA)	ss	57	lossless
Who Wants to Be a Millionaire - Junior (Europe)	ss	57	lossless
Wild 9 (USA)	ss	57	lossless
Wild Arms (USA)	ss	57	lossless
Wild Arms 2 (USA) (Disc 1)	ss	57	lossless
Wild Boater (Japan)	ss	57	lossless
Wild Rapids (Europe)	ss	57	lossless
Wild Thornberrys, The - Animal Adventures (USA)	ss	57	lossless
Williams Arcade's Greatest Hits (USA)	ss	57	lossless
Windsurfers Paradise (Europe) (En,Fr,De)	ss	57	lossless
Wing Commander III - Heart of the Tiger (USA) (Disc 1)	ss	57	lossless
Wing Commander IV - The Price of Freedom (USA) (Disc 1)	ss	57	lossless
Wing Over (Europe)	ss	57	lossless
Wing Over 2 (Europe)	ss	57	lossless
Winky the Little Bear (Europe) (En,Fr,De)	ss	57	lossless
Winning Lure (Japan)	ss	57	lossless
Winning Post 2 (Japan)	ss	57	lossless
Winning Post 2 - Final '97 (Japan)	ss	57	lossless
Winning Post 2 - Program '96 (Japan)	ss	57	lossless
Winning Post 3 (Japan)	ss	57	lossless
Winning Post 3 - Program '98 (Japan)	ss	57	lossless
Winning Post 4 (Japan)	ss	57	lossless
Winning Post 4 - Program 2000 (Japan)	ss	57	lossless
Winning Post EX (Japan)	ss	57	lossless
Wipeout (USA)	ss	57	lossless
Wipeout 3 (USA)	ss	57	lossless
Wipeout 3 - Special Edition (Europe) (En,Fr,De,Es,It)	ss	57	lossless
Wipeout XL (USA)	ss	57	lossless
Witch of Salzburg, The (Japan)	ss	57	lossless
Wizard's Harmony (Japan)	ss	57	lossless
Wizard's Harmony 2 (Japan, Asia)	ss	57	lossless
Wizard's Harmony R (Japan)	ss	57	lossless
Wizardry - Dimguil (Japan)	ss	57	lossless
Wizardry - Llylgamyn Saga (Japan) (En,Ja)	ss	57	lossless
Wizardry - New Age of Llylgamyn (Japan) (En,Ja)	ss	57	lossless
Wizardry Empire - Inishie no Oujo (Japan)	ss	57	lossless
Wizardry Empire II - Oujo no Isan (Japan)	ss	57	lossless
Wizardry VII - Guardia no Houju (Japan)	ss	57	lossless
Wolf Fang - Kuuga 2001 (Japan)	ss	57	lossless
Wolkenkratzer - Shinpan no Tou (Japan)	ss	57	lossless
Wonder Trek (Japan)	ss	57	lossless
Woody Woodpecker Racing (USA)	ss	57	lossless
World Championship Snooker (Europe) (En,Fr,De)	ss	57	lossless
World Cup 98 (USA) (En,Fr,De,Es,Nl,Sv,Da)	ss	57	lossless
World Cup Golf - Professional Edition (USA)	ss	57	lossless
World Destruction League - Thunder Tanks (USA)	ss	57	lossless
World Destruction League - WarJetz (USA)	ss	57	lossless
World League Basketball (Europe)	ss	57	lossless
World League Soccer '98 (Europe) (En,Es,It)	ss	57	lossless
World Never Island (Japan)	ss	57	lossless
World Neverland - The Olerud Kingdom Stories (Japan)	ss	57	lossless
World Neverland 2 - The Waktic Republic of Pluto (Japan)	ss	57	lossless
World Pro Tennis '98 (Japan)	ss	57	lossless
World Soccer Jikkyou Winning Eleven 2000 - U-23 Medal e no Chousen (Japan)	ss	57	lossless
World Soccer Jikkyou Winning Eleven 3 - Final Ver. (Japan)	ss	57	lossless
World Soccer Jikkyou Winning Eleven 3 - World Cup France '98 (Japan)	ss	57	lossless
World Soccer Jikkyou Winning Eleven 4 (Japan)	ss	57	lossless
World Soccer Winning Eleven (Japan)	lr-snaps	57	lossless
World Soccer Winning Eleven 2002 (Japan)	ss	57	lossless
World Stadium 2 (Japan)	ss	57	lossless
World Stadium 3 (Japan)	ss	57	lossless
World Stadium 4 (Japan)	ss	57	lossless
World Stadium 5 (Japan)	ss	57	lossless
World Stadium EX (Japan)	ss	57	lossless
World Tennis Stars (Europe)	ss	57	lossless
World Tour Conductor - Sekai Yume Kikou (Japan)	ss	57	lossless
World of Dragon Warrior - Torneko - The Last Hope (USA)	ss	57	lossless
World's Scariest Police Chases (USA)	ss	57	lossless
Worms (USA)	ss	57	lossless
Worms Armageddon (USA)	ss	57	lossless
Worms Pinball (Europe) (En,Fr,De,Es,It)	ss	57	lossless
Worms World Party (USA) (En,Fr,De,Es,It,Nl,Sv,Da)	ss	57	lossless
Wreckin Crew - Drive Dangerously (USA) (En,Es)	ss	57	lossless
Wu-Tang - Shaolin Style (USA)	ss	57	lossless
X Games Pro Boarder (USA)	ss	57	lossless
X'treme Roller (Europe) (En,Fr,De,Es,It,Pt)	ss	57	lossless
X-Bladez - Inline Skater (USA)	ss	57	lossless
X-COM - Terror from the Deep (Europe) (En,Fr,De,Es,It)	ss	57	lossless
X-COM - UFO Defense (USA)	ss	57	lossless
X-Files, The (USA) (Disc 1)	ss	57	lossless
X-Men - Children of the Atom (USA)	ss	57	lossless
X-Men - Mutant Academy (USA)	ss	57	lossless
X-Men - Mutant Academy 2 (USA)	ss	57	lossless
X-Men vs. Street Fighter (USA)	ss	57	lossless
X2 - No Relief (Europe)	ss	57	lossless
XI [sai] Jumbo (Japan)	ss	57	lossless
XS Airboat Racing (USA)	ss	57	lossless
XS Junior League Dodgeball (USA)	ss	57	lossless
XS Junior League Football (USA)	ss	57	lossless
XS Junior League Soccer (USA)	ss	57	lossless
XS Moto (USA)	ss	57	lossless
Xena - Warrior Princess (USA)	ss	57	lossless
Xenocracy - The Ultimate Solar War (Europe)	ss	57	lossless
Xenogears (USA) (Disc 1)	ss	57	lossless
Xevious 3D-G+ (USA)	ss	57	lossless
Yagami Hiroki no Game-Taste - Munasawagi no Yokan (Japan)	ss	57	lossless
Yakiniku Action Game - Yakiniku Bugyou (Japan)	ss	57	lossless
Yakitori Musume - Sugoude Hanjouki (Japan)	ss	57	lossless
Yaku - Yuujou Dangi (Japan)	ss	57	lossless
Yaku Tsuu - Noroi no Game (Japan)	ss	57	lossless
Yamagata Digital Museum (Japan) (Disc 1) (Spring)	ss	57	lossless
Yamasa Digi Guide - Faust (Japan)	ss	57	lossless
Yamasa Digi Guide - Hyper Rush (Japan)	ss	57	lossless
Yamasa Digi Guide - M771 (Japan)	ss	57	lossless
Yamasa Digi Guide - New Pulsar R (Japan)	ss	57	lossless
Yamasa Digi Guide - Umekagetsu R (Japan)	ss	57	lossless
Yamasa Digi Selection (Japan)	ss	57	lossless
Yamasa Digi Selection 2 (Japan)	ss	57	lossless
Yamasa Digi World - Tetra Master (Japan)	ss	57	lossless
Yamifuku Natsu - Teito Monogatari Futatabi (Japan)	ss	57	lossless
Yaoi Jun'ichi Gokuhi Project - UFO o Oe!! (Japan)	ss	57	lossless
Yarudora Series Vol. 1 - Double Cast (Japan) (Disc 1)	ss	57	lossless
Yarudora Series Vol. 2 - Kisetsu o Dakishimete (Japan) (Disc 1)	ss	57	lossless
Yarudora Series Vol. 3 - Sampaguita (Japan) (Disc 1)	ss	57	lossless
Yarudora Series Vol. 4 - Yukiwari no Hana (Japan) (Disc 1)	ss	57	lossless
Yeh Yeh Tennis (Europe) (En,Fr,De)	ss	57	lossless
Yellow Brick Road (Japan)	ss	57	lossless
Yetisports Deluxe (Europe) (En,Fr,De,Es,It)	ss	57	lossless
Yetisports World Tour (Europe) (En,Fr,De,Es,It)	ss	57	lossless
YoYo's Puzzle Park (Europe)	ss	57	lossless
Yoshimoto Mahjong Club Deluxe (Japan)	ss	57	lossless
Yoshimoto Muchicco Dai-kessen - Minami no Umi no Gorongo-tou (Japan)	ss	57	lossless
Yoshimura Shougi (Japan)	ss	57	lossless
You Don't Know Jack (USA) (Disc 1)	ss	57	lossless
You Don't Know Jack - Mock 2 (USA)	ss	57	lossless
Youchien Gaiden - Karei naru Casino Club - Double Draw (Japan)	ss	57	lossless
Youkai Hana Asobi (Japan)	ss	57	lossless
Yu-Gi-Oh! Forbidden Memories (USA)	ss	57	lossless
Yu-Gi-Oh! Monster Capsule Breed & Battle (Japan)	ss	57	lossless
Yu-Gi-Oh! Shin Duel Monsters - Fuuin Sareshi Kioku (Japan)	lr-snaps	57	lossless
Yukinko Burning (Japan)	ss	57	lossless
Yume Iroiro (Japan)	ss	57	lossless
Yume no Tsubasa (Japan)	ss	57	lossless
Yusha - Heaven's Gate (Europe)	ss	57	lossless
Yutona Eiyuu Senki - TearRingSaga (Japan)	ss	57	lossless
Yuugen Gaisha Chikyuu Boueitai (Japan)	ss	57	lossless
Yuukyuu Gensoukyoku (Japan)	ss	57	lossless
Yuukyuu Gensoukyoku 2nd Album (Japan)	ss	57	lossless
Yuukyuu Gensoukyoku 3 - Perpetual Blue (Japan)	ss	57	lossless
Yuukyuu Gensoukyoku Ensemble (Japan)	ss	57	lossless
Yuukyuu Gensoukyoku Ensemble 2 (Japan)	ss	57	lossless
Yuukyuu Kumikyoku - All Star Project (Japan)	ss	57	lossless
Yuukyuu no Eden - The Eternal Eden (Japan)	ss	57	lossless
Yuusha-ou GaoGaiGar - Blockaded Numbers (Japan)	ss	57	lossless
Yuuwaku Office Ren'aika (Japan)	ss	57	lossless
Yuuyami Doori Tankentai (Japan)	lr-snaps	57	lossless
Z (Europe)	ss	57	lossless
ZXE-D - Legend of Plasmatlite (Japan)	ss	57	lossless
Zanac x Zanac (Japan)	ss	57	lossless
Zeiramzone (Japan)	ss	57	lossless
Zen Nihon GT Senshuken Kai (Japan)	ss	57	lossless
Zen Nihon GT Senshuken Max Rev. (Japan) (Disc 1)	ss	57	lossless
Zen Nihon Joshi Pro Wrestling - Joou Densetsu - Yume no Taikousen (Japan)	ss	57	lossless
Zen Nihon Pro Wres - Ouja no Tamashii (Japan)	ss	57	lossless
Zen Super Robot Taisen Denshi Daihyakka (Japan) (Disc 1)	ss	57	lossless
Zera-chan Puzzle - Pitatto Pair (Japan)	ss	57	lossless
Zero Divide (USA)	ss	57	lossless
Zero Divide 2 - The Secret Wish (Europe)	ss	57	lossless
Zero Pilot - Gin'yoku no Senshi (Japan)	ss	57	lossless
Zero4 Champ DooZy-J (Japan)	ss	57	lossless
Zeus - Carnage Heart Second (Japan)	ss	57	lossless
Zeus II - Carnage Heart (Japan)	ss	57	lossless
ZigZagBall (Japan)	ss	57	lossless
Zill O'll (Japan)	ss	57	lossless
Zipangu-jima - Unmei wa Saikoro ga Kimeru! (Japan)	ss	57	lossless
Zoboomafoo - Leapin' Lemurs! (USA)	ss	57	lossless
Zoids - Battle Card Game - Seihou Tairiku Senki (Japan)	ss	57	lossless
Zoids - Teikoku vs. Kyouwakoku - Meka Seitai no Idenshi (Japan)	ss	57	lossless
Zoids 2 - Heric Kyouwakoku vs. Guylos Teikoku (Japan)	lr-snaps	57	lossless
Zoku Gussun Oyoyo (Japan)	ss	57	lossless
Zoku Hatsukoi Monogatari - Shuugaku Ryokou (Japan) (Disc 1)	ss	57	lossless
Zoku Mikagura Shoujo Tanteidan - Kanketsu-hen (Japan) (Disc 1)	ss	57	lossless
Zoop - America's Largest Killer of Time! (USA)	ss	57	lossless
Zork I - The Great Underground Empire (Japan)	ss	57	lossless
Zutto Issho - With Me Everytime... (Japan)	ss	57	lossless
iS - Internal Section (Japan)	ss	57	lossless
m [emu] - Kimi o Tsutaete (Japan)	ss	57	lossless
