#key	name	year	genre	developer	players
'98 Koushien (Japan) (Demo)	'98 Koushien : Koukou Yakyuu Simulation	1998	Sports / Baseball/Sports	Magical Company	1-2
'98 Koushien - Koukou Yakyuu Simulation (Japan)	'98 Koushien : Koukou Yakyuu Simulation	1998	Sports / Baseball/Sports	Magical Company	1-2
'99 Koushien (Japan)	'99 Koushien	1999	Sports / Baseball/Sports	Magical Company	1-2
'Butagee' de Iinja Nai (Japan)	'Butagee' de Iinja Nai	1998	Simulation	Shangri-La	1
0 kara no Mahjong - Mahjong Youchien Tamago-gumi (Japan)	Mahjong Youchien : Tamago-Gumi	1998	Mahjong/Asiatic board game	Affect	1
0 kara no Shougi - Shougi Youchien Ayumi-gumi (Japan)	0 Kara no Shogi : Shogi Youchien Ayumi-Gumi	1999	Shougi/Asiatic board game	Affect	1-2
007 - Demain ne Meurt Jamais (France)	007 : Tomorrow Never Dies	1999	Shooter / TPV/Shooter / FPV/Shooter	Black Ops Entertainment	1
007 - Der Morgen Stirbt Nie (Germany)	007 : Tomorrow Never Dies	1999	Shooter / TPV/Shooter / FPV/Shooter	Black Ops Entertainment	1
007 - Die Welt Ist Nicht Genug (Germany)	007 : The World Is Not Enough	2000	Shooter / FPV/Shooter	Black Ops Entertainment	1
007 - El Mundo Nunca es Suficiente (Spain)	007 : The World Is Not Enough	2000	Shooter / FPV/Shooter	Black Ops Entertainment	1
007 - Le Monde ne Suffit Pas (France)	007 : The World Is Not Enough	2000	Shooter / FPV/Shooter	Black Ops Entertainment	1
007 - The World Is Not Enough (USA)	007 : The World Is Not Enough	2000	Shooter / FPV/Shooter	Black Ops Entertainment	1
007 - Tomorrow Never Dies (USA)	007 : Tomorrow Never Dies	1999	Shooter / TPV/Shooter / FPV/Shooter	Black Ops Entertainment	1
007 Racing (USA)	007 Racing	2000	Racing, Driving	Eutechnyx	1-2
1 on 1 (Japan)	1 on 1	1998	Sports / Basketball/Sports	Jorudan	1-2
100 Man Yen Quiz Hunter (Japan)	100 Manyen Quiz Hunter	1998	Quiz	ISCO	1-4
100% Star (Europe)	Popstar Maker	2001	Strategy/Simulation/Music and Dancing	Eidos Interactive	1
10101 - Will the Starship (Japan)	10101: Will the Starship	1997	Adventure	Sound Technology Japan	1
19-ji 03-pun - Ueno-hatsu Yakou Ressha (Japan)	19-03 Ueno Hatsu Yakou Ressha	1999	Adventure	Visit	1
1Xtreme (USA)	ESPN Extreme Games	1995	Sports / Extreme/Sports/Racing, Driving	989 Studios	1-2
20-seiki Striker Retsuden - The 20th Century's Real Strikers (Japan)	Viva Soccer	1999	Sports / Football (Soccer)/Sports	Crimson	1-4
2002 FIFA World Cup (USA) (En,Es)	2002 FIFA World Cup	2002	Sports / Football (Soccer)/Sports	EA Canada	1-8
2Xtreme (USA)	2Xtreme	1996	Sports / Extreme/Sports	Sony Interactive Studios America	1-2
3, 2, 1, Smurf! My First Racing Game (Europe) (En,Fr,De,Es,It,Nl)	Smurf Racer!	2001	Racing, Driving	Artificial Mind & Movement	1-2
360 Three Sixty (Europe) (En,Fr,De,Es,It,Sv)	360 Three Sixty	1997	Racing, Driving	Smart Dog	1-2
3D Baseball (USA)	3D Baseball	1996	Sports / Baseball/Sports	Crystal Dynamics	1-2
3D Baseball - The Majors (Japan)	3D Baseball	1996	Sports / Baseball/Sports	Crystal Dynamics	1-2
3D Kakutou Tkool (Japan)	Fighter Maker	1999	Fighting / 3D/Fighting	ASCII	1-2
3D Lemmings (USA)	Lemmings 3D	1995	Puzzle	Clockwork Games	1
3D Mission Shooting - Finalist (Japan)	Tunnel B1	1996		NEON	1
3D Shooting Tkool (Japan)	3D Shooter Tsukuru	1996	Shooter	ASCII	1
3D-Kaleidoscope - Baby Universe (Japan)	Baby Universe	1997	Music and Dancing	Sony Computer Entertainment	1
3x3 Eyes - Kyuusei Koushu (Japan) (Disc 1)	3x3 Eyes : Kyuusei Koushu	1995	Adventure	Xing Interactive	1
3x3 Eyes - Tenrin'ou Genmu (Japan) (Disc 1)	3x3 Eyes : Tenrinou Genmu	1998	Adventure	King Records	1
3Xtreme (USA)	3Xtreme	1999	Sports	989	1-2
4-4-2 Soccer (Europe) (En,Fr,De,Es)	4-4-2 Soccer	1997	Sports / Football (Soccer)/Sports	Arc Developments Limited	1-2
40 Winks (USA)	40 Winks	1999	Platform	Eurocom	1
4x4 World Trophy (Europe) (En,Fr,De,Es,It)	Test Drive Off-Road 3	1999	Racing, Driving	Infogrames	1-2
5 Star Racing (Europe)	5 Star Racing	2003	Racing, Driving	Phoenix Games	1
50 por 15 - Quiere Ser Millonario (Spain)	Who Wants to Be a Millionaire ?	2000	Quiz/Puzzle	Hothouse Creations	1-4
70's Robot Anime - Geppy-X (Japan) (Demo)	70's Robot Anime : Geppy-X, The Super Boosted Armor	1999	Shoot'em Up	Aroma	1
70's Robot Anime - Geppy-X - The Super Boosted Armor (Japan) (Disc 1)	70's Robot Anime : Geppy-X, The Super Boosted Armor	1999	Shoot'em Up	Aroma	1
A Ressha de Ikou 4 - Evolution (Japan)	A IV Evolution : A-Ressha de Ikou 4	1994	Simulation	Artdink	1
A Ressha de Ikou 4 - Evolution Global (Japan) (En,Ja,Fr,De)	A-Train : Trains · Power · Money	1996	Simulation	Artdink	1
A Ressha de Ikou Z - Mezase! Tairiku Oudan (Japan)	A Ressha de Ikou Z : Mezase! Tairiku Oudan	1999	Build And Management/Simulation	Artdink	1
A Sangre Fria (Spain) (Disc 1)	In Cold Blood	2001	Adventure/Shooter	Revolution Software	1
A Sangue Freddo (Italy) (Disc 1)	In Cold Blood	2001	Adventure/Shooter	Revolution Software	1
A-Train - Trains, Power, Money (USA) (En,Ja,Fr,De)	A-Train : Trains · Power · Money	1996	Simulation	Artdink	1
A.IV - Evolution Global (Europe) (En,Ja,Fr,De)	A-Train : Trains · Power · Money	1996	Simulation	Artdink	1
A2 Racer - Europa Tour (Netherlands)	A2 Racer - Europa Tour	2000	Racing, Driving	Davilex	1
A5 - A Ressha de Ikou 5 (Japan, Asia)	A5 : A Ressha de Ikou 5	1997	Build And Management/Simulation	Artdink	1
AbalaBurn (Japan)	AbalaBurn	1998	Fighting	Tamsoft	1-2
Abe '99 (Japan) (Disc 1)	Oddworld : Abe's Exoddus	1998	Adventure/Platform	Oddworld Inhabitants	1-2
Abe a GoGo (Japan)	Oddworld : Abe's Oddysee	1997	Platform	Oddworld Inhabitants	1-2
Absolute Football (France) (En,Fr,De,Es,It,Pt)	Viva Soccer	1999	Sports / Football (Soccer)/Sports	Crimson	1-4
Ace Combat (Japan)	Air Combat	1995	Shooter / Plane/Shooter	Namco	1-2
Ace Combat 2 (USA)	Ace Combat 2	1997	Shooter/Shooter / Plane, TPV	Namco	1
Ace Combat 3 - Electrosphere (USA)	Ace Combat 3 : Electrosphere	2000	Shooter / Plane, TPV/Simulation / Vehicle/Simulation/Shooter	Namco	1
Ace Combat 3 - Electrosphere - Direct Audio with AppenDisc (Japan)	Ace Combat 3 : Electrosphere	2000	Shooter / Plane, TPV/Simulation / Vehicle/Simulation/Shooter	Namco	1
Aces of the Air (USA)	Aces of the Air	2002	Simulation	Highwaystar	1
Acid (Japan)	Acid	1999	Puzzle	Taki	1-2
Aconcagua (Japan) (Disc 1)	Aconcagua	2000	Adventure	Sony Computer Entertainment	1
Action Bass (USA)	Action Bass	2000	Fishing/Hunting and Fishing	Vingt-et-un Systems Corporation	1
Action Man - Destruction X (Europe) (En,Fr,De,Es,It)	Action Man : Destruction X	2000	Shooter/Racing, Driving	Blitz Games	1
Action Man - Mission Xtreme (Europe) (En,Fr,De,Es,It,Nl,Sv,No,Da,Fi)	Action Man : Operation Extreme	2000	Shooter/Racing, Driving	Interactive Studios	1
Action Man - Operation Extreme (USA)	Action Man : Operation Extreme	2000	Shooter/Racing, Driving	Interactive Studios	1
Activision Classics (USA)	Activision Classics	1998	Compilation	LTI Gray Matter	1-2
Actua Golf (Europe) (En,Fr,De)	VR Golf '97	1996	Sports / Golf/Sports	Gremlin Interactive	1-4
Actua Golf 2 (Europe)	FOX Sports Golf '99	1998	Sports / Golf/Sports	Gremlin Interactive	1-4
Actua Golf 3 (Europe)	Actua Golf 3	1998	Sports / Golf/Sports	Infogrames	1-4
Actua Ice Hockey (Europe) (En,Fr,De,Sv,Fi)	Actua Ice Hockey	1998	Sports / Hockey/Sports	Gremlin Interactive	1-2
Actua Ice Hockey 2 (Europe)	Actua Ice Hockey 2	1999	Sports / Hockey/Sports	Gremlin Interactive	1-4
Actua Pool (Europe)	Ultimate 8 Ball	1999	Sports / Pool/Sports	Infogrames	1-16
Actua Soccer (Europe) (En,Fr)	VR Soccer '96	1996	Sports / Football (Soccer)/Sports	Gremlin Interactive	1-2
Actua Soccer - Club Edition (Europe)	Actua Soccer : Club Edition	1997	Sports / Football (Soccer)/Sports	Gremlin Interactive	1-2
Actua Soccer 2 (Europe) (En,Fr)	Actua Soccer 2	1997	Sports / Football (Soccer)/Sports	Gremlin Interactive	1-2
Actua Soccer 3 (Europe)	Actua Soccer 3	1998	Sports / Football (Soccer)/Sports	Gremlin Interactive	1-2
Actua Tennis (Europe)	Actua Tennis	1998	Sports / Tennis/Sports	Infogrames	1-2
Addie no Okurimono - To Moze from Addie (Japan)	Addie no Okurimono : To Moze from Addie	2000	Adventure/Puzzle	Sony Computer Entertainment	1
Adiboo & Paziral's Secret (Europe) (En,Fr,De,Es,It)	Adiboo & Paziral's Secret	2003	Action / Adventure/Educational/Action	Coktel	1
Adibou et l'Ombre Verte (France)	Adibou Et L'ombre Verte	2001	Educational	Coktel	1
Adidas Power Soccer (USA)	Adidas Power Soccer	1996	Sports / Football (Soccer)/Sports	Psygnosis	1-4
Adidas Power Soccer + Resident Evil + Shellshock + Descent (Europe)	Adidas Power Soccer 98	1998	Sports / Football (Soccer)/Sports	Shen Technologies SARL	1-4
Adidas Power Soccer 2 (Europe) (En,Fr,De,Es,It,Nl)	Adidas Power Soccer 2	1998	Sports / Football (Soccer)/Sports	Shen Technologies SARL	1-2
Adidas Power Soccer 98 (USA)	Adidas Power Soccer 98	1998	Sports / Football (Soccer)/Sports	Shen Technologies SARL	1-4
Adidas Power Soccer International '97 (Europe) (En,Fr,De,Es,It,Nl)	Adidas Power Soccer International '97	1997	Sports / Football (Soccer)/Sports	Psygnosis	1-2
Adlib Ouji - ...to Fuyukai na Nakamatachi! (Japan)	Adlib Ouji : ...to Fuyukai na Nakamatachi!	2002	Casino	Telenet	1
Advan Racing (Japan)	ADVAN Racing	1998	Racing, Driving	Atlus	1-2
Advanced Dungeons & Dragons - Iron & Blood - Warriors of Ravenloft (USA)	Advanced Dungeons & Dragons : Iron & Blood, Warriors of Ravenloft	1996	Fighting	Take 2 Interactive	1-2
Advanced V.G. (Japan)	Advanced V.G.	1996	Fighting / Versus/Fighting	Technic(TGL) Technical Group Laboratory	1-2
Advanced V.G. 2 (Japan)	Advanced V.G. 2	1998	Fighting / Versus/Fighting	Technic(TGL) Technical Group Laboratory	1-2
Adventure of Little Ralph, The (Japan) (Rev 1)	Chippoke Ralph No Daibouken : The Adventure Of Little Ralph	1999	Platform	NEW	1
Adventures of Lomax, The (USA)	The Adventures of Lomax	1996	Platform	Psygnosis	1
Aeon Flux (USA) (Proto) (1996-11-21)	Aeon Flux	1996	Action / Adventure/Action	Terminal Reality	1
Aerodive (Japan)	Skydiving Extreme	2001	Sports / Skydiving/Simulation/Sports	Metro 3D	1-2
AFL 99 (Australia)	Afl 99	1996	Sports	Electronic Arts	1-2
Afraid Gear (Japan)	Afraid Gear	1998	Simulation	Office Create	1-2
Afraid Gear Another (Japan)	Afraid Gear Another	2001	Simulation/Strategy	Office Create	1-2
Agent Armstrong (Europe) (En,Fr,De,Es)	Agent Armstrong	1997	Platform	King of the Jungle	1
Agent Armstrong - Himitsu Shirei Daisakusen (Japan)	Agent Armstrong	1997	Platform	King of the Jungle	1
Agile Warrior - F-111X (USA)	Agile Warrior F-111X	1995	Simulation / Vehicle/Simulation	Black Ops Entertainment	1-2
Ah Nanjarin (Japan)	A Nanjarin	1998	Simulation	To one	1
AI Mahjong 2000 (Japan)	AI Mahjong 2000	1999	Mahjong/Asiatic board game	i4	1
AI Mahjong Selection (Japan)	AI Mahjong Selection	2002	Mahjong/Asiatic board game	i4	1
AI Shougi (Japan)	AI Shogi	1997	Shougi/Board game/Asiatic board game	Soft Bank	1
AI Shougi 2 (Japan)	AI Shougi 2	1997	Shougi/Asiatic board game	Something Good	1-2
AI Shougi 2 Deluxe (Japan)	AI Shogi 2 Deluxe	1999	Shougi/Board game/Asiatic board game	i4	1
AI Shougi Selection (Japan)	Ai Shogi Selection [major Wave 1500 Series]	2002	Asiatic board game	i4	1-2
Ai to Yuujou no Neko Monogatari. Jingle Cats - Love Para Daisakusen no Maki (Japan, Asia)	Ai to Yuujou no Neko Monogatari. : Jingle Cats, Love Para Daisakusen no Maki	1998	Strategy	Vantan International	1
Air Combat (USA)	Air Combat	1995	Shooter / Plane/Shooter	Namco	1-2
Air Hockey (USA)	Air Hockey	2002	Sports / Shuffleboard/Sports	Success	1-2
Air Management '96 (Japan)	Air Management '96	1996	Build And Management/Simulation	Koei	1-4
Air Race (Europe)	Bravo Air Race	1997	Simulation	Metro Corporation	1-2
AirAssault - The Red Mercury Missions (Japan)	Warhawk : The Red Mercury Missions	1995	Shoot'em Up/Simulation	Sony Computer Entertainment	1
AirGrave (Japan)	Airgrave	1996	Shoot'em Up / Vertical/Shoot'em Up	Santos	1
Aironauts (Europe) (En,Fr,De)	Aironauts	1999	Shoot'em Up	Red Lemon	1
AirRace Championship (Japan)	Air Race Championship	1999	Racing, Driving	Metro Corporation	1-2
Airs, The (Japan)	The Airs	1999	Adventure	Pack in Soft	1
Aishiau Koto Shika Dekinai (Japan)	Aishiau Koto Shika Dekinai	1998	Adventure / Visual Novel/Adventure	Coconuts Japan	1
Aitakute... - Your Smiles in My Heart (Japan) (Disc 1)	Aitakute... Your Smiles in My Heart	2000	Adventure	KCET	1
Aitakute... - Your Smiles in My Heart - Oroshitate no Diary - Introduction Disc (Japan)	Aitakute... Your Smiles in My Heart	2000	Adventure	KCET	1
Akagawa Jirou - Majotachi no Nemuri - Fukkatsusai (Japan)	Akagawa Jiro : Majo Tachi no Nemuri, Fukkatsusai	1999	Adventure	Office Create	1-2
Akagawa Jirou - Yasoukyoku (Japan)	Akagawa Jiro : Yasoukyoku	1998	Adventure	Victor Entertainment	1
Akagawa Jirou - Yasoukyoku 2 (Japan)	Akagawa Jiro : Yasoukyoku 2	2001	Adventure	Office Create	1
Akazu no Ma (Japan)	Akazu no Ma	1997	Adventure	Visit	1
Akuji the Heartless (USA)	Akuji the Heartless	1998	Action / Adventure/Action	Crystal Dynamics	1
Akumajou Dracula X - Gekka no Yasoukyoku (Japan)	Castlevania : Symphony of the Night	1997	Role Playing Game/Action RPG	KCET	1
Albaria no Otome - Uruwashi no Seikishitachi (Japan)	Albaria no Otome : Uruwashi no Seikishitachi	1998	Simulation/Role Playing Game	Nippon Computer Systems (NCS)	1
Alex Ferguson's Player Manager 2001 (Europe)	Alex Ferguson's Player Manager 2001	2000	Simulation/Sports / Football (Soccer)/Sports	Anco	1
Alex Ferguson's Player Manager 2002 (Europe)	Alex Ferguson's Player Manager 2002	2002	Build And Management/Sports / Football (Soccer)/Sports/Simulation	Anco	1
Alexandra Ledermann 2 - Equitation Competition (France)	Equestrian Showcase	2003	Horse racing/Sports/Platform/Sports with animals	Tantalus Interactive	1-2
Alexi Lalas International Soccer (USA) (En,Fr,De,Es,It)	Alexi Lalas International Soccer	1999	Sports / Football (Soccer)/Sports	Z-Axis	1-2
Alfred Chicken (Europe) (En,Fr,De,Es,It)	Alfred Chicken	2002	Platform	Mobius Entertainment	1
Alice in Cyberland (Japan)	Alice in Cyberland	1996	Adventure	Glams	1
Alien Resurrection (USA)	Alien Resurrection	2000	Shooter / FPV/Shooter	Argonaut Software	1
Alien Trilogy (USA)	Alien Trilogy	1996	Shooter / FPV/Shooter	Probe Entertainment	1
Alive (Japan) (Disc 1)	Alive	1998	Adventure / Interactive Movie/Adventure	General Entertainment	1
All Music Dance! (Italy)	Dance Europe	2003	Dancing/Music and Dancing	Bigben Interactive	1-2
All Star Action (Europe) (Disc 1)	All Star Action	2003	Sports / Multisports/Sports	Mere Mortals	1-4
All Star Boxing (Europe)	Boxing	2001	Sports / Boxing/Fighting/Sports	Nekogumi	1-2
All Star Racing (USA)	All Star Racing	2002	Racing, Driving	Kung Fu	1
All Star Racing 2 (USA)	All Star Racing 2	2003	Racing, Driving	Kung Fu	1
All Star Soccer (Europe) (En,Fr,De,It)	All Star Soccer	1997	Sports / Football (Soccer)/Sports	Eidos Interactive	1-2
All Star Tennis '99 (Europe) (En,Fr,De,Es,It)	All Star Tennis '99	1998	Sports / Tennis/Sports	Smartdog	1-4
All Star Tennis (Europe)	Tennis	2001	Sports/Sports / Tennis/Sports	Nekogumi	1-4
All Star Tennis 2000 (Europe) (En,De,Es,It)	All Star Tennis 2000	2000	Sports / Tennis/Sports	Ubisoft	1-2
All Star Watersports (Europe)	All Star Watersports	2003	Sports / Multisports/Sports / Swimming/Sports	Phoenix Games	1-4
All-Star Baseball 97 featuring Frank Thomas (USA)	All-Star Baseball 97 featuring Frank Thomas	1997	Sports / Baseball/Sports	Iguana Entertainment	1-2
All-Star Mahjong - Karei naru Shoubushi kara no Chousen (Japan)	All-star Mahjong - Karei Naru Shoubushi Kara No Chousen	1997	Mahjong/Asiatic board game	Pony Canyon	1
All-Star Slammin' D-Ball (USA)	All-Star Slammin' D-Ball	2001	Sports / Dodgeball/Sports	Access	1-2
Alla Ricerca della Valle Incantata - Ritorno alla Grande Vallata (Italy)	The Land Before Time : Return to the Great Valley	2000	Platform/Racing, Driving	Realtime Associates	1-2
Allied General (USA)	Allied General	1996	Strategy	Ultimation	1-2
Alnam no Kiba - Juuzoku Juuni Shinto Densetsu (Japan)	Alnam no Kiba : Juuzoku Juuni Shinto Densetsu	1996	Adventure		1
Alnam no Tsubasa - Shoujin no Sora no Kanata e (Japan) (Disc 1)	Alnam no Tsubasa : Shoujin no Sora no Kanata e	1997	Japanese RPG/Role Playing Game		1
Alone in the Dark - Jack Is Back (Europe) (En,Fr,De,Es,It)	Alone in the Dark : One-Eyed Jack's Revenge	1996	Adventure / Survival Horror/Adventure	Infogrames	1
Alone in the Dark - One-Eyed Jack's Revenge (USA)	Alone in the Dark : One-Eyed Jack's Revenge	1996	Adventure / Survival Horror/Adventure	Infogrames	1
Alone in the Dark - The New Nightmare (USA) (Disc 1)	Alone in the Dark : The New Nightmare	2001	Adventure / Survival Horror/Adventure	Darkworks	1
Alone in the Dark 2 (Japan)	Alone in the Dark : One-Eyed Jack's Revenge	1996	Adventure / Survival Horror/Adventure	Infogrames	1
Alundra (USA)	Alundra	1997	Role Playing Game	Matrix Software	1
Alundra 2 - A New Legend Begins (USA)	Alundra 2 : A New Legend Begins	2000	Adventure/Role Playing Game	Matrix Software	1
Alundra 2 - Der Beginn einer neuen Legende (Germany)	Alundra 2 : A New Legend Begins	2000	Adventure/Role Playing Game	Matrix Software	1
Alundra 2 - Mashinka no Nazo (Japan)	Alundra 2 : A New Legend Begins	2000	Adventure/Role Playing Game	Matrix Software	1
Alundra 2 - Une Legende Est Nee (France)	Alundra 2 : A New Legend Begins	2000	Adventure/Role Playing Game	Matrix Software	1
Amazing Virtual Sea-Monkeys, The (USA) (En,Es)	The Amazing Virtual Sea-Monkeys	2002	Puzzle	Creatures Labs	1
America Oudan Ultra Quiz (Japan)	America Oudan Ultra Quiz	1994	Quiz/Simulation	Pegasus Japan	1-4
American Pool (USA)	American Pool	2003	Sports / Pool/Sports	DigiCube	1-2
Amerzone - Das Testament des Forschungsreisenden (Germany) (Disc 1)	Amerzone - The Explorer's Legacy	1999	Adventure	Microïds	1
Amerzone - El Legado del Explorador (Spain) (Disc 1)	Amerzone - The Explorer's Legacy	1999	Adventure	Microïds	1
Amerzone - Il Testamento dell'Esploratore (Italy) (Disc 1)	Amerzone - The Explorer's Legacy	1999	Adventure	Microïds	1
Amerzone - O Testamento do Explorador (Portugal) (Disc 1)	Amerzone - The Explorer's Legacy	1999	Adventure	Microïds	1
Amerzone - The Explorer's Legacy (Europe) (Disc 1)	Amerzone - The Explorer's Legacy	1999	Adventure	Microïds	1
Amerzone, L' (France) (Disc 1)	Amerzone - The Explorer's Legacy	1999	Adventure	Microïds	1
Anastasia (Europe) (En,Fr,De,Nl)	Anastasia	2001	Puzzle	The Code Monkeys	1
Ancient Roman - Power of Dark Side (Japan) (Disc 1)	Ancient Roman : Power of Dark Side	1998	Role Playing Game	Nihon Systems	1
Ancient Roman Extra (Japan) (Demo)	Ancient Roman : Power of Dark Side	1998	Role Playing Game	Nihon Systems	1
Andretti Racing (USA)	Andretti Racing	1996	Racing, Driving	Stormfront Studios	1-4
Angel Blade - Neo Tokyo Guardians (Japan)	Angel Blade : Neo Tokyo Guardians	1997	Role Playing Game	On Dimand	1
Angel Graffiti - Anata e no Profile (Japan)	Angel Graffiti : Anata e no Profile	1996	Adventure	Astrocade	1
Angelique - Tenkuu no Requiem (Japan)	Angelique : Tenkuu no Requiem	1999	Adventure/Role Playing Game	Koei	1
Angelique Duet (Japan)	Angelique Duet	1998	Adventure/Simulation	Koei	1
Angelique Special (Japan)	Angelique Special	1996	Strategy/Adventure	Koei	1
Angelique Special 2 (Japan)	Angelique Special 2	1997	Adventure	Koei	1
Animal Football (Europe) (En,Fr,De)	Animal Football	2003	Educational	The Code Monkeys	1
Animal Snap - Rescue Them 2 by 2 (Europe)	Animal Snap : Rescue Them 2 by 2	2003	Puzzle	UTV Ignition Entertainment	1
Animaniacs - Ten Pin Alley (USA)	Animaniacs : Ten Pin Alley	1998	Sports / Bowling/Sports	Saffire	1-6
Animetic Story Game 1 - Cardcaptor Sakura (Japan) (Disc 1)	Animetic Story Game 1 : Cardcaptor Sakura	1999	Adventure	Arika	1
Animorphs - Shattered Reality (USA)	Animorphs : Shattered Reality	2000		SingleTrac	1
Ankh - Tutankhamen no Nazo (Japan) (Disc 1)	Ankh : Tutankhamen no Nazo	1997	Adventure	Ibis	1
Anna Kournikova's Smash Court Tennis (Europe)	Anna Kournikova's Smash Court Tennis	1999	Sports / Tennis/Sports	Namco	1-4
Ano Ko Doko no Ko (Japan)	Ano Ko Doko No Ko	1998	Simulation	Success	1-4
Another Memories (Japan)	Another Memories	1998	Simulation/Adventure/Role Playing Game	Starlight Marry	1
Another Mind (Japan)	Another Mind	1998	Adventure	Square	1
Anstoss - Premier Manager (Germany)	Premier Manager 2000	2000	Sports / Football (Soccer)/Simulation/Sports	Infogrames	1
Ao no 6-gou - Antarctica (Japan) (Disc 1)	Ao no Rokugou : Antarctica	2000	Strategy/Adventure	Bandai Visual	1
Aoki Ookami to Shiroki Mejika - Genchou Hishi (Japan)	Aoki Ohkami to Shirokimejika : Genchohishi	1998	Strategy	Koei	1
Aozora to Nakamatachi - Yume no Bouken Plus (Japan)	Aozora to Nakama-tachi : Yume no Bouken Plus	2003	Platform	MTO Co	1
Ape Escape (USA)	Ape Escape	1999	Platform	SCE Japan	1
Ape Escape - La Invasion de los Monos (Spain)	Ape Escape	1999	Platform	SCE Japan	1
Apocalypse (USA)	Apocalypse	1998	Shooter	Neversoft	1
Aqua GT (Europe) (En,Fr,De,Es,It,Nl)	Aqua GT	2001	Racing, Driving / Boat/Racing, Driving	EastPoint	1-2
Aqua Paradise (Japan)	Aqua Paradise: Boku no Suizokukan	2000	Strategy	Office Create	1
Aquanaut no Kyuujitsu (Japan)	Aquanaut's Holiday	1996	Simulation	Artdink	1
Aquanaut no Kyuujitsu - Memories of Summer 1996 (Japan)	Aquanaut no Kyuujitsu : Memories of Summer 1996	1996	Simulation	Artdink	1-2
Aquanaut no Kyuujitsu 2 (Japan)	Aquanaut no Kyuujitsu 2	1999	Adventure	Artdink	1
Aquanaut's Holiday (USA)	Aquanaut's Holiday	1996	Simulation	Artdink	1
Aquarian Age - Tokyo Wars (Japan)	Aquarian Age : Tokyo Wars	2000	Role Playing Game/Strategy	Onion Egg	1-2
Arc the Lad (Japan)	Arc the Lad Collection : Arc the Lad	2002	Role Playing Game	G-Craft	1
Arc the Lad - Monster Game (Japan) (Present-ban)	Arc the Lad Collection : Arc Arena Monster Tournament	2002	Role Playing Game	Arc Entertainment	1-2
Arc the Lad - Monster Game with Casino Game (Japan) (Disc 1) (Monster Game)	Arc the Lad Collection : Arc Arena Monster Tournament	2002	Role Playing Game	Arc Entertainment	1-2
Arc the Lad Collection - Arc Arena - Monster Tournament (USA)	Arc the Lad Collection : Arc Arena Monster Tournament	2002	Role Playing Game	Arc Entertainment	1-2
Arc the Lad Collection - Arc the Lad (USA)	Arc the Lad Collection : Arc the Lad	2002	Role Playing Game	G-Craft	1
Arc the Lad Collection - Arc the Lad II (USA)	Arc the Lad Collection : Arc the Lad II	2002	Role Playing Game	G-Craft	1
Arc the Lad Collection - Arc the Lad III (USA) (Disc 1)	Arc the Lad Collection : Arc the Lad III	2002	Role Playing Game	G-Craft	1
Arc the Lad Collection - The Making of Arc the Lad (USA)	Arc the Lad Collection	2002	Role Playing Game	Working Designs	1-2
Arc the Lad II (Japan)	Arc the Lad Collection : Arc the Lad II	2002	Role Playing Game	G-Craft	1
Arc the Lad II - Characters & World CG Movie Collection (Japan)	Arc the Lad Collection : Arc the Lad II	2002	Role Playing Game	G-Craft	1
Arc the Lad III (Japan) (Disc 1)	Arc the Lad Collection : Arc the Lad III	2002	Role Playing Game	G-Craft	1
Arcade Gears - ImageFight & XMultiply (Japan)	Arcade Gears : ImageFight & XMultiply	1998	Compilation/Shoot'em Up	Xing Entertainment	1-2
Arcade Gears - Pu-Li-Ru-La (Japan)	Pu-Li-Ru-La - Arcade Gears	1997	Beat'em Up	Taito	1-2
Arcade Gears - Wonder 3 (Japan)	Wonder 3 : Arcade Gears	1998	Compilation	Capcom	1-2
Arcade Hits - Crazy Climber (Japan)	Arcade Hits : Crazy Climber	2002	Action / Climbing/Action	Nichibutsu	1-2
Arcade Hits - Frisky Tom (Japan)	Arcade Hits : Frisky Tom	2002	Action / Labyrinth/Action	Nichibutsu	1-2
Arcade Hits - Magical Drop (Japan)	Magical Drop	1996	Puzzle / Throw/Puzzle	Data East	1-2
Arcade Hits - Moon Cresta (Japan)	Arcade Hits : Moon Cresta	2002	Shoot'em Up / Vertical/Shoot'em Up	Nichibutsu	1-2
Arcade Hits - Raiden (Japan)	The Raiden Project	1995	Shoot'em Up	Seibu Kaihatsu	1-2
Arcade Hits - Shienryuu (Japan)	Gekioh : Shooting King	2002	Shooter/Shoot'em Up / Vertical/Shoot'em Up	Warashi	1-2
Arcade Hits - Sonic Wings Special (Japan)	Sonic Wings Special	2004	Shooter/Shoot'em Up / Vertical/Shoot'em Up	Video System	1-2
Arcade Hits - Soukyuu Gurentai (Japan)	Soukyu Gurentai - Oubushustugeki	1997	Shoot'em Up	Raizing	1-2
Arcade Hits - Suiko Enbu - Outlaws of the Lost Dynasty (Japan)	Suiko Enbu	1996	Fighting	Invision Interactive	1-2
Arcade Hits - Wolf Fang - Kuuga 2001 (Japan)	Wolf Fang : Kuuga 2001	1996	Shooter	Tsuji Jimusho	1-2
Arcade Party Pak (USA)	Arcade Party Pak	1999	Compilation	Digital Eclipse	1-3
Arcade's Greatest Hits - The Atari Collection 1 (USA)	Arcade's Greatest Hits : The Atari Collection 1	1996	Compilation	Digital Eclipse	1-2
Arcade's Greatest Hits - The Atari Collection 2 (USA)	Arcade's Greatest Hits : The Atari Collection 2	1998	Compilation	Digital Eclipse	1-2
Arcade's Greatest Hits - The Midway Collection 2 (USA)	Arcade's Greatest Hits : The Midway Collection 2	1997	Compilation	Digital Eclipse	1-2
Arcana Senki Ludo (Japan)	Arcana Senki Ludo	1998	Board game/Role Playing Game	Falcon	1-4
Archer Maclean's 3D Pool (Europe)	Archer Maclean's 3D Pool	2003	Sports / Pool/Sports	Ignition Entertainment	1
Are!Mo KoreMo Momotarou (Japan)	Are!Mo KoreMo Momotarou	1996	Adventure	System Sacom	1
Area 51 (USA)	Area 51	1996	Lightgun Shooter	Tantalus	1-2
Ark of Time (Europe) (En,Fr,De,Es,It)	Ark of Time	1998	Adventure	Trecision	1
Arkanoid R 2000 (Japan)	Arkanoid R 2000	1999	Action / Breakout games/Action	ITL	1-2
Arkanoid Returns (Japan)	Arkanoid Returns	1997	Action / Breakout games/Action	Taito	1-2
Armed Fighter (Japan)	Armed Fighter	1999	Fighting	D&M'sK System	1-2
Armored Core (USA)	Armored Core	1997	Shooter / Vehicle, TPV/Shooter	FromSoftware	1-2
Armored Core - Master of Arena (USA) (Disc 1)	Armored Core : Master of Arena	2000	Shooter / Vehicle, TPV/Shooter	FromSoftware	1-2
Armored Core - Project Phantasma (USA)	Armored Core : Project Phantasma	1998	Shooter / Vehicle, TPV/Shooter	FromSoftware	1-2
Armorines - Project S.W.A.R.M. (USA)	Armorines : Project S.W.A.R.M.	2000	Shooter / FPV/Shooter	Distinctive Developments	1-2
Army Men - Air Attack (USA)	Army Men : Air Attack	1999	Shooter	The 3DO Company	1-2
Army Men - Air Attack 2 (USA, Canada)	Army Men : Air Attack 2	2000	Shooter	The 3DO Company	1-2
Army Men - Green Rogue (USA)	Army Men : Green Rogue	2001	Shooter	5000ft	1-2
Army Men - Land, Sea, Air (Europe) (En,Fr,De,Es,It)	Army Men : World War, Land, Sea, Air	2000	Shooter	The 3DO Company	1-2
Army Men - Lock 'n' Load (Europe) (En,Fr,De,Es,It)	Army Men : World War, Final Front	2001	Shooter	The 3DO Company	1-2
Army Men - Omega Soldier (Europe) (En,Fr,De,Es,It)	Army Men : Green Rogue	2001	Shooter	5000ft	1-2
Army Men - Operation Meltdown (Europe) (En,Fr,De,Es,It)	Army Men : World War	2000	Shooter	The 3DO Company	1-2
Army Men - Sarge's Heroes (USA)	Army Men : Sarge's Heroes	2000	Shooter	The 3DO Company	1-2
Army Men - Sarge's Heroes 2 (USA)	Army Men : Sarge's Heroes 2	2000	Shooter	The 3DO Company	1-2
Army Men - Team Assault (Europe) (En,Fr,De,Es,It)	Army Men : World War, Team Assault	2001	Shooter	5000ft	1-2
Army Men - World War (USA)	Army Men : World War	2000	Shooter	The 3DO Company	1-2
Army Men - World War - Final Front (USA)	Army Men : World War, Final Front	2001	Shooter	The 3DO Company	1-2
Army Men - World War - Land, Sea, Air (USA, Canada)	Army Men : World War, Land, Sea, Air	2000	Shooter	The 3DO Company	1-2
Army Men - World War - Team Assault (USA)	Army Men : World War, Team Assault	2001	Shooter	5000ft	1-2
Army Men 3D (USA)	Army Men 3D	1999	Shooter	The 3DO Company	1-2
Art Camion - Geijutsuden (Japan)	Art Camion : Geijutsuden	2002	Racing, Driving	TYO	1-2
Art Camion - Sugorokuden (Japan)	Art Camion : Sugorokuden	2000	Board game	Affect	1-4
Arthur to Astaroth no Nazo Makaimura - Incredible Toons (Japan)	Arthur to Astaroth no Nazo-Makai-Mura : Incredible Toons	1996	Puzzle	Capcom	1
Arthur! Ready to Race (USA)	Arthur! Ready to Race	2000	Racing, Driving	Runecraft	1-4
Asonde Chinou Up (Japan)	Asonde Chinou Up	2003	Educational	Gakken	1
Assault (Europe) (En,Fr,De,Es,It)	Assault : Retribution	1998	Shooter	Candle Light Studios	1-2
Assault - Retribution (USA)	Assault : Retribution	1998	Shooter	Candle Light Studios	1-2
Assault Rigs (USA)	Assault Rigs	1996	Shooter / FPV/Shooter	Psygnosis	1-2
Assault Suits Valken 2 (Japan)	Assault Suits Valken 2 : Juusou Kihei Valken 2	1999	Role Playing Game	TamTam	1
Asterix & Obelix contro Cesare (Italy)	Astérix & Obélix Take On Caesar	2000	Platform	Tek S	1-2
Asterix & Obelix Take on Caesar (Europe)	Astérix & Obélix Take On Caesar	2000	Platform	Tek S	1-2
Asterix (Europe) (En,Fr,De,Nl)	Astérix	1999	Strategy	Sourcery	1
Asterix - Mega Madness (Europe) (En,Fr,De,Es,It,Nl)	Astérix Mega Madness	2001	Casual Game	Infogrames	1-4
Asteroids (USA)	Asteroids	1998	Shoot'em Up	Syrox Developments	1-2
Astro Trooper Vanark (Japan)	Vanark	2000	Shooter / Plane, TPV/Shooter	Asmik	1
Astronoka (Japan) (Disc 1)	Astronoka	1998	Strategy/Simulation	System Sacom	1
Asuka 120% Excellent - Burning Fest. Excellent (Japan, Asia)	Asuka 120% Excellent : Burning Fest. Excellent	1997		Fill in Café	1-2
Asuka 120% Final - Burning Fest. Final (Japan)	Asuka 120% : Burning Festival Limited	1999	Fighting	Fill in Café	1-2
Asuka 120% Special - Burning Fest. Special (Japan)	Asuka 120% Special : Burning Fest. Special	1996	Fighting / 2D/Fighting	Fill in Café	1-2
Asuncia - Majou no Jubaku (Japan)	Asuncia : Majou no Jubaku	1997	Role Playing Game	E.O. Imagination	1
Atari Anniversary Edition Redux (USA)	Atari Anniversary Edition Redux	2001	Compilation	Digital Eclipse	1-4
Atelier Elie - Elie no Atelier - Salburg no Renkinjutsushi 2 (Japan)	Atelier Elie : Elie no Atelier, Salburg no Renkinjutsushi 2	1998	Role Playing Game	Gust	1
Athena - Awakening from the Ordinary Life (Japan) (Disc 1)	Athena : Awakening from the Ordinary Life	1999	Adventure	Vistec	1
Athena no Kateiban - Family Games (Japan)	Athena no Kateiban : Family Games	1996	Board game	Athena	1-4
Atlantis - Das sagenhafte Abenteuer (Germany) (Disc 1)	Atlantis : The Lost Tales	1998	Adventure	Cryo Interactive	1
Atlantis - Secrets d'un Monde Oublie (France) (Disc 1)	Atlantis : The Lost Tales	1998	Adventure	Cryo Interactive	1
Atlantis - Segreti d'un Mondo Perduto (Italy) (Disc 1)	Atlantis : The Lost Tales	1998	Adventure	Cryo Interactive	1
Atlantis - The Lost Continent (Europe) (En,Fr,De)	Atlantis : The Lost Continent	2003	Puzzle	The Code Monkeys	1-2
Atlantis - The Lost Tales (Europe) (Disc 1)	Atlantis : The Lost Tales	1998	Adventure	Cryo Interactive	1
Attack of the Saucerman (Europe) (En,Fr,De,Es,It)	Attack of the Saucerman	1999	Adventure	Fube	1
ATV - Quad Power Racing (USA)	ATV : Quad Power Racing	2000	Racing FPV/Racing TPV/Racing, Driving	The Climax Group	1-2
ATV Mania (USA)	ATV Mania	2003	Racing, Driving	Deibus Studios	1-2
ATV Racers (USA)	ATV Racers	2003	Racing, Driving	Miracle Designs	1
Aubirdforce (Japan)	Aubirdforce	1996	Strategy/Role Playing Game	Bandai	1
Aubirdforce - After (Japan)	Aubirdforce : After	1998	Strategy/Role Playing Game	WiZ	1
Aura Battler Dunbine - Seisenshi Densetsu (Japan) (Rev 1)	Aura Battler Dunbine	2000	Role Playing Game	Bandai	1
Austin Powers Pinball (USA)	Austin Powers Pinball	2002	Pinball	Wildfire Studios	1-4
Auto Destruct (USA)	Auto Destruct	1998		Neurostone	1
Autobahn Raser II (Germany)	Autobahn Raser 2	2000	Racing, Driving	Davilex	1
Ayakashi Ninden Kunoichiban (Japan) (Disc 1)	Ayakashi Ninden Kunoichiban	1997	Adventure	Zero System	1
Ayrton Senna Kart Duel (Europe)	Ayrton Senna Kart Duel	1996	Racing, Driving	GAPS	1-2
Ayrton Senna Kart Duel 2 (Europe)	Ayrton Senna Kart Duel 2	1997	Racing, Driving	Gaps	1-2
Ayrton Senna Kart Duel Special (Japan)	Ayrton Senna Kart Duel Special	1999	Racing, Driving	Gaps	1-2
Ayrton Senna KartDuel 2 (Japan)	Ayrton Senna Kart Duel 2	1997	Racing, Driving	Gaps	1-2
Azito (Japan)	Azito	1997	Strategy	Astec 21	1
Azito 2 (Japan)	Azito 2	1998	Strategy/Simulation	Astec 21	1
Azito 3 (Japan)	Azito 3	2000	Strategy	Astec 21	1
Aztec - The Curse in the Heart of the City of Gold (Europe) (En,Nl)	Aztec : The Curse in the Heart of the City of Gold	2000	Adventure	Cryo Interactive	1
Azumanga Donjara Daiou (Japan)	Azumanga Donjara Daiou	2002	Mahjong/Asiatic board game	Ganbarion	1
Azure Dreams (USA)	Azure Dreams	1998	Role Playing Game	KCET	1
B Senjou no Alice - Alice on Borderlines (Japan) (Disc 1)	B Senjou no Alice : Alice on Borderlines	1997	Adventure	Kodansha	1
B-Movie (Europe) (En,Es,It)	Invasion from Beyond	1998	Shooter	King of the Jungle	1
B. L. U. E. - Legend of Water (Japan)	B.L.U.E. : Legend of Water	1998	Action / Adventure/Action	CAProduction	1
Baby Felix Tennis (Europe) (En,Fr,De,Es,It,Nl)	Baby Felix Tennis	2002	Sports / Tennis/Sports	Light & Shadow Productions (LSP)	1-2
Baby Universe (Europe)	Baby Universe	1997	Music and Dancing	Sony Computer Entertainment	1
Backgammon (Japan)	Pro Backgammon	2003	Board game	Altron	1-2
Backgammon 2000 (Japan)	Backgammon 2000	2000	Board game	Oxford Softworks	1-2
BackGuiner - Yomigaeru Yuushatachi - Hishou-hen - Uragiri no Senjou (Japan) (Disc 1)	Backgainer - Yomigaeru Yuusha-tachi - Hishou-hen	1998	Role Playing Game	Ving	1
BackGuiner - Yomigaeru Yuushatachi - Kakusei-hen - Guiner Tensei (Japan) (Disc 1)	Backgainer - Yomigaeru Yuusha-tachi - Kakusei-hen	1998	Role Playing Game	Ving	1
BackGuiner - Yomigaeru Yuushatachi - Service Disc (Japan)	Backgainer - Yomigaeru Yuusha-tachi - Hishou-hen	1998	Role Playing Game	Ving	1
Backstreet Billiards (USA)	Backstreet Billiards	1998	Sports / Pool/Sports	Argent	1-4
Backyard Soccer (USA)	Backyard Soccer	2001	Sports/Sports / Football (Soccer)	Humongous Entertainment	1-4
Bakumatsu Roman - Gekka no Kenshi (Japan)	Bakumatsu Roman : Gekka no Kenshi	1999	Fighting	SNK	1-2
Bakuretsu Hunter - Mahjong Special (Japan)	Bakuretsu Hunter : Mahjong Special	1996	Mahjong/Asiatic board game	Alpha-Unit	1
Bakuretsu Hunter - Sorezore no Omoi ... Nowaanchatte (Japan)	Bakuretsu Hunter : Sorezore no Omoi ... Nowaanchatte	1997	Adventure/Role Playing Game	Banpresto	1
Bakuretsu Soccer (Japan)	Super Shot Soccer	2002	Sports / Football (Soccer)/Sports	Tecmo	1-2
Bakuryuu (Japan)	Wild Rapids	2000	Sports/Racing, Driving	Fujimic	1
Bakushou!! All Yoshimoto Quiz-ou Ketteisen DX (Japan)	Bakushou!! All Yoshimoto Quiz-ou Kettei-sen DX	1995	Quiz	Yoshimoto Kogyo	1-4
Bakusou Dekotora Densetsu - Otoko Ippiki Yume Kaidou (Japan)	Bakusou Dekotora Densetsu : Otoko Ippiki Yume Kaidou	1998	Racing, Driving	Human Entertainment	1-2
Bakusou Dekotora Densetsu 2 - Otoko Jinsei Yume Ichiro (Japan)	Bakusou Dekotora Densetsu 2 : Otoko Jinsei Yume Ichiro	1999	Racing, Driving	Spike Co	1-2
Bakusou Kyoudai Let's & Go!! Eternal Wings (Japan)	Bakusou Kyoudai Let's & Go!! Eternal Wings	1998	Racing, Driving	Jaleco	1-2
Bakuten Shoot Beyblade - Bey Battle Tournament (Japan)	Beyblade	2002	Fighting/Simulation	Wavedge	1-2
Bakuten Shoot Beyblade 2002 - Bey Battle Tournament 2 (Japan)	Bakuten Shoot Beyblade 2002 : Bey Battle Tournament 2	2002		Takara	1-2
Baldies (USA)	Baldies	2003	Strategy	Creative Edge Software	1
Baldy Land (Japan)	Baldies	2003	Strategy	Creative Edge Software	1
Ball Breakers (USA)	Ball Breakers	2000		Lost Toys	1-2
Ballblazer Champions (USA)	BallBlazer Champions	1997		Factor 5	1-2
Ballerburg (Europe)	Ballerburg : Castle Chaos	2003	Strategy	Ascaron Entertaiment	1-2
Ballerburg - Castle Chaos (USA)	Ballerburg : Castle Chaos	2003	Strategy	Ascaron Entertaiment	1-2
Ballistic (USA)	Ballistic	1999	Puzzle	Mitchell	1-2
Baphomets Fluch (Germany)	Broken Sword : The Shadow of the Templars	1998	Adventure/Adventure / Point and Click	Revolution Software	1
Baphomets Fluch II - Die Spiegel der Finsternis (Germany)	Broken Sword II : The Smoking Mirror	1999	Adventure	Revolution Software	1
Barbie - Aventure Equestre (France)	Barbie : Race & Ride	1999	Sports with animals/Adventure	Runecraft	1-2
Barbie - Aventuriere (France)	Barbie : Explorer	2001	Platform	Runecraft	1-2
Barbie - Esploratrice (Italy)	Barbie : Explorer	2001	Platform	Runecraft	1-2
Barbie - Explorer (USA)	Barbie : Explorer	2001	Platform	Runecraft	1-2
Barbie - Gotta Have Games (USA)	Barbie : Gotta Have Games	2003	Casual Game	Digital Illusions	1-2
Barbie - Race & Ride (USA)	Barbie : Race & Ride	1999	Sports with animals/Adventure	Runecraft	1-2
Barbie - Sports Extreme (France)	Barbie : Super Sports	2000	Sports / Skiing/Sports / Skateboard/Sports	Runecraft	1-2
Barbie - Super Sport (Germany)	Barbie : Super Sports	2000	Sports / Skiing/Sports / Skateboard/Sports	Runecraft	1-2
Barbie - Super Sports (USA)	Barbie : Super Sports	2000	Sports / Skiing/Sports / Skateboard/Sports	Runecraft	1-2
Barca Manager 2000 (Spain) (Es,Ca)	Player Manager 2000	2000	Sports / Football (Soccer)/Simulation/Sports	Ubisoft	1
Bardysh - Kromeford no Juunin (Japan)	Bardysh : Kromeford no Juunin	1999	Role Playing Game	Infinity	1
Baroque - Yuganda Mousou (Japan)	Baroque : Yuganda Mousou	1999	Role Playing Game/Adventure	Sting Entertainment	1
Baroque Syndrome (Japan)	Baroque Syndrome	2000	Adventure	Sting Entertainment	1
Baseball - Pro-nami Kusayakyuu! (Japan)	Big League Slugger Baseball	2003	Sports / Baseball/Sports	Now Production	1-2
Baseball Navigator (Japan)	Baseball Navigator	1997	Sports / Baseball/Simulation/Sports	Ornith	1-2
Baseball Simulation - ID Pro Yakyuu (Japan)	Baseball Simulation : ID Pro Yakyuu	2001	Simulation/Sports / Baseball/Sports	Konami	1-2
Bases Loaded '96 - Double Header (USA)	Bases Loaded '96 : Double Header	1995	Sports / Baseball/Sports	Jaleco	1-2
Bass Fisherman - Texas (Japan)	Bass Fisherman : Texas	1998	Fishing/Hunting and Fishing	Sammy USA Corporation	1
Bass Landing (USA)	Bass Landing	2000	Fishing/Hunting and Fishing	TOSE	1
Bass Landing 2 (Japan)	Bass Landing 2	2001	Fishing/Hunting and Fishing	TOSE	1
Bass Rise (USA)	Bass Rise	1999	Fishing/Hunting and Fishing	BEC	1-4
Bass Tsuri ni Ikou! (Japan)	Let's Go Bassfishing!	1999	Fishing/Hunting and Fishing	Team Daiwa	1
Bassing Beat 2 (Japan)	Miracle Jim No - Bassing Beat 2	2000	Fishing/Hunting and Fishing	Hearty Robin	1
Bastard!! Utsuronaru Kamigami no Utsuwa (Japan)	Bastard!! Utsuronaru Kamigami no Utsuwa	1996	Role Playing Game	Opus Software	1
Batman & Robin (USA)	Batman & Robin	1998	Adventure	Probe Entertainment	1
Batman - Gotham City Racer (USA)	Batman : Gotham City Racer	2001	Racing, Driving	Sinister Games	1-2
Batman Beyond - Return of the Joker (USA)	Batman Beyond : Return of the Joker	2000	Beat'em Up	Kemco	1
Batman Forever - The Arcade Game (USA)	Batman Forever : The Arcade Game	1996	Beat'em Up	Iguana Entertainment	1-2
Batman of the Future - Return of the Joker (Europe) (En,Fr,De)	Batman Beyond : Return of the Joker	2000	Beat'em Up	Kemco	1
Battle Arena Nitoushinden (Japan)	Battle Arena Nitoushinden	1996	Fighting	Tamsoft	1-2
Battle Arena Toshinden (USA)	Battle Arena Toshinden	1995	Fighting / 3D/Fighting	Tamsoft	1-2
Battle Arena Toshinden 2 (USA)	Battle Arena Toshinden 2	1996	Fighting / 3D/Fighting	Tamsoft	1-2
Battle Arena Toshinden 3 (USA) (En,Ja)	Battle Arena Toshinden 3	1997	Fighting / 3D/Fighting	Tamsoft	1-2
Battle Arena Toushinden 2 (Japan)	Battle Arena Toshinden 2	1996	Fighting / 3D/Fighting	Tamsoft	1-2
Battle Arena Toushinden 2 - Gyouten Kyougaku no Shishoku-ban (Japan)	Battle Arena Toshinden 2	1996	Fighting / 3D/Fighting	Tamsoft	1-2
Battle Arena Toushinden 2 Plus (Japan)	Battle Arena Toshinden 2	1996	Fighting / 3D/Fighting	Tamsoft	1-2
Battle Arena Toushinden 3 (Japan, Asia)	Battle Arena Toshinden 3	1997	Fighting / 3D/Fighting	Tamsoft	1-2
Battle Athletess - Daiundoukai Alternative (Japan)	Battle Athletess : Daiundoukai Alternative	2000	Simulation/Strategy	AIC Spirits	1
Battle Athletess - Daiundoukai GTO (Grand Trial Onnanoco) (Japan)	Battle Athletess : Daiundoukai GTO	1999	Sports / Running trails/Sports	Exrays	1-2
Battle Bugs (Japan)	Battle Bugs	1997	Strategy	Epyx	1
Battle Formation (Japan)	Battle Formation	1997	Strategy	Banpresto	1-4
Battle Hunter (USA)	Battle Hunter	2001	Board game/Role Playing Game	Success	1-4
Battle Konchuuden (Japan)	Battle Konchuuden	1999	Role Playing Game	Jaleco	1-2
Battle Master (Japan)	Battle Master	1998	Fighting	Taki	1-2
Battle Stations (USA)	Battle Stations	1997	Strategy	Realtime Associates	1-2
BattleRound USA (Japan)	Rush Hour	1997	Racing, Driving	Clockwork Games Limited	1-2
BattleSport (USA)	BattleSport	1997	Sports	Unexpected Development	1-2
BattleTanx - Global Assault (USA)	BattleTanx : Global Assault	2000	Shooter	The 3DO Company	1-2
BDFL Manager 2001 (Germany)	LMA Manager 2001	2001	Sports / Football (Soccer)/Simulation/Sports	Codemasters	2
BDFL Manager 2002 (Germany)	LMA Manager 2002	2001	Sports / Football (Soccer)/Simulation/Strategy/Sports	Codemasters	2
Beach Volleyball (Europe) (En,Fr,De,Es,It)	Power Spike : Pro Beach Volleyball	2000	Sports / Volleyball/Sports	Carapace	2
Bealphareth (Japan)	Bealphareth	2000	Role Playing Game	Sony Computer Entertainment	1
Beast Wars - Transformers (USA)	Beast Wars : Transformers	1997	Shooter	SCE Studio Cambridge	1
Beat Mania (Japan) (Disc 2) (Append)	Beatmania	2000	Rhythm/Music and Dancing	KCEJ	1-2
Beat Mania - The Sound of Tokyo (Japan)	Beat Mania : The Sound of Tokyo	2001	Rhythm/Music and Dancing	KCEJ	1-2
Beat Mania 3rd Mix Mini (Japan)	Beat Mania Append 3rdmix	1998	Rhythm/Music and Dancing	KCEJ	1-2
Beat Mania Append 3rdMix (Japan)	Beat Mania Append 3rdmix	1998	Rhythm/Music and Dancing	KCEJ	1-2
Beat Mania Append GottaMix (Japan, Asia)	Beat Mania Append GottaMix	1999	Rhythm/Music and Dancing	KCEJ	1-2
Beat Mania Append GottaMix 2 - Going Global (Japan)	Beat Mania Append Gottamix 2 - Going Global	2000	Rhythm/Music and Dancing	KCEJ	1-2
Beat Planet Music (Japan)	Beat Planet Music	2000	Rhythm/Music and Dancing	Opus Software	1
Beatmania (Europe)	Beatmania	2000	Rhythm/Music and Dancing	KCEJ	1-2
Beatmania 6thMix + Core Remix (Japan)	Beatmania 6thMix + Core Remix	2002	Rhythm/Music and Dancing	KCEJ	1-2
Beatmania Append 4thMix - The Beat Goes On (Japan)	Beatmania Append 4thmix - The Beat Goes On	1999	Rhythm/Music and Dancing	KCEJ	1-2
Beatmania Append 5thMix - Time to Get Down (Japan)	Beatmania Append 5thmix - Time To Get Down	2000	Rhythm/Music and Dancing	KCEJ	1-2
Beatmania Append Club Mix (Japan)	Beatmania Append Club Mix	2000	Rhythm/Music and Dancing	KCEJ	1-2
Beatmania Best Hits (Japan)	Beatmania Best Hits	2000	Rhythm/Music and Dancing	KCEJ	1-2
Beatmania featuring Dreams Come True (Japan)	Beatmania featuring Dreams Come True	2000	Rhythm/Music and Dancing	KCEJ	1-2
Beavis and Butt-Head - Virtual Aho Shoukougun (Japan)	Beavis and Butt-Head : Virtual Aho Shoukougun	1998	Adventure	Viacom New Media	1-2
Bedlam (Europe) (En,Fr,De,Es,It,Nl)	Bedlam	1997	Shooter	Mirage Technologies	1
Beltlogger 9 (Japan)	Brahma Force : The Assault on Beltlogger 9	1997	Shooter / FPV/Shooter	Genki	1
Beyblade (USA)	Beyblade	2002	Fighting/Simulation	Wavedge	1-2
Beyond the Beyond (USA)	Beyond the Beyond	1996	Role Playing Game	Camelot Software Planning	1
Beyond the Beyond - Haruka naru Kanaan e (Japan)	Beyond the Beyond	1996	Role Playing Game	Camelot Software Planning	1
BFS - Blue Forest Story - Kaze no Fuuin (Japan)	Blue Forest Story : Kaze no Fuuin	1996	Role Playing Game	Right Stuff	1
Big Air (USA)	Big Air	1999	Sports / Skiing/Sports	Pitbull Syndicate	1-2
Big Bass Fishing (USA)	Big Bass Fishing	2002	Fishing/Hunting and Fishing	Coresoft	1
Big Bass World Championship (USA)	Big Bass World Championship	1997	Fishing/Sports/Hunting and Fishing	Starfish	1
Big Challenge Golf - Tokyo Yomiuri Country Club-hen (Japan)	Big Challenge Golf : Tokyo Yomiuri Country Club Hen	1997	Sports / Golf/Sports	Vap	1-4
Big League Slugger Baseball (USA)	Big League Slugger Baseball	2003	Sports / Baseball/Sports	Now Production	1-2
Big Ol' Bass 2 (USA)	Big Ol' Bass 2	2000	Fishing/Hunting and Fishing	Konami Computer Entertainment Nagoya	1-2
Big Strike Bowling (USA)	Big Strike Bowling	2003	Sports / Bowling/Sports	Coresoft	1-6
Billiards (USA)	Billiards	2001	Sports / Pool/Sports	Success	1-2
Bio F.R.E.A.K.S. (USA)	Bio F.R.E.A.K.S.	1998	Fighting	Saffire	1-2
Bio Hazard (Japan)	Resident Evil	1996	Adventure / Survival Horror/Adventure	Virgin	1
Bio Hazard - Director's Cut (Japan)	Resident Evil : Director's Cut	1997	Adventure / Survival Horror/Adventure	Capcom	1
Bio Hazard - Director's Cut - Dual Shock Ver. (Japan)	Resident Evil : Director's Cut	1997	Adventure / Survival Horror/Adventure	Capcom	1
Bio Hazard - Director's Cut - Dual Shock Ver. Complete Disc (Japan)	Resident Evil : Director's Cut	1997	Adventure / Survival Horror/Adventure	Capcom	1
Biohazard - Gun Survivor (Japan)	Resident Evil : Survivor	2000	Lightgun Shooter	TOSE	1
Biohazard 2 (Japan) (Disc 1) (Leon-hen)	Resident Evil 2 (Leon Kennedy Disc)	1998	Adventure / Survival Horror/Adventure	Capcom	1
Biohazard 2 - Dual Shock Ver. (Japan) (Disc 1) (Leon-hen)	Resident Evil 2 (Leon Kennedy Disc)	1998	Adventure / Survival Horror/Adventure	Capcom	1
Biohazard 3 - Last Escape (Japan)	Resident Evil 3 : Nemesis	1999	Adventure / Survival Horror/Adventure	Capcom	1
Bishi Bashi Special (Europe)	Bishi Bashi Special	2000	Casual Game	Konami	1-8
Bishi Bashi Special 2 (Japan)	Bishi Bashi Special 2	1999	Casual Game	KCE Sapporo	1-2
Bishi Bashi Special 3 - Step Champ (Japan)	Bishi Bashi Special 3 : Step Champ	2002	Casual Game	KCE Sapporo	1-2
Bishoujo Hanafuda Kikou - Michinoku Hitou Koi Monogatari (Japan)	Michinoku Hitou Koi Monogatari	1997	Simulation	Full On Games	1
Bishoujo Ren'ai Mahjong Series - Karan Koron Gakuen - Doki Doki-hen (Japan)	Bishoujo Renai Mahjong Series : Karan Koron Gakuen, Doki Doki Hen	2000	Mahjong/Asiatic board game	J-Wing	1
Bishoujo Ren'ai Mahjong Series - Karan Koron Gakuen - Munekyun-hen (Japan)	Karan Koron Gakuen : Munekyun Hen	2000	Asiatic board game	J-Wing	1
Bishoujo Ren'ai Mahjong Series - Karan Koron Gakuen - Pure Love-hen (Japan)	Karan Koron Gakuen : Pure Love Hen	2000	Asiatic board game	J-Wing	1
Bishoujo Ren'ai Mahjong Series 2nd - Shiritsu Houou Gakuen - 1-nen Jun'ai-gumi (Japan)	Shiritsu Houou Gakuen : 1, Nen Junai Gumi	2001	Mahjong/Asiatic board game	J-Wing	1
Bishoujo Ren'ai Mahjong Series 2nd - Shiritsu Houou Gakuen - 2-nen Junjou-gumi (Japan)	Shiritsu Houou Gakuen : 2, Nen Junjou Gumi	2001	Asiatic board game	J-Wing	1
Bishoujo Senshi Sailor Moon SuperS - Shin Shuyaku Soudatsusen (Japan)	Bishoujo Senshi Sailor Moon SuperS : Shin Shuyaku Soudatsusen	1996	Fighting/Fighting / 2.5D	Angel	1-2
Bistro, The - Ryouri & Wine no Shokunintachi (Japan)	The Bistro : Ryouri & Wine Shokunin-tachi	2000	Simulation/Strategy	Syscom Entertainment	1
Black Bass with Blue Marlin (USA)	Black Bass with Blue Marlin	1999	Fishing/Hunting and Fishing	Soar Software	1-2
Black Dawn (USA)	Black Dawn	1996	Shooter	Black Ops Entertainment	1
Black-Matrix + (Japan) (Disc 1)	Black Matrix Cross	2000	Role Playing Game	Flight-Plan	1
Black-Matrix 00 (Japan) (Disc 1)	Black Matrix 00	2004	Role Playing Game	Flight Plan	1-2
Blackjack vs. Matsuda Jun (Japan)	Blackjack Vs. Matsuda Jun	2000	Casino / Cards/Casino	Pony Canyon	1
Blade (USA)	Blade	2000	Adventure	Hammerhead	1
Blade Arts - Tasogare no Miyako R'lyeh (Japan)	Blade Arts : Tasogare no Miyako R'lyeh	2000	Adventure	EA Games	1
Blade Maker (Japan)	Blade Maker	1999	Role Playing Game/Adventure	Shoeisha	1
Blam! Machinehead (Europe)	Machine Head	1996	Shoot'em Up	Core Design	1
Blast Chamber (USA)	Blast Chamber	1996	Puzzle	Attention To Detail (ATD)	1-4
Blast Lacrosse (USA)	Blast Lacrosse	2001	Sports	Sandbox	1-2
Blast Radius (USA)	Blast Radius	1999	Shooter/Shoot'em Up/Simulation	Psygnosis Camden Studio	1-2
Blaster Master (Japan)	Blaster Master : Blasting Again	2001	Racing, Driving/Shooter / Vehicle, TPV/Shooter	Art System	1
Blaster Master - Blasting Again (USA)	Blaster Master : Blasting Again	2001	Racing, Driving/Shooter / Vehicle, TPV/Shooter	Art System	1
Blasto (USA)	Blasto	1998	Platform/Shooter	Sony Interactive Studios America	1
Blaze & Blade - Eternal Quest (Europe)	Blaze & Blade: Eternal Quest	1999	Role Playing Game	T&E Soft	1-4
Blaze & Blade Busters (Japan)	Blaze & Blade Busters	1998	Role Playing Game	GungHo	1-4
Blazing Dragons (USA)	Blazing Dragons	1996	Adventure / Point and Click/Adventure	The Illusions Gaming Company	1
Blend x Brand - Odekake Gousei RPG (Japan)	Blend x Brand : Odekake Gousei RPG	2001	Role Playing Game/Adventure/Simulation	Tonkin House	1
Block Buster (Europe)	Block Buster	2003	Action/Action / Breakout games	Tamsoft	1-2
Block Kuzushi (Japan)	Block Kuzushi	2000	Action / Breakout games/Action	Now Production	1-2
Block Kuzushi - Deden no Gyakushuu (Japan)	Block Kuzushi : Deden no Gyakushuu	1996	Action / Breakout games/Action	Island Creation	1-2
Block Kuzushi - Kowashite Help! (Japan)	Block Kuzushi	2000	Action / Breakout games/Action	Now Production	1-2
Block Kuzushi 2 (Japan)	Block Buster	2003	Action/Action / Breakout games	Tamsoft	1-2
Block Wars (Japan)	Block Wars	2001	Action / Breakout games/Action	Opera House	1-2
Blockids (USA)	Blockids	2003	Action / Breakout games/Action	Athena	1
Blood Factory (Japan)	Loaded	1995	Shooter	Gremlin Interactive	1-2
Blood Lines (Europe) (En,Fr,De,Es,It)	Blood Lines	1999	Fighting	Radical Entertainment	1-2
Blood Omen - Legacy of Kain (USA)	Blood Omen : Legacy of Kain	1996	Action RPG/Role Playing Game	Silicon Knights	1
Bloody Roar (USA)	Bloody Roar	1997	Fighting	Eighting	1-2
Bloody Roar - Hyper Beast Duel (Europe)	Bloody Roar	1997	Fighting	Eighting	1-2
Bloody Roar 2 - Bringer of the New Age (Europe)	Bloody Roar II	1999	Fighting / 3D/Fighting	Eighting	1-2
Bloody Roar II (USA)	Bloody Roar II	1999	Fighting / 3D/Fighting	Eighting	1-2
Blue Breaker - Egao no Yakusoku (Japan)	Blue Breaker : Egao no Yakusoku	1997	Role Playing Game	Hunex	1
Blue Breaker Burst - Egao no Asu ni (Japan)	Blue Breaker Burst : Egao no Asu ni	2001	Fighting/Role Playing Game	Hunex	1-2
Blue Breaker Burst - Hohoemi o Anata to (Japan)	Blue Breaker Burst: Bishou o Anata to	1998	Fighting/Role Playing Game	Human Club	1-2
Blue Marlin, The (Japan)	The Blue Marlin	2000	Fishing/Hunting and Fishing	Hot-B	
Blue's Clues - Blue's Big Musical (USA)	Blue's Clues : Blue's Big Musical	2001	Educational	Terraglyph Interactive Studios	1-2
Bob Aggiustatutto (Italy)	Bob the Builder : Can We Fix It?	2000	Puzzle/Educational	Steel Monkeys	1
Bob le Bricoleur - Reparer C'est Gagne ! (France)	Bob the Builder : Can We Fix It?	2000	Puzzle/Educational	Steel Monkeys	1
Bob the Builder - Can We Fix It (USA)	Bob the Builder : Can We Fix It?	2000	Puzzle/Educational	Steel Monkeys	1
Body Hazard (Japan)	Perfect Weapon	1996	Beat'em Up	Grey Matter	1
Bogey Dead 6 (USA)	Bogey : Dead 6	1996	Shooter	Pegasus Japan	1-2
Boku no Choro Q (Japan)	Boku No Choro Q	2002	Casual Game	Takara	1-2
Boku no Natsuyasumi - Summer Holiday 20th Century (Japan)	Boku no Natsuyasumi : Summer Holiday 20th Century	2000	Adventure/Casual Game	Millenium Kitchen	1
Boku wa Koukuu Kanseikan (Japan)	Boku wa Koukuu Kanseikan	1999	Simulation	Syscom Entertainment	1
Bokujou Monogatari - Harvest Moon (Japan)	Harvest Moon : Back to Nature	2000	Role Playing Game	Victor Interactive Software	1
Bokujou Monogatari - Harvest Moon for Girl (Japan)	Bokujou Monogatari : Harvest Moon for Girl	2000		Pack In Video	1
Bomberman (Europe)	Bomberman : Party Edition	2000	Action / Labyrinth/Action	Metro Corporation	1-5
Bomberman - Party Edition (USA)	Bomberman : Party Edition	2000	Action / Labyrinth/Action	Metro Corporation	1-5
Bomberman Fantasy Race (USA)	Bomberman Fantasy Race	1999	Racing, Driving	Graphic Research	1-2
Bomberman Land (Japan)	Bomberman Land	2000	Casual Game	Hudson Soft	1-2
Bomberman Wars (Japan, Asia)	Bomberman Wars	1998	Role Playing Game/Strategy	Hudson Soft	1-2
Bomberman World (USA)	Bomberman World	1998	Action/Action / Labyrinth	Hudson Soft	1-2
Bombing Islands, The (USA)	The Bombing Islands	2001	Puzzle	Kemco	1
Bonogurashi - Kore de Kanpeki Disu (Japan)	Bonogurashi : Kore de Kanpeki Disu	1996	Adventure	Amuze AB	1
Book of Watermarks, The (Japan) (Disc 1)	The Book of Watermarks	1999	Puzzle/Adventure	Arc Developments Limited	1
BoomBots (USA)	BoomBots	1999	Fighting/Fighting / 3D	South Peak Interactive	1-2
Bottom of the 9th '97 (USA)	Bottom of the 9th '97	1997	Sports / Baseball/Sports	Konami Computer Entertainment Chicago	1-2
Bottom of the 9th '99 (USA)	Bottom of the 9th '99	1998	Sports / Baseball/Sports	Konami Computer Entertainment Chicago	1-2
Bottom of the 9th (USA)	Bottom of the 9th	1997	Sports/Sports / Baseball	Konami Computer Entertainment Chicago	1-2
Bottom of the 9th - Major League Heroes (Japan)	Bottom of the 9th	1997	Sports/Sports / Baseball	Konami Computer Entertainment Chicago	1-2
Boucliers de Quetzalcoatl, Les - Les Chevaliers de Baphomet II (France)	Broken Sword II : The Smoking Mirror	1999	Adventure	Revolution Software	1
Boundary Gate - Daughter of Kingdom (Japan)	Boundary Gate : Daughter of Kingdom	1997	Role Playing Game/Adventure	Victor Interactive Software	1
Bounty Hunter Sara - Holy Mountain no Teiou (Japan)	Bounty Hunter Sara : Holy Mountain no Teiou	2001	Adventure	Flagship	1
Bounty Sword - Double Edge (Japan)	Bounty Sword : Double Edge	1998	Role Playing Game/Strategy	Pioneer LDC	1
Bounty Sword First (Japan)	Bounty Sword First	1997	Role Playing Game/Strategy	Pioneer LDC	1
Bowling (USA)	Bowling	2000	Sports/Sports / Bowling	Tamsoft	1-4
Box Champions 2000 (Germany)	Knockout Kings 2000	1999	Sports / Boxing/Fighting/Sports	Black Ops Entertainment	1-2
Box Champions 2001 (Germany)	Knockout Kings 2001	2000	Sports / Boxing/Fighting/Sports	Black Ops Entertainment	1-2
Box-Champions (Germany)	Knockout Kings	1998	Sports / Boxing/Fighting/Sports	Press Start	1-2
Boxer's Road (Japan)	Boxer's Road	1995	Sports / Boxing/Simulation/Sports	New	1-2
Boxing (USA)	Boxing	2001	Sports / Boxing/Fighting/Sports	Nekogumi	1-2
Boys Be... (Japan)	Boys Be...	1997	Adventure/Simulation	Axes Art Amuse	1
Boys Be... 2nd Season (Japan)	Boys Be... 2nd Season	1999	Adventure	Gust	1
Brahma Force (Europe)	Brahma Force : The Assault on Beltlogger 9	1997	Shooter / FPV/Shooter	Genki	1
Brahma Force - The Assault on Beltlogger 9 (USA)	Brahma Force : The Assault on Beltlogger 9	1997	Shooter / FPV/Shooter	Genki	1
BrainDead 13 (USA) (Disc 1)	Brain Dead 13	1996	Adventure / Interactive Movie/Adventure	ReadySoft	1
Bratz - Dress Up, Get Down and Be a Bratz Superstar! (USA) (En,Fr,Es)	Bratz : Dress Up, Get Down and Be a Bratz Superstar!	2003	Music and Dancing	DC Studios	1-2
Brave Fencer Musashi (USA)	Brave Fencer Musashi	1998	Role Playing Game	Squaresoft	1
Brave Fencer Musashiden (Japan, Asia)	Brave Fencer Musashi	1998	Role Playing Game	Squaresoft	1
Brave Prove (Japan)	Brave Prove	1998	Role Playing Game	Data West	1
Brave Saga 2 (Japan) (Disc 1)	Brave Saga 2	2000	Role Playing Game	Pandora Box	1
Brave Saga 2 - Koushiki Data Disc - Yuusha no Akashi 2 (Japan)	Brave Saga 2	2000	Role Playing Game	Pandora Box	1
Brave Sword (Japan)	Brave Sword	2000	Role Playing Game	Sammy Corporation	1
Bravo Air Race (USA)	Bravo Air Race	1997	Simulation	Metro Corporation	1-2
Break Point (Europe) (En,Fr)	Break Point	1996	Sports / Tennis/Sports	Smart Dog	1-2
Break Thru! (Japan)	Break Thru!	1995	Puzzle	Shoeisha	1-2
Break Volley (Japan)	Break Volley	1999	Sports / Volleyball/Sports/Sports	Art	1-2
Breakout (USA)	Breakout	2000	Action / Breakout games/Action	Supersonic Software	1-4
Breakout - A Story of Bat Meets Ball...! (Europe) (En,Fr,De,It)	Breakout	2000	Action / Breakout games/Action	Supersonic Software	1-4
Breath of Fire III (USA)	Breath of Fire III	1998	Role Playing Game	Capcom	1
Breath of Fire IV (USA)	Breath of Fire IV	2000	Role Playing Game	Capcom	1
Breath of Fire IV - Utsurowazaru Mono (Japan)	Breath of Fire IV	2000	Role Playing Game	Capcom	1
Breed Master (Japan)	Breed Master	2002	Puzzle	Office Create	1-2
Breeding Stud - Bokujou de Aimashou (Japan)	Breeding Stud : Bokujou de Aimashou	1997	Simulation	Konami	1
Breeding Stud 2 (Japan)	Breeding Stud 2	1998	Simulation	KCET	1
Brian Lara Cricket (Europe)	Brian Lara Cricket	1998	Sports	Codemasters	1-2
Brigandine - Gensou Tairiku Senki (Japan)	Brigandine : The Legend of Forsena	1998	Role Playing Game/Strategy	Hearty Robin	1
Brigandine - Grand Edition (Japan) (Disc 1)	Brigandine : Grand Edition	2008	Role Playing Game/Strategy	Hearty Robin	1-6
Brigandine - The Legend of Forsena (USA)	Brigandine : The Legend of Forsena	1998	Role Playing Game/Strategy	Hearty Robin	1
Brightis (Japan)	Brightis	1999	Adventure	Quintet	1
Broken Helix (USA)	Broken Helix	1997	Shooter	Konami Computer Entertainment Chicago	1
Broken Sword - La Leyenda de los Templarios (Spain)	Broken Sword : The Shadow of the Templars	1998	Adventure/Adventure / Point and Click	Revolution Software	1
Broken Sword - The Shadow of the Templars (USA)	Broken Sword : The Shadow of the Templars	1998	Adventure/Adventure / Point and Click	Revolution Software	1
Broken Sword II - La Profezia dei Maya (Italy)	Broken Sword II : The Smoking Mirror	1999	Adventure	Revolution Software	1
Broken Sword II - Las Fuerzas del Mal (Spain)	Broken Sword II : The Smoking Mirror	1999	Adventure	Revolution Software	1
Broken Sword II - The Smoking Mirror (USA)	Broken Sword II : The Smoking Mirror	1999	Adventure	Revolution Software	1
Brunswick Circuit Pro Bowling (USA)	Brunswick Circuit Pro Bowling	1998	Sports / Bowling/Sports	Adrenalin Interactive	1-6
Brunswick Circuit Pro Bowling 2 (USA)	Brunswick Circuit Pro Bowling 2	2000	Sports/Sports / Bowling	Adrenalin Interactive	1-8
Bubble Bobble also featuring Rainbow Islands (USA)	Bubble Bobble also featuring Rainbow Islands	1996	Puzzle	Probe Entertainment	1-2
Bubblegun Kid (Japan)	Rascal	1998	Platform	Traveller's Tales	1
Bubsy 3D - Furbitten Planet (USA)	Bubsy 3D : Furbitten Planet	1996	Platform	Eidetic	1-2
Buckle Up! (Japan)	Buckle Up!	1998	Racing, Driving	Shangri-La	1
Buggy (Europe) (En,Fr,De,Es,It,Pt)	Team Losi RC Racer	1998	Racing, Driving	Gremlin Interactive	1-2
Bugi (Japan)	Kensei : Sacred Fist	1998	Fighting	KCET	1-2
Bugriders - The Race of Kings (USA)	Bugriders : The Race of Kings	1997	Racing, Driving	n-Space	1-2
Bugs Bunny & Taz - Time Busters (USA) (En,Fr,Es)	Bugs Bunny & Taz : Time Busters	2000	Platform	Artificial Mind & Movement	1-2
Bugs Bunny - Lost in Time (USA) (En,Fr,Es)	Bugs Bunny : Lost in Time	1999	Platform	Behaviour Interactive	1
Builder's Block (USA)	Builder's Block	2000	Puzzle	Taito	1-2
Building Crush! (Japan)	Building Crush!	1996	Puzzle	Shoeisha	1-2
Bundesliga 2000 - Der Fussball-Manager (Germany)	The F.A. Premier League Football Manager 2000	1999	Sports / Football (Soccer)/Simulation/Sports	EA Sports	1
Bundesliga Stars 2000 (Germany)	The F.A. Premier League Stars	1999	Sports / Football (Soccer)/Sports	EA Sports	1-2
Bundesliga Stars 2001 (Germany)	The F.A. Premier League Stars 2001	2000	Sports / Football (Soccer)/Sports	EA Sports	1-2
Burger Burger - Hamburger Simulation (Japan)	Burger Burger : Hamburger Simulation	1998	Simulation	Mediamuse / Rythmics.	1
Burger Burger 2 (Japan)	Burger Burger 2	1999	Strategy	Biox	1
Burning Road (USA)	Burning Road	1996	Racing, Driving	Toka	1-2
BursTrick - Wake Boarding!! (USA)	BursTrick : Wake Boarding!!	2001	Sports / Water/Sports	Metro Corporation	1
Bushido Blade (USA)	Bushido Blade	1997	Fighting	Light Weight	1-2
Bushido Blade 2 (USA)	Bushido Blade 2	1998	Fighting	Light Weight	1-2
Bust A Groove (USA)	Bust A Groove	1998	Music and Dancing	Metro Corporation	1-2
Bust A Groove 2 (USA)	Bust A Groove 2	1999	Dancing/Music and Dancing	Metro Corporation	1-2
Bust A Move (Japan) (Disc 1) (Genteiban)	Bust A Groove	1998	Music and Dancing	Metro Corporation	1-2
Bust A Move 2 - Dance Tengoku Mix (Japan)	Bust A Groove 2	1999	Dancing/Music and Dancing	Metro Corporation	1-2
Bust-A-Groove (Europe) (En,Fr,De,Es,It)	Bust A Groove	1998	Music and Dancing	Metro Corporation	1-2
Bust-A-Move '99 (USA)	Bust-A-Move '99	1999	Puzzle / Throw/Puzzle	Taito	1-2
Bust-A-Move 2 - Arcade Edition (USA)	Bust-A-Move 2 : Arcade Edition	1996	Puzzle / Throw/Puzzle	Taito	1-2
Bust-A-Move 3 DX (Europe)	Bust-A-Move '99	1999	Puzzle / Throw/Puzzle	Taito	1-2
Bust-A-Move 4 (USA)	Bust-A-Move 4	1998	Puzzle / Throw/Puzzle	Taito	1-2
Buster Bros. Collection (USA)	Buster Bros. Collection	1997	Compilation/Shooter	Mitchell	1-2
Buttsubushi (Europe, Australia)	Buttsubushi	2004	Puzzle	Selen	1-2
Byggare Bob - Kan Vi Fixa Det (Sweden)	Bob the Builder : Can We Fix It?	2000	Puzzle/Educational	Steel Monkeys	1
Byggemand Bob - Kan Vi Klare Det (Denmark)	Bob the Builder : Can We Fix It?	2000	Puzzle/Educational	Steel Monkeys	1
Byggmester Bob - Kan Det Fikses (Norway)	Bob the Builder : Can We Fix It?	2000	Puzzle/Educational	Steel Monkeys	1
C - The Contra Adventure (USA)	C : The Contra Adventure	1998	Shooter / Run and Gun/Shooter	Appaloosa Interactive	1
C-12 - Final Resistance (USA)	C-12 : Final Resistance	2002	Shooter	SCE Studio Cambridge	1
C1 - Circuit (Japan)	C1 : Circuit	1996	Racing, Driving	Invex	1-2
C3 Racing - Car Constructors Championship (Europe) (En,Fr,De,Es,It)	C3 Racing : Car Constructors Championship	1999	Sports/Racing, Driving	Eutechnyx	2
Cabela's Big Game Hunter - Ultimate Challenge (USA)	Cabela's Big Game Hunter : Ultimate Challenge	2001	Hunting/Hunting and Fishing	Coresoft	1
Cabela's Ultimate Deer Hunt - Open Season (USA)	Cabela's Ultimate Deer Hunt : Open Season	2002	Hunting/Hunting and Fishing	Coresoft	1
Cadillac (Japan)	Cadillac	1999	Puzzle	HectorSoft	1-2
Caesars Palace (USA)	Caesars Palace	1997	Casino	Beam Software	1-2
Caesars Palace 2000 - Millennium Gold Edition (USA)	Caesars Palace 2000 : Millennium Gold Edition	2000	Casino	Runecraft	1-4
Caesars Palace II (USA)	Caesars Palace II	1998	Casino	Runecraft	1-4
Calcio Manager 2000 (Italy)	Player Manager 2000	2000	Sports / Football (Soccer)/Simulation/Sports	Ubisoft	1
Calcolo! Ochimono Shooting (Japan)	Calcolo!	1997	Puzzle	Clef Inventor	1-2
California Surfing (Europe)	California Surfing	2003	Sports / Water/Sports	Midas Games	1-4
California Watersports (Europe) (En,Fr,De)	California Watersports	2001	Sports / Multisports/Sports / Water/Sports	Theyer GFX	1-2
Canal+ Premier Manager (Europe) (Fr,Es,It)	Premier Manager 2000	2000	Sports / Football (Soccer)/Simulation/Sports	Infogrames	1
Capcom Generation - Dai-1-shuu Gekitsuiou no Jidai (Japan)	Capcom Generation 1 : Dai-1-shuu Gekitsuiou no Jida	1998	Shooter / Vertical/Shooter	Capcom	1-2
Capcom Generation - Dai-2-shuu Makai to Kishi (Japan)	Capcom Generation 2 : Dai 2 Shuu Makai to Kishi	1998	Compilation	Capcom	1-2
Capcom Generation - Dai-3-shuu Koko ni Rekishi Hajimaru (Japan)	Capcom Generation 3 : Dai 3 Shuu Koko ni Rekishi Hajimaru	1998	Compilation	Capcom	1-2
Capcom Generation - Dai-4-shuu Kokou no Eiyuu (Japan)	Capcom Generation 4 : Dai 4 Shuu Kokou no Eiyuu	1998	Compilation	Capcom	1-2
Capcom Generation - Dai-5-shuu Kakutoukatachi (Japan)	Capcom Generation 5	1998	Compilation/Fighting / 2D/Fighting	Capcom	1-2
Capcom Generations (Europe) (Disc 1) (Wings of Destiny)	Capcom Generations	1999	Compilation	Capcom	1-2
Capcom vs. SNK - Millennium Fight 2000 Pro (Europe)	Capcom vs. SNK Pro	2002	Fighting	Capcom	1-2
Capcom vs. SNK Pro (USA)	Capcom vs. SNK Pro	2002	Fighting	Capcom	1-2
Captain Commando (Japan)	Captain Commando	1998	Beat'em Up	Capcom	1-3
Captain Love (Japan)	Captain Love!!	1999	Adventure	Rit's	1
Captain Tsubasa - Arata naru Densetsu Joshou (Japan)	Captain Tsubasa : Aratanaru Densetsu Joshou	2002	Sports / Football (Soccer)/Sports	Winky Soft	1
Captain Tsubasa J - Get in the Tomorrow (Japan)	Captain Tsubasa J - Get in the Tomorrow	1995	Sports / Football (Soccer)/Sports	Bandai	1-2
Car and Driver Presents - Grand Tour Racing '98 (USA)	Car and Driver Presents : Grand Tour Racing '98	1997	Racing, Driving	Eutechnyx	1-4
Card Games (USA)	Card Games	2001	Playing cards/Casino	Amedio	1-2
Card Shark (Europe)	Family Card Games Fun Pack	2002	Playing cards	Bottom Up Interactive	1-4
Cardcaptor Sakura - Clow Card Magic (Japan)	Cardcaptor Sakura : Clow Card Magic	2000	Puzzle	Arika	1
Cardinal Syn (USA)	Cardinal Syn	1998	Fighting	Kronos Digital Entertainment	1-2
Carmageddon (Europe) (En,Fr,Es,It)	Carmageddon	1998	Racing, Driving	SCi Games	1-2
Carnage Heart (USA)	Carnage Heart	1997	Strategy	Artdink	1
Carnage Heart Extra (Japan)	Carnage Heart	1997	Strategy	Artdink	1
Carnage Heart EZ (Easy Zapping) (Japan)	Carnage Heart Ez : Easy Zapping	2003	Strategy	Artdink	1
Carom Shot (Japan)	Carom Shot	1997	Sports / Pool/Sports	Agenda	1-2
Carom Shot 2 (Japan)	Backstreet Billiards	1998	Sports / Pool/Sports	Argent	1-4
CART World Series (USA)	CART World Series	1997	Racing, Driving	Sony Interactive Studios America	1-2
Carton-kun (Japan)	Carton-kun	2000	Puzzle	Irem	1-2
Casper (USA)	Casper	1996	Adventure	Funcom	1
Casper - Friends Around the World (USA)	Casper : Friends Around the World	2000	Casual Game/Platform	Realtime Associates	1
Castlevania - Symphony of the Night (USA)	Castlevania : Symphony of the Night	1997	Role Playing Game/Action RPG	KCET	1
Castlevania Chronicle - Akumajou Dracula (Japan)	Castlevania Chronicles	2001	Platform	KCET	1
Castlevania Chronicles (USA)	Castlevania Chronicles	2001	Platform	KCET	1
Castrol Honda Superbike Racing (USA)	Castrol Honda Superbike Racing	1999	Racing, Driving / Motorcycle/Racing, Driving	Interactive Entertainment	1-2
Castrol Honda VTR (Europe) (En,Fr,De,It)	Castrol Honda VTR	2001	Racing, Driving / Motorcycle/Racing, Driving	Midas Games	1-2
Cat in the Hat, The (USA)	Dr. Seuss : The Cat in the Hat	2004	Adventure/Puzzle/Casual Game	DC Studios	1
Cat the Ripper - 13Ninme no Tanteishi (Japan)	Cat the Ripper : 13Ninme no Tanteishi	1997	Adventure	Tonkin House	1
Catan - Die erste Insel (Germany)	Catan - Die Erste Insel	2000	Board game/Strategy	Similis Software	1-4
CBZ - CyBall Zone (Germany)	DBZ : Dead Ball Zone	1998	Sports	Rage Software	1-2
Cellophanes (Japan)	Serofans	1997	Compilation	Ninelives	1
Centipede (USA)	Centipede	1999	Shooter / Space Invaders Like/Shooter/Shoot'em Up	Real Sports	1-2
CG Mukashi Banashi - Jiisan 2-do Bikkuri!! (Japan)	CG Mukashi Banashi : Jiisan 2-do Bikkuri!!	1996	Adventure	Axes Art Amuse	1
Chakushin Melody da mon (Japan)	Chakushin Melody Damon	1999	Music and Dancing	Ving	1
Chakushin Melody da mon Gold (Japan)	Chakushin Melody Damon Gold	2000	Various / Utilities/Various	Ving	1
Chakushin Melody da mon Volume. 2 (Japan)	Chakushin Melody Damon Volume.2	2000	Music and Dancing	Ving	1
Chakushin Melody da mon Volume. 3 (Japan)	Chakushin Melody Damon Volume.3	2000	Music and Dancing	Ving	1
Chakushin Melody da mon Volume. 4 (Japan)	Chakushin Melody Damon Volume.4	2000	Music and Dancing	Ving	1
Champion Wrestler - Jikkyou Live (Japan)	Champion Wrestler : Jikkyou Live	1996	Fighting	Taito	1-4
Championship Bass (USA)	Championship Bass	2000	Fishing/Hunting and Fishing	EA Seattle	1
Championship Manager Quiz (Europe)	Championship Manager Quiz	2001	Quiz	King of the Jungle	1-2
Championship Motocross 2001 featuring Ricky Carmichael (USA)	Championship Motocross 2001 featuring Ricky Carmichael	2001	Racing, Driving / Motorcycle/Racing, Driving	Funcom	1-2
Championship Motocross featuring Ricky Carmichael (USA)	Championship Motocross featuring Ricky Carmichael	1999	Racing, Driving / Motorcycle/Racing, Driving	Funcom	1-2
Championship Surfer (USA)	Championship Surfer	2000	Sports / Water/Sports	Krome	1-8
Chaos Break (Europe) (En,Fr,De,It)	Chaos Break	2000	Adventure	Eon Digital Entertainment	1
Chaos Control (Japan)	Chaos Control	1996	Lightgun Shooter	Infogrames	1
Character Tkool (Japan)	Ongaku Tkool : Kanadeeru 2	1998	Music and Dancing	ASCII	1
Charumera (Japan)	Charumera	2003	Simulation	Victor Interactive Software	1
Chase the Express (Europe) (Disc 1)	Covert Ops : Nuclear Dawn	2000	Action / Adventure/Action	Sugar & Rockets	1
Chase the Express - El Expreso de la Muerte (Spain) (Disc 1)	Covert Ops : Nuclear Dawn	2000	Action / Adventure/Action	Sugar & Rockets	1
Checkmate (Europe)	Checkmate	2001	Board game	Mere Mortals	1-2
Checkmate II (Europe)	Checkmate II	2002	Board game	Mere Mortals	1-2
Cheesy (Europe) (En,Fr)	Cheesy	1996	Platform	Ocean	1
Chess (USA)	Chess	2001	Board game	Success	1-2
Chess 2000 (Japan)	Chess 2000	2000	Board game	Oxford Softworks	1-2
Chessmaster 3-D, The (USA)	The Chessmaster 3-D	1996	Board game	Mindscape	1-2
Chessmaster II (USA)	Chessmaster II	1999	Board game	Starsphere Interactive	1-4
Chessmaster, The (Japan)	The Chessmaster 3-D	1996	Board game	Mindscape	1-2
Chevaliers de Baphomet, Les (France)	Broken Sword : The Shadow of the Templars	1998	Adventure/Adventure / Point and Click	Revolution Software	1
Chi Vuol Essere Miliardario (Italy)	Who Wants to Be a Millionaire ?	2000	Quiz/Puzzle	Hothouse Creations	1-4
Chi Vuol Essere Milionario Seconda Edizione (Italy)	Who Wants to Be a Millionaire ? : 2nd Edition	2000	Quiz/Puzzle	Hothouse Creations	1-4
Chibi Chara Game - Ginga Eiyuu Densetsu (Japan) (Disc 1) (Go! Go! Casino)	Chibi Chara Game Ginga Eiyuu Densetsu	1997	Sports / Pool/Board game/Playing cards/Sports	Tokuma Shoten	1-2
Chibi Maruko-chan - Maruko Enikki World (Japan)	Chibi Maruko-chan : Maruko Enikki World	1995	Adventure / Interactive Movie/Adventure	Takara	1
Chicken Run (USA)	Chicken Run	2000	Adventure	Blitz Games	1
Chiisana Kyojin Microman (Japan)	Chiisana Kyojin Microman	1999	Shooter	Wavedge	1-2
Chiisana Oukoku Erutoria (Japan)	Chiisana Oukoku Eltoria	2000	Role Playing Game	Mediamuse	1
Chill (Europe) (En,Fr,De,Es,It)	Chill	1998	Sports / Skiing/Sports	Eidos Interactive	2
China - The Forbidden City (Europe) (En,Es,Nl,Sv)	China : The Forbidden City	1999	Adventure	Cryo Interactive	1
Chine - Intrigue dans la Cite Interdite (France)	China : The Forbidden City	1999	Adventure	Cryo Interactive	1
Chinmoku no Kantai - The Silent Service (Japan)	Chinmoku no Kantai : The Silent Service	2000	Simulation/Strategy	Kodansha	1
Chivas 1-2-3 - Destiny! Unmei o Kaeru Mono! (Japan)	Shibas 1-2-3 Destiny! Unmei O Kaerusha!	2001	Adventure/Role Playing Game	Jaleco	1
Chocobo no Fushigi na Dungeon (Japan)	Chocobo no Fushigi na Dungeon	1997	Role Playing Game	Squaresoft	1
Chocobo no Fushigi na Dungeon 2 (Japan, Asia)	Chocobo's Dungeon 2	1999	Role Playing Game	Squaresoft	1-2
Chocobo Racing (USA)	Chocobo Racing	1999	Racing, Driving	Squaresoft	1-2
Chocobo Racing - Genkai e no Road (Japan)	Chocobo Racing	1999	Racing, Driving	Squaresoft	1-2
Chocobo Stallion (Japan)	Chocobo Stallion	1999	Simulation	Squaresoft	1
Chocobo's Dungeon 2 (USA)	Chocobo's Dungeon 2	1999	Role Playing Game	Squaresoft	1-2
Chocolate Kiss (Japan)	Chocolate Kiss	2002	Adventure/Simulation	Infinity	1
Choro Q (Japan)	Penny Racers	1996	Racing, Driving	Tamsoft	1-2
Choro Q 2 (Japan)	Choro Q 2	1997	Racing, Driving	Takara	1-2
Choro Q 3 (Japan)	Choro Q 3	1998	Racing, Driving	Tamsoft	1-2
Choro Q Jet - Rainbow Wings (Japan)	Choro Q Jet : Rainbow Wings	1998	Shooter	Takara	1-2
Choro Q Marine - Q-Boat (Japan)	Choro Q Marine : Q-Boat	1998	Racing, Driving	Takara	1-2
Choro Q Ver. 1.02 (Japan)	Penny Racers	1996	Racing, Driving	Tamsoft	1-2
Choro Q Wonderful! (Japan)	Choro Q Wonderful!	1999	Racing, Driving	Takara	1-2
Chou Aniki - Kyuukyoku Muteki Ginga Saikyou Otoko (Japan)	Chou Aniki : Kyuukyoku Muteki Ginga Saikyou Otoko	1995	Shooter/Shoot'em Up	Masaya Games	1-2
Chou Hatsumei Boy Kanipan - Hirameki Wonderland (Japan)	Chou Hatsumei Boy Kanipan : Hirameki Wonderland	1999	Simulation/Role Playing Game	Taito	1
Chou Jikuu Yousai Macross - Ai Oboete Imasu ka (Japan) (Disc 1)	Chou Jikuu Yousai Macross : Ai Oboete Imasu ka	1999	Shoot'em Up / Horizontal/Shoot'em Up	Scarab	1
Chou Jiryoku Senshi Microman - Generation 2000 (Japan)	Chou Jiryoku Senshi Microman - Generation 2000	1999	Adventure	Takara	1-2
Chou Kousoku Gran Doll (Japan) (Disc 1) (Premium Edition)	Choukousoku GranDoll	1997	Platform	Kindle Imagine Develop	1
Chou Mashin Eiyuuden Wataru - Another Step (Japan)	Chou Mashin Eiyuuden Wataru : Another Step	1998	Role Playing Game/Casual Game	Aspect	1
Chou Nazo-ou (Japan)	Cho-Nazo-Oh	2000	Quiz	Bandai	1-2
Chou Sentou Kyuugi Vanborg (Japan)	V-Ball : Beach Volley Heroes	1998	Sports / Volleyball/Sports	Infogrames	1-2
Choujin Gakuen - Gowcaizer (Japan)	Choujin Gakuen Gowcaizer	1997	Fighting	Technos Japan	1-2
Chris Kamara's Street Soccer (Europe)	Chris Kamara's Street Soccer	2000	Sports / Football (Soccer)/Sports	Pixel Storm	1-8
Chronicles of the Sword (USA) (Disc 1)	Chronicles of the Sword	1996	Adventure	Synthetic Dimensions	1
Chrono Cross (USA, Canada) (Disc 1)	Chrono Cross	2000	Role Playing Game	Squaresoft	1
Chrono Trigger (Japan)	Final Fantasy Chronicles : Chrono Trigger	2001	Role Playing Game	TOSE	1
Cina - Crimini nella Citta Proibita (Italy)	China : The Forbidden City	1999	Adventure	Cryo Interactive	1
Cindy's Caribbean Holiday (Europe)	Cindy's Caribbean Holiday	2004	Casual Game/Simulation	Phoenix Games	1
Cindy's Fashion World (Europe)	Cindy's Fashion World	2004	Casual Game	Phoenix Games	1
Circadia (Japan) (Disc 1)	Circadia	1999	Adventure/Role Playing Game	Alvion	1
Circuit Beat (Japan)	Circuit Beat	1996	Racing, Driving	Prism Arts	1
Circuit Breakers (USA)	Circuit Breakers	1998	Racing, Driving	Supersonic Software	1-4
Cite des Enfants Perdus, La (France)	The City of Lost Children	1997	Adventure	Psygnosis	1
City Bravo! (Japan)	City Bravo!	1997	Simulation/Strategy	Altron	1
City Bravo! Business-hen (Japan)	City Bravo! Business Hen	2000	Simulation	Altron	1
City of Lost Children, The (USA) (En,Es,It)	The City of Lost Children	1997	Adventure	Psygnosis	1
Ciudad de los Ninos Perdidos, La (Spain)	The City of Lost Children	1997	Adventure	Psygnosis	1
Civilization II (USA)	Civilization II	1998	Strategy/Simulation	LTI Gray Matter	1
Civizard - Majutsu no Keifu (Japan)	Civizard : Majutsu no Keifu	1997	Strategy	Opera House	1
Classic Road (Japan)	Classic Road	1996	Simulation	Progress Software	1-4
Classic Road - Yuushun 2 (Japan)	Classic Road - Yuushun 2	1998	Simulation	Progress Software	1
Classic Road 2 (Japan)	Classic Road 2	1999	Simulation	Progress Software	1
Cleopatra Fortune (Europe)	Cleopatra's Fortune	2003	Puzzle	Altron	1-2
Cleopatra's Fortune (USA)	Cleopatra's Fortune	2003	Puzzle	Altron	1-2
Click Manga (Japan) (Demo)	Click Manga : Dynamic Robot Taisen 1, Shutsugeki! Kyoui no Robot Gundan!!	1999	Casual Game	Tokuma Shoten Intermedia	1
Click Manga - Click no Hi (Japan)	Click Manga : Click no Hi	1998	Adventure / Visual Novel/Adventure	Tokuma Shoten Intermedia	1
Click Manga - Dynamic Robot Taisen 1 - Shutsugeki! Kyoui no Robot Gundan!! (Japan)	Click Manga : Dynamic Robot Taisen 1, Shutsugeki! Kyoui no Robot Gundan!!	1999	Casual Game	Tokuma Shoten Intermedia	1
Click Manga - Dynamic Robot Taisen 2 - Kyoufu! Akuma Zoku Fukkatsu (Japan)	Click Manga - Dynamic Robot Taisen 2 - Kyoufu! Akuma Zoku Fukkatsu	1999	Adventure / Visual Novel/Adventure	Tokuma Shoten Intermedia	1
Click Manga - Ginga Eiyuu Densetsu 1 - Eien no Yoru no Naka de (Japan)	Click Manga : Ginga Eiyuu Densetsu 1, Eien no Yoru no Naka de	1999	Casual Game	Tokuma Shoten Intermedia	1
Click Manga - Ginga Eiyuu Densetsu 2 - Iserlohn Kouryaku (Japan)	Click Manga : Ginga Eiyuu Densetsu 2, Iserlohn Kouryaku	1999	Casual Game	Tokuma Shoten Intermedia	1
Click Manga - Opera-za no Kaijin (Japan)	Click Manga : Opera-za no Kaijin	1999	Casual Game	Tokuma Shoten Intermedia	1
Click Medic (Japan)	Click Medic	1999	Simulation	Game Freak	1
Clock Tower (USA)	Clock Tower	1997	Adventure / Survival Horror/Adventure	Human Entertainment	1
Clock Tower - Ghost Head (Japan)	Clock Tower II : The Struggle Within	1999	Adventure / Survival Horror/Adventure	Human Entertainment	1
Clock Tower - The First Fear (Japan)	Clock Tower : The First Fear	1997	Adventure / Survival Horror/Adventure	Human Entertainment	1
Clock Tower 2 (Japan)	Clock Tower II : The Struggle Within	1999	Adventure / Survival Horror/Adventure	Human Entertainment	1
Clock Tower II - The Struggle Within (USA)	Clock Tower II : The Struggle Within	1999	Adventure / Survival Horror/Adventure	Human Entertainment	1
ClockWerx (Japan)	Clockwerx	1996	Puzzle	Axes Art Amuse	1-2
Cochons de Guerre, Les (France)	Hogs of War	2000	Strategy	Infogrames	1-4
Cocktail Harmony (Japan)	Cocktail Harmony	1998	Simulation	Astroll	1
Codename - Tenka (USA)	Codename : Tenka	1997	Shooter / FPV/Shooter	Psygnosis	1
Cold Blood (Germany) (Disc 1)	In Cold Blood	2001	Adventure/Shooter	Revolution Software	1
Colin McRae - The Rally (Japan)	Colin McRae Rally	2000	Racing, Driving	Codemasters	1-2
Colin McRae - The Rally 02 (Japan)	Colin McRae Rally 2.0	2000	Racing, Driving	Codemasters	1-2
Colin McRae Rally (USA)	Colin McRae Rally	2000	Racing, Driving	Codemasters	1-2
Colin McRae Rally 2.0 (USA) (En,Fr,Es)	Colin McRae Rally 2.0	2000	Racing, Driving	Codemasters	1-2
College Slam (USA)	College Slam	1996	Sports / Basketball/Sports	Iguana Entertainment	1-4
Colony Wars (USA) (Disc 1)	Colony Wars	1997	Simulation	Psygnosis	1
Colony Wars - El Sol Rojo (Spain)	Colony Wars III : Red Sun	2000	Simulation	Psygnosis	1
Colony Wars - Red Sun (USA)	Colony Wars III : Red Sun	2000	Simulation	Psygnosis	1
Colony Wars - Vengeance (USA, Canada)	Colony Wars : Vengeance	1998	Shooter	Psygnosis	1
Colorful Logic (Japan)	Colorful Logic	2000	Puzzle	Altron	1
Colorful Logic 2 (Japan)	Colorful Logic 2	2001	Puzzle	Altron	1
Colorful Logic 3 (Japan)	Colorful Logic 3	2001	Puzzle	Altron	1
Combat Choro Q (Japan)	Combat Choro Q	1999	Shooter	Barnhouse Effect	1-2
Combi Mahjong Awase uchi with Maboroshi Tsukiyo Characters (Japan)	Combi Mahjong Awase uchi with Maboroshi Tsukiyo Characters	2000	Mahjong/Board game/Asiatic board game	Gaps	1
Combination Pro Soccer - J.League no Kantoku ni Natte Sekai o Mezase! (Japan)	Combination Pro Soccer : J. League no Kantoku ni Natte Sekai wo Mezase!	1998	Sports / Football (Soccer)/Simulation/Sports	Kuusou Kagaku	1-2
Command & Conquer (USA) (Disc 1) (GDI)	Command & Conquer (GDI Disc)	1997	Strategy	Westwood Studios	1
Command & Conquer - Alarmstufe Rot & Bloody Roar (Germany) (Demo)	Command & Conquer : Red Alert	1997	Strategy	Westwood Studios	1-2
Command & Conquer - Alarmstufe Rot (Germany) (Disc 1)	Command & Conquer : Red Alert (Allies Disc)	1997	Strategy	Westwood Studios	1-2
Command & Conquer - Alarmstufe Rot - Gegenschlag (Germany) (Disc 1) (Die Alliierten)	Command & Conquer : Red Alert, Retaliation	1998	Strategy	Westwood Studios	1-2
Command & Conquer - Alerte Rouge (France) (Disc 1) (Allies)	Command & Conquer : Red Alert (Allies Disc)	1997	Strategy	Westwood Studios	1-2
Command & Conquer - Alerte Rouge - Mission Tesla (France) (Disc 1) (Allies)	Command & Conquer : Red Alert, Retaliation	1998	Strategy	Westwood Studios	1-2
Command & Conquer - Red Alert & Bloody Roar (Europe)	Command & Conquer : Red Alert, Retaliation	1998	Strategy	Westwood Studios	1-2
Command & Conquer - Red Alert (USA) (Disc 1) (Allies)	Command & Conquer : Red Alert (Allies Disc)	1997	Strategy	Westwood Studios	1-2
Command & Conquer - Red Alert - Retaliation (USA) (Disc 1) (Allies)	Command & Conquer : Red Alert, Retaliation	1998	Strategy	Westwood Studios	1-2
Command & Conquer - Teil 1 - Der Tiberiumkonflikt (Germany) (Disc 1) (GDI)	Command & Conquer (GDI Disc)	1997	Strategy	Westwood Studios	1
Command & Conquer Complete (Japan) (Disc 1) (GDI)	Command & Conquer (GDI Disc)	1997	Strategy	Westwood Studios	1
Community Pom (Japan)	Community Pom	1997	Role Playing Game	Fill in Café	1
Community Pom - Omoide o Dakishimete (Japan)	Community Pom	1997	Role Playing Game	Fill in Café	1
Complete Soccer Onside (Japan)	Onside Complete Soccer	1996	Sports / Football (Soccer)/Sports	Elite Systems	1-2
Concert, Le - ff - Fortissimo (Japan)	Le Concert : ff, Fortissimo	1999	Music and Dancing	Same Creative	1
Concert, Le - pp - Pianissimo (Japan)	Concert - pp - Pianissimo, Le				
Constructor (Europe) (En,Fr,De,Es)	Constructor	1997	Build And Management/Simulation	System 3 Software	1
Contender (USA)	Contender	1998	Sports / Boxing/Sports	Victor Interactive Software	1-2
Contender 2 (USA)	Contender 2	2000	Sports / Boxing/Sports	Victor Interactive Software	1-2
Contra - Legacy of War (USA)	Contra : Legacy of War	1996	Shooter / Run and Gun/Shooter	Appaloosa Interactive	1-2
Conveni 2, The - Zenkoku Chain Tenkai da! (Japan)	The Conveni 2 : Zenkoku Chain Tenkai Da!	1997	Simulation/Strategy	Access Games	1
Conveni Special, The - 3-tsu no Sekai o Dokusen seyo (Japan)	The Conveni Special - 3-tsu no Sekai o Dokusen Seyo	1998	Strategy	Masterpiece	1
Conveni, The - Ano Machi o Dokusen seyo (Japan)	The Conveni : Ano Machi o Dokusen seyo	2002	Simulation/Strategy	Masterpiece	1
Cool Boarders (USA)	Cool Boarders	1996	Sports / Skiing/Sports	UEP Systems	1
Cool Boarders 2 (USA)	Cool Boarders 2	1997	Sports / Skiing/Sports	UEP Systems	1-2
Cool Boarders 2 - Killing Session (Japan, Asia)	Cool Boarders 2	1997	Sports / Skiing/Sports	UEP Systems	1-2
Cool Boarders 2001 (USA)	Cool Boarders 2001	2000	Sports / Skiing/Sports	Idol Minds	1-2
Cool Boarders 3 (USA)	Cool Boarders 3	1998	Sports / Skiing/Sports	Idol Minds	1-2
Cool Boarders 4 (USA)	Cool Boarders 4	1999	Sports / Skiing/Sports	Idol Minds	1-4
Cooly Skunk (Japan)	Punky Skunk	1998	Platform	Ukiyotei	1
Copa del Mundo - Francia '98 (Spain)	World Cup 98	1998	Sports / Football (Soccer)/Sports	EA Canada	1-2
Cosmic Race (Japan)	Cosmic Race	1995	Racing TPV/Racing, Driving	Neorex	1-2
Cosmowarrior Zero (Japan)	Cosmowarrior Zero	2000	Shooter	Taito	1
Countdown Vampires (USA) (Disc 1)	Countdown Vampires	2000	Adventure / Survival Horror/Adventure	Polygon Magic	1
Coupe du Monde 98 (France)	World Cup 98	1998	Sports / Football (Soccer)/Sports	EA Canada	1-2
Courier Crisis - The Saga of the Modern Fatalist (USA)	Courier Crisis : The Saga of the Modern Fatalist	1997	Racing, Driving	New Level Software	1
Covert Ops - Nuclear Dawn (USA) (Disc 1)	Covert Ops : Nuclear Dawn	2000	Action / Adventure/Action	Sugar & Rockets	1
Cowboy Bebop (Japan)	Cowboy Bebop	2001	Shooter	BEC	1
Crash Bandicoot (USA)	Crash Bandicoot	1996	Platform	Naughty Dog	1
Crash Bandicoot - Warped (USA)	Crash Bandicoot : Warped	1998	Platform	Naughty Dog	1
Crash Bandicoot 2 - Cortex no Gyakushuu! (Japan, Asia)	Crash Bandicoot 2 : Cortex Strikes Back	1997	Platform	Naughty Dog	1
Crash Bandicoot 2 - Cortex Strikes Back (USA)	Crash Bandicoot 2 : Cortex Strikes Back	1997	Platform	Naughty Dog	1
Crash Bandicoot 3 - Buttobi! Sekai Isshuu (Japan, Asia)	Crash Bandicoot : Warped	1998	Platform	Naughty Dog	1
Crash Bandicoot 3 - Warped (Europe, Australia) (En,Fr,De,Es,It)	Crash Bandicoot : Warped	1998	Platform	Naughty Dog	1
Crash Bandicoot Carnival (Japan, Asia)	Crash Bash	2000	Platform/Casual Game	Eurocom Developments	1-4
Crash Bandicoot Racing (Japan, Asia)	Crash Team Racing	1999	Racing, Driving	Naughty Dog	1-4
Crash Bash & Spyro - Year of the Dragon (USA) (Demo)	Crash Bash	2000	Platform/Casual Game	Eurocom Developments	1-4
Crash Bash (USA)	Crash Bash	2000	Platform/Casual Game	Eurocom Developments	1-4
Crazy Climber 2000 (Japan)	Crazy Climber 2000	2000	Action / Climbing/Action	Nichibutsu	1
Creature Shock (Japan) (Disc 1)	Creature Shock	1996	Shooter / FPV/Shooter	Argonaut Software	1
Creatures (USA)	Creatures	2002	Simulation/Strategy	Elo Interactive Media	1
Creatures - Raised in Space (USA)	Creatures : Raised in Space	2003	Simulation/Strategy	Elo Interactive Media	1
Cricket 2000 (Europe)	Cricket 2000	2000	Sports	Krisalis Software	1-2
Crime Crackers (Japan)	Crime Crackers	1994	Role Playing Game	Media.Vision Entertainment	1
Crime Crackers 2 (Japan)	Crime Crackers 2	1997	Role Playing Game	Media.Vision Entertainment	1
Crime Killer (USA)	Crime Killer	1998	Shooter/Racing, Driving	Pixelogic	1-2
Crisis Beat (Europe)	Crisis Beat	2000	Beat'em Up	Soft Machine	1-2
Crisis City (Japan)	Crisis City	1998	Shooter	Takara	1-2
Critical Blow (Japan)	Critical Blow	1997	Fighting/Fighting / 3D	Racdym	1-2
Critical Depth (USA)	Critical Depth	1997	Shooter	SingleTrac	1-2
Criticom (USA)	Criticom	1995	Fighting	Kronos Digital Entertainment	1-2
Criticom - The Critical Combat (Japan)	Criticom	1995	Fighting	Kronos Digital Entertainment	1-2
Croc - Legend of the Gobbos (USA)	Croc : Legend of the Gobbos	1997	Platform	Argonaut Software	1
Croc 2 (USA)	Croc 2	1999	Platform	Argonaut Software	1
Croc Adventure (Japan)	Croc 2	1999	Platform	Argonaut Software	1
Croc! Pau-Pau Island (Japan)	Croc : Legend of the Gobbos	1997	Platform	Argonaut Software	1
Croket! Kindan no Kinka Box! (Japan)	Croket! Kindan no Kinka Box!	2003	Adventure	Konami	1-2
Cross Romance - Koi to Mahjong to Hanafuda to (Japan)	Cross Romance : Koi to Mahjong to Hanafuda to	1999	Mahjong/Hanafuda/Asiatic board game	Nichibutsu	1
Cross Tantei Monogatari (Japan) (Disc 1)	Cross Tantei Monogatari	1999	Adventure	Workjam	1
Cross Tantei Monogatari 1 - Kouhen (Japan)	Cross Tantei Monogatari	1999	Adventure	Workjam	1
Cross Tantei Monogatari 1 - Zenpen (Japan)	Cross Tantei Monogatari	1999	Adventure	Workjam	1
Crossroad Crisis (USA)	Crossroad Crisis	2001	Puzzle	Success	1-2
Crow, The - City of Angels (USA)	The Crow : City of Angels	1997	Beat'em Up	Gray Matter	1
Crown Knights, The - Jaja-uma! Quartet - Mega Dream Destruction+ (Japan)	The Crown Knights : Jaja-Uma! Quartet, Mega Dream Destruction	1998	Role Playing Game/Playing cards	Studio ox / ARTSCAPE	1
Crusader - No Remorse (USA)	Crusader : No Remorse	1996	Shooter	Realtime Associates	1
Crusaders of Might and Magic (USA)	Crusaders of Might and Magic	2000	Adventure	The 3DO Company	1
CRW - Counter Revolution War (Japan)	CRW : Counter Revolution War	1996	Role Playing Game	Natsu System	1
Crypt Killer (USA)	Crypt Killer	1997	Lightgun Shooter	KCET	1-2
CT Special Forces (Europe) (En,Fr,De,Es,It,Nl)	CT Special Forces	2001	Platform/Shooter / Run and Gun/Shooter	Hip Games	1-2
CT Special Forces - Back to Hell (Europe) (En,Fr,De,Es,It,Nl)	CT Special Forces : Back to Hell	2003	Shooter / Run and Gun/Shooter	Hip Games	1
CT Special Forces 3 - Bioterror (Europe) (En,Fr,De,Es,It,Nl)	CT Special Forces 3 : Bioterror	2004	Shooter / Run and Gun/Beat'em Up/Shooter	Hip Games	1
CTR - Crash Team Racing (USA)	Crash Team Racing	1999	Racing, Driving	Naughty Dog	1-4
Cu-On-Pa (Japan)	Cu-On-Pa	1997	Puzzle	T&E Soft	1-2
Cubix Robots for Everyone - Race 'n Robots (USA)	Cubix Robots for Everyone : Race 'n Robots	2001	Racing, Driving	Blitz Games	1-4
Culdcept - Cepter's Guild Vol. 1 (Japan)	Culdcept : Expansion	1999	Board game/Playing cards	Omiya Soft	1-4
Culdcept - Cepter's Guild Vol. 2 (Japan)	Culdcept : Expansion	1999	Board game/Playing cards	Omiya Soft	1-4
Culdcept - Expansion (Japan)	Culdcept : Expansion	1999	Board game/Playing cards	Omiya Soft	1-4
Culdcept - Expansion Plus (Japan)	Culdcept : Expansion Plus	2000	Board game	Omiya Soft	1-4
Curiosity Kills the Cat Koukishin wa Neko o Korosu ka (Japan)	Curiosity Kills The Cat Koukishin Wa Neko O Korosu Ka	1998	Adventure	Impact Interactive / Eyst	1
Cyber Daisenryaku - Shutsugeki! Haruka-tai (Japan)	Cyber Daisenryaku : Shutsugeki! Haruka Tai	2000	Tactical RPG/Role Playing Game	Alfa System	1
Cyber Egg - Battle Champion (Japan)	Cyber Egg : Battle Champion	1997		Bandai	1-2
Cyber Org (Japan)	Cyber Org	1999	Adventure	Square	1
Cyberbots - Fullmetal Madness (Japan)	Cyberbots : Fullmetal Madness	1995	Fighting	Capcom	1-2
Cyberia (USA)	Cyberia	1996	Adventure	Byse	1
Cybernetic Empire (Japan) (Disc 1)	Cybernetic Empire	1999	Adventure	Wolf Team	1
CyberSled (USA)	CyberSled	1995	Shooter	Namco	1-2
CyberSpeed (USA)	CyberSpeed	1995	Racing, Driving	Mindscape International	1
CyberTiger (USA)	CyberTiger	1999	Sports / Golf/Sports	EA Redwood Shores	1-4
Cyberwar (Japan) (Disc 1)	Cyberwar	1995		SCi Games	1
D (USA) (Disc 1)	D	1996	Adventure	WARP	1
D no Shokutaku - Complete Graphics (Japan) (Disc 1)	D	1996	Adventure	WARP	1
Dai-2-ji Super Robot Taisen (Japan)	Super Robot Wars II	1999	Role Playing Game	Winky Soft	1
Dai-2-kai! Quiz Darake no Jinsei Game (Japan)	Quiz Darakeno Jinsei Game Dai-2-kai!	2002	Board game	OeRSTED	1-4
Dai-3-ji Super Robot Taisen (Japan)	Dai-3-Ji Super Robot Taisen	1999	Role Playing Game	Mechanic Arms	1
Dai-4-ji Super Robot Taisen S (Japan)	Dai-4-Ji Super Robot Taisen S	1996	Role Playing Game	Banpresto	1
Daibouken Deluxe - Haruka naru Umi (Japan)	Daibouken Deluxe : Haruka naru Umi	1997	Role Playing Game	Soft Office	1
Daikoukai Jidai Gaiden (Japan)	Daikoukai Jidai Gaiden	1997	Strategy	Koei	1
Daikoukai Jidai II (Japan)	Daikoukai Jidai II	1996	Role Playing Game	Koei	1
Daikoukai Jidai IV - Porto Estado (Japan)	Daikoukai Jidai IV : Porto Estado	1999	Role Playing Game	Koei	1
Daiobake Yashiki - Hamamura Jun no Jitsuwa Kaidan (Japan)	Daiobake Yashiki : Hamamura Jun no Jitsuwa Kaidan	1998	Adventure	Visit	1
Daisenryaku - Master Combat (Japan)	Daisenryaku : Master Combat	1998	Strategy	Dual	1-2
Daisenryaku - Player's Spirit (Japan)	Daisenryaku : Player's Spirit	1999	Strategy	Dual	1-5
Dakar '97 (Japan)	Dakar '97	1997	Racing, Driving/Racing, Driving / Racing	Elcom	1
Dalmatians 2 (Europe) (En,Fr,De)	Dalmatians 2	2003	Puzzle	The Code Monkeys	1
Dalmatians, The (Europe) (En,Fr,De,Nl)	The Dalmatians	2000	Puzzle	The Code Monkeys	1
DamDam Stompland (Japan)	Damdam Stompland	1997		Sony Computer Entertainment	1-2
Dance Dance Revolution (USA)	Dance Dance Revolution	2001	Dancing/Music and Dancing	KCET	1-2
Dance Dance Revolution - Best Hits (Japan)	Dance Dance Revolution : Best Hits	2000	Dancing/Music and Dancing	KCET	1-2
Dance Dance Revolution - Disney Mix (USA)	Dance Dance Revolution : Disney Mix	2001	Dancing/Music and Dancing	KCET	1-2
Dance Dance Revolution - Disney's Rave (Japan)	Dance Dance Revolution : Disney Mix	2001	Dancing/Music and Dancing	KCET	1-2
Dance Dance Revolution - Extra Mix (Japan)	Dance Dance Revolution - Extra Mix	2001	Dancing/Music and Dancing	KCET	1-2
Dance Dance Revolution 2nd Remix (Japan)	Dance Dance Revolution 2nd Remix	1999	Dancing/Music and Dancing	Konami	1-2
Dance Dance Revolution 2nd Remix - Append Club Version Vol. 1 (Japan, Asia)	Dance Dance Revolution 2nd Remix - Append Club Version Vol. 1	1999	Dancing/Music and Dancing	KCET	1-2
Dance Dance Revolution 2nd Remix - Append Club Version Vol. 2 (Japan)	Dance Dance Revolution 2nd Remix : Append Club Version Vol. 2	1999	Dancing/Music and Dancing	KCET	1-2
Dance Dance Revolution 3rd Mix (Japan)	Dance Dance Revolution 3rd Mix	2000	Dancing/Music and Dancing	KCET	1-2
Dance Dance Revolution 4th Mix (Japan)	Dance Dance Revolution 4th Mix	2001	Dancing/Music and Dancing	Konami	1-2
Dance Dance Revolution 5th Mix (Japan)	Dance Dance Revolution 5th Mix	2001	Dancing/Music and Dancing	KCET	1-2
Dance Dance Revolution Konamix (USA)	Dance Dance Revolution Konamix	2002	Dancing/Music and Dancing	KCET	1-2
Dance Europe (Europe) (Fr,De,Es,It,Nl,Pt)	Dance Europe	2003	Dancing/Music and Dancing	Bigben Interactive	1-2
Dance! Dance! Dance! (Japan)	Dance! Dance! Dance!	1998	Dancing/Music and Dancing	Konami	1-2
Dance-UK (UK)	Dance Europe	2003	Dancing/Music and Dancing	Bigben Interactive	1-2
Dance-UK eXtra Trax (UK)	Dance - Uk Extra Trax	2004	Dancing/Music and Dancing	Broadsword Interactive	1-2
Dancing Blade Katte ni Momotenshi II - Tears of Eden (Japan) (Disc 1)	Dancing Blade Katte ni Momotenshi II : Tears of Eden	1999	Adventure	KCET	1
Dancing Blade Katte ni Momotenshi! (Japan) (Disc 1)	Dancing Blade Katte ni Momotenshi!	1998	Adventure	KCET	1
Dancing Stage - Disney Mix (Europe)	Dance Dance Revolution : Disney Mix	2001	Dancing/Music and Dancing	KCET	1-2
Dancing Stage - Euromix (Europe)	Dancing Stage : Euromix	2000	Music and Dancing	Konami	1-2
Dancing Stage - Party Edition (Europe)	Dancing Stage : Party Edition	2002	Music and Dancing	KCET	1-2
Dancing Stage featuring Dreams Come True (Japan)	Dancing Stage featuring Dreams Come True	2000	Music and Dancing	KCET	1-2
Dancing Stage featuring True Kiss Destination (Japan)	Dancing Stage featuring True Kiss Destination	1999	Music and Dancing	KCET	1-2
Dancing Stage Fever (Europe)	Dancing Stage Fever	2003	Music and Dancing	KCET	1-2
Dancing Stage Fusion (Europe) (En,Fr,De,Es,It)	Dancing Stage Fusion	2004	Music and Dancing	KCET	1-2
Dangan (Japan)	Dangan	2000	Shooter	Mediamuse	1
Danger Girl (USA)	Danger Girl	2000	Shooter	n-Space	1
Dare Devil Derby 3D (USA)	Dare Devil Derby 3D	1996	Racing, Driving	Supersonic Software	1-8
Darius Gaiden (Japan)	Darius Gaiden	1996	Shoot'em Up / Horizontal/Shoot'em Up	Nexus Interact	1-2
Dark Hunter Ge - Youma no Mori (Japan)	Dark Hunter - Ge Youma No Mori	1997	Adventure	Koei	1
Dark Hunter Jou - Ijigen Gakuen (Japan) (En,Ja)	Dark Hunter (jou) Ijigen Gakuen	1997	Adventure	Koei	1
Dark Messiah (Japan)	Hellnight	1998	Adventure	Atlus	1
Dark Seed II (Japan)	Dark Seed II	1997	Adventure / Point and Click/Adventure	Aim at Entertainment	1
Dark Tales - From the Lost Soul (Japan)	Dark Tales : From the Lost Soul	1999	Adventure	Vertex Zero	1
Darklight Conflict (USA) (En,Fr,De,Es,It,Sv)	Darklight Conflict	1997	Shooter	Rage Software	1
Darkseed (Japan)	Dark Seed	1995	Adventure / Point and Click/Adventure	Cyberdreams	1
Darkstalkers - The Night Warriors (USA)	Darkstalkers : The Night Warriors	1996	Fighting	Psygnosis	1-2
Darkstalkers 3 (USA)	Darkstalkers 3	1999	Fighting	Capcom	1-2
Darkstone (USA)	Darkstone	2001	Role Playing Game	Delphine Software International	1
Dave Mirra Freestyle BMX (USA)	Dave Mirra Freestyle BMX	2000	Sports / Cycling/Sports	Z-Axis	1-2
Dave Mirra Freestyle BMX - Maximum Remix (USA)	Dave Mirra Freestyle BMX : Maximum Remix	2001	Sports / Cycling/Sports	Z-Axis	1-2
David Beckham Soccer (USA)	David Beckham Soccer	2002	Sports / Football (Soccer)/Sports	Rage Software	1-4
Davis Cup Complete Tennis (Europe)	Davis Cup Complete Tennis	1996	Sports/Sports / Tennis	The Dome Software Developments	1-4
DBZ - Dead Ball Zone (USA) (En,Fr,De,Es,It)	DBZ : Dead Ball Zone	1998	Sports	Rage Software	1-2
De Sang Froid (France) (Disc 1)	In Cold Blood	2001	Adventure/Shooter	Revolution Software	1
Dead in the Water (USA)	Dead in the Water	1998	Racing, Driving	Player 1	1-2
Dead or Alive (USA)	Dead or Alive	1998	Fighting / 3D/Fighting	Team Ninja	1-2
Deadheat Road (Japan)	Deadheat Road	1996	Racing, Driving	Nichibutsu	1
Deadly Skies (Japan)	Deadly Skies	1997	Shooter	Funcom	1-2
Death Wing (Japan)	The Operation Death Wing	1996	Shooter	Cybertech Designs	1
DeathMask (Japan) (Disc 1)	DeathMask	1996	Adventure / Interactive Movie/Adventure	Electric Dreams Software	1
Debut 21 (Japan)	Debut 21	1998	Simulation	Headroom	1
Deception III - Dark Delusion (USA)	Deception III : Dark Delusion	2000	Role Playing Game	Tecmo	1
Deep Freeze (Japan)	Deep Freeze	2000	Adventure	Sammy Corporation	1
Deep Sea Adventure - Kaitei-kyuu Pantarassa no Nazo (Japan) (Disc 1)	Deep Sea Adventure : Kaitei Kyuu Panthalassa no Nazo	1997	Adventure	Barnhouse Effect	1
Deep, The - Ushinawareta Shinkai (Japan)	The Deep : Ushinawareta Shinkai	1996	Adventure/Simulation	Marionette	1
Defcon 5 (Europe)	Defcon 5 : Peace Has a Price...	1995	Shooter / FPV/Role Playing Game/Shooter	Millennium Interactive	1
Defcon 5 - Peace Has a Price... (USA)	Defcon 5 : Peace Has a Price...	1995	Shooter / FPV/Role Playing Game/Shooter	Millennium Interactive	1
Defeat Lightning (Japan)	Future Racer	2002	Racing, Driving	Midas Games	1
Defi au Tetris Magique (France)	Magical Tetris Challenge	1999	Puzzle / Fall/Puzzle	Disney Interactive	1-2
Deka Yonku - Tough the Truck (Japan)	TNN Motor Sports HardCore 4X4	1996	Racing, Driving	Gremlin Interactive	1
Dekiru! Game Center (Japan)	Dekiru! Game Center	1999	Simulation/Strategy	Fupac	1
Delta Force Urban Warfare (USA) (En,Fr,Es)	Delta Force : Urban Warfare	2002	Shooter / FPV/Shooter	Rebellion Developments	1
Demolition Racer (USA)	Demolition Racer	1999	Racing, Driving	Pitbull Syndicate	1-2
Dengeki Construction - Ochigee Yarou ze! (Japan)	Dengeki Construction : Ochigee Yarouze!	1998	Puzzle/Simulation	Fupac	1-2
Denkou Sekka Micro Runner - Maniac Hakase no Hisaku (Japan)	Micro Maniacs Racing	2000	Racing, Driving	Codemasters	1-8
Denpa Shounen-teki Game (Japan)	Denpa Shounenteki Game	1998	Casual Game	Hudson Soft	1-8
Densetsu no Ogre Battle (Japan)	Ogre Battle : The March of the Black Queen	1997	Role Playing Game/Strategy	Quest	1
Densetsu-juu no Ana - Monster Complete World Ver. 2 (Japan)	Hole Of The Legend Monster - Monster Complete World Ver.2	2002	Role Playing Game/Simulation	Idea Factory	1-2
Densha Daisuki - Plarail ga Ippai (Japan)	Densha Daisuki - Plarail Ga Ippai	1998	Simulation	Tomy	1
Densha de Go! (Japan)	Densha de Go!	1997	Simulation / Vehicle/Simulation	Taito	1
Densha de Go! 2 (Japan)	Densha de Go! 2	1999	Simulation / Vehicle/Simulation	Taito	1
Densha de Go! Nagoya Tetsudou-hen (Japan)	Densha De Go! Nagoya Railroad	2000	Simulation / Vehicle/Simulation	Taito	1
Densha de Go! Professional Shiyou (Japan)	Densha de Go! Professional Shiyou	1999	Simulation / Vehicle/Simulation	Taito	1
Depth (Japan)	Fluid	1996	Simulation/Music and Dancing	Opus Software	1
Derby Jockey 2001 (Japan)	Derby Jockey 2001	2001	Horse racing/Sports with animals	Office Create	1
Derby Jockey R (Japan)	Derby Jockey R	1997	Sports with animals	Graphic Research	1
Deroon Dero Dero (Japan)	Tecmo Stackers	1997	Puzzle	Tecmo	2
Descent (USA)	Descent	1996	Shooter	Parallax	1-2
Descent II (Europe)	Descent Maximum	1997	Simulation / SciFi/Shooter / Vehicle, FPV/Shooter/Simulation	Parallax	1-2
Descent Maximum (USA)	Descent Maximum	1997	Simulation / SciFi/Shooter / Vehicle, FPV/Shooter/Simulation	Parallax	1-2
Deserted Island (Japan)	Deserted Island	1996	Simulation/Adventure	Mediamuse	1
Destrega (USA)	Destrega	1999	Fighting	OMEGA Force	1-2
Destruction Derby (USA)	Destruction Derby	1995	Racing, Driving	Reflections Interactive	1-2
Destruction Derby 2 (USA, Canada)	Destruction Derby 2	1996	Racing, Driving	Reflections Interactive	1
Destruction Derby Raw (USA)	Destruction Derby Raw	2000	Racing, Driving	Studio 33	1-4
Destructo 2 (Europe)	Destructo 2	2003	Puzzle	D3Publisher	1-2
Detana Twinbee Yahoo! Deluxe Pack (Japan)	Detana Twinbee Yahoo! Deluxe Pack	1995	Shoot'em Up/Compilation	KCET	1-2
Detective Barbie - The Mystery Cruise (USA)	Detective Barbie : The Mystery Cruise	2000	Adventure/Casual Game	Runecraft	1-2
Detective Mouse (Europe) (En,Fr,De)	Detective Mouse	2003	Puzzle/Various	The Code Monkeys	1
Deuce (USA) (Proto) (2000-07-24)	Deuce	2000	Adventure	Midway	1
Devicereign (Japan)	Devicereign	1999	Adventure/Role Playing Game	Starlight Marry	1
Devil Dice (USA)	Devil Dice	1998	Puzzle	Shift	1-5
Devil Man (Japan)	DevilMan	2000	Adventure	Bandai	1
Devil Summoner - Soul Hackers (Japan) (Disc 1)	Devil Summoner : Soul Hackers	1999	Role Playing Game	TOSE	1
Devil's Deception (Europe) (En,Fr,De)	Tecmo's Deception : Invitation to Darkness	1996	Role Playing Game	Tecmo	1
DewPrism (Japan, Asia)	Threads of Fate	2000	Role Playing Game	Squaresoft	1
Dexter's Laboratory - Mandark's Lab (USA)	Dexter's Laboratory : Mandark's Lab?	2002	Casual Game	Red Lemon	1-2
Dezaemon Kids! (Japan)	Dezaemon Kids!	1998	Shooter/Simulation	Athena	1-2
Dezaemon Plus (Japan)	Dezaemon Plus Select 100	1996	Shoot'em Up	Athena	1
Dezaemon Plus Select 100 (Japan) (Rev 1)	Dezaemon Plus Select 100	1996	Shoot'em Up	Athena	1
Diablo (USA) (En,Fr,De,Sv)	Diablo	1998	Role Playing Game	Climax	1-2
Dice de Chocobo (Japan)	Dice de Chocobo	1999	Board game	Square	1-4
Die Hard Trilogy (USA)	Die Hard Trilogy	1996	Lightgun Shooter/Shooter/Racing, Driving	Probe Entertainment	1
Die Hard Trilogy 2 - Viva Las Vegas (USA)	Die Hard Trilogy 2 : Viva Las Vegas	2000	Shooter	n-Space	1
Digical League (Japan)	Digical League	1997	Sports / Baseball/Sports	Aques	1-2
DigiCro - Digital Number Crossword (Japan)	Digcro : Digital Number Crossword	1996	Puzzle/Thinking	AI	1
Digimon - Digital Card Battle (USA)	Digimon Digital Card Battle	2001	Playing cards	BEC	1-2
Digimon Digital Card Battle (Europe)	Digimon Digital Card Battle	2001	Playing cards	BEC	1-2
Digimon Rumble Arena (USA)	Digimon Rumble Arena	2002	Fighting	Bandai	1-2
Digimon World (USA)	Digimon World	2000	Role Playing Game/Adventure	BEC	1-2
Digimon World 2 (USA)	Digimon World 2	2001	Role Playing Game	BEC	1-2
Digimon World 2003 (Europe) (En,Fr,De,Es,It)	Digimon World 3	2002	Role Playing Game	BEC	1
Digimon World 3 (USA)	Digimon World 3	2002	Role Playing Game	BEC	1
DigimonTamers - Battle Evolution (Japan)	Digimon Rumble Arena	2002	Fighting	Bandai	1-2
DigimonTamers - PocketCulumon (Japan)	Digimon Tamers : Pocket Culumon	2001	Casual Game/Simulation	Bandai	1-2
DigimonWorld (Japan)	Digimon World	2000	Role Playing Game/Adventure	BEC	1-2
DigimonWorld - Digital Card Arena (Japan)	Digimon Digital Card Battle	2001	Playing cards	BEC	1-2
DigimonWorld - Digital Card Battle (Japan)	DigimonWorld : Digital Card Battle	1999	Playing cards	Bandai	1-2
DigimonWorld 2 (Japan)	Digimon World 2	2001	Role Playing Game	BEC	1-2
DigimonWorld 3 - Aratanaru Bouken no Tobira (Japan)	Digimon World 3	2002	Role Playing Game	BEC	1
Digital Ehon Vol. 1 - Imadoki no Momotarou (Japan)	Digital Ehon Vol. 1 : Imadoki No Momotarou	2002	Adventure / Interactive Movie/Adventure	Smilesoft	1-2
Digital Ehon Vol. 2 - Imadoki no Kaguya-hime (Japan)	Digital Ehon Vol. 2 : Imadoki No Kaguyahime	2002	Adventure / Interactive Movie/Adventure	Smilesoft	1-2
Digital Ehon Vol. 3 - Imadoki no Saru Kani (Japan)	Digital Ehon Vol. 1 : Imadoki No Momotarou	2002	Adventure / Interactive Movie/Adventure	Smilesoft	1-2
Digital Ehon Vol. 4 - Imadoki no Hanasaka Jiisan (Japan)	Digital Ehon Vol. 4 : Imadoki No Hanasaka Jiisan	2002	Adventure / Interactive Movie/Adventure	Smilesoft	1-2
Digital Ehon Vol. 5 - Imadoki no Urashima-tarou (Japan)	Digital Ehon Vol. 5 : Imadoki No Urashima Taro	2002	Adventure / Interactive Movie/Adventure	Smilesoft	1-2
Digital Figure Iina (Japan)	Digital Figure Iina	1998	Adventure/Simulation	Natsume	1
Digital Glider Airman (Japan)	Digital Glider Airman	2002	Simulation	Ornith	1
Dino Crisis (USA)	Dino Crisis	1999	Adventure / Survival Horror/Adventure	Capcom	1
Dino Crisis 2 (USA)	Dino Crisis 2	2000	Shooter / TPV/Adventure / Survival Horror/Shooter/Adventure	Capcom	1
Dinomaster Party (Europe) (En,Fr,De,Es,It,Nl)	Dinomaster Party	2002	Casual Game/Adventure	Light & Shadow Productions (LSP)	1-2
Dinosaurs (Europe) (En,Fr,De)	Dinosaurs	2003	Puzzle/Various	The Code Monkeys	1
Dioramos (Japan)	Dioramos	2000	Board game/Role Playing Game	Ponos	1-4
Dirt Champ Motocross No. 1 (Japan)	Championship Motocross featuring Ricky Carmichael	1999	Racing, Driving / Motorcycle/Racing, Driving	Funcom	1-2
Dirt Jockey - Heavy Equipment Operator (USA)	Dirt Jockey : Heavy Equipment Operator	2003	Simulation	DDL	1-2
Disc Derby - Meiba o Tsukurou!! (Japan)	Disc Derby : Meiba wo Tsukurou!!	2000	Sports with animals	Dazz	1
Discworld (Japan)	Terry Pratchett's Discworld	1995	Adventure	Teeny Weeny Games	1
Discworld II (France) (Demo)	Discworld II : Mortality Bytes!	1997	Adventure	Perfect Entertainment	1
Discworld II - Missing Presumed...! (Europe) (En,Es,It)	Discworld II : Mortality Bytes!	1997	Adventure	Perfect Entertainment	1
Discworld II - Mortality Bytes! (USA)	Discworld II : Mortality Bytes!	1997	Adventure	Perfect Entertainment	1
Discworld II - Mortellement Votre (France)	Discworld II : Mortality Bytes!	1997	Adventure	Perfect Entertainment	1
Discworld II - Vermutlich vermisst...! (Germany)	Discworld II : Mortality Bytes!	1997	Adventure	Perfect Entertainment	1
Discworld Noir (Europe) (En,Es,It)	Discworld Noir	2000	Adventure / Point and Click/Adventure	Teeny Weeny Games	1
Disney Action Game Disney Presenta Hercules (Italy)	Disney's Hercules Action Game	1997	Platform	Eurocom	1
Disney Aladdin - La Revanche de Nasira (France)	Disney's Aladdin in Nasira's Revenge	2001	Platform	Argonaut Games	1
Disney Aladdin - La Vendetta di Nasira (Italy)	Disney's Aladdin in Nasira's Revenge	2001	Platform	Argonaut Games	1
Disney Aladdin - La Venganza de Nasira (Spain)	Disney's Aladdin in Nasira's Revenge	2001	Platform	Argonaut Games	1
Disney Atlantida - O Continente Perdido (Portugal)	Disney's Atlantis : The Lost Empire	2001	Platform	Eurocom	1
Disney Atlantide - L'Empire Perdu (France)	Disney's Atlantis : The Lost Empire	2001	Platform	Eurocom	1
Disney Atlantis - El Imperio Perdido (Spain)	Disney's Atlantis : The Lost Empire	2001	Platform	Eurocom	1
Disney Atlantis - L'Impero Perduto (Italy)	Disney's Atlantis : The Lost Empire	2001	Platform	Eurocom	1
Disney Aventuras de Peter Pan en el Pais de Nunca Jamas (Spain)	Peter Pan in Disney's Return to Never Land	2002	Platform	Sony Computer Entertainment	1
Disney Dingo Une Journee de Dingue! (France)	Disney's Goofy's Fun House	2001	Action / Adventure/Action	The Code Monkeys	1
Disney Dinosaure (France)	Disney's Dinosaur	2000	Platform	Sandbox	1
Disney Dinosauri (Italy)	Disney's Dinosaur	2000	Platform	Sandbox	1
Disney Dinosaurio (Spain)	Disney's Dinosaur	2000	Platform	Sandbox	1
Disney El Emperador y sus Locuras (Spain)	Disney's The Emperor's New Groove	2000	Platform	Argonaut Software	1
Disney El Planeta del Tesoro (Spain)	Disney's Treasure Planet	2002	Platform	Magenta Software	1
Disney Fais Ton Histoire! Mulan (France)	Disney's Story Studio : Mulan	1999	Casual Game/Adventure/Puzzle	Disney Interactive	1-2
Disney Il Pianeta del Tesoro (Italy)	Disney's Treasure Planet	2002	Platform	Magenta Software	1
Disney Il Re Leone - La Grande Avventura di Simba (Italy)	Disney's The Lion King : Simba's Mighty Adventure	2000	Platform	Paradox Development	1
Disney Jeu d'Action Disney Presente Hercule (France)	Disney's Hercules Action Game	1997	Platform	Eurocom	1
Disney Juego de Accion Disney Presenta Hercules (Spain)	Disney's Hercules Action Game	1997	Platform	Eurocom	1
Disney Kuzco - L'Empereur Megalo (France)	Disney's The Emperor's New Groove	2000	Platform	Argonaut Software	1
Disney La Petite Sirene 2 (France)	Disney's The Little Mermaid II	2000	Platform	Blitz Games	1
Disney La Planete au Tresor (France)	Disney's Treasure Planet	2002	Platform	Magenta Software	1
Disney La Sirenetta II (Italy)	Disney's The Little Mermaid II	2000	Platform	Blitz Games	1
Disney La Sirenita 2 (Spain)	Disney's The Little Mermaid II	2000	Platform	Blitz Games	1
Disney La Super-Diver Casa de Goofy (Spain)	Disney's Goofy's Fun House	2001	Action / Adventure/Action	The Code Monkeys	1
Disney Le Follie dell'Imperatore (Italy)	Disney's The Emperor's New Groove	2000	Platform	Argonaut Software	1
Disney le Roi Lion - La Formidable Aventure de Simba (France)	Disney's The Lion King : Simba's Mighty Adventure	2000	Platform	Paradox Development	1
Disney Learning - Mickey (Europe) (En,Fr,De,Es,It,Nl)	Disney Learning : Mickey	2002	Educational/Casual Game	Revolution Software	1
Disney Learning - Winnie the Pooh (Europe) (En,Fr,De,It,Nl,Sv,Da)	Disney's Winnie the Pooh : Kindergarten	2002	Educational/Casual Game	Revolution Software	1
Disney Libro Animato Creativo - Mulan (Italy)	Disney's Story Studio : Mulan	1999	Casual Game/Adventure/Puzzle	Disney Interactive	1-2
Disney Lilo & Stitch - Grossi Guai alle Hawaii (Italy)	Disney's Lilo & Stitch	2002	Platform	Blitz Games	1
Disney Lilo & Stitch - Ouragan sur Hawai (France)	Disney's Lilo & Stitch	2002	Platform	Blitz Games	1
Disney Lilo & Stitch - Sarilhos no Paraiso (Portugal)	Disney's Lilo & Stitch	2002	Platform	Blitz Games	1
Disney Lilo & Stitch en Problemas en el Paraiso (Spain)	Disney's Lilo & Stitch	2002	Platform	Blitz Games	1
Disney Pato Donald - Cuac Attack (Spain)	Disney's Donald Duck : Goin' Qu@ckers*!	2000	Platform	Ubisoft Shanghai	1
Disney Peter Pan - Aventuras na Terra do Nunca (Portugal)	Peter Pan in Disney's Return to Never Land	2002	Platform	Sony Computer Entertainment	1
Disney Peter Pan - Aventures au Pays Imaginaire (France)	Peter Pan in Disney's Return to Never Land	2002	Platform	Sony Computer Entertainment	1
Disney Peter Pan - L'Avventura nell'Isola che non c'e (Italy)	Peter Pan in Disney's Return to Never Land	2002	Platform	Sony Computer Entertainment	1
Disney Pippo Giochi Pazzi (Italy)	Disney's Goofy's Fun House	2001	Action / Adventure/Action	The Code Monkeys	1
Disney Pooh e Tigro! E Qui la Festa (Italy)	Disney's Pooh's Party Game : In Search of the Treasure	2001	Casual Game	Doki Denki	1-4
Disney Presents Tigger's Honey Hunt (USA)	Disney Presents Tigger's Honey Hunt	2000	Platform	Doki Denki	1-4
Disney Tarzan (Italy)	Disney's Tarzan	1999	Platform	Eurocom Developments	1
Disney Tigger tras un Bote de Miel (Spain)	Disney Presents Tigger's Honey Hunt	2000	Platform	Doki Denki	1-4
Disney Tigro e la Caccia al Miele (Italy)	Disney Presents Tigger's Honey Hunt	2000	Platform	Doki Denki	1-4
Disney Ven a la Fiesta! con Winnie the Pooh (Spain)	Disney's Pooh's Party Game : In Search of the Treasure	2001	Casual Game	Doki Denki	1-4
Disney Winnie l'Ourson - La Chasse au Miel de Tigrou (France)	Disney Presents Tigger's Honey Hunt	2000	Platform	Doki Denki	1-4
Disney's 101 Dalmatians II - Patch's London Adventure (USA)	Disney's 101 Dalmatians II : Patch's London Adventure	2003	Platform	Digital Eclipse	1
Disney's 102 Dalmatians - Puppies to the Rescue (USA)	Disney's 102 Dalmatians : Puppies to the Rescue	2000	Platform	Crystal Dynamics	1
Disney's 102 Dalmatiner - Valpar till undsaettning (Scandinavia) (Sv,No,Da)	Disney's 102 Dalmatians : Puppies to the Rescue	2000	Platform	Crystal Dynamics	1
Disney's Action Game featuring Hercules (Europe)	Disney's Hercules Action Game	1997	Platform	Eurocom	1
Disney's Action Game met Hercules (Netherlands)	Disney's Hercules Action Game	1997	Platform	Eurocom	1
Disney's Action Spel med Herkules (Sweden)	Disney's Hercules Action Game	1997	Platform	Eurocom	1
Disney's Aladdin in Nasira's Revenge (USA)	Disney's Aladdin in Nasira's Revenge	2001	Platform	Argonaut Games	1
Disney's Aladdin in Nasira's Wraak (Netherlands)	Disney's Aladdin in Nasira's Revenge	2001	Platform	Argonaut Games	1
Disney's Atlantis - De Verzonken Stad (Netherlands)	Disney's Atlantis : The Lost Empire	2001	Platform	Eurocom	1
Disney's Atlantis - En foersvunnen vaerld (Sweden)	Disney's Atlantis : The Lost Empire	2001	Platform	Eurocom	1
Disney's Atlantis - The Lost Empire (USA, Canada)	Disney's Atlantis : The Lost Empire	2001	Platform	Eurocom	1
Disney's Aventura Interactiva - Mulan (Spain)	Disney's Story Studio : Mulan	1999	Casual Game/Adventure/Puzzle	Disney Interactive	1-2
Disney's De Kleine Zeemeermin II (Netherlands)	Disney's The Little Mermaid II	2000	Platform	Blitz Games	1
Disney's De Leeuwenkoning - Simba's Machtige Avontuur (Netherlands)	Disney's The Lion King : Simba's Mighty Adventure	2000	Platform	Paradox Development	1
Disney's Dinosaur (USA)	Disney's Dinosaur	2000	Platform	Sandbox	1
Disney's Dinosaurier (Germany)	Disney's Dinosaur	2000	Platform	Sandbox	1
Disney's Donald Duck - Goin' Quackers (USA)	Disney's Donald Duck : Goin' Qu@ckers*!	2000	Platform	Ubisoft Shanghai	1
Disney's Donald Duck - Quack Attack (Europe) (En,Fr,De,It)	Disney's Donald Duck : Goin' Qu@ckers*!	2000	Platform	Ubisoft Shanghai	1
Disney's El Rey Leon - Las Aventuras del Poderoso Simba (Spain)	Disney's The Lion King : Simba's Mighty Adventure	2000	Platform	Paradox Development	1
Disney's Goofy's Fun House (USA)	Disney's Goofy's Fun House	2001	Action / Adventure/Action	The Code Monkeys	1
Disney's Hercules Action Game (USA)	Disney's Hercules Action Game	1997	Platform	Eurocom	1
Disney's Keizer Kuzco (Netherlands)	Disney's The Emperor's New Groove	2000	Platform	Argonaut Software	1
Disney's Lilo & Stitch (USA)	Disney's Lilo & Stitch	2002	Platform	Blitz Games	1
Disney's Lilo & Stitch - Heisa op Hawai (Netherlands)	Disney's Lilo & Stitch	2002	Platform	Blitz Games	1
Disney's Lilo & Stitch - Trouble in Paradise (Europe)	Disney's Lilo & Stitch	2002	Platform	Blitz Games	1
Disney's Mulan - Story Studio (Europe)	Disney's Story Studio : Mulan	1999	Casual Game/Adventure/Puzzle	Disney Interactive	1-2
Disney's Party mit Winnie Puuh (Germany)	Disney's Pooh's Party Game : In Search of the Treasure	2001	Casual Game	Doki Denki	1-4
Disney's Party Time with Winnie the Pooh (Europe)	Disney's Pooh's Party Game : In Search of the Treasure	2001	Casual Game	Doki Denki	1-4
Disney's Peter Pan - Adventures in Never Land (Europe)	Peter Pan in Disney's Return to Never Land	2002	Platform	Sony Computer Entertainment	1
Disney's Peter Pan - Avonturen in Nooitgedachtland (Netherlands)	Peter Pan in Disney's Return to Never Land	2002	Platform	Sony Computer Entertainment	1
Disney's Piratenplaneet - De Schat van Kapitein Flint (Netherlands)	Disney's Treasure Planet	2002	Platform	Magenta Software	1
Disney's Pooh's Party Game - In Search of the Treasure (USA)	Disney's Pooh's Party Game : In Search of the Treasure	2001	Casual Game	Doki Denki	1-4
Disney's Spelen met Winnie de Poeh en zijn Vriendjes! (Netherlands)	Disney's Winnie the Pooh : Preschool	2002	Educational/Casual Game	Disney Interactive	1
Disney's Story Studio - Mulan (USA)	Disney's Story Studio : Mulan	1999	Casual Game/Adventure/Puzzle	Disney Interactive	1-2
Disney's Tarzan (USA)	Disney's Tarzan	1999	Platform	Eurocom Developments	1
Disney's Teigetjes Honingjacht (Netherlands)	Disney Presents Tigger's Honey Hunt	2000	Platform	Doki Denki	1-4
Disney's The Emperor's New Groove (USA)	Disney's The Emperor's New Groove	2000	Platform	Argonaut Software	1
Disney's The Lion King - Simba's Mighty Adventure (USA)	Disney's The Lion King : Simba's Mighty Adventure	2000	Platform	Paradox Development	1
Disney's The Little Mermaid II (USA)	Disney's The Little Mermaid II	2000	Platform	Blitz Games	1
Disney's Tigger's Honey Hunt (Europe)	Disney Presents Tigger's Honey Hunt	2000	Platform	Doki Denki	1-4
Disney's Treasure Planet (USA)	Disney's Treasure Planet	2002	Platform	Magenta Software	1
Disney's Verhalenstudio - Mulan (Netherlands)	Disney's Story Studio : Mulan	1999	Casual Game/Adventure/Puzzle	Disney Interactive	1-2
Disney's Winnie L'Ourson - C' Est La Recre ! (France)	Disney's Pooh's Party Game : In Search of the Treasure	2001	Casual Game	Doki Denki	1-4
Disney's Winnie the Pooh - Kindergarten (USA)	Disney's Winnie the Pooh : Kindergarten	2002	Educational/Casual Game	Revolution Software	1
Disney's Winnie the Pooh - Preschool (USA)	Disney's Winnie the Pooh : Preschool	2002	Educational/Casual Game	Disney Interactive	1
Disney-Pixar A Bug's Life (USA)	Disney•Pixar A Bug's Life	1998	Platform	Traveller's Tales	1
Disney-Pixar A Bug's Life - Atelier de Jeux (France)	Disney / Pixar : A Bug's Life, Activity Center	1999	Educational	Kids Revolution	1
Disney-Pixar A Bug's Life - Disney's Activity Centre (Europe)	Disney / Pixar : A Bug's Life, Activity Center	1999	Educational	Kids Revolution	1
Disney-Pixar A Bug's Life - Disneys Malen und Spielen (Germany)	Disney / Pixar : A Bug's Life, Activity Center	1999	Educational	Kids Revolution	1
Disney-Pixar A Bug's Life - Megaminimondo (Italy)	Disney•Pixar A Bug's Life	1998	Platform	Traveller's Tales	1
Disney-Pixar Bichos - Una Aventura en Miniatura (Spain)	Disney•Pixar A Bug's Life	1998	Platform	Traveller's Tales	1
Disney-Pixar Bottega dei Giochi - A Bug's Life Megaminimondo (Italy)	Disney / Pixar : A Bug's Life, Activity Center	1999	Educational	Kids Revolution	1
Disney-Pixar Buzz Lightyear - Guardianes del Espacio (Spain)	Disney•Pixar Buzz Lightyear of Star Command	2000	Platform	Traveller's Tales	1
Disney-Pixar Buzz Lightyear da Comando Stellare (Italy)	Disney•Pixar Buzz Lightyear of Star Command	2000	Platform	Traveller's Tales	1
Disney-Pixar Buzz Lightyear of Star Command (USA)	Disney•Pixar Buzz Lightyear of Star Command	2000	Platform	Traveller's Tales	1
Disney-Pixar Captain Buzz Lightyear - Star Command (Germany)	Disney•Pixar Buzz Lightyear of Star Command	2000	Platform	Traveller's Tales	1
Disney-Pixar Das grosse Krabbeln (Germany)	Disney•Pixar A Bug's Life	1998	Platform	Traveller's Tales	1
Disney-Pixar Die Monster AG - Schreckens-Insel (Germany)	Disney•Pixar Monsters, Inc. Scream Team	2001	Platform	Artificial Mind & Movement	1
Disney-Pixar Een Luizenleven (Netherlands)	Disney•Pixar A Bug's Life	1998	Platform	Traveller's Tales	1
Disney-Pixar Ett smakryps liv (Sweden)	Disney•Pixar A Bug's Life	1998	Platform	Traveller's Tales	1
Disney-Pixar Graes-Rodderne (Denmark)	Disney•Pixar A Bug's Life	1998	Platform	Traveller's Tales	1
Disney-Pixar Les Aventures de Buzz L'Eclair (France)	Disney•Pixar Buzz Lightyear of Star Command	2000	Platform	Traveller's Tales	1
Disney-Pixar Monsterbedriften - Skrekkoya (Norway)	Disney•Pixar Monsters, Inc. Scream Team	2001	Platform	Artificial Mind & Movement	1
Disney-Pixar Monsterit Oy - Saeikkysaari (Finland)	Disney•Pixar Monsters, Inc. Scream Team	2001	Platform	Artificial Mind & Movement	1
Disney-Pixar Monsters & Co. - L'Isola dello Spavento (Italy)	Disney•Pixar Monsters, Inc. Scream Team	2001	Platform	Artificial Mind & Movement	1
Disney-Pixar Monsters en Co. - Schrik Eiland (Netherlands)	Disney•Pixar Monsters, Inc. Scream Team	2001	Platform	Artificial Mind & Movement	1
Disney-Pixar Monsters, Inc. - Monstros e Companhia - Ilha Assustadora (Portugal)	Disney•Pixar Monsters, Inc. Scream Team	2001	Platform	Artificial Mind & Movement	1
Disney-Pixar Monsters, Inc. - Scare Island (Europe)	Disney•Pixar Monsters, Inc. Scream Team	2001	Platform	Artificial Mind & Movement	1
Disney-Pixar Monsters, Inc. - Scream Team (USA)	Disney•Pixar Monsters, Inc. Scream Team	2001	Platform	Artificial Mind & Movement	1
Disney-Pixar Monsters, Inc. - Skraemmaroen (Sweden)	Disney•Pixar Monsters, Inc. Scream Team	2001	Platform	Artificial Mind & Movement	1
Disney-Pixar Monsters, Inc. - Skraemmeoen (Denmark)	Disney•Pixar Monsters, Inc. Scream Team	2001	Platform	Artificial Mind & Movement	1
Disney-Pixar Monstres & Cie - L'ile de l'Epouvante (France)	Disney•Pixar Monsters, Inc. Scream Team	2001	Platform	Artificial Mind & Movement	1
Disney-Pixar Monstruos, S.A. - Isla de los Sustos (Spain)	Disney•Pixar Monsters, Inc. Scream Team	2001	Platform	Artificial Mind & Movement	1
Disney-Pixar Oetoekaen elaemaeae (Finland)	Disney•Pixar A Bug's Life	1998	Platform	Traveller's Tales	1
Disney-Pixar Sma-kryp (Norway)	Disney / Pixar : A Bug's Life, Activity Center	1999	Educational	Kids Revolution	1
Disney-Pixar Toy Story 2 - Buzz l'Eclair a la Rescousse ! (France)	Disney•Pixar Toy Story 2 : Buzz Lightyear to the Rescue!	1999	Platform	Traveller's Tales	1
Disney-Pixar Toy Story 2 - Buzz Lightyear al Rescate! (Spain)	Disney•Pixar Toy Story 2 : Buzz Lightyear to the Rescue!	1999	Platform	Traveller's Tales	1
Disney-Pixar Toy Story 2 - Buzz Lightyear eilt zur Hilfe! (Germany)	Disney•Pixar Toy Story 2 : Buzz Lightyear to the Rescue!	1999	Platform	Traveller's Tales	1
Disney-Pixar Toy Story 2 - Buzz Lightyear to the Rescue! (USA)	Disney•Pixar Toy Story 2 : Buzz Lightyear to the Rescue!	1999	Platform	Traveller's Tales	1
Disney-Pixar Toy Story 2 - Woody e Buzz alla riscossa! (Italy)	Disney•Pixar Toy Story 2 : Buzz Lightyear to the Rescue!	1999	Platform	Traveller's Tales	1
Disney-Pixar Toy Story Racer (USA)	Disney•Pixar Toy Story Racer	2001	Racing, Driving	Traveller's Tales	1-2
Disneyn Aladdin - Nasiran Kosto (Finland)	Disney's Aladdin in Nasira's Revenge	2001	Platform	Argonaut Games	1
Disneyn Atlantis - Kadonnut Kaupunki (Finland)	Disney's Atlantis : The Lost Empire	2001	Platform	Eurocom	1
Disneyn Keisarin Uudet Kuviot (Finland)	Disney's The Emperor's New Groove	2000	Platform	Argonaut Software	1
Disneyn Peter Pan - Seikkailu Mika-Mika-Maassa (Finland)	Peter Pan in Disney's Return to Never Land	2002	Platform	Sony Computer Entertainment	1
Disneyn Tarzan (Finland)	Disney's Tarzan	1999	Platform	Eurocom Developments	1
Disneys Action Spil med Herkules (Denmark)	Disney's Hercules Action Game	1997	Platform	Eurocom	1
Disneys Aladdin - Nasiras haemnd (Sweden)	Disney's Aladdin in Nasira's Revenge	2001	Platform	Argonaut Games	1
Disneys Aladdin - Nasiras Haevn (Denmark)	Disney's Aladdin in Nasira's Revenge	2001	Platform	Argonaut Games	1
Disneys Aladdin - Nasiras Hevn (Norway)	Disney's Aladdin in Nasira's Revenge	2001	Platform	Argonaut Games	1
Disneys Aladdin - Nasiras Rache (Germany)	Disney's Aladdin in Nasira's Revenge	2001	Platform	Argonaut Games	1
Disneys Arielle 2 (Germany)	Disney's The Little Mermaid II	2000	Platform	Blitz Games	1
Disneys Atlantis - Das Geheimnis der verlorenen Stadt (Germany)	Disney's Atlantis : The Lost Empire	2001	Platform	Eurocom	1
Disneys Atlantis - Det Forsvundne Rige (Denmark)	Disney's Atlantis : The Lost Empire	2001	Platform	Eurocom	1
Disneys Atlantis - En Forsvunnet Verden (Norway)	Disney's Atlantis : The Lost Empire	2001	Platform	Eurocom	1
Disneys Der Koenig der Loewen - Simbas grosses Abenteuer (Germany)	Disney's The Lion King : Simba's Mighty Adventure	2000	Platform	Paradox Development	1
Disneys Der Schatzplanet (Germany)	Disney's Treasure Planet	2002	Platform	Magenta Software	1
Disneys Ein Koenigreich fuer ein Lama (Germany)	Disney's The Emperor's New Groove	2000	Platform	Argonaut Software	1
Disneys Et Kongerike for en Lama (Norway)	Disney's The Emperor's New Groove	2000	Platform	Argonaut Software	1
Disneys Hercules Action-Spiel (Germany)	Disney's Hercules Action Game	1997	Platform	Eurocom	1
Disneys Interaktive Abenteuer - Mulan (Germany)	Disney's Story Studio : Mulan	1999	Casual Game/Adventure/Puzzle	Disney Interactive	1-2
Disneys Kejsarens Nya Stil (Sweden)	Disney's The Emperor's New Groove	2000	Platform	Argonaut Software	1
Disneys Kejserens Nye Flip (Denmark)	Disney's The Emperor's New Groove	2000	Platform	Argonaut Software	1
Disneys Lilo & Stitch - Ballade pa Hawaii! (Denmark)	Disney's Lilo & Stitch	2002	Platform	Blitz Games	1
Disneys Lilo & Stitch - Hula Baluba! (Norway)	Disney's Lilo & Stitch	2002	Platform	Blitz Games	1
Disneys Lilo & Stitch - Trubbel i Paradiset (Sweden)	Disney's Lilo & Stitch	2002	Platform	Blitz Games	1
Disneys Lilo & Stitch - Zoff auf Hawaii (Germany)	Disney's Lilo & Stitch	2002	Platform	Blitz Games	1
Disneys Peter Pan - Aeventyr i landet Ingenstans (Sweden)	Peter Pan in Disney's Return to Never Land	2002	Platform	Sony Computer Entertainment	1
Disneys Peter Pan - Eventyr i Drommeland (Norway)	Peter Pan in Disney's Return to Never Land	2002	Platform	Sony Computer Entertainment	1
Disneys Peter Pan - Eventyr pa Onskeoen (Denmark)	Peter Pan in Disney's Return to Never Land	2002	Platform	Sony Computer Entertainment	1
Disneys Peter Pan - Rueckkehr nach Nimmerland (Germany)	Peter Pan in Disney's Return to Never Land	2002	Platform	Sony Computer Entertainment	1
Disneys Plys' Spil-og-Leg-Sted (Denmark)	Disney's Pooh's Party Game : In Search of the Treasure	2001	Casual Game	Doki Denki	1-4
Disneys Skatteplaneten (Denmark)	Disney's Treasure Planet	2002	Platform	Magenta Software	1
Disneys Skattkammarplaneten (Sweden)	Disney's Treasure Planet	2002	Platform	Magenta Software	1
Disneys Tarzan (Norway)	Disney's Tarzan	1999	Platform	Eurocom Developments	1
Disneys Tigerdyrets honningjagt (Denmark)	Disney Presents Tigger's Honey Hunt	2000	Platform	Doki Denki	1-4
Disneys Tiggers Honigjagd (Germany)	Disney Presents Tigger's Honey Hunt	2000	Platform	Doki Denki	1-4
Disruptor (USA)	Disruptor	1996	Shooter / FPV/Shooter	Insomniac Games	1
Diver's Dream (Europe) (En,Fr,De)	Diver's Dream	1998	Adventure	Konami	1
Divide, The - Enemies Within (USA)	The Divide : Enemies Within	1996	Platform	Radical Entertainment	1
Dodgem Arena (Europe)	Dodgem Arena	1998	Racing, Driving	Formula Game Development	1-2
DoDonPachi (Japan)	DoDonPachi	1998	Shoot'em Up / Vertical/Shoot'em Up	Cave	1-2
Dog Master, The (Japan)	The Dog Master	2003	Educational	Visit	1
Dokapon! Ikari no Tekken (Japan)	Dokapon! Ikari No Tetsuken	1998	Board game	Tycoon	1-4
Doki Doki On Air (Japan)	Doki Doki On Air	1998	Simulation / Life/Simulation	Bottom Up Interactive	1
Doki Doki On Air 2 (Japan)	Doki Doki On Air 2	1999	Simulation / Life/Simulation	Dream Japan	1
Doki Doki Poyatchio!! (Japan)	Doki Doki Poyatchio!!	1998	Role Playing Game	Zero System	1
Doki Doki Pretty League (Japan)	Doki Doki Pretty League	1997	Sports / Baseball/Sports	Xing Entertainment	1
Doki Doki Pretty League - Lovely Star (Japan)	Doki Doki Pretty League : Lovely Star	2001	Adventure	Xing Entertainment	1
Doki Doki Pretty League - Nekketsu Otome Seishunki (Japan) (Disc 1)	Doki Doki Pretty League : Nekketsu Otome Seishunki	1998	Sports / Baseball/Sports	Xing Entertainment	1
Doki Doki Shutter Chance - Koi no Puzzle o Kumitatete (Japan)	Doki Doki Shutter Chance : Koi no Puzzle wo Kumitatete	1997	Puzzle	Nippon Ichi Software	1-2
Dokiou-ki (Japan)	Doki Oki	1995	Adventure	Banpresto	1
Doko Demo Hamster - Bi! Click Tankentai (Japan)	Doko Demo Hamster : Bi! Click Tanken-tai	2002	Adventure/Casual Game	BEC	1
Doko Demo Hamster 2 (Japan)	Dokodemo Hamster 2	2000	Simulation/Casual Game	BEC	1
Doko Demo Hamster 4 - Doki Doki Sugoroku Daibouken! (Japan)	Dokodemo Hamster 4	2001	Board game	Atelier Double	1-2
Doko Demo Issho (Japan)	Doko Demo Issyo	1999	Simulation	Sony Computer Entertainment	1
Doko made mo Aoku... (Japan)	Dokomademo Aoku...	2002	Adventure	EJ	1
Dolphin's Dream (Japan)	Diver's Dream	1998	Adventure	Konami	1
Dome no Yabou 2 - The Race of Champions (Japan)	Dome no Yabou 2 : The Race of Champions	2000	Simulation/Strategy	OZ Club (Escot)	1
Domino-kun o Tomenai de. (Japan)	No One Can Stop Mr. Domino	1998	Puzzle	Artdink	1
DonPachi (Japan)	DonPachi	1996	Shoot'em Up / Vertical/Shoot'em Up	Cave	1-2
Doom (USA)	Doom	1995	Shooter / FPV/Shooter	Williams Entertainment	1-2
Doraemon - Nobita to Fukkatsu no Hoshi (Japan)	Doraemon : Nobita to Fukkatsu no Hoshi	1996	Platform	SAS Sakata	1
Doraemon 2 - SOS! Otogi no Kuni (Japan)	Doraemon 2 : SOS! Otogi no Kuni	1997	Platform	Pre-Stage	1
Doraemon 3 - Makai no Dungeon (Japan)	Doraemon 3 : Makai no Dungeon	2000	Role Playing Game	Epoch	1
Dosukoi Densetsu (Japan)	Dosukoi Densetsu	1999	Sports/Simulation	KSS	1
Dotchi de Ball! (Japan)	XS Junior League Dodgeball	2003	Sports / Dodgeball/Sports	Yumedia	1-2
Dotchi Mecha! (Japan)	Docchi Mecha!	2000	Strategy	Sony Computer Entertainment	1-2
Dotsubo-chan (Japan)	Dotsubo-chan	2000	Quiz/Quiz / Japanese	3 Spirits	1
Double Dragon (Japan)	Double Dragon	1996	Fighting	Tecmo	1-2
Doubutsu Chara Navi Uranai 2 - Kosei Shinrigaku + Ren'ai Uranai Puzzle (Japan)	Doubutsu Chara Navi Uranai 2 : Kosei Shinrigaku + Ren'ai Uranai Puzzle	2003	Puzzle	Culture Brain	1
Douga de Puzzle da! Puppukupuu (Japan)	Douga de Puzzle Da! Puppukupuu	1995	Puzzle	Agenda	1-2
Doukyuu - Billiard Master (Japan)	Pool Hustler	1999	Sports / Pool/Sports	ASK Kodansha	1-2
Doukyuu Re-mix - Billiards Multiple (Japan)	Pool Academy	2000	Sports / Pool/Simulation/Sports	ASK Kodansha	1-8
Doukyuusei 2 (Japan, Asia)	Doukyuusei 2	1997	Adults/Adventure/Simulation	Elf	1
Doukyuusei Mahjong (Japan)	Doukyuusei Mahjong	2000	Mahjong/Adults/Asiatic board game	Yumedia	1
Downhill Snow (Japan)	Downhill Snow	1998	Sports / Skiing/Sports	Victor Interactive Software	1-2
Dr. Rin ni Kiite Mite! Koi no Happy Four Seasons (Japan)	Dr. Rin ni Kiite Mite! Koi no Happy Four Seasons	2002	Adventure	Will	1-2
Dr. Slump (Japan)	Dr. Slump	1999	Adventure/Role Playing Game	Bandai	1
Dracula - A Ressurreicao (Portugal) (Disc 1)	Dracula : The Resurrection	2001	Adventure	index+	1
Dracula - La Risurrezione (Italy) (Disc 1)	Dracula : The Resurrection	2001	Adventure	index+	1
Dracula - Resurreccion (Spain) (Disc 1)	Dracula : The Resurrection	2001	Adventure	index+	1
Dracula - Resurrection (France) (Disc 1)	Dracula : The Resurrection	2001	Adventure	index+	1
Dracula - The Last Sanctuary (USA) (Disc 1)	Dracula : The Last Sanctuary	2002	Adventure	Visual Impact	1
Dracula - The Resurrection (USA) (Disc 1)	Dracula : The Resurrection	2001	Adventure	index+	1
Dracula 2 - Die letzte Zufluchtsstaette (Germany) (Disc 1)	Dracula : The Last Sanctuary	2002	Adventure	Visual Impact	1
Dracula 2 - El Ultimo Santuario (Spain) (Disc 1)	Dracula : The Last Sanctuary	2002	Adventure	Visual Impact	1
Dracula 2 - L'Ultimo Santuario (Italy) (Disc 1)	Dracula : The Last Sanctuary	2002	Adventure	Visual Impact	1
Dracula 2 - Le Dernier Sanctuaire (France) (Disc 1)	Dracula : The Last Sanctuary	2002	Adventure	Visual Impact	1
Dracula 2 - The Last Sanctuary (Europe) (Disc 1)	Dracula : The Last Sanctuary	2002	Adventure	Visual Impact	1
Dragon Ball - Final Bout (Europe)	Dragon Ball : Final Bout	1997	Fighting	TOSE	1-2
Dragon Ball GT - Final Bout (USA)	Dragon Ball : Final Bout	1997	Fighting	TOSE	1-2
Dragon Ball Z - Idainaru Dragon Ball Densetsu (Japan)	Dragon Ball Z : Idainaru Dragon Ball Densetsu	1996	Fighting / 3D/Fighting	BEC	1-2
Dragon Ball Z - Ultimate Battle 22 (USA)	Dragon Ball Z : Ultimate Battle 22	2003	Fighting	TOSE	1-2
Dragon Drive - Tactics Break (Japan)	Dragon Drive : Tactics Break	2002	Role Playing Game	Bandai	1
Dragon Knight 4 (Japan)	Dragon Knight 4	1997	Tactical RPG/Role Playing Game	Elf	1
Dragon Money (Japan)	Dragon Money	1999	Board game	E.O. Imagination	1-4
Dragon Quest Characters - Torneko no Daibouken 2 - Fushigi no Dungeon (Japan)	Torneko : The Last Hope	2000	Role Playing Game	Enix	1
Dragon Quest IV - Michibikareshi Monotachi (Japan)	Dragon Quest IV : Michibikareshi Mono Tachi	2001	Role Playing Game	Heart Beat	1
Dragon Quest Monsters 1 & 2 - Hoshifuri no Yuusha to Bokujou no Nakamatachi (Japan)	Dragon Quest Monsters I & II	2002	Role Playing Game/Compilation	Enix	1-2
Dragon Quest VII - Eden no Senshitachi (Japan, Asia) (Disc 1)	Dragon Warrior VII	2001	Role Playing Game	Heart Beat	1
Dragon Seeds (USA)	Dragon Seeds	1998	Role Playing Game	Jaleco	1-2
Dragon Seeds - Saishuu Shinka Keitai (Japan)	Dragon Seeds	1998	Role Playing Game	Jaleco	1-2
Dragon Tales - Dragonseek (USA)	Dragon Tales : Dragonseek	2000	Adventure/Platform/Casual Game	Zed Two	1
Dragon Valor (USA) (Disc 1)	Dragon Valor	2000	Role Playing Game	Now Production	1
Dragon Warrior VII (USA) (Disc 1)	Dragon Warrior VII	2001	Role Playing Game	Heart Beat	1
Dragonbeat - Legend of Pinball (Japan)	Dragonbeat : Legend of Pinball	1997	Pinball	Map Japan	1
DragonHeart - Fire & Steel (USA)	DragonHeart : Fire & Steel	1996	Action / Adventure/Action	Funcom	1
Dragstars (Europe)	Dragstars	2002	Racing, Driving	Midas Interactive	1-2
Dream Circus (Japan)	The Dream Circus	1999	Casual Game/Strategy	Technic(TGL) Technical Group Laboratory	1-2
Dream Generation - Koi ka Shigoto ka!... (Japan)	Dream Generation - Koi Ka Shigoto Ka!...	1998	Adventure	Reindeer	1
Dream Story - Les Aventures de Tim et Lola (France)	40 Winks	1999	Platform	Eurocom	1
Dreams (Europe) (En,Fr,De,Es,It)	Dreams	1999	Platform	Cryo Interactive	1
Drift King Shutokou Battle - Tsuchiya Keiichi & Bandou Masaaki (Japan)	Shutokou Battle R	1997	Racing, Driving	Genki	1
Driver (Europe)	Driver : You Are the Wheelman	1999	Racing, Driving	Reflections Interactive	1
Driver - Sennyuu! Car Chase Daisakusen (Japan)	Driver : You Are the Wheelman	1999	Racing, Driving	Reflections Interactive	1
Driver - You Are the Wheelman (USA)	Driver : You Are the Wheelman	1999	Racing, Driving	Reflections Interactive	1
Driver 2 (USA) (Disc 1)	Driver 2	2000	Racing, Driving	Reflections Interactive	1-2
Driver 2 - Back on the Streets (Europe) (Disc 1)	Driver 2	2000	Racing, Driving	Reflections Interactive	1-2
Drug Store, The (Japan)	The Drug Store : MatsumotoKiyoshi de Okaimono!	1998	Simulation/Strategy	Human Entertainment	1
Drug Store, The - MatsumotoKiyoshi de Okaimono! (Japan)	The Drug Store : MatsumotoKiyoshi de Okaimono!	1998	Simulation/Strategy	Human Entertainment	1
Druid - Yami e no Tsuisekisha (Japan)	Druid : Yami e no Tsuisekisha	1998	Adventure/Role Playing Game	Synthetic Dimensions	1
Dschungelbuch, Das - Groove Party (Germany) (Demo)	Walt Disney's The Jungle Book : Rhythm n' Groove	2000	Music and Dancing	Ubisoft	2
DSF Fussball Manager 2001 (Germany)	Alex Ferguson's Player Manager 2001	2000	Simulation/Sports / Football (Soccer)/Sports	Anco	1
DSF Fussball Manager 2002 (Germany)	Alex Ferguson's Player Manager 2002	2002	Build And Management/Sports / Football (Soccer)/Sports/Simulation	Anco	1
Ducati World (Europe)	Ducati World : Racing Challenge	2001	Racing, Driving / Motorcycle/Racing, Driving	Attention To Detail (ATD)	1-2
Ducati World - Racing Challenge (USA)	Ducati World : Racing Challenge	2001	Racing, Driving / Motorcycle/Racing, Driving	Attention To Detail (ATD)	1-2
Duke Nukem (Europe)	Duke Nukem : Total Meltdown	1997	Shooter / FPV/Shooter	Aardvark Software	1-2
Duke Nukem - Land of the Babes (USA)	Duke Nukem : Land of the Babes	2000	Shooter / TPV/Shooter	n-Space	1-2
Duke Nukem - Time to Kill (USA)	Duke Nukem : Time to Kill	1998	Shooter / FPV/Shooter	n-Space	1-2
Duke Nukem - Total Meltdown (USA)	Duke Nukem : Total Meltdown	1997	Shooter / FPV/Shooter	Aardvark Software	1-2
Dukes of Hazzard II, The - Daisy Dukes It Out (USA)	The Dukes of Hazzard II : Daisy Dukes It Out	2000	Racing, Driving	Sinister Games	1-2
Dukes of Hazzard, The - Racing for Home (USA)	The Dukes of Hazzard : Racing for Home	1999	Racing, Driving	Sinister Games	1-2
Dune (Spain)	Dune 2000	1999	Strategy	Westwood Studios	1-2
Dune 2000 (USA)	Dune 2000	1999	Strategy	Westwood Studios	1-2
Dungeon Creator (Japan) (Disc 1)	Dungeon Creator	1996	Role Playing Game	Electronic Arts	1
Dungeon Shoutenkai - Densetsu no Ken Hajime mashita (Japan)	Dungeon Shoutenkai : Densetsu no Ken Hajime mashita	1998	Simulation/Role Playing Game	Kinotrope	1
DX Hyakunin Isshu (Japan)	DX Hyakunin Isshu	2001	Asiatic board game	Alpha Unit	1-4
DX Monopoly (Japan)	DX Monopoly	2000	Board game	Takara	1-5
DX Nippon Tokkyuu Ryokou Game - Let's Travel in Japan (Japan)	DX Nihon Tokkyuu Ryokou Game : Let's Travel in Japan	1996	Board game	Takara	1-5
DX Okuman Chouja Game - The Money Battle (Japan)	DX Okuman Chouja Game - The Money Battle	1996	Board game	OeRSTED	1-4
DX Okuman Chouja Game II - The Money Battle (Japan)	DX Okuman Chouja Game II - The Money Battle	1998	Board game/Casual Game	OeRSTED	1-4
DX Shachou Game (Japan)	DX Shachou Game	1999	Board game	Takara	1-4
Dynamite Boxing (Japan)	Contender	1998	Sports / Boxing/Sports	Victor Interactive Software	1-2
Dynamite Soccer 2000 (Japan)	Dynamite Soccer 2000	2000	Sports / Football (Soccer)/Sports	A-Max	1-2
Dynamite Soccer 2002 (Japan)	Dynamite Soccer 2002	2002	Sports / Football (Soccer)/Sports	A-Max	1-2
Dynamite Soccer 2004 Final (Japan)	Dynamite Soccer 2004 Final	2004	Sports / Football (American)/Sports	A-Max	1-4
Dynamite Soccer 98 (Japan, Asia)	Dynamite Soccer 98	1998	Sports / Football (Soccer)/Sports	A-Max	1-2
Dynasty Warriors (USA)	Dynasty Warriors	1997	Fighting	OMEGA Force	1-2
E.T. the Extra-Terrestrial - Interplanetary Mission (USA)	E.T. the Extra-Terrestrial : Interplanetary Mission	2001	Adventure	Santa Cruz Games	1
EA Sports Superbike 2000 (USA)	Superbike 2000	2000	Racing, Driving / Motorcycle/Racing, Driving	Milestone	1-2
EA Sports Supercross (USA)	Supercross	2000	Racing, Driving	Page 44	1-2
EA Sports Supercross 2000 (USA)	Supercross 2000	1999	Racing, Driving / Motorcycle/Racing, Driving	MBL Research	1-2
Eagle One - Harrier Attack (USA) (En,Fr,Es)	Eagle One : Harrier Attack	2000	Shooter	Glass Ghost	1-2
Earthworm Jim 2 (Europe)	Earthworm Jim 2	1996	Platform	Screaming Pink	1
East End x Yuri - Eexy Life (Japan)	East End X Yuri / Eexy Life	1996	Music and Dancing	Sony Computer Entertainment	1
Easter Bunny's Big Day (USA)	Easter Bunny's Big Day	2003	Puzzle	Seven Computerized Creations	1-2
Eberouge (Japan) (Disc 1)	Eberouge	1997	Simulation / Life/Simulation	Japan Media Programming	1
Eberouge 2 (Japan)	Eberouge 2	1999	Simulation	Takara	1
Eberouge Special - Koi to Mahou no Gakuen Seikatsu (Japan)	Eberouge Special - Koi To Mahou No Gakuen Seikatsu	1998	Simulation / Life/Simulation	Takara	1
Ebisu Yoshikazu no Ooana Kyoutei (Japan)	Ebisu Yoshikazu no Ooana Kyoutei	1996	Racing, Driving	SETA	1
Echo Night (USA)	Echo Night	1999	Adventure	FromSoftware	1
Echo Night 2 - Nemuri no Shihaisha (Japan)	Echo Night #2 : Nemuri no Shihaisha	1999	Adventure	FromSoftware	1
Econo Kids - Ta ga Tame ni Kane wa Naru (Japan)	Econo Kids : Ta ga Tame ni Kane wa Naru	1997	Board game	Technic(TGL) Technical Group Laboratory	1-4
Ecsaform (Japan) (Disc 1)	Ecsaform	1999	Role Playing Game	Emotion	1
ECW Anarchy Rulz (USA)	ECW Anarchy Rulz	2000	Sports / Wrestling/Sports / Fighting/Fighting/Sports	Acclaim Entertainment	1-4
ECW Hardcore Revolution (USA)	ECW Hardcore Revolution	2000	Sports / Wrestling/Sports / Fighting/Sports/Fighting	Acclaim Entertainment	1-4
Efficus - Kono Omoi o Kimi ni... (Japan)	Efficus : Kono Omoi wo Kimi ni...	1998	Adventure	Genki	1
Egg (Japan)	Egg	1998	Puzzle/Strategy	Toshiba EMI	1-4
Eggs of Steel - Charlie's Eggcellent Adventure (USA)	Eggs of Steel : Charlie's Eggcellent Adventure	1998	Platform	Rhythm & Hues	1
Egipto II - La Profecia de Heliopolis (Spain)	Egypt II: The Heliopolis Prophecy	2001	Adventure	Cryo Interactive	1
Egypt 1156 A.C. - L'Enigma della Tomba Reale (Italy)	Egypt 1156 B.C. : Tomb of the Pharaoh	1999	Adventure	Cryo Interactive	1
Egypt 1156 B.C. - Tomb of the Pharaoh (Europe) (En,Es,Nl,Sv)	Egypt 1156 B.C. : Tomb of the Pharaoh	1999	Adventure	Cryo Interactive	1
Egypt II - Die Prophezeiung von Helipolis (Germany)	Egypt II: The Heliopolis Prophecy	2001	Adventure	Cryo Interactive	1
Egypt II - La Profezia di Heliopolis (Italy)	Egypt II: The Heliopolis Prophecy	2001	Adventure	Cryo Interactive	1
Egypt II - La Prophetie d'Heliopolis (France)	Egypt II: The Heliopolis Prophecy	2001	Adventure	Cryo Interactive	1
Egypt II - The Heliopolis Prophecy (Europe)	Egypt II: The Heliopolis Prophecy	2001	Adventure	Cryo Interactive	1
Egypte 1156 AV. J.-C. - L'Enigme de la Tombe Royale (France)	Egypt 1156 B.C. : Tomb of the Pharaoh	1999	Adventure	Cryo Interactive	1
Ehrgeiz - God Bless the Ring (USA)	Ehrgeiz : God Bless the Ring	1999	Fighting	Dreamfactory	1-2
Eikan wa Kimi ni 4 (Japan)	Eikan wa Kimi ni 4	1999	Simulation/Sports / Baseball/Sports	Artdink	1-2
Eikou no Fairway - Virtual Golf Simulation (Japan)	The Final Round	1996	Sports / Golf/Sports	Konami	1-4
Einhaender (USA)	Einhänder	1998	Shoot'em Up / Horizontal/Shoot'em Up	Squaresoft	1
Eisei Meijin (Japan)	Eisei Meijin	1995	Shougi/Asiatic board game	KCET	1-2
Eisei Meijin II (Japan)	Eisei Meijin II	1996	Shougi/Asiatic board game	KCET	1-2
Eisei Meijin III - Game Creator Yoshimura Nobuhiro no Zunou (Japan)	Eisei Meijin III : Game Creator Yoshimura Nobuhiro no Zunou	1999	Shougi/Asiatic board game	KCET	1-2
Eithea (Japan) (Disc 1)	Eithea	2001	Role Playing Game	Atlus	1
Eko Eko Azarak - Wizard of Darkness (Japan)	Eko Eko Azaraku : Wizard of Darkness	1995	Adventure	Polygram	1
Elan (Japan)	Elan	1999	Adventure/Simulation	Visco	1
Elan Plus (Japan)	Elan Plus	2000	Simulation/Adventure	Visco	1
Elder Gate (Japan)	Elder Gate	2000	Role Playing Game	Konami	1
Elemental Gearbolt (USA)	Elemental Gearbolt	1998	Lightgun Shooter	Alfa System	1-2
Elemental Pinball (Europe)	Elemental Pinball	2003	Pinball	DigiCube	1
Elf Masters presente Formula Karts - Special Edition (France)	Formula Karts : Special Edition	1997	Racing, Driving	Telstar	1-2
Elf o Karu Monotachi - Hanafuda-hen (Japan)	Elf o Karu Monotachi : Hanafuda-hen	1997	Hanafuda/Asiatic board game	Altron	1
Elf o Karu Monotachi - Kanzenban (Japan) (Disc 1)	Elf o Karu Monotachi : Kanzenban	1997	Adventure	Altron	1
Elf o Karu Monotachi II (Japan) (Disc 1)	Elf wo Karu Monotachi II	1998	Adventure	Altron	1
Elfin Paradise (Japan)	Elfin Paradise	1997	Adventure	Fill in Café	1
Eliminator (USA)	Eliminator	1999	Shooter	Magenta Software	1-2
Emit Value Pack (Japan) (En,Ja) (Disc 1) (Vol. 1 - Toki no Maigo)	Emit Value Pack	1995	Compilation/Adventure / Visual Novel/Adventure/Educational	Koei	1
Emmyrea (Japan)	Emmyrea	2001	Role Playing Game	Kindle Imagine Develop	1
En Busca del Valle Encantado - El Retorno al Gran Valle (Spain)	The Land Before Time : Return to the Great Valley	2000	Platform/Racing, Driving	Realtime Associates	1-2
End Sector (Japan)	End Sector	2000	Playing cards/Role Playing Game	ASCII	1-2
Enen Angel (Japan)	En En Angel	2001	Puzzle	Media Factory	1
Engacho! (Japan)	Engacho!	1999	Puzzle	Nihon Application	1-2
Enigma (Japan, Asia) (Disc 1)	Enigma	1998	Adventure	Koei	1
Enomoto Kanako no Boke Shindan Game (Japan)	Enomoto Kanako no Boke Shindan Game	1999	Casual Game	Exit	1-2
Entertainment Jansou - That's Pon! (Japan)	Entertainment Jansou : That's Pon!	1995	Mahjong/Asiatic board game	Shoeisha	1
EOS - Edge of Skyhigh (Japan)	EOS : Edge of Skyhigh	1997	Shooter	Micronet	1
Epica Stella (Japan)	Vanguard Bandits	2000	Role Playing Game/Strategy	Human Entertainment	1
Epidemic (USA)	Epidemic	1996	Shooter / FPV/Shooter	Genki	1
EPS Series Vol. 1 - Because I Love You - Yukiko Morikawa (Japan)	EPS Series Vol. 1 - Because I Love You - Yukiko Morikawa	1996	Rhythm/Music and Dancing	Antinos Records	1
EPS Series Vol. 2 - Moonlight to Daybreak - Yukie Nakama (Japan)	EPS Series Vol. 2 - Moonlight to Daybreak - Yukie Nakama	1996	Rhythm/Music and Dancing	Antinos Records	1
EPS Series Vol. 3 - Come and Kiss Me - Tomomi Tsunoda (Japan)	EPS Series Vol. 3 - Come and Kiss Me - Tomomi Tsunoda	1996	Rhythm/Music and Dancing	Antinos Records	1
EPS Series Vol. 4 - Noise Reduction - Tomoa Yamamoto (Japan)	Eps Series Vol.04 : Tomoa Yamamoto - Noise Reduction	1996	Rhythm/Music and Dancing	Antinos Records	1
EPS Series Vol. 5 - Believer Dreamer - Junko Mizutani (Japan)	EPS Series Vol. 5 - Believer Dreamer - Junko Mizutani	1996	Rhythm/Music and Dancing	Antinos Records	1
Equestriad 2001 (Europe) (En,De,Es)	Equestrian Showcase	2003	Horse racing/Sports/Platform/Sports with animals	Tantalus Interactive	1-2
Equestrian Showcase (USA)	Equestrian Showcase	2003	Horse racing/Sports/Platform/Sports with animals	Tantalus Interactive	1-2
Erlebe den Zauber von Disney auf der PlayStation (Germany)	Disney's Hercules Action Game	1997	Platform	Eurocom	1
ESPN Extreme Games (USA)	ESPN Extreme Games	1995	Sports / Extreme/Sports/Racing, Driving	989 Studios	1-2
ESPN MLS Gamenight (USA)	ESPN MLS Gamenight	2000	Sports / Football (Soccer)/Sports	Saffire	1-4
ESPN Street Games (Japan)	ESPN Extreme Games	1995	Sports / Extreme/Sports/Racing, Driving	989 Studios	1-2
Esto Es Futbol (Spain)	This is football	1999	Sports / Football (Soccer)/Sports	Sony Computer Entertainment	2-8
Esto Es Futbol 2 (Spain)	This Is Football 2	2000	Sports / Football (Soccer)/Sports	Sony Computer Entertainment	2-8
Eternal Eyes (USA)	Eternal Eyes	2000	Role Playing Game	TamTam	1
Eternal Melody (Japan)	Eternal Melody	1996	Adventure/Board game/Simulation/Role Playing Game	Starlight Marry	1
Eurasia Express Satsujin Jiken (Japan) (Disc 1)	Eurasia Express Satsujin Jiken	2000	Adventure	System Sacom	1
Europe Racer (Europe) (En,Fr,De,Es,It,Nl)	Europe Racer	2001	Racing, Driving	Davilex	1
European Super League (Europe) (En,Fr,De,Es,It,Pt)	European Super League	2001	Sports / Football (Soccer)/Sports	Crimson	1-2
Eve - The Fatal Attraction (Japan) (Disc 1)	Eve : The Fatal Attraction	2003	Adventure	C's Ware	1
Eve - The Lost One (Japan) (Disc 1) (Kyoko Disc)	Eve : The Lost One, Premium Disc	1998	Adventure	C's Ware	1
Eve Zero (Japan) (Disc 1)	Eve Zero	2000	Adventure	C's Ware	1
Evergreen Avenue (Japan)	Evergreen Avenue	2001	Adventure	Vridge	1
Everybody's Golf (Europe, Australia) (En,Fr,De,Es,It)	Hot Shots Golf	1998	Sports / Golf/Sports	Camelot Software Planning	1-4
Everybody's Golf 2 (Europe)	Hot Shots Golf 2	2000	Sports / Golf/Sports	Clap Hanz	1-4
Evil Dead - Hail to the King (USA) (Disc 1)	Evil Dead : Hail to the King	2000	Adventure / Survival Horror/Adventure	Heavy Iron Studios	1
Evil Zone (USA)	Evil Zone	1999	Fighting	Yuke's	1-2
Evo's Space Adventures (Europe) (En,Fr,De,Es,It)	Evo's Space Adventures	2000	Platform/Adventure	Runecraft	1
Exalegiuse (Japan)	Exalegiuse	1997	Strategy	Kogado	1
Excalibur 2555 A.D. (USA)	Excalibur 2555 A.D.	1997	Action / Adventure/Action	Tempest Software	1
Exciting Bass (Japan)	Fisherman's Bait : A Bass Challenge	1999	Fishing/Hunting and Fishing	KCEO	1-2
Exciting Bass 2 (Japan)	Fisherman's Bait 2 : Big Ol' Bass	1999	Fishing/Hunting and Fishing	Konami Computer Entertainment Nagoya	1-2
Exciting Bass 3 (Japan)	Big Ol' Bass 2	2000	Fishing/Hunting and Fishing	Konami Computer Entertainment Nagoya	1-2
Exciting Pro Wres (Japan)	WWF SmackDown!	2000	Sports / Fighting/Sports	Yuke's	1-4
Exciting Pro Wres 2 (Japan)	WWF SmackDown! 2 : Know Your Role	2000	Sports / Fighting/Sports	Yuke's	1-4
Exector (Japan)	Exector	1995	Shooter	Arc System Works	1
Exhumed (Europe) (En,Fr,De,Es)	Powerslave	1997	Shooter / FPV/Shooter	Lobotomy Software	1-2
Exodus Guilty (Japan)	Exodus Guilty	1998	Adventure	Abel	1
Expendable (USA)	Expendable	2000	Shooter	Rage Software	1-2
Expert (Japan)	Expert	1996	Shooter / FPV/Shooter	Nichibutsu	1
Explosive Racing (Europe)	Explosive Racing	1997	Racing, Driving	Sony Computer Entertainment	1
Extra Bright (Japan)	Extra Bright	1996	Shooter	ASCII	1
Extreme 500 (Europe) (En,De)	Extreme 500	1998	Racing, Driving / Motorcycle/Racing, Driving	Ascaron Entertaiment	1-2
Extreme Ghostbusters - The Ultimate Invasion (Europe) (En,Fr,De,Es,It,Nl)	Extreme Ghostbusters : The Ultimate Invasion	2004	Lightgun Shooter	Similis Software	1-2
Extreme Go-Kart Racing (USA)	Extreme Go-Kart Racing	2003	Racing, Driving	Now Production	1-2
Extreme Pinball (USA)	Extreme Pinball	1996	Pinball	Epic MegaGames	1-4
Extreme Power (Japan)	Extreme Power	1996	Shooter	Profire	1
Extreme Snow Break (Europe)	Extreme Snow Break	1998	Sports / Skiing/Sports	Microïds	2
F-1 Grand Prix 1996 - Team Un'ei Simulation (Japan)	F-1 Grand Prix 1996 : Team Unei Simulation	1999	Racing, Driving/Simulation	Coconuts Japan	1
F.A. Manager (Europe)	F.A. Manager	1999	Simulation/Sports	Krisalis Software	1-2
F.A. Premier League Football Manager 2000, The (Europe)	The F.A. Premier League Football Manager 2000	1999	Sports / Football (Soccer)/Simulation/Sports	EA Sports	1
F.A. Premier League Football Manager 2001, The (Europe)	The F.A. Premier League Football Manager 2001	2000	Sports / Football (Soccer)/Sports	Electronic Arts	1-2
F.A. Premier League Stars 2001, The (Europe)	The F.A. Premier League Stars 2001	2000	Sports / Football (Soccer)/Sports	EA Sports	1-2
F.A. Premier League Stars, The (Europe)	The F.A. Premier League Stars	1999	Sports / Football (Soccer)/Sports	EA Sports	1-2
F1 2000 (USA) (En,Fr,Es)	F1 2000	2000	Racing, Driving	Visual Sciences	1-2
F1 Championship Season 2000 (USA) (En,Fr,Es)	F1 Championship Season 2000	2000	Racing, Driving	Visual Sciences	1-2
F1 GP Nippon no Chousen - Dome no Yabou (Japan)	F1 GP Nippon no Chousen : Dome no Yabou	1996	Simulation/Strategy	Vap	1-2
F1 Racing Championship (USA) (En,Fr)	F1 Racing Championship	2000	Racing, Driving/Sports	Ubisoft Shanghai	1-2
F1 World Grand Prix (USA)	F1 World Grand Prix	2001	Racing, Driving/Sports	Eutechnyx	1-2
F1 World Grand Prix - 1999 Season (USA) (En,Fr,De,Es,It)	F1 World Grand Prix : 1999 Season	1999	Racing, Driving/Sports	Lankhor	1-2
F1 World Grand Prix - Saison 2000 (France)	F1 World Grand Prix	2001	Racing, Driving/Sports	Eutechnyx	1-2
Fade to Black (USA) (En,Fr,De,Es,It)	Fade to Black	1996	Adventure	Delphine Software International	1
Falcata - Astran Pardma no Monshou (Japan)	Falcata : Astran Pardma no Monshou	1995	Role Playing Game/Strategy	Gust	1-4
Family 1500 Series - Mahjong (Japan)	Family 1500 Series - Mahjong	2002	Mahjong/Asiatic board game	I'Max	1
Family Bowling (Japan)	Family Bowling	1998	Sports / Bowling/Sports	Nichibutsu	1-4
Family Card Games Fun Pack (USA)	Family Card Games Fun Pack	2002	Playing cards	Bottom Up Interactive	1-4
Family Chess (Japan)	Family Chess	2002	Board game	Imagic	1-2
Family Diamond (Japan)	Family Diamond	2002	Puzzle	Imagic	1-2
Family Feud (USA)	Family Feud	2000	Quiz	Artech Studios	1-2
Family Game Pack (USA)	Family Game Pack	2000	Board game/Playing cards	The 3DO Company	1-2
Family Games Compendium (Europe) (Disc 1)	Family Games Compendium	2001	Casino	Interactive Entertainment	1-2
Family Gunjin Shougi (Japan)	Family Gunjin Shogi	2002	Shougi/Asiatic board game		1
Family Igo - Super Strong (Japan)	Family Igo - Super Strong	2002	Asiatic board game/Go/Board game	Magnolia	1-2
Family Igo 2 (Japan)	Family Igo 2	2002	Go/Board game/Asiatic board game	Magnolia (Korea Computer Center)	1-2
Family Shougi - Super Strong (Japan)	Family Shougi - Super Strong	2002	Shougi/Asiatic board game	Magnolia	1-2
Family Shougi 2 (Japan)	Family Shougi 2	2002	Shougi/Board game/Asiatic board game	Magnolia	1-2
Famires e Youkoso! (Japan)	Famires e Youkoso!	1998	Strategy	BEC	1
Famires, The (Japan)	The Famires	1998	Strategy	Artdink	1
Famires, The - Shijou Saikyou no Menu (Japan)	The Famires : Shijou Saikyou no Menu	1998	Strategy	Human Club	1
Fantastep (Japan)	Fantastep	1997	Adventure / Point and Click/Adventure	Jaleco	1
Fantastic Fortune (Japan)	Fantastic Fortune	2001	Adventure	Fujitsu	1
Fantastic Four (USA)	Fantastic Four	1997	Beat'em Up	Probe Entertainment	1-4
Fantastic Night Dreams - Cotton Original (Japan)	Fantastic Night Dreams : Cotton Original	1999	Shoot'em Up / Horizontal/Shoot'em Up	Success	1
Farland Saga - Toki no Michishirube (Japan)	Farland Saga : Toki No Ichisirube	1999	Role Playing Game	Technic(TGL) Technical Group Laboratory	1
Farland Story - Yottsu no Fuuin (Japan)	Farland Story : Yottsu No Fuuin	1997	Role Playing Game	Technic(TGL) Technical Group Laboratory	1
Fatal Fury - Wild Ambition (USA)	Fatal Fury : Wild Ambition	1999	Fighting / Versus/Fighting	Ivy-Arts	1-2
Favorite Dear (Japan)	Favorite Dear	1999	Adventure/Role Playing Game	NEC Interchannel	1
Favorite Dear - Enkan no Monogatari (Japan)	Favorite Dear : Enkan no Monogatari	2001	Role Playing Game	NEC	1
Favorite Dear - Junpaku no Yogensha (Japan)	Favorite Dear - Junpaku no Yogensha	1999	Role Playing Game	NEC	1
Fear Effect (USA) (Disc 1)	Fear Effect	2000	Adventure	Kronos Digital Entertainment	1
Fear Effect 2 - Retro Helix (USA) (Disc 1)	Fear Effect 2 : Retro Helix	2001	Adventure/Shooter	Kronos Digital Entertainment	1
Fear Factor (USA) (Beta) (1999-05-05)	Fear Effect	2000	Adventure	Kronos Digital Entertainment	1
FEDA 2 - White Surge the Platoon (Japan)	FEDA 2 : White Surge the Platoon	1997	Strategy/Role Playing Game	Max Entertainment	1
Felony 11-79 (USA)	Felony 11-79	1997	Racing, Driving	Climax Entertainment	1
Fever - Sankyo Koushiki Pachinko Simulation (Japan)	Fever : Sankyo Koushiki Pachinko Simulation	1999	Casino	ICS	1
Fever 2 - Sankyo Koushiki Pachinko Simulation (Japan)	Fever 2 : Sankyo Koushiki Pachinko Simulation	2000	Casino	ICS	1
Fever 3 - Sankyo Koushiki Pachinko Simulation (Japan)	Fever 3 : Sankyo Koushiki Pachinko Simulation	2000	Casino	ICS	1
Fever 4 - Sankyo Koushiki Pachinko Simulation (Japan)	Fever 4 : Sankyo Koushiki Pachinko Simulation	2001	Casino	ICS	1
Fever 5 - Sankyo Koushiki Pachinko Simulation (Japan)	Fever 5 : Sankyo Koushiki Pachinko Simulation	2001	Casino	ICS	1
FIFA - Die WM-Qualifikation 98 (Germany) (En,Fr,De,Es,Nl,Sv)	FIFA : Road to World Cup 98	1997	Sports / Football (Soccer)/Sports	EA Canada	1-8
FIFA - En Route pour la Coupe du Monde 98 (France) (En,Fr,De,Es,Nl,Sv)	FIFA : Road to World Cup 98	1997	Sports / Football (Soccer)/Sports	EA Canada	1-8
FIFA - Road to World Cup 98 (USA) (En,Fr,De,Es,Nl,Sv)	FIFA : Road to World Cup 98	1997	Sports / Football (Soccer)/Sports	EA Canada	1-8
FIFA - Rumbo al Mundial 98 (Spain) (En,Fr,De,Es,Nl,Sv)	FIFA : Road to World Cup 98	1997	Sports / Football (Soccer)/Sports	EA Canada	1-8
FIFA 2000 (Europe) (En,De,Es,Nl,Sv)	FIFA 2000 : Major League Soccer	1999	Sports / Football (Soccer)/Sports	EA Canada	1-8
FIFA 2000 - Europe League Soccer (Japan)	FIFA 2000 : Major League Soccer	1999	Sports / Football (Soccer)/Sports	EA Canada	1-8
FIFA 2000 - Major League Soccer (USA) (En,De,Es,Nl,Sv)	FIFA 2000 : Major League Soccer	1999	Sports / Football (Soccer)/Sports	EA Canada	1-8
FIFA 2001 (USA) (En,De,Es,Nl,Sv)	FIFA 2001	2000	Sports / Football (Soccer)/Sports	EA Canada	1-8
FIFA 97 (Europe) (En,Fr,De,Es,It,Sv)	FIFA Soccer 97	1996	Sports / Football (Soccer)/Sports	High Score Productions	1-8
FIFA 99 (USA) (En,Fr,De,Es,Nl,Sv)	FIFA 99	1998	Sports / Football (Soccer)/Sports	EA Canada	1-8
FIFA 99 - Europe League Soccer (Japan)	FIFA 99	1998	Sports / Football (Soccer)/Sports	EA Canada	1-8
FIFA Football 2002 (Europe) (En,De,Es,Nl,Sv)	FIFA Soccer 2002	2001	Sports / Football (Soccer)/Sports	Software Creations	1-8
FIFA Football 2003 (Europe) (En,Nl,Sv)	FIFA Soccer 2003	2002	Sports / Football (Soccer)/Sports	Electronic Arts	1-8
FIFA Football 2004 (Europe) (En,Nl,Sv)	FIFA Soccer 2004	2003	Sports/Sports / Football (Soccer)	EA Canada	1-8
FIFA Football 2005 (Europe) (En,Nl)	FIFA Soccer 2005	2004	Sports / Football (Soccer)/Sports	EA Canada	1-8
FIFA Soccer 2002 (USA) (En,Es)	FIFA Soccer 2002	2001	Sports / Football (Soccer)/Sports	Software Creations	1-8
FIFA Soccer 2003 (USA) (En,Es)	FIFA Soccer 2003	2002	Sports / Football (Soccer)/Sports	Electronic Arts	1-8
FIFA Soccer 2004 (USA) (En,Es)	FIFA Soccer 2004	2003	Sports/Sports / Football (Soccer)	EA Canada	1-8
FIFA Soccer 2005 (USA) (En,Es)	FIFA Soccer 2005	2004	Sports / Football (Soccer)/Sports	EA Canada	1-8
FIFA Soccer 96 (USA) (En,Fr,De,Es,It,Sv)	FIFA Soccer 96	1995	Sports / Football (Soccer)/Sports	Extended Play Productions	1-8
FIFA Soccer 97 (USA) (En,Fr,De,Es,It,Sv)	FIFA Soccer 97	1996	Sports / Football (Soccer)/Sports	High Score Productions	1-8
FIFA World Cup 98 - France 98 Soushuu-hen (Japan)	World Cup 98	1998	Sports / Football (Soccer)/Sports	EA Canada	1-2
Fifth Element, The (USA)	The Fifth Element	1998	Adventure	Kalisto	1
Fighter Maker (USA)	Fighter Maker	1999	Fighting / 3D/Fighting	ASCII	1-2
Fighters' Impact (Japan, Asia)	Fighters' Impact	1997	Fighting	Polygon Magic	1-2
Fighting Eyes (Japan)	Fighting Eyes	1998	Fighting / 3D/Fighting	Bandit	1-2
Fighting Force & Tomb Raider II (Germany) (En,Fr,De) (Demo)	Fighting Force	1997	Beat'em Up	Core Design	1-2
Fighting Force (USA)	Fighting Force	1997	Beat'em Up	Core Design	1-2
Fighting Force 2 (USA)	Fighting Force 2	1999	Adventure	Core Design	1
Fighting Illusion - K-1 GP 2000 (Japan)	K-1 The Arena Fighters	1997	Fighting/Sports / Boxing/Sports	Daft	1-2
Fighting Illusion - K-1 Grand Prix '98 (Japan)	K-1 Grand Prix	2000	Sports / Boxing/Sports/Fighting	Daft	1-2
Fighting Illusion - K-1 Grand Prix (Japan)	K-1 The Arena Fighters	1997	Fighting/Sports / Boxing/Sports	Daft	1-2
Fighting Illusion - K-1 Revenge (Japan)	K-1 Revenge	1999	Sports / Boxing/Sports/Fighting	Daft	1-2
Fighting Illusion V - K-1 Grand Prix '99 (Japan)	Fighting Illusion V : K-1 Grand Prix '99	1999	Fighting	Daft	1-2
Fighting Network Rings (Japan)	Fighting Network Rings	1997	Sports / Fighting/Sports	Naxat Soft	1-2
Final Doom (USA)	Final Doom	1996	Shooter / FPV/Shooter	Williams Entertainment	1-2
Final Fantasy (Japan)	Final Fantasy Origins : Final Fantasy	2003	Japanese RPG/Role Playing Game	Squaresoft	1
Final Fantasy Anthology - European Edition - Final Fantasy IV (Europe, Australia)	Final Fantasy Chronicles : Final Fantasy IV	2001	Role Playing Game	TOSE	1
Final Fantasy Anthology - European Edition - Final Fantasy V (Europe, Australia)	Final Fantasy Anthology : Final Fantasy V	1999	Role Playing Game	TOSE	1
Final Fantasy Anthology - Final Fantasy V (USA)	Final Fantasy Anthology : Final Fantasy V	1999	Role Playing Game	TOSE	1
Final Fantasy Anthology - Final Fantasy VI (USA)	Final Fantasy Anthology : Final Fantasy VI	1999	Role Playing Game	TOSE	1
Final Fantasy Chronicles - Chrono Trigger (USA, Canada)	Final Fantasy Chronicles : Chrono Trigger	2001	Role Playing Game	TOSE	1
Final Fantasy Chronicles - Final Fantasy IV (USA, Canada)	Final Fantasy Chronicles : Final Fantasy IV	2001	Role Playing Game	TOSE	1
Final Fantasy II (Japan)	Final Fantasy Origins : Final Fantasy II	2003	Role Playing Game	Squaresoft	1
Final Fantasy IV (Japan)	Final Fantasy Chronicles : Final Fantasy IV	2001	Role Playing Game	TOSE	1
Final Fantasy IX (USA, Canada) (Disc 1)	Final Fantasy IX	2000	Role Playing Game	Squaresoft	1
Final Fantasy Origins (USA)	Final Fantasy Origins : FF I & FF II	2003	Compilation/Role Playing Game	TOSE	1
Final Fantasy Origins - Final Fantasy (Europe)	Final Fantasy Origins : Final Fantasy	2003	Japanese RPG/Role Playing Game	Squaresoft	1
Final Fantasy Origins - Final Fantasy II (Europe)	Final Fantasy Origins : Final Fantasy II	2003	Role Playing Game	Squaresoft	1
Final Fantasy Tactics (USA)	Final Fantasy Tactics	1998	Role Playing Game/Strategy	Squaresoft	1
Final Fantasy V (Japan, Asia)	Final Fantasy Anthology : Final Fantasy V	1999	Role Playing Game	TOSE	1
Final Fantasy VI (Europe, Australia)	Final Fantasy Anthology : Final Fantasy VI	1999	Role Playing Game	TOSE	1
Final Fantasy VII (USA) (Disc 1)	Final Fantasy VII	1997	Role Playing Game	Squaresoft	1
Final Fantasy VIII (USA) (Disc 1)	Final Fantasy VIII	1999	Role Playing Game	Squaresoft	1
Final Round (Japan)	Final Round				
Final Round, The (USA)	The Final Round	1996	Sports / Golf/Sports	Konami	1-4
Finger Flashing (Japan)	Finger Flashing	1999	Puzzle	Affect	1-2
Fire Panic - Mack no Rescue Daisakusen (Japan)	Rosco McQueen Firefighter Extreme	1998	Adventure	Slippery Snake	1
Fire Pro Wrestling - Iron Slam '96 (Japan)	Fire Pro Wrestling : Iron Slam '96	1996	Sports / Fighting/Sports	Human Entertainment	1-2
Fire Pro Wrestling G (Japan)	Fire Pro Wrestling G	1999	Sports / Wrestling/Sports	S-Neo	1-2
Fire Woman Matoigumi (Japan)	Fire Woman Matoigumi	1998	Role Playing Game/Simulation	Hunex	1-2
Firebugs (Europe) (En,Fr,De,Es,It,Nl,Pt,Sv,No,Da,Fi)	Firebugs	2002	Racing, Driving	Sony Computer Entertainment	1-2
Firemen 2, The - Pete & Danny (Japan)	The Firemen 2 : Pete & Danny	1995	Action / Adventure/Action	Human Entertainment	1-2
Firestorm - Thunderhawk 2 (Europe) (En,Fr)	Thunderstrike 2	1995	Shooter / FPV/Shooter	Core Design	1
Firo & Klawd (Europe)	Firo & Klawd	1996	Shooter/Shooter / Run and Gun	Interactive	1-2
First Kiss Story (Japan) (Disc 1)	First Kiss Story	1998	Adventure / Visual Novel/Adventure	Hunex	1
First Queen IV - Varcia Senki (Japan)	First Queen IV : Varcia Senki	1996	Tactical RPG/Role Playing Game	Kure Software Koubou	1-2
Fish Eyes (Japan)	Reel Fishing	1997	Fishing/Hunting and Fishing	Pack-In-Video	1
Fish Eyes II (Japan)	Fish Eyes II	2000	Hunting and Fishing	Victor Interactive Software	1
Fish On! Bass (Japan)	Fish On! Bass	1999	Fishing/Hunting and Fishing	Pony Canyon	1
Fisher's Road (Japan)	Fisher's Road	1999	Fishing/Hunting and Fishing	BPS	1
Fisher-Price Rescue Heroes - Helden in Gefahr (Germany)	Rescue Heroes : Molten Menace	2001		Runecraft	1
Fisher-Price Rescue Heroes - Molten Menace (USA)	Rescue Heroes : Molten Menace	2001		Runecraft	1
Fisherman's Bait - A Bass Challenge (USA)	Fisherman's Bait : A Bass Challenge	1999	Fishing/Hunting and Fishing	KCEO	1-2
Fisherman's Bait - Bass Challenge (Europe)	Fisherman's Bait : A Bass Challenge	1999	Fishing/Hunting and Fishing	KCEO	1-2
Fisherman's Bait 2 - Big Ol' Bass (USA)	Fisherman's Bait 2 : Big Ol' Bass	1999	Fishing/Hunting and Fishing	Konami Computer Entertainment Nagoya	1-2
Fisherman's Bait 3 (Europe)	Big Ol' Bass 2	2000	Fishing/Hunting and Fishing	Konami Computer Entertainment Nagoya	1-2
Fishing Freaks - BassRise (Japan)	Bass Rise	1999	Fishing/Hunting and Fishing	BEC	1-4
Fishing Freaks - BassRise Plus (Japan)	Fishing Freaks - BassRise Plus	2000	Fishing/Hunting and Fishing	BEC	1-4
Fishing Koushien II (Japan)	Fishing Koshien II	1997	Fishing/Hunting and Fishing	A Wave Inc	1-2
Fist (Japan)	Fist	1996	Fighting	Imageneer	1-2
Flamberge no Seirei (Japan)	Flamberge No Seirei	2000	Adventure	Kindle Imagine Develop	1
Flintstones, Die - Bedrock Bowling (Germany)	The Flintstones : Bedrock Bowling	2000	Racing, Driving	Adrenalin Interactive	1-4
Flintstones, The - Bedrock Bowling (USA)	The Flintstones : Bedrock Bowling	2000	Racing, Driving	Adrenalin Interactive	1-4
Floating Runner (Europe)	Floating Runner : Quest for the 7 Crystals	1996	Platform	T&E Soft	1
Floating Runner - 7-tsu no Suishou no Monogatari (Japan)	Floating Runner : Quest for the 7 Crystals	1996	Platform	T&E Soft	1
Floating Runner - Quest for the 7 Crystals (USA)	Floating Runner : Quest for the 7 Crystals	1996	Platform	T&E Soft	1
Fluid (Europe)	Fluid	1996	Simulation/Music and Dancing	Opus Software	1
Flying Squadron (Europe)	Flying Squadron	2003	Shooter	Phoenix Games	1
Folles Poursuites (France)	World's Scariest Police Chases	2001	Racing, Driving	Uds	1-2
Football Madness (Europe)	Football Madness	2003	Sports / Football (Soccer)/Sports	Phoenix Games	1-2
Football Manager Campionato 2001 (Italy)	LMA Manager 2001	2001	Sports / Football (Soccer)/Simulation/Sports	Codemasters	2
Football Manager Campionato 2002 (Italy)	LMA Manager 2002	2001	Sports / Football (Soccer)/Simulation/Strategy/Sports	Codemasters	2
Ford Racing (USA)	Ford Racing	2001	Racing, Driving	Toolbox Design	1-2
Ford Truck Mania (USA)	Ford Truck Mania	2003	Racing, Driving	Alpine Studios	1-2
Forget Me Not - Palette (Japan)	Forget Me Not : Pallete	2001	Adventure	Enterbrain	1
Formation Soccer '97 - The Road to France (Japan)	Formation Soccer '97 : The Road to France	1997	Sports / Football (Soccer)/Sports	Human Entertainment	1-2
Formation Soccer '98 (Japan)	Formation Soccer '98	1998	Sports / Football (Soccer)/Sports	Human Entertainment	1-2
Formation Soccer '98 - Ganbare Nippon in France (Japan)	Formation Soccer '97 : The Road to France	1997	Sports / Football (Soccer)/Sports	Human Entertainment	1-2
Formula 1 (USA)	Formula 1	1996	Racing, Driving	Bizarre Creations	1
Formula 1 97 (Europe) (En,Fr,De,Es,It)	Formula 1 Championship Edition	1997	Racing, Driving	Bizarre Creations	1-2
Formula 1 98 (USA, Canada) (En,Fr,De,Es,It,Fi)	Formula 1 '98	1998	Racing, Driving	Visual Sciences	1-4
Formula 1 Championship Edition (USA) (En,Fr,De,Es,It)	Formula 1 Championship Edition	1997	Racing, Driving	Bizarre Creations	1-2
Formula Circus (Japan)	Formula Circus	1997	Racing, Driving	Nichibutsu	1
Formula GP (Europe)	Formula GP	2003	Racing, Driving	Kung Fu	1
Formula Grand Prix - Team Un'ei Simulation 2 - 1997-nenban (Japan)	Formula Grand Prix : Team Unei Simulation 2, 1997-nen Ban	1997	Simulation	Tomcat System	1
Formula Karts - Special Edition (Europe) (En,De,Es,It)	Formula Karts : Special Edition	1997	Racing, Driving	Telstar	1-2
Formula Nippon '99 - Racing Driver ni Narou! (Japan)	Formula Nippon	2000	Racing, Driving	Tyo	1-2
Formula Nippon (Europe) (Fr,De)	Formula Nippon	2000	Racing, Driving	Tyo	1-2
Formula One 2000 (USA)	Formula One 2000	2000	Racing, Driving	Studio 33	1-2
Formula One 2001 (Europe) (En,Fi)	Formula One 2001	2001	Racing, Driving	Sony Computer Entertainment	1-2
Formula One 99 (USA, Canada) (En,Fr,Es)	Formula One 99	1999	Racing, Driving/Simulation	Studio 33	1-2
Formula One Arcade (Europe) (En,Fr,De,Es,It)	Formula One Arcade	2002	Racing, Driving	Studio 33	1-2
Forsaken (USA)	Forsaken	1998	Shooter / Vehicle, FPV/Shooter / FPV/Shooter	Probe Entertainment	1-2
Fox Hunt (USA) (Disc 1)	Fox Hunt	1996	Adventure	3Vision Games	1
Fox Junction (Japan)	Fox Junction	1998	Role Playing Game	Trips	1
Fox Sports Golf '99 (USA)	FOX Sports Golf '99	1998	Sports / Golf/Sports	Gremlin Interactive	1-4
Fox Sports Soccer '99 (USA) (En,Es)	FOX Sports Soccer '99	1998	Sports / Football (Soccer)/Sports	Gremlin Interactive	1-8
FoxKids.com - Micro Maniacs Racing (USA)	Micro Maniacs Racing	2000	Racing, Driving	Codemasters	1-8
Frank Thomas Big Hurt Baseball (USA)	Frank Thomas Big Hurt Baseball	1996	Sports / Baseball/Sports	Iguana Entertainment	1-2
Frankreich 98 - Die Fussball-WM (Germany) (En,Fr,De,Es,Nl,Sv,Da)	World Cup 98	1998	Sports / Football (Soccer)/Sports	EA Canada	1-2
Free Talk Studio - Mari no Kimamana Oshaberi (Japan)	Free Talk Studio : Mari no Kimamana Oshaberi	1997	Simulation	Media Entertainment	1
Freestyle Boardin' '99 (USA)	Freestyle Boardin' '99	1999	Sports / Skiing/Sports	Atelier Double	1-2
Freestyle Motocross - McGrath vs. Pastrana (USA)	Freestyle Motocross : McGrath vs. Pastrana	2000	Racing, Driving / Motorcycle/Racing, Driving	Z-Axis	1-2
Freestyle Scooter (Europe)	Razor Freestyle Scooter	2000	Racing, Driving	Shaba Games	1-2
Frenzy! (Europe)	Frenzy!	1998	Shooter	Sony Computer Entertainment	1
Frogger (USA)	Frogger	1997	Platform	Millennium Interactive	1-4
Frogger 2 - Swampy's Revenge (USA)	Frogger 2 : Swampy's Revenge	2000	Platform	Blitz Games	1-4
From TV Animation One Piece - Grand Battle! (Japan)	One Piece : Grand Battle	2003	Fighting	Ganbarion	1-2
From TV Animation One Piece - Grand Battle! 2 (Japan)	From TV Animation One Piece : Grand Battle! 2	2002	Fighting	Ganbarion	1-2
From TV Animation One Piece - Oceans of Dreams! (Japan)	From TV Animation One Piece : Oceans of Dreams!	2003	Role Playing Game	FlipFlop	1
From TV Animation One Piece - Tobidase Kaizokudan! (Japan)	From TV Animation One Piece : Tobidase Kaizokudan!	2001	Role Playing Game	Aim at Entertainment	1
Front Mission 1st (Japan)	Front Mission 1st	2003	Role Playing Game/Strategy	Square Enix	1
Front Mission 2 (Japan, Asia)	Front Mission 2	1997	Role Playing Game/Strategy	Squaresoft	1
Front Mission 3 (USA)	Front Mission 3	2000	Role Playing Game/Strategy	Squaresoft	1
Front Mission Alternative (Japan)	Front Mission Alternative	2006	Role Playing Game	Square	1
Frontschweine (Germany)	Hogs of War	2000	Strategy	Infogrames	1-4
Fun! Fun! Pingu - Youkoso! Nankyoku e (Japan)	Fun! Fun! Pingu : Youkoso! Nankyoku e	1999	Casual Game	C-Lab	1
Funky Boxers (Japan)	Contender 2	2000	Sports / Boxing/Sports	Victor Interactive Software	1-2
Furimukeba Tonari ni (Japan)	Furimukeba Tonari ni	2001	Adventure	Princess Soft	1
Fushigi Deka (Japan)	Fushigi Deka	2000	Adventure	Capcom	1
Fushigi no Kuni no Angelique (Japan)	Angelique's Wonderland	1997	Board game	Koei	1
Fussball Live (Germany)	This is football	1999	Sports / Football (Soccer)/Sports	Sony Computer Entertainment	2-8
Fussball Live 2 (Germany)	This Is Football 2	2000	Sports / Football (Soccer)/Sports	Sony Computer Entertainment	2-8
Fussball Manager 2001 (Germany)	The F.A. Premier League Football Manager 2001	2000	Sports / Football (Soccer)/Sports	Electronic Arts	1-2
Future Cop - L.A.P.D. (USA)	Future Cop : L.A.P.D.	1998	Shooter	EA Redwood Shores	1-2
Future GPX Cyber Formula - Aratanaru Chousensha (Japan) (Disc 1)	Shin Seiki GPX Cyber Formula : Aratanaru Chousensha	1999	Adventure	Vap	1
Future Racer (Europe)	Future Racer	2002	Racing, Driving	Midas Games	1
Fuujin Ryouiki Eretzvaju (Japan, Asia)	Fuujin Ryouiki Eretzvaju	1999	Fighting	Yuke's	1-2
Fuuraiki (Japan)	Fuuraiki	2001	Adventure	Fog (Full On Games)	1
Fuuun Gokuu Ninden (Japan)	Fuuun Gokuu Ninden	1996	Platform	Aicom Corporation	1
G Darius (Japan, Asia)	G. Darius	1998	Shoot'em Up/Shoot'em Up / Horizontal	Aisystem Tokyo	1-2
G-Police (USA) (Disc 1)	G-Police	1997	Simulation	Psygnosis	1
G-Police - Weapons of Justice (USA)	G-Police : Weapons of Justice	1999	Shooter	Psygnosis	1
G. Darius (USA)	G. Darius	1998	Shoot'em Up/Shoot'em Up / Horizontal	Aisystem Tokyo	1-2
G. Darius + Devil Dice + Brunswick Circuit Pro Bowling (USA) (Trade Demo)	Brunswick Circuit Pro Bowling	1998	Sports / Bowling/Sports	Adrenalin Interactive	1-6
G.O.D pure (Japan)	G.O.D. Pure : Growth or devolution	1998	Role Playing Game	Infinity	1
G.T.A - Grand Theft Auto (Japan)	Grand Theft Auto	1997	Action / Adventure/Action	Visual Sciences	1
Gadget - Past as Future (Japan) (Disc 1)	Gadget : Past as Future	1997	Adventure	Synergy	1
GaiaMaster - Kamigami no Board Game (Japan)	GaiaMaster : Kamigami no Board Game	2000	Board game	Nexus Interact	1-4
GaiaSeed - Project Seed Trap (Japan)	Gaiaseed : Project Seed Trap	1996	Shoot'em Up / Horizontal/Shoot'em Up	Techno Soleil	1
Gakkou de Atta Kowai Hanashi S (Japan)	Gakkou de Atta Kowai Hanashi S	1997	Adventure	Pandora Box	1
Gakkou no Kowai Uwasa - Hanako-san ga Kita!! (Japan)	Gakkou no Kowai Uwasa : Hanako-san ga Kita!!	1995	Adventure / Interactive Movie/Adventure	Capcom	1
Gakkou o Tsukurou!! (Japan)	Gakkou o Tsukurou!! Let's Make a School!!	1997	Strategy/Simulation	Refine Textile	1
Gakkou o Tsukurou!! 2 (Japan)	Gakkou o Tsukurou!! 2	1998	Strategy/Simulation	Victor Interactive Software	1
Gakkou o Tsukurou!! Kouchou Sensei Monogatari (Japan)	Gakkou o Tsukurou!! Kouchou Sensei Monogatari	2000	Strategy	Groove Box Japan	1
Gakuen Sentai Solblast (Japan)	Gakuen Sentai Solblast	1999	Adventure/Role Playing Game/Simulation	Caravan Interactive	1
Galaga - Destination Earth (USA)	Galaga : Destination Earth	2000	Shoot'em Up / Vertical/Shoot'em Up	King of the Jungle	1
Galaxian^3 (Europe)	Galaxian 3	1996	Shooter	Namco	1-2
Galaxy Fight (Europe)	Galaxy Fight	1996	Fighting/Fighting / 2D	Sunsoft	2
Galaxy Fight - Universal Warriors (Japan)	Galaxy Fight	1996	Fighting/Fighting / 2D	Sunsoft	2
Gale Gunner (Japan)	Gale Gunner	2001	Shooter	ASCII	1-2
Galeoz (Japan)	Galeoz	1996	Shooter	Pre-Stage	1
Galerians (USA) (Disc 1)	Galerians	2000	Adventure	Polygon Magic	1
Gallop Racer (USA)	Gallop Racer	1996	Horse racing/Sports with animals	Tecmo	1-2
Gallop Racer 2 (Japan)	Gallop Racer 2	1997	Horse racing/Sports with animals	Tecmo	1-2
Gallop Racer 2000 (Japan)	Gallop Racer 2000	2000	Horse racing/Sports with animals	Tecmo	1-2
Gallop Racer 3 (Japan)	Gallop Racer	1996	Horse racing/Sports with animals	Tecmo	1-2
Game de Seishun (Japan)	Game de Seishun	1998	Board game	Kindle Imagine Develop	1-4
Game Maker, The - Ureyuki 100-manbon Get da ze! (Japan)	The Game Maker	1998	Simulation	Kuusou Kagaku	1
Game Nihonshi - Kakumeiji Oda Nobunaga (Japan)	Game Nihonshi : Kakumeiji Oda Nobunaga	1997	Strategy/Educational	Koei	1
Game no Tatsujin (Japan)	Game no Tatsujin	1995	Asiatic board game	Sunsoft	1-2
Game no Tatsujin 2 (Japan)	Game no Tatsujin 2	1997	Asiatic board game	Sunsoft	1-2
Game no Tetsujin - The Shanghai (Japan)	Game no Tetsujin : The Shanghai	1995	Mahjong/Asiatic board game	Sunsoft	1
Game of Life, The (USA)	The Game of Life	1998	Board game	The Collective	1-6
Game of Life, The - DX Jinsei Game (Japan)	DX Jinsei Game	1996	Board game/Casual Game	Takara	1-4
Game of Life, The - DX Jinsei Game II (Japan)	DX Jinsei Game II	1997	Casual Game	Takara	1-4
Game of Life, The - DX Jinsei Game III (Japan)	DX Jinsei Game III	1999	Casual Game	Takara	1-4
Game of Life, The - DX Jinsei Game IV (Japan)	DX Jinsei Game IV	2001	Casual Game	Takara	1-4
Game of Life, The - DX Jinsei Game V (Japan)	DX Jinsei Game V	2002	Casual Game	Takara	1-4
Game Soft o Tsukurou - Let's Be a Super Game Creator!! (Japan)	Game Soft o Tsukurou : Let's Be a Super Game Creator!!	1999	Simulation	Art	1
Gamera 2000 (Japan) (En,Ja)	Gamera 2000	1997	Shoot'em Up	Digital Frontier	1-2
Ganbare Goemon - Kuru nara Koi! Ayashige Ikka no Kuroi Kage (Japan)	Ganbare Goemon : Kuru nara Koi! Ayashige Ikka no Kuroi Kage	1998	Adventure	Konami Computer Entertainment Nagoya	1
Ganbare Goemon - Ooedo Daikaiten (Japan)	Ganbare Goemon : Ooedo Daikaiten	2001	Adventure	KCEK	1-2
Ganbare Goemon - Uchuu Kaizoku Akogingu (Japan)	Ganbare Goemon : Uchuu Kaizoku Akogingu	1996	Action / Adventure/Action	Konami	1
Ganbare Morikawa-kun 2-gou (Japan)	Pet in TV	1998	Adventure	Sugar & Rockets	1
Ganbare! Nippon! Olympic 2000 (Japan)	International Track & Field 2000	1999	Sports / Multisports/Sports	KCET	1-4
Gangway Monsters (Japan)	Gangway Monsters	1998	Fighting	Sony Music Entertainment	1-2
Ganso Family Mahjong (Japan)	Ganso Family Mahjong	1998	Mahjong/Asiatic board game	Nichibutsu	1
Ganso Family Mahjong 2 (Japan)	Ganso Family Mahjong 2	1999	Mahjong/Asiatic board game	Nichibutsu	1
Garou Densetsu - Wild Ambition (Japan, Asia)	Fatal Fury : Wild Ambition	1999	Fighting / Versus/Fighting	Ivy-Arts	1-2
Gate Keepers (Japan) (Disc 1)	Gate Keepers	1999	Adventure/Role Playing Game	Kadokawa Shoten	1
Gauntlet Legends (USA)	Gauntlet Legends	2000	Role Playing Game	Midway	1-2
Gear Fighter Dendoh (Japan)	Gear Fighter Dendoh	2001	Beat'em Up	Sunrise Software	1-2
GeGeGe no Kitarou (Japan)	GeGeGe no Kitarou : Noroi no Nikuto Katachi Tachi	1997	Adventure	BEC	1
GeGeGe no Kitarou - Gyakushuu! Youma Daikessen (Japan)	GeGeGe no Kitarou - Gyakushuu! Youma Daikessen	2003	Platform	Konami	1
Geki-Oh - Shienryuu (Japan)	Gekioh : Shooting King	2002	Shooter/Shoot'em Up / Vertical/Shoot'em Up	Warashi	1-2
Gekido - Urban Fighters (USA)	Gekido : Urban Fighters	2001	Beat'em Up	NAPS Team	1-4
Gekioh - Shooting King (USA)	Gekioh : Shooting King	2002	Shooter/Shoot'em Up / Vertical/Shoot'em Up	Warashi	1-2
Gekiretsu Pachinkers (Japan)	Gekiretsu Pachinkers	1997	Casino	Planning Office Wada	1
Gekisou Tomarunner (Japan)	Gekisou Tomarunner	1999	Racing, Driving	Desert Productions	1-2
Gekisou!! Grand Racing - Total Drivin' (Japan)	Car and Driver Presents : Grand Tour Racing '98	1997	Racing, Driving	Eutechnyx	1-4
Gekitotsu Toma L'Arc - Tomarunner vs L'Arc-en-Ciel (Japan)	Gekitotsu Toma L'Arc : Tomarunner vs L'Arc-en-Ciel	2000	Racing, Driving	Sony Computer Entertainment	1-2
Gekitotsu! Yonku Battle 4WD (Japan)	Test Drive Off-Road	1997	Racing, Driving	Motivetime	1-2
Gekitou! Crush Gear Turbo (Japan)	Gekitou! Crush Gear Turbo	2002		Bandai	1-2
Gekitou! Crush Gear Turbo - Comic Bom Bom Special Disc (Japan) (Demo)	Gekitou! Crush Gear Turbo	2002		Bandai	1-2
Gekka no Kishi - Ouryuusen (Japan)	Gekka no Kishi : Ouryuu-sen	1996	Asiatic board game	Banpresto	1-2
Gen'ei Tougi - Shadow Struggle (Japan)	Genei Tougi : Shadow Struggle	1996	Fighting	Racdym	1-2
Genghis Khan - Aoki Ookami to Shiroki Mejika IV (Japan)	Genghis Khan : Aoki Ookami to Shiroki Mejika IV	1999	Strategy	Koei	1-8
Gensei Kyokou Seirei Kidoudan - Elemental Gearbolt (Japan, Asia)	Elemental Gearbolt	1998	Lightgun Shooter	Alfa System	1-2
Gensou Maden Saiyuuki - Haruka naru Nishi e (Japan)	Gensou Maden Saiyuuki : Haruka naru Nishi e	2002	Adventure	J-Wing	1
Gensou no Artemis (Japan)	Gensou no Altemis	2000	Adventure	Astrocade	1
Gensou Suiko Gaiden Vol. 1 - Harmonia no Kenshi (Japan)	Gensou Suiko Gaiden Vol. 1 : Harmonia no Kenshi	2000	Adventure / Visual Novel/Adventure	KCET	1
Gensou Suiko Gaiden Vol. 2 - Crystal Valley no Kettou (Japan)	Gensou Suiko Gaiden Vol. 2 : Crystal Valley no Kettou	2001	Adventure / Visual Novel/Adventure	KCET	1
Gensou Suikoden (Japan)	Suikoden	1996	Role Playing Game	Konami	1
Gensou Suikoden II (Japan)	Suikoden II	1999	Adventure/Role Playing Game	Konami	1
Geom Cube (USA)	Geom Cube	1995	Puzzle	Technos Japan	1-2
Geometry Duel (Japan)	Geometry Duel	1998	Role Playing Game	Takara	1-2
Germs - Nerawareta Machi (Japan)	Germs - Nerawareta Machi	1999	Adventure/Shooter	KEJ	1
GetBackers - Dakkan'ya (Japan)	GetBackers : Dakkanya	2001	Adventure/Role Playing Game	KCE Japan	1-2
Getter Robo Daikessen! (Japan)	Getter Robo Daikessen!	1999	Role Playing Game	Techno Soft	1
Gex (USA)	Gex	1995	Platform	Beam Software	1
Gex - Deep Cover Gecko (Europe) (Fr,De)	Gex 3 : Deep Cover Gecko	1999	Platform	Crystal Dynamics	1
Gex - Enter the Gecko (USA)	Gex : Enter the Gecko	1998	Platform	Crystal Dynamics	1
Gex 3 - Deep Cover Gecko (USA)	Gex 3 : Deep Cover Gecko	1999	Platform	Crystal Dynamics	1
Gex 3D - Enter the Gecko (Europe)	Gex : Enter the Gecko	1998	Platform	Crystal Dynamics	1
Ghost in the Shell (USA)	Ghost in the Shell	1997	Shooter/Shooter / TPV	Exact	1
Ghoul Panic (Europe) (En,Fr,De,Es,It)	Ghoul Panic	2000	Lightgun Shooter	Namco	1-2
GI Jockey (Japan)	GI Jockey	1999	Horse racing/Sports with animals	iNiS	1
GI Jockey 2000 (Japan)	GI Jockey 2000	2000	Sports with animals	iNiS	1
Ginga Eiyuu Densetsu (Japan)	Ginga Eiyuu Densetsu	1998	Simulation/Strategy	MiCROViSion	1
Ginga Ojousama Densetsu Yuna - Final Edition (Japan)	Ginga Ojousama Densetsu Yuna - Final Edition	1998	Role Playing Game	Will	1-2
Gioca con i Teletubbies (Italy)	Play with the Teletubbies	2000	Casual Game/Educational	Hachette Multimedia	1
Gionbana (Japan)	Gionbana	1995	Playing cards	Nichibutsu	1-2
Gionbana 2 - Kanazawa Bunko-hen (Japan)	Gionbana 2 - Kanazawa Bunko-hen	1999	Playing cards	Nichibutsu	1-2
Glint Glitters (Japan)	Glint Glitters	1999	Board game	Caramel Mama	1-4
Global Domination (Europe)	Global Domination	1999	Strategy	Psygnosis	1
Global Force - Shin Sentou Kokka (Japan)	Global Force : Shin Sentou Kokka	1999	Tactical RPG/Strategy/Role Playing Game	Marionette	1-3
Glocal Hexcite (Japan)	Glocal Hexcite	1999	Puzzle	Gu	1-2
Glover (USA)	Glover	1999	Platform	Interactive Studios	1
Go Go I Land (Japan) (Disc 1)	Go Go I Land	2000	Adventure	Kindle Imagine Develop	1
Go II Professional - Taikyoku Igo (Japan)	Go 2 Professional Taikyoku Igo	1996	Go/Asiatic board game	Mycom	1-2
Goal Storm '97 (USA)	Goal Storm '97	1997	Sports / Football (Soccer)/Sports	KCET	1-2
Goal Storm (USA)	Goal Storm	1996	Sports / Football (Soccer)/Sports	KCET	1-2
Godzilla - Trading Battle (Japan)	Godzilla : Trading Battle	1998	Playing cards	Toho Company	1-2
Goemon - Shin Sedai Shuumei (Japan)	Goemon : Shin Sedai Shuumei	2002	Platform	KCET	1
Goiken Muyou II (Japan) (En,Ja)	Goiken Muyou II	1998	Fighting	Mediamuse	1-2
Gokujou Parodius Da! Deluxe Pack (Japan)	Parodius	1996	Shoot'em Up / Horizontal/Shoot'em Up	Konami	1-2
Gokuu Densetsu - Magic Beast Warriors (Japan)	Gokuu Densetsu : Magic Beast Warriors	1996	Fighting	Alyume System	1-2
Gold and Glory - The Road to El Dorado (USA)	Gold and Glory : The Road to El Dorado	2000	Adventure	Revolution Software	1
Gold und Ruhm - Der Weg nach El Dorado (Germany)	Gold and Glory : The Road to El Dorado	2000	Adventure	Revolution Software	1
Golden Goal 98 (Europe) (En,Fr,De,Es,It)	Alexi Lalas International Soccer	1999	Sports / Football (Soccer)/Sports	Z-Axis	1-2
Golden Nugget (USA) (Disc 1)	Golden Nugget	1997	Casino	Point of View	1
Goldie (Europe) (En,Fr,De,Nl)	Goldie	2000	Puzzle/Educational	The Code Monkeys	1
Golgo 13 Vol. 1 - Carlyle no Yabou (Japan) (En,Ja)	Golgo 13 Vol. 1 - Carlyle No Yabou	1998	Adventure / Visual Novel/Adventure	Daiki	1
Golgo 13 Vol. 2 - Mienai Guntai (Japan) (En,Ja)	Golgo 13 : (2) Mienai Guntai	1998	Adventure	Daiki	1
Goo! Goo! Soundy (Japan)	Goo! Goo! Soundy	1999	Music and Dancing	KCET	1
Goo-Cho de Park - Theme Park Monogatari (Japan)	Goo-Cho de Park : Theme Park Monogatari	1996	Board game	Victor Interactive Software	1-4
Goryuujin + Electro (Japan)	Goryuujin Electro	1998	Puzzle	ASK Kodansha	1-2
Gotha II - Tenkuu no Kishi (Japan)	Gotha II : Tenkuu no Kishi	1996	Strategy	Micronet	1
Gotouchi Hello Kitty Sugoroku Monogatari (Japan)	Gotouchi Hello Kitty Sugoroku Monogatari	2003	Board game/Casual Game	Bandai	1-4
Goujin Senki (Japan)	Go-Jin Senki	1998	Role Playing Game	Tonkin House	1-2
Gouketsuji Ichizoku 2 - Chotto dake Saikyou Densetsu (Japan)	Gouketsuji Ichizoku 2 : Chotto dake Saikyou Densetsu	1995	Fighting	Atlus	1-2
Gourmet Action Game - Manpuku!! Nabe Kazoku (Japan)	Gourmet Action Game : Manpuku!! Nabe Kazoku	2002	Puzzle	Media Entertainment	1-2
GP Challenge (Europe) (En,Fr,De,It)	GP Challenge	2002	Racing, Driving	Interactive Entertainment	1-2
Grab des Pharao, Das (Germany)	Egypt 1156 B.C. : Tomb of the Pharaoh	1999	Adventure	Cryo Interactive	1
Gradius Deluxe Pack (Japan)	Gradius Deluxe Pack	1996	Shoot'em Up / Horizontal/Compilation/Shoot'em Up	Konami	1-2
Gradius Gaiden (Japan)	Gradius Gaiden	1997	Shoot'em Up / Horizontal/Shoot'em Up	Konami	1-2
Gran Turismo (USA)	Gran Turismo	1998	Racing, Driving	Polyphony Digital	1-2
Gran Turismo 2 (USA) (Arcade Mode)	Gran Turismo 2 (Arcade Mode)	1999	Racing, Driving	Polyphony Digital	1-2
Gran Turismo 2 - Music at the Speed of Sound - The Album (USA) (Bonus PlayStation Disc)	Gran Turismo 2 (Arcade Mode)	1999	Racing, Driving	Polyphony Digital	1-2
Grand Slam (USA)	Grand Slam	1997	Sports / Baseball/Sports	Burst	1-2
Grand Theft Auto (USA)	Grand Theft Auto	1997	Action / Adventure/Action	Visual Sciences	1
Grand Theft Auto - London 1969 (Europe) (En,Fr,De,It)	Grand Theft Auto : Mission Pack #1, London 1969	1999	Action / Adventure/Action	Runecraft	1
Grand Theft Auto - Mission Pack 1 - London 1969 (USA)	Grand Theft Auto : Mission Pack #1, London 1969	1999	Action / Adventure/Action	Runecraft	1
Grand Theft Auto 2 (USA)	Grand Theft Auto 2	1999	Action/Action / Adventure	DMA Design	1
Grande Fratello - Il Gioco (Italy)	Grande Fratello - Il Gioco	2003	Simulation	Trecsision	1-10
Grandia (USA) (Disc 1)	Grandia	1999	Role Playing Game/Adventure	Game Arts	1
Grandia - Prelude (Japan) (Demo 1)	Grandia	1999	Role Playing Game/Adventure	Game Arts	1
Granew-tou! Daibouken (Japan)	Granew-tou! Daibouken	1998	Racing, Driving	Insect	1-4
Granstream Denki - The Granstream Saga (Japan)	The Granstream Saga	1998	Role Playing Game	Shade	1
Granstream Saga, The (USA)	The Granstream Saga	1998	Role Playing Game	Shade	1
Great Battle VI, The (Japan)	The Great Battle VI	1997	Platform	Aspect	1
Great Hits (Japan)	Great Hits : Get Down with the Beat	1998	Strategy/Music and Dancing	Enix	1
Great Rugby Jikkyou '98 - World Cup e no Michi (Japan)	Jonah Lomu Rugby	1997	Sports / Rugby/Sports	Rage Software	1-2
Grid Run (Europe)	Grid Runner	1996	Platform	Radical Entertainment	1-2
Grid Runner (USA)	Grid Runner	1996	Platform	Radical Entertainment	1-2
Grille Logic (Japan)	Grille Logic	1996	Puzzle	Shoeisha	1-2
Grinch, The (USA) (En,Fr,Es)	The Grinch	2000	Platform	Artificial Mind & Movement	1
Grind Session (USA)	Grind Session	2000	Sports / Skateboard/Sports	Shaba Games	1
Gritz - The Pyramid Adventure (Japan)	Gritz : The Pyramid Adventure	1997	Puzzle	Sanyo	1-2
Groove Adventure Rave - Mikan no Hiseki (Japan)	Groove Adventure Rave : Mikan no Hiseki	2002	Role Playing Game	Winky Soft	1-2
Groove Adventure Rave - Yuukyuu no Kizuna (Japan)	Groove Adventure Rave: Yukyu no Kizuna	2002	Role Playing Game	Konami	1
Groove Jigoku V (Japan) (Demo)	Groove Jigoku V - Sweepstation Version	1998	Casual Game/Music and Dancing	Opus Software	1
Groove Jigoku V - SweepStation Version (Japan)	Groove Jigoku V - Sweepstation Version	1998	Casual Game/Music and Dancing	Opus Software	1
Ground Stroke - Advanced Tennis Game (Japan)	Power Serve 3D Tennis	1995	Sports / Tennis/Sports	SPS	1-2
Growlanser (Japan) (Disc 1)	Growlanser	1999	Role Playing Game/Strategy	Career Soft	1
Grudge Warriors (USA)	Grudge Warriors	2000	Racing, Driving	Tempest Software	1-2
Guardian of Darkness, The (Europe) (En,Fr,De,Es,It)	The Guardian of Darkness	1999	Adventure	Cryo Interactive	1
Guardian Recall - Shugojuu Shoukan (Japan) (Disc 1)	Guardian Recall : Shugojuu Shoukan	1998	Role Playing Game	Tsuji Jimusho	1
Guardian's Crusade (USA)	Guardian's Crusade	1999	Role Playing Game/Adventure	Tamsoft	1
Gubble (USA)	Gubble	2002	Puzzle	GOO!	1
Guilty Gear (USA)	Guilty Gear	1998	Fighting / Versus/Fighting	Arc System Works	1-2
Guitar Freaks (Japan)	Guitar Freaks	1999	Music/Rhythm/Music and Dancing	Konami	1-2
Guitar Freaks Append 2nd Mix (Japan)	Guitar Freaks Append 2nd Mix	2000	Music/Rhythm/Music and Dancing	Konami	1-2
Gunbalina (Japan)	Point Blank 3	2001	Lightgun Shooter	TOSE	1-8
Gunbare! Game Tengoku - The Game Paradise 2 (Japan)	Gunbare! Game Tengoku : The Game Paradise 2	1998	Shooter	Jaleco	1-2
Gunbarl (Japan, Asia)	Point Blank 2	1999	Lightgun Shooter	TOSE	1-8
Gunbird (Japan)	Mobile Light Force	2003	Shooter/Shoot'em Up	Psikyo	1-2
GunBullet (Japan)	Point Blank	1998	Lightgun Shooter	TOSE	1-8
Gundam 0079 - The War for Earth (Japan) (Disc 1)	Gundam 0079 : The War for Earth	1997	Strategy/Adventure	Presto Studios	1
Gundam Battle Assault (USA)	Gundam Battle Assault	2000	Fighting	Natsume	1-2
Gundam Battle Assault 2 (USA)	Gundam Battle Assault 2	2002	Fighting	Natsume	1-2
Gundam the Battle Master (Japan, Asia)	Gundam : The Battle Master	1997	Fighting	Natsume	1-2
Gundam the Battle Master 2 (Japan, Asia)	Gundam : The Battle Master 2	1998	Fighting	Natsume	1-2
Gundress (Japan)	Gundress	2000	Simulation/Strategy/Role Playing Game	Starfish	1
Gundress Data-shuu (Japan)	Gundress	2000	Simulation/Strategy/Role Playing Game	Starfish	1
Gunfighter - The Legend of Jesse James (USA)	Gunfighter : The Legend of Jesse James	2001	Lightgun Shooter	Rebellion	1
Gungage (Europe)	Gungage	1999	Shooter / TPV/Shooter	Konami	1
Gungho Brigade (Japan)	Gungho Brigade	2000	Strategy/Role Playing Game	Tomy	1
Gunners Heaven (Japan)	Rapid Reload	1995	Shooter/Shooter / Run and Gun	Media.Vision Entertainment	1
Gunnm - Kasei no Kioku (Japan)	Gunnm : Kasei no Kioku	1998	Beat'em Up/Adventure	Banpresto	1
Gunpey (Japan)	Gunpey	1999	Puzzle	Koto Laboratory	1-2
Gunship (USA)	Gunship	1996	Shooter	MicroProse	1
Guntu - Western Front June, 1944 - Tetsu no Kioku (Japan)	Guntu : Western Front June, 1944, Tetsu no Kioku	1997	Lightgun Shooter	Electrocoin	1
Gussun Oyoyo (Japan)	Gussun Oyoyo	1995			1-2
Gussun Paradise (Japan)	Yoyo's Puzzle Park	1999	Platform	Irem	1-2
Guuguuthropus (Japan)	Googootrops	1999	Simulation	Produce	1
Guy Roux Football Manager Saison 97-98 (France)	Guy Roux Football Manager Saison 97/98	1998	Sports / Football (Soccer)/Simulation/Sports	Ubisoft	1-2
Guy Roux Manager '99 (France)	Player Manager Ninety Nine	1999	Simulation/Sports	Anco	1
Guy Roux Manager 2000 (France)	Player Manager 2000	2000	Sports / Football (Soccer)/Simulation/Sports	Ubisoft	1
Guy Roux Manager 2001 (France)	Alex Ferguson's Player Manager 2001	2000	Simulation/Sports / Football (Soccer)/Sports	Anco	1
Gyuwambler Jiko Chuushinha - Ippatsu Shoubu! (Japan)	Gyuwambler Jiko Chuushinha : Ippatsu Shoubu!	2000	Mahjong/Asiatic board game	Game Arts	1
GZSZ Quiz (Germany)	Gute Zeiten Schlechte Zeiten Quiz	2000	Quiz / German/Quiz	Software 2000	1-2
GZSZ Vol. 2 (Germany) (Disc 1)	Gute Zeiten Schlechte Zeiten Vol. 2	1999	Quiz / German/Quiz/Adventure	Software 2000	1
GZSZ Vol. 3 (Germany)	Gute Zeiten Schlechte Zeiten Vol. 3	1999	Quiz / German/Quiz/Adventure	Software 2000	1
Hacha Mecha Pon! (Japan)	Hacha Mecha Pon!	1998	Educational/Casual Game	Sunmark	1
Haishin 2 (Japan)	Hai-Shin 2	1998	Asiatic board game	Warashi	1
Hajime no Ippo - The Fighting! (Japan)	Hajime no Ippo : The Fighting!	1997	Simulation/Fighting/Sports	Kodansha	1-2
Hakai-ou - King of Crusher (Japan)	Hakai Ou : King of Crusher	1998		FAB Communication	1
Haluatko Miljonaariksi (Finland)	Who Wants to Be a Millionaire ?	2000	Quiz/Puzzle	Hothouse Creations	1-4
Hamster Club-i (Japan)	Hamster Club-i	2002	Casual Game	Jorudan	1-2
Hamster Monogatari (Japan)	Hamster Monogatari	2000	Adventure/Racing, Driving/Simulation	Culture Brain	1-2
Hamster no Odekake (Japan)	Hamster no Odekake	2001	Simulation	S-Plan	1
Hamunaptra - Ushinawareta Sabaku no Miyako (Japan)	The Mummy	2000	Adventure	Konami	1
Hana to Ryuu (Japan)	Hana to Ryuu	1998	Mahjong/Hanafuda/Asiatic board game	I'Max	1
Hana to Ryuu - Hanafuda, Mahjong (Japan) (Major Wave)	Hana to Ryuu	1998	Mahjong/Hanafuda/Asiatic board game	I'Max	1
Hanabi - Fantast (Japan)	Hanabi : Fantast	1998	Simulation	Magical Company	1
Hanafuda Graffiti - Koi Koi Monogatari (Japan)	Hanafuda Graffiti : Koi-Koi Monogatari	1996	Hanafuda/Asiatic board game	I'Max	1
Hanafuda Real 3D (Japan)	Hanafuda Real 3D	1998	Hanafuda/Asiatic board game	Pony Canyon	1
Happy Diet (Japan)	Happy Diet	2001	Simulation	Twilight Express	1
Happy Hotel (Japan)	Happy Hotel	1997	Simulation/Strategy	Tohoku Shinsha	1
Happy Jogging in Hawaii (Japan)	Happy Jogging in Hawaii	2001	Sports	Twilight Express	1
Happy Salvage (Japan)	Happy Salvage	2000	Adventure	Media Works	1
Happy Salvage - Otakara Disc (Japan)	Happy Salvage	2000	Adventure	Media Works	1
Hard Blow (Japan)	Hard Blow	1997	Sports / Boxing/Sports	Electronic Arts	1-2
Hard Boiled (Europe)	Hard Boiled	1997	Racing, Driving	Cryo Interactive	1
Hard Boiled - Neuro Tower o Hakai seyo (Japan)	Hard Boiled	1997	Racing, Driving	Cryo Interactive	1
Hard Edge (Europe) (En,Fr,De)	T.R.A.G. : Mission of Mercy	1999	Adventure	Sunsoft	1
Hard Rock Cab (Japan)	Hard Rock Cab	1996	Racing, Driving/Shooter	Imagexcel	1
HardBall '99 (USA)	HardBall '99	1998	Sports / Baseball/Sports	MindSpan	1-2
HardBall 5 (USA)	HardBall 5	1996	Sports / Baseball/Sports	MindSpan	1-2
Hardcore 4x4 (Europe) (En,Fr,De)	TNN Motor Sports HardCore 4X4	1996	Racing, Driving	Gremlin Interactive	1
Harlem Beat - You're the One (Japan)	Harlem Beat : You're the One	1999	Simulation	Konami	1
Harmful Park (Japan)	Harmful Park	1997	Shoot'em Up / Horizontal/Shoot'em Up	Sky Think System	1-2
Harry Potter and the Chamber of Secrets (USA, Canada) (En,Fr,Es)	Harry Potter and the Chamber of Secrets	2002	Adventure	Argonaut Games	1
Harry Potter and the Philosopher's Stone (Europe) (En,Fr,De)	Harry Potter and the Sorcerer's Stone	2001	Adventure	Argonaut Games	1
Harry Potter and the Sorcerer's Stone (USA) (En,Fr,Es)	Harry Potter and the Sorcerer's Stone	2001	Adventure	Argonaut Games	1
Harry Potter ja Salaisuuksien Kammio (Finland) (En,Fi)	Harry Potter and the Chamber of Secrets	2002	Adventure	Argonaut Games	1
Harry Potter to Himitsu no Heya (Japan)	Harry Potter and the Chamber of Secrets	2002	Adventure	Argonaut Games	1
Harry Potter to Kenja no Ishi (Japan)	Harry Potter and the Sorcerer's Stone	2001	Adventure	Argonaut Games	1
Harukanaru Toki no Naka de (Japan)	Harukanaru Toki no Naka de	2000	Adventure	Koei	1
Harukanaru Toki no Naka de - Banjou Yuugi (Japan)	Harukanaru Toki no Naka de : Banjou Yuugi	2003	Adventure	Koei	1-4
Harukaze Sentai V-Force (Japan) (Disc 1)	Harukaze Sentai V-Force	1996	Role Playing Game	Ving	1
Harvest Moon - Back to Nature (USA)	Harvest Moon : Back to Nature	2000	Role Playing Game	Victor Interactive Software	1
Hashiriya - Ookamitachi no Densetsu (Japan)	Hashiriya : Ookami-tachi no Densetsu	1997	Racing, Driving	Nichibutsu	1
Hatsukoi Valentine (Japan)	Hatsukoi Valentine	1997	Adventure / Visual Novel/Adventure	Fill in Café	1
Hatsukoi Valentine Special (Japan)	Hatsukoi Valentine Special	1998	Simulation	Fill in Café	1
Haunted Junction - Seitokai Badge o Oe! (Japan)	Haunted Junction : Seitokai Badge wo Oe!	1997	Puzzle	Media Works	1-2
HBO Boxing (USA)	HBO Boxing	2000	Sports / Boxing/Sports	Osiris	1-2
Heart of Darkness (USA) (Disc 1)	Heart of Darkness	1998	Platform	Amazing Studio	1
Heaven's Gate (Japan)	Yusha - Heavens Gate	1997	Fighting	Racdym	1-2
Hebereke Station Popoitto (Japan)	Hebereke's Popoitto	1996	Puzzle	Sunsoft	1-2
Hebereke's Popoitto (Europe)	Hebereke's Popoitto	1996	Puzzle	Sunsoft	1-2
Heisa Byouin (Japan)	Heisa Byouin	2000	Adventure	Visit	1
Heiwa Pachinko Daisuki (Japan)	Heiwa Pachinko Daisuki	1996	Casino	Heiwa	1
Heiwa Pachinko Graffiti Vol. 1 (Japan)	Heiwa Pachinko Graffiti Vol. 1				
Heiwa Pachinko Graffiti Vol. 2 (Japan)	Heiwa Pachinko Graffiti Vol. 2	1999	Casino / Lottery/Casino	Aqua Rouge	1
Heiwa Parlor! Pro - BunDori King SP (Japan)	Heiwa Parlor! Pro : BunDori King SP	2001	Casino	Telenet	1
Heiwa Parlor! Pro - Dolphin Ring Special (Japan)	Heiwa Parlor! Pro : Dolphin Ring Special	2000	Casino	Telenet	1
Heiwa Parlor! Pro - Fujiko ni O-Ma-Ka-Se Special (Japan)	Heiwa Parlor! Pro - Fujiko Ni O-ma-ka-se Special	2000	Casino	Telenet	1
Heiwa Parlor! Pro - Inakappe Taishou Special (Japan)	Heiwa Parlor! Pro - Inakappe Taishou Special	2000	Casino	Telenet	1
Heiwa Parlor! Pro - Lupin Sansei Special (Japan)	Heiwa Parlor! Pro : Lupin the IIIrd Special	2000	Casino	Telenet	1
Heiwa Parlor! Pro - Tsunatori Special (Japan)	Heiwa Parlor! Pro : Tsunatori Special	2002	Casino	Nippon Telenet	1
Heiwa Parlor! Pro - Western Special (Japan)	Heiwa Parlor! Pro : Western Special	2000	Casino	Telenet	1
Heiwa, The - Otenki Studio (Japan)	The Heiwa : Otenki Studio	2001	Casino	Aqua Rouge	1
Helix - Fear Effect (Japan) (Disc 1)	Fear Effect 2 : Retro Helix	2001	Adventure/Shooter	Kronos Digital Entertainment	1
Hellboy - Asylum Seeker (USA)	Hellboy : Asylum Seeker	2003	Adventure	Hoplite Research	1
Hellnight (Europe) (En,Fr,De)	Hellnight	1998	Adventure	Atlus	1
Hello Charlie!! (Japan)	Eggs of Steel : Charlie's Eggcellent Adventure	1998	Platform	Rhythm & Hues	1
Hello Kitty - Cube Frenzy (USA)	Hello Kitty's Cube Frenzy	1999	Puzzle	Culture Publishing	1-2
Hello Kitty - White Present (Japan)	Hello Kitty : White Present	1998	Platform	Hudson Soft	1
Hello Kitty no Cube de Cute (Japan)	Hello Kitty's Cube Frenzy	1999	Puzzle	Culture Publishing	1-2
Henry Explorers (Japan)	Crypt Killer	1997	Lightgun Shooter	KCET	1-2
Herc's Adventures (USA)	Herc's Adventures	1997	Adventure	Big Ape Productions	1-2
Herc's Adventures - Hercules no Daibouken (Japan)	Herc's Adventures	1997	Adventure	Big Ape Productions	1-2
Herkules (Europe) (En,De)	Herkules	2003	Educational	The Code Monkeys	1
Hermie Hopperhead - Scrap Panic (Japan)	Hermie Hopperhead : Scrap Panic	1995	Platform	Yuke's	1
Heroine Dream (Japan)	Heroine Dream	1996	Simulation/Casual Game	Map Japan	1
Heroine Dream 2 (Japan)	Heroine Dream 2	1998	Simulation	Map Japan	1
Hexamoon Guardians (Japan) (Disc 1)	Hexamoon Guardians	2000	Adventure/Role Playing Game	Increment P	1
Hexen (USA)	Hexen	1997	Shooter / FPV/Shooter	Probe Entertainment	1
Hexen - Beyond Heretic (Japan)	Hexen	1997	Shooter / FPV/Shooter	Probe Entertainment	1
Hi-Hou-Ou - Mou Omae to wa Kuchi Kikan!! (Japan)	Hi-Hou-Oh : Mou Omae to wa Kuchi Kikan!!	1997	Board game	Sonnet Computer Entertainment	1-4
Hi-Octane (Europe) (En,Fr,De,Es)	Hi-Octane : The Track Fights Back!	1995	Racing, Driving	Bullfrog	1-2
Hi-Octane + Ridge Racer + Mortal Kombat 3 + Evolva (France)	Hi-Octane : The Track Fights Back!	1995	Racing, Driving	Bullfrog	1-2
Hi-Octane - The Track Fights Back! (USA) (En,Fr,De,Es)	Hi-Octane : The Track Fights Back!	1995	Racing, Driving	Bullfrog	1-2
Hidden & Dangerous (Europe) (En,Fr,De,Es,It)	Hidden & Dangerous	2001	Shooter / FPV/Strategy/Shooter	Illusion Softworks	1
High Heat Baseball 2000 (USA)	High Heat Baseball 2000	1999	Sports / Baseball/Sports	Team .366	1-2
High Heat Major League Baseball 2002 (USA)	High Heat Major League Baseball 2002	2001	Sports / Baseball/Simulation/Sports	The 3DO Company	1-2
High School of Blitz (Japan)	High School of Blitz	1999	Adventure/Playing cards	Japan Media Programming	1
Hikari no Shima - Seven Lithographs in Shining Island (Japan)	Hikari no Shima : Seven Lithographs in Shining Island	1999	Adventure	Affect	1
Hikaru no Go - Heian Gensou Ibunroku (Japan)	Hikaru no Go : Heian Gensou Ibunroku	2003	Adventure/Board game	KCEJ	1
Hikaru no Go - Insei Choujou Kessen (Japan)	Hikaru no Go : Insei Choujou Kessen	2002	Go/Asiatic board game	KCEJ	1
Himiko-den - Renge (Japan) (Disc 1)	Himiko-den : Renge	1999	Role Playing Game	Chime	1
Himitsu Kessha Q (Japan)	Himitsu Kessha Q	1998	Role Playing Game/Adventure	Right Stuff	1
Himitsu Sentai Metamor V Deluxe (Japan) (Disc 1)	Himitsu Sentai Metamor V Deluxe	1998	Adventure	Feycraft	1
Hissatsu Pachi-Slot Station - Meoshi Ichiban (Japan)	Hissatsu Pachi-Slot Station : Jikki Simulation	1998	Casino	Sunsoft	1
Hissatsu Pachi-Slot Station 2 - Bakuto! Joushiki Yaburi no 2 Types (Japan)	Hissatsu Pachi-Slot Station 2	1999	Casino	Sunsoft	1
Hissatsu Pachi-Slot Station 3 - Tetra Reel e no Chousen (Japan)	Hissatsu Pachi-Slot Station 3	2000	Casino	Sunsoft	1
Hissatsu Pachi-Slot Station 4 - New Pulsar R & Hot Rod Queen (Japan)	Hissatsu Pachi-Slot Station 4	2000	Casino / Slot machine/Casino	Sunsoft	1
Hissatsu Pachi-Slot Station 5 - Invaders 2000 (Japan)	Hissatsu Pachi-Slot Station 5 : Invaders 2000	2000	Casino	Sunsoft	1
Hissatsu Pachi-Slot Station SP - Yamasa Best Choice (Japan)	Hissatsu Pachi-Slot Station SP	1999	Casino	Sunsoft	1
Hissatsu Pachi-Slot Station Special 2 - The Tetra (Japan)	Hissatsu Pachi-Slot Station Special 2 : The Tetra	2000	Casino	Sunsoft	1
Hissatsu Pachinko Station (Japan)	Hissatsu Pachinko Station	1996	Casino	Sunsoft	1
Hissatsu Pachinko Station - Monster House Special (Japan)	Hissatsu Pachinko Station : Monster House Special	1998	Casino	Sunsoft	1
Hissatsu Pachinko Station - Toyomaru Special (Japan)	Hissatsu Pachinko Station : Toyomaru Special	2000	Casino	Sunsoft	1
Hissatsu Pachinko Station 10 - EX Jack 2000 & Super Dragon (Japan)	Hissatsu Pachinko Station 10 : EX Jack 2000 & Super Dragon	2000	Casino	Sunsoft	1
Hissatsu Pachinko Station 2 (Japan)	Hissatsu Pachinko Station 2	1997	Casino	Sunsoft	1
Hissatsu Pachinko Station 3 - Genshijin ga Ippai (Japan)	Hissatsu Pachinko Station 3 : Genshijin ga Ippai	1998	Casino	Sunsoft	1
Hissatsu Pachinko Station 4 - Hero-tachi no Chousen (Japan)	Hissatsu Pachinko Station 4 : Hero Tachi no Chousen	2000	Casino	Sunsoft	1
Hissatsu Pachinko Station 5 - Deramaitta & Irete Nanbo (Japan)	Hissatsu Pachinko Station 5 : Deramaitta & Irete Nanbo	1999	Casino	Sunsoft	1
Hissatsu Pachinko Station 6 - Gakideka & Jamaica (Japan)	Hissatsu Pachinko Station 6 : Gakideka & Jamaica	1999	Casino	Sunsoft	1
Hissatsu Pachinko Station 7 - CR Chumy House XL & CR Battle Hero V & Fine Play (Japan)	Hissatsu Pachinko Station 7 - Cr Chumy House Xl And Cr Battle Hero V And Fine Play	1999	Casino	Sunsoft	1
Hissatsu Pachinko Station 8 - Kamashi no Kin-chan & Soreyuke Hama-chan (Japan)	Hissatsu Pachinko Station 8 : Kamashi no Kin-chan & Soreyuke Hama-chan	2000	Casino	Sunsoft	1
Hissatsu Pachinko Station 9 - Ushiwaka to Lemi (Japan)	Hissatsu Pachinko Station 9 : Ushiwaka to Lemi	2000	Casino	Sunsoft	1
Hissatsu Pachinko Station Classic - Fukkatsu! Natsukashi no Meikitachi (Japan)	Hissatsu Pachinko Station Classic : Fukkatsu! Natsukashi no Meiki-tachi	1999	Casino	Sunsoft	1
Hissatsu Pachinko Station Classic 2 - Tsui ni yomigaeru!! Bakuretsu Meiki Fukkatsu (Japan)	Hissatsu Pachinko Station : Classic 2	2000	Casino	Sunsoft	1
Hissatsu Pachinko Station Now - Kore ga Ichiban!! Shin Pikaichi Tengoku (Japan)	Hissatsu Pachinko Station Now	1999	Casino	Sunsoft	1
Hissatsu Pachinko Station Now 2 - Yatta ze Ippatsu Tsumo Tsumo Tengoku (Japan)	Hissatsu Pachinko Station Now 2	1999	Casino	Sunsoft	1
Hissatsu Pachinko Station Now 3 - Youkai Engei (Japan)	Hissatsu Pachinko Station Now 3 : Youkai Engei	2000	Casino	Sunsoft	1
Hissatsu Pachinko Station Now 4 - Ore wa Nekketsu Bouken-ou da!! (Japan)	Hissatsu Pachinko Station Now 4 : Ore wa Nekketsu Boukenou Da!!	2000	Casino	Sunsoft	1
Hissatsu Pachinko Station Now 5 - GeGeGe no Kitarou (Japan)	Hissatsu Pachinko Station Now 5 - Gegege No Kitarou	2000	Casino	Sunsoft	1
Hissatsu Pachinko Station Now 6 - Shinsei!! Areddin 21 (Japan)	Hissatsu Pachinko Station Now 6 : Shinsei!! Areddin 21	2000	Casino	Sunsoft	1
Hissatsu Pachinko Station Now 7 - Magical Circus (Japan)	Hissatsu Pachinko Station Now 7 : Magical Circus	2000	Casino	Sunsoft	1
Hissatsu Pachinko Station Now 8 - Jarinko Chie (Japan)	Hissatsu Pachinko Station Now 8 : Jarinko Chie	2001	Casino	Sunsoft	1
Hissatsu Pachinko Station Now 9 - Dirty Pair (Japan)	Hissatsu Pachinko Station Now 9 - Dirty Pair	2002	Casino	Sunsoft	1
Hissatsu Pachinko Station Petit - Nanasy tte Nani (Japan)	Hissatsu Pachinko Station Puchi - Nanasy Tte Nani	1999	Casino	Sunsoft	1
Hissatsu Pachinko Station Petit 2 - Areddin tte Great! (Japan)	Hissatsu Pachinko Station Puchi 2 : Areddin tte Great!	2000	Casino	Sunsoft	1
Hissatsu Pachinko Station SP3 (Japan)	Hissatsu Pachinko Station SP3	2002	Casino	Sunsoft	1
History of Kita Denshi (Japan)	History of Kita Denshi	2001	Casino	Map Japan	1
Hit Back (Japan)	Hit Back	1999	Action / Breakout games/Action	Tomy	1-2
Hive Wars, The (Japan) (Disc 1)	The Hive	1997	Shooter	Rainbow	1
Hive, The (USA) (Disc 1)	The Hive	1997	Shooter	Rainbow	1
Hiza no Ue no Partner - Kitty on Your Lap (Japan)	Hiza no Ue no Partner : Kitty on Your Lap	1998	Adventure/Simulation	Astrocade	1
Hogs of War (USA)	Hogs of War	2000	Strategy	Infogrames	1-4
Hogs of War - Nati per Soffritto (Italy)	Hogs of War	2000	Strategy	Infogrames	1-4
Hokuto no Ken (Japan)	Hokuto no Ken	1996	Action / Adventure/Action	Banpresto	1-2
Hokuto no Ken - Seikimatsu Kyuuseishu Densetsu (Japan)	Hokuto no Ken : Seikimatsu Kyuuseishu Densetsu	2000	Beat'em Up	Natsume	1-2
Home Doctor (Japan)	Home Doctor	1997	Educational	Success	1
Honkaku 4-nin Uchi - Geinoujin Taikyoku Mahjong - The Wareme de Pon (Japan)	Honkaku 4-nin Uchi Geinoujin Taikyoku Mahjong : The Wareme de Pon	1996	Mahjong/Asiatic board game	Video System	1-4
Honkaku Hanafuda (Japan)	Honkaku Hanafuda	2001	Hanafuda/Asiatic board game/Playing cards	Altron	1
Honkaku Igo (Japan)	Honkaku Igo	1998	Go/Asiatic board game	SETA	1-2
Honkaku Mahjong - Tetsuman Special (Japan)	Honkaku Mahjong : Tetsuman Special	1996	Mahjong/Asiatic board game	Naxat Soft	1
Honkaku Shougi - Shougi-ou (Japan)	Honkaku Shogi : Shogi Oh	1998	Asiatic board game	Warashi	1-2
Honkaku Yonin Uchi Pro Mahjong - Mahjong-ou (Japan)	Honkaku Yonin Uchi Pro Mahjong : Mahjong Ou	2000	Mahjong/Asiatic board game	Warashi	1
Honkakuha Yonin Uchi - Mahjong Club (Japan)	Honkakuha Yonin Uchi : Mahjong Club	1998	Mahjong/Asiatic board game	Warashi	1
Honoo no 15 Shumoku - Atlanta Olympics (Japan)	Olympic Summer Games : Atlanta 1996	1996	Sports / Multisports/Sports	Silicon Dreams	1-8
Honoo no Ryourinin - Cooking Fighter Hao (Japan)	Honoo no Ryourinin : Cooking Fighter Hao	1998	Role Playing Game	Nippon Ichi Software	1-2
Hooters - Road Trip (USA)	Hooters Road Trip	2002	Racing, Driving	Hoplite Research	1
Horned Owl (Japan)	Project : Horned Owl	1996	Shooter/Lightgun Shooter	Alfa System	1-2
Hoshi de Hakken!! Tamagotchi (Japan, Asia)	Hoshi de Hakken!! Tamagotch	1998	Strategy/Adventure	Bandai	1-2
Hoshi no Mahoroba (Japan)	Hoshi no Mahoroba	2002	Adventure/Role Playing Game	Jorudan	1
Hoshigami - Ruining Blue Earth (USA)	Hoshigami : Ruining Blue Earth	2001	Role Playing Game/Strategy	MaxFive	1
Hoshigami - Shizumiyuku Aoki Daichi (Japan)	Hoshigami : Ruining Blue Earth	2001	Role Playing Game/Strategy	MaxFive	1
Hoshinooka Gakuen Monogatari - Gakuensai (Japan)	Hoshinooka Gakuen Monogatari : Gakuensai	1998	Adventure/Simulation	Atelier-Sai	1
Hot Shot (Europe)	Hot Shot	2003	Shooter	NAPS Team	1
Hot Shots Golf (USA)	Hot Shots Golf	1998	Sports / Golf/Sports	Camelot Software Planning	1-4
Hot Shots Golf 2 (USA)	Hot Shots Golf 2	2000	Sports / Golf/Sports	Clap Hanz	1-4
Hot Wheels - Extreme Racing (USA)	Hot Wheels : Extreme Racing	1999	Racing, Driving	Atod	1-4
Hot Wheels - Turbo Racing (USA)	Hot Wheels : Turbo Racing	1999	Racing, Driving	Stormfront Studios	1-2
Houma Hunter Lime - Special Collection Vol. 1 (Japan)	Houma Hunter Lime Special Collection Vol. 1	1994	Adventure	Copya System	1
Houma Hunter Lime - Special Collection Vol. 2 (Japan)	Houma Hunter Lime Special Collection Vol. 2	1995	Adventure	Copya System	1
Houshin Engi (Japan)	Houshin Engi	1998	Role Playing Game	Koei	1
Houshin Engi - Aizouban (Japan)	Houshin Engi - Aizouban	1999	Tactical RPG/Role Playing Game	Koei	1
Housoukyoku, The - SatelliTV (Japan)	SatelliTV	1998	Simulation/Strategy	Nippon Ichi Software	1
Hugo (Europe)	Hugo	1998	Platform	ITE Media	1-2
Hugo - Black Diamond Fever (Europe) (En,Sv,Fi)	Hugo : Black Diamond Fever	2001	Platform	SG Diffusion	1
Hugo - Frog Fighter (Europe) (En,Fr,De,Es,It,Nl,Pt,Sv,No,Da,Fi)	Hugo : Frog Fighter	2002	Platform	SG Diffusion	1
Hugo - The Evil Mirror (USA) (En,Es)	Hugo : The Evil Mirror	2003	Platform	ITE Media	1
Hugo - The Quest for the Sunstones (Europe) (Fr,Nl,Pl)	Hugo : The Quest for the Sunstones	2000	Platform	ITE Media	1
Hugo 2 (Europe)	Hugo 2	2000	Platform	ITE Media	2
Hunchback of Notredame (Europe)	Hunchback of Notredame	2002	Puzzle/Educational	The Code Monkeys	1
Hunter x Hunter - Maboroshi no Greed Island (Japan)	Hunter x Hunter : Maboroshi no Greed Island	2002	Role Playing Game	Konami	1-2
Hunter x Hunter - Ubawareta Aura Stone (Japan)	Hunter x Hunter : Ubawareta Aura Stone	2002	Role Playing Game	Konami	1
Hunter, The (Europe)	Battle Hunter	2001	Board game/Role Playing Game	Success	1-4
Hvem Vil Vaere Millionaer (Denmark)	Who Wants to Be a Millionaire ?	2000	Quiz/Puzzle	Hothouse Creations	1-4
Hyakujuu Sentai GaoRanger (Japan)	Hyakujuu Sentai Gaoranger	2001	Fighting / 3D/Fighting	Natsume	1
Hybrid (Europe)	Hybrid	2002	Shooter / FPV/Shooter	Midas Games	1
Hydro Thunder (USA)	Hydro Thunder	2000	Racing, Driving	Blue Shift	1-2
Hyouryuuki - The Reportage Beyond the Sea (Japan)	Hyouryuuki - The Reportage Beyond The Sea	1999	Role Playing Game	KSS	1
Hyper 3D Pinball (Japan)	Tilt!	1997	Pinball	NMS Software	1-4
Hyper Crazy Climber (Japan)	Hyper Crazy Climber	1996	Action / Climbing/Action	Nichibutsu	1
Hyper Final Match Tennis (Japan)	Hyper Tennis : Final Match	1996	Sports / Tennis/Sports	Human Entertainment	1-2
Hyper Formation Soccer (Japan)	Hyper Formation Soccer	1995	Sports / Football (Soccer)/Sports	Human Entertainment	1-2
Hyper Olympic in Atlanta (Japan)	Olympic Summer Games : Atlanta 1996	1996	Sports / Multisports/Sports	Silicon Dreams	1-8
Hyper Olympic in Nagano (Japan)	Nagano Winter Olympics '98	1998	Sports / Multisports/Sports	Konami	1-4
Hyper Securities 2 (Japan)	Hyper Securities 2	1998	Simulation/Role Playing Game	Pack In Video	1
Hyper Tennis - Final Match (Europe)	Hyper Tennis : Final Match	1996	Sports / Tennis/Sports	Human Entertainment	1-2
Hyper Value 2800 - Hanafuda (Japan)	Hyper Value 2800 : Hanafuda	2000	Hanafuda/Asiatic board game	KCE Shinjuku	1
Hyper Value 2800 - Hyper Pachinko (Japan)	Hyper Value 2800 : Hyper Pachinko	2000	Casino	Konami	1
Hyper Value 2800 - Mahjong (Japan)	Hyper Value 2800 : Mahjong	2000	Mahjong/Asiatic board game	Konami	1
I'Max Shougi II (Japan)	I'Max Shougi II	1997	Shougi/Asiatic board game	I'Max	1-2
I.Q - Intelligent Qube (USA)	I.Q. : Intelligent Qube	1997	Puzzle	G-Artists	1-2
I.Q Final (Japan)	I.Q. : Intelligent Qube	1997	Puzzle	G-Artists	1-2
Ian Livingstone's Deathtrap Dungeon (USA)	Ian Livingstone's Deathtrap Dungeon	1998	Adventure	Asylum Studios	1
Iblard - Laputa no Kaeru Machi (Japan)	Ibarado Rapture No Kaeru Machi	1997	Adventure	System Sacom	1
Ichigeki - Hagane no Hito (Japan)	Ichigeki : Hagane no Hito	1999	Fighting	Bandai	1-2
Ide Yousuke Meijin no Shin Jissen Mahjong (Japan)	Ide Yousuke Meijin no Shin Jissen Mahjong	1996	Mahjong/Asiatic board game	Capcom	1
Ide Yousuke no Mahjong Kazoku (Japan)	Ide Yosuke no Mahjong Kazoku	1995	Mahjong/Asiatic board game	Opus Software	1-2
Ide Yousuke no Mahjong Kyoushitsu (Japan)	Ide Yousuke no Mahjong Kyoushitsu	1999	Mahjong/Asiatic board game	Athena	1
Idol Janshi Suchie-Pai II Limited (Japan) (Disc 1)	Idol Janshi Suchie-Pai II Limited	1996	Asiatic board game	Jaleco	1
Idol Janshi Suchie-Pai Limited (Japan)	Idol Janshi Suchie-Pai Limited	1995	Mahjong/Asiatic board game	Jaleco	1
Idol Promotion - Suzuki Yumie (Japan)	Idol Promotion : Suzuki Yumie	1996	Simulation	Allumer	1
IHRA Drag Racing (USA)	IHRA Drag Racing	2001	Racing, Driving	Digital Dialect	1-2
Ikasama Mahjong (Japan)	Ikasama Mahjong	2000	Mahjong/Asiatic board game	Idea Factory	1
Ile LEGO 2, L' - La Revanche de Cassbrik (France)	LEGO Island 2 : The Brickster's Revenge	2001	Adventure	Silicon Dreams	1
Imadoki no Vampire - Bloody Bride (Japan)	Imadoki no Vampire : Bloody Bride	1996	Adventure / Visual Novel/Adventure	Astrocade	1
Impact Racing (USA)	Impact Racing	1996	Racing, Driving	Funcom	1
In Cold Blood (USA) (Disc 1)	In Cold Blood	2001	Adventure/Shooter	Revolution Software	1
In einem Land vor unserer Zeit - Die Rueckkehr ins Grosse Tal (Germany)	The Land Before Time : Return to the Great Valley	2000	Platform/Racing, Driving	Realtime Associates	1-2
In the Hunt (USA)	In the Hunt	1996	Shoot'em Up / Horizontal/Shoot'em Up	Tsuji Jimusho	1-2
Inagawa Junji - Kyoufu no Yashiki (Japan)	Inagawa Junji : Kyoufu no Yashiki	1999	Adventure / Visual Novel/Adventure	Billiken Soft	1
Inagawa Junji - Mayonaka no Taxi (Japan)	Inagawa Junji : Mayonaka no Taxi	2001	Adventure / Visual Novel/Adventure	Billiken Soft	1
Incredible Crisis (USA)	Incredible Crisis	2000	Casual Game	Polygon Magic	1
Incredible Hulk, The - The Pantheon Saga (USA)	The Incredible Hulk : The Pantheon Saga	1997	Beat'em Up	Attention To Detail (ATD)	1
Independence Day (USA)	Independence Day	1997	Shooter/Simulation	Radical Entertainment	1-2
Independence Day - The Game (Europe) (En,Fr,De,Es,It,Sv)	Independence Day	1997	Shooter/Simulation	Radical Entertainment	1-2
Indy 500 (Europe)	Indy 500	1998	Racing, Driving	Tomy	1-2
Infestation (Europe) (En,Fr,De,Es,It,Nl)	Infestation	2000	Racing, Driving/Shooter	Frontier Developments	1
Infinity (Japan)	Infinity	2000	Adventure	Open Sesame	1
Initial D (Japan)	Initial D	1999	Racing, Driving	Kodansha	1-2
Inspector Gadget - Gadget's Crazy Maze (USA) (En,Fr,De,Es,It,Nl)	Inspector Gadget : Gadget's Crazy Maze	2001	Puzzle	Vision Media Engineering	1-2
Intellivision Classic Games (USA)	Intellivision Classic Games	1999	Compilation	Gray Matter	1-6
International Cricket Captain 2000 (Europe)	International Cricket Captain 2000	2000	Sports/Strategy	Empire Interactive	1
International Cricket Captain 2001 - Ashes Edition (Europe)	International Cricket Captain 2001 : Ashes Edition	2001	Sports/Strategy	Empire Interactive	1
International Cricket Captain 2002 (Europe)	International Cricket Captain 2002	2002	Sports/Strategy	Empire Interactive	1
International Karate + (Europe)	International Karate +	2003	Fighting	Ignition Entertainment	1-2
International Moto X (Europe) (En,Fr,De,Es,It,Nl)	International Moto X	1996	Racing, Driving / Motorcycle/Racing, Driving	Graftgold Creative Software	1
International Moto-X (Japan)	International Moto X	1996	Racing, Driving / Motorcycle/Racing, Driving	Graftgold Creative Software	1
International Soccer - Excite Stage 2000 (Japan)	International Soccer : Excite Stage 2000	2000	Sports / Football (Soccer)/Sports	Epoch	1-2
International Superstar Soccer (Europe) (En,De)	International Superstar Soccer	2000	Sports / Football (Soccer)/Sports	Major A	2-4
International Superstar Soccer Deluxe (Europe)	International Superstar Soccer Deluxe	1997	Sports / Football (Soccer)/Sports	Konami	1-2
International Superstar Soccer Pro '98 (USA) (En,Fr,De,Es,It)	International Superstar Soccer Pro '98	1998	Sports / Football (Soccer)/Sports	KCET	1-2
International Superstar Soccer Pro (Europe)	Goal Storm '97	1997	Sports / Football (Soccer)/Sports	KCET	1-2
International Track & Field (USA)	International Track & Field	1996	Sports / Multisports/Sports	KCET	1-4
International Track & Field 2 (Europe)	International Track & Field 2000	1999	Sports / Multisports/Sports	KCET	1-4
International Track & Field 2000 (USA)	International Track & Field 2000	1999	Sports / Multisports/Sports	KCET	1-4
Interplay Sports Baseball 2000 (USA)	Interplay Sports Baseball 2000	1999	Sports / Baseball/Sports	Interplay	1-2
Inuyasha (Japan)	Inuyasha	2001	Role Playing Game	Bandai	1
Inuyasha - A Feudal Fairy Tale (USA)	Inuyasha : A Feudal Fairy Tale	2003	Fighting	Dimps	1-2
Inuyasha - Sengoku Otogi Gassen (Japan)	Inuyasha : A Feudal Fairy Tale	2003	Fighting	Dimps	1-2
Invasion (Europe) (En,Fr,De,Es,It,Nl)	Invasion	1999	Shooter	Microïds	1-2
Invasion from Beyond (USA)	Invasion from Beyond	1998	Shooter	King of the Jungle	1
Invasion Vient de l'Espace, L' (France)	Invasion from Beyond	1998	Shooter	King of the Jungle	1
Ippatsu Gyakuten - Gamble King Densetsu (Japan)	Ippatsu Gyakuten : Gamble King Densetsu	1997	Casino	Planning Office Wada	1
Irem Arcade Classics (Japan)	Irem Arcade Classics	1996	Compilation/Sports	Irem	1-2
Iron Man & X-O Manowar in Heavy Metal (USA)	Iron Man/X-O Manowar in Heavy Metal	1996	Beat'em Up	Realtime Associates	1-2
Iron Soldier 3 (USA)	Iron Soldier 3	2000	Shooter	Eclipse Software Design	1-2
Irritating Stick (USA)	Irritating Stick	1999	Puzzle	Saurus	1-8
Iru! (Japan)	...Iru!	1998	Adventure / Survival Horror/Adventure	Soft Machine	1
iS - Internal Section (Japan)	iS : Internal Section	1999	Shooter	Positron	1
Ishin no Arashi (Japan)	Ishin no Arashi	1997	Strategy	Koei	1
Ishin no Arashi - Bakumatsu Shishiden (Japan)	Ishin no Arashi : Bakumatsu Shishiden	2000	Adventure/Strategy	Koei	1
ISS Pro Evolution (USA)	ISS Pro Evolution	2000	Sports / Football (Soccer)/Sports	KCET	1-4
ISS Pro Evolution 2 (Europe) (Es,It)	ISS Pro Evolution 2	2001	Sports/Sports / Football (Soccer)	KCET	1-4
Itadaki Street - Gorgeous King (Japan)	Itadaki Street : Gorgeous King	1998	Board game	Enix	1-4
Italian Job, The (USA)	The Italian Job	2002	Racing, Driving	Pixelogic	1
Itsuka, Kasanariau Ashita e - Sayuri-hen (Japan)	Itsuka, Kasanariau Ashita e : Sayuri Hen	1999	Adventure	Sony Computer Entertainment	1
Itsuka, Kasanariau Ashita e - Shirou-hen (Japan)	Itsuka, Kasanariau Ashita e : Shirou Hen	1999	Adventure	Sony Computer Entertainment	1
Iwatobi Penguin Rocky x Hopper (Japan)	Iwatobi Penguin Rocky x Hopper	1998	Casual Game	F2 Company	1-4
Iwatobi Penguin Rocky x Hopper 2 - Tantei Monogatari (Japan)	Iwatobi Penguin Rocky x Hopper 2 : Tantei Monogatari	1998	Casual Game	Culture Publishers	1-4
Iznogoud (Europe) (En,Fr,De,It,Nl)	Iznogoud	1998	Adventure	Microïds	1
J's Racin' (Japan)	J's Racin'	1997	Racing, Driving	Tyo	1-2
J. B. Harold - Blue Chicago Blues (Japan) (Disc 1)	J.B. Harold : Blue Chicago Blues	1999	Adventure / Interactive Movie/Adventure	Riverhillsoft	1
J.League Jikkyou Winning Eleven '97 (Japan)	Goal Storm '97	1997	Sports / Football (Soccer)/Sports	KCET	1-2
J.League Jikkyou Winning Eleven '98-'99 (Japan)	J. League Jikkyou Winning Eleven '98-'99	1998	Sports / Football (Soccer)/Sports	KCE Sapporo	1-2
J.League Jikkyou Winning Eleven (Japan)	J. League Jikkyou Winning Eleven	1995	Sports / Football (Soccer)/Sports	KCE Sapporo	1-2
J.League Jikkyou Winning Eleven 2000 (Japan)	J. League Jikkyou Winning Eleven 2000	2000	Sports / Football (Soccer)/Sports	Konami	1-2
J.League Jikkyou Winning Eleven 2000 2nd (Japan)	J. League Jikkyou Winning Eleven 2000 2nd	2000	Sports / Football (Soccer)/Sports	Konami	1-2
J.League Jikkyou Winning Eleven 2001 (Japan)	J. League Jikkyou Winning Eleven 2001	2001	Sports / Football (Soccer)/Sports	Konami	1-2
J.League Jikkyou Winning Eleven 3 (Japan)	International Superstar Soccer Pro '98	1998	Sports / Football (Soccer)/Sports	KCET	1-2
J.League Soccer - Jikkyou Survival League (Japan)	J. League Soccer Jikkyou Survival League	1999	Sports / Football (Soccer)/Sports	Tecmo	1-2
J.League Soccer - Prime Goal EX (Japan)	Namco Soccer Prime Goal	1996	Sports / Football (Soccer)/Sports	Namco	1-2
J.League Virtual Stadium '96 (Japan)	J. League Virtual Stadium '96	1996	Sports / Football (Soccer)/Sports	EA Sports	1-8
Jackie Chan Stuntmaster (USA)	Jackie Chan Stuntmaster	2000	Beat'em Up	Radical Entertainment	1
Jade Cocoon - Die Tamamayu Legende (Germany)	Jade Cocoon : Story of the Tamamayu	1998	Role Playing Game	Genki	1
Jade Cocoon - La Leggenda del Tamamayu (Italy)	Jade Cocoon : Story of the Tamamayu	1998	Role Playing Game	Genki	1
Jade Cocoon - La Leyenda de Tamamayu (Spain)	Jade Cocoon : Story of the Tamamayu	1998	Role Playing Game	Genki	1
Jade Cocoon - Story of the Tamamayu (USA)	Jade Cocoon : Story of the Tamamayu	1998	Role Playing Game	Genki	1
JailBreaker (Japan) (Disc 1)	JailBreaker	1999	Adventure	Highwaystar	1
Jaleco Collection Vol. 1 (Japan)	Jaleco Collection Vol. 1	2003	Compilation	Pacific Century Cyber Works	1-2
Jang Jang Koi Shimashow - Lovely Pop 2 in 1 (Japan)	Jan Jan Koi Shimasho : Lovely Pop 2 in 1	1998	Asiatic board game	Visco	1
Jang Jang Koi Shimashow Separate 1 - Jang Jang Shimashow (Japan)	Jang Jang Koi Shimashow Separate 1 : Jang Jan	2000	Asiatic board game	Visco	1
Jang Jang Koi Shimashow Separate 2 - Koi Koi Shimashow (Japan)	Jang Jang Koi Shimashow Separate 2 : Koi Koi Shimashow	2000	Hanafuda/Asiatic board game	Visco	1
Janhai Yuugi '99 - Tanuki no Kawazanyou (Japan)	Janhai Yuugi '99 : Tanuki no Kawazanyou	1999	Mahjong/Asiatic board game	Warashi	1
Jarrett & Labonte Stock Car Racing (USA)	Jarrett & Labonte Stock Car Racing	2000	Racing, Driving	Codemasters	1-4
Jeff Wayne's La Guerre des Mondes (France)	Jeff Wayne's The War of the Worlds	1999	Racing, Driving/Shooter	Pixelogix	1
Jeff Wayne's The War of the Worlds (Europe)	Jeff Wayne's The War of the Worlds	1999	Racing, Driving/Shooter	Pixelogix	1
Jellyfish - The Healing Friend (Japan)	Jellyfish : The Healing Friend	2001	Simulation	Visit	1
Jeopardy! (USA)	Jeopardy!	1998	Quiz	Artech Studios	1-3
Jeopardy! 2nd Edition (USA)	Jeopardy! 2nd Edition	2000	Quiz	Artech Studios	1-3
Jeremy McGrath Supercross 2000 (USA)	Jeremy McGrath Supercross 2000	2000	Racing, Driving/Racing, Driving / Motorcycle	Acclaim Entertainment	1-2
Jeremy McGrath Supercross 98 (USA)	Jeremy McGrath Supercross 98	1998	Racing, Driving/Racing, Driving / Motorcycle	Atod	1-2
Jersey Devil (USA)	Jersey Devil	1998	Platform	Behaviour Interactive	1
Jersey Devil no Daibouken (Japan)	Jersey Devil	1998	Platform	Behaviour Interactive	1
Jet Ace (Europe)	Jet Ace	2003	Shooter / Plane, TPV/Shooter	Phoenix Games	1
Jet Copter X (Japan)	Rescue Copter	2002	Simulation	Aqua System	1
Jet de Go! Let's Go by Airliner (Japan)	Jet de Go! Let's Go by Airliner	2000	Simulation	Racdym	1
Jet Moto '98 (Japan)	Jet Moto 2	1997	Racing, Driving	SingleTrac	1-2
Jet Moto (USA)	Jet Moto	1996	Racing, Driving	SingleTrac	1-2
Jet Moto 2 (USA)	Jet Moto 2	1997	Racing, Driving	SingleTrac	1-2
Jet Moto 2 - Championship Edition (USA)	Jet Moto 2	1997	Racing, Driving	SingleTrac	1-2
Jet Moto 3 (USA)	Jet Moto 3	1999	Racing, Driving	Pacific Coast Power & Light	1-2
Jet Rider (Europe)	Jet Moto	1996	Racing, Driving	SingleTrac	1-2
Jet Rider 2 (Europe)	Jet Moto 2	1997	Racing, Driving	SingleTrac	1-2
JetMoto (Japan, Asia)	Jet Moto	1996	Racing, Driving	SingleTrac	1-2
Jetracer (Europe) (En,Fr,De)	Jetracer	2001	Racing, Driving	Theyer GFX	1-2
Jewel Bem Hunter Lime with Paint Maker (Japan)	Houma Hunter Lime with Paint Maker	1997	Adventure	Silence	1
JGTC - All Japan Grand Touring Car Championship (Japan)	JGTC - All Japan Grand Touring Car Championship	1998	Racing, Driving	Digital Frontier	1-2
Jigoku Sensei Nube (Japan)	Jigoku Sensei Nuubee	1997	Adventure	TOSE	1
Jigsaw Island - Japan Graffiti (Japan)	Jigsaw Island : Japan Graffiti	1996	Puzzle	Nippon Ichi Software	1-4
Jigsaw Madness (USA)	Jigsaw Madness	2002	Puzzle	Nippon Ichi Software	1-2
Jigsaw World (Japan)	Jigsaw World	1995	Puzzle	Nippon Ichi Software	
Jikki Pachi-Slot Tettei Kouryaku - Speed-CR Kinkakuji 3 (Japan)	Jikki Pachi-Slot Tettei Kouryaku - Speed-CR Kinkakuji 3	1998	Casino	Nexton	1
Jikki Pachi-Slot Tettei Kouryaku - Yamasa Collection (Japan)	Jikki Pachi-Slot Tettei Kouryaku - Yamasa Collection	1998	Casino	Culture Publishers	1
Jikkyou American Baseball (Japan)	Bottom of the 9th '97	1997	Sports / Baseball/Sports	Konami Computer Entertainment Chicago	1-2
Jikkyou American Baseball 2 (Japan)	Bottom of the 9th '99	1998	Sports / Baseball/Sports	Konami Computer Entertainment Chicago	1-2
Jikkyou Golf Master 2000 (Japan)	Jikkyou Golf Master 2000	2000	Sports / Golf/Sports	Konami Computer Entertainment Nagoya	1-4
Jikkyou J.League 1999 - Perfect Striker (Japan)	International Superstar Soccer	2000	Sports / Football (Soccer)/Sports	Major A	2-4
Jikkyou Kyousouba Ikusei Simulation Game - Breeding Stud '99 (Japan)	Jikkyou Kyousouba Ikusei Simulation Game : Breeding Stud '99	1999	Simulation	KCET	1
Jikkyou Oshaberi Parodius - Forever with Me (Japan)	Jikkyou Oshaberi Parodius : Forever with Me	1996	Shoot'em Up / Horizontal/Shoot'em Up	Stone Heads	1-2
Jikkyou Powerful Pro Yakyuu '95 (Japan)	Jikkyou Powerful Pro Yakyuu '95	1994	Sports / Baseball/Sports	Konami	1-2
Jikkyou Powerful Pro Yakyuu '95 - Kaimakuban (Japan)	Jikkyou Powerful Pro Yakyuu '95 : Kaimakuban	1995	Sports / Baseball/Sports	Konami	1-2
Jikkyou Powerful Pro Yakyuu '97 - Kaimakuban (Japan)	Jikkyou Powerful Pro Yakyuu '97 : Kaimakuban	1998	Sports / Baseball/Sports	Diamond Head	1-2
Jikkyou Powerful Pro Yakyuu '98 - Kaimakuban (Japan)	Jikkyou Powerful Pro Yakyuu '98 : Kaimakuban	1998	Sports / Baseball/Sports	Konami	1-2
Jikkyou Powerful Pro Yakyuu '98 - Ketteiban (Japan)	Jikkyou Powerful Pro Yakyuu '98 : Ketteiban	1998	Sports / Baseball/Sports	Konami	1-2
Jikkyou Powerful Pro Yakyuu '99 - Kaimakuban (Japan)	Jikkyou Powerful Pro Yakyuu '99 : Kaimakuban	1999	Sports / Baseball/Sports	Konami	1-2
Jikkyou Powerful Pro Yakyuu '99 - Ketteiban (Japan)	Jikkyou Powerful Pro Yakyuu '99 : Ketteiban	1999	Sports / Baseball/Sports	Konami	1-2
Jikkyou Powerful Pro Yakyuu - Premium-ban (Japan)	Jikkyou Powerful Pro Yakyuu : Premium Ban	2003	Sports / Baseball/Sports	Konami	1-2
Jikkyou Powerful Pro Yakyuu 2000 - Kaimakuban (Japan)	Jikkyou Powerful Pro Yakyuu 2000 : Kaimakuban	2000	Sports / Baseball/Sports	Diamond Head	1-2
Jikkyou Powerful Pro Yakyuu 2000 - Ketteiban (Japan)	Jikkyou Powerful Pro Yakyuu 2000 : Ketteiban	2000	Sports / Baseball/Sports	Konami	1-2
Jikkyou Powerful Pro Yakyuu 2001 (Japan)	Jikkyou Powerful Pro Yakyuu 2001	2001	Sports / Baseball/Sports	Diamond Head	1-2
Jikkyou Powerful Pro Yakyuu 2001 - Ketteiban (Japan)	Jikkyou Powerful Pro Yakyuu 2001 : Ketteiban	2001	Sports / Baseball/Sports	Konami	1-2
Jikkyou Powerful Pro Yakyuu 2002 - Haru (Japan)	Jikkyou Powerful Pro Yakyuu 2002 : Haru	2002	Sports / Baseball/Sports	Konami	1-2
Jikuu Tantei DD - Maboroshi no Lorelei (Japan) (Disc 1)	Jikuu Tantei DD : Maboroshi no Lorelei	1996	Adventure	System Sacom	1
Jikuu Tantei DD 2 - Hangyaku no Apsalar (Japan) (Disc 1)	Jikuu Tantei DD 2 : Hangyaku no Apusararu	1998	Adventure	System Sacom	1
Jim Henson's Bear in the Big Blue House (USA)	Jim Henson's Bear in the Big Blue House	2002	Casual Game/Adventure/Role Playing Game	DC Studios	1
Jim Henson's The Hoobs (Europe)	Jim Henson's The Hoobs	2002	Educational/Casual Game	Runecraft	1
Jimmy Johnson's VR Football '98 (USA)	Jimmy Johnson's VR Football '98	1997	Sports / Football (American)/Sports	Padded Cell Studios	1-8
Jimmy White's 2 - Cueball (USA)	Jimmy White's 2 : Cueball	2001	Sports / Pool/Sports	Awesome Developments	1-2
Jingle Cats - Love-Para Daisakusen no Maki (Japan) (Demo)	Ai to Yuujou no Neko Monogatari. : Jingle Cats, Love Para Daisakusen no Maki	1998	Strategy	Vantan International	1
Jinx (Europe) (En,Fr,De,Es,It)	Jinx	2003	Platform	Sony Computer Entertainment	1
Jishaku de Tonjau! Phix no Daibouken (Japan)	Phix : The Adventure	2003	Platform	Affect	1
Jissen Pachi-Slot Hisshouhou! 5 (Japan)	Jissen Pachi-Slot Hisshouhou! 5	1997	Casino	Sammy Corporation	1
Jissen Pachi-Slot Hisshouhou! Disc Up (Japan)	Jissen Pachi-Slot Hisshouhou! Disc Up	2001	Casino	Sammy Corporation	1
Jissen Pachi-Slot Hisshouhou! Sammy Revolution (Japan)	Jissen Pachi-Slot Hisshouhou! Sammy Revolution	1999	Casino	Sammy Entertainment	1
Jissen Pachi-Slot Hisshouhou! Sammy Revolution 2 (Japan)	Jissen Pachi-Slot Hisshouhou! Sammy Revolution 2	1999	Casino	Sammy Entertainment	1
Jissen Pachi-Slot Hisshouhou! Single - Epsilon R (Japan)	Jissen Pachi-Slot Hisshouhou! Single : Epsilon R	1999	Casino	Maxbet	1
Jissen Pachi-Slot Hisshouhou! Single - Kamen Rider & Gallop (Japan) (Disc 1) (Kamen Rider)	Jissen Pachi-Slot Hisshouhou! Single : Kamen Rider & Gallop	1999	Casino	Sammy Corporation	1
Jissen Pachi-Slot Hisshouhou! Single - Kamen Rider V3 (Japan)	Jissen Pachi-Slot Hisshouhou! Single : Kamen Rider V3	1999	Casino	Sammy Corporation	1
Jissen Pachi-Slot Hisshouhou! Single - Kung-Fu Lady (Japan)	Jissen Pachi-Slot Hisshouhou! Single : Kung-Fu Lady	2000	Casino/Casino	Maxbet	1
Jissen Pachi-Slot Hisshouhou! Single - Sea Master X (Japan)	Jissen Pachi-Slot Hisshouhou! Single : Sea Master X	1999	Casino	Maxbet	1
Jissen Pachi-Slot Hisshouhou! Single - Super Star Dust 2 (Japan)	Jissen Pachi-Slot Hisshouhou! Single : Super Star Dust 2	2000	Casino	Maxbet	1
Jissen Pachi-Slot Hisshouhou! Single - The Kongdom (Japan)	Jissen Pachi-Slot Hisshouhou! Single : The Kongdom	2000	Casino	Maxbet	1
Jitsumei Jikkyou Keiba - Dream Classic (Japan)	Jitsumei Jikkyou Keiba : Dream Classic	2000	Casino	Bandai	1
Jockey Zero (Japan)	Jockey Zero	1996	Horse racing/Sports with animals	Right Stuff	1
Johnny Bazooka (Japan)	Johnny Bazookatone	1996	Platform	Arc Developments Limited	1
Johnny Bazookatone (USA)	Johnny Bazookatone	1996	Platform	Arc Developments Limited	1
Jojo no Kimyou na Bouken (Japan)	JoJo's Bizarre Adventure	2000	Fighting	Capcom	1-2
JoJo's Bizarre Adventure (USA)	JoJo's Bizarre Adventure	2000	Fighting	Capcom	1-2
Jonah Lomu Rugby (Europe) (En,De,Es,It)	Jonah Lomu Rugby	1997	Sports / Rugby/Sports	Rage Software	1-2
Joshikousei no Houkago... Pukunpa (Japan)	Joshikousei no Houkago... Pukunpa	1996	Puzzle	Athena	1-2
Joue avec les Teletubbies (France)	Play with the Teletubbies	2000	Casual Game/Educational	Hachette Multimedia	1
Jouki Kikansha Unten Simulation - SL de Ikou! (Japan)	Jouki Kikansha Unten Simulation : SL de Ikou!	1998	Simulation	Tomix Digital	1-2
Jouki Kikansha Unten Simulation - SL de Ikou! II (Japan)	Jouki Kikansha Unten Simulation - SL de Ikou! II	1999	Simulation	Tomy	1-2
Jounetsu Nekketsu Athletes - Nakimushi Coach no Diary (Japan)	Jounetsu Nekketsu Athletes : Nakimushi Coach no Diary	1997	Sports	Asmik	1-2
Judge Dredd (USA)	Judge Dredd	1998	Lightgun Shooter/Shooter	Gremlin Interactive	1-2
Juega con los Teletubbies (Spain)	Play with the Teletubbies	2000	Casual Game/Educational	Hachette Multimedia	1
Juggernaut (USA) (Disc 1)	Juggernaut	1999	Adventure	Will	1
Juggernaut - Senritsu no Tobira (Japan) (Disc 1)	Juggernaut	1999	Adventure	Will	1
Jumping Flash! (USA)	Jumping Flash!	1995	Platform	Exact	1
Jumping Flash! 2 (USA)	Jumping Flash! 2	1996	Platform	Exact	1
Jumping Flash! 2 - Aloha Danshaku Ooyowari no Maki (Japan)	Jumping Flash! 2	1996	Platform	Exact	1
Jumping Flash! Aloha Danshaku Funky Daisakusen no Maki (Japan)	Jumping Flash!	1995	Platform	Exact	1
JumpStart Wildlife Safari - Field Trip (USA)	JumpStart Wildlife Safari : Field Trip	2001	Platform	Dice	1
Junclassic C.C. & Rope Club (Japan)	Junclassic C.C. & Rope Club	1998	Sports / Golf/Sports	T&E Soft	1-4
Jungla de Cristal Trilogia 2 - Viva Las Vegas (Spain)	Die Hard Trilogy 2 : Viva Las Vegas	2000	Shooter	n-Space	1
Jungle Park (Japan)	Jungle Park	1998	Adventure/Casual Game	Emotion	1
Junior Sports Football (Europe)	Backyard Soccer	2001	Sports/Sports / Football (Soccer)	Humongous Entertainment	1-4
Junior Sports Fussball (Germany)	Backyard Soccer	2001	Sports/Sports / Football (Soccer)	Humongous Entertainment	1-4
Junjou de Karen - Meymay Kishidan - Spectral Force Seishoujo Gaiden (Japan)	Junjou de Karen : Meymay Kishidan, Spectral Force Seishoujo Gaiden	1999	Strategy/Role Playing Game	Idea Factory	1
Jupiter Strike (USA)	Jupiter Strike	1995	Shooter / Vertical/Shooter	High-Tech Lab Japan	1
Jurassic Park - The Lost World (USA) (Trade Demo)	The Lost World : Jurassic Park	1997	Platform	DreamWorks	1
K-1 Grand Prix (USA)	K-1 Grand Prix	2000	Sports / Boxing/Sports/Fighting	Daft	1-2
K-1 Ouja ni Narou! King of Kings (Japan)	K-1 Ouja ni Narou! King of Kings	2000	Fighting	Daft	1-2
K-1 Revenge (USA)	K-1 Revenge	1999	Sports / Boxing/Sports/Fighting	Daft	1-2
K-1 The Arena Fighters (USA)	K-1 The Arena Fighters	1997	Fighting/Sports / Boxing/Sports	Daft	1-2
K-1 World Grand Prix 2001 - Kaimakuban (Japan)	K-1 World Grand Prix 2001 : Kaimakuban	2001	Fighting	Xing Entertainment	1-2
K.O. - The Live Boxing (Japan)	K.O. : The Live Boxing	1998	Sports / Boxing/Sports	Altron	1-2
Kaeru no Ehon - Nakushita Kioku o Motomete (Japan)	Kaeru No Ehon - Nakushita Kioku O Motomete	1999	Simulation/Role Playing Game	Infinity	1
Kaette Kita Cyborg Kuro-chan (Japan)	Kaette Kita Cyborg Kuro-chan	2002	Shooter / Run and Gun/Shooter	Konami	1-2
Kaette Kita Pachio-kun - Dream Collection (Japan)	Kaette kita Pachio-kun : Dream Collection	1998	Casino	Coconuts Japan	1
Kagayaku Kisetsu e (Japan) (Disc 1) (Shokai Genteiban)	Kagayaku Kisetsu e	1999	Adventure	Kindle Imagine Develop	1
Kagero - Deception II (USA)	Kagero : Deception II	1998	Strategy	Tecmo	1
Kagero - Kokumeikan Shinshou (Japan)	Kagero : Deception II	1998	Strategy	Tecmo	1
Kahen Soukou Gunbike - Speed Power Gunbike (Japan)	Kahen Soukou Gunbike : Speed Power Gunbike	1998		Inti Creates	1
Kaibutsu Para-Dice - Monster Paradise (Japan)	Kaibutsu Para-Dice : Monster Paradise	1997	Board game/Role Playing Game	Make Software	1-8
Kaijuu Senki (Japan)	Kaijuu Senki	1996	Board game/Strategy	Produce!	1-2
Kaikan Phrase - Datenshi Kourin (Japan)	Kaikan Phrase : Datenshi Kourin	2000	Music and Dancing	Enix	1-2
Kain the Vampire (Japan)	Blood Omen : Legacy of Kain	1996	Action RPG/Role Playing Game	Silicon Knights	1
Kaishin!! Derby Analyst (Japan)	Kaishin!! Derby Analyst	2000	Casino/Simulation	Media Entertainment	1
Kaisoku Tenshi - The Rapid Angel (Japan)	Kaisoku Tenshi - The Rapid Angel	1998	Action / Adventure/Action	Techno Soleil	1-2
Kaitei Daisensou - In the Hunt (Japan)	In the Hunt	1996	Shoot'em Up / Horizontal/Shoot'em Up	Tsuji Jimusho	1-2
Kaitou Apricot (Japan)	Kaitou Apricot	2003	Casual Game	Kindle Imagine Develop	1
Kaitou Ranma Miyabi (Japan)	Kaitou Ranma Miyabi	1999	Adventure/Simulation	Imadio	1
Kakinoki Shougi (Japan)	Kakinoki Shougi	1994	Shougi/Board game/Asiatic board game	ASCII	1-2
Kakinoki Shougi II (Japan)	Kakinoki Shogi II	1998	Shougi/Asiatic board game	ASCII	1-2
Kakuge Yarou - Fighting Game Creator (Japan)	Kakuge Yarou : Fighting Game Creator	2000	Fighting / Versus/Fighting	Outback, D.A.S.T.	1-2
Kakugo no Susume (Japan)	Kakugo no Susume	1997	Fighting	Tomy	1-2
Kamen Rider (Japan)	Kamen Rider	1999	Fighting	KAZe	1-2
Kamen Rider Agito & Hyakujuu Sentai GaoRanger (Japan) (2-dai Hero Special Disc Taikenban)	Hyakujuu Sentai Gaoranger	2001	Fighting / 3D/Fighting	Natsume	1
Kamen Rider Agito (Japan)	Kamen Rider Agito	2001	Fighting	KAZe	1-2
Kamen Rider Kuuga (Japan)	Kamen Rider Kuga	2000	Fighting	KAZe	1-2
Kamen Rider Ryuuki (Japan)	Kamen Rider Ryuki	2002	Fighting	Digifloyd	1-2
Kamen Rider V3 (Japan)	Kamen Rider V3	2000	Fighting	KAZe	1-2
Kanazawa Shougi '95 (Japan)	Kanazawa Shougi '95	1995	Shougi/Asiatic board game	SETA	1-2
Kanazawa Shougi - Tsuki (Japan)	Kanazawa Shogi Tsuki	1999	Shougi/Asiatic board game	SETA	1-2
Kart Challenge (Europe) (En,Fr,De,It)	Kart Challenge	2001	Racing, Driving	Interactive Entertainment	1
Kart Race - Kimete wa Drift! (Japan)	Extreme Go-Kart Racing	2003	Racing, Driving	Now Production	1-2
Kartia - The Word of Fate (USA)	Kartia : The Word of Fate	1998	Role Playing Game	Atlus	1
Karyuujou (Japan) (Disc 1) (Ryuu Hangan Hen)	Karyuujou	1997	Adventure	Gust	1
Kasei Monogatari (Japan)	Kasei Monogatari	1998	Adventure/Casual Game/Role Playing Game	Vistec	1
Katou Hifumi Kudan - Shougi Club (Japan)	Katou Hifumi Kudan : Shougi Club	1999	Shougi/Board game/Asiatic board game	ASCII	1-2
Kattobi Tune (Japan)	Kattobi Tune	1998	Racing, Driving	Genki	1-2
Katze von Schroedinger, Die (Japan)	Schroedinger no Neko : Die Katze von Schroedinger	1997	Adventure/Role Playing Game	Dual	1
Kawa no Nushi-tsuri - Hikyou o Motomete (Japan)	Kawa no Nushi Tsuri : Hikyou wo Motomete	1998	Role Playing Game	Access Games	1
Kaze no Klonoa - Door to Phantomile (Japan)	Klonoa : Door to Phantomile	1998	Platform	Namco	1
Kaze no Oka Kouen Nite (Japan)	Kaze no Oka Kouen Nite	1998	Adventure	Techno Soft	1
Keiba Eight '98 Aki Fuyu (Japan)	Keiba Eito '98 Akyfuyu	1998	Casino/Simulation	Shangri-La	1
Keiba Eight '98 Haru Natsu (Japan)	Keiba Eito '98 Haru Natsu	1998	Casino/Simulation	Shangri-La	1
Keiba Eight '99 Haru Natsu (Japan)	Keiba Eight '99 Haru Natsu	1999	Casino	Shangri-La	1
Keiba Saishou no Housoku '95 (Japan)	Keiba Saishou No Housoku '95	1995	Casino/Simulation	Copya System	1
Keiba Saishou no Housoku '96 Vol. 1 (Japan)	Keiba Saishou No Housoku '96 Vol. 1	1996	Casino/Simulation	Copya System	1
Keiba Saishou no Housoku '96 Vol. 2 - GI-Road (Japan)	Keiba Saisho no Housoku '96 Vol. 2 : G1-Road	1996	Casino/Simulation	Copya System	1
Keiba Saishou no Housoku '97 Vol. 1 - Nerae! Manbaken! (Japan)	Keiba Saishou No Housoku '97 Vol. 1 - Nerae! Manbaken!	1997	Casino/Simulation	Copya System	1
Keiba Saishou no Housoku '97 Vol. II - To Hit (Japan)	Keiba Saishou No Housoku '97 Vol. 2 - To Hit	1997	Casino/Simulation	Copya System	1
Keiba Saishou no Housoku '99 Shuutou (Japan)	Keiba Saishou No Housoku '99 Aki Fuyu	1999	Casino/Simulation	Copya System	1
Keitai Eddy (Japan)	Keitai Eddy	2000	Music and Dancing	Increment P	1
Kekkon - Marriage (Japan)	Kekkon : Marriage	1996	Strategy/Simulation	Westone	1
Kellogg Original Waku Waku Doki Doki Ninki Game Chara Daishuugou! (Japan)	Kellogg Original Waku Waku Doki Doki Ninki Game Chara Daishuugou!	2000	Compilation	Budcreate	1
Kellogg Original Waku Waku Doki Doki Ninki Game Chara Daishuugou! Waku Waku-shou (Japan) (Demo)	Kellogg Original Waku Waku Doki Doki Ninki Game Chara Daishuugou!	2000	Compilation	Budcreate	1
Kenkaku Ibunroku - Yomigaerishi Souku no Yaiba - Samurai Spirits Shinshou (Japan, Asia)	Samurai Shodown : Warriors Rage	2000	Fighting / Versus/Fighting	SNK	1-2
Kenki Ippatsu! Crane Master ni Narou! (Japan)	Kenki Ippatsu! Crane Master ni Narou!	2000	Simulation	DDL	1
Kenki Ippatsu! Shovel Master ni Narou! (Japan)	Kenki Ippatsu! Shovel Master ni Narou!	2000	Simulation	DDL	1-2
Kensei - Sacred Fist (USA)	Kensei : Sacred Fist	1998	Fighting	KCET	1-2
Kensei - The King of Boxing (Japan)	Victory Boxing Champion Edition	1996	Sports / Boxing/Sports	Victor Interactive Software	1-2
Kensetsu Kikai Simulator - Kenki Ippai! (Japan)	Dirt Jockey : Heavy Equipment Operator	2003	Simulation	DDL	1-2
Kenshou Akou Jiken - Chuushingura - Rekishi Adventure (Japan)	Kenshou Akou Jiken : Chuushingura, Rekishi Adventure	1998	Adventure	Toei Animation	1
Kero Kero King (Japan)	Kero Kero King	2000	Sports / Golf/Sports	Amedio	1-4
Khamrai (Japan)	Khamrai	2000	Role Playing Game	TamTam	1
Kick Off World (Europe) (Es,Nl)	Kick Off World	1998	Sports / Football (Soccer)/Sports	Anco	1-2
Kick Off World Manager (Italy)	Kick Off World	1998	Sports / Football (Soccer)/Sports	Anco	1-2
Kickboxing (USA)	Kickboxing	2001	Sports/Sports / Boxing/Fighting	Jorudan	1-2
Kickboxing Knockout (Europe)	Kickboxing	2001	Sports/Sports / Boxing/Fighting	Jorudan	1-2
Kid Clown no Crazy Chase 2 - Love Love Honey Soudatsusen (Japan)	Kid Clown no Crazy Chase 2 : Love Love Honey Soudatsusen	1996	Platform	Kemco	1-2
Kid Mix Section - Character Collection (Japan)	Kid Mix Section : Character Collection	2001	Adventure	Kindle Imagine Develop	1
Kidou Senshi Gundam - Gihren no Yabou - Zeon no Keifu (Japan, Asia) (Disc 1) (Earth Federation Disc)	Kidou Senshi Gundam : Gihren no Yabou, Zeon no Keifu	2000	Strategy	Bandai	1
Kidou Senshi Gundam - Gihren no Yabou - Zeon no Keifu - Kimitsu Eizou Disc Tokubetsu-hen (Japan)	Kidou Senshi Gundam : Gihren no Yabou, Zeon no Keifu	2000	Strategy	Bandai	1
Kidou Senshi Gundam - Gihren no Yabou - Zeon no Keifu - Kouryaku Shireisho (Japan)	Kidou Senshi Gundam : Gihren no Yabou, Zeon no Keifu, Kouryaku Shireisho	2000	Strategy	Bandai	1
Kids Station - Asobou! Hanasou! Guru Guru Town Hanamaru-kun (Japan)	Asobou! Hanasou! Gurugurutaun Hanamarukun (Kid Station)	2000	Casual Game/Educational	Atlus	1-2
Kids Station - Barbapapa (Japan)	Barbapapa (Kid Station)	2001	Casual Game	Sunsoft	1
Kids Station - Bishoujo Senshi Sailor Moon World - Chibiusa to Tanoshii Mainichi (Japan)	Kids Station : Bishoujo Senshi Sailor Moon World - Chibiusa To Tanoshii Mainichi	2001	Educational	Bandai	1
Kids Station - Bokura to Asobou! Ultraman TV (Japan)	Bokura To Asobou! Ultraman TV (Kid Station)	2000	Casual Game/Educational	Bandai	1
Kids Station - Crayon Shin-chan - Ora to Omoide Tsukuru zo! (Japan)	Crayon Shin-chan : Ora To Omoide Tsukuruzo! (Kid Station)	2001	Casual Game	Bandai	1
Kids Station - Digimon Park (Japan)	Digimon Park (Kid Station)	2001	Casual Game	Chime	1
Kids Station - Doraemon - Himitsu no Yojigen Pocket (Japan)	Doraemon, Himitsu no Yojigen Pocket (Kid Station)	2001	Casual Game	Bandai	1
Kids Station - Gomdori Pooh Hakseup Series - Gomdori Pooh Yuchiwon Hakseubyeohaeng (Korea) (En,Ko)	Kuma No Pooh-san : Mori No Nakamato 123 (Kid Station)	2001	Casual Game	Atlus	1
Kids Station - Hello Kitty no Oshaberi ABC (Japan)	Kids Station : Hello Kitty no Oshaberi ABC	2001	Educational	Atlus	1-2
Kids Station - Hello Kitty no Oshaberi Town (Japan)	Hello Kitty No Osyaberitaun (Kid Station)	2001	Casual Game	Atlus	1-2
Kids Station - Hello Kitty no Ouchi e Oide yo! (Japan)	Kids Station - Hello Kitty No Uchi Nioi Deyo	2002	Casual Game	Bandai	1-2
Kids Station - Hello Kitty to Album Nikki o Tsukurimasho! (Japan)	Hello Kitty to Album Nikki o Tsukurimasho (Kid Station)	2003	Educational/Casual Game	Banpresto	1-2
Kids Station - Hitori de Dekiru mon! (Japan)	Hitori De Dekiru Mon! (Kid Station)	2001	Casual Game	MiCROViSion	1
Kids Station - Kamen Rider Heroes (Japan)	Kids Station - Kamen Rider Heroe	2002	Strategy	Bandai	1
Kids Station - Kikansha Thomas to Nakamatachi (Japan)	Kikansha Thomas To Nakamatachi (Kid Station)	2000	Educational	Banpresto	1
Kids Station - Kuma no Pooh-san - Mori no Kyoushitsu (Japan)	Disney's Winnie the Pooh : Kindergarten	2002	Educational/Casual Game	Revolution Software	1
Kids Station - Kuma no Pooh-san - Mori no Nakama to 1, 2, 3 (Japan)	Kuma No Pooh-san : Mori No Nakamato 123 (Kid Station)	2001	Casual Game	Atlus	1
Kids Station - Kuma no Pooh-san - Mori no Tomodachi (Japan)	Disney's Winnie the Pooh : Preschool	2002	Educational/Casual Game	Disney Interactive	1
Kids Station - LEGO no Sekai (Japan)	Kids Station - Lego No Sekai	2002	Educational	Banpresto	1
Kids Station - Magical Music - Eigo de One, Two, Three! (Japan) (En,Ja)	Magical Music Eigo De One Two Three! (Kid Station)	2000	Casual Game	Bandai	1
Kids Station - Mickey & Minnie no Magical Kitchen (Japan) (En,Ja)	My Disney Kitchen	2002	Educational/Casual Game	Disney Interactive	1
Kids Station - Mickey to Nakamatachi - Kazu Asobi Iro Iro (Japan)	Mickey To Nakamatachi : Kazuasobi Iroiro (Kid Station)	2001	Casual Game	Atlus	1
Kids Station - Mini-Moni. ni Naru no da Pyon! (Japan)	Kids Station : Mini-moni Ni Ninaru No Da Pyon!	2002	Casual Game	Banpresto	1
Kids Station - Motto! Oja Majo DoReMi - Maho-dou Smile Party (Japan)	Motto! Oja Majo DoReMi : Maho-dou Smile Party (Kid Station)	2001	Casual Game	Chime	1
Kids Station - Oja Majo DoReMi - Maho-dou Dance Carnival! (Japan)	Kids Station : Oja Majo DoReMi - Maho-dou Dance Carnival!	2000	Casual Game	Chime	1-2
Kids Station - Oja Majo DoReMi Dokkan! Maho-dou Eigo Festival (Japan)	Oja Majo Doremi Dokkan! Maho-dou Eigo Festival (Kid Station)	2002	Educational	Chime	1
Kids Station - Oshaberi Oekaki - Kikansha Thomas to Nakamatachi (Japan)	Oshaberi Oekaki Kikansha Thomas To Nakamatachi (Kid Station)	2000	Educational	Banpresto	1
Kids Station - Oshaberi Oekaki - Soreike! Anpanman (Japan)	Oshaberi Oekaki Soreike! Anpanman (Kid Station)	2002	Casual Game	Banpresto	1
Kids Station - Plarail - Tetsudou Monoshiri Hyakka (Japan)	Plarail : Tetsudou Monoshiri Hyakka (Kid Station)	2002	Casual Game	Atlus	1-2
Kids Station - Ponkickies 21 - Game no Omocha-bako (Japan)	Kids Station : Ponkkikkids 21	2001	Educational/Casual Game	Sunsoft	1
Kids Station - Soreike! Anpanman (Japan)	Kids Station : Soreike! Anpanman	2000	Casual Game	Bandai	1
Kids Station - Soreike! Anpanman 2 - Anpanman to Daibouken! (Japan)	Soreike! Anpanman 2 : Anpanman to Daibouken! (Kid Station)	2001	Casual Game	Bandai	1
Kids Station - Soreike! Anpanman 3 - Sugoroku Anpanman (Japan)	Kids Station : Soreike! Anpanman 3 - Sugoroku Anpanman	2002	Casual Game	Bandai	1
Kids Station - Ugoku Tomica Zukan (Japan)	Kids Station : Ugoku Tomika Zukan	2002	Educational	Atlus	1
Kids Station - Ultraman Cosmos - Yuusha no Chikai (Japan)	Ultraman Cosmos (Kid Station)	2001	Educational	Bandai	1
Kids Station - Unten Daisuki - Doki Doki - Norimono Daibouken (Japan)	Unten Daisuki : Doki Doki : Norimono Daibouken (Kid Station)	2001	Casual Game	Sunsoft	1
Kids Station - Yancharu Moncha (Japan)	Kids Station : Yancharu Moncha	2001	Educational	EXE Create	1
Kiganjou (Japan)	Kiganjou	1999	Adventure	Kodansha	1
Kikuni Masahiko Jirushi - Warau Fukei-san Pachi-Slot Hunter (Japan)	Kikuni Masahiko Jirushi : Warau Fukei-San Pachi-Slot Hunter	1994	Casino	Opensystem	1
Kileak - The Blood (Europe)	Kileak : The DNA Imperative	1995	Shooter / FPV/Shooter	Genki	1
Kileak - The DNA Imperative (USA)	Kileak : The DNA Imperative	1995	Shooter / FPV/Shooter	Genki	1
Kileak, The Blood (Japan)	Kileak : The DNA Imperative	1995	Shooter / FPV/Shooter	Genki	1
Kileak, The Blood 2 - Reason in Madness (Japan)	Epidemic	1996	Shooter / FPV/Shooter	Genki	1
Killer Bass (Japan)	Monster Bass!	2002	Sports/Fishing/Hunting and Fishing	Magical Company	1
Killer Loop (USA)	Killer Loop	1999	Racing, Driving	VCC Entertainment	1
Killing Time (USA) (Proto) (1997-04-29)	Killing Time	1997	Shooter / FPV/Shooter	Studio 3DO	1
Killing Zone (USA)	Killing Zone	1996	Fighting	Scarab	1-2
Kimagure My Baby - Musume no Sugoroku Seichouki (Japan)	Kimagure My Baby : Musume No Sugoroku Seichouki	1998	Board game	Axela	1-4
Kimero!! Hero Gakuen - Eiyuu ni Kotae Nashi (Japan)	Kimero!! Hero Gakuen : Eiyuu Ni Kotae Nashi	2000	Simulation/Adventure	Central Systems (Mediart CSC)	1
Kimi ni Steady (Japan)	Kimi Ni Steady	2000	Adventure/Simulation	CD Bros	1-2
Kimi no Kimochi, Boku no Kokoro - I've Possessed Your Body! (Japan)	Kimi no Kimochi, Boku no Kokoro : I've Posessed Your Body!	1999	Simulation	Japan Media Programming	1
Kindaichi Shounen no Jikenbo - Hihou-tou Arata naru Sangeki (Japan)	Kindaichi Shounen no Jikenbo : Hihoutou Aratanaru Sangeki	1996	Adventure	Digital Frontier	1
Kindaichi Shounen no Jikenbo - Jigoku Yuuen Satsujin Jiken (Japan) (Disc 1)	Kindaichi Shounen No Jikenbo : Jigoku Yuuen Satsujin Jiken	1998	Adventure/Adventure	Digital Frontier	1
Kindaichi Shounen no Jikenbo 3 - Seiryuu Densetsu Satsujin Jiken (Japan) (Disc 1)	Kindaichi Shounen no Jikenbo 3 : Seiryuu Densetsu Satsujin Jiken	1999	Adventure	Digital Frontier	1
King of Bowling (Japan)	King of Bowling	1995	Sports / Bowling/Sports	Aisystem Tokyo	1-4
King of Bowling 2 (Europe)	King of Bowling 2	2000	Sports / Bowling/Sports	Coconuts Japan	1-8
King of Bowling 2 - Professional-hen (Japan)	King of Bowling 2	2000	Sports / Bowling/Sports	Coconuts Japan	1-8
King of Bowling 3 (Europe)	King of Bowling 3	2004	Sports / Bowling/Sports	DigiCube	1-4
King of Fighters '95, The (USA)	The King of Fighters '95	1996	Fighting / Versus/Fighting	SNK	1-2
King of Fighters '96, The (Japan, Asia)	The King of Fighters '96	1997	Fighting / Versus/Fighting	SNK	1-2
King of Fighters '97, The (Japan)	The King of Fighters '97	1998	Fighting / Versus/Fighting	Ukiyotei	1-2
King of Fighters '98, The - Dream Match Never Ends (Japan)	The King of Fighters '98 : Dream Match Never Ends	1999	Fighting / Versus/Fighting	SNK	1-2
King of Fighters '99, The (USA)	The King of Fighters '99	2001	Fighting / Versus/Fighting	SNK	1-2
King of Fighters Kyou, The (Japan)	The King of Fighters Kyo	1998	Role Playing Game/Adventure/Fighting	Yumekobo	1-2
King of Parlor (Japan)	King of Parlor	1996	Simulation	Vistec	1
King of Parlor 2 (Japan)	King of Parlor 2	1998	Strategy	TEN Institute	1
King of Producer (Japan)	King of Producer	1997	Simulation/Strategy	Aqua Rouge	1
King of Stallion (Japan)	King of Stallion	1996	Simulation/Strategy	Nichibutsu	1
King's Field (USA)	King's Field	1996	Shooter / FPV/Role Playing Game/Shooter	FromSoftware	1
King's Field II (USA)	King's Field II	1996	Role Playing Game	FromSoftware	1
King's Field III (Japan)	King's Field II	1996	Role Playing Game	FromSoftware	1
King's Field III - Pilot Style (Japan)	King's Field III : Pilot Style	1996	Role Playing Game	FromSoftware	1
Kingsley's Adventure (USA)	Kingsley's Adventure	1999	Adventure	Psygnosis Camden Studio	1
Kinniku Banzuke - Road to Sasuke (Japan)	Kinniku Banzuke : Road to Sasuke	2000	Sports	KCE Sapporo	1
Kinniku Banzuke Vol. 1 - Ore ga Saikyou no Otoko da! (Japan)	Kinniku Banzuke Vol. 1 : Ore ga Saikyou no Otoko Da!	1999	Sports	Konami	1-2
Kinniku Banzuke Vol. 2 - Arata naru Genkai e no Chousen! (Japan)	Kinniku Banzuke Vol. 2 : Arata naru Genkai e no Chousen!	2000	Sports	KCE Sapporo	1-2
Kinniku Banzuke Vol. 3 - Saikyou no Challenger Tanjou! (Japan)	Kinniku Banzuke Vol. 3 : Saikyou no Challenger Tanjou!	2000	Sports	Konami	1-2
Kirikou (Europe) (En,Fr,De)	Kirikou	2001	Platform	Etranges Libellules	1
Kisha de Go! (Japan)	Kisya de Go!	2000	Simulation	Taito	1-2
KISS Pinball (USA)	KISS Pinball	2001	Pinball	Tarantula Studios	1
Kita Denshi - Virtua Pachi-Slot (Japan)	Kita Denshi : Virtua Pachi-slot	1999	Casino	Map Japan	1
Kita Denshi - Virtua Pachi-Slot 2 (Japan)	Kita Denshi : Virtua Pachi-Slot 2	2000	Casino	Map Japan	1
Kitchen Panic (Japan)	Kitchen Panic	1998	Platform	Panther Software	1
Kitty the Kool! Kabuki de Tanoshiku Odotte ne!! (Japan)	Kitty the Kool! Kabuki de Tanoshiku Odotte Ne!!	1998	Music and Dancing	Imageneer	1-2
Kiwame Daidougi (Japan) (Major Wave)	Taikyoku Shougi : Kiwame	1995	Shougi/Asiatic board game	Log	1-2
Kiwame Daidougi - Tsumuya Tsumazaruya (Japan)	Kiwame : Daidougi	1996	Asiatic board game	Mycom	1
Kizuna toyuu Na no Pendant with Toybox Stories (Japan) (Disc 1)	Kizuna toyuu Na no Pendant with Toybox Stories	2000	Adventure	Cocktail Soft	1
KKND Krossfire (Europe)	KKND Krossfire	1999	Strategy	Beam Software	1-2
Klaymen Gun-Hockey (Japan)	Klaymen Gun-Hockey	1999	Sports	KIDSMIND	1-2
Klaymen Klaymen - Neverhood no Nazo (Japan)	Klaymen Klaymen : Neverhood no Nazo	1998	Adventure	The Neverhood	1
Klaymen Klaymen 2 - Skullmonkey no Gyakushuu (Japan)	Skullmonkeys	1998	Platform	The Neverhood	1
Klaymen Series (Japan) (Demo)	Klaymen Klaymen : Neverhood no Nazo	1998	Adventure	The Neverhood	1
Klonoa - Door to Phantomile (USA)	Klonoa : Door to Phantomile	1998	Platform	Namco	1
Klonoa Beach Volley - Saikyou Team Ketteisen! (Japan, Asia)	Klonoa Beach Volleyball	2002	Sports / Volleyball/Sports	Namco	1-4
Klonoa Beach Volleyball (Europe) (En,Fr,De,Es,It)	Klonoa Beach Volleyball	2002	Sports / Volleyball/Sports	Namco	1-4
Knight & Baby (Japan)	Guardian's Crusade	1999	Role Playing Game/Adventure	Tamsoft	1
Knockout Kings (USA)	Knockout Kings	1998	Sports / Boxing/Fighting/Sports	Press Start	1-2
Knockout Kings 2000 (USA)	Knockout Kings 2000	1999	Sports / Boxing/Fighting/Sports	Black Ops Entertainment	1-2
Knockout Kings 2001 (USA)	Knockout Kings 2001	2000	Sports / Boxing/Fighting/Sports	Black Ops Entertainment	1-2
Knockout Kings 99 (Europe)	Knockout Kings	1998	Sports / Boxing/Fighting/Sports	Press Start	1-2
Kochira Katsushika-ku Kameari Kouen-mae Hashutsujo - High-Tech Buil Shinkou Soshi Sakusen! no Maki (Japan)	Kochira Katsushika-ku Kameari Kouen Mae Hashutsujo : High-Tech Buil Shinkou Soshi Sakusen! no Maki	1997	Casual Game	Aisystem Tokyo	1
Kogepan - Pan mo Game o Yarurashii... (Japan)	Kogepan : Pan mo Game o Yarurashii	2002	Puzzle	AIA	1-2
Koiyohou (Japan)	Koiyohou	2001	Adventure / Visual Novel/Adventure	Princess Soft	1
Kojima Takeo - Mahjong Teiou (Japan)	Kojima Takeo : Mahjong Teiou	1996	Mahjong/Asiatic board game	Gasp	1
Kojin Kyouju - La Lecon Particuliere (Japan)	Kojin Kyouju : La Lecon Particuliere	1998	Adventure/Simulation	Mainichi Communications	1
Koko Hore! Pukka (Japan)	Dig A-Dig Pukka	2000	Simulation	MuuMuu	1
Kokumeikan (Japan)	Tecmo's Deception : Invitation to Darkness	1996	Role Playing Game	Tecmo	1
Komotchi (Japan)	Komotchi	2001	Simulation	Victor Entertainment	1
Kon'ya mo Dorubako!! (Japan)	Kon'ya mo Dorubako!!	1999	Casino	Hearty Robin	1
Kon'ya mo Dorubako!! 2000 (Japan)	Kon'ya mo Dorubako!! 2000	2000	Casino	Hearty Robin	1
Kon'ya mo Dorubako!! 2001 (Japan)	Kon'ya mo Dorubako!! 2001	2001	Casino	Hearty Robin	1
Konami 80's Arcade Gallery (Japan)	Konami Arcade Classics	1999	Compilation	KCE Sapporo	1-2
Konami Antiques - MSX Collection Vol. 1 (Japan)	Konami Antiques : MSX Collection Vol. 1	1997	Compilation	KCET	1-2
Konami Antiques - MSX Collection Vol. 2 (Japan)	Konami Antiques : MSX Collection Vol. 2	1998	Compilation	KCET	1-2
Konami Antiques - MSX Collection Vol. 3 (Japan, Asia)	Konami Antiques : MSX Collection Vol. 3	1998	Compilation	KCET	1-2
Konami Arcade Classics (USA)	Konami Arcade Classics	1999	Compilation	KCE Sapporo	1-2
Konami Open Golf (Europe)	The Final Round	1996	Sports / Golf/Sports	Konami	1-4
Koneko mo Issho (Japan)	Koneko mo Issho	2000	Simulation	Bomber eXpress	1
Konohana - TrueReport (Japan)	Konohana : TrueReport	2002	Adventure / Visual Novel/Adventure	Vridge	1
KoroKoro Post nin (Japan)	Korokoro Postnin	2002	Action / Labyrinth/Action	Media Entertainment	1
Kosodate Quiz Motto My Angel (Japan)	Kosodate Quiz Motto My Angel	1999	Quiz / Japanese/Quiz	MiCROViSion	1-2
Kosodate Quiz My Angel (Japan)	Kosodate Quiz My Angel	1997	Quiz	Namco	1-2
Koten Tsumego-shuu - Shijin no Maki (Japan)	Koten Tsumego Shuu : Shijin no Maki	1996	Board game	Vap	1
Kotobuki Grand Prix (Europe)	Kotobuki Grand Prix	2003	Racing, Driving	Syscom Entertaiment	1-2
Kotobuki Grand Prix - Mezase! Genchari King (Japan)	Kotobuki Grand Prix	2003	Racing, Driving	Syscom Entertaiment	1-2
Koudelka (USA) (Disc 1)	Koudelka	1999	Role Playing Game	Sacnoth	1
Koukai Sarenakatta Shuki (Japan)	The Note	1997	Adventure	NK System	1
Koukaku Kidoutai - Ghost in the Shell (Japan, Asia)	Ghost in the Shell	1997	Shooter/Shooter / TPV	Exact	1
Koukidou Gensou - Gunparade March (Japan)	Koukidou Gensou Gunparade March	2000	Adventure	Alfa System	1
Kouklotheatro - Yuukyuu no Hitomi (Japan)	Eternal Eyes	2000	Role Playing Game	TamTam	1
Koukyaku Kikou Shidan - Bein Panzer (Japan)	Kouashi Kikou Shidan : Bein Panzer	2000	Strategy	Aprize	1
Kouni Shougun (Japan)	Kouni Shougun	2000	Adventure	Rythmics	1
Kouryuu Sangoku Engi (Japan)	Kouryuu Sangoku Engi	1996	Strategy	Xing Entertainment	1
Kouryuuki (Japan)	Kouryuuki	2004	Strategy	Koei	1-2
Koushien V (Japan)	Koushien V	1997	Sports / Baseball/Sports	Magical Company	1-2
Koutetsu Reiiki - Steeldom (Japan)	Koutetsu Reiiki : Steeldom	1996	Shooter/Fighting / 3D/Fighting	Tecno Soft	1-2
Kouyasai - A Sherd of Youthful Memories (Japan)	Koyasai : A sherd of youthful memories	1999	Adventure	Astrocade	1
Kowai Shashin - Shinrei Shashin Kitan (Japan)	Kowai Syasin Shinrei Syasin Kitan	2002		Media Entertainment	1
Kowloon's Gate (Japan) (Special Disc)	Kowloon's Gate	1997	Adventure	Zeque	1
Kowloon's Gate - Kowloon Fuusuiden (Japan) (Disc 1) (Byakko)	Kowloon's Gate	1997	Adventure	Zeque	1
Kowloon-jou (Japan)	Kowloon-jou	2000	Puzzle	Media Rings	1
Krazy Ivan (USA)	Krazy Ivan	1996	Shooter / FPV/Shooter	Psygnosis	1-2
Kula World (Europe)	Roll Away	1998	Puzzle	Game Design Sweden	1-2
KulaQuest (Japan)	Roll Away	1998	Puzzle	Game Design Sweden	1-2
Kuma no Pooh-tarou - Sora wa Pink da! Zen'in Shuugou!! (Japan)	Kuma No Puutarou	1996	Board game/Casual Game	Atelier Double	1-4
Kumitate Battle Kuttu Ketto (Japan)	Kumitate Battle Kuttu Ketto	1998	Tactical RPG/Role Playing Game	Technosoft	1-2
Kunoichi Torimonochou (Japan)	Kunoichi Torimonochou	1999	Adventure	GMF	1
Kuon no Kizuna (Japan)	Kuon no Kizuna	1998	Adventure	F?O?G (Full On Games)	1
Kuro no Juusan (Japan)	Kuro no Juusan	1996	Adventure / Visual Novel/Adventure	Tonkin House	1
Kuro no Ken - Blade of the Darkness (Japan)	Kuro no Ken : Blade of the Darkness	1997	Role Playing Game	CD Bros	1
Kuroi Hitomi no Noir - Cielgris Fantasm (Japan)	Kuroi Hitomi no Noir : Cielgris Fantasm	1999	Role Playing Game/Strategy	Gust	1
Kurt Warner's Arena Football Unleashed (USA)	Kurt Warner's Arena Football Unleashed	2000	Sports / Football (American)/Sports	Midway	1-4
Kuru Kuru Cube (Japan)	Kuru Kuru Cube	2000	Puzzle	Nousite	1-2
Kuru Kuru Maru Maru (Japan)	Kuru Kuru Maru Maru	2001	Racing, Driving/Simulation	JAM	1
Kuru Kuru Panic (Japan)	Kuru Kuru Panic	1996	Puzzle	Kool Kizz	1-2
Kuru Kuru Twinkle - Onegai Ohoshi-sama (Japan)	Kuru Kuru Twinkle : Onegai Ohoshi-sama	1996	Puzzle	Tomcat System	1-2
Kurumi Miracle (Japan)	Kurumi Miracle	1997	Adventure	Banpresto	1
Kururin Pa! (Japan)	Kururin Pa!	1995	Puzzle	Sky Think System	1-2
Kurushi (Europe) (En,Fr,De,Es,It)	I.Q. : Intelligent Qube	1997	Puzzle	G-Artists	1-2
Kurushi Final (Europe)	Kurushi Final	1999	Puzzle	Sugar & Rockets	2
Kuubo Senki (Japan)	Kuubo Senki	1999	Strategy	General Support	1
Kyaiin no Tanoshi Mail - PS. I Love You (Japan)	Kyaiin no Tanoshi Mail : PS. I Love You	2000	Simulation	Sony Music Entertainment	1
Kyoro-chan no Prikura Daisakusen (Japan)	Kyoro-chan no Prikura Daisakusen	1999	Platform	Tomy	1-2
Kyoto Maiko Monogatari (Japan)	Kyoto Maiko Monogatari	2001	Simulation/Casual Game	Visit	1
Kyoufu Shinbun (Japan)	Kyoufu Shinbun	1996	Adventure	Atelier Double	1
Kyousouba Ikusei Simulation - Derby Stallion (Japan)	Kyousouba Ikusei Simulation : Derby Stallion	1997	Horse racing/Simulation/Sports with animals	Parity Bit	1
Kyousouba Ikusei Simulation - Derby Stallion 99 (Japan)	Kyousouba Ikusei Simulation : Derby Stallion 99	1999	Horse racing/Simulation/Sports with animals	Parity Bit	1
Kyoutei Wars Makuru 6 (Japan)	Kyoutei Wars Makuru 6	2002	Racing, Driving/Simulation	Parity Bit	1
Kyuiin (Japan)	Kyuiin	1996	Shooter/Shoot'em Up / Horizontal/Shoot'em Up	Media Entertainment	1-2
Kyuu-bakku (Japan)	Blast Chamber	1996	Puzzle	Attention To Detail (ATD)	1-4
Kyuukyoku no Soukoban (Japan)	Kyuukyoku no Soukoban	1996	Puzzle	Thinking Rabbit	1
Kyuutenkai (Japan)	Kyuutenkai	1995	Pinball	Technosoft	1
L no Kisetsu - A Piece of Memories (Japan)	L no Kisetsu : A Piece of Memories	1999	Adventure / Visual Novel/Adventure	Tonkin House	1
Lady Maid (Japan)	Ready Maid	2002	Simulation	Princess Soft	1
Lagnacure (Japan, Asia)	Lagnacure	2000	Role Playing Game	Artdink	1-2
Lagnacure Legend (Japan)	Lagnacure Legend	2000	Role Playing Game	Artdink	1-2
Lake Masters (Japan)	Lake Masters	1996	Hunting and Fishing/Fishing/Hunting and Fishing	Nexus Interact	1-2
Lake Masters 2 - Bass Fishing in Japan (Japan)	Lake Masters 2 : Bass Fishing Japan	1998	Fishing/Hunting and Fishing	Nexus Interact	1
Lake Masters Pro - Nihon Juudan Kuromasu Kikou (Japan)	Lake Masters Pro : Nihon Juudan Kuromasu Kikou	1999	Hunting and Fishing	Nexus Interact	1
Land Before Time, The - Big Water Adventure (USA)	The Land Before Time : Big Water Adventure	2002	Platform	Digital Illusions	1
Land Before Time, The - Great Valley Racing Adventure (USA)	The Land Before Time : Great Valley Racing Adventure	2001	Racing, Driving	Vision Scape	1-2
Land Before Time, The - Racing Adventure (Europe) (En,Fr,De,Es,It)	The Land Before Time : Great Valley Racing Adventure	2001	Racing, Driving	Vision Scape	1-2
Land Before Time, The - Return to the Great Valley (USA)	The Land Before Time : Return to the Great Valley	2000	Platform/Racing, Driving	Realtime Associates	1-2
Land Maker (Europe)	Builder's Block	2000	Puzzle	Taito	1-2
Langrisser I & II (Japan)	Langrisser I & II	1997	Strategy/Role Playing Game	Masaya Games	1
Langrisser IV & V - Final Edition (Japan) (Disc 1) (Langrisser IV Disc)	Langrisser IV & V : Final Edition	1999	Role Playing Game	Nippon Computer Systems (NCS)	1
Largo Winch - Commando SAR (USA)	Largo Winch .// Commando SAR	2002	Adventure	Ubi Soft Entertainment	1
Las Vegas Dream 2 (Japan)	Las Vegas Dream 2	1997	Casino	Imagineer	1-2
Last Report, The (Europe) (De,Nl)	The Last Report	1998	Adventure	Microïds	1
Lattice - 200EC7 (Japan)	Lattice : 200EC7	2000	Shooter	Nousite	1
Le Mans 24 Hours (Europe) (En,Fr,De,Es,It,Pt)	Test Drive Le Mans	2000	Racing, Driving	Eutechnyx	1-2
Leading Jockey '99 (Japan)	Leading Jockey '99	1999	Sports with animals	Harvest One	1-2
Leading Jockey Highbred (Japan)	Leading Jockey Highbred	1996	Sports with animals	Harvest One	1-2
Legacy of Kain - Soul Reaver (USA)	Legacy of Kain : Soul Reaver	1999	Action / Adventure/Action	Crystal Dynamics	1
Legaia Densetsu (Japan)	Legend of Legaia	1999	Role Playing Game	Contrail	1
Legend (Europe)	Legend	1998	Beat'em Up	Toka	1-2
Legend of Dragoon, The (USA, Canada) (Disc 1)	The Legend of Dragoon	2000	Role Playing Game	Sony Computer Entertainment	1
Legend of Foresia - La Contree Interdite (France)	Blaze & Blade: Eternal Quest	1999	Role Playing Game	T&E Soft	1-4
Legend of Heroes I & II, The - Eiyuu Densetsu (Japan)	The Legend of Heroes I & II : Eiyuu Densetsu	1998	Role Playing Game	Nihon Falcom	1
Legend of Heroes III, The - Shiroki Majo - Mou Hitotsu no Eiyuutachi no Monogatari (Japan)	The Legend of Heroes III : Shiroki Majo, Mouhitotsu no Eiyuutachi no Monogatari	1998	Role Playing Game	Nihon Falcom	1
Legend of Heroes IV, The - Akai Shizuku (Japan)	The Legend of Heroes IV : Akai Shizuku	1998	Role Playing Game	GMF	1
Legend of Kartia (Europe) (En,Fr,De)	Kartia : The Word of Fate	1998	Role Playing Game	Atlus	1
Legend of Legaia (USA)	Legend of Legaia	1999	Role Playing Game	Contrail	1
Legend of Mana (USA)	Legend of Mana	2000	Action RPG/Role Playing Game	Squaresoft	1-2
Legend of Mulan (Europe) (En,Fr,De)	Legend of Mulan	2003	Puzzle/Various	Phoenix Games	1
Legend of Pocahontas (Europe) (En,De,Nl)	Legend of Pocahontas	2002	Puzzle/Various	The Code Monkeys	1
LEGO Eiland 2 - De Wraak van Dondersteen (Netherlands)	LEGO Island 2 : The Brickster's Revenge	2001	Adventure	Silicon Dreams	1
LEGO Insel 2 - Der Steinbrecher kehrt zurueck (Germany)	LEGO Island 2 : The Brickster's Revenge	2001	Adventure	Silicon Dreams	1
LEGO Island 2 - The Brickster's Revenge (USA)	LEGO Island 2 : The Brickster's Revenge	2001	Adventure	Silicon Dreams	1
LEGO Isola 2 - La Rivincita del Briccone (Italy)	LEGO Island 2 : The Brickster's Revenge	2001	Adventure	Silicon Dreams	1
LEGO Oen 2 - Kim Cool's Haevn (Denmark)	LEGO Island 2 : The Brickster's Revenge	2001	Adventure	Silicon Dreams	1
LEGO Racers (USA) (En,Fr,De,Es,It,Nl,Sv,No,Da,Fi)	LEGO Racers	1999	Racing, Driving	High Voltage Software	1-2
LEGO Rock Raiders (USA)	LEGO Rock Raiders	2000	Strategy	Data Design Interactive	1-2
Lemmings & Oh No! More Lemmings (USA)	Lemmings & Oh No! More Lemmings	1998	Puzzle/Strategy	Distinctive Developments	1
Lethal Enforcers (Europe)	Lethal Enforcers I & II	1997	Compilation/Lightgun Shooter	Konami Computer Entertainment Chicago	1-2
Lethal Enforcers Deluxe Pack (Japan)	Lethal Enforcers I & II	1997	Compilation/Lightgun Shooter	Konami Computer Entertainment Chicago	1-2
Lethal Enforcers I & II (USA)	Lethal Enforcers I & II	1997	Compilation/Lightgun Shooter	Konami Computer Entertainment Chicago	1-2
LiberoGrande (Europe)	LiberoGrande	1998	Sports / Football (Soccer)/Sports	Namco	1-2
LiberoGrande 2 (Japan)	Liberogrande International	2001	Sports / Football (Soccer)/Sports	Namco	1-2
Liberogrande International (Europe) (En,Fr,De,Es,It)	Liberogrande International	2001	Sports / Football (Soccer)/Sports	Namco	1-2
Lifeforce Tenka (Europe)	Codename : Tenka	1997	Shooter / FPV/Shooter	Psygnosis	1
LifeScape - Seimei 40-okunen Haruka na Tabi (Japan) (Disc 1) (Aquasphere)	Lifescape : Seimei 40 Okunen Haruka na Tabi	1996	Educational	Scitron	1
LifeScape 2 - Body Bionics - Kyoui no Shouuchuu Jintai (Japan)	Lifescape 2 : Body Bionics, Kyoui no Shouuchuu Jintai	1997	Shooter	Scitron	1
Light Fantasy Gaiden - Nya Nyan ga Nyan (Japan)	Light Fantasy Gaiden : Nya Nyan ga Nyan	1999	Role Playing Game	Will	1
Lightning Legend - Daigo no Daibouken (Japan)	Lightning Legend : Daigo no Daibouken	1996	Fighting	KCET	1-2
Linda^3 Again (Japan)	Linda Cube Again	1997	Role Playing Game	Alfa System	1
Ling Rise (Japan)	Ling rise	1999	Role Playing Game	Atelier Double	1
Lion and the King (Europe) (En,Fr,De)	Lion and the King	2001	Platform	The Code Monkeys	1
Lion and the King 2 (Europe) (En,Fr,De)	Lion and the King 2	2003	Puzzle/Various	The Code Monkeys	1
Liquid Books Adventure 1 - Lety's Favorite Stories (USA)	Lightspan : Liquid Books 1 - Lety's Favorite Stories		Educational	Lightspan	
Liquid Books Adventure 2 - Amrita's Trees & Cerdito and the Coyote (USA)	Lightspan : Liquid Books Adventure 2 - Amrita's Trees And Cerdito And The Coyote		Educational	Lightspan	
Liquid Books Adventure 3 - Far-Fetched Frontier Tales (USA)	Lightspan : Liquid Books 3 - Far-Fetched Frontier Tales		Educational	Lightspan	
Liquid Books Adventure 4 - The Adventures of Adelita and Bo (USA)	Lightspan : Liquid Books 4 - The Adventures of Adelita and Bo		Educational	Lightspan	
Liquid Books Adventure 5 - Pop-Out Prose (USA)	Lightspan : Liquid Books 5 - Pop-0ut Prose		Educational	Lightspan	
Liquid Books Adventure 6 - The Wandering Path (USA)	Lightspan : Liquid Books 6 - The Wandering Path		Educational	Lightspan	
Little Big Adventure (Europe) (En,Fr,De,Es,It)	Little Big Adventure	1996	Adventure	Adeline Software	1
Little Lovers - She So Game (Japan) (Disc 1)	Little Lovers : She So Game	1999	Board game/Simulation/Casual Game	OeRSTED	1-2
Little Princess - Marl Oukoku no Ningyou-hime 2 (Japan) (Disc 1) (+1 Tasu Ichi)	Little Princess : Marl Oukoku no Ningyouhime 2	1999	Role Playing Game	Nippon Ichi Software	1
Live Wire! (Europe) (En,Fr,De,Es,It)	Live Wire!	1999	Puzzle	The Code Monkeys	1-2
Livro da Selva, O - Uma Festa Divertida (Portugal)	Walt Disney's The Jungle Book : Rhythm n' Groove	2000	Music and Dancing	Ubisoft	2
LMA Manager (Europe)	LMA Manager	1999	Sports / Football (Soccer)/Strategy/Simulation/Sports	Codemasters	1-2
LMA Manager 2001 (Europe)	LMA Manager 2001	2001	Sports / Football (Soccer)/Simulation/Sports	Codemasters	2
LMA Manager 2002 (Europe)	LMA Manager 2002	2001	Sports / Football (Soccer)/Simulation/Strategy/Sports	Codemasters	2
LNF Stars 2001 (France)	The F.A. Premier League Stars 2001	2000	Sports / Football (Soccer)/Sports	EA Sports	1-2
Loaded (USA) (En,Fr)	Loaded	1995	Shooter	Gremlin Interactive	1-2
Lode Runner (USA)	Lode Runner	1998	Platform/Platform / Run & Jump	Game Arts	1-2
Lode Runner - The Legend Returns (Japan)	Lode Runner	1998	Platform/Platform / Run & Jump	Game Arts	1-2
Lode Runner Extra (Japan)	Lode Runner	1998	Platform/Platform / Run & Jump	Game Arts	1-2
Logic Mahjong Souryuu - Yonin Uchi, Sannin Uchi (Japan)	Nippon Ichi Mahjong : Souryuu	1996	Mahjong/Asiatic board game	Nippon Ichi Software	1
Logic Pro Adventure (Japan)	Logic Pro Adventure	2001	Puzzle	Deniam	1-2
Logic Puzzle Rainbow Town (Japan)	Logic Puzzle : Rainbow Town	1996	Puzzle	Human Entertainment	1
Lomax (Europe) (En,Fr,De,Es,It)	The Adventures of Lomax	1996	Platform	Psygnosis	1
London Racer (Europe)	London Racer	2000	Racing, Driving	Davilex	1
London Racer II (Europe)	London Racer II	2002	Racing, Driving	Kiss	1-2
London Seirei Tanteidan (Japan)	London Seirei Tanteidan	1999	Role Playing Game	Bandai	1
Lone Soldier (Europe)	Lone Soldier	1996	Shooter	Tempest Software	1
Lone Soldier + Actua Soccer + Total NBA '96 + Mickey's Wild Adventure + Thunderhawk 2 + Assault Rigs (France)	Lone Soldier	1996	Shooter	Tempest Software	1
Looney Tunes - Sheep Raider (USA) (En,Fr,Es,Pt)	Looney Tunes : Sheep Raider	2001	Platform	Infogrames	1
Looney Tunes Racing (USA) (En,Fr,Es)	Looney Tunes Racing	2000	Racing, Driving	Circus Freak	1-2
Lord Monarch - Shin Gaia Oukokuki (Japan)	Lord Monarch : Shin Gaia Oukokuki	1998	Strategy	Toshiba EMI	1
Lord of Fist (Japan)	Shaolin	2000	Fighting	Polygon Magic	4+
Lord of Monsters (Japan)	Lord Of Monsters	1999	Role Playing Game	Lindwurm	1-2
Lord of the Jungle (Europe) (En,Fr,De,Nl)	Lord of the Jungle	2001	Puzzle	The Code Monkeys	1
Lost Children - The City of Lost Children (Japan)	The City of Lost Children	1997	Adventure	Psygnosis	1
Lost Sword - Ushinawareta Seiken (Japan)	Excalibur 2555 A.D.	1997	Action / Adventure/Action	Tempest Software	1
Lost Vikings 2 - Norse by Norsewest (Europe) (En,Fr,De)	Norse by Norsewest : The Return of the Lost Vikings	1997	Platform	Melbourne House	2
Lost World, The - Jurassic Park (USA)	The Lost World : Jurassic Park	1997	Platform	DreamWorks	1
Lost World, The - Jurassic Park - Special Edition (USA)	The Lost World : Jurassic Park	1997	Platform	DreamWorks	1
Louvre - A Maldicao (Portugal) (Disc 1)	Louvre : The Final Curse	2001	Adventure/Educational	Wanadoo Edition	1
Louvre - L'Ultime Malediction (France) (Disc 1)	Louvre : The Final Curse	2001	Adventure/Educational	Wanadoo Edition	1
Louvre - La Maldicion Final (Spain) (Disc 1)	Louvre : The Final Curse	2001	Adventure/Educational	Wanadoo Edition	1
Louvre - La Maledizione Finale (Italy) (Disc 1)	Louvre : The Final Curse	2001	Adventure/Educational	Wanadoo Edition	1
Louvre - The Final Curse (Europe) (Disc 1)	Louvre : The Final Curse	2001	Adventure/Educational	Wanadoo Edition	1
Love & Destroy (Japan)	Love & Destroy	1999	Shooter	Inti Creates	1
Love Game's - Wai Wai Tennis (Japan)	Love Game's : Wai Wai Tennis	2000	Sports / Tennis/Sports	Tears (Ichikawa Software)	1-2
Love Game's - Wai Wai Tennis 2 (Japan)	Yeh Yeh Tennis	2000	Sports / Tennis/Sports	Sunsoft	1-2
Love Game's - Wai Wai Tennis Plus (Japan)	Love Game's : Wai Wai Tennis Plus	2002	Sports / Tennis/Sports	Tears (Ichikawa Software)	1-2
Love Hina - Ai wa Kotoba no Naka ni (Japan)	Love Hina : Ai wa Kotoba no Naka ni	2000	Adventure	KCET	1
Love Hina 2 - Kotoba wa Konayuki no You ni (Japan)	Love Hina 2 : Kotoba wa Konayuki no Youni	2000	Adventure	KCET	1
Love Para - Lovely Tokyo Para-Para Musume (Japan)	Superstar Dance Club : #1 Hits!!!	2002	Dancing/Music and Dancing	Warashi	1
Love Therapy (Japan)	Love Therapy	1998	Adventure	B-Factory	1
Love^2 Torokko (Japan)	Love^2 Torokko	1999	Platform	Tyo	1-2
LSD - Dream Emulator (Japan)	LSD : Dream Emulator	1998	Adventure	Asmik	1
Lucifer Ring (Japan)	Lucifer Ring	1998	Beat'em Up	Soft Machine	1
Luciferd (Japan)	Luciferd	1998	Adventure	TEN Institute	1
Lucky Luke (USA)	Lucky Luke	1998	Platform	Infogrames	1
Lucky Luke - Western Fever (Europe) (En,Fr,De,Es,It,Nl)	Lucky Luke Western Fever	2001	Shooter/Adventure	Kalisto	1
Luftwaffe - Deutsch Kuugun o Shiki seyo (Japan)	Luftwaffe : Doitsu Kuugun o Shiki seyo	1999	Strategy	Pegasus Japan	1
LuLu - Un Conte Interactif de Romain Victor-Pujebet (Japan)	Lulu	1996	Adventure	Tohoku Shinsha	1
Lunar - Silver Star Story (Japan, Asia) (Disc 1)	Lunar : Silver Star Story Complete	1999	Role Playing Game	Game Arts	1
Lunar - Silver Star Story Complete (USA) (Disc 1)	Lunar : Silver Star Story Complete	1999	Role Playing Game	Game Arts	1
Lunar 2 - Eternal Blue (Japan) (Disc 1)	Lunar 2 : Eternal Blue Complete	2000	Role Playing Game	Game Arts	1
Lunar 2 - Eternal Blue Complete (USA) (Disc 1)	Lunar 2 : Eternal Blue Complete	2000	Role Playing Game	Game Arts	1
Lunar Wing - Toki o Koeta Seisen (Japan)	Lunar Wing : Toki o Koeta Seisen	2003	Role Playing Game	Shoeisha	1
Lunatic Dawn - Odyssey (Japan)	Lunatic Dawn : Odyssey	1999	Role Playing Game	Artdink	1
Lunatic Dawn III & Susume! Kaizoku Promotion Disc (Japan)	Lunatic Dawn III	1998	Role Playing Game	Artdink	1
Lunatic Dawn III (Japan)	Lunatic Dawn III	1998	Role Playing Game	Artdink	1
Lupin 3sei (Japan)	Lupin 3sei	1998	Adventure / Visual Novel/Adventure	Daiki	1
Lupin 3sei - Cagliostro no Shiro - Saikai (Japan) (Disc 1)	Lupin 3sei : Cagliostro no Shiro, Saikai	1997	Adventure	Asmik	1
Lussan Nathhorst Presenterar Riding Star (Sweden)	Mary King's Riding Star	1999	Horse racing/Sports with animals	IR Gurus Interactive	1-2
m [emu] - Kimi o Tsutaete (Japan)	M [Emu] : Kimi wo Tsutaete	1996	Simulation / Life/Simulation	Nexus Interact	1
M&M's - Shell Shocked (USA)	M&M's : Shell Shocked	2001	Platform/Racing, Driving	Boston Animation	1
M6 Turbo Racing (France)	Car and Driver Presents : Grand Tour Racing '98	1997	Racing, Driving	Eutechnyx	1-4
Maboroshi Tsukiyo - Tsukiyono Kitan (Japan) (Disc 1)	Maboroshi Tsukiyo : Tsukiyono Kitan	2000	Adventure	Sims	1
Mach GoGoGo (Japan)	Speed Racer	1998	Racing, Driving	Graphic Research	1
Machine Head (USA)	Machine Head	1996	Shoot'em Up	Core Design	1
Machine Hunter (USA)	Machine Hunter	1997	Shooter	Eurocom	1-2
Macross Digital Mission VF-X (Japan)	Macross : Digital Mission VF-X	1997	Shooter	Unit	1
Macross Plus - Game Edition (Japan)	Macross Plus : Game Edition	2000	Shooter	Art	1
Macross VF-X2 & Patlabor - The Game (Japan) (Demo)	Macross VF-X2	1999	Shooter	Unit	1
Macross VF-X2 (Japan)	Macross VF-X2	1999	Shooter	Unit	1
Mad Panic Coaster (Japan)	Mad Panic Coaster	1997	Action / Adventure/Action	Hakuhodo	1
Mad Stalker - FullMetalForce (Japan)	Mad Stalker : Full Metal Force	1997	Beat'em Up	Fill in Café	1-2
Madden NFL 2000 (USA)	Madden NFL 2000	1999	Sports / Football (American)/Sports	EA Tiburon	1-8
Madden NFL 2001 (USA)	Madden NFL 2001	2000	Sports / Football (American)/Sports	EA Tiburon	1-8
Madden NFL 2002 (USA, Canada)	Madden NFL 2002	2001	Sports / Football (American)/Sports	Budcat	1-8
Madden NFL 2003 (USA)	Madden NFL 2003	2002	Sports / Football (American)/Sports	Budcat	1-8
Madden NFL 2004 (USA)	Madden NFL 2004	2003	Sports / Football (American)/Sports	Budcat	1-8
Madden NFL 2005 (USA)	Madden NFL 2005	2004	Sports / Football (American)/Sports	Budcat	1-8
Madden NFL 96 (USA) (Proto) (1995-10-25)	Madden NFL '96	1995	Sports / Football (American)/Sports	Visual Concepts	1-8
Madden NFL 97 (USA)	Madden NFL 97	1996	Sports / Football (American)/Sports	Tiburon Entertainment	1-8
Madden NFL 98 (USA)	Madden NFL 98	1997	Sports / Football (American)/Sports	Tiburon Entertainment	1-8
Madden NFL 99 (USA)	Madden NFL 99	1998	Sports / Football (American)/Sports	EA Tiburon	1-8
Maestromusic, The (Japan)	The Maestromusic	2000	Music and Dancing	Global A Entertainment	1
Maestromusic, The - Encore Disc (Japan)	The Maestromusic - Encore Disc	2000	Music and Dancing	Global A Entertainment	1
Maestromusic, The - Merry Christmas (Japan)	The Maestromusic : Merry Christmas	2000	Music and Dancing	Global A Entertainment	1
Magic - The Gathering - BattleMage (USA)	Magic : The Gathering, BattleMage	1997	Strategy	Realtime Associates	1-2
Magic Carpet (USA) (En,Fr,De,Es,Sv)	Magic Carpet	1996	Strategy	Krisalis Software	1
Magic Johnson to Kareem Abdul-Jabbar no Slam 'n Jam '96 (Japan)	Slam 'n Jam '96 featuring Magic & Kareem	1996	Sports / Basketball/Sports	Left Field Productions	1-4
Magical Date - Doki Doki Kokuhaku Daisakusen (Japan)	Magical Date : Doki Doki Kokuhaku Daisakusen	2000	Casual Game	Taito	1-2
Magical Dice Kids (Japan)	Magical Dice Kids	2000	Board game	Arc Entertainment	1-4
Magical Drop (Japan)	Magical Drop	1996	Puzzle / Throw/Puzzle	Data East	1-2
Magical Drop F - Daibouken mo Rakujanai! (Japan)	Magical Drop F : Daibouken mo Rakujanai!	1999	Puzzle / Throw/Puzzle	SAS Sakata	1-2
Magical Drop III (Europe) (En,Fr,De,Es,It,Nl) (Disc 1) (Magical Drop III)	Magical Drop III	2000	Puzzle / Throw/Puzzle	Data East	1-2
Magical Drop III - Yokubari Tokudaigou! (Japan)	Magical Drop III	2000	Puzzle / Throw/Puzzle	Data East	1-2
Magical Drop Plus 1! (Japan)	Magical Drop	1996	Puzzle / Throw/Puzzle	Data East	1-2
Magical Hoppers (Japan)	Pandemonium!	1996	Platform	Toys For Bob	1
Magical Medical (Japan)	Magical Medical	1998	Role Playing Game	Konami	1
Magical Tetris Challenge (Europe)	Magical Tetris Challenge	1999	Puzzle / Fall/Puzzle	Disney Interactive	1-2
Magical Tetris Challenge featuring Mickey (Japan)	Magical Tetris Challenge	1999	Puzzle / Fall/Puzzle	Disney Interactive	1-2
Magical Zunou Power!! Party Selection (Japan)	Magical Zunou Power!! Party Selection	1998	Quiz	E's	1-2
Magische Tetris Uitdaging (Netherlands)	Magical Tetris Challenge	1999	Puzzle / Fall/Puzzle	Disney Interactive	1-2
Mahjong de Asobo (Japan)	Mahjong de Asobo	2000	Mahjong/Asiatic board game	Ving	1
Mahjong Ganryuu-jima (Japan)	Mahjong Ganryuujima	1995	Mahjong/Asiatic board game	ASCII	1
Mahjong Gokuu Tenjiku (Japan)	Mahjong Gokuu Tenjiku	1994	Mahjong/Asiatic board game	Chat Noir	1
Mahjong Gokuu Tenjiku 99 (Japan)	Mahjong Gokuu Tenjiku 99	1999	Mahjong/Asiatic board game	Chat Noir	1
Mahjong Senjutsu - Andou Mitsuru Pro no Akuukan Sappou (Japan)	Mahjong Senjutsu : Anzou Michuru no Tsugi Akima Satsuhou	1994	Mahjong/Asiatic board game	Warashi	1
Mahjong Station Mazin (Japan)	Mahjong Station Mazin	1994	Mahjong/Asiatic board game	Sunsoft	1
Mahjong Taikai II Special (Japan)	Mahjong Taikai II Special	1996	Mahjong/Asiatic board game	Koei	1
Mahjong Toriatama Kikou (Japan)	Saibara Rieko no Mahjong Toriatama Kikou	2000	Mahjong/Asiatic board game	Media Rings	1
Mahjong Uranai Fortuna - Tsuki no Megamitachi (Japan)	Mahjong Uranai Fortuna : Tsuki no Megami-tachi	2001	Mahjong/Asiatic board game	Affect	1
Mahjong Yarou ze! (Japan)	Mahjong Yarouze!	1999	Mahjong/Asiatic board game	Konami	1
Mahjong Youchien Tamago-gumi 2 - Taikai e Ikou! (Japan)	Mahjong Youchien Tamago Gumi 2 : Taikai e Ikou!	2000	Mahjong/Asiatic board game	Affect	1
Mahou Shoujo Fancy CoCo (Japan)	Mahou Shoujo Fancy CoCo	1996	Playing cards/Casual Game/Simulation	Planning Office Wada / Magitec	1
Mahou Shoujo Pretty Samy - Part 1 - In the Earth (Japan) (Disc 1) (Episode 23)	Mahou Shoujo Pretty Samy : Part 1, In the Earth	1996	Adventure	TamTam	1
Mahou Shoujo Pretty Samy - Part 2 - In the Julyhelm (Japan) (Disc 1) (Episode 25)	Mahou Shoujo Pretty Samy : Part 2, In the Julyhelm	1997	Adventure	TamTam	1
Mahoutsukai ni Naru Houhou (Japan)	Mahoutsukai Ni Naru Houhou	1999	Action RPG/Role Playing Game	Technic(TGL) Technical Group Laboratory	1
Mainichi Nekoyoubi (Japan)	Mainichi Nekoyoubi	1998	Simulation	Affect	1
Majokko Daisakusen - Little Witching Mischiefs (Japan)	Majokko Daisakusen : Little Witching Mischiefs	1999	Role Playing Game	Toys For Bob	1-2
Makeruna! Makendou 2 (Japan)	Makeruna! Makendou 2	1995	Fighting	Fill in Café	1-2
Making of Nightruth, The (Japan)	Nightruth - Explanation of the Paranormal - Yami no Tobira	1996	Adventure / Visual Novel/Adventure	Sonnet Computer Entertainment	1
Manager de Liga (Spain)	LMA Manager	1999	Sports / Football (Soccer)/Strategy/Simulation/Sports	Codemasters	1-2
Manager de Liga 2001 (Spain)	LMA Manager 2001	2001	Sports / Football (Soccer)/Simulation/Sports	Codemasters	2
Manager de Liga 2002 (Spain)	LMA Manager 2002	2001	Sports / Football (Soccer)/Simulation/Strategy/Sports	Codemasters	2
Maniac Moons (USA) (Proto) (1999-02-25)	Maniac Moons	1999	Shooter / Plane, TPV/Shooter		1-2
Marble Master (USA)	Marble Master	2002	Puzzle	Software 2000	1-2
Marby Baby Story (Japan)	Marby Baby Story	1998	Puzzle	Ponos	1
Marcel Desailly Pro Football (France)	Sven-Göran Eriksson's World Challenge	2002	Sports / Football (Soccer)/Sports	Anco	1-2
March Madness '98 (USA)	NCAA March Madness '98	1998	Sports / Basketball/Sports	Electronic Arts	1-8
Maria - Kimitachi ga Umareta Wake (Japan) (Disc 1)	Maria : Kimitachi ga Umareta Wake	1997	Adventure	Break	1
Maria 2 - Jutai Kokuchi no Nazo (Japan) (Disc 1)	Maria 2 : Jutai Kokuchi no Nazo	1998	Adventure	Break	1
Marie no Atelier - Salburg no Renkinjutsushi (Japan)	Atelier Marie: Salburg no Renkinjutsushi	1997	Japanese RPG/Role Playing Game	Gust	1
Marie no Atelier Plus - Salburg no Renkinjutsushi (Japan)	Atelier Marie Plus: Salburg no Renkinjutsushi	1997	Japanese RPG/Role Playing Game	Gust	1
Mario Mushano's Hyper Shogi School (Japan)	Mario Mushano no Chou Shougi Juku	1997	Shougi/Asiatic board game	King Records	1
Marionette Company (Japan)	Marionette Company	1999	Adventure/Simulation		1
Marionette Company 2 Chu! (Japan)	Marionette Company 2 Chu!	2000	Adventure/Simulation		1
Marl Jong!! (Japan)	Marl Jong!!	2003	Asiatic board game	Nippon Ichi Software	1-2
Marl Oukoku no Ningyou-hime - The Adventure of Puppet Princess (Japan)	The Adventure of Puppet Princess	1998	Japanese RPG/Role Playing Game	Nippon Ichi Software	1
Marranos en Guerra (Spain)	Hogs of War	2000	Strategy	Infogrames	1-4
Martialbeat (Japan)	Martialbeat	2002	Music and Dancing	Konami	1
Martialbeat 2 (Japan) (Disc 1) (Disc-B)	Martialbeat 2	2000	Music and Dancing	Konami	1-2
Martian Gothic - Unification (USA)	Martian Gothic : Unification	2001	Adventure	Coyote Developments	1
Marvel Super Heroes (USA)	Marvel Super Heroes	1997	Fighting	Capcom	1-2
Marvel Super Heroes vs. Street Fighter (USA)	Marvel Super Heroes vs. Street Fighter	1999	Fighting	Capcom	1-2
Marvel Super Heroes vs. Street Fighter - EX Edition (Japan)	Marvel Super Heroes vs. Street Fighter	1999	Fighting	Capcom	1-2
Marvel vs. Capcom - Clash of Super Heroes (USA)	Marvel vs. Capcom : Clash of Super Heroes	2000	Fighting	Capcom	1-2
Marvel vs. Capcom - Clash of Super Heroes - EX Edition (Japan)	Marvel vs. Capcom : Clash of Super Heroes	2000	Fighting	Capcom	1-2
Mary King's Riding Star (Europe) (En,Fr,De,Es,It,Nl,Pt)	Mary King's Riding Star	1999	Horse racing/Sports with animals	IR Gurus Interactive	1-2
Mary-Kate and Ashley - Crush Course (USA)	Mary-Kate and Ashley : Crush Course	2001	Casual Game	n-Space	1-2
Mary-Kate and Ashley - Magical Mystery Mall (USA)	Mary-Kate and Ashley : Magical Mystery Mall	2000	Casual Game	n-Space	1
Mary-Kate and Ashley - Winners Circle (USA)	Mary-Kate and Ashley : Winners Circle	2001	Sports with animals	Tantalus	1-2
MasMon Kids - The Another World of the Master of Monsters (Japan)	Masumon Kids : The Another World of The Master of Monsters	1998	Role Playing Game	Toshiba EMI	1
Mass Destruction (USA)	Mass Destruction	1997	Strategy	NMS Software	1
Master of Monsters - Akatsuki no Kenjatachi (Japan)	Master of Monsters : Disciples of Gaia	1998	Role Playing Game/Strategy	SystemSoft	1-4
Master of Monsters - Disciples of Gaia (USA)	Master of Monsters : Disciples of Gaia	1998	Role Playing Game/Strategy	SystemSoft	1-4
Masters - Shin Harukanaru Augusta (Japan)	Masters : Shin Harukanaru Augusta	1996	Sports / Golf/Sports	T&E Soft	1-4
Masters Fighter, The (Japan)	The Master's Fighter	1997	Fighting	Cinema Supply	1-2
Mat Hoffman's Pro BMX (USA)	Mat Hoffman's Pro BMX	2001	Sports / Cycling/Sports	Shaba Games	1-2
Match Golf, The (Japan)	The Match Golf	1998	Sports / Golf/Sports	Marble	1-2
Matsukata Hiroki no World Fishing (Japan)	Matsukata Hiroki no World Fishing	1996	Fishing/Hunting and Fishing	TOSE	1
Matsumoto Reiji 999 - Story of Galaxy Express 999 (Japan) (Disc 1)	Matsumoto Reiji 999 : Story of Galaxy Express 999	2001	Adventure	Polygon Magic	1
Mawatte Mucho! (Japan)	SuperLite 1500 Series : Mawatte Mucho!	2000		Tohoku Shinsha	1-2
Max Power Racing (Europe)	C3 Racing : Car Constructors Championship	1999	Sports/Racing, Driving	Eutechnyx	2
Max Surfing 2000 (Japan)	Surf Riders	2000	Sports / Water/Sports	Sunsoft	1
Max Surfing 2nd (Japan)	Max Surfing 2nd	2000	Sports / Water/Sports	KSS	1-2
Maximum Force (USA)	Maximum Force	1997	Lightgun Shooter	Perfect Entertainment	1-2
MaxRacer (Japan)	MaxRacer	1997	Racing, Driving	Avion	1
Maze Heroes - Meikyuu Densetsu (Japan)	Maze Heroes : Meikyuu Densetsu	2002	Board game/Role Playing Game	Media Entertainment	1-4
MDK (USA)	MDK	1997	Shooter	Neversoft Entertainment	1
MechWarrior 2 - 31st Century Combat - Arcade Combat Edition (USA)	MechWarrior 2 : 31st Century Combat, Arcade Combat Edition	1997	Shooter / FPV/Shooter	Quantum Factory	1
MechWarrior 2 - Arcade Combat Edition (Japan)	MechWarrior 2 : 31st Century Combat, Arcade Combat Edition	1997	Shooter / FPV/Shooter	Quantum Factory	1
MechWarrior 2 - Combat au 31ieme Siecle (France)	MechWarrior 2 : 31st Century Combat, Arcade Combat Edition	1997	Shooter / FPV/Shooter	Quantum Factory	1
MechWarrior 2 - Kampfspiel des 31. Jahrhunderts - Arcade Combat Edition (Germany)	MechWarrior 2 : 31st Century Combat, Arcade Combat Edition	1997	Shooter / FPV/Shooter	Quantum Factory	1
Medal of Honor (USA)	Medal of Honor	1999	Shooter / FPV/Shooter	DreamWorks	1-2
Medal of Honor - Resistance (France)	Medal of Honor : Underground	2000	Shooter / FPV/Shooter	DreamWorks	1-2
Medal of Honor - Underground (USA)	Medal of Honor : Underground	2000	Shooter / FPV/Shooter	DreamWorks	1-2
Medarot R (Japan)	Medarot R	1999	Role Playing Game	Natsume	1-2
Medarot R - Parts Collection (Japan)	Medarot R : Parts Collection	2000	Role Playing Game	Natsume	1-2
MediEvil (USA)	MediEvil	1998	Adventure	SCE Studio Cambridge	1
MediEvil - Yomigaetta Gallowmere no Yuusha (Japan)	MediEvil	1998	Adventure	SCE Studio Cambridge	1
MediEvil 2 (Europe) (En,Fr,De)	MediEvil II	2000	Adventure	SCE Studio Cambridge	1
MediEvil Collector's Edition (UK) (Demo)	MediEvil	1998	Adventure	SCE Studio Cambridge	1
MediEvil II (USA)	MediEvil II	2000	Adventure	SCE Studio Cambridge	1
MediEvil Special (France) (Demo)	MediEvil	1998	Adventure	SCE Studio Cambridge	1
Mega Man - Battle & Chase (Europe)	Megaman : Battle & Chase	1998	Racing, Driving	Capcom	1-2
Mega Man 8 (USA)	Mega Man 8 : Anniversary Edition	1997	Platform / Shooter Scrolling/Platform	Capcom	1
Mega Man Legends (USA)	Mega Man Legends	1998	Action RPG/Shooter/Adventure/Role Playing Game	Capcom	1
Mega Man Legends 2 (USA)	Mega Man Legends 2	2000	Shooter/Adventure	Capcom	1
Mega Man X3 (Europe)	Mega Man X3	1997	Platform / Shooter Scrolling/Platform	Capcom	1
Mega Man X4 (USA)	Mega Man X4	1997	Platform / Shooter Scrolling/Platform	Capcom	1
Mega Man X5 (USA)	Mega Man X5	2001	Platform / Shooter Scrolling/Platform	Capcom	1
Mega Man X6 (USA)	Mega Man X6	2001	Platform / Shooter Scrolling/Platform	Capcom	1
Megami Ibunroku - Persona - Be Your True Mind (Japan)	Persona	1996	Role Playing Game	Atlus	1
Megatudo 2096 (Japan)	Megatudo 2096	1996	Fighting	Banpresto	1-2
Meguri Ai shite (Japan)	Meguri Aishite	1999	Adventure/Simulation	Sony Music Entertainment	1
Meisha Retsuden - Greatest 70's (Japan)	Meisha Retsuden : Greatest 70's	1997	Racing, Driving	Epoch	1
Meitantei Conan (Japan)	Meitantei Conan	1999	Adventure	Bandai	1
Meitantei Conan - 3-nin no Meisuiri (Japan)	Meitantei Conan : 3 Nin no Meisuiri	2000	Adventure	Bandai	1
Meitantei Conan - Saikou no Partner (Japan)	Meitantei Conan : Saikou no Partner	2002	Adventure	Bandai	1
Meitantei Conan - Trick Trick Vol. 0 - Meikyuu no Crossroad Special Disc (Japan)	Meitantei Conan : Trick Trick Vol. 1	2003	Quiz	Kamui	1-2
Meitantei Conan - Trick Trick Vol. 1 (Japan)	Meitantei Conan : Trick Trick Vol. 1	2003	Quiz	Kamui	1-2
MeltyLancer - Ginga Shoujo Keisatsu 2086 (Japan)	Meltylancer : Ginga Shoujo Keisatsu 2086	1996	Adventure/Simulation/Role Playing Game	Tenki	1
MeltyLancer - Re-inforce (Japan) (Disc 1)	Meltylancer : Re-inforce	1997	Adventure/Simulation/Role Playing Game	Tenki	1
MeltyLancer - The 3rd Planet (Japan) (Disc 1)	Meltylancer : The 3rd Planet	1999	Adventure/Simulation/Role Playing Game	Tenki	1
Memorial Series - Sunsoft Vol. 1 (Japan)	Memorial Series : Sunsoft Vol. 1	2001	Compilation	MiCROViSion	1-2
Memorial Series - Sunsoft Vol. 2 (Japan)	Memorial Series : Sunsoft Vol. 2	2001	Compilation	MiCROViSion	1
Memorial Series - Sunsoft Vol. 3 (Japan)	Memorial Series : Sunsoft Vol. 3	2001	Compilation	MiCROViSion	1-2
Memorial Series - Sunsoft Vol. 4 (Japan)	Memorial * Series : Sunsoft Vol. 4 - Chou Wakusei Senki Metafight / Ripple Island	2002	Platform	MiCROViSion	1
Memorial Series - Sunsoft Vol. 5 (Japan)	Memorial * Series : Sunsoft Vol. 5: Raf World / Hebereke	2002	Platform	MiCROViSion	1
Memorial Series - Sunsoft Vol. 6 (Japan)	Memorial Series : Sunsoft Vol. 6	2002	Racing, Driving	MiCROViSion	1
Memories Off (Japan)	SuperLite 1500 Series : Memories Off	2000	Adventure / Visual Novel/Adventure/Simulation	Kindle Imagine Develop	1
Memories Off 2nd (Japan) (Disc 1)	Memories Off 2nd	2001	Adventure / Visual Novel/Adventure/Simulation	Kindle Imagine Develop	1
Men in Black - The Game (Europe)	Men in Black : The Game	1998		Gigawatt	1
Men in Black - The Series - Crashdown (USA)	Men in Black : The Series, Crashdown	2001	Shooter / FPV/Shooter	Runecraft	1
Menkyo o Torou (Japan)	Menkyo o Torou	2000	Racing, Driving	Twilight Express	1
Meremanoid (Japan)	Meremanoid	1999	Role Playing Game	Xing Entertainment	1
Mermaid no Kisetsu (Japan) (Disc 1)	Mermaid no Kisetsu	2001	Adventure/Simulation	Gamevillage	1
Mermaid no Kisetsu - Curtain Call (Japan) (Disc 1)	Mermaid no Kisetsu : Curtain Call	2002	Quiz	Gamevillage	1
Merriment Carrying Caravan (Japan)	Merriment Carrying Caravan	1998	Adventure/Simulation/Strategy	Tenky	1
Meru Purana (Japan)	Meru Purana	1996	Strategy/Role Playing Game	Gust	1-4
Meta-Ph-List Mu.X.2297 (Japan) (Disc 1)	Meta-Ph-List micro.X.2297	1997	Shoot'em Up / Vertical/Shoot'em Up/Shooter	ADM	1-2
Metal Angel 3 (Japan) (Disc 1)	Metal Angel 3	1997	Simulation	Pack In Video	1
Metal Fist (Japan)	Fighting Force	1997	Beat'em Up	Core Design	1-2
Metal Gear Solid (USA) (Disc 1)	Metal Gear Solid	1998	Action/Action / Adventure	KCEJ	1
Metal Gear Solid - Integral (Japan, Asia) (En,Ja) (Disc 1)	Metal Gear Solid	1998	Action/Action / Adventure	KCEJ	1
Metal Gear Solid - Special Missions (Europe) (En,Fr,De,Es,It)	Metal Gear Solid : VR Missions	1999	Action/Action / Adventure	KCEJ	1
Metal Gear Solid - VR Missions (USA)	Metal Gear Solid : VR Missions	1999	Action/Action / Adventure	KCEJ	1
Metal Jacket (Japan)	Metal Jacket	1995	Shooter	Bandit	1
Metal Slug - Super Vehicle-001 (Japan, Asia)	Metal Slug : Super Vehicle-001	1997	Platform	Ukiyotei	1
Metal Slug X (USA)	Metal Slug X	2001	Shooter / Run and Gun/Shooter	SNK	1-2
Metal Slug X - Super Vehicle-001 (Japan, Asia)	Metal Slug X	2001	Shooter / Run and Gun/Shooter	SNK	1-2
Metamor Panic - Doki Doki Youma Busters!! (Japan)	Metamoru Panic : Doki Doki Youma Busters!!	1995	Adventure	Fill in Café	1
Mezase! Meimon Yakyuubu (Japan)	Mezase! Meimon Yakyuubu	2001	Sports / Baseball/Sports	Nexus Interact	1-2
Mezase! Senkyuu-ou (Japan)	Mezase! Senkyuuou	1996	Puzzle	Seibu Kaihatsu	1-2
Mezase! Skymark - Challenge Airline Pilot (Japan)	Mezase! Skymark : Challenge Airline Pilot	1999	Simulation	Twilight Express	1
MGG - Manic Game Girl (Korea)	Manic Game Girl	2002	Adventure	Joycast Entertainment	1
Michael Owen's World League Soccer '99 (Europe) (En,Fr,It)	Michael Owen's World League Soccer 99	1998	Sports/Sports / Football (Soccer)	Silicon Dreams	1-4
Michael Schumacher Racing World Kart 2002 (Europe) (En,Fr,De,Es,It)	Michael Schumacher Racing World Kart 2002	2002	Racing, Driving/Sports	Paraworld	2
Michelin Rally Masters - Race of Champions (USA) (En,Fr,Es)	Michelin Rally Masters : Race of Champions	2000	Racing, Driving	Digital Illusions	1-2
Michinoku Hitou Koi Monogatari Kai (Japan)	Michinoku Hitou Koi Monogatari Kai	1999	Adventure/Simulation	F?O?G (Full On Games)	1
Mickey's Wild Adventure (Europe)	Mickey's Wild Adventure	1996	Platform	Psygnosis	1
Micro Machines (Japan)	Micro Machines V3	1997	Racing, Driving	Codemasters	1-8
Micro Machines V3 (USA)	Micro Machines V3	1997	Racing, Driving	Codemasters	1-8
Micro Maniacs (Europe) (En,Fr,De,Es,It)	Micro Maniacs Racing	2000	Racing, Driving	Codemasters	1-8
Midnight in Vegas (Europe) (En,Fr,De)	Vegas Games 2000	1999	Casino/Puzzle	The 3DO Company	1-4
Midnight Run - Road Fighter 2 (Europe)	Midnight Run : Road Fighter 2	1998	Racing, Driving	Konami	1
Midori no Makibao - Kuroi Inazuma Shiroi Kiseki (Japan)	Midori no Makibao : Kuroi Inazuma Shiroi Kiseki	1998	Horse racing/Adventure/Sports with animals	Axela	1
Mighty Hits (Japan)	Mighty Hits	1996	Lightgun Shooter	Altron	1-2
Mighty Hits Special (Europe) (En,Fr,De)	Mighty Hits Special	1999	Lightgun Shooter	Altron	2
Mikagura Shoujo Tanteidan & Neko Zamurai (Japan) (Demo)	Mikagura Shoujo Tanteidan	1998	Adventure	Human Club	1
Mikagura Shoujo Tanteidan (Japan) (Disc 1) (Honpen Disc Ichi)	Mikagura Shoujo Tanteidan	1998	Adventure	Human Club	1
Mike Tyson Boxing (USA) (En,Fr,Es)	Mike Tyson Boxing	2000	Sports / Boxing/Fighting/Sports	Codemasters	1-8
Milano no Arbeit Collection (Japan)	Milano No Arubaito Collection	1999	Casual Game	Westone	1
Milky Season (Japan)	Milky Season	2002	Adventure	Kindle Imagine Develop	1
Mille Miglia (Europe) (En,Fr,De,Es,It)	Mille Miglia	2000	Racing, Driving	Kung Fu Games	1-2
Millennium Soldier - Expendable (Europe) (En,Fr,De,Es,It)	Expendable	2000	Shooter	Rage Software	1-2
Million Classic (Japan) (Disc 1) (Honpen Game Sen'you)	Million Classic	1999	Simulation	BEC	1
Millionen Show, Die (Austria)	Who Wants to Be a Millionaire ?	2000	Quiz/Puzzle	Hothouse Creations	1-4
Minakata Hakudou Toujou (Japan) (Disc 1)	Minakata Hakudou Toujou	1997	Adventure	Thinking Rabbit	1
Mini Yonku Bakusou Kyoudai Let's & Go!! WGP Hyper Heat (Japan)	Mini Yonku Bakusou Kyoudai Let's & Go!! WGP Hyper Heat	1997	Racing, Driving	C-Lab	1-4
Mini-Moni. Dice de Pyon! (Japan)	Mini-Moni. Dice de Pyon!	2002	Board game/Casual Game	Konami	1-2
Mini-Moni. Shakatto Tambourine! da Pyon! (Japan)	Mini Moni : Shaker & Tambourine! Dapyon!	2002	Music and Dancing	SEGA	1-4
Mini-Moni. Step Pyon Pyon Pyon (Japan)	Mini-Moni. Step Pyon Pyon Pyon	2002	Board game	Konami	1-2
Minna Atsumare! Igo Kyoushitsu (Japan)	Minna Atsumare! Igo Kyoushitsu	2003	Go/Board game/Asiatic board game	Silver Star	1
Minna no Golf (Japan, Asia)	Hot Shots Golf	1998	Sports / Golf/Sports	Camelot Software Planning	1-4
Minna no Golf 2 (Japan, Asia)	Hot Shots Golf 2	2000	Sports / Golf/Sports	Clap Hanz	1-4
Minna no Kanji Kyoushitsu - Chousen! Kanji Kentei (Japan)	Minna no Kanji Kyoushitsu - Chousen! Kanji Kentei	2001	Quiz / Japanese/Quiz	Dyna	1-2
Minna no Shiiku Kyoushitsu - Kuwagata-hen (Japan)	Minna no Shiiku Kyoushitsu : Kuwagata-hen	2001	Educational	Dyna	1
Minna no Takaramono - Watashi no Licca-chan - Otetsudai o Shiyou (Japan)	Watashi no Licca Chan	2002	Casual Game	Takara	1-2
Minnya de Ghost Hunter (Japan)	Minnya de Ghost Hunter	2002	Board game	EA Games	1-4
Minton Keibu no Sousa File - Doukeshi Satsujin Jiken (Japan)	Minton Keibu no Sousa File : Doukeshi Satsujin Jiken	1997	Adventure	Thinking Rabbit	1
Miracle Jim no Bassing Beat (Japan)	Miracle Jim No Bassing Beat	1998	Fishing/Hunting and Fishing	Hearty Robin	1
Miracle Jumpers (Japan)	Pandemonium 2	1997	Platform	BMG Interactive	1
Miracle Space Race (USA)	Miracle Space Race	2003	Racing, Driving	Miracle Designs	1
Miracle World - Fushigi no Kuni no IQ Meiro (Japan)	Miracle World : Fushigi no Kuni no IQ Meiro	1995	Quiz/Casual Game	WizardWorks	1-2
Misa no Mahou Monogatari (Japan) (Disc 1)	Misa no Mahou Monogatari	1998	Adventure	Sammy Entertainment	1
Misadventures of Tron Bonne, The (USA)	The Misadventures of Tron Bonne	2000	Platform	Capcom	1
Misaki Aggressive! (Japan)	Misaki Aggressive!	1998	Role Playing Game/Tactical RPG	Zero System	1
Miss Spider's Tea Party (USA)	Miss Spider's Tea Party	2000	Casual Game	Hypnotix	1
Missile Command (USA)	Missile Command	1999	Shooter / Missile Command Like/Shooter	Meyer/Glass Interactive	1-2
Mission - Impossible (USA) (En,Fr,Es)	Mission : Impossible	1999	Adventure	X-Ample	1
Mission, The (Europe) (En,Fr,De,Es,It,Nl,Pt)	The Mission	2000		EMG	1-2
Missland (Japan)	Missland	1995	Puzzle	Altron	1-2
Missland 2 (Japan)	Missland 2	1998	Puzzle	Altron	1-2
Mitsumete Knight (Japan)	Mitsumete Knight	1999	Simulation	KCET	1
Mitsumete Knight R - Daibouken-hen (Japan)	Mitsumete Knight R : Daibouken Hen	1998	Role Playing Game	Konami	1
Miyake Yuji Produce - Kiseki no Maya Uranai (Japan)	Kiseki no Maya Uranai	1999	Simulation	Oracion	1
Mizuki Shigeru no Youkai Butouden (Japan)	Mizuki Shigeru No Youkai Butouden	1997	Fighting	KSS	1-2
Mizzurna Falls (Japan)	Mizzurna Falls	1998	Adventure	Human Club	1
MLB 2000 (USA)	MLB 2000	1999	Sports / Baseball/Sports	989	1-2
MLB 2001 (USA)	MLB 2001	2000	Sports / Baseball/Sports	989	1-2
MLB 2002 (USA)	MLB 2002	2001	Sports / Baseball/Sports	989	1-2
MLB 2003 (USA)	MLB 2003	2002	Sports / Baseball/Sports	989	1-2
MLB 2004 (USA)	MLB 2004	2003	Sports / Baseball/Sports	989	1-2
MLB 2005 (USA)	MLB 2005	2004	Sports / Baseball/Sports	989 Sports	1-2
MLB 98 (USA)	MLB 98	1997	Sports / Baseball/Sports	Sony Interactive Studios America	1-2
MLB 99 (USA)	MLB 99	1998	Sports / Baseball/Sports	Sony Interactive Studios America	1-2
MLB Pennant Race (USA)	MLB Pennant Race	1996	Sports / Baseball/Sports	Sony Interactive Studios America	1-2
Mobil 1 Rally Championship (USA)	Mobil 1 Rally Championship	2000	Racing, Driving/Sports	Atod	1-2
Mobile Armor (USA)	Mobile Armor	2002	Shooter	Highwaystar	1-2
Mobile Light Force (USA)	Mobile Light Force	2003	Shooter/Shoot'em Up	Psikyo	1-2
Mobile Police Patlabor - Game Edition (Japan)	Mobile Police Patlabor : Game Edition	2000	Shooter	HEADGEAR	1
Mobile Suit Gundam (Japan)	Mobile Suit Gundam	1995	Shooter	BEC	1
Mobile Suit Gundam - Char's Counter Attack (Japan) (Demo)	Mobile Suit Gundam : Char's Counterattack	1998	Shooter	BEC	1-2
Mobile Suit Gundam - Char's Counterattack (Japan)	Mobile Suit Gundam : Char's Counterattack	1998	Shooter	BEC	1-2
Mobile Suit Gundam - Perfect One Year War (Japan)	Mobile Suit Gundam : Perfect One Year War	1997	Role Playing Game	Bandai	1-2
Mobile Suit Gundam - Version 2.0 (Japan)	Mobile Suit Gundam : Version 2.0	1996	Shooter	BEC	1
Mobile Suit Z-Gundam (Japan) (Disc 1)	Mobile Suit Z-Gundam	1997	Shooter	BEC	1
Mobile Tomodachi (Japan)	Mobile Tomodachi	2002	Simulation	HAMSTER	1
Moebius Link 3D (Japan)	Moebius Link 3D	1998	Strategy	I.Magic	1
Moero!! Pro Yakyuu '95 - Double Header (Japan)	Bases Loaded '96 : Double Header	1995	Sports / Baseball/Sports	Jaleco	1-2
MoHo (Europe) (En,Fr,De,Es,It)	Ball Breakers	2000		Lost Toys	1-2
Momotarou Densetsu (Japan)	Momotarou Densetsu	1998	Role Playing Game	Make Software	1
Momotarou Dentetsu 7 (Japan)	Momotarou Dentetsu 7	1997	Board game	Make Software	1-4
Momotarou Dentetsu V (Japan)	Momotarou Dentetsu V	1999	Board game	Make Software	1-4
Momotarou Matsuri - Ishikawa Rokuemon no Maki (Japan)	Momotarou Matsuri : Ishikawa Rokuemon no Maki	2001	Casual Game	Hudson Soft	1-2
Monaco Grand Prix (USA)	Monaco Grand Prix	1999	Racing, Driving/Simulation	Ubisoft	1-4
Monaco Grand Prix Racing Simulation 2 (Europe) (En,Fr,Es,It)	Monaco Grand Prix	1999	Racing, Driving/Simulation	Ubisoft	1-4
Monde des Bleus 2, Le (France)	This Is Football 2	2000	Sports / Football (Soccer)/Sports	Sony Computer Entertainment	2-8
Monde des Bleus, Le - Le Jeu Officiel de l'Equipe de France (France)	This is football	1999	Sports / Football (Soccer)/Sports	Sony Computer Entertainment	2-8
Money Idol Exchanger (Japan)	Money Idol Exchanger	1998	Puzzle / Throw/Puzzle	FACE	1-2
Monkey Hero (USA)	Monkey Hero	1999	Adventure	Blam!	1
Monkey Magic (USA)	Monkey Magic	1999	Platform	M-Pen	1
Monopoly (USA)	Monopoly	1997	Board game	Gremlin Interactive	1-8
Monster Bass (USA)	Monster Bass!	2002	Sports/Fishing/Hunting and Fishing	Magical Company	1
Monster Collection - Kamen no Madoushi (Japan)	Monster Collection : Kamen no Madoushi	1999	Role Playing Game	Onion Egg	1
Monster Complete World (Japan)	Monster Complete World	1999	Role Playing Game	Idea Factory	1-2
Monster Farm (Japan)	Monster Rancher	1997	Role Playing Game/Simulation	Tecmo	1-2
Monster Farm 2 (Japan)	Monster Rancher 2	1999	Role Playing Game	Tecmo	1-2
Monster Farm Battle Card (Japan)	Monster Rancher Battle Card : Episode II	2000	Playing cards/Strategy	Tecmo	1-8
Monster Farm Jump (Japan)	Monster Rancher Hop-A-Bout	2000	Platform	Tecmo	1-2
Monster Punish (Japan)	Monster Punish	1999	Strategy	Siesta	1-4
Monster Race (Japan)	Monster Race	1998	Adventure/Racing, Driving	Koei	1-2
Monster Racer (Europe) (En,Fr,De,Es,It,Pt)	Monster Racer	2001	Racing, Driving	Microïds	1-2
Monster Rancher (USA)	Monster Rancher	1997	Role Playing Game/Simulation	Tecmo	1-2
Monster Rancher 2 (USA)	Monster Rancher 2	1999	Role Playing Game	Tecmo	1-2
Monster Rancher Battle Card - Episode II (USA)	Monster Rancher Battle Card : Episode II	2000	Playing cards/Strategy	Tecmo	1-8
Monster Rancher Hop-A-Bout (USA)	Monster Rancher Hop-A-Bout	2000	Platform	Tecmo	1-2
Monster Trucks (Europe)	Thunder Truck Rally	1997	Racing, Driving	Reflections Interactive	1
Monsters, Inc. - Monsters Academy (Japan)	Disney•Pixar Monsters, Inc. Scream Team	2001	Platform	Artificial Mind & Movement	1
MonsterSeed (USA)	MonsterSeed	1999	Role Playing Game/Strategy	NK System	1-2
Monte Carlo Games Compendium (Europe) (Disc 1)	Monte Carlo Games Compendium	2002	Casino/Board game	Mere Mortals	1-2
Moon - Remix RPG Adventure (Japan)	Moon : Remix RPG Adventure	1998	Adventure/Role Playing Game	Love-de-Lic	1
Moonlight Syndrome (Japan) (Disc 1)	Moonlight Syndrome	1997	Adventure	Human Entertainment	1
Moorhen 3 - Chicken Chase (Europe) (Es,It)	Moorhen 3 : Chicken Chase	2002	Lightgun Shooter	Similis Software	1-2
Moorhuhn 2 - Die Jagd Geht Weiter (Germany)	Moorhuhn 2 - Die Jagd Geht Weiter	2000	Lightgun Shooter	Ravensburger Interactive Media	1-2
Moorhuhn Kart (Germany)	Moorhuhn Kart	2004	Racing, Driving	Similis Software	1-2
Moorhuhn X (Germany) (En,De)	Moorhuhn X	2005	Lightgun Shooter	Similis Software	1-2
Mori no Oukoku (Japan)	Mori No Oukoku	1999	Role Playing Game	PEGASUS	1
Morita Kazurou no Chess (Japan)	Morita Kazuro no Chess	1999	Board game	Yuki Enterprise	1-2
Morita Kazurou no Gomoku Narabe to Renju (Japan)	Morita Kazuro No Gomoku Narabe To Renju	1999	Renju/Asiatic board game	Yuki Enterprise	1-2
Morita Kazurou no Hanafuda (Japan)	Morita Kazuro No Hanafuda	1999	Hanafuda/Asiatic board game/Playing cards	Yuki Enterprise	1
Morita Kazurou no Mahjong (Japan)	Morita Kazuo No Mahjong	2000	Board game	Yuki	1
Morita Kazurou no Reversi (Japan)	Morita Kazuo No Reversi	1999	Board game	Yuki	1-2
Morita Kazurou no Shougi Doujou (Japan)	Morita Kazuro No Shougi Doujou	1999	Shougi/Board game/Asiatic board game	Yuki Enterprise	1-2
Morita Shougi (Japan)	Morita Shougi	1997	Shougi/Asiatic board game	SETA	1-2
Moritaka Chisato - Safari Tokyo (Japan) (Disc 1)	Moritaka Chisato : Safari Tokyo	1998	Casual Game	Oracion	1
Mort the Chicken (USA)	Mort the Chicken	2000	Platform	AndNow	1
Mortal Kombat - Special Forces (USA)	Mortal Kombat : Special Forces	2000	Beat'em Up/Fighting	Midway	1
Mortal Kombat 3 (USA)	Mortal Kombat 3	1995	Fighting / Versus/Fighting	Williams	1-2
Mortal Kombat 4 (USA)	Mortal Kombat 4	1998	Fighting	Eurocom	1-2
Mortal Kombat II (Japan)	Mortal Kombat II	1996	Fighting / Versus/Fighting	Midway	1-2
Mortal Kombat Mythologies - Sub-Zero (USA)	Mortal Kombat Mythologies : Sub-Zero	1997	Beat'em Up/Fighting	Avalanche Software	1
Mortal Kombat Trilogy (USA)	Mortal Kombat Trilogy	1996	Fighting / 2D/Fighting	Avalanche Software	1-2
Moses - Prince of Egypt (Europe) (En,Fr,De,Nl)	Moses : Prince of Egypt	2000	Puzzle/Educational	The Code Monkeys	1
Moto Racer (USA)	Moto Racer	1997	Racing, Driving / Motorcycle/Racing, Driving	Delphine Software International	1-2
Moto Racer 2 (USA)	Moto Racer 2	1998	Racing, Driving / Motorcycle/Simulation/Racing, Driving	Delphine Software International	1-2
Moto Racer World Tour (USA)	Moto Racer World Tour	2000	Racing, Driving / Motorcycle/Racing, Driving	Delphine Software International	1-2
Motocross Mania (USA)	Motocross Mania	2001	Racing, Driving	Deibus Studios	1-2
Motocross Mania 2 (USA)	Motocross Mania 2	2003	Racing, Driving	Alpine Studios	1-2
Motor Mash (Europe) (En,Fr,De)	Motor Mash	1997	Racing, Driving	Eutechnyx	1-2
Motor Toon Grand Prix (USA)	Motor Toon Grand Prix	1994	Racing, Driving	Sony Computer Entertainment	1
Motor Toon Grand Prix - USA Edition (Japan)	Motor Toon Grand Prix	1994	Racing, Driving	Sony Computer Entertainment	1
Motor Toon Grand Prix 2 (Europe)	Motor Toon Grand Prix 2	1996	Racing, Driving	SCEJ	1
Motorhead (USA)	Motorhead	1998	Racing, Driving	Digital Illusions	1-2
Motteke Tamago with Ganbare! Kamonohashi (Japan)	Motteke Tamago with Ganbare! Kamonohashi	1998	Puzzle	Naxat Soft	1-4
Motto Trump Shiyou yo! i-Mode de Grand Prix (Japan)	Motto Trump Shiyouyo! i-Mode de Grand Prix	2002	Playing cards	Pure Sound	1-4
Motto! Nyan to Wonderful 2 (Japan)	Motto! Nyan to Wonderful 2	1999	Simulation	Pandora Box	1
Mouja (Japan)	Mouja	1999	Puzzle	Etona	1-2
Mouri Motonari - Chikai no Sanshi (Japan)	Mouri Motonari : Chikai No Sanshi	1998	Role Playing Game/Strategy/Adventure	Koei	1
Mr. Driller (USA)	Mr. Driller	2000	Puzzle/Strategy	Namco	1
Mr. Driller G (Japan)	Mr. Driller G	2001	Puzzle	Namco	1-2
Mr. Prospector - Horiate-kun (Japan)	Mr. Prospector : Horiate-kun	1999		Rythmics	1
Ms. Pac-Man Maze Madness (USA)	Ms. Pac-Man Maze Madness	2000	Platform	Namco	1-4
MTB Dirt Cross (Japan)	Mtb Dirt Cross	1998	Racing, Driving	Sammy Corporation	1-2
MTV Celebrity Deathmatch (USA)	MTV Celebrity Deathmatch	2003	Fighting	Coresoft	1-2
MTV Music Generator (USA)	MTV Music Generator	1999	Music and Dancing	Jester Interactive	1-4
MTV Sports - Pure Ride (USA)	MTV Sports : Pure Ride	2000	Sports / Skiing/Sports	Radical Entertainment	1-2
MTV Sports - Skateboarding featuring Andy Macdonald (USA)	MTV Sports : Skateboarding featuring Andy Macdonald	2000	Sports / Skateboard/Sports	Darkblack	1-2
MTV Sports - Snowboarding (USA)	MTV Sports : Snowboarding	1999	Sports / Skiing/Sports	Radical Entertainment	1-2
MTV Sports - T.J. Lavin's Ultimate BMX (USA)	MTV Sports : T.J. Lavin's Ultimate BMX	2001	Sports / Cycling/Sports	Blue Shift	1-2
Mummy, The (USA)	The Mummy	2000	Adventure	Konami	1
Mundial 2002 Challenge (Portugal)	2002 FIFA World Cup	2002	Sports / Football (Soccer)/Sports	EA Canada	1-8
Muppet Monster Adventure (USA)	Muppet Monster Adventure	2000	Platform	Magenta Software	1
Muppet RaceMania (USA)	Muppet RaceMania	2000	Racing, Driving	Traveller's Tales	1-2
Murakoshi Seikai no Bakuchou Nihon Rettou (Japan)	Murakoshi Seikai no Bakuchou Nihon Rettou	1998	Fishing/Hunting and Fishing	A Wave Inc	1
Murakoshi Seikai no Bakuchou Nihon Rettou 2 (Japan)	Murakoshi Seikai no Bakuchou Nihon Rettou 2	2000	Fishing/Hunting and Fishing	Infinity	1
Murakoshi Seikai no Bakuchou SeaBass Fishing (Japan) (Disc 1)	Murakoshi Seikai no Bakuchou SeaBass Fishing	1999	Fishing/Hunting and Fishing	A Wave Inc	1
Mushi no Idokoro (Japan)	Mushi no Idokoro	1996	Puzzle	Gen Soft	1-2
Mushitarou (Japan)	Mushi Taro	2000	Simulation	Victor Entertainment	1
Music - Music Creation for the PlayStation (Europe) (En,Fr,De,Es,It)	Music : Music Creation for the PlayStation	1998	Music and Dancing	Jester Interactive	1
Music 2000 (Europe) (En,Fr,De,Es,It)	MTV Music Generator	1999	Music and Dancing	Jester Interactive	1-4
Muteki-ou Tri-Zenon (Japan)	Mutekiou Tri-Zenon	2001	Casual Game	General Entertainment	1
My Disney Kitchen (USA)	My Disney Kitchen	2002	Educational/Casual Game	Disney Interactive	1
My Dream - On Air ga Matenakute (Japan) (Disc 1)	My Dream : On Air ga Matenakute	1997	Simulation / Life/Adventure / Visual Novel/Simulation/Adventure	Nihon Create	1
My Garden (Japan)	My Garden	1999	Simulation	Technosoft	1
My Home Dream (Japan)	My Home Dream	1997	Simulation/Strategy	Progress	1
My Home Dream 2 - Niwatsuki Ikkodate de, Ikou! (Japan)	My Home Dream 2 : Niwatsuki Ikkodate de, Ikou!	1999	Simulation	Progress	1
Myst (USA)	Myst	1996	Adventure/Puzzle	Cyan	1
Mystic Ark - Maboroshi Gekijou (Japan)	Mystic Ark : Maboroshi Gekijou	1999	Adventure	Produce	1
Mystic Dragoons, The (Japan)	The Mystic Dragoons	1999	Role Playing Game	Dual	1
Mystic Mind - Yureru Omoi (Japan) (Disc 1)	Mystic Mind : Yureru Omoi	1998	Simulation	Family Soft	1
N Gauge Unten Kibun Game - Gatan Goton (Japan)	N-Gauge Unten Kibun Game Gatan Goton	2001	Simulation	Beyond Interactive	1
N-Gen Racing (USA)	N.GEN Racing	2000	Racing, Driving	Curly Monsters	1-2
N2O (Europe) (En,Fr,De,Es,It,Pt)	N2O : Nitrous Oxide	1998		Gremlin Interactive	1-2
N2O - Nitrous Oxide (USA)	N2O : Nitrous Oxide	1998		Gremlin Interactive	1-2
Nagano Winter Olympics '98 (USA)	Nagano Winter Olympics '98	1998	Sports / Multisports/Sports	Konami	1-4
Nage Libre - Rasen no Soukoku (Japan)	Nage Libre : Rasen No Soukoku	1997	Role Playing Game	Varie	1
Nainai no Meitantei (Japan)	Nainai no Meitantei	1999	Adventure	Namco	1
Najavu no Daibouken - My Favorite Namjatown (Japan)	Najavu No Daibouken : My Favorite Namjatown	2000	Casual Game	Namco	1
Nakajima Miyuki - Namiromu (Japan)	Nakajima Miyuki : Namiromu	1998	Music and Dancing	Exit.	1
Namco Anthology 1 (Japan)	Namco Anthology 1	1998	Compilation	Namco	1-2
Namco Anthology 2 (Japan)	Namco Anthology 2	1998	Compilation	Namco	1-2
Namco Museum Encore (Japan)	Namco Museum Encore	1999	Shooter	Namco	1-2
Namco Museum Vol. 1 (USA)	Namco Museum Vol. 1	1996	Compilation	Namco	1-2
Namco Museum Vol. 2 (USA)	Namco Museum Vol. 2	1996	Compilation	Namco	1-2
Namco Museum Vol. 3 (USA)	Namco Museum Vol. 3	1997	Compilation	Namco	1-2
Namco Museum Vol. 4 (USA)	Namco Museum Vol. 4	1997	Compilation	Namco	1-2
Namco Museum Vol. 5 (USA)	Namco Museum Vol. 5	1997	Compilation	Namco	1
Namco Soccer Prime Goal (Europe)	Namco Soccer Prime Goal	1996	Sports / Football (Soccer)/Sports	Namco	1-2
Namco Tennis Smash Court (Europe)	Namco Tennis Smash Court	1996	Sports / Tennis/Sports	Namco	1-4
Nanatsu no Hikan (Japan) (Disc 1)	Nanatsu no Hikan	1996	Adventure	Koei	1
Naniwa Kinyuudou - Aoki Yuji no Seken Munazanyou (Japan)	Naniwa Kinyuudou : Aoki Yuji no Seken Munazanyou	2001	Board game	Kodansha	1-4
Naniwa no Akindo - Futte Nanbo no Saikoro Jinsei (Japan)	Naniwa no Akindo : Futte Nanbo no Saikoro Jinsei	1997	Board game	OeRSTED	1-4
Naniwa Wangan Battle - Tarzan Yamada & AutoSelect Sawa Kyoudai (Japan)	Naniwa Wangan Battle : Tarzan Yamada & AutoSelect Sawa Kyoudai	1998	Racing, Driving	Opus Software	1
NanoTek Warrior (USA)	NanoTek Warrior	1997	Shooter	Tetragon	1
Naruto - Shinobi no Sato no Jintori Gassen (Japan)	Naruto : Shinobi no Sato no Jintori Gassen	2003	Board game	Bandai	1-4
NASCAR 2000 (USA)	NASCAR 2000	1999	Racing, Driving	Stormfront Studios	1-2
NASCAR 2001 (USA)	NASCAR 2001	2000	Racing, Driving	EA Black Box	1-2
NASCAR 98 (USA)	NASCAR 98	1997	Racing, Driving	Stormfront Studios	1-2
NASCAR 98 Collector's Edition (USA)	NASCAR 98 Collector's Edition	1997	Racing, Driving	Stormfront Studios	1-2
NASCAR 99 (USA)	NASCAR 99	1998	Racing, Driving	Stormfront Studios	1-2
NASCAR 99 Legacy (USA)	NASCAR 99 Legacy	1999	Racing, Driving	Stormfront Studios	1-2
NASCAR Heat (USA)	NASCAR Heat	2000	Racing, Driving	Digital Illusions	1-2
NASCAR Racing (USA)	NASCAR Racing	1996	Racing, Driving	Papyrus Design Group	1
NASCAR Racing - Season 96 (Japan)	NASCAR Racing	1996	Racing, Driving	Papyrus Design Group	1
NASCAR Rumble (USA, Canada)	NASCAR Rumble	2000	Racing, Driving/Simulation	EA Redwood Shores	1-2
NASCAR Thunder 2002 (USA, Canada)	NASCAR Thunder 2002	2001	Racing, Driving	EA Black Box	1-2
NASCAR Thunder 2003 (USA)	NASCAR Thunder 2003	2002	Racing, Driving	Budcat	1-2
NASCAR Thunder 2004 (USA)	NASCAR Thunder 2004	2003	Racing, Driving/Sports	Budcat	1-2
Natsuiro Kenjutsu Komachi (Japan) (Disc 1) (Shokai Gentei Seisanban)	Natsuiro Kenjutsu Komachi	2000	Simulation	NEC	1
Navit (Japan)	Navit	1998	Simulation	Masterpiece	1
Nazoou (Japan)	Nazo-Oh	1996	Quiz	Bandai Visual	1-2
NBA Basketball 2000 (USA)	NBA Basketball 2000	1999	Sports/Sports / Basketball	Radical Entertainment	1-8
NBA Fastbreak '98 (USA)	NBA Fastbreak '98	1997	Sports / Basketball/Sports	Visual Concepts	1-8
NBA Hangtime (USA)	NBA Hangtime	1997	Sports / Basketball/Sports	Midway	1-4
NBA Hoopz (USA)	NBA Hoopz	2001	Sports / Basketball/Sports	Eurocom	1-6
NBA in the Zone '98 (USA)	NBA in the Zone '98	1998	Sports / Basketball/Sports	Konami	1-2
NBA in the Zone '99 (USA)	NBA in the Zone '99	1999	Sports/Sports / Basketball	Konami	1-8
NBA in the Zone (USA)	NBA in the Zone	1995	Sports / Basketball/Sports	Konami	1-8
NBA in the Zone 2 (USA)	NBA in the Zone 2	1996	Sports / Basketball/Sports	Konami	1-2
NBA in the Zone 2000 (USA)	NBA in the Zone 2000	2000	Sports / Basketball/Sports	Konami	1-8
NBA Jam - Tournament Edition (USA)	NBA Jam Tournament Edition	1995	Sports / Basketball/Sports	Midway	1-4
NBA Jam Extreme (USA)	NBA Jam Extreme	1996	Sports / Basketball/Sports	Sculptured Software	1-4
NBA Live 2000 (USA)	NBA Live 2000	1999	Sports / Basketball/Sports	EA Canada	1-8
NBA Live 2001 (USA)	NBA Live 2001	2000	Sports / Basketball/Sports	EA Canada	1-8
NBA Live 2002 (USA, Canada)	NBA Live 2002	2001	Sports / Basketball/Sports	EA Canada	1-8
NBA Live 2003 (USA)	NBA Live 2003	2002	Sports / Basketball/Sports	NuFX	1-2
NBA Live 96 (USA)	NBA Live 96	1996	Sports / Basketball/Sports	EA Canada	1-8
NBA Live 97 (USA)	NBA Live 97	1996	Sports / Basketball/Sports	EA Canada	1-8
NBA Live 98 (USA)	NBA Live 98	1997	Sports / Basketball/Sports	EA Canada	1-8
NBA Live 99 (USA)	NBA Live 99	1998	Sports / Basketball/Sports	EA Canada	1-8
NBA Power Dunkers (Japan)	NBA in the Zone	1995	Sports / Basketball/Sports	Konami	1-8
NBA Power Dunkers 2 (Japan)	NBA in the Zone 2	1996	Sports / Basketball/Sports	Konami	1-2
NBA Power Dunkers 3 (Japan, Asia)	NBA in the Zone '98	1998	Sports / Basketball/Sports	Konami	1-2
NBA Power Dunkers 4 (Japan)	NBA in the Zone '99	1999	Sports/Sports / Basketball	Konami	1-8
NBA Power Dunkers 5 (Japan)	NBA in the Zone 2000	2000	Sports / Basketball/Sports	Konami	1-8
NBA Pro 98 (Europe)	NBA in the Zone '98	1998	Sports / Basketball/Sports	Konami	1-2
NBA Pro 99 (Europe)	NBA in the Zone '99	1999	Sports/Sports / Basketball	Konami	1-8
NBA Shoot Out '97 (USA)	NBA Shoot Out '97	1997	Sports / Basketball/Sports	Team Soho	1-8
NBA Shoot Out (USA)	NBA Shoot Out	1996	Sports / Basketball/Sports	Team Soho	1-8
NBA ShootOut 2000 (USA)	NBA ShootOut 2000	1999	Sports / Basketball/Sports	989	1-8
NBA ShootOut 2001 (USA)	NBA ShootOut 2001	2000	Sports / Basketball/Sports	Killer Game	1-8
NBA ShootOut 2002 (USA)	NBA ShootOut 2002	2001	Sports / Basketball/Sports	Killer Game	1-2
NBA ShootOut 2003 (USA)	NBA ShootOut 2003	2002	Sports / Basketball/Sports	Killer Game	1-2
NBA ShootOut 2004 (USA)	NBA ShootOut 2004	2003	Sports / Basketball/Sports	Killer Game	1-6
NBA ShootOut 98 (USA)	NBA ShootOut 98	1998	Sports / Basketball/Sports	Sony Interactive Studios America	1-2
NBA Showtime - NBA on NBC (USA)	NBA Showtime : NBA on NBC	1999	Sports / Basketball/Sports	Eurocom	1-4
NCAA Basketball Final Four 97 (USA)	NCAA Basketball Final Four 97	1997	Sports / Basketball/Sports	High Voltage	1-8
NCAA Final Four 2000 (USA)	NCAA Final Four 2000	1999	Sports / Basketball/Sports	Killer Game	1-8
NCAA Final Four 2001 (USA)	NCAA Final Four 2001	2000	Sports / Basketball/Sports	Killer Game	1-8
NCAA Final Four 99 (USA)	NCAA Final Four 99	1999	Sports / Basketball/Sports	Killer Game	1-8
NCAA Football 2000 (USA)	NCAA Football 2000	1999	Sports / Football (American)/Sports	EA Tiburon	1-8
NCAA Football 2001 (USA)	NCAA Football 2001	2000	Sports / Football (American)/Sports	EA Tiburon	1-8
NCAA Football 98 (USA)	NCAA Football 98	1997	Sports / Football (American)/Sports	Tiburon Entertainment	1-8
NCAA Football 99 (USA)	NCAA Football 99	1998	Sports / Football (American)/Sports	EA Tiburon	1-8
NCAA Football GameBreaker (USA)	NCAA Football GameBreaker	1996	Sports / Football (American)/Sports	Sony Interactive Studios America	1-8
NCAA GameBreaker 2000 (USA)	NCAA GameBreaker 2000	1999	Sports / Football (American)/Sports	989	1-8
NCAA GameBreaker 2001 (USA)	NCAA GameBreaker 2001	2000	Sports / Football (American)/Sports	989	1-8
NCAA GameBreaker 98 (USA)	NCAA GameBreaker 98	1997	Sports / Football (American)/Sports	Sony Interactive Studios America	1-8
NCAA GameBreaker 99 (USA)	NCAA GameBreaker 99	1998	Sports / Football (American)/Sports	989	1-8
NCAA March Madness 2000 (USA)	NCAA March Madness 2000	1999	Sports / Basketball/Sports	Black Ops Entertainment	1-8
NCAA March Madness 2001 (USA)	NCAA March Madness 2001	2000	Sports/Sports / Basketball	Black Ops Entertainment	1-8
NCAA March Madness 99 (USA)	NCAA March Madness 99	1998	Sports / Basketball/Sports	Electronic Arts	1-8
Necronomicon - Das Mysterium der Daemmerung (Germany) (Disc 1)	Necronomicon : The Dawning of Darkness	2001	Adventure	Wanadoo Edition	1
Necronomicon - El Alba de las Tinieblas (Spain) (Disc 1)	Necronomicon : The Dawning of Darkness	2001	Adventure	Wanadoo Edition	1
Necronomicon - Ispirato alle opere di H.P. Lovecraft (Italy) (Disc 1)	Necronomicon : The Dawning of Darkness	2001	Adventure	Wanadoo Edition	1
Necronomicon - L'Aube des Tenebres (France) (Disc 1)	Necronomicon : The Dawning of Darkness	2001	Adventure	Wanadoo Edition	1
Necronomicon - O Despertar das Trevas (Portugal) (Disc 1)	Necronomicon : The Dawning of Darkness	2001	Adventure	Wanadoo Edition	1
Necronomicon - The Dawning of Darkness (Europe) (Disc 1)	Necronomicon : The Dawning of Darkness	2001	Adventure	Wanadoo Edition	1
Nectaris (Japan)	Nectaris : Military Madness	1998	Strategy	Matrix Software	1-2
Nectaris - Military Madness (USA)	Nectaris : Military Madness	1998	Strategy	Matrix Software	1-2
Need for Speed - High Stakes (USA)	Need for Speed : High Stakes	1999	Racing, Driving	EA Canada	1-2
Need for Speed - Porsche 2000 (Europe) (En,De,Sv)	Need for Speed : Porsche Unleashed	2000	Racing, Driving	Eden Studios	1-4
Need for Speed - Porsche Unleashed (USA)	Need for Speed : Porsche Unleashed	2000	Racing, Driving	Eden Studios	1-4
Need for Speed - Road Challenge (Europe) (En,Sv)	Need for Speed : High Stakes	1999	Racing, Driving	EA Canada	1-2
Need for Speed - V-Rally (USA)	Need for Speed : V-Rally	1997	Racing, Driving	Infogrames	1-2
Need for Speed - V-Rally 2 (USA)	Need for Speed : V-Rally 2	1999	Racing, Driving	Eden Studios	1-4
Need for Speed II (USA)	Need for Speed II	1997	Racing, Driving	EA Canada	1-2
Need for Speed III - Hot Pursuit (USA)	Need for Speed III : Hot Pursuit	1998	Racing, Driving	EA Canada	1-2
Nekketsu Oyako (Japan)	Nekketsu Oyako	1994	Beat'em Up	Techno Soft	2
Neko na Ka-N-Ke-I (Japan)	Neko na Ka-N-Ke-I	1998	Adventure	Victor Interactive Software	1
Neko Zamurai (Japan) (Disc 1)	Neko Zamurai	1999	Adventure	Aim at Entertainment	1
Nemuru Mayu (Japan)	Nemuru Mayu	2000	Shooter	Asmik	1
Neo Atlas (Japan)	Neo Atlas	2003	Strategy	FlipFlop	1
Neo Atlas - Famitsuu no Nazo (Japan) (Demo)	Neo Atlas	2003	Strategy	FlipFlop	1
Neo Atlas II (Japan)	Neo Atlas II	1999	Strategy	FlipFlop	1
Neo Planet (Japan)	Neo Planet	1996	Simulation/Strategy	ISCO	1
Neon Genesis Evangelion - Original Screen Saver (Japan)	Shin Seiki Evangelion : Koutetsu no Girlfriend	1998	Adventure	Gainax	1
Neorude (Japan) (Disc 1) (Game Disc)	Neorude	1997	Adventure/Role Playing Game	Technosoft	1
Neorude - Kizamareta Monshou (Japan)	Neorude : Kizamareta Monshou	1999	Adventure/Role Playing Game	Technosoft	1
Neorude 2 (Japan)	Neorude 2	1997	Adventure/Role Playing Game	Technosoft	1
Nessa no Hoshi (Japan) (Disc 1)	Nessa no Hoshi	1997	Adventure	Itochu	1
Netz Magazine - Altezza (Japan)	Netz Magazine : Altezza	1997	Racing, Driving	Dents?	1
Netz Magazine - Vitz (Japan)	Netz Magazine : Vitz	1998	Racing, Driving	Dentsu	
Neues (Japan)	Neues	2001	Simulation	Escot	1
Newcomer - Be a Popstar (Germany)	Popstar Maker	2001	Strategy/Simulation/Music and Dancing	Eidos Interactive	1
Newman Haas Racing (USA)	Newman Haas Racing	1998	Racing, Driving	Studio 33	1-2
Next King - Koi no Sennen Oukoku (Japan)	Next King : Koi no Sennen Oukoku	1997	Simulation / Life/Role Playing Game/Board game/Simulation	Alfa System	1-4
Next Tetris DLX, The (Japan)	The Next Tetris	1999	Puzzle / Fall/Puzzle	Blue Planet Software	1-2
Next Tetris, The (USA)	The Next Tetris	1999	Puzzle / Fall/Puzzle	Blue Planet Software	1-2
NFL Blitz (USA)	NFL Blitz	1998	Sports / Football (American)/Sports	Midway	1-2
NFL Blitz 2000 (USA)	NFL Blitz 2000	1999	Sports / Football (American)/Sports	Midway	1-4
NFL Blitz 2001 (USA)	NFL Blitz 2001	2000	Sports / Football (American)/Sports	Midway	1-4
NFL Full Contact (USA)	NFL Full Contact	1996	Sports / Football (American)/Sports	Robin Antonick Games	1-2
NFL GameDay (USA)	NFL GameDay	1995	Sports / Football (American)/Sports	Sony Interactive Studios America	1-2
NFL GameDay 2000 (USA)	NFL GameDay 2000	1999	Sports / Football (American)/Sports	989	1-8
NFL GameDay 2001 (USA)	NFL GameDay 2001	2000	Sports / Football (American)/Sports	989	1-8
NFL GameDay 2002 (USA)	NFL GameDay 2002	2001	Sports / Football (American)/Sports	989	1-8
NFL GameDay 2003 (USA, Canada)	NFL GameDay 2003	2002	Sports / Football (American)/Sports	989	1-8
NFL GameDay 2004 (USA)	NFL GameDay 2004	2003	Sports / Football (American)/Sports	989	1-8
NFL GameDay 2005 (USA)	NFL GameDay 2005	2004	Sports / Football (American)/Sports	989	1-8
NFL GameDay 97 (USA)	NFL GameDay 97	1996	Sports / Football (American)/Sports	Sony Interactive Studios America	1-8
NFL GameDay 98 (USA)	NFL GameDay 98	1997	Sports / Football (American)/Sports	Sony Interactive Studios America	1-8
NFL GameDay 99 (USA)	NFL GameDay 99	1998	Sports / Football (American)/Sports	989	1-8
NFL Quarterback Club '97 (USA)	NFL Quarterback Club 97	1996	Sports / Football (American)/Sports	Iguana Entertainment	1-8
NFL Xtreme (USA)	NFL Xtreme	1998	Sports / Football (American)/Sports	989	1-2
NFL Xtreme 2 (USA)	NFL Xtreme 2	1999	Sports / Football (American)/Sports	989	1-8
NHL 2000 (USA)	NHL 2000	1999	Sports / Hockey/Sports	EA Canada	1-8
NHL 2001 (USA)	NHL 2001	2000	Sports / Hockey/Sports	Page 44 Studios	1-8
NHL 97 (USA)	NHL 97	1996	Sports / Hockey/Sports	Visual Concepts	1-8
NHL 98 (USA)	NHL 98	1997	Sports / Hockey/Sports	EA Canada	1-8
NHL 99 (USA)	NHL 99	1998	Sports / Hockey/Sports	EA Canada	1-8
NHL Blades of Steel 2000 (USA)	NHL Blades of Steel 2000	2000	Sports / Hockey/Sports	Konami	1-8
NHL Breakaway 98 (USA)	NHL Breakaway 98	1997	Sports / Hockey/Sports	Sculptured Software	1-2
NHL Championship 2000 (USA)	FOX Sports NHL Championship 2000	1999	Sports / Hockey/Sports	Radical Entertainment	1-8
NHL Face Off '97 (USA)	NHL Face Off '97	1996	Sports / Hockey/Sports	Killer Game	1-8
NHL Face Off (USA)	NHL Face Off	1995	Sports / Hockey/Sports	Sony Computer Entertainment	1-2
NHL FaceOff 2000 (USA)	NHL FaceOff 2000	1999	Sports / Hockey/Sports	SolWorks	1-8
NHL FaceOff 2001 (USA)	NHL FaceOff 2001	2000	Sports / Hockey/Sports	989	1-8
NHL FaceOff 98 (USA)	NHL FaceOff 98	1997	Sports / Hockey/Sports	Killer Game	1-8
NHL FaceOff 99 (USA)	NHL FaceOff 99	1998	Sports / Hockey/Sports	989	1-8
NHL Open Ice - 2 on 2 Challenge (USA)	NHL Open Ice : 2 on 2 Challenge	1996	Sports / Hockey/Sports	Avalanche Software	1-2
NHL Powerplay '96 (USA)	NHL Powerplay '96	1996	Sports / Hockey/Sports	Radical Entertainment	1-5
NHL Powerplay (Europe)	NHL Powerplay '96	1996	Sports / Hockey/Sports	Radical Entertainment	1-5
NHL Powerplay 98 (USA) (En,Fr,De)	NHL Powerplay 98	1997	Sports / Hockey/Sports	Radical Entertainment	1-8
NHL PowerRink '97 (Japan)	NHL Face Off '97	1996	Sports / Hockey/Sports	Killer Game	1-8
NHL Rock the Rink (USA)	NHL Rock the Rink	2000	Sports / Hockey/Sports	Electronic Arts	1-2
Nibiiro no Koubou - 32-nin no Senshachou (Japan)	Nibiiro no Koubou : 32 Nin no Senshachou	1997	Shooter	Shangri-La	1
Nice Cats (Europe) (En,Fr,De,Nl)	Nice Cats	2000	Puzzle	The Code Monkeys	1
Nice Price Series Vol. 01 - Nihon Pro Mahjong Renmei Kounin - Honkaku Pro Mahjong (Japan)	Nihon Pro Mahjong Renmei Kounin (Nice Price)	2001	Mahjong/Asiatic board game	Naxat Soft	1
Nice Price Series Vol. 02 - Honkaku Shougi Shinan (Japan)	Honkaku Shougi Shinan (Nice Price)	2001	Shougi/Asiatic board game	DigiCube	1-2
Nice Price Series Vol. 03 - Hanafuda & Card Game (Japan)	Hanafuda And Card Game (Nice Price)	2002	Hanafuda/Asiatic board game/Playing cards	Yuki Enterprise	1
Nice Price Series Vol. 04 - Billiard King (Japan)	American Pool	2003	Sports / Pool/Sports	DigiCube	1-2
Nice Price Series Vol. 05 - Chess & Reversi (Japan)	Chess And Reversi (Nice Price)	2002	Board game	DigiCube	1-2
Nice Price Series Vol. 06 - Quiz de Battle (Japan)	Quiz De Battle (Nice Price)	2002	Quiz	DigiCube	1-4
Nice Price Series Vol. 07 - World Tournament Bowling (Japan)	King of Bowling 3	2004	Sports / Bowling/Sports	DigiCube	1-4
Nice Price Series Vol. 08 - Elemental Pinball (Japan)	Elemental Pinball	2003	Pinball	DigiCube	1
Nice Price Series Vol. 09 - Paradise Casino (Japan)	Paradise Casino	2003	Casino	DigiCube	1
Nice Price Series Vol. 10 - Igo o Utou! (Japan)	Igo Wo Utou! (Nice Price)	2002	Go/Asiatic board game	DigiCube	1-2
Nice Price Series Vol. 11 - Nikakudori Deluxe (Japan)	Nikakudori Deluxe (Nice Price)	2002	Puzzle	DigiCube	1
Nichibutsu Arcade Classics (Japan)	Nichibutsu Arcade Classics	1995	Compilation	Nichibutsu	1-2
Nichibutsu Mahjong - Joshikou Meijinsen (Japan)	Nichibutsu Mahjong : Joshikou Meijinsen	1995	Mahjong/Asiatic board game	Nichibutsu	1
Nick Jr. Dora the Explorer - Barnyard Buddies (USA)	Dora the Explorer : Barnyard Buddies	2003		Imagine Engine	1
Nickelodeon Les Razmoket - 100% Angelica (France)	Rugrats : Totally Angelica	2001	Platform	THQ	1
Nickelodeon Les Razmoket - A la Recherche de Reptar (France)	Nickelodeon Rugrats : Search for Reptar	1998	Casual Game/Adventure	n-Space	1-4
Nickelodeon Les Razmoket - Font leur Cinema (France)	Nickelodeon Rugrats : Studio Tour	1999	Adventure	n-Space	1-4
Nickelodeon Les Razmoket a Paris - Le Film (France)	Nickelodeon Rugrats in Paris : The Movie	2001	Adventure	Avalanche Software	1-2
Nickelodeon Rocket Power - Sauvetage Extreme (France)	Nickelodeon Rocket Power : Team Rocket Rescue	2001	Sports	THQ	1-2
Nickelodeon Rocket Power - Team Rocket Rescue (USA)	Nickelodeon Rocket Power : Team Rocket Rescue	2001	Sports	THQ	1-2
Nickelodeon Rugrats - Alla Ricerca di Reptar (Italy)	Nickelodeon Rugrats : Search for Reptar	1998	Casual Game/Adventure	n-Space	1-4
Nickelodeon Rugrats - Auf der Suche nach Reptar (Germany)	Nickelodeon Rugrats : Search for Reptar	1998	Casual Game/Adventure	n-Space	1-4
Nickelodeon Rugrats - De Speurtocht naar Reptar (Netherlands)	Nickelodeon Rugrats : Search for Reptar	1998	Casual Game/Adventure	n-Space	1-4
Nickelodeon Rugrats - Excursion al estudio (Spain)	Nickelodeon Rugrats : Studio Tour	1999	Adventure	n-Space	1-4
Nickelodeon Rugrats - La Busqueda de Reptar (Spain)	Nickelodeon Rugrats : Search for Reptar	1998	Casual Game/Adventure	n-Space	1-4
Nickelodeon Rugrats - Search for Reptar (USA)	Nickelodeon Rugrats : Search for Reptar	1998	Casual Game/Adventure	n-Space	1-4
Nickelodeon Rugrats - Studio Tour (USA)	Nickelodeon Rugrats : Studio Tour	1999	Adventure	n-Space	1-4
Nickelodeon Rugrats - Totally Angelica (USA)	Rugrats : Totally Angelica	2001	Platform	THQ	1
Nickelodeon Rugrats en Paris - La pelicula (Spain)	Nickelodeon Rugrats in Paris : The Movie	2001	Adventure	Avalanche Software	1-2
Nickelodeon Rugrats in Paris - The Movie (USA)	Nickelodeon Rugrats in Paris : The Movie	2001	Adventure	Avalanche Software	1-2
Nickelodeon SpongeBob SquarePants - SuperSponge (USA)	Nickelodeon SpongeBob SquarePants : SuperSponge	2001	Platform	Climax	1
Nicktoons Racing (USA)	Nicktoons Racing	2001	Racing, Driving	Infogrames	1-2
Night Head - The Labyrinth (Japan)	Night Head : The Labyrinth	1995	Adventure	Scitron	1
Night Raid (Japan)	Night Raid	2002	Shoot'em Up / Vertical/Shoot'em Up	Takumi	1
Night Striker (Japan)	Night Striker	1995	Shooter / TPV/Shooter	Xing Entertainment	1
Nightmare Creatures (USA)	Nightmare Creatures	1997	Action/Action / Adventure	Kalisto	1
Nightmare Creatures II (USA)	Nightmare Creatures II	2000	Adventure	Kalisto	1
Nightmare Project - Yakata (Japan) (Disc 1)	Nightmare Project : Yakata	1998	Role Playing Game	Chime	1
Nightruth - Explanation of the Paranormal - 'Yami no Tobira' (Japan)	Nightruth - Explanation of the Paranormal - Yami no Tobira	1996	Adventure / Visual Novel/Adventure	Sonnet Computer Entertainment	1
Nihon Pro Golf Kyoukai Kanshuu - Double Eagle (Japan)	Nihon Pro Golf Kyoukai Kanshuu : Double Eagle	1997	Sports / Golf/Sports	Graphic Research	1-4
Nihon Pro Mahjong Renmei Kounin - Doujou Yaburi (Japan)	Nihon Pro Mahjong Renmei Kounin : Doujou Yaburi	1997	Mahjong/Asiatic board game	Naxat Soft	1
Nihon Pro Mahjong Renmei Kounin - Doujou Yaburi 2 (Japan)	Nihon Pro Mahjong Renmei Kounin : Doujou Yaburi 2	1999	Mahjong/Asiatic board game	Naxat Soft	1
Nihon Pro Mahjong Renmei Kounin - Honkaku Pro Mahjong - Shin Tetsuman (Japan)	Nihon Pro Mahjong Renmei Kounin : Shin Tetsuman	1998	Mahjong/Asiatic board game	Naxat Soft	1
Nihon Pro Mahjong Renmei Kounin - Tehodoki Mahjong Nyuumon-hen (Japan)	Nihon Pro Mahjong Renmei Kounin : Tehodoki Mahjong Nyuumon-hen	1999	Mahjong/Asiatic board game	Naxat Soft	1
Nihon Sumou Kyoukai Kounin - Nihon Oozumou (Japan)	Nihon Sumou Kyoukai Kounin : Nihon Oozumou	2000	Sports / Sumo/Simulation/Sports	Konami	1
Nijiiro Dodgeball - Otometachi no Seishun (Japan)	Nijiiro Dodgeball : Otome-tachi No Seishun	2002	Sports/Sports / Dodgeball	Atlus	1-2
Nijiiro Twinkle - Guru Guru Daisakusen (Japan)	Nijiiro Twinkle : Guru Guru Daisakusen	1998	Puzzle	ASCII	1-2
Ningyo no Rakuin (Japan)	Ningyo no Rakuin	2000	Role Playing Game	Highwaystar	1
Ninja - L'Ombre des Tenebres (France)	Ninja : Shadow of Darkness	1998	Adventure	Core Design	1
Ninja - Shadow of Darkness (USA)	Ninja : Shadow of Darkness	1998	Adventure	Core Design	1
Ninja Jajamaru-kun - Onigiri Ninpouchou (Japan)	Ninja Jajamaru-kun : Onigiri Ninpouchou	1997	Platform	Game Studio Infinity	1
Ninkuu (Japan)	Ninku	1995	Strategy/Fighting	TOSE	1-2
Ninpuu Sentai Hurricanger & Kamen Rider Ryuuki (Japan) (2-dai Hero Special Disc Taikenban)	Ninpuu Sentai Hurricanger	2002	Fighting	Natsume	1-2
Ninpuu Sentai Hurricanger (Japan)	Ninpuu Sentai Hurricanger	2002	Fighting	Natsume	1-2
Ninteiou - Zen Nihon Tsume Shougi Renmei Kaichou Okada Toshi no Tsume Shougi Kyoushitsu (Japan)	Nintei-ou	1998	Asiatic board game	ASCII	1
Nippon Ichi Mahjong - Souryuu (Japan) (Major Wave)	Nippon Ichi Mahjong : Souryuu	1996	Mahjong/Asiatic board game	Nippon Ichi Software	1
Nise Flopon-kun P! Famitsuu Nottori Version (Japan)	Uchuu Seibutsu Furopon-kun P!	1995	Puzzle	WARP	1-2
Nishijin Pachinko Tengoku EX (Japan)	Nishijin Pachinko Tengoku EX	1999	Casino	KSS	1
Nishijin Pachinko Tengoku Vol. 1 (Japan)	Nishijin Pachinko Tengoku Vol. 1	1997	Casino	KSS	1
Nishijin Pachinko Tengoku Vol. 2 (Japan)	Nishijin Pachinko Tengoku Vol. 2	1997	Casino	KSS	1
Nishijin Pachinko Tengoku Vol. 3 (Japan)	Nishijin Pachinko Tengoku Vol. 3	1998	Casino	KSS	1
Nishijin Pachinko Tettei Kouryaku - CR Hanaman Sokuhou & CR Obake Land (Japan)	Nishijin Pachinko Tettei Kouryaku : Cr Hanaman Sokuhou And Cr Obake Land	2001	Casino	KSS	1
Nissan Presents - Over Drivin' - Skyline Memorial (Japan)	Over Drivin' : Skyline Memorial	1997	Racing, Driving	Electronic Arts	1-2
No Fear Downhill Mountain Bike Racing (USA)	No Fear Downhill Mountain Bike Racing	1999	Sports / Cycling/Sports	Codemasters	1-4
No Fear Downhill Mountain Biking (Europe) (En,Fr,De,Es,It,Sv)	No Fear Downhill Mountain Bike Racing	1999	Sports / Cycling/Sports	Codemasters	1-4
No One Can Stop Mr. Domino (USA)	No One Can Stop Mr. Domino	1998	Puzzle	Artdink	1
No-appointment Gals Olympos - Apo Nashi Gals Olympos (Japan)	No-appointment Gals Olympos : Apo Nashi Gals Olympos	1996	Role Playing Game	Human Entertainment	1
Nobunaga Hiroku - Geten no Yume (Japan)	Nobunaga Hiroku : Geten no Yume	2000	Adventure	Athena	1
Nobunaga no Yabou - Bushou Fuuunroku (Japan)	Nobunaga No Yabou : Bushou Fuuunroku	1999	Strategy	Koei	1-8
Nobunaga no Yabou - Haouden (Japan)	Nobunaga no Yabou : Haouden	1997	Strategy	Koei	1-8
Nobunaga no Yabou - Reppuuden (Japan)	Nobunaga no Yabou : Reppuuden	1999	Strategy/Role Playing Game	Koei	1-8
Nobunaga no Yabou - Reppuuden with Power-Up Kit (Japan)	Nobunaga no Yabou : Reppuuden	1999	Strategy/Role Playing Game	Koei	1-8
Nobunaga no Yabou - Returns (Japan)	Nobunaga no Yabou : Returns	1996	Strategy/Role Playing Game	Koei	1-2
Nobunaga no Yabou - Sengoku Gunyuuden (Japan)	Nobunaga no Yabou : Sengoku Gunyuuden	1998	Strategy	Koei	1-4
Nobunaga no Yabou - Shouseiroku (Japan)	Nobunaga no Yabou : Shouseiroku	1997	Strategy/Role Playing Game	Koei	1-8
Nobunaga no Yabou - Shouseiroku with Power-Up Kit (Japan)	Nobunaga no Yabou : Shouseiroku	1997	Strategy/Role Playing Game	Koei	1-8
Nobunaga no Yabou - Tenshouki (Japan)	Nobunaga no Yabou : Tenshouki	1996	Strategy	Koei	1-8
Nobunaga no Yabou - Tenshouki with Power-Up Kit (Japan)	Nobunaga no Yabou : Tenshouki	1996	Strategy	Koei	1-8
Nobunaga no Yabou - Zenkokuban (Japan)	Nobunaga no Yabou : Zenkokuban	1998	Strategy	Koei	1-8
Nobunaga Shippuuki - Kirameki (Japan)	Nobunaga Shippuuki : Ko	1996	Adventure/Role Playing Game	Bullet Proof Software	1
Noddy - Una Aventura Magica (Spain)	Noddy's Magic Adventure	2000	Platform/Casual Game	Minds Eye	1
Noddy's Magic Adventure (Europe) (En,Fr)	Noddy's Magic Adventure	2000	Platform/Casual Game	Minds Eye	1
Noel - La Neige (Japan) (Disc 1)	NOeL : La Neige	1998	Adventure/Simulation	Pioneer LDC	1
Noel - La Neige Special (Japan)	NOeL : La Neige Special	1998	Adventure	Pioneer Software	1
Noel - Not Digital (Japan) (Disc 1)	NOeL : Not Digital	1996	Adventure/Simulation	Pioneer LDC	1
Noel 3 - Mission on the Line (Japan) (Disc 1)	NOeL 3 : Mission on the Line	1999	Adventure / Visual Novel/Adventure	Flight Plan	1
Noon (Japan)	Noon	1998	Puzzle	Micro Cabin	1-2
Norse by Norsewest - The Return of the Lost Vikings (USA)	Norse by Norsewest : The Return of the Lost Vikings	1997	Platform	Melbourne House	2
Not Treasure Hunter (Japan)	Not Treasure Hunter	1996	Adventure	Acti-Art	1
Notam of Wind (Japan, Asia)	Kaze no Notam : Notam of Wind	1997	Strategy/Simulation	Artdink	1-2
Note, The (Europe) (En,Fr,De,Es,It)	The Note	1997	Adventure	NK System	1
Novastorm (USA) (Disc 1)	Novastorm	1995	Shoot'em Up	Psygnosis	1
Novels - Game Center Arashi R (Japan)	Novels : Game Center Arashi R	1999	Adventure / Visual Novel/Adventure	Billiken Soft	1
Nuclear Strike (USA)	Nuclear Strike	1997	Shooter	Electronic Arts	1
Nukumori no Naka de - In the Warmth (Japan)	Nukumori no Naka de : In the Warmth	2001	Adventure	Zero System	1
NuPa - Numeric Paint Puzzle (Japan)	NuPa : Numeric Paint Puzzle	1996	Puzzle	Jupiter	1-2
Nurse Story (Japan)	Nurse Story	1999	Simulation/Adventure	Mainichi Communications	1
Nyan to Wonderful (Japan)	Nyan to Wonderful	1996	Simulation	Pandora Box	1
O.D.T. (USA)	O.D.T.	1998	Shooter/Adventure	Psygnosis	1
Oasis Road (Japan)	Oasis Road	1999	Role Playing Game	Idea Factory	1
Ocha no Ma Battle (Japan)	Ocha no Ma Battle	2000	Casual Game	Hori	1-2
Oda Nobunaga Den (Japan)	Oda Nobunaga Den	1999	Strategy/Role Playing Game	Koei	1
Oddworld - Abe's Exoddus (USA) (Disc 1)	Oddworld : Abe's Exoddus	1998	Adventure/Platform	Oddworld Inhabitants	1-2
Oddworld - Abe's Exoddus + Duke Nukem - Time to Kill + B-Movie (Europe) (Demo)	Oddworld : Abe's Exoddus	1998	Adventure/Platform	Oddworld Inhabitants	1-2
Oddworld - Abe's Exoddus + Duke Nukem - Time to Kill + Duke Nukem - 3D (France) (En,Fr)	Oddworld : Abe's Exoddus	1998	Adventure/Platform	Oddworld Inhabitants	1-2
Oddworld - Abe's Oddysee (USA)	Oddworld : Abe's Oddysee	1997	Platform	Oddworld Inhabitants	1-2
Oddworld - L'Exode d'Abe (France) (Disc 1)	Oddworld : Abe's Exoddus	1998	Adventure/Platform	Oddworld Inhabitants	1-2
Oddworld - L'Odyssee d'Abe (France)	Oddworld : Abe's Oddysee	1997	Platform	Oddworld Inhabitants	1-2
Odo Odo Oddity (Japan)	Odo Odo Oddity	1997	Shooter	IDC	1
Oehlins Hyper-Rally (Japan)	Ohlins Hyper-Rally	1996	Racing, Driving	Harvest One	1
Off-World Interceptor Extreme (USA)	Off-World Interceptor Extreme	1995	Racing, Driving	Crystal Dynamics	1-2
Official Yarudora Fan Book - Kisetsu o Dakishimete (Japan)	Yarudora Series Vol. 2 : Kisetsu o Dakishimete	1998	Adventure	Sugar & Rockets / Production I.G	1
Official Yarudora Fan Book - Sampaguita (Japan)	Yarudora Series Vol. 3 : Sampaguita	1998	Adventure	Sugar & Rockets / Production I.G	1
Ogre Battle - Limited Edition (USA)	Ogre Battle : The March of the Black Queen	1997	Role Playing Game/Strategy	Quest	1
Oh No! (Japan)	Oh No!	2000	Racing, Driving	Asmik	1-2
Oh! Bakyuuun (Japan)	Ghoul Panic	2000	Lightgun Shooter	Namco	1-2
Oh-chan no Oekaki Logic (Japan)	Ou-chan no Oekaki Logic	1995	Puzzle	Sunsoft	1
Oh-chan no Oekaki Logic 2 (Japan)	Ou-chan no Oekaki Logic 2	1996	Puzzle	Sunsoft	1-2
Oh-chan no Oekaki Logic 3 (Japan)	Ou-chan no Oekaki Logic 3	2001	Puzzle	Sunsoft	1
Oha Suta Dance Dance Revolution (Japan)	Oha-Studio Dance Dance Revolution	2000	Dancing/Music and Dancing	KCET	1-2
Oja Majo DoReMi Dokkan! Nijiiro ParaDice (Japan)	Oja Majo DoReMi Dokkan! Nijiiro ParaDice	2002	Casual Game	Bandai	1-4
Ojousama Express (Japan) (Disc 1)	Ojyousama Express	1998	Adventure/Simulation	Media Works	1
Okappari-ou (Japan)	Okappari-Oh	1998	Fishing/Hunting and Fishing	Spiel	1-2
Olympia, Takasago - Virtua Pachi-Slot III (Japan)	Olympia Takasago - Virtua Pachi-Slot III	1998	Casino	Map Japan	1-2
Olympia, Yamasa - Virtua Pachi-Slot II - Jissen! Bishoujo Kouryakuhou (Japan)	Olympia Yamasa : Virtua Pachi-Slot II, Jissen! Bishoujo Kouryaku Hou	1997	Casino	Map Japan	1-2
Olympic Games (Europe) (En,Fr,De,Es,It)	Olympic Summer Games : Atlanta 1996	1996	Sports / Multisports/Sports	Silicon Dreams	1-8
Olympic Soccer (USA)	Olympic Soccer : Atlanta 1996	1996	Sports / Football (Soccer)/Sports	Silicon Dreams	1-4
Olympic Summer Games (USA)	Olympic Summer Games : Atlanta 1996	1996	Sports / Multisports/Sports	Silicon Dreams	1-8
Omega Assault (Europe)	Omega Assault	2003	Lightgun Shooter/Shooter	NAPS Team	1
Omega Boost (USA)	Omega Boost	1999	Shooter	Polyphony Digital	1
Omiai Commando - Ba-Couple ni Tsukkomi o (Japan)	Omiai Commando : Ba-Couple ni Tsukkomi wo	2000	Simulation	Magical	1
Omise de Tenshu (Japan)	Omise de Tensyu	1999	Role Playing Game	Technosoft	1
Omizu no Hanamichi (Japan)	Omizu no Hanamichi	2000	Adventure/Simulation	Pony Canyon	1
One (USA)	One	1997	Shooter	Visual Concepts	1
One Piece Mansion (USA)	One Piece Mansion	2001	Puzzle/Strategy	Capcom	1
One Two Smash - Tanoshii Tennis (Japan)	One Two Smash : Tanoshii Tennis	2000	Sports / Tennis/Sports	HectorSoft	1-2
Ongaku Tkool - Kanadeeru 2 (Japan)	Ongaku Tkool : Kanadeeru 2	1998	Music and Dancing	ASCII	1
Ongaku Tkool 3 (Japan)	Ongaku Tkool 3	2001	Music and Dancing	Enterbrain	1
Oni Taiji!!, The - Mezase! Nidaime Momotarou (Japan)	The Oni Taiji : Mezase! 2-daime Momotarou	2002	Board game/Casual Game	O-Two	1-4
Onside Complete Soccer (Europe) (En,Fr,De,Es)	Onside Complete Soccer	1996	Sports / Football (Soccer)/Sports	Elite Systems	1-2
Ooedo Fuusui Ingaritsu - Hanabi 2 (Japan)	Ooedo Huusui Ingaritsu : Hanabi 2	2000	Board game	Magical Company	1-4
Ooumi Nobunaga Den - Geten II (Japan)	Taikai Nobunagaden : Ge Ten 2	1997	Strategy	Hokusho	1
Open Golf, The - History of Turnberry (Japan)	The Open Golf : History of Turnberry	1996	Sports / Golf/Sports	Banpre Kikaku	1-3
Option - Tuning Car Battle (Japan)	Option : Tuning Car Battle	1998	Racing, Driving	MTO Co	1
Option - Tuning Car Battle 2 (Japan)	Option : Tuning Car Battle 2	1999	Racing, Driving	Jaleco	1-2
Option - Tuning Car Battle Spec R (Japan)	Option : Tuning Car Battle Spec R	2000	Racing, Driving	CAPS	1-2
Oracle no Houseki - Jewels of the Oracle (Japan) (En,Ja,Fr,De)	Oracle no Houseki : Jewels of the Oracle	1996	Thinking/Puzzle	ELOI Productions	1
Ore no Ryouri (Japan)	Ore No Ryouri	1999	Simulation/Casual Game	Argent	1-2
Ore no Shikabane o Koete Yuke (Japan)	Ore no Shikabane wo Koete Yuke	2004	Role Playing Game/Simulation	Alfa System	1
Ore no Yotto - Ganbare! Nippon Challenge (Japan) (En,Ja)	Ore no Yotto : Ganbare! Nippon Challenge	1999	Racing, Driving	Graphic Research	1
Ore! Tomba (Japan)	Tomba!	1998	Adventure/Platform	Whoopee Camp	1
Oro e Gloria - La Strada per El Dorado (Italy)	Gold and Glory : The Road to El Dorado	2000	Adventure	Revolution Software	1
Oro y Gloria - La Ruta hacia El Dorado (Spain)	Gold and Glory : The Road to El Dorado	2000	Adventure	Revolution Software	1
Osaka Naniwa Matenrou (Japan)	Osaka Naniwa Matenrou	1999	Build And Management/Simulation	Ron Group	1
Oshigoto-shiki Jinsei Game - Mezase Shokugyou King (Japan)	Oshigoto-shiki Jinsei Game : Mezase Shokugyou King	2000	Board game	Takara	1-4
Otenki Kororin (Japan)	Otenki Kororin	2002	Puzzle	Takumi	1-2
Othello World II - Yume to Michi e no Chousen (Japan)	Othello World II : Yume to Michi e no Chousen	1995	Othello/Board game/Asiatic board game	Pre-Stage	1-2
Other Life Azure Dreams (Japan, Asia)	Azure Dreams	1998	Role Playing Game	KCET	1
Otogi Story - Tenshi no Shippo (Japan)	Otogi Story : Tenshi no Shippo	2003	Adventure	Bandai	1
Otona no Asobi (Japan)	Otona no Asobi	1999	Playing cards/Casino/Asiatic board game	Nichibutsu	1
Oujisama Lv1 (Japan)	Oujisama Lv1	2002	Role Playing Game	Kindle Imagine Develop	1
Oujisama Lv1.5 - Oujisama no Tamago (Japan)	Oujisama Lv1.5 : Oujisama no Tamago	2003	Puzzle	Alice Blue	1
Oukyuu no Hihou Tension (Japan)	Oukyuu no Hihou Tension	1996	Role Playing Game	Vap	1
Oumagatoki (Japan)	Oumagatoki	2001	Adventure	Break	1
Oumagatoki 2 (Japan)	Oumagatoki 2	2001	Adventure	Break	1
Our Graduation - Mahjong de Pon! Hanafuda de Koi! (Japan) (Disc 1) (Mahjong de Pon!)	Ma-Jyan de Pon! Hanahuda de Koi! Our Graduation	2000	Asiatic board game	Kindle Imagine Develop	1
Out Live - Be Eliminate Yesterday (Japan)	Out Live : Be Eliminate Yesterday	1997	Shooter / FPV/Shooter	Sunsoft	1
Over Drivin' DX (Japan)	Road & Track Presents : The Need for Speed	1996	Racing, Driving	EA Canada	1-2
Over Drivin' DX - Rally Edition (Japan)	Road & Track Presents : The Need for Speed	1996	Racing, Driving	EA Canada	1-2
Over Drivin' II (Japan)	Need for Speed II	1997	Racing, Driving	EA Canada	1-2
Over Drivin' III - Hot Pursuit (Japan)	Need for Speed III : Hot Pursuit	1998	Racing, Driving	EA Canada	1-2
Over Drivin' IV (Japan)	Need for Speed : High Stakes	1999	Racing, Driving	EA Canada	1-2
OverBlood (USA)	OverBlood	1997	Adventure	Riverhillsoft	1
OverBlood 2 (Europe) (Disc 1)	OverBlood 2	1999	Adventure	Riverhillsoft	1
Overboard! (Europe)	Shipwreckers!	1997	Adventure	Psygnosis	1-5
Oyaji no Jikan - Nee-chan Hanafuda de Shoubu ya! (Japan)	Oyaji no Jikan : Neechan Hanafuda de Shoubu Ya!	2000	Hanafuda/Asiatic board game/Playing cards	Visit	1
Oyaji no Jikan - Nee-chan Mahjong de Shoubu ya! (Japan)	Oyaji no Jikan : Nechan Mahjong de Shoubu Ya!	2001	Mahjong/Asiatic board game	Visit	1
Oyaji no Jikan - Nee-chan Tsuri Iku de! (Japan)	Oyaji no Jikan : Neechan Tsuri Iku De!	2000	Fishing/Hunting and Fishing	Visit	1
Oyako Entertainment Series - TV Kamishibai Vol. 1 (Japan)	Oyako Entertainment Series : TV Kamishibai Vol. 1	1999	Casual Game	Lucciola Computer Entertaiment	1
Oz no Mahoutsukai - Another World - Rung Rung (Japan)	Oz no Mahoutsukai : Another World, Rung Rung	2000	Adventure	Affect	1
Pac-Man World (USA) (Demo)	Pac-Man World	1999	Platform	Namco	1
Pac-Man World - 20th Anniversary (USA)	Pac-Man World	1999	Platform	Namco	1
Paca Paca Passion (Japan)	Paca Paca Passion	1999	Rhythm/Music and Dancing	Produce	1-2
Paca Paca Passion 2 (Japan)	Paca Paca Passion 2	2000	Music and Dancing	Produce!	1-2
Paca Paca Passion Special (Japan)	Paca Paca Passion Special	2002	Music and Dancing	Produce!	1-2
Pachi Pachi Saga (Japan)	Pachi Pachi Saga	1996	Role Playing Game/Casino	TEN Institute	1
Pachi Slot Teiou - Big Wave, Pika Gorou, BB Junky 7 (Japan)	Pachi Slot Teiou : Big Wave, Pika Gorou, Bb Junkie 7	1999	Casino	Bull's Eye	1
Pachi Slot Teiou W - Arabesque R, Hot Rod Queen (Japan)	Pachi Slot Teiou W : Arabesque R, Hot Rod Queen	2000	Casino	Media Entertainment	1
Pachi-Slot Aruze Oukoku (Japan)	Pachi-Slot Aruze Oukoku	1999	Casino	Aruze	1
Pachi-Slot Aruze Oukoku 2 (Japan)	Pachi-Slot Aruze Oukoku 2	2002	Casino	Aruze	1
Pachi-Slot Aruze Oukoku 3 (Japan)	Pachi-Slot Aruze Oukoku 3	2000	Casino	Aruze	1
Pachi-Slot Aruze Oukoku 4 (Japan)	Pachi-Slot Aruze Oukoku 4 Deluxe Pack	2002	Casino	Aruze	1
Pachi-Slot Aruze Oukoku 5 (Japan)	Pachi-Slot Aruze Oukoku 5	2001	Casino	Aruze	1
Pachi-Slot Aruze Oukoku 7 (Japan) (Disc 2) (4th Reel Disc)	Pachi-Slot Aruze Oukoku 7	2002	Casino / Slot machine/Casino	Aruze	1
Pachi-Slot Kanzen Kaiseki - Wai Wai Pulsar 2 & 77 2 (Japan)	Pachi-Slot Kanzen Kaiseki : Wai Wai Pulsar & 77	1998	Casino	Human Entertainment	1
Pachi-Slot Kanzen Kouryaku - Aruze Koushiki Guide Volume 4 (Japan)	Pachi-Slot Kanzen Kouryaku : Aruze Koushiki Guide Volume 4	2000	Casino	Aruze	1
Pachi-Slot Kanzen Kouryaku - Cranky Pro (Japan)	Pachi-Slot Kanzen Kouryaku : Cranky Pro	1997	Casino	Syscom Entertainment	1
Pachi-Slot Kanzen Kouryaku - Takasago Super Project (Japan)	Pachi-Slot Kanzen Kouryaku : Takasago Super Project	2001	Casino	Syscom	1
Pachi-Slot Kanzen Kouryaku - Takasago Super Project 2 (Japan)	Pachi-Slot Kanzen Kouryaku : Takasago Super Project 2	2001	Casino	Syscom	1
Pachi-Slot Kanzen Kouryaku - Universal Koushiki Guide Volume 1 (Japan)	Pachi-slot Kanzen Kouryaku : Universal Koushiki Guide Vol. 1	1997	Casino	Syscom Entertainment	1
Pachi-Slot Kanzen Kouryaku - Universal Koushiki Guide Volume 2 (Japan)	Pachi-slot Kanzen Kouryaku : Universal Koushiki Guide Volume 2	1997	Casino	Syscom Entertainment	1
Pachi-Slot Kanzen Kouryaku - Universal Koushiki Guide Volume 3 (Japan)	Pachi-slot Kanzen Kouryaku : Universal Koushiki Guide Volume 3	1998	Casino	Syscom Entertainment	1
Pachi-Slot Master - Sammy SP (Japan)	Pachi-Slot Master : Sammy SP	1999	Casino	Sammy Entertainment	1
Pachi-Slot Teiou - Battle Knight, Atlantis Doom (Japan)	Pachi-Slot Teiou : Battle Knight, Atlantis Doom	2000	Casino	Media Entertainment	1
Pachi-Slot Teiou - Beat the Dragon 2 (Japan)	Pachi-Slot Teiou - Maker Suishou Manual 1 - Beat the Dragon 2	2000	Casino	Media Entertainment	1
Pachi-Slot Teiou - Bunny Girl SP (Japan)	Pachi-slot Teiou : Bunny Girl Sp	2001	Casino	Media Entertainment	1
Pachi-Slot Teiou - Dateline Pegasus (Japan)	Pachi-Slot Teiou : Dateline Pegasus	2002	Casino	Media Entertainment	1
Pachi-Slot Teiou - Golgo 13, Las Vegas (Japan)	Pachi-Slot Teiou : Golgo 13, Las Vegas	2002	Casino	Olympia / Heiwa	1
Pachi-Slot Teiou - Maker Suishou Manual Vol. 2 - Ice Story (Japan)	Pachi-Slot Teiou Maker Suishou Manual 2 : Ice Story	2001	Casino / Slot machine/Casino	Olympia	1
Pachi-Slot Teiou - Maker Suishou Manual Vol. 3 - I'm Angel - White 2 & Blue 2 (Japan)	Pachi-Slot Teiou Maker Suishou Manual 3 : I'm Angel, White 2 & Blue 2	2001	Casino	Media Entertainment	1
Pachi-Slot Teiou - Maker Suishou Manual Vol. 4 - Exhaust, Ooedo Sakura Fubuki 2 (Japan)	Pachi-Slot Teiou : Maker Suishou Manual 4, Exhaust, Ooedo Sakura Fubuki 2	2001	Casino	Media Entertainment	1
Pachi-Slot Teiou - Maker Suishou Manual Vol. 5 - Race Queen 2, Tomcat (Japan)	Pachi-slot Teiou : Maker Suishou Manual 5 - Race Queen 2, Tomcat	2001	Casino	Media Entertainment	1
Pachi-Slot Teiou - Maker Suishou Manual Vol. 6 - Takarabune (Japan)	Pachi-slot Teiou - Maker Suishou Manual 6 - Takarabune	2001	Casino	Media Entertainment	1
Pachi-Slot Teiou - Maker Suishou Manual Vol. 7 - Trick Monster 2 (Japan)	Pachi-Slot Teiou: Maker Suishou Manual 7 : Trick Monster 2	2002	Casino	Olympia	1
Pachi-Slot Teiou - Naniwa Sakura Fubuki (Japan)	Pachi-Slot Teiou : Naniwaou Sakura Fubuki	2002	Casino	Media Entertainment	1
Pachi-Slot Teiou - Shimauta-30, Twist, Nangoku Monogatari-30 (Japan)	Pachi-Slot Teiou : Shimauta-30, Twist, Nangoku Monogatari-30	2002	Casino	Media Entertainment	1
Pachi-Slot Teiou - Yamasa Remix (Japan)	Pachi-slot Teiou : Yamasa Remix	2000	Casino	Media Entertainment	1
Pachi-Slot Teiou 2 - Kagetsu, Two Pair, Beaver X (Japan)	Pachi-Slot Teiou 2 : Kagetsu Two Pair Beaver X	1999	Casino	Mecko	1
Pachi-Slot Teiou 3 - Sea Master X, Epsilon R, Wai Wai Pulsar 2 (Japan)	Pachi-Slot Teiou 3 : Sea Master X, Epsilon R, Wai Wai Pulsar 2	1999	Casino / Slot machine/Casino	Media Entertainment	1
Pachi-Slot Teiou 4 - Oicho Kaba X, Magical Pops, LequiO-30 (Japan)	Pachi-Slot Teiou 4 : Oicho Kaba X Magical Pops Lequio-30	2000	Casino	Media Entertainment	1
Pachi-Slot Teiou 5 - Kongdom, Super Star Dust 2, Flying Momonga (Japan)	Pachi-Slot Teiou 5 : Kongdom, Super Star Dust 2, Flying Momonga	2000	Casino	Media Entertainment	1
Pachi-Slot Teiou 6 - Kung-Fu Lady, BangBang, Prelude 2 (Japan)	Pachi-Slot Teiou 6 : Kung-Fu Lady, BangBang, Prelude 2	2000	Casino	Media Entertainment	1
Pachi-Slot Teiou 7 - Maker Suishou Manual Vol. 1 - Beat the Dragon 2, Lupin Sansei, Hot Rod Queen (Japan)	Pachi-Slot Teiou 7 : Maker Suishou Manual 1, Beat the Dragon 2, Lupin Sansei, Hot Rod Queen	2000	Casino	Media Entertainment	1
Pachi-Slot Teiou Mini - Dr. A7 (Japan)	Pachi-Slot Teiou Mini : Dr. A7	1999	Casino	Bull's Eye	1
Pachinko Dream (Japan)	Pachinko Dream	1996	Casino	Konami	1
Pachinko Hall - Shinsou Daikaiten (Japan)	Pachinko Hall : Shinsou Daikaiten	1998	Build And Management/Casino / Slot machine/Casino/Simulation	Nexton	1
Pachinko Teiou - CR Sore Ute Hama-chan 2 & CR Sore Yuke Matchan S (Japan)	Pachinko Teiou : CR Sore Ute Hama-chan 2 & CR Sore Yuke Matchan S	2001	Casino	Media Entertainment	1
Pachio-kun - Pachinko Land Daibouken (Japan)	Pachio-kun : Pachinko Land Adventure	1995	Casino	Marionette	1
Pachitte Chonmage - Ouendan & C. C. Girls (Japan)	Pachitte Chonmage : Ouendan & C. C. Girls	1999	Casino	Hack Berry	1
Pachitte Chonmage 2 - Kyoraku Kounin Tanukichi 2000 & Jungle P (Japan)	Pachitte Chonmage 2 : Kyoraku Kounin Tanukichi 2000 & Jungle P	2000	Casino	Hack Berry	1
Pachitte Chonmage 3 - Kyoraku Kounin Gladiator & Tama-chan (Japan)	Pachitte Chonmage 3 : Kyoraku Kounin Gladiator & Tama-chan	2002	Casino	Hack Berry	1
Pajama Sam - You Are What You Eat from Your Head to Your Feet (USA)	Pajama Sam : You Are What You Eat from Your Head to Your Feet	2001	Adventure	Infogrames	1
Pal - Shinken Densetsu (Japan)	Pal : Shinken Densetsu	1998	Role Playing Game	Fill in Café	1
Palm Town (Japan)	Palm Town	2002	Board game	Mainichi Communications	1-4
Pandemonium 2 (USA)	Pandemonium 2	1997	Platform	BMG Interactive	1
Pandemonium! (USA)	Pandemonium!	1996	Platform	Toys For Bob	1
Pandora Max Series Vol. 1 - Dragon Knights Glorious (Japan)	Pandora Max Series Vol. 1 : Dragon Knights Glorious	1999	Role Playing Game	Pandora Box	1
Pandora Max Series Vol. 2 - Shisha no Yobu Yakata (Japan)	Pandora Max Series Vol. 2 : Shisha No Yobu Yakata	2000	Adventure	Pandora Box	1
Pandora Max Series Vol. 3 - Rubbish Blazon (Japan)	Pandora Max Series Vol. 3 : Rubbish Blazon	2000	Role Playing Game	Pandora Box	1
Pandora Max Series Vol. 4 - Catch! Kimochi Sensation (Japan)	Pandora Max Series Vol. 4 : Catch! Kimochi Sensation	2000	Adventure/Casual Game	Pandora Box	1
Pandora Max Series Vol. 5 - Gochachiru (Japan)	Pandora Max Series Vol. 5 : Gochachiru	2000	Adventure/Casual Game	Pandora Box	1
Pandora Max Series Vol. 6 - Oni Zero - Fukkatsu (Japan)	Pandora Max Series Vol. 6 : Oni Zero, Fukkatsu	2001	Role Playing Game	Pandora Box	1
Pandora Project - The Logic Master (Japan)	Pandora Project : The Logic Master	1996	Simulation/Strategy	Team Bughouse	1-2
Panekit - Infinitive Crafting Toy Case (Japan)	Panekit : Infinitive Crafting Toy Case	1999	Simulation	Sony Computer Entertainment	1-2
Panel Quiz Attack 25 (Japan)	Panel Quiz Attack 25	1997	Quiz	Fujitsu	1-2
Panzer Bandit (Japan)	Panzer Bandit	1997	Beat'em Up	Fill in Café	1-4
Panzer Front (USA)	Panzer Front	2001	Shooter	Shangri-La	1
Panzer Front bis. (Japan)	Panzer Front Bis.	2001	Racing, Driving/Shooter/Simulation	Enterbrain	1
Panzer General (USA)	Panzer General	1996	Strategy	Strategic Simulations	1
Pao Leeming Kanshuu - Fuusui Nyuumon (Japan)	Pao Leeming Kanshuu : Fuusui Nyuumon	2001	Simulation	Success	1
PAQA (Japan)	PAQA	1999	Simulation	3 Spirits	1
Paradise Casino (Europe)	Paradise Casino	2003	Casino	DigiCube	1
Paranoia Scape (Japan)	Paranoia Scape	1998	Pinball	Jorudan	1
PaRappa the Rapper (USA) (En,Fr,De,Es,It)	PaRappa the Rapper	1997	Rhythm/Music and Dancing	Nanaon-Sha	1
PaRappa the Rapper - The Hip Hop Hero (Europe) (En,Fr,De,Es,It)	PaRappa the Rapper	1997	Rhythm/Music and Dancing	Nanaon-Sha	1
Parasite Eve (USA) (Disc 1)	Parasite Eve	1998	Adventure / Survival Horror/Adventure	Squaresoft	1
Parasite Eve - Special CD-ROM (Japan)	Parasite Eve	1998	Adventure / Survival Horror/Adventure	Squaresoft	1
Parasite Eve II (USA, Canada) (Disc 1)	Parasite Eve II	2000	Adventure / Survival Horror/Adventure	Squaresoft	1
Paris-Marseille Racing (France)	Paris-marseille Racing	2000	Racing, Driving	Davilex	1
Paris-Marseille Racing II (France)	Paris-marseille Racing 2	2002	Racing, Driving	Davilex	1
Parlor Station (Japan)	Parlor Station	1998	Strategy	Art	1
Parlor! Pro (Japan)	Parlor! Pro	1999	Casino	Telenet	1
Parlor! Pro 2 (Japan)	Parlor! Pro 2	1999	Casino	Telenet	1
Parlor! Pro 3 (Japan)	Parlor! Pro 3	1998	Casino	Telenet	1
Parlor! Pro 4 (Japan)	Parlor! Pro 4	1999	Casino	Telenet	1
Parlor! Pro 5 (Japan)	Parlor! Pro 5	1999	Casino	Telenet	1
Parlor! Pro 6 (Japan)	Parlor! Pro 6	1999	Casino	Telenet	1
Parlor! Pro 7 (Japan)	Parlor! Pro 7	1999	Casino	Telenet	1
Parlor! Pro 8 (Japan)	Parlor! Pro 8	1999	Casino	Telenet	1
Parlor! Pro Collection (Japan)	Parlor! Pro Collection	2000	Casino	Nippon Telenet	1
Parlor! Pro Jr. Collection (Japan)	Parlor! Pro Jr. Collection	2000	Casino	Telenet	1
Parlor! Pro Jr. Vol. 1 - CR Dera Maitta J-3 (Japan)	Parlor! Pro Jr. Vol. 1 : CR Dera Maitta J-3	1999	Casino	Telenet	1
Parlor! Pro Jr. Vol. 2 - CR Lupin Sansei K (Japan)	Parlor! Pro Jr. Vol. 2 : CR Lupin Sansei K	1999	Casino	Telenet	1
Parlor! Pro Jr. Vol. 3 - CR Shin Pikaichi Tengoku T (Japan)	Parlor! Pro Jr. Vol. 3 : CR Shin Pikaichi Tengoku T	1999	Casino	Telenet	1
Parlor! Pro Jr. Vol. 4 - Thunder Skeleton X (Japan)	Parlor! Pro Jr. Vol. 4 : Thunder Skeleton X	1999	Casino	Telenet	1
Parlor! Pro Jr. Vol. 5 - CR Fruit World X (Japan)	Parlor! Pro Jr. Vol. 5 : CR Fruit World X	2000	Casino	Telenet	1
Parlor! Pro Jr. Vol. 6 - CR Tsumo Tsumo Tengoku Nan 2-kyoku (Japan)	Parlor! Pro Jr. Vol. 6 : CR Tsumo Tsumo Tengoku Nan 2-kyoku	2000	Casino	Telenet	1
Parlor! Pro Special - CR Harenchi Gakuen & CR Toukon (Japan)	Parlor! Pro Special : CR Harenchi Gakuen & CR Toukon	2000	Casino	Telenet	1
Paro Wars (Japan)	Paro Wars	1997	Role Playing Game/Strategy	KCET	1-4
Parodius (Europe)	Parodius	1996	Shoot'em Up / Horizontal/Shoot'em Up	Konami	1-2
Pastel Muses (Japan)	Pastel Muses	1997	Puzzle	Soft Office	1-2
Patlabor - The Game - Taikenban Ver. 1.0 (Japan)	Mobile Police Patlabor : Game Edition	2000	Shooter	HEADGEAR	1
Patriotic Pinball (USA)	Patriotic Pinball	2003	Pinball	Wildfire Studios	1-4
Pax Corpus (Europe) (En,Fr,De)	Pax Corpus	1997	Shooter / TPV/Shooter	Cryo Interactive	1
PD Ultraman Invader (Japan)	PD Ultraman Invader	1995	Shooter	Lay-Up	1-2
Peak Performance (USA)	Peak Performance	1997	Racing, Driving	Cave	1-2
Pebble Beach no Hatou Plus (Japan)	Pebble Beach no Hatou Plus	1996	Sports / Golf/Sports	T&E Soft	1-4
Penny Racers (Europe)	Penny Racers	1996	Racing, Driving	Tamsoft	1-2
Pepsiman (Japan)	Pepsiman	1999		Kindle Imagine Develop	1
Pequenos Guerreros (Spain)	Small Soldiers	1998	Shooter	DreamWorks	1-2
Perfect Assassin (Europe) (En,Fr,De,Es,It)	Perfect Assassin	1998	Adventure	Synthetic Dimensions	1
Perfect Fishing - Bass Tsuri (Japan)	Perfect Fishing : Bass Tsuri	2000	Fishing/Hunting and Fishing	SETA	1
Perfect Fishing - Isozuri (Japan)	Perfect Fishing : Isozuri	2000	Fishing/Hunting and Fishing	SETA	1
Perfect Golf 2 (Japan)	Perfect Golf 2	1998	Sports / Golf/Sports	Nasa	1-4
Perfect Golf, The (Japan)	Tecmo World Golf	1996	Sports / Golf/Sports	SETA	1-4
Perfect Performer - The Yellow Monkey (Japan)	Perfect Performer : The Yellow Monkey	1999	Music and Dancing	Fun House	1-2
Perfect Weapon (USA)	Perfect Weapon	1996	Beat'em Up	Grey Matter	1
Persona (USA)	Persona	1996	Role Playing Game	Atlus	1
Persona 2 - Batsu - Eternal Punishment (Japan) (Disc 1)	Persona 2 : Eternal Punishment	2000	Role Playing Game	Atlus	1
Persona 2 - Eternal Punishment (USA)	Persona 2 : Eternal Punishment	2000	Role Playing Game	Atlus	1
Persona 2 - Tsumi - Innocent Sin (Japan)	Persona 2 : Tsumi	1999	Role Playing Game	Atlus	1
Pet in TV (Europe)	Pet in TV	1998	Adventure	Sugar & Rockets	1
Pet in TV - With My Dear Dog (Japan)	Pet in TV : With My Dear Dog	1999	Simulation	Sugar & Rockets	1
Pet Pet Pet (Japan)	Pet Pet Pet	1999	Simulation	Mahou	1
Peter Jacobsen's Golden Tee Golf (USA)	Peter Jacobsen's Golden Tee Golf	2000	Sports / Golf/Sports	Incredible Technologies	1-4
Peter Pan in Disney's Return to Never Land (USA)	Peter Pan in Disney's Return to Never Land	2002	Platform	Sony Computer Entertainment	1
Petit Dinosaure, Le - Retour vers la Grande Vallee (France)	The Land Before Time : Return to the Great Valley	2000	Platform/Racing, Driving	Realtime Associates	1-2
PGA European Tour Golf (Europe) (En,De)	PGA European Tour Golf	1999	Sports / Golf/Sports	Infogrames	1-2
PGA Tour 96 (USA)	PGA Tour 96	1996	Sports / Golf/Sports	Hitmen Productions	1-4
PGA Tour 97 (USA)	PGA Tour 97	1996	Sports / Golf/Sports	Hitmen Productions	1-4
PGA Tour 98 (USA)	PGA Tour 98	1997	Sports / Golf/Sports	NuFX	1-4
Phat Air - Extreme Snowboarding (Europe)	Freestyle Boardin' '99	1999	Sports / Skiing/Sports	Atelier Double	1-2
Philosoma (USA)	Philosoma	1996	Shoot'em Up	G Artist	1
Philosoma Art Book Movie CD-ROM (Japan)	Philosoma	1996	Shoot'em Up	G Artist	1
Philosoma Ver. 0 - Movie CD-ROM (Japan)	Philosoma	1996	Shoot'em Up	G Artist	1
Phix - The Adventure (USA)	Phix : The Adventure	2003	Platform	Affect	1
Photo Genic (Japan)	Photo Genic	1997	Simulation / Life/Simulation	Zero System	1
Pierrafeu, Les - Bedrock Bowling (France)	The Flintstones : Bedrock Bowling	2000	Racing, Driving	Adrenalin Interactive	1-4
Pikiinya! Excellent (Japan)	Pikiinya! Excellent	1998	Puzzle	ASCII	1-2
Pikupiku Sentaro - Puzzle de Gohan! (Japan)	Pikupiku Sentaro : Puzzle de Gohan!	1999	Puzzle	Kodansha	1-4
Pilot ni Narou! (Japan)	Wing Over 2	2002	Shooter	Beluga	1
Pinball Fantasies Deluxe (Japan)	Pinball Fantasies Deluxe	1996	Pinball	Digital Illusions	1-8
Pinball Power (Europe)	Pinball Power	2000	Pinball	Success	1
Pink Panther - Pinkadelic Pursuit (USA)	Pink Panther : Pinkadelic Pursuit	2003	Platform	Etranges Libellules	1
Pinobee (USA)	Pinobee	2003	Platform	Artoon	1
Pinobee no Daibouken (Japan)	Pinobee	2003	Platform	Artoon	1
Pinocchia no Miru Yume (Japan)	Pinocchia no Miru Yume	1999	Simulation	Takara	1
Pipe Dreams 3D (USA)	Pipe Dreams 3D	2001	Puzzle/Platform	Sick Puppies	1
Pipe Mania 3D (Europe) (En,Fr,De,Es,It)	Pipe Dreams 3D	2001	Puzzle/Platform	Sick Puppies	1
Pitball (USA)	Pitball	1996	Sports	Time Warner Interactive	1-4
Pitfall 3D - Beyond the Jungle (USA)	Pitfall 3D : Beyond the Jungle	1998	Platform	Activision	1
Pixygarden (Japan) (Disc 1) (Game Disc)	Pixygarden	1999	Simulation	Escot	1
Planet Dob (Japan)	Planet Dob	1999	Adventure/Casual Game/Puzzle	MiCROViSion	1
Planet Laika (Japan)	Planet Laika	1999	Adventure/Role Playing Game	Quintet	1
Planet of the Apes (USA)	Planet of the Apes	2002	Adventure	Visiware	1
Play de Oboeru Chuugaku Eitango Deruderu 1200 (Japan)	Play De Oboeru Chuugaku Eitango Deruderu 1200	2000	Quiz/Educational	Graphic Research	1-2
Play de Oboeru Eijukugo Deruderu 750 (Japan)	Play De Oboeru Eijukugo Deruderu 750	2000	Educational	Graphic Research	1-2
Play de Oboeru Eitango Deruderu 1700 - Center Shiken Level Taiou (Japan)	Play De Oboeru Eitango Deruderu 1700 - Center Shiken Level Taiou	1999	Quiz/Educational	Graphic Research	1-2
Play de Oboeru Series - Nihonshi Keyword Deruderu 1800 (Japan)	Play de Oboeru Series Nihonshi Quiz Deruderu 1800	2000	Quiz/Educational	Graphic Research	1-2
Play de Oboeru Series - Sekaishi Keyword Deruderu 1800 (Japan)	Play de Oboeru Series Sekaishi Quiz Deruderu 1800	2000	Quiz/Educational	Graphic Research	1-2
Play de Oboeru Series 6 - Play de Oboeru Kanji Kentei Deruderu 1100 (Japan)	Play De Oboeru Series 6 : Play De Oboeru Kanji Kentei Deruderu 1100	2000	Educational	Graphic Research	1-2
Play de Oboeru Series 7 - Play de Oboeru TOEIC Test - Goku Deruderu 1700 (Japan)	Play De Oboeru Series 7 : Play De Oboeru Toeic Test - Goku Deruderu 1700	2001	Educational	Graphic Research	1
Play with the Teletubbies (USA)	Play with the Teletubbies	2000	Casual Game/Educational	Hachette Multimedia	1
Player Manager (Europe) (En,Fr,De,Es,It,Sv,No)	Player Manager	1997	Simulation	Anco	1-2
Player Manager - Epoca 98-99 (Portugal)	Player Manager Ninety Nine	1999	Simulation/Sports	Anco	1
Player Manager 2000 (Europe)	Player Manager 2000	2000	Sports / Football (Soccer)/Simulation/Sports	Ubisoft	1
Player Manager Ninety Nine (Europe)	Player Manager Ninety Nine	1999	Simulation/Sports	Anco	1
Player Manager Novanta Nove (Italy)	Player Manager Ninety Nine	1999	Simulation/Sports	Anco	1
PlayStadium (Japan)	PlayStadium	1996	Sports / Baseball/Sports	Banpresto	1-2
PlayStadium 2 (Japan)	PlayStadium 2	1997	Sports / Baseball/Sports	Banpresto	1-2
PlayStadium 3 (Japan)	PlayStadium 3	1998	Sports / Baseball/Sports	Banpresto	1-2
PlayStadium 4 - Fumetsu no Dai League Ball (Japan)	PlayStadium 4 : Fumetsu no Dai League Ball	1999	Sports / Baseball/Sports	Banpresto	1-2
PlayStation Comic - 2999-nen no Game Kids (Japan)	Playstation Comic : 2999-nen No Game Kids	1999	Adventure	Sony Computer Entertainment	1
PlayStation Comic - Carol the DarkAngel (Japan)	Carol the Dark Angel [Playstation Comic vol.2]	1998	Adventure	Syufo Hitahashi	1
Plue no Daibouken from Groove Adventure Rave (Japan)	Plue No Daibouken From Groove Adventure Rave	2002	Platform	Konami	1
PO'ed (USA)	PO'ed	1996	Shooter / FPV/Shooter	Any Channel	1-2
Pocke-Kano - Aida Yumi (Japan)	Pocke-Kano : Aida Yumi	1999	Simulation/Casual Game	Success	1
Pocke-Kano - Houjouin Shizuka (Japan)	Pocke-Kano : Hojoin Shizuka	1999	Casual Game	Success	1
Pocke-Kano - Ueno Fumio (Japan)	Pocke-Kano : Ueno Fumio	1999	Casual Game	Success	1
Pocket DigimonWorld (Japan)	Pocket DigimonWorld	2000	Role Playing Game	Bandai	1-2
Pocket DigimonWorld - Cool & Nature Battle Disc (Japan)	Pocket DigimonWorld : Cool & Nature Battle Disc	2001	Role Playing Game	Bandai	1-2
Pocket DigimonWorld - Wind Battle Disc (Japan)	Pocket DigimonWorld : Wind Battle Disc	2000	Role Playing Game	Bandai	1-2
Pocket Dungeon (Japan)	Pocket Dungeon	1999	Role Playing Game	Arc Entertainment	1
Pocket Family - Happy Family Plan (Japan)	Pocket Family : Happy Family Plan	1998	Simulation	Hudson Soft	1
Pocket Fighter (USA)	Pocket Fighter	1998	Fighting	Capcom	1-2
Pocket Jiman (Japan)	Pocket Jiman	2000	Educational/Casual Game	Sugar & Rockets	1
Pocket MuuMuu (Japan)	Pocket MuuMuu	1999	Casual Game	Exact	1
Pocket Tuner (Japan)	Pocket Tuner	1999	Casual Game/Quiz	Riverhillsoft	1
Point Blank (USA)	Point Blank	1998	Lightgun Shooter	TOSE	1-8
Point Blank 2 (USA)	Point Blank 2	1999	Lightgun Shooter	TOSE	1-8
Point Blank 3 (USA)	Point Blank 3	2001	Lightgun Shooter	TOSE	1-8
Poitter's Point (Japan)	Poy Poy	1997		Konami	1-4
Poitter's Point 2 - Sodom no Inbou (Japan, Asia)	Poy Poy 2	1999	Casual Game	Konami	1-2
Polaris SnoCross (USA)	Polaris SnoCross	2000	Racing, Driving	Vicarious Vision	1-4
Policenauts (Japan) (Disc 1)	Policenauts	1996	Adventure / Point and Click/Adventure	Konami	1
Pong (Europe) (En,Fr,De,Es,It,Nl)	Pong : The Next Level	1999		Supersonic Software	1-2
Pong - The Next Level (USA)	Pong : The Next Level	1999		Supersonic Software	1-2
Pooh-san no Minna de Mori no Daikyousou! (Japan)	Disney's Pooh's Party Game : In Search of the Treasure	2001	Casual Game	Doki Denki	1-4
Pool Academy (Europe) (En,Fr,De)	Pool Academy	2000	Sports / Pool/Simulation/Sports	ASK Kodansha	1-8
Pool Hustler (USA)	Pool Hustler	1999	Sports / Pool/Sports	ASK Kodansha	1-2
Pool Shark (Europe)	Ultimate 8 Ball	1999	Sports / Pool/Sports	Infogrames	1-16
Pop de Cute na Shinri Test - Alabama (Japan)	Pop de Cute na Shinri Test : Alabama	2000	Casual Game/Quiz	Toyota Motor Corporaition	1
Pop n' Pop (Europe)	Pop n' Pop	1998	Puzzle	Taito	2
Pop'n Music (Japan)	Pop'n Music	1999	Music and Dancing	KCE Yokohama	1-2
Pop'n Music - Animation Melody (Japan)	Pop'n Music : Animation Melody	2000	Music and Dancing	KCE	1-2
Pop'n Music - Disney Tunes (Japan)	Pop'n Music : Disney Tunes	2000	Music and Dancing	Konami	1-2
Pop'n Music 2 (Japan)	Pop'n Music 2	1999	Music and Dancing	Konami	1-2
Pop'n Music 3 - Append Disc (Japan)	Pop'n Music 3 : Append Disc	2000	Music and Dancing	Konami	1-2
Pop'n Music 4 - Append Disc (Japan)	Pop'n Music 4 : Append Disc	2000	Music and Dancing	Konami	1-2
Pop'n Music 5 (Japan)	Pop'n Music 5	2001	Music and Dancing	Konami	1-2
Pop'n Music 6 (Japan)	Pop'n Music 6	2002	Music and Dancing	Konami	1-2
Pop'n Pop (Japan, Asia)	Pop n' Pop	1998	Puzzle	Taito	2
Pop'n Tanks! (Japan)	Pop'n Tanks!	1999	Shooter	Symbio / Roman-Tech	1-2
PoPoLoCrois Monogatari (Japan)	PoPoLoCrois Monogatari	1996	Role Playing Game	Sony Computer Entertainment	1
PoPoLoCrois Monogatari II (Japan, Asia) (Disc 1)	PoPoLoCrois Monogatari II	2000	Role Playing Game	G-Artists	1
PoPoLoCrois Monogatari Official Fan Book - PoPoRoGue no Daizukan - Chotto Ureshii CD-ROM Data-shuu (Japan)	PoPoLoCrois Monogatari	1996	Role Playing Game	Sony Computer Entertainment	1
PoPoRoGue (Japan)	PoPoRoGue	2001	Role Playing Game	Sony Computer Entertainment	1
Popstar Maker (Europe)	Popstar Maker	2001	Strategy/Simulation/Music and Dancing	Eidos Interactive	1
Populous - The Beginning (USA)	Populous : The Beginning	1999	Strategy	Bullfrog	1
Porsche Challenge (USA) (En,Fr,Es)	Porsche Challenge	1997	Racing, Driving	Team Soho	1-2
Posit (Japan)	Pojitto	1996	Puzzle	Play Avenue	1-2
Potestas (Japan)	Potestas	1996	Simulation/Strategy	Video Champ	1-4
Pour l'Or et la Gloire - La Route d'Eldorado (France)	Gold and Glory : The Road to El Dorado	2000	Adventure	Revolution Software	1
Power Diggerz (Europe) (En,Fr,De)	Power Shovel	2001	Simulation	Taito	1-2
Power DoLLS 2 (Japan)	Power Dolls 2 : Detachment of Limited Line Service	2001	Role Playing Game/Strategy	Kogado Software Products	1
Power League (Japan)	Power League	1998	Sports / Baseball/Sports	Hudson Soft	1-2
Power Move Pro Wrestling (USA)	Power Move Pro Wrestling	1996	Sports / Wrestling/Sports / Fighting/Fighting/Sports	Future Amusement	1-2
Power Play - Sports Trivia (USA)	Power Play : Sports Trivia	2002	Quiz	Starsphere Interactive	1-2
Power Rangers - La Force du Temps (France)	Power Rangers : Time Force	2001	Platform	Climax	1-2
Power Rangers Pinball (Japan)	Saban's Power Rangers Zeo : Full Tilt Battle Pinball	1996	Pinball	KAZe	1
Power Serve (Europe) (En,Fr,De)	Power Serve 3D Tennis	1995	Sports / Tennis/Sports	SPS	1-2
Power Serve 3D Tennis (USA)	Power Serve 3D Tennis	1995	Sports / Tennis/Sports	SPS	1-2
Power Shovel (USA)	Power Shovel	2001	Simulation	Taito	1-2
Power Shovel ni Norou!! (Japan)	Power Shovel	2001	Simulation	Taito	1-2
Power Spike - Pro Beach Volleyball (USA)	Power Spike : Pro Beach Volleyball	2000	Sports / Volleyball/Sports	Carapace	2
Power Stakes (Japan)	Power Stakes	1997	Horse racing/Simulation/Sports with animals	TOSE	1
Power Stakes 2 (Japan)	Power Stakes 2	1998	Horse racing/Sports with animals	TOSE	1
Power Stakes Grade 1 (Japan)	Power Stakes Grade 1	1997	Horse racing/Sports/Sports with animals	TOSE	1
Powerpuff Girls, The - Chemical X-Traction (USA) (En,Es)	The Powerpuff Girls : Chemical X-Traction	2001	Fighting	Bam Entertainment	1-2
Powerslave (USA)	Powerslave	1997	Shooter / FPV/Shooter	Lobotomy Software	1-2
Poy Poy (USA)	Poy Poy	1997		Konami	1-4
Poy Poy 2 (Europe)	Poy Poy 2	1999	Casual Game	Konami	1-2
Premier Manager 2000 (Europe)	Premier Manager 2000	2000	Sports / Football (Soccer)/Simulation/Sports	Infogrames	1
Premier Manager 98 (Europe)	Premier Manager 98	1998	Sports / Football (Soccer)/Strategy/Simulation/Sports	Gremlin Interactive	1-4
Premier Manager Ninety Nine (Europe)	Premier Manager Ninety Nine	1999	Sports / Football (Soccer)/Simulation/Strategy/Sports	Gremlin Interactive	1-4
Premier Manager Novanta Nove (Italy)	Premier Manager Ninety Nine	1999	Sports / Football (Soccer)/Simulation/Strategy/Sports	Gremlin Interactive	1-4
Primal Rage (USA)	Primal Rage	1995	Fighting	Time Warner Interactive	1-2
Primera Division Stars (Spain)	The F.A. Premier League Stars	1999	Sports / Football (Soccer)/Sports	EA Sports	1-2
Prince Naseem Boxing (Europe) (En,Fr,De,Es,It)	Prince Naseem Boxing	2000	Sports / Boxing/Sports	Codemasters	1-8
Princess Maker - Go! Go! Princess (Japan)	Princess Maker : Go! Go! Princess	1999	Board game	Nine Lives	1-4
Princess Maker - Pocket Daisakusen (Japan)	Princess Maker : Pocket Daisakusen	1998	Puzzle	Nine Lives	1-2
Princess Maker - Yumemiru Yousei (Japan, Asia)	Princess Maker : Yumemiru Yousei	1997	Simulation / Life/Simulation	Nine Lives	1
Prism Court (Japan)	Prism Court	1998	Simulation/Adventure	FPS (Fujitsu Pasokon Systems)	1
Prism Land (Japan)	Sorcerer's Maze	2003	Action/Action / Breakout games	XS Games	2
Prism Land Story (Europe)	Sorcerer's Maze	2003	Action/Action / Breakout games	XS Games	2
Prismaticallization (Japan)	Prismaticallization	1999	Adventure	Arc System Works	1
Prisoner (Japan)	Prisoner	1999	Role Playing Game/Adventure	Feycraft	1
Prisoner of Ice - Jashin Kourin (Japan)	Prisoner of Ice : Jashin Kourin	1997	Adventure	Infogrames	1
Private Collection - Policenauts (Japan)	Policenauts	1996	Adventure / Point and Click/Adventure	Konami	1
Private Collection - Tokimeki Memorial (Japan)	Private Collection : Tokimeki Memorial	1996	Quiz	Konami	1
Pro 18 - World Tour Golf (USA)	Pro 18 : World Tour Golf	1999	Sports / Golf/Sports	Psygnosis	1-8
Pro Backgammon (Europe)	Pro Backgammon	2003	Board game	Altron	1-2
Pro Body Boarding (Europe) (En,Fr,De)	Pro Body Boarding	2002	Sports / Water/Sports	Theyer GFX	1-4
Pro Evolution Soccer (Europe) (Es,It)	Pro Evolution Soccer	2002	Sports / Football (Soccer)/Sports	Konami	1-2
Pro Evolution Soccer 2 (Europe) (Es,It)	Pro Evolution Soccer 2	2002	Sports / Football (Soccer)/Sports	Konami	1-2
Pro Logic Mahjong Haishin (Japan)	Pro Logic Mahjong Hai-Shin	1996	Mahjong/Asiatic board game	Warashi	1
Pro Mahjong Kiwame - Tengensen-hen (Japan)	Pro Mahjong Kiwame : Tengensen Hen	1999	Mahjong/Asiatic board game	Athena	1
Pro Mahjong Kiwame Plus (Japan)	Pro Mahjong Kiwame Plus	1996	Mahjong/Asiatic board game	Athena	1
Pro Mahjong Kiwame Plus II (Japan)	Pro Mahjong Kiwame Plus II	2000	Mahjong/Asiatic board game	Athena	1
Pro Mahjong Tsuwamono 2 (Japan)	Pro Mahjong Tsuwamono 2	2000	Mahjong/Asiatic board game	Culture Brain	1
Pro Mahjong Tsuwamono 3 (Japan)	Pro Mahjong Tsuwamono 3	2000	Mahjong/Asiatic board game	Culture Brain	1
Pro Mahjong Tsuwamono Series - Joryuu Janshi ni Chousen - Watashitachi ni Chousen Shite ne! (Japan)	Pro Mahjong Tsuwamono Series : Joryuu Janshi ni Chousen, Watashi-tachi ni Chousen Shite ne!	1999	Mahjong/Asiatic board game	Culture Brain	1
Pro Mahjong, The - Menkyo Kaiden (Japan)	The Pro Mahjong - Menkyo Kaiden	1998	Mahjong/Asiatic board game	Naxat Soft	1
Pro Pinball - Big Race USA (USA)	Pro Pinball : Big Race USA	2000	Pinball	Cunning Developments	1-4
Pro Pinball - Fantastic Journey (USA)	Pro Pinball : Fantastic Journey	2000	Pinball	Cunning Developments	1-4
Pro Pinball - The Web (Europe)	Pro-Pinball	1996	Pinball	Cunning Developments	1-4
Pro Pinball - Timeshock! (USA)	Pro Pinball : Timeshock!	1998	Pinball	Cunning Developments	1-4
Pro Racer (Europe)	Racing	1999	Racing, Driving	Tamsoft	1
Pro Wres Sengokuden - Hyper Tag Match (Japan)	Pro Wres Sengokuden : Hyper Tag Match	1997	Sports / Fighting/Sports	Dream Japan	1-4
Pro Wrestling Sengokuden 2 - Kakutou Emaki (Japan)	Pro Wrestling Sengokuden 2 : Kakutou Emaki	1998	Sports / Wrestling/Simulation/Sports	Dream Japan	1
Pro Yakyuu Nettou Puzzle Stadium (Japan)	Pro Yakyuu Nettou Puzzle Stadium	1998	Puzzle / Fall/Puzzle	Coconuts Japan	1-2
Pro Yakyuu Simulation Dugout '99 (Japan)	Pro Yakyuu Simulation Dugout '99	1999	Sports / Baseball/Simulation/Sports	DigiCube	1
Pro-Pinball (USA)	Pro-Pinball	1996	Pinball	Cunning Developments	1-4
Professional Underground League of Pain (USA)	Professional Underground League of Pain	1997	Sports	Beyond Reality Games	1
Project - Horned Owl (USA)	Project : Horned Owl	1996	Shooter/Lightgun Shooter	Alfa System	1-2
Project Gaiaray (Japan, Asia)	Project Gaiaray	1997		Shoeisha	1-2
Project Overkill (USA)	Project Overkill	1996	Shooter	Konami	1
Project V6 (Japan)	Project V6	1998	Casual Game/Role Playing Game/Simulation	General Entertainment	1
Proof Club (Japan)	Proof Club	1997	Board game	Yutaka	1-5
Psybadek (USA)	Psybadek	1998	Sports / Skiing/Sports	Psygnosis	1
Psychic Detective (USA) (Disc 1)	Psychic Detective	1996	Adventure	Colossal Pictures	1
Psychic Force (USA)	Psychic Force	1997	Fighting	Taito	1-2
Psychic Force - Puzzle Taisen (Japan) (Disc 1) (Game Disc)	Psychic Force : Puzzle Taisen	1997	Puzzle	Taito	1-2
Psychic Force 2 (Europe)	Psychic Force 2	2000	Fighting	Office Create	2
Psychometrer Eiji (Japan)	Psychometrer Eiji	1999	Beat'em Up	On Dimand	1
Puchi Carat (Europe)	Puchi Carat	1998	Puzzle / Throw/Puzzle	Taito	1-2
Puffy no P.S. I Love You (Japan)	Puffy no P.S. I Love You	1999	Music and Dancing	Sony Music Entertainment	1
Puma Street Soccer (Europe) (En,Fr,De,It)	Puma Street Soccer	1999	Sports / Football (Soccer)/Sports	Sunsoft	1-2
Punch the Monkey! Game Edition (Japan)	Punch the Monkey! Game Edition	2000	Music and Dancing	Bandai	1
Punky Skunk (USA)	Punky Skunk	1998	Platform	Ukiyotei	1
Puppet Zoo Pilomy (Japan) (En,Ja)	Puppet Zoo Pilomy	1996	Simulation/Strategy	Human Entertainment	1
Purumui Purumui (Japan)	Purumui Purumui	1999	Adventure/Role Playing Game	F2 Company	1
Pururun! with Shape Up Girls (Japan)	Pururun! with Shape Up Girls	1997	Puzzle	Graphic Research	1-2
Putter Golf (USA)	Putter Golf	2001	Sports / Golf/Sports	Amedio	4+
Puuha Pete - Korjataanko (Finland)	Bob the Builder : Can We Fix It?	2000	Puzzle/Educational	Steel Monkeys	1
Puyo Puyo Box (Japan)	Puyo Puyo Box	2000	Puzzle / Fall/Puzzle	Compile	1-4
Puyo Puyo Sun - Ketteiban (Japan)	Puyo Puyo Sun : Ketteiban	1997	Puzzle / Fall/Puzzle	Compile	1-2
Puyo Puyo Tsuu - Ketteiban (Japan, Asia)	Puyo Puyo 2 - Tsuu Ketteiban	1996	Puzzle / Fall/Puzzle	Compile	1-2
Puyo Puyoon - Car-kun to Issho (Japan)	Puyo Puyoon : Car-kun to Issho	1999	Puzzle / Fall/Puzzle	Compile	1-2
Puzz Loop (Japan)	Ballistic	1999	Puzzle	Mitchell	1-2
Puzzle Arena Toushinden (Japan)	Puzzle Arena Toushinden	1997	Puzzle	Takara	1-2
Puzzle Bobble 2 (Japan)	Bust-A-Move 2 : Arcade Edition	1996	Puzzle / Throw/Puzzle	Taito	1-2
Puzzle Bobble 3DX (Japan)	Bust-A-Move '99	1999	Puzzle / Throw/Puzzle	Taito	1-2
Puzzle Bobble 4 (Japan)	Bust-A-Move 4	1998	Puzzle / Throw/Puzzle	Taito	1-2
Puzzle Mania (Japan)	Puzzle Mania	1999	Puzzle	Human Club	1
Puzzle Mania 2 (Japan)	Puzzle Mania 2	2000	Puzzle	Human Club	1
Puzznic (USA)	Puzznic	2003	Puzzle/Strategy	Altron	1
Pyjama Sam - Heros du Gouter (France)	Pajama Sam : You Are What You Eat from Your Head to Your Feet	2001	Adventure	Infogrames	1
Pyjama Sam - Suessigkeiten kriegen Saures (Germany)	Pajama Sam : You Are What You Eat from Your Head to Your Feet	2001	Adventure	Infogrames	1
Q-bert (USA)	Q*bert	1999	Puzzle	Artech Studios	1-2
Qix Neo (USA)	Qix Neo	2003	Puzzle	Taito	1
Quaddle Family Mysteries, The 1 - The Case of the Scarce Scarab - Lobby & Kitchen (USA)	Lightspan : The Quaddle Family Mysteries 1 - The case of the Scarce Scarab - Lobby - Kitchen	1997	Adventure/Educational	Lightspan	1
Quaddle Family Mysteries, The 2 - The Case of the Scarce Scarab - Garden (USA)	Lightspan : The Quaddle Family Mysteries 2 - The case of the Scarce Scarab - Garden	1997	Adventure/Educational	Lightspan	1
Quaddle Family Mysteries, The 3 - The Case of the Scarce Scarab - Parlor & Family Room (USA)	Lightspan : The Quaddle Family Mysteries 3 - The case of the Scarce Scarab - Parlor - Family Room	1997	Adventure/Educational	Lightspan	1
Quake II (USA)	Quake II	1999	Shooter / FPV/Shooter	Activision	1-4
Quantum Gate I - Akumu no Joshou (Japan)	Quantum Gate I : Akumu no Joshou	1997	Adventure / Graphic/Adventure	Affect	1
Queen's Road (Japan)	Queen's Road	1997	Simulation/Strategy	Angel	1
Quest for Fame - Be a Virtual Rock Legend (Japan) (Disc 1)	Quest for Fame : Be a Virtual Rock Legend	1997	Simulation/Music and Dancing	Virtual Music Entertainment	1
Qui Veut Gagner des Millions (France)	Who Wants to Be a Millionaire ?	2000	Quiz/Puzzle	Hothouse Creations	1-4
Qui Veut Gagner des Millions - Junior (France)	Who Wants To Be A Millionaire ? Junior	2001	Quiz	Eidos Interactive	1-4
Qui Veut Gagner des Millions - Seconde Edition (France)	Who Wants to Be a Millionaire ? : 2nd Edition	2000	Quiz/Puzzle	Hothouse Creations	1-4
Quiz Chara-Oke Don! Toei Tokusatsu Hero Part 1 (Japan)	Quiz Chara-Oke Don! Toei Tokusatsu Hero Part1	1999	Quiz/Music and Dancing	Banpresto	1-4
Quiz Chara-Oke Don! Toei Tokusatsu Hero Part 2 (Japan)	Quiz Chara-oke Don! Toei Tokusatsu Hero Part 2	1999	Quiz	Banpresto	1-4
Quiz Darake no Jinsei Game - Un to Atama de Daifugou! (Japan)	Quiz Darake no Jinsei Game : Un to Atama de Daifugou!	1997	Board game	OeRSTED	1-4
Quiz Nanairo Dreams - Nijiiro-chou no Kiseki (Japan)	Quiz Nanairo Dreams : Nijiirochou no Kiseki	1997	Quiz / Japanese/Quiz	Capcom	1-2
Quiz Show (Italy) (Disc 1) (CD Gioco)	Quiz Show	2001	Quiz	Warthog	1-6
Quiz$Millionaire (Japan)	Who Wants to Be a Millionaire ?	2000	Quiz/Puzzle	Hothouse Creations	1-4
Quiz$Millionaire - Waku Waku Party (Japan)	Quiz $ Millionaire : Waku Waku Party	2002	Quiz	Hothouse Creations	1-4
QuoVadis - Iverkurtz Sen'eki (Japan)	QuoVadis : Iverkurtz Seneki	1997	Role Playing Game	Glams	1
R (Japan) (Disc 1) (Shokai Genteiban)	R - Rock'n Riders	1999		Pixy	1
R-C Stunt Copter (USA)	R/C Stunt Copter	1999	Simulation	Shiny Entertainment	1-2
R-Type Delta (USA)	R-Type Delta	1999	Shoot'em Up	Irem	1
R-Types (USA)	R-Types	1999	Shoot'em Up/Compilation	Irem	1-2
R4 - Ridge Racer Type 4 (USA)	R4 : Ridge Racer Type 4	1999	Racing, Driving	Namco	1-2
Raamen-bashi (Japan)	Raamen-bashi	1999	Adventure	Tomy	1
Race Drivin' a Go! Go! (Japan)	Race Drivin' a Go! Go!	1996	Racing, Driving	Time Warner Interactive	1
Racing (USA) (En,Fr,Es)	Racing	1999	Racing, Driving	Tamsoft	1
Racing Lagoon (Japan, Asia)	Racing Lagoon	1999	Racing, Driving/Role Playing Game	Square	1-2
Racing Simulation 2 (Germany)	Monaco Grand Prix	1999	Racing, Driving/Simulation	Ubisoft	1-4
Racingroovy VS (Japan)	Racingroovy VS	1997	Racing, Driving	Sammy Corporation	1
Radikal Bikers (Europe) (En,Fr,De,Es,It)	Radikal Bikers	1999	Motorcycle race TPV/Racing, Driving	Bit Managers	1-2
Rage Racer (USA)	Rage Racer	1997	Racing, Driving	Namco	1
Rageball (USA)	Rageball	2002	Sports	NAPS Team	1-4
Raging Skies (Europe) (En,Fr,De)	Bogey : Dead 6	1996	Shooter	Pegasus Japan	1-2
Raiden DX (Japan)	Raiden DX	1997	Shoot'em Up / Vertical/Shoot'em Up	Nihon Systems	1-2
Raiden Project (Japan)	The Raiden Project	1995	Shoot'em Up	Seibu Kaihatsu	1-2
Raiden Project, The (USA)	The Raiden Project	1995	Shoot'em Up	Seibu Kaihatsu	1-2
Railroad Tycoon II (USA)	Railroad Tycoon II	2000	Build And Management/Simulation/Strategy	Pop Top Software	1
Rakugaki Showtime (Japan)	Rakugaki Showtime	1999	Fighting	Treasure	1-4
Rally Cross (USA)	Rally Cross	1997	Racing, Driving	Sony Interactive Entertainment	1-2
Rally Cross 2 (USA)	Rally Cross 2	1998	Racing, Driving/Sports	989	1-2
Rally de Africa (Japan)	Rally de Africa	1998	Racing, Driving	Prism Arts	1-2
Rally de Europe (Japan)	Rally de Europe	2000	Racing, Driving	Prism Arts	1-2
Rami-chan no Ooedo Sugoroku - Keiou Yuugekitai Gaiden (Japan)	Rami-chan No Ooedo Sugoroku : Keiou Yuugekitai Gaiden	1998	Board game	Victor Interactive Software	1-2
Rampage - Through Time (USA)	Rampage : Through Time	2000	Casual Game	Avalanche Software	1-3
Rampage - World Tour (USA)	Rampage : World Tour	1997		Game Refuge	1-2
Rampage 2 - Universal Tour (USA)	Rampage 2 : Universal Tour	1999		Avalanche Software	1-3
Ran Soccer (Germany)	VR Soccer '96	1996	Sports / Football (Soccer)/Sports	Gremlin Interactive	1-2
Ranma 1-2 - Battle Renaissance (Japan)	Ranma 1/2 : Battle Renaissance	1996	Fighting	Rumicsoft	2
Rapid Racer (Europe) (En,Fr,De,Es,It)	Turbo Prop Racing	1998	Racing, Driving	Sony Computer Entertainment	1-2
Rapid Reload (Europe)	Rapid Reload	1995	Shooter/Shooter / Run and Gun	Media.Vision Entertainment	1
Rascal (USA)	Rascal	1998	Platform	Traveller's Tales	1
Rascal Racers (USA)	Rascal Racers	2004	Racing, Driving	Miracle Designs	1
Rat Attack (Europe) (En,Fr,De,Es,It,Nl)	Rat Attack!	1999		Pure Entertainment	1-4
Rat Attack! (USA)	Rat Attack!	1999		Pure Entertainment	1-4
Raven Project, The (Europe) (En,Fr,De) (Disc 1)	The Raven Project	1997	Shooter	Cryo Interactive	1
Ray Tracers (USA)	Ray Tracers	1997	Racing, Driving	Taito	1
RayCrisis (Europe)	RayCrisis : Series Termination	2000	Shoot'em Up	Taito	1
RayCrisis - Series Termination (USA)	RayCrisis : Series Termination	2000	Shoot'em Up	Taito	1
Rayman (USA)	Rayman	1995	Platform	Ubisoft	1
Rayman 2 - The Great Escape (USA) (En,Fr,Es)	Rayman 2 : The Great Escape	2000	Platform	Ubisoft	1
Rayman Brain Games (USA)	Rayman Brain Games	2001	Platform/Educational/Puzzle	Aqua Pacific	1
Rayman Junior (Europe) (Fr,De,Es,It)	Rayman Junior	2000	Platform/Educational	Aqua Pacific	1
Rayman Junior - Level 1 (Europe) (En,Fr,De,Es,It)	Rayman Brain Games	2001	Platform/Educational/Puzzle	Aqua Pacific	1
Rayman Junior - Level 2 (Europe) (En,Fr,De,Es,It)	Rayman Junior : Level 2	2001	Educational/Platform	Aqua Pacific	1
Rayman Junior - Level 3 (Europe) (En,Fr,Es,It)	Rayman Junior : Level 3	2001	Educational/Platform	Aqua Pacific	1
Rayman Rush (USA)	Rayman Rush	2002	Racing, Driving	Ubisoft	1-2
RayStorm (USA)	RayStorm	1997	Shoot'em Up	Taito	1-2
Razor Freestyle Scooter (USA)	Razor Freestyle Scooter	2000	Racing, Driving	Shaba Games	1-2
Razor Racing (USA)	Razor Racing	2001	Racing, Driving/Sports	Vision Scape Interactive	1-2
RC de Go! (USA)	RC de Go!	2000	Racing, Driving	Taito	1
RC Helicopter (USA)	RC Helicopter	2002	Simulation	D's Garage 21	1
RC Revenge (USA)	RC Revenge	2000	Racing, Driving	Acclaim Entertainment	1-2
Re-Loaded (Europe) (En,Fr,De)	Re-Loaded : The Hardcore Sequel	1996	Shooter	Interplay	2
Re-Loaded - The Hardcore Sequel (USA)	Re-Loaded : The Hardcore Sequel	1996	Shooter	Interplay	2
Re-Volt (USA)	Re-Volt	1997	Racing, Driving	Acclaim Entertainment	1-2
Ready 2 Rumble Boxing (USA)	Ready 2 Rumble Boxing	1999	Sports / Boxing/Sports	Point of View	1-2
Ready 2 Rumble Boxing - Round 2 (USA)	Ready 2 Rumble Boxing : Round 2	2000	Sports / Boxing/Fighting/Sports	Midway	2
Real Bout Fatal Fury (Europe)	Real Bout Fatal Fury	1997	Fighting / Versus/Fighting	SNK	1-2
Real Bout Garou Densetsu (Japan, Asia) (En,Ja)	Real Bout Fatal Fury	1997	Fighting / Versus/Fighting	SNK	1-2
Real Bout Garou Densetsu Special - Dominated Mind (Japan)	Real Bout Garou Densetsu Special : Dominated Mind	1998	Fighting	SNK	1-2
Real Robot Sensen (Japan)	Real Robot Sensen	1999	Role Playing Game	Sunrise Software	1
Real Robots - Final Attack (Japan)	Real Robots : Final Attack	1998	Fighting	Banpresto	1-2
ReBoot (USA)	ReBoot	1998	Platform	Electronic Arts	1
Rebus (Japan)	Kartia : The Word of Fate	1998	Role Playing Game	Atlus	1
Recipro Heat 5000 (Japan, Asia)	Bravo Air Race	1997	Simulation	Metro Corporation	1-2
Red Asphalt (USA)	Red Asphalt	1998	Racing, Driving	Interplay	1
Reel Fishing (USA)	Reel Fishing	1997	Fishing/Hunting and Fishing	Pack-In-Video	1
Reel Fishing II (USA)	Reel Fishing II	2000	Fishing/Hunting and Fishing	Victor Interactive Software	1
Refrain Love - Anata ni Aitai (Japan)	Refrain Love : Anata ni Aitai	1997	Simulation / Life/Simulation	Riverhillsoft	1
Refrain Love 2 (Japan) (Disc 1)	Refrain Love 2	1999	Simulation	Riverhillsoft	1
Reikoku - Ikeda Kizoku Shinrei Kenkyuujo (Japan)	Reikoku : Ikeda Kizoku Shinrei Kenkyuujo	2002	Adventure	Infinity	1
Remote Control Dandy (Japan)	Remote Control Dandy	1999	Simulation	Sandlot	1-2
Remote Control Dandy - Bangai-hen (Japan)	Remote Control Dandy	1999	Simulation	Sandlot	1-2
Ren'ai Kouza - Real Age (Japan)	Renai Kouza : Real Age	1999	Adventure	Imageneer	1
Ren'ai Kouza - Real Age - The Art of Eguchi Hisashi (Japan)	Renai Kouza : Real Age	1999	Adventure	Imageneer	1
Renegade Racers (USA)	Renegade Racers	2000	Racing, Driving	Interplay	1-2
Rescue 24 Hours (Japan)	Rescue 24 Hours	1997	Racing, Driving	Central Systems	1
Rescue Copter (USA)	Rescue Copter	2002	Simulation	Aqua System	1
Rescue Shot (Europe) (En,Fr,De,Es,It)	Rescue Shot	2000	Lightgun Shooter	Now Production	1-2
Rescue Shot Bubibo & Biohazard - Gun Survivor - GunCon Taiou Shooting Taikenban (Japan)	Rescue Shot	2000	Lightgun Shooter	Now Production	1-2
Rescue Shot Bubibo (Japan)	Rescue Shot	2000	Lightgun Shooter	Now Production	1-2
Resident Evil (USA)	Resident Evil	1996	Adventure / Survival Horror/Adventure	Virgin	1
Resident Evil - Director's Cut (USA)	Resident Evil : Director's Cut	1997	Adventure / Survival Horror/Adventure	Capcom	1
Resident Evil - Director's Cut - Dual Shock Ver. (USA)	Resident Evil : Director's Cut	1997	Adventure / Survival Horror/Adventure	Capcom	1
Resident Evil - Survivor (USA)	Resident Evil : Survivor	2000	Lightgun Shooter	TOSE	1
Resident Evil 2 (USA) (Disc 1)	Resident Evil 2 (Leon Kennedy Disc)	1998	Adventure / Survival Horror/Adventure	Capcom	1
Resident Evil 2 - Dual Shock Ver. (USA) (Disc 1)	Resident Evil 2 (Leon Kennedy Disc)	1998	Adventure / Survival Horror/Adventure	Capcom	1
Resident Evil 3 - Nemesis (USA, Canada)	Resident Evil 3 : Nemesis	1999	Adventure / Survival Horror/Adventure	Capcom	1
Restaurant Dream (Japan)	Restaurant Dream	1999	Adventure/Simulation	Siesta	1
Retro Force (Europe) (En,Fr,De,Es,It)	Retro Force	1999	Shooter	Psygnosis	1
Return Fire (USA) (En,Ja,Fr,De,Es,It,Pt,Ko,Ru,Ar)	Return Fire	1996	Strategy	Silent Software	1-2
Return to Zork (Japan) (Disc 1)	Return to Zork	1996	Adventure	Infocom	1
Reverthion (Japan)	Reverthion	1995	Fighting	Tecno Soft	1-2
Revolution X - Music Is the Weapon (USA)	Revolution X : Music Is the Weapon	1996	Shooter / FPV/Shooter	Midway	1-2
Rhapsody - A Musical Adventure (USA)	Rhapsody : A Musical Adventure	2000	Role Playing Game/Strategy	Nippon Ichi Software	1
Rhythm 'n' Face (Japan)	Rhythm 'N' Face	2000	Puzzle/Music and Dancing	OutSide Directors Company	1
Rhythm Beat (Europe)	Rhythm Beat	2004	Music and Dancing	Phoenix Games	1-2
Ridegear Guybrave (Japan)	Ridegear Guybrave	1997	Fighting	Avit	1-2
Ridegear Guybrave II (Japan) (Disc 1)	Ridegear Guybrave 2	1998	Role Playing Game	Axela	1-2
Ridge Racer (USA)	Ridge Racer	1995	Racing, Driving	Namco	1
Ridge Racer - High Spec Ver. & Namco Catalogue '98 (Japan, Asia)	Ridge Racer	1995	Racing, Driving	Namco	1
Ridge Racer Bonus Turbo Mode Disc (USA)	R4 : Ridge Racer Type 4	1999	Racing, Driving	Namco	1-2
Ridge Racer Hi-Spec Demo (Europe)	R4 : Ridge Racer Type 4	1999	Racing, Driving	Namco	1-2
Ridge Racer Revolution (USA)	Ridge Racer Revolution	1996	Racing, Driving	Namco	1-2
Ridge Racer Type 4 (Europe) (En,Fr,De,Es,It)	R4 : Ridge Racer Type 4	1999	Racing, Driving	Namco	1-2
Ridge Racer Type 4 Collectors Demo (Europe, Australia)	R4 : Ridge Racer Type 4	1999	Racing, Driving	Namco	1-2
Riichi Mahjong - Ohitorisama demo Utemasu! (Japan)	Riichi Mahjong : Ohitorisama Demo Utemasu!	2000	Mahjong/Asiatic board game	Pony Canyon	1
Rikujou Boueitai Mao-chan (Japan)	Rikujou Boueitai Maochan	2003	Simulation	Marvelous Interactive	1
Ring of Sias (Japan)	Ring of Sias	2000	Adventure	Athena	1
Riot (Europe)	Professional Underground League of Pain	1997	Sports	Beyond Reality Games	1
Riot Stars (Japan)	Riot Stars	1997	Role Playing Game	HectorSoft	1
Rise 2 - Resurrection (USA) (En,Fr,De,Es,It)	Rise 2 : Resurrection	1996	Fighting	Mirage Technologies	1-2
Rising Zan - The Samurai Gunman (USA)	Rising Zan : The Samurai Gunman	1999	Fighting	UEP Systems	1
Risk (Europe) (En,Fr,De,Es)	Risk : The Game of Global Domination	1998	Board game/Strategy	Runecraft	1-4
Risk - The Game of Global Domination (USA)	Risk : The Game of Global Domination	1998	Board game/Strategy	Runecraft	1-4
Rittai Ninja Katsugeki - Tenchu (Japan)	Tenchu : Stealth Assassins	1998	Adventure	Acquire	1
Rittai Ninja Katsugeki - Tenchu - Shinobi Gaisen (Japan) (En,Ja,Fr,It)	Rittai Ninja Katsugeki : Tenchu, Shinobi Gaisen	1999	Adventure	Acquire	1
Rittai Ninja Katsugeki - Tenchu - Shinobi Hyakusen (Japan)	Rittai Ninja Katsugeki : Tenchu, Shinobi Hyakusen	1999	Adventure	Acquire	1
Rittai Ninja Katsugeki - Tenchu 2 (Japan)	Tenchu 2 : Birth of the Stealth Assassins	2000	Adventure	Acquire	1
Rival Schools + Resident Evil 2 + Bloody Roar + Street Fighter EX Plus Alpha + Mr Domino + Victory Boxing 2 (France)	Rival Schools : United by Fate	1998	Fighting / Versus/Fighting/Casual Game	Capcom	1-2
Rival Schools - United by Fate (USA) (Disc 1) (Arcade Disc)	Rival Schools : United by Fate	1998	Fighting / Versus/Fighting/Casual Game	Capcom	1-2
Riven - The Sequel to Myst (USA) (Disc 1)	Riven : The Sequel to Myst	1997	Adventure/Puzzle	Cyan	1
RMJ - The Mystery Hospital (Japan) (Disc 1) (What's Going On)	R?MJ - The Mystery Hospital	1997	Adventure / Interactive Movie/Adventure / Survival Horror/Adventure	System Sacom	1
RMJ - The Mystery Hospital - Second Attack Sample CD-ROM (Japan)	R?MJ - The Mystery Hospital	1997	Adventure / Interactive Movie/Adventure / Survival Horror/Adventure	System Sacom	1
Road & Track Presents - The Need for Speed (USA)	Road & Track Presents : The Need for Speed	1996	Racing, Driving	EA Canada	1-2
Road Rage (Europe)	Road Rage	1997	Racing, Driving	KCET	1
Road Rash (USA)	Road Rash	1995	Motorcycle race TPV/Racing, Driving	Advanced Technology	1-2
Road Rash - Jailbreak (USA)	Road Rash : Jailbreak	2000	Racing, Driving	Electronic Arts	1-2
Road Rash 3D (USA)	Road Rash 3D	1998	Racing, Driving/Motorcycle race TPV	Electronic Arts	1
Roadsters (USA)	Roadsters	2000	Racing, Driving	Smartdog	1-2
Robbit mon Dieu (Japan)	Robbit mon Dieu	1999	Platform	Sugar & Rockets	1
Robin Hood - The Siege (Europe)	Robin Hood : The Siege	2004	Lightgun Shooter	Phoenix Games	1
Robin Lloyd no Bouken (Japan)	Robin Lloyd no Bouken	2000	Adventure	Gust	1
Robo Pit (USA)	Robo Pit	1996	Fighting	Altron	1-2
Robo Pit 2 (USA)	Robo Pit 2	2003	Fighting	Altron	1-2
Robo-Pit 2 (Japan, Asia)	Robo Pit 2	2003	Fighting	Altron	1-2
Robocod - James Pond II (Europe) (En,Fr,De,Es,It)	Robocod : James Pond II	2003	Platform	Elo Interactive Media	1
Robot x Robot (Japan)	Robot x Robot	1999	Simulation/Strategy	Nemesys	1
Robotron X (USA)	Robotron X	1996	Shooter	Midway	1-2
Rock & Roll Racing 2 - Red Asphalt (Europe)	Red Asphalt	1998	Racing, Driving	Interplay	1
Rock 'Em Sock 'Em Robots Arena (USA)	Rock 'Em Sock 'Em Robots Arena	2000	Fighting	Paradox Development	1-2
Rock-Climbing - Mitouhou e no Chousen - Alps-hen (Japan)	Rock-Climbing : Mitouhou e no Chousen, Alps Hen	1997	Sports	We Net	1
Rockman (Japan)	Rockman	1999	Platform	Capcom	1
Rockman - Battle & Chase (Japan)	Megaman : Battle & Chase	1998	Racing, Driving	Capcom	1-2
Rockman 2 - Dr. Wily no Nazo (Japan)	Rockman 2 : Dr. Wily no Nazo	1999	Platform	Capcom	1
Rockman 3 - Dr. Wily no Saigo! (Japan)	Rockman 3 : Dr. Wily no Saigo!	1999	Platform	Capcom	1
Rockman 4 - Aratanaru Yabou!! (Japan)	Rockman 4 : Aratanaru Yabou!!	1999	Platform	Capcom	1
Rockman 5 - Blues no Wana! (Japan)	Rockman 5 : Blues no Wana!	1999	Platform	Capcom	1
Rockman 6 - Shijou Saidai no Tatakai!! (Japan)	Rockman 6 : Shijou Saidai no Tatakai!!	1999	Platform	Capcom	1
Rockman 8 - Metal Heroes (Japan)	Mega Man 8 : Anniversary Edition	1997	Platform / Shooter Scrolling/Platform	Capcom	1
Rockman Dash - Hagane no Boukenshin (Japan)	Mega Man Legends	1998	Action RPG/Shooter/Adventure/Role Playing Game	Capcom	1
Rockman Dash 2 - Episode 1 - 'Roll-chan Kiki Ippatsu!' no Maki (Japan) (Demo)	Mega Man Legends 2	2000	Shooter/Adventure	Capcom	1
Rockman Dash 2 - Episode 2 - Ooinaru Isan (Japan)	Mega Man Legends 2	2000	Shooter/Adventure	Capcom	1
Rockman X3 (Japan)	Mega Man X3	1997	Platform / Shooter Scrolling/Platform	Capcom	1
Rockman X4 (Japan)	Mega Man X4	1997	Platform / Shooter Scrolling/Platform	Capcom	1
Rockman X4, Rockman 8 - Metal Heroes, Rockman - Battle & Chase (Japan) (Demo)	Megaman : Battle & Chase	1998	Racing, Driving	Capcom	1-2
Rockman X5 (Japan)	Mega Man X5	2001	Platform / Shooter Scrolling/Platform	Capcom	1
Rockman X6 (Japan)	Mega Man X6	2001	Platform / Shooter Scrolling/Platform	Capcom	1
Roger Lemerre - La Selection des Champions (France)	LMA Manager 2001	2001	Sports / Football (Soccer)/Simulation/Sports	Codemasters	2
Roger Lemerre - La Selection des Champions 2002 (France)	LMA Manager 2002	2001	Sports / Football (Soccer)/Simulation/Strategy/Sports	Codemasters	2
Rogue Trip - Vacation 2012 (USA)	Rogue Trip : Vacation 2012	1998	Shooter / Vehicle, TPV/Shooter	SingleTrac	1-2
Roland Garros French Open 2001 (Europe) (En,Fr,De,Es,It)	Roland Garros French Open 2001	2001	Sports / Tennis/Sports	Runn Software/Carapace	2
Roll Away (USA)	Roll Away	1998	Puzzle	Game Design Sweden	1-2
Rollcage (USA)	Rollcage	1999	Racing, Driving	Attention To Detail (ATD)	1-2
Rollcage Stage II (USA)	Rollcage Stage II	2000	Racing, Driving	Attention To Detail (ATD)	1-2
Romance of the Three Kingdoms IV - Wall of Fire (USA)	Romance of the Three Kingdoms IV : Wall of Fire	1996	Strategy	Koei	1-8
Romance of the Three Kingdoms VI - Awakening of the Dragon (USA)	Romance of the Three Kingdoms VI: Awakening of the Dragon	2000	Strategy	Koei	1-8
Romance wa Tsurugi no Kagayaki II - Gin no Niji o Sagashite (Japan) (Disc 1)	Romance Wa Ken No Kagayaki II	2002	Role Playing Game	Kadokawa Shoten	1
Ronaldo V-Football (Europe) (De,Es,It,Pt)	Ronaldo V-Football	2000	Sports / Football (Soccer)/Sports	Infogrames	1-2
Ronin Blade (Europe) (En,Fr,De)	Soul of the Samurai	1999	Adventure	Konami	1
Roommate - Inoue Ryoko (Japan)	Roommate : Inoue Ryoko	1999	Adventure/Simulation	Fupac	1
Rosco McQueen (Europe) (En,Fr,De,Es,It)	Rosco McQueen Firefighter Extreme	1998	Adventure	Slippery Snake	1
Rosco McQueen Firefighter Extreme (USA)	Rosco McQueen Firefighter Extreme	1998	Adventure	Slippery Snake	1
Roswell Conspiracies - Aliens, Myths & Legends (USA)	Roswell Conspiracies : Aliens, Myths & Legends	2001	Adventure/Shooter	Crawfish Interactive	1
Rox (Europe)	Rox	2003	Puzzle	Altron	1-2
RoX - 6 = Six (Japan)	Rox	2003	Puzzle	Altron	1-2
RPG Maker (USA)	RPG Maker	2000	Various	ASCII	1
RPG Tkool 3 (Japan)	RPG Maker	2000	Various	ASCII	1
RPG Tkool 4 (Japan)	RPG Tkool 4	2000	Role Playing Game	Agenda	1
RTL Skispringen 2002 (Germany) (En,De)	Rtl Skispringen 2002	2001	Sports / Skiing/Sports	THQ	1-16
Ruff & Tumble (Germany)	40 Winks	1999	Platform	Eurocom	1
Runabout (Japan)	Felony 11-79	1997	Racing, Driving	Climax Entertainment	1
Runabout 2 (USA)	Runabout 2	2000	Racing, Driving	Climax	1
Running High (Japan, Asia)	Running High	1997	Racing, Driving	System Sacom	1
Running Wild (USA)	Running Wild	1998	Racing, Driving	Blue Shift	1-2
Rupupu Cube - Lup Salad (Japan)	Lupupu Cube : Lup Salad	1996	Puzzle	Fupac	1-2
Rurouni Kenshin - Meiji Kenkaku Romantan - Ishin Gekitou-hen (Japan)	Rurouni Kenshin : Meiji Kenkaku Romantan, Ishin Gekitou Hen	1996	Fighting	Zoom	1-2
Rurouni Kenshin - Meiji Kenkaku Romantan - Juuyuushi Inbou-hen (Japan)	Rurouni Kenshin : Meiji Kenkaku Romantan, Juuyuushi Inbou Hen	1997	Role Playing Game	Pandora Box	1
Rush Hour (USA)	Rush Hour	1997	Racing, Driving	Clockwork Games Limited	1-2
Rushdown (USA)	Rushdown	1999	Sports / Multisports/Sports	Canal+ Multimedia	1-2
Ryuuki Denshou - Dragoon (Japan)	Ryuuki Denshou : Dragoon	1997	Role Playing Game	KSS	1
S.C.A.R.S. (USA)	S.C.A.R.S.	1998	Racing, Driving	Vivid Image	2-4
Saban's Power Rangers - Lightspeed Rescue (USA)	Saban's Power Rangers : Lightspeed Rescue	2000	Beat'em Up	Climax	2
Saban's Power Rangers - Time Force (USA)	Power Rangers : Time Force	2001	Platform	Climax	1-2
Saban's Power Rangers Zeo - Full Tilt Battle Pinball (USA)	Saban's Power Rangers Zeo : Full Tilt Battle Pinball	1996	Pinball	KAZe	1
Saber Marionette J - Battle Sabers (Japan)	Saber Marionette J : Battle Sabers	1997	Fighting	Tom Create	1-2
Sabrina l'Apprentie Sorciere et l'Horloge Cosmique (France)	Sabrina the Teenage Witch : A Twitch in Time!	2001	Platform	Asylum Entertainment	1
Sabrina the Teenage Witch - A Twitch in Time! (USA)	Sabrina the Teenage Witch : A Twitch in Time!	2001	Platform	Asylum Entertainment	1
SaGa Frontier (USA)	SaGa Frontier	1998	Role Playing Game	Squaresoft	1
SaGa Frontier 2 (USA)	SaGa Frontier 2	2000	Adventure/Role Playing Game	Squaresoft	1
SaGa Frontier II (Japan, Asia)	SaGa Frontier 2	2000	Adventure/Role Playing Game	Squaresoft	1
Saibara Rieko no Mahjong Toriatama Kikou (Japan)	Saibara Rieko no Mahjong Toriatama Kikou	2000	Mahjong/Asiatic board game	Media Rings	1
Saikyou Ginsei Chess (Japan)	Saikyou Ginsei Chess	2002	Board game	SilverStar Japan	1-2
Saikyou Ginsei Mahjong (Japan)	Saikyou Ginsei Mahjong	2002	Mahjong/Asiatic board game	Silver Star	1
Saikyou Ginsei Shougi (Japan)	Sekai Saikyou Ginsei Shogi	2001	Shougi/Asiatic board game	Silver Star	1-2
Saikyou Ginsei Shougi 2 (Japan)	Saikyou Ginsei Shougi 2	2003	Board game	Silver Star Japan	1-2
Saikyou no Igo (Japan)	Saikyou No Igo - The Strongest Game Of Go	1998	Go/Board game/Asiatic board game	Itochu	1-2
Saikyou no Shougi (Japan)	Saikyou No Shogi	1999	Shougi/Asiatic board game/Board game	Unbalance	1-2
Saikyou Toudai Shougi (Japan)	Saikyou Toudai Shougi	2000	Shougi/Board game/Asiatic board game	Mycom	1-2
Saikyou Toudai Shougi 2 (Japan)	Saikyou Toudai Shougi 2	2001	Shougi/Board game/Asiatic board game	Mycom	1-2
Saishuu Densha (Japan)	Saishuu Densha	1998	Adventure	Break	1
Saiyuki - Journey West (USA)	Saiyuki : Journey West	2001	Role Playing Game/Strategy	Koei	1
Saiyuuki (Japan) (Rev 1)	Saiyuki : Journey West	2001	Role Playing Game/Strategy	Koei	1
Sakamoto Ryouma - Ishin Kaikoku (Japan)	Sakamoto Ryouma : Ishin Kaikoku	1997	Strategy	Kindle Imagine Develop	1
Sakkyoku Surun da mon - Dance Remix-hen (Japan)	Sakkyoku Surundamon : Dance Remix Hen	2000	Dancing/Music and Dancing	Ving	1
Sakuma-shiki Jinsei Game (Japan)	Sakuma-shiki Jinsei Game	1998	Board game/Casual Game	Takara	1-5
Salamander Deluxe Pack Plus (Japan)	Salamander Deluxe Pack Plus	1997	Shooter/Shoot'em Up/Compilation	Konami	1-2
Salaryman Champ - Tatakau Salaryman (Japan)	Salaryman Champ : Tatakau Salaryman	2001	Casual Game	Success	1-3
Salaryman Kintarou - The Game (Japan)	Salaryman Kintarou : The Game	2000	Adventure	Bandai	1
Salaryman Settai Mahjong (Japan)	Salaryman Settai Mahjong	2001	Mahjong/Asiatic board game	Visit	1
Saltwater Sportfishing (USA)	Saltwater Sportfishing	2001	Sports/Fishing/Hunting and Fishing	Coresoft	1
Sammy Sosa High Heat Baseball 2001 (USA)	Sammy Sosa High Heat Baseball 2001	2000	Sports / Baseball/Simulation/Sports	Team .366	1-2
Sammy Sosa Softball Slam (USA)	Sammy Sosa Softball Slam	2000	Sports/Sports / Baseball	The 3DO Company	1-8
Sampras Extreme Tennis (Europe) (En,Fr,De,Es,It)	Sampras Extreme Tennis	1996	Sports / Tennis/Sports	Codemasters	1-2
Samurai Deeper Kyo (Japan)	Samurai Deeper Kyo	2002	Fighting/Beat'em Up	Bandai	1-2
Samurai Shodown - Warriors Rage (USA)	Samurai Shodown : Warriors Rage	2000	Fighting / Versus/Fighting	SNK	1-2
Samurai Shodown III (Europe)	Samurai Shodown III : Blades of Blood	1996	Fighting / Versus/Fighting	SNK	2
Samurai Shodown III - Blades of Blood (USA)	Samurai Shodown III : Blades of Blood	1996	Fighting / Versus/Fighting	SNK	2
Samurai Spirits - Amakusa Kourin Special (Japan)	Samurai Spirits : Amakusa Kourin Special	1997	Fighting	SNK	1-2
Samurai Spirits - Kenkaku Shinan Pack (Japan, Asia)	Samurai Spirits : Kenkaku Shinan Pack	1998	Fighting	SNK	1-2
Samurai Spirits - Zankurou Musouken (Japan)	Samurai Shodown III : Blades of Blood	1996	Fighting / Versus/Fighting	SNK	2
San Francisco Rush - Extreme Racing (USA)	San Francisco Rush : Extreme Racing	1998	Racing, Driving	Climax	1-2
Sangoku Musou (Japan)	Dynasty Warriors	1997	Fighting	OMEGA Force	1-2
Sangokushi Eiketsuden (Japan)	Sangokushi Eiketsuden	1996	Strategy	Koei	1
Sangokushi II (Japan)	Sangokushi Returns	1997	Strategy	Koei	1-8
Sangokushi III (Japan)	Sangokushi III	2001	Strategy	Koei	1-8
Sangokushi IV (Japan)	Romance of the Three Kingdoms IV : Wall of Fire	1996	Strategy	Koei	1-8
Sangokushi IV with Power-Up Kit (Japan) (Rev 1)	Romance of the Three Kingdoms IV : Wall of Fire	1996	Strategy	Koei	1-8
Sangokushi Koumeiden (Japan)	Sangokushi Koumeiden	1997	Strategy	Koei	1
Sangokushi Returns (Japan)	Sangokushi Returns	1997	Strategy	Koei	1-8
Sangokushi V (Japan)	Sangokushi V	1997	Strategy	Koei	1-8
Sangokushi V with Power-Up Kit (Japan)	Sangokushi V	1997	Strategy	Koei	1-8
Sangokushi VI (Japan, Asia)	Romance of the Three Kingdoms VI: Awakening of the Dragon	2000	Strategy	Koei	1-8
Sangokushi VI with Power-Up Kit (Japan)	Romance of the Three Kingdoms VI: Awakening of the Dragon	2000	Strategy	Koei	1-8
Sangokushi VII (Japan)	Sangokushi VII	2001	Strategy	Koei	1
Sanguozhi IV (Asia) (En,Zh)	Romance of the Three Kingdoms IV : Wall of Fire	1996	Strategy	Koei	1-8
Sanguozhi V (Asia)	Sangokushi V	1997	Strategy	Koei	1-8
Sankyo Fever - Downtown Geki (Japan)	Sankyo Fever : Downtown Geki	1996	Casino	Vistec	1
Sankyo Fever - Jikki Simulation (Japan)	Sankyo Fever Jikki Simulation	1996	Casino	ICS	1
Sankyo Fever - Jikki Simulation Vol. 2 (Japan)	Sankyo Fever Jikki Simulation Vol. 2	1997	Casino	Vistec	1
Sankyo Fever - Jikki Simulation Vol. 3 (Japan)	Sankyo Fever Jikki Simulation Vol. 3	1998	Casino	Vistec	1
Santa Claus Saves the Earth (Europe)	Santa Claus Saves the Earth	2002	Platform	Ivolgamus	1
Sanvein (Europe)	Starfighter Sanvein	2001	Shooter	Success	1
Sanyo Pachinko Paradise (Japan)	Sanyo Pachinko Paradise	1999	Casino	Irem	1
Sanyo Pachinko Paradise 2 - Umi Monogatari Special (Japan)	Sanyo Pachinko Paradise 2 : Umi Monogatari Special	1999	Casino	Irem	1
Sanyo Pachinko Paradise 3 - Wan Wan Daikoushin (Japan)	Sanyo Pachinko Paradise 3 : Wanwan Daikoushin	2000	Casino	Irem	1
Sanyo Pachinko Paradise 4 - Sushiya da Gen-san!! (Japan)	Sanyo Pachinko Paradise 4 : Sushiya Da Gen-san!!	2000	Casino	Irem	1
Sanyo Pachinko Paradise 5 - Uki Uki Tairyoubata (Japan)	Sanyo Pachinko Paradise 5 : Ukiuki Tairyoubata	2001	Casino	Irem	1
Saraba Uchuu Senkan Yamato - Ai no Senshitachi (Japan) (Disc 1)	Saraba Uchuu Senkan Yamato : Ai no Senshi-tachi	2000	Strategy	NK System	1
Saru! Get You! (Japan, Asia)	Ape Escape	1999	Platform	SCE Japan	1
SatelliTV & Doki Doki Shutter Chance - Koi no Puzzle o Kumitatete (Japan) (Taikenban)	Doki Doki Shutter Chance : Koi no Puzzle wo Kumitatete	1997	Puzzle	Nippon Ichi Software	1-2
SatelliTV (Japan)	SatelliTV	1998	Simulation/Strategy	Nippon Ichi Software	1
Satomi no Nazo (Japan)	Satomi No Nazo	1997	Role Playing Game	Sound Technology Japan	1
Schnappi - Das kleine Krokodil - 3 Fun-Games (Germany)	Schnappi - Das Kleine Krokodil - 3 Fun-games	2003	Casual Game	Ak tronic	1
Scooby-Doo and the Cyber Chase (USA)	Scooby-Doo and the Cyber Chase	2001	Platform	THQ	1
Scooby-Doo et la Cybertraque (France)	Scooby-Doo and the Cyber Chase	2001	Platform	THQ	1
Scooby-Doo! Night of 100 Frights (USA) (Proto) (2000-10-26)	Scooby-Doo! Night of 100 Frights	2000	Action / Adventure/Action	Heavy Iron	1
Scooter Racing (Europe)	Razor Racing	2001	Racing, Driving/Sports	Vision Scape Interactive	1-2
Scrabble (USA)	Scrabble	1999	Board game	Runecraft	1-4
Screen (Japan)	Screen (Superlite 1500 Series)	2000	Adventure	Kindle Imagine Develop	1
SD Gundam - GCentury (Japan, Asia)	SD Gundam : GCentury	1997	Strategy/Tactical RPG/Role Playing Game	JAM	1
SD Gundam - GGeneration (Japan)	SD Gundam : GGeneration	1998	Role Playing Game	Tom Create	1-2
SD Gundam - GGeneration-0 (Japan) (Disc 1)	SD Gundam G : Generation 0	1999	Role Playing Game	Tom Create	1-4
SD Gundam - GGeneration-F (Japan) (Disc 1)	SD Gundam : GGeneration-F	2000	Role Playing Game/Strategy	Tom Create	1-4
SD Gundam - GGeneration-F.I.F (Japan)	Sd Gundam G Generation-f.i.f	2001	Role Playing Game	Tom Create	1-4
SD Gundam - Over Galaxian (Japan)	SD Gundam : Over Galaxian	1996	Shooter	Lay-Up	1-2
SD Gundam Eiyuuden - Daikessen!! Kishi vs. Musha (Japan)	SD Gundam Eiyuuden : Daikessen!! Knight vs. Musha	2001	Fighting / 3D/Fighting	BEC	1-2
Sea-Doo Hydro Cross (USA)	Sea-Doo Hydro Cross	2001	Racing, Driving/Racing, Driving / Boat	Engine Software	1-2
SeaBass Fishing (Japan)	Seabass Fishing	1996	Fishing/Hunting and Fishing	Pegasus Japan	1
SeaBass Fishing 2 (Japan)	Seabass Fishing 2	1997	Fishing/Hunting and Fishing	A Wave Inc	1
Segare Ijiri (Japan)	Segare Ijiri	1999	Adventure/Platform	Enix	1
Seikai no Monshou (Japan)	Seikai no Monshou	2000	Adventure	Ninelives	1
Seiken Densetsu - Legend of Mana (Japan, Asia)	Legend of Mana	2000	Action RPG/Role Playing Game	Squaresoft	1-2
Seikon no Joka - Hikari to Yami no Seioujo (Japan)	Rune No Joka Hikari to Yami No Sei-Oujo	1997	Role Playing Game	Media Works	1
Seirei Shoukan - Princess of Darkness (Japan)	Seirei Shoukan : Princess of Darkness	1998	Role Playing Game	Shoeisha	1
Seireiki Rayblade (Japan)	Seireiki Rayblade	2000	Role Playing Game	Winky Soft	1
Seireki 1999 - Pharaoh no Fukkatsu (Japan)	Powerslave	1997	Shooter / FPV/Shooter	Lobotomy Software	1-2
Seishoujo Kantai Virgin Fleet (Japan)	Sei-Syoujo Kantai Virgin Fleet	1999	Adventure	Konami	1
Sekai Saikyou Ginsei Igo (Japan)	Sekai Saikyou Ginsei Igo	2001	Go/Asiatic board game	Silver Star	1-2
Sekai Saikyou Ginsei Igo 2 (Japan)	Sekai Saikyou Ginsei Igo 2	2003	Go/Asiatic board game	Silver Star	1-2
Sekai Saikyou Ginsei Igo 3 (Japan)	Sekai Saikyou Ginsei Igo 3	2003	Go/Asiatic board game	Silver Star	1-2
Sengoku Cyber - Fujimaru Jigokuhen (Japan)	Sengoku Cyber : Fujimaru Jigokuhen	1995	Role Playing Game/Simulation	Pandora Box	1
Sengoku Mugen (Japan)	Sengoku Mugen	2001	Strategy	Alpha-Unit	1
Senkai Taisen - TV Animation Senkaiden Houshin Engi yori (Japan)	Senkai Taisen TV Animation Senkaiden Houshin Engi Yori	2000	Role Playing Game	General Entertainment	1
Senkai Tsuuroku Seishi - TV Animation Senkaiden Houshin Engi yori (Japan)	Senkai Tsuuroku Seishi : TV Animation Senkaiden Houshin Engi Yori	2001	Simulation	General Entertainment	1
Senran (Japan)	Senran	1996	Strategy	Hokusho	1
Senryaku Shidan - Tora! Tora! Tora! Rikusen-hen (Japan)	Senryaku Shidan : Tora! Tora! Tora! Rikusen-hen	2001	Strategy	Nexus Interact	1
Senryaku Shougi (Japan)	Senryaku Shougi	1995	Shougi/Board game/Asiatic board game	Electronic Arts	1-2
Sensible Soccer (Europe) (En,Fr,De,Es,It,Nl)	Sensible Soccer	1999	Sports / Football (Soccer)/Sports	Sensible Software	1-2
Sentient (USA)	Sentient	1997	Adventure	Psygnosis	1
Sentient - Explore the Infinite (Europe)	Sentient	1997	Adventure	Psygnosis	1
Sentimental Graffiti (Japan)	Sentimental Graffiti	2001	Simulation	NEC Interchannel	1
Sentimental Graffiti - Yakusoku (Japan)	Sentimental Graffiti : Yakusoku	2001	Adventure / Visual Novel/Adventure	NEC	1
Sentimental Journey (Japan)	Sentimental Journey	1998	Board game/Casual Game	Banpresto	1-4
Sentinel Returns (USA)	Sentinel Returns	1998	Strategy	Psygnosis	1
Sento Monogatari - Sono I (Japan)	Sento Monogatari : Sono I	1996	Simulation	Ariadne	1
Sentou Kokka - Air Land Battle (Japan)	Sentou Kokka : Air Land Battle	1996	Strategy	Marionette	1-3
Sentou Kokka Kai - Improved (Japan)	Sentou Kokka Kai : Improved	1999	Strategy	Marionette	1-3
Septentrion - Out of the Blue (Japan)	Septentrion : Out of the Blue	1999	Adventure	Human Club	1
Serial Experiments Lain (Japan) (Disc 1)	Serial Experiments Lain	1998	Adventure/Simulation	Pioneer LDC	1
Sesame Street - Elmo's Letter Adventure (USA)	Sesame Street : Elmo's Letter Adventure	1998	Educational/Casual Game	Realtime Associates	1
Sesame Street - Elmo's Number Journey (USA)	Sesame Street : Elmo's Number Journey	1999	Educational/Casual Game	Realtime Associates	1
Sesame Street Sports (USA)	Sesame Street Sports	2001	Sports / Multisports/Sports	Realtime Associates	1
Sexy Parodius (Japan)	Sexy Parodius	1996	Shoot'em Up / Horizontal/Shoot'em Up	Konami	1-2
Sfida al Tetris Magico (Italy)	Magical Tetris Challenge	1999	Puzzle / Fall/Puzzle	Disney Interactive	1-2
Shachou Eiyuuden (Japan) (Ja,Zh)	Shachou Eiyuu Den	2000	Role Playing Game	Sony Computer Entertainment	1
Shadow and Shadow (Japan)	Shadow and Shadow	2002	Adventure	Zero System	1
Shadow Gunner - The Robot Wars (Europe) (En,Fr,De,Es,It)	Shadow Gunner : The Robot Wars	1998	Shooter / TPV/Shooter	Vertex4	1
Shadow Madness (USA) (Disc 1)	Shadow Madness	1999	Role Playing Game	Craveyard	1
Shadow Man (USA)	Shadow Man	1999	Adventure	Acclaim Entertainment	1
Shadow Man - Rette deine Seele (Germany)	Shadow Man	1999	Adventure	Acclaim Entertainment	1
Shadow Master (USA)	Shadow Master	1997	Shooter / FPV/Shooter	Hammerhead	1
Shadow Tower (USA)	Shadow Tower	1999	Shooter / FPV/Role Playing Game/Adventure/Shooter	FromSoftware	1
Shake Kids (Japan)	Shake Kids	1998	Platform	Digital Kids	1
Shaman King - Spirit of Shamans (Japan)	Shaman King : Spirit of Shamans	2002	Fighting	Dimps	1-2
Shane Warne Cricket (Australia)	Brian Lara Cricket	1998	Sports	Codemasters	1-2
Shanghai - Banri no Choujou (Japan)	Shanghai : Banri no Choujou	1995	Mahjong/Asiatic board game	Activision	1-2
Shanghai - Great Moments (Japan)	Shanghai : Great Moments	1997	Mahjong/Asiatic board game	Sunsoft	1-2
Shanghai - Mateki Buyuu (Japan)	Shanghai : True Valor	1999	Asiatic board game/Mahjong	Sunsoft	1-2
Shanghai - Shouryuu Sairin (Japan)	Shanghai : Shoryu Sairin	2001	Mahjong/Asiatic board game	Activision	1-2
Shanghai - True Valor (USA)	Shanghai : True Valor	1999	Asiatic board game/Mahjong	Sunsoft	1-2
Shaolin (Europe)	Shaolin	2000	Fighting	Polygon Magic	4+
Shediao Yingxiongzhuan (Asia)	Shachou Eiyuu Den	2000	Role Playing Game	Sony Computer Entertainment	1
Sheep (USA)	Sheep	2000	Puzzle	Minds Eye	1
Sheep, Dog 'n' Wolf (Europe) (En,Fr,De,Es,It,Nl)	Looney Tunes : Sheep Raider	2001	Platform	Infogrames	1
Sheep, Dog 'n' Wolf - Interactive Demo (Europe) (En,Fr,De,Es,It,Nl)	Looney Tunes : Sheep Raider	2001	Platform	Infogrames	1
Shellshock (USA)	Shellshock	1996	Shooter / Vehicle, FPV/Shooter	Eidos Interactive	1-2
Shellshock - Jus' Keepin' da Peace (Japan)	Shellshock	1996	Shooter / Vehicle, FPV/Shooter	Eidos Interactive	1-2
Shichida-shiki Unou de Asobenture Vol. 1 - Kotoba ABC - 0-2-sai Muke (Japan)	Shichidashiki Unou de Adventure - Kotoba ABC - 0-2-sai Muke	2000	Educational/Casual Game	Success	1
Shichida-shiki Unou de Asobenture Vol. 2 - Katachi 123 - 0-2-sai Muke (Japan)	Shichidashiki Unou de Adventure - Katachi 123 0Sai - 2Sai Muke	2000	Educational/Casual Game	Success	1
Shichida-shiki Unou de Asobenture Vol. 3 - Kotoba ABC - 2-4sai Muke (Japan)	Shichidashiki Unou De Asoventure : Kotoba Abc - 2-4-sai Muke	2000	Educational/Casual Game	Success	1
Shichida-shiki Unou de Asobenture Vol. 4 - Katachi 123 - 2-4-sai Muke (Japan)	Shichidashiki Unou de Adventure - Katachi 123 2Sai - 4Sai Muke	2000	Educational/Casual Game	Success	1
Shichida-shiki Unou de Asobenture Vol. 5 - Kotoba ABC - 4-6-sai Muke (Japan)	Shichida Shiki Unou de Asoventure - Kotoba ABC 4-6-sai Muke	2000	Educational	Success	1
Shichida-shiki Unou de Asobenture Vol. 6 - Katachi 123 - 4-6-sai Muke (Japan)	Shichidashiki Unou de Adventure - Katachi 123 4Sai - 6Sai Muke	2000	Educational/Casual Game	Success	1
Shichisei Toushin Guyferd - Crown Kaimetsu Sakusen (Japan)	Shichisei Toushin Guyferd : Crown Kaimetsu Sakusen	1998	Adventure	Capcom	1-2
Shichuu Suimei Pitagraph (Japan)	Shichuu Suimei Pitagraph	1995	Simulation	Ontsu Soft	1
Shiki Oriori no Bass Tsuri (Japan)	Shiki Oriori no Bass Tsuri	2000	Fishing/Hunting and Fishing	Visit	1
Shin DX Okuman Chouja Game - Tsukutte! Utte! Oomouke! (Japan)	Shin DX Okuman Chouja Game : Tsukutte! Utte! Oomouke!	2003	Board game	Takara	1-4
Shin Fortune Quest - Shokutaku no Kishitachi (Japan)	Shin Fortune Quest : Shokutaku no Kishi-tachi	1996	Board game	MediaWorks	1-4
Shin Jidaigeki Action - Rasetsu no Ken (Japan, Asia)	Soul of the Samurai	1999	Adventure	Konami	1
Shin Masou Kishin - Panzer Warfare (Japan)	Shin Masou Kishin : Panzer Warfare	1999	Role Playing Game	Banpresto	1
Shin Megami Tensei (Japan)	Shin Megami Tensei	2001	Role Playing Game	Atlus	1
Shin Megami Tensei - Devil Children - Kuro no Sho, Aka no Sho (Japan)	Shin Megami Tensei : Devil Children - Kuro No Sho - Aka No Sho	2002	Role Playing Game	Access Games	1-2
Shin Megami Tensei If... (Japan)	Shin Megami Tensei If...	2002	Dungeon Crawler RPG/Role Playing Game	Atlus	1
Shin Megami Tensei II (Japan)	Shin Megami Tensei II	2002	Role Playing Game	Atlus	1
Shin Nihon Pro Wrestling - Toukon Retsuden (Japan)	Shin Nihon Pro Wrestling : Toukon Retsuden	1995	Sports / Fighting/Sports	Yuke's	1-2
Shin Nihon Pro Wrestling - Toukon Retsuden 2 (Japan)	Shin Nihon Pro Wrestling : Toukon Retsuden 2	1996	Sports / Fighting/Sports	Yuke's	1-4
Shin Nihon Pro Wrestling - Toukon Retsuden 3 (Japan)	Shin Nihon Pro Wrestling : Toukon Retsuden 3	1998	Sports / Fighting/Sports	Yuke's	1-4
Shin SD Sengokuden - Kidou Musha Taisen (Japan)	Shin SD Sengokuden : Kidou Musha Taisen	1996	Role Playing Game	Lay-Up	1
Shin Sedai Robot Senki - Brave Saga (Japan)	Shin Sedai Robot Senki : Brave Saga	1998	Role Playing Game	Pandora Box	1
Shin Sedai Robot Senki - Brave Saga - Yuusha Gentei Koushiki Data Disc - Yuusha no Akashi (Japan)	Shin Sedai Robot Senki : Brave Saga	1998	Role Playing Game	Pandora Box	1
Shin Seiki Evangelion - Eva to Yukai na Nakamatachi (Japan)	Shinseiki Evangelion : Eva to Yukai Na Nakamatachi	1998	Mahjong/Asiatic board game	TamTam	1
Shin Seiki Evangelion - Koutetsu no Girlfriend (Japan) (Disc 1)	Shin Seiki Evangelion : Koutetsu no Girlfriend	1998	Adventure	Gainax	1
Shin Senki Van-Gale - The War of Neo-Century (Japan)	Shin Senki Van-Gale : The War of Neo-Century	1997	Fighting	Yumedia	1-2
Shin Shikoutei - The First Emperor (Japan, Asia)	Shin Shikoutei : The First Emperor	1997	Strategy	Shangri-La	1
Shin Super Robot Taisen (Japan)	Shin Super Robot Taisen	1997	Role Playing Game	Winky Soft	1
Shin Super Robot Taisen - Special Disc (Japan)	Shin Super Robot Wars Special Disc	1997	Role Playing Game/Strategy/Music and Dancing	Banpresto	1
Shin Theme Park (Japan)	Shin Theme Park	1997	Build And Management/Strategy/Simulation	TOSE	1
Shingata Kururin Pa! (Japan)	Shingata Kururin Pa!	1996	Puzzle	Sky Think System	1-2
Shinobi no Roku (Japan)	Kisou Jidaigeki Sugoroku ; Shinobi No Roku	2000	Board game	Astec 21	1-4
Shinri Game 10, The (Japan)	The Shinri Game 10	2001	Quiz	Ukiyotei	1-2
Shinri Game 2, The (Japan)	The Shinri Game 2	1997	Quiz	Ukiyotei	1-2
Shinri Game 3, The (Japan)	The Shinri Game 3	1997	Quiz	Ukiyotei	1-2
Shinri Game 5, The (Japan)	The Shinri Game 5	1999	Quiz	Ukiyotei	1-2
Shinri Game 6, The (Japan)	The Shinri Game 6	2000	Quiz	Billiken Soft	1-2
Shinri Game 7, The (Japan)	The Shinri Game 7	2000	Quiz	Ukiyotei	1-2
Shinri Game 8, The (Japan)	The Shinri Game 8	2000	Quiz	Ukiyotei	1-2
Shinri Game 9, The (Japan)	The Shinri Game 9	2000	Quiz	Ukiyotei	1-2
Shinri Game IV, The - Itsu mo Kokoro ni Hoshizora o (Japan)	The Shinri Game IV : Itsumo Kokoro ni Hoshizora wo	1998	Quiz	Billiken Soft	1-2
Shinri Game, The (Japan)	The Shinri Game	1996	Quiz	Visit	1
Shinseiden Megaseed - Fukkatsu-hen (Japan)	Shinseiden Megaseed : Fukkatsu-hen	1997	Role Playing Game	Japan Media Programming	1
Shinsetsu Samurai Spirits - Bushidou Retsuden (Japan)	Shinsetsu Samurai Spirits : Bushidou Retsuden	1997	Role Playing Game	SNK	1
Shinshuku Taisen - It's a Nony! (Japan)	Shinshuku Taisen It's a Nony!	1997	Puzzle	TMF	1-2
Shinsou Kaiten!! Wan Wan Umi Monogatari - Sanyo Pachinko Paradise DX (Japan)	Sanyo Pachinko Paradise DX	2001	Casino	Irem	1
Shipwreckers! (USA)	Shipwreckers!	1997	Adventure	Psygnosis	1-5
Shiritsu Justice Gakuen - Legion of Heroes (Japan) (Disc 1) (Evolution Disc)	Rival Schools : United by Fate	1998	Fighting / Versus/Fighting/Casual Game	Capcom	1-2
Shiritsu Justice Gakuen - Nekketsu Seishun Nikki 2 (Japan)	Shiritsu Justice Gakuen : Nekketsu Seishun Nikki 2	1999	Fighting/Casual Game	Capcom	1-2
Shisenfuu Gekikara Mahjong (Japan)	Shisenfu Gekikara Mahjong	2001	Mahjong/Asiatic board game	Four Winds	1
Shock Wave (Japan)	Shockwave Assault	1995	Shooter	Crystal Dynamics	1
Shock Wave - Operation JumpGate (Japan)	Shockwave Assault	1995	Shooter	Crystal Dynamics	1
Shockwave Assault (USA) (Disc 1) (Shockwave - Invasion Earth)	Shockwave Assault	1995	Shooter	Crystal Dynamics	1
Shonen Jump's One Piece - Grand Battle (Europe) (En,Fr,De,Es,It)	One Piece : Grand Battle	2003	Fighting	Ganbarion	1-2
Shoot (Germany)	Shoot	2004	Shooter	Phoenix Games	1
Shougi Joryuu Meijin'isen (Japan)	Shougi Joryuu Meijini-sen	1995	Shougi/Asiatic board game	SETA	1-2
Shougi Saikyou - Pro ni Manabu (Japan)	Shougi Saikyou : Pro ni Manabu	1999	Shougi/Asiatic board game	Magical Company	1
Shougi Saikyou 2 (Japan)	Shougi Saikyou 2	1998	Shougi/Asiatic board game	Magical Company	1
Shouryuu Sangoku Engi (Japan)	Shouryuu Sangoku Engi	1996	Strategy	Ron	1
Shrek Treasure Hunt (USA)	Shrek Treasure Hunt	2002		The Code Monkeys	1
Shura no Mon (Japan)	Shura no Mon	1998	Fighting	Vistec	1-2
Shusse Mahjong Daisettai (Japan)	Shusse Mahjong Daisettai	1996	Mahjong/Asiatic board game	Kamui	1
Shutokou Battle Gaiden - Super Technic Challenge - Drift King e no Michi (Japan)	Shutokou Battle Gaiden : Super Technic Challenge, Drift King e no Michi	1996	Racing, Driving	Mitsui & Co	1
Shutokou Battle R (Japan)	Shutokou Battle R	1997	Racing, Driving	Genki	1
Shuukan Gallop - Blood Master (Japan) (Disc 1)	Shuukan Gallop : Blood Master	1999	Sports with animals	Pony Canyon	1
Shuukan Pro Wres Kanshuu - Pro Wres Sengokuden (Japan)	Pro Wrestling Sengokuden	1997	Simulation	Dream Japan	1
Sid Meier's Civilization - Shin Sekai Shichidai Bunmei (Japan)	Sid Meier's Civilization : Shin Sekai Shichidai Bunmei	1996	Build And Management/Simulation	MicroProse	1
Side by Side Special (Japan)	Side by Side Special	1997	Racing, Driving	Taito	1
Side by Side Special 2000 (Japan)	Side by Side Special 2000	1999	Racing, Driving	Taito	1
Side Pocket 3 (Japan)	Side Pocket 3 - 3D Polygon Billiard Game	1998	Sports / Pool/Sports	Prosoft	1-4
Sidewinder (Japan)	Bogey : Dead 6	1996	Shooter	Pegasus Japan	1-2
Sidewinder 2 - Let's Dance in the Sky (Japan) (En,Ja)	Sidewinder 2 : Let's Dance in the Sky	1999	Shooter	Pegasus Japan	1
Sidewinder USA (Japan)	Bogey : Dead 6	1996	Shooter	Pegasus Japan	1-2
Silent Bomber (USA)	Silent Bomber	2000		CyberConnect2	1-2
Silent Hill (USA)	Silent Hill	1999	Adventure / Survival Horror/Adventure	Team Silent	1
Silent Iron (Europe)	Silent Iron	2003	Shooter	Phoenix Games	1
Silent Moebius - Case - Titanic (Japan)	Silent Moebius : Case, Titanic	1998	Adventure	Gainax	1
Silent Moebius - Gen'ei no Datenshi (Japan)	Silent Moebius : Genei no Datenshi	1998	Role Playing Game	Technosoft	1
Silhouette Mirage (USA)	Silhouette Mirage	2000	Platform	Treasure	1
Silhouette Mirage - Reprogrammed Hope (Japan)	Silhouette Mirage	2000	Platform	Treasure	1
Silhouette Stories (Japan)	Silhouette Stories	1996	Puzzle	Kaneko	1-2
Silver Jiken - The Silver (Japan)	Silver Jiken	2000	Adventure	Grasshopper Manufacture	1
Silver Jiken - The Silver - Experience (Japan) (Demo)	Silver Jiken	2000	Adventure	Grasshopper Manufacture	1
Silverload (USA)	Silverload	1996	Adventure	Millennium Interactive	1
Sim Town (Japan)	SimTown	1997	Build And Management/Simulation	Maxis Software	1
SimCity 2000 (USA)	SimCity 2000	1996	Build And Management/Simulation	Maxis Software	1
Simple 1500 Jitsuyou Series Vol. 01 - Norikae Annai - 2000-nenban (Japan)	Simple 1500 Jitsuyou Series Vol. 01 : Norikae Annai - 2000 Nen Ban	2000	Educational	Jorudan	1
Simple 1500 Jitsuyou Series Vol. 02 - Katei no Fuusui (Japan)	Simple 1500 Jitsuyou Series Vol. 02 : Katei No Fuusui	2000	Simulation	Game Stage	1
Simple 1500 Jitsuyou Series Vol. 03 - Seimei Handan (Japan)	Simple 1500 Jitsuyou Series Vol. 03 : Seimei Handan	2000	Simulation	Game Stage	1
Simple 1500 Jitsuyou Series Vol. 04 - Ryouri - Teiban Ryouri Recipe-shuu (Japan)	Simple 1500 Jitsuyou Series Vol. 04 : Ryouri - Teiban Ryouri Recipe Shuu	2000	Simulation/Educational	Nekogumi	1
Simple 1500 Jitsuyou Series Vol. 05 - Kusuri no Jiten - Pill Book 2001-nenban (Japan)	Simple 1500 Jitsuyou Series Vol. 05 : Kusuri No Jiten - Pill Book 2001 Nen Ban	2001	Educational	Jorudan	1
Simple 1500 Jitsuyou Series Vol. 06 - Cocktail no Recipe (Japan)	Cocktail Harmony	1998	Simulation	Astroll	1
Simple 1500 Jitsuyou Series Vol. 07 - Tanoshiku Manabu Unten Menkyo (Japan)	Simple 1500 Jitsuyou Series Vol. 07 : Tanoshiku Manabu Unten Menkyo	2001	Quiz/Simulation	Vingt-et-un Systems Corporation	1
Simple 1500 Jitsuyou Series Vol. 08 - 1-jikan de Wakaru Kabushiki Toushi (Japan)	Simple 1500 Jitsuyou Series Vol. 08 : 1 Jikan De Wakaru Kabushiki Toushi	2001	Educational/Quiz	Jorudan	1
Simple 1500 Jitsuyou Series Vol. 09 - Watashi Style no Aromatherapy (Japan)	Simple 1500 Jitsuyou Series Vol. 09 : Watashi Style No Aromatherapy	2001	Educational/Quiz	Amachi	1
Simple 1500 Jitsuyou Series Vol. 10 - Tarot Uranai (Japan)	Simple 1500 Jitsuyou Series Vol. 10 : Tarot Uranai	2001	Quiz/Simulation	Vingt-et-un Systems Corporation	1
Simple 1500 Jitsuyou Series Vol. 11 - Katei de Dekiru Tsubo Shiatsu (Japan)	Simple 1500 Jitsuyou Series Vol. 11 : Katei De Dekiru Tsubo Shiatsu	2001	Educational	ASK Kodansha	1
Simple 1500 Jitsuyou Series Vol. 12 - Katei no Igaku - Shindan Jiten (Japan)	Simple 1500 Jitsuyou Series Vol. 12 : Katei No Igaku - Shindan Jiten	2001	Various	ASK Kodansha	1
Simple 1500 Jitsuyou Series Vol. 13 - Shinri Game - Soreike x Kokology - Kokoro no Uso no Makafushigi (Japan)	Soreike no Kokoroji : Kokoro ga Oshieru Koi, Kekkon, Jinsei	1996	Quiz	Access Games	1-2
Simple 1500 Jitsuyou Series Vol. 14 - Kurashi no Manner - Kankon Sousai-hen (Japan)	Simple 1500 Jitsuyou Series Vol. 14 : Kurashi No Manner - Kankonsousai Hen	2002	Educational/Quiz	SOL	1
Simple 1500 Jitsuyou Series Vol. 15 - Inu no Kaikata - Sekai no Inu Catalog (Japan)	Inu No Kaikata : Sekai No Inu Catalog (1500 Series)	2002	Quiz	Billiken Soft	1
Simple 1500 Jitsuyou Series Vol. 16 - Neko no Kaikata - Sekai no Neko Catalog (Japan)	Simple 1500 Jitsuyou Series Vol. 16 : Neko No Kaikata - Sekai No Neko Catalog	2002	Quiz	Billiken Soft	1
Simple 1500 Jitsuyou Series Vol. 17 - Planetarium (Japan)	Simple 1500 Jitsuyou Series Vol. 17 : Planetarium	2002	Quiz/Educational	Highwaystar	1-2
Simple 1500 Jitsuyou Series Vol. 18 - Kanji Quiz - Kanji Kentei ni Challenge (Japan)	Kanji Quiz : Kanji Kentei Ni Challenge (1500 Series)	2002	Educational	Dyna	1-2
Simple 1500 Series - Hello Kitty Vol. 01 - Bowling (Japan)	Hello Kitty : Bowling (1500 Series)	2001	Sports / Bowling/Sports	Tamsoft	1-4
Simple 1500 Series - Hello Kitty Vol. 02 - Illust Puzzle (Japan)	Hello Kitty : Illust Puzzle (1500 Series)	2001	Puzzle	Tamsoft	1
Simple 1500 Series - Hello Kitty Vol. 03 - Block Kuzushi (Japan)	Hello Kitty : Block Kuzushi (1500 Series)	2001	Action/Action / Breakout games	Tamsoft	1
Simple 1500 Series - Hello Kitty Vol. 04 - Trump (Japan)	Hello Kitty : Trump (1500 Series)	2001	Playing cards	D3Publisher	1
Simple 1500 Series Vol. 1 - The Mahjong (Japan)	The Mahjong (Simple 1500 Series)	1998	Mahjong/Asiatic board game	Success	1
Simple 1500 Series Vol. 10 - The Billiard (Japan)	Billiards	2001	Sports / Pool/Sports	Success	1-2
Simple 1500 Series Vol. 100 - The Uchuu Hikoushi (Japan)	Simple 1500 Series Vol. 100 : The Uchuuhikoushi	2002		Amedio	1
Simple 1500 Series Vol. 101 - The Sentou (Japan)	Simple 1500 Series Vol. 101 : The Sentou	2003	Simulation	Max Entertaiment	1
Simple 1500 Series Vol. 102 - The Densha Untenshu - Densha de Go! Nagoya Tetsudou-hen (Japan)	Densha De Go! Nagoya Railroad	2000	Simulation / Vehicle/Simulation	Taito	1
Simple 1500 Series Vol. 103 - The Ganso Densha Untenshi - Densha de Go! (Japan)	Densha de Go!	1997	Simulation / Vehicle/Simulation	Taito	1
Simple 1500 Series Vol. 104 - The Pink Panther - Pinkadelic Pursuit (Japan)	Pink Panther : Pinkadelic Pursuit	2003	Platform	Etranges Libellules	1
Simple 1500 Series Vol. 11 - The Pinball 3D (Japan)	The Pinball : 3D (Simple 1500 Series)	1999	Pinball	Nekogumi	1
Simple 1500 Series Vol. 12 - The Quiz (Japan)	The Quiz (Simple 1500 Series)	1999	Quiz	Tears	1-2
Simple 1500 Series Vol. 13 - The Race (Japan)	Racing	1999	Racing, Driving	Tamsoft	1
Simple 1500 Series Vol. 14 - The Block Kuzushi (Japan)	Block Buster	2003	Action/Action / Breakout games	Tamsoft	1-2
Simple 1500 Series Vol. 15 - The Pachinko (Japan)	The Pachinko (Simple 1500 Series)	1999	Casino	Craftman	1
Simple 1500 Series Vol. 16 - The Pachi-Slot (Japan)	The Pachi-slot (Simple 1500 Series)	1999	Casino	D3Publisher	1
Simple 1500 Series Vol. 17 - The Bike Race (Japan)	The Bike Race (Simple 1500 Series)	1999	Racing, Driving	Boom	1-2
Simple 1500 Series Vol. 18 - The Bowling (Japan)	Bowling	2000	Sports/Sports / Bowling	Tamsoft	1-4
Simple 1500 Series Vol. 19 - The Sugoroku (Japan)	The Sugoroku (Simple 1500 Series)	1999	Board game	Amedio	1-4
Simple 1500 Series Vol. 2 - The Shougi (Japan)	The Shogi (Simple 1500 Series)	1999	Board game/Asiatic board game	Success	1
Simple 1500 Series Vol. 20 - The Puzzle (Japan)	Pastel Muses	1997	Puzzle	Soft Office	1-2
Simple 1500 Series Vol. 21 - The Yakyuu (Japan)	The Yakyuu : Pro Yakyuu Jitsumeiban (Simple 1500 Series)	2001	Sports / Baseball/Simulation/Sports	E's	1-2
Simple 1500 Series Vol. 21 - The Yakyuu - Pro Yakyuu Jitsumeiban (Japan)	The Yakyuu : Pro Yakyuu Jitsumeiban (Simple 1500 Series)	2001	Sports / Baseball/Simulation/Sports	E's	1-2
Simple 1500 Series Vol. 22 - The Pro Wrestling (Japan)	The Pro Wrestling (Simple 1500 Series)	1999	Sports / Fighting/Sports	Yuke's	1-2
Simple 1500 Series Vol. 23 - The Gateball (Japan)	The Gateball (Simple 1500 Series)	1999	Sports	Amedio	1-2
Simple 1500 Series Vol. 24 - The Gun Shooting (Japan)	The Gun Shooting (Simple 1500 Series)	1999	Lightgun Shooter	Nekogumi	1-2
Simple 1500 Series Vol. 25 - The Keiba (Japan)	The Keiba (Simple 1500 Series)	2000	Horse racing/Sports with animals	Nekogumi	1-2
Simple 1500 Series Vol. 26 - The Tennis (Japan)	Tennis	2001	Sports/Sports / Tennis/Sports	Nekogumi	1-4
Simple 1500 Series Vol. 27 - The Snowboard (Japan)	Snowboarding	2000	Sports / Skiing/Sports	Atelier Double	1-2
Simple 1500 Series Vol. 28 - The Dungeon RPG (Japan)	The Dungeon RPG (Simple 1500 Series)	2000	Role Playing Game	Mint / Plophet	1
Simple 1500 Series Vol. 29 - The Tsuri (Japan)	The Tsuri (Simple 1500 Series)	2000	Fishing/Hunting and Fishing	Access Games	1
Simple 1500 Series Vol. 3 - The Gomoku Narabe (Japan)	The Gomoku Narabe (Simple 1500 Series)	1998	Asiatic board game	Success	1-2
Simple 1500 Series Vol. 30 - The Basket - 1 on 1 Plus (Japan)	1 on 1	1998	Sports / Basketball/Sports	Jorudan	1-2
Simple 1500 Series Vol. 31 - The Sound Novel (Japan)	The Sound Novel (Simple 1500 Series)	2000	Adventure	Axes Art Amuse	1
Simple 1500 Series Vol. 32 - The Boxing (Japan)	Boxing	2001	Sports / Boxing/Fighting/Sports	Nekogumi	1-2
Simple 1500 Series Vol. 33 - The Takkyuu (Japan)	The Takkyuu (Simple 1500 Series)	2000	Sports / Table tennis/Sports	Amedio	1-2
Simple 1500 Series Vol. 34 - The Quiz Bangumi (Japan)	The Quiz Bangumi (Simple 1500 Series)	2000	Quiz	Athena	1-4
Simple 1500 Series Vol. 35 - The Shooting (Japan)	Shooter Space Shot	2001	Shooter	C.I.I.	1
Simple 1500 Series Vol. 36 - The Ren'ai Simulation - Natsuiro Celebration (Japan)	The Renai Simulation : Natsu Iro Celebration (Simple 1500 Series)	2000	Adventure	Hunex	1
Simple 1500 Series Vol. 37 - The Illust Puzzle & Slide Puzzle (Japan)	The Illust Puzzle And Slide Puzzle (Simple 1500 Series)	2000	Puzzle	Earthly	1-2
Simple 1500 Series Vol. 38 - The Real Racing - Toyota (Japan)	The Real Racing : Toyota (Simple 1500 Series)	2000	Racing, Driving	D3Publisher	1-2
Simple 1500 Series Vol. 39 - The Mahjong 2 (Japan)	The Mahjong 2 (Simple 1500 Series)	2000	Mahjong/Asiatic board game	Warashi	1
Simple 1500 Series Vol. 4 - The Reversi (Japan)	The Reversi (Simple 1500 Series)	1998	Asiatic board game	Success	1-2
Simple 1500 Series Vol. 40 - The Shougi 2 (Japan)	The Shogi 2 (Simple 1500 Series)	2000	Shougi/Asiatic board game	Warashi	1-2
Simple 1500 Series Vol. 41 - The Reversi 2 (Japan)	The Reversi 2 (Simple 1500 Series)	2000	Othello/Asiatic board game	Yuki Enterprise	1-2
Simple 1500 Series Vol. 42 - The Igo 2 (Japan)	The Igo 2 (Simple 1500 Series)	2000	Go/Asiatic board game	Yuki Enterprise	1-2
Simple 1500 Series Vol. 43 - The Hanafuda 2 (Japan)	The Hanafuda 2 (Simple 1500 Series)	2000	Hanafuda/Asiatic board game	Yuki Enterprise	1
Simple 1500 Series Vol. 44 - The Card 2 (Japan)	The Card 2 (Simple 1500 Series)	2000	Playing cards	Amedio	1-2
Simple 1500 Series Vol. 45 - The Block Kuzushi 2 (Japan)	Block Buster	2003	Action/Action / Breakout games	Tamsoft	1-2
Simple 1500 Series Vol. 46 - The Mahjong Ochigee - Raku Jongg (Japan)	The Mahjong Ochigee : Raku Jongg (Simple 1500 Series)	2000	Mahjong/Puzzle/Asiatic board game	Enterbrain	1-2
Simple 1500 Series Vol. 47 - The Skateboard (Japan)	Street Sk8er	1999	Sports / Skateboard/Sports	Atelier Double	1-2
Simple 1500 Series Vol. 48 - The Puzzle 2 (Japan)	Destructo 2	2003	Puzzle	D3Publisher	1-2
Simple 1500 Series Vol. 49 - The Casino (Japan)	The Casino (Simple 1500 Series)	2000	Casino	Break	1-2
Simple 1500 Series Vol. 5 - The Igo (Japan)	The Igo (Simple 1500 Series)	1998	Go/Asiatic board game	Success	1-2
Simple 1500 Series Vol. 50 - The Billiard 2 (Japan)	The Billiard 2 (Simple 1500 Series)	2000	Sports / Pool/Sports	Argent	1-2
Simple 1500 Series Vol. 51 - The Jigsaw Puzzle (Japan)	The Jigsaw Puzzle (Simple 1500 Series)	2000	Puzzle	Amusement	1-4
Simple 1500 Series Vol. 52 - The Pro Wrestling 2 (Japan)	The Pro Wrestling 2 (Simple 1500 Series)	2000	Sports / Wrestling/Sports	Yuke's	1-2
Simple 1500 Series Vol. 53 - The Helicopter (Japan)	RC Helicopter	2002	Simulation	D's Garage 21	1
Simple 1500 Series Vol. 54 - The Volleyball - Break Volley Plus (Japan)	Break Volley	1999	Sports / Volleyball/Sports/Sports	Art	1-2
Simple 1500 Series Vol. 55 - The Darts (Japan)	The Darts (Simple 1500 Series)	2001	Sports / Darts/Sports	Amedio	1-2
Simple 1500 Series Vol. 56 - The Sniper (Japan)	The Sniper (Simple 1500 Series)	2001	Shooter / FPV/Shooter	SOL	1
Simple 1500 Series Vol. 57 - The Meiro (Japan)	The Meiro (Simple 1500 Series)	2001	Adventure	Mint	1-2
Simple 1500 Series Vol. 58 - The Sumou (Japan)	The Sumo (Simple 1500 Series)	2001	Fighting/Sports / Sumo/Sports	Multimedia Intelligence Transfer	1-2
Simple 1500 Series Vol. 59 - The Suiri - IT Tantei 18 no Jikenbo (Japan)	The Suiri : It Tantei 18 No Jikenbo (Simple 1500 Series)	2001	Adventure	Tomcat System	1
Simple 1500 Series Vol. 6 - The Hanafuda (Japan)	The Hanafuda (Simple 1500 Series)	1998	Hanafuda/Asiatic board game/Playing cards	Success	1
Simple 1500 Series Vol. 60 - The Table Hockey (Japan)	The Table Hockey (Simple 1500 Series)	2001	Sports / Shuffleboard/Sports	Break	1-4
Simple 1500 Series Vol. 61 - The Quiz 2 (Japan)	The Quiz 2 (Simple 1500 Series)	2001	Quiz	DoParts	1-2
Simple 1500 Series Vol. 62 - The Ski (Japan)	The Ski (Simple 1500 Series)	2001	Sports / Skiing/Sports	Atelier Double	1-2
Simple 1500 Series Vol. 63 - The Gun Shooting 2 (Japan)	The Gun Shooting 2 (Simple 1500 Series)	2001	Lightgun Shooter	Amusement	1-2
Simple 1500 Series Vol. 64 - The Kick Boxing (Japan)	Kickboxing	2001	Sports/Sports / Boxing/Fighting	Jorudan	1-2
Simple 1500 Series Vol. 65 - The Golf (Japan)	The Golf (Simple 1500 Series)	2001	Sports / Golf/Sports	Highwaystar	1-2
Simple 1500 Series Vol. 66 - The Kaiten - Mawasundaa!! (Japan)	Simple 1500 Series Vol. 66 : The Kaiten : Mawasundaa!!	2001	Casual Game	Taito	1-2
Simple 1500 Series Vol. 67 - The Soccer - Dynamite Soccer 1500 (Japan)	Dynamite Soccer 98	1998	Sports / Football (Soccer)/Sports	A-Max	1-2
Simple 1500 Series Vol. 68 - The RC Car - RC de Go! (Japan)	RC de Go!	2000	Racing, Driving	Taito	1
Simple 1500 Series Vol. 69 - The Putter Golf (Japan)	Putter Golf	2001	Sports / Golf/Sports	Amedio	4+
Simple 1500 Series Vol. 7 - The Card (Japan)	The Card (Simple 1500 Series)	1998	Playing cards	Success	1
Simple 1500 Series Vol. 70 - The War Simulation - Hito no Tsukurishi Monotachi (Japan)	The War Simulation : Hito No Tsukurishi Mono Tachi (Simple 1500 Series)	2001	Role Playing Game	SOL	1
Simple 1500 Series Vol. 71 - The Ren'ai Simulation 2 - Fureai (Japan)	The Renai Simulation 2 : Fureai (Simple 1500 Series)	2001	Adventure	Hunex	1
Simple 1500 Series Vol. 72 - The Beach Volley (Japan)	The Beach Volley (Simple 1500 Series)	2001	Sports / Volleyball/Sports	Break	1-2
Simple 1500 Series Vol. 73 - The Invaders - Space Invaders 1500 (Japan)	The Invaders : Space Invaders 1500 (Simple 1500 Series)	2001	Shoot'em Up / Vertical/Shooter / Space Invaders Like/Shooter/Shoot'em Up	Taito	1-2
Simple 1500 Series Vol. 74 - The Horror Mystery - Sangeki-kan - Kevin Hakushaku no Fukkatsu (Japan)	The Horror Mystery : Sangekikan (Simple 1500 Series)	2001	Adventure	Game Stage	1
Simple 1500 Series Vol. 75 - The Double Shooting - RayStorm x RayCrisis (Japan)	The Double Shooting : Raystorm X Raycrisis (Simple 1500 Series)	2001	Compilation/Shoot'em Up	Taito	1-2
Simple 1500 Series Vol. 76 - The Dodgeball (Japan)	All-Star Slammin' D-Ball	2001	Sports / Dodgeball/Sports	Access	1-2
Simple 1500 Series Vol. 77 - The Suiei (Japan)	The Suiei (Simple 1500 Series)	2001	Sports / Swimming/Sports	Highwaystar	1-2
Simple 1500 Series Vol. 78 - The Zeroyon (Japan)	The Zeroyon (Simple 1500 Series)	2001	Racing, Driving	Quintet	1-2
Simple 1500 Series Vol. 79 - The Shisenshou (Japan)	The Shisenshou (Simple 1500 Series)	2001	Puzzle	Warashi	1
Simple 1500 Series Vol. 8 - The Solitaire (Japan)	The Solitaire (Simple 1500 Series)	1999	Board game	F2 Company	1-2
Simple 1500 Series Vol. 80 - The Jintori (Japan)	Qix Neo	2003	Puzzle	Taito	1
Simple 1500 Series Vol. 81 - The Ren'ai Adventure - Okaeri! (Japan)	The Renai Adventure : Okaeri! (Simple 1500 Series)	2001	Adventure	Hunex	1
Simple 1500 Series Vol. 82 - The Sensuikan (Japan)	The Sensuikan (Simple 1500 Series)	2001	Simulation	Tomcat System	1
Simple 1500 Series Vol. 83 - The Wakeboard - BursTrick - Wake Boarding!! (Japan)	BursTrick : Wake Boarding!!	2001	Sports / Water/Sports	Metro Corporation	1
Simple 1500 Series Vol. 84 - The Intro Quiz (Japan)	The Intro Quiz (Simple 1500 Series)	2002	Quiz	AMS	1-4
Simple 1500 Series Vol. 85 - The Sengoku Bushou - Tenka Touitsu no Yabou (Japan)	The Sengoku Bushou : Tenka Touitsu No Yabou (Simple 1500 Series)	2002	Strategy	Siesta	1
Simple 1500 Series Vol. 86 - The Onigokko (Japan)	The Onigokko (Simple 1500 Series)	2002		Bestmedia	1-2
Simple 1500 Series Vol. 87 - The Kyoutei (Japan)	The Kyoutei (Simple 1500 Series)	2002	Racing, Driving	Highwaystar	1-2
Simple 1500 Series Vol. 88 - The Gal Mahjong - Love Songs - Idol wa High Rate (Japan)	The Gal Mahjong : Love Songs, Idol Wa High Rate (Simple 1500 Series)	2002	Mahjong/Asiatic board game	Hunex	1
Simple 1500 Series Vol. 89 - The Power Shovel ni Norou!! (Japan)	Power Shovel	2001	Simulation	Taito	1-2
Simple 1500 Series Vol. 9 - The Chess (Japan)	Checkmate	2001	Board game	Mere Mortals	1-2
Simple 1500 Series Vol. 90 - The Sensha (Japan)	Mobile Armor	2002	Shooter	Highwaystar	1-2
Simple 1500 Series Vol. 91 - The Gambler - Honoo no Tobaku Densetsu (Japan)	The Gambler : Honoo No Tobaku Densetsu (Simple 1500 Series)	2002	Casino	Tomcat System	1
Simple 1500 Series Vol. 92 - The Tozan RPG - Ginrei no Hasha (Japan)	The Tozan Rpg : Ginrei No Hasha (Simple 1500 Series)	2002	Role Playing Game	Hunex	1
Simple 1500 Series Vol. 93 - The Puzzle Bobble - Puzzle Bobble 4 (Japan)	Bust-A-Move 4	1998	Puzzle / Throw/Puzzle	Taito	1-2
Simple 1500 Series Vol. 94 - The Cameraman - Gekisha Boy Omake Tsuki (Japan)	The Cameraman (Simple 1500 Series)	2002	Platform	Irem	1-2
Simple 1500 Series Vol. 95 - The Hikouki (Japan)	Aces of the Air	2002	Simulation	Highwaystar	1
Simple 1500 Series Vol. 96 - The Yakyuu 2 - 2002 Pro Yakyuu (Japan)	The Yakyuu 2 : 2002 Pro Yakyuu (Simple 1500 Series)	2002	Simulation/Sports / Baseball/Sports	Access Games	1-2
Simple 1500 Series Vol. 97 - The Squash (Japan)	Street Racquetball	2003	Sports	Highwaystar	1-2
Simple 1500 Series Vol. 98 - The Futsal (Japan)	The Futsal (Simple 1500 Series)	2002	Sports / Football (Soccer)/Sports	Axes Art Amuse	1-2
Simple 1500 Series Vol. 99 - The Kendou - Ken no Hanamichi (Japan)	The Kendou : Ken No Hanamichi (Simple 1500 Series)	2002	Fighting / 3D/Fighting	Amedio	1-2
Simple Character 2000 Series Vol. 01 - Kidou Senshi Gundam - The Gunjin Shougi (Japan)	Kidou Senshi Gundam : The Gunjin Shougi (2000 Series)	2001	Shougi/Asiatic board game	Amedio	1-2
Simple Character 2000 Series Vol. 02 - Afro-ken - The Puzzle (Japan)	Afro-ken : The Puzzle (2000 Series)	2001	Puzzle	Axes Art Amuse	1-2
Simple Character 2000 Series Vol. 03 - Kamen Rider - The Bike Race (Japan)	Kamen Rider : The Bike Race (2000 Series)	2001	Racing, Driving	Highwaystar	1-2
Simple Character 2000 Series Vol. 04 - Jarinko Chie - The Hanafuda (Japan)	Jarinko Chie : The Hanafuda (2000 Series)	2001	Hanafuda/Asiatic board game/Playing cards	Yuki Enterprise	1
Simple Character 2000 Series Vol. 05 - High School! Kimengumi - The Table Hockey (Japan)	High School Kimengumi : The Table Hockey (2000 Series)	2001	Sports	Break	1-2
Simple Character 2000 Series Vol. 06 - Dokonjou Gaeru - The Mahjong (Japan)	Dokonjou Gaeru : The Mahjong (2000 Series)	2002	Mahjong/Asiatic board game	Yuki Enterprise	1
Simple Character 2000 Series Vol. 07 - Ikkyuu-san - The Quiz (Japan)	Ikkyu-san : The Quiz (2000 Series)	2002	Quiz	Bandai	1-2
Simple Character 2000 Series Vol. 08 - Kagaku Ninja-tai Gatchaman - The Shooting (Japan)	Kagaku Ninjatai Gatchaman : The Shooting (2000 Series)	2002	Shoot'em Up / Vertical/Shoot'em Up	Warashi	1
Simple Character 2000 Series Vol. 09 - Tsurikichi Sanpei - The Tsuri (Japan)	Tsurikichi Sanpei : The Tsuri (2000 Series)	2002	Fishing/Hunting and Fishing	Bandai	1
Simple Character 2000 Series Vol. 10 - Sakigake!! Otokojuku - The Dodgeball (Japan)	Sakigake!! Otokojuku : The Dodgeball (2000 Series)	2002	Sports/Sports / Dodgeball	Bandai	1-2
Simple Character 2000 Series Vol. 11 - Meitantei Conan - The Board Game (Japan)	Meitantei Conan : The Board Game (2000 Series)	2002	Casual Game	Bandai	1-4
Simple Character 2000 Series Vol. 12 - Kidou Butouden G Gundam - The Battle (Japan)	Kidou Butouden G Gundam : The Battle (2000 Series)	2002	Fighting	Natsume	1-2
Simple Character 2000 Series Vol. 13 - Shin Kidou Senki Gundam W - The Battle (Japan)	Shin Kidou Senki Gundam W : The Battle (2000 Series)	2002	Fighting	Natsume	1-2
Simple Character 2000 Series Vol. 14 - Nante Tantei Idol - The Jigsaw Puzzle (Japan)	Nantettantei Idol : The Jigsaw Puzzle (2000 Series)	2002	Puzzle	Bandai	1-2
Simple Character 2000 Series Vol. 15 - Cyborg 009 - The Block Kuzushi (Japan)	Cyborg 009 : The Block Kuzushi (2000 Series)	2002	Action/Action / Breakout games	Access Games	1
Simple Character 2000 Series Vol. 16 - Gamba no Bouken - The Puzzle Action (Japan)	Gamba No Bouken : The Puzzle Action (2000 Series)	2003	Puzzle	Ooparts	1-2
Simple Character 2000 Series Vol. 17 - Sentou Mecha Xabungle - The Race in Action (Japan)	Sentou Mecha Xabungle - The Racing Game (2000 Series)	2003		Access	1
Simpsons Wrestling, The (USA)	The Simpsons Wrestling	2001	Fighting	Big Ape Productions	1-2
SimTheme Park (USA)	Sim Theme Park	2000	Build And Management/Strategy/Simulation	Climax Fareham	1
Simulation Pro Yakyuu '99 (Japan)	Simulation Pro Yakyuu '99	1999	Sports / Baseball/Simulation/Sports	HectorSoft	1
Simulation RPG Tkool (Japan)	Simulation RPG Tsukuru	2001	Simulation	Pegasus Japan	1
Simulation Zoo (Japan)	Simulation Zoo	1996	Simulation/Strategy	Alfa System	1
Sister Princess (Japan) (Disc 1)	Sister Princess	2001	Adventure/Simulation	Media Works	1
Sister Princess - Pure Stories (Japan)	Sister Princess : Pure Stories	2001	Simulation/Puzzle/Adventure	Media Works	1
Sister Princess 2 (Japan) (Disc 1)	Sister Princess 2	2003	Adventure/Simulation	Stack	1
Sister Princess 2 - Premium Fan Disc (Japan) (Disc A)	Sister Princess 2 : Premium Fan Disc	2003	Adventure/Simulation	Stack	1
Sitting Ducks (Europe) (En,Fr,De,Es,It,Nl)	Sitting Ducks	2004	Adventure	The Code Monkeys	1
Skeleton Warriors (USA)	Skeleton Warriors	1996		Neversoft	1
Ski Air Mix (Europe)	Ski Air Mix	2000	Sports / Skiing/Sports	Kindle Imagine Develop	1
Skullmonkeys (USA)	Skullmonkeys	1998	Platform	The Neverhood	1
Sky Sports Football Quiz (Europe)	Sky Sports Football Quiz	2001	Quiz	Hothouse Creations	1-2
Sky Sports Football Quiz - Season 02 (Europe)	Sky Sports Football Quiz : Season 02	2002	Quiz	Hothouse Creations	1-2
Skydiving Extreme (USA)	Skydiving Extreme	2001	Sports / Skydiving/Simulation/Sports	Metro 3D	1-2
Slam 'n Jam '96 featuring Magic & Kareem (USA)	Slam 'n Jam '96 featuring Magic & Kareem	1996	Sports / Basketball/Sports	Left Field Productions	1-4
Slam Dragon (Japan)	Slam Dragon	1996	Fighting	Jaleco	1-2
Slamscape (USA)	Slamscape	1996	Shooter/Puzzle	Viacom New Media	1
Slap Happy Rhythm Busters (Japan)	Slap Happy Rhythm Busters	2000	Fighting	Polygon Magic	1-2
Slayers Royal (Japan)	Slayers Royal	1998	Adventure/Role Playing Game	Onion Egg / JAM	1
Slayers Royal 2 (Japan)	Slayers Royal 2	1999	Role Playing Game/Adventure	TOSE	1
Slayers Wonderful (Japan)	Slayers Wonderful	1998	Role Playing Game	TamTam	1
Sled Storm & Medal of Honor Demo CD (USA)	Sled Storm	1999	Racing, Driving	EA Vancouver	1-4
Sled Storm (USA, Canada)	Sled Storm	1999	Racing, Driving	EA Vancouver	1-4
Slime Shiyou! (Japan)	Slime Shiyou!	1996	Strategy	Tohoku Shinsha	1
Slot! Pro - Ooedo Sakura Fubuki 2 (Japan)	Slot! Pro : Ooeto Sakura Fubuki 2	2000	Casino	Telenet	1
Slot! Pro 2 - Bakuretsu Oozumou Aka & Murasaki (Japan)	Slot! Pro 2 : Bakuretsu Oozumou Aka & Murasaki	2001	Casino	Olympia	1
Slot! Pro 3 - Juggler Special (Japan)	Slot! Pro 3 : Juggler Special	2002	Casino	Kita Denshi	1
Slot! Pro 4 - Tairyou Special (Japan)	Slot! Pro 4 : Tairyou Special	2002	Casino	Kita Denshi	1
Slot! Pro 5 - Naniwa Sakura Fubuki & Shimauta (Japan)	Slot! Pro 5 : Naniwa Sakura Fubuki And Shimauta	2002	Casino	Kita Denshi	1
Slot! Pro 6 - Hyper Juggler V (Japan)	Slot! Pro 6 : Hyper Juggler V	2002	Casino	Kita Denshi	1
Slot! Pro 7 - Hana Densetsu (Japan)	Slot! Pro 7 : Hana Densetsu	2002	Casino	Kita Denshi	1
Slot! Pro 8 - Shimamusume 30 & Hana Densetsu 25 (Japan)	Slot! Pro 8 : Shimamusume 30 And Hana Densetsu 25	2003	Casino	Telenet	1
Slots (USA)	Slots	2003	Casino	Coresoft	1
Slotter Mania - Gekinetsu Oki-Slot! Siosai Special (Japan)	Slotter Mania : Gekinetsu Okisuro! Siosai Special	2001	Casino	Dorart	1
Slotter Mania 2 - Chounetsu 30 Phi! Hana Hana & KingBary & Hai Hai Siosai (Japan)	Slotter Mania 2 : Chounetsu 30! Hana Hana & Kingbary & Hai Hai Siesta	2001	Casino	Dorart	1
Slotter Mania 3 - Bakuryou Houshutsu! Uminchu & Fire Element (Japan)	Slotter Mania 3 : Bakuryou Houshutsu! Uminchu & Fire Element	2002	Casino	Dorart	1
Slotter Mania 4 - Gekiatsu Youkou! Siolar & King Castle & Kabuto (Japan)	Slotter Mania 4 : Gekiatsu Youkou! Siolar & King Castle & Kabuto	2002	Casino	Dorart	1
Slotter Mania 5 - Gekiuchi Shinzui! Hyper Juggler V & Kita-chan Country & Wonder Review 2 (Japan)	Slotter Mania 5 : Gekiuchi Shinzui! Hyper Juggler V and Kita-chan Country	2002	Casino	Dorart	1
Slotter Mania 6 - Bakuretsu Sairai! Wadatsumi (2 Types) & Blue Lagoon (Japan)	Slotter Mania 6 : Bakuretsu Sairai! Wadatsumi	2002	Casino	Dorart	1
Slotter Mania 7 - Gekiatsu! Siosai-musume Seizoroi DX + Apache A (Japan)	Slotter Mania 7 : Gekiatsu! Siosai-musume Seizoroi DX + Apache A	2002	Casino	Dorart	1
Slotter Mania 8 - Miwaku no Takarabako! Jewel Magic 2 & Gold & Silver (Japan)	Slotter Mania 8 : Miwaku no Takarabako! Jewel Magic 2 & Gold & Silver	2003	Casino	Dorart	1
Slotter Mania 9 - Gokunetsu 30 Phi! Haibi & Splash Seven (Japan)	Slotter Mania 9	2003	Casino / Slot machine/Casino	Dorart	1
Slotter Mania Core - Tokonatsu no Atsusa! Oasis (Japan)	Slotter Mania Core : Tokonatsu no Atsusa! Oasis	2001	Casino	Dorart	1
Slotter Mania Gaiden - Chouatsu Densetsu! Golden Rookie & Fire V & Ryuuou (Japan)	Slotter Mania Gaiden : Chouatsu Densetsu! Golden Rookie & Fire V & Ryuuou	2002	Casino	Dorart	1
Small Soldiers (USA)	Small Soldiers	1998	Shooter	DreamWorks	1-2
Smash Court (Japan)	Namco Tennis Smash Court	1996	Sports / Tennis/Sports	Namco	1-4
Smash Court 2 (Japan)	Anna Kournikova's Smash Court Tennis	1999	Sports / Tennis/Sports	Namco	1-4
Smash Court 3 (Japan)	Smash Court 3	2000	Sports / Tennis/Sports	Namco	1-4
Smurf Racer! (USA) (En,Fr,Es)	Smurf Racer!	2001	Racing, Driving	Artificial Mind & Movement	1-2
Smurfs, The (USA) (En,Fr,Es)	The Smurfs	1999	Platform	Doki Denki	1
Snatcher (Japan)	Snatcher	1996	Adventure	KCET	1
Sno Pokeler (Japan)	Sno Pokeler	2000	Various / Utilities/Various	Atlus	1
Snobow Kids Plus (Japan)	Snobow Kids Plus	1999	Sports/Sports / Skiing	ASCII	1-2
SnoCross Championship Racing (USA)	SnoCross Championship Racing	2000	Racing, Driving	Crave Entertainment	1-2
Snow Break (Japan, Asia)	Extreme Snow Break	1998	Sports / Skiing/Sports	Microïds	2
Snow Racer 98 (Europe) (En,Fr,De)	Snow Racer 98	1998	Sports / Skiing/Sports	Power and Magic Development	1-2
Snowboard Racer (Europe)	Snowboarding	2000	Sports / Skiing/Sports	Atelier Double	1-2
Snowboarding (USA)	Snowboarding	2000	Sports / Skiing/Sports	Atelier Double	1-2
Snowman, The (Japan)	The Snowman	1995	Casual Game	Gaga	1
Soccer '97 (Europe) (En,Fr,De,Es,It)	Soccer '97	1997	Sports / Football (Soccer)/Sports	Silicon Dreams	1-4
Soccer Kid (Europe)	Soccer Kid	2003	Platform	Telegames	1
Soeldnerschild Special (Japan)	Soeldnerschild Special	1998	Strategy/Role Playing Game	Koei	1
Sol Divide (USA)	Sol Divide	2002	Shoot'em Up / Horizontal/Shoot'em Up	Psykio	1-2
Sold Out (Japan)	Sold Out	1997	Adventure/Simulation	Shinko Music	1
Solid Link - Dungeon Side (Japan)	Solid Link : Dungeon Side	2000	Role Playing Game	HectorSoft	1
Solid Link - Tower Side (Japan)	Solid Link : Tower Side	2000	Role Playing Game	HectorSoft	1
Sonata (Japan) (Disc 1)	Sonata	1999	Role Playing Game	T&E Soft	1
Sonic Wings Special (Europe)	Sonic Wings Special	2004	Shooter/Shoot'em Up / Vertical/Shoot'em Up	Video System	1-2
Sorcerer's Maze (USA)	Sorcerer's Maze	2003	Action/Action / Breakout games	XS Games	2
Soreike Flyfishing - Let's Go Flyfishing (Japan)	Soreike Flyfishing : Let's Go Flyfishing	1999	Fishing/Hunting and Fishing	Victor Interactive Software	1
Soreike no Kokology - Kokoro ga Oshieru Koi, Kekkon, Jinsei (Japan)	Soreike no Kokoroji : Kokoro ga Oshieru Koi, Kekkon, Jinsei	1996	Quiz	Access Games	1-2
Sotsugyou - Crossworld (Japan)	Sotsugyou : Crossworld	1996	Adventure	Hearty Robin	1
Sotsugyou II - Neo Generation (Japan)	Sotsugyou II : Neo Generation	1995	Simulation	Crosstalk	1
Sotsugyou III - Wedding Bell (Japan)	Sotsugyou III : Wedding Bell	1998	Adventure	Westone	1
Sotsugyou M - Seito Kaichou no Karei naru Inbou (Japan) (Disc 1)	Sotsugyou M : Seito Kaichou no Karei naru Inbou	1998	Adventure/Simulation	Westone	1
Sotsugyou R - Graduation Real (Japan)	Sotsugyou R : Graduation Real	1996	Adventure	Headroom	1
Sotsugyou Vacation (Japan)	Sotsugyou Vacation	1997	Adventure/Casual Game	Mainichi Communications	1
Sougaku Toshi Osaka (Japan) (Disc 1) (Method)	Sougaku Toshi Osaka	1999	Simulation	King Records	1
Soukaigi (Japan) (Disc 1)	Soukaigi	1998	Adventure	Yuke's	1
Soukoban - Nanmon Shinan (Japan)	Soukoban : Nanmon Shinan	1999	Puzzle	Unbalance	1
Soukoban Basic (Japan)	Soukoban Basic	1997	Puzzle	Itochu	1
Soukoban Basic 2 (Japan)	Soukoban Basic 2	1998	Puzzle	Unbalance	1
Soukou Kidoutai L.A.P.D. (Japan)	Future Cop : L.A.P.D.	1998	Shooter	EA Redwood Shores	1-2
Soukou Kihei Votoms - Koutetsu no Gunzei (Japan)	Soukou Kihei Votoms : Koutetsu no Gunzei	1999	Role Playing Game	Takara	1
Soukou Kihei Votoms - Lightning Slash (Japan)	Soukou Kihei Votoms : Lightning Slash	1999	Fighting	Takara	1-2
Soukou Kihei Votoms - Woodo Kummen (Japan)	Soukou Kihei Votoms : Woodo Kummen	1998	Shooter	Takara	1
Soukou Kihei Votoms Gaiden - Ao no Kishi Berserga Monogatari (Japan, Asia)	Soukou Kihei Votoms Gaiden : Ao no Kishi Berserga Monogatari	1997	Fighting	Takara	1-2
Soukuu no Tsubasa - Gotha World (Japan) (Disc 1)	Soukuu no Tsubasa : Gotha World	1997	Strategy	Micronet	1-2
Soukyuu Gurentai - Oubu Shutsugeki (Japan)	Soukyu Gurentai - Oubushustugeki	1997	Shoot'em Up	Raizing	1-2
Soul Blade (USA)	Soul Blade	1997	Fighting	Namco	1-2
Soul Edge (Japan)	Soul Blade	1997	Fighting	Namco	1-2
Soul of the Samurai (USA)	Soul of the Samurai	1999	Adventure	Konami	1
Soulmaster (Japan)	Soulmaster	1997	Japanese RPG/Role Playing Game	Koei	1-2
Soumatou (Japan)	Deception III : Dark Delusion	2000	Role Playing Game	Tecmo	1
Sound Novel Evolution 1 - Otogirisou - Sosei-hen (Japan)	Sound Novel Evolution 1 : Otogirisou, Sosei Hen	1999	Adventure	Chunsoft	1
Sound Novel Evolution 2 - Kamaitachi no Yoru Tokubetsu-hen (Japan)	Kamaitachi no Yoru Tokubetsu-hen	1999	Adventure	Astroll	1
Sound Novel Evolution 3 - Machi - Unmei no Kousaten (Japan) (Disc 1)	Sound Novel Evolution 3 : Machi, Unmei no Kousaten	1999	Adventure / Visual Novel/Adventure	Chunsoft	1
Sound Novel Tkool 2 (Japan)	Sound Novel Tsukuru 2	1997	Adventure/Simulation	Success	1
Sound Qube (Japan)	S.Q. - Sound Qube	1998	Puzzle	Human Entertainment	1
Souryuu (Japan)	Nippon Ichi Mahjong : Souryuu	1996	Mahjong/Asiatic board game	Nippon Ichi Software	1
Souten no Shiroki Kami no Kura - Great Peak (Japan)	Souten no Shiroki Kami no Kura : Great Peak	1998	Simulation	Pandora Box	1
South Park (USA)	South Park	1999	Shooter / FPV/Shooter	Acclaim Entertainment	1-2
South Park - Chef's Luv Shack (USA)	South Park : Chef's Luv Shack	1999	Casual Game/Quiz	Acclaim Entertainment	1-4
South Park Rally (USA)	South Park Rally	1999	Racing, Driving	Tantalus Media	1-2
Southern All Stars - Space MOSA Space Museum of Southern Art (Japan) (Disc 1) (Museum)	Southern All Stars : Space Mosa Space Museum Of Southern Art	1999	Music and Dancing/Various	Hanson	1
Soviet Strike (USA)	Soviet Strike	1996	Shooter	Electronic Arts	1
Space Adventure Cobra - The Shooting (Japan)	Space Adventure Cobra : The Shooting	1996	Shooter/Adventure	Takara	1
Space Debris (Europe)	Space Debris	2000		Rage Software	1
Space Griffon VF-9 (USA)	Space Griffon VF-9	1995	Shooter / FPV/Shooter	Panther Software	1
Space Hulk - Vengeance of the Blood Angels (USA)	Space Hulk : Vengeance of the Blood Angels	1996	Shooter / FPV/Shooter	Key Game	1-2
Space Invaders (USA)	Space Invaders	1999	Shooter / Space Invaders Like/Shooter	Taito	1-2
Space Invaders 2000 (Japan)	Space Invaders 2000	1998	Shooter / Space Invaders Like/Shooter	Taito	1-2
Space Invaders X (Japan)	Space Invaders	1999	Shooter / Space Invaders Like/Shooter	Taito	1-2
Space Jam (USA)	Space Jam	1996	Sports / Basketball/Sports	Sculptured Software	1-2
Space Rider (Europe)	Space Rider	2003	Shooter	NAPS Team	1
Space Shot (USA)	Shooter Space Shot	2001	Shooter	C.I.I.	1
Sparrow Garden - Namco Mahjong (Japan)	Sparrow Garden : Namco Mahjong	1996	Mahjong/Asiatic board game	Micronet	1
Spawn - The Eternal (USA)	Spawn : The Eternal	1997	Fighting	Capcom	1
Spec Ops - Airborne Commando (USA)	Spec Ops : Airborne Commando	2002	Shooter	Big Grub	1
Spec Ops - Covert Assault (USA)	Spec Ops : Covert Assault	2001	Shooter	Runecraft	2
Spec Ops - Ranger Elite (USA)	Spec Ops : Ranger Elite	2001	Shooter	Runecraft	1-2
Spec Ops - Stealth Patrol (USA)	Spec Ops : Stealth Patrol	2000	Shooter/Strategy	Runecraft	2
Spectral Blade (Japan)	Spectral Blade	1999	Role Playing Game	Idea Factory	1
Spectral Force (Japan)	Spectral Force	1997	Strategy	Idea Factory	1
Spectral Force - Itoshiki Jaaku (Japan)	Spectral Force : Itoshiki Jaaku	1999	Strategy/Role Playing Game	Idea Factory	1
Spectral Force 2 (Japan)	Spectral Force 2	2000	Strategy	Idea Factory	1
Spectral Tower (Japan)	Spectral Tower	1996	Role Playing Game	Idea Factory	1
Spectral Tower II (Japan)	Spectral Tower II	1998	Role Playing Game	Idea Factory	1
Speed Freaks (Europe)	Speed Punks	2000	Racing, Driving	Sony Computer Entertainment	1-4
Speed King - Neo Kobe 2045 (Japan)	Road Rage	1997	Racing, Driving	KCET	1
Speed Machines (Europe)	Speed Machines	2002	Racing, Driving	Bigben Interactive	1
Speed Punks (USA)	Speed Punks	2000	Racing, Driving	Sony Computer Entertainment	1-4
Speed Racer (USA)	Speed Racer	1998	Racing, Driving	Graphic Research	1
Speedball 2100 (USA)	Speedball 2100	2002	Sports	The Bitmap Brothers	1-2
Speedster (Europe)	Rush Hour	1997	Racing, Driving	Clockwork Games Limited	1-2
Spice World (USA)	Spice World	1998	Rhythm/Music and Dancing	Sony Computer Entertainment	1
Spider - The Video Game (USA)	Spider : The Video Game	1997	Platform	Boss Game	1
Spider-Man (USA)	Spider-Man	2000	Platform	Activision	1
Spider-Man 2 - Enter - Electro (USA)	Spider-Man 2 - Enter: Electro	2001	Adventure	Vicarious Vision	1
Spider-Man 2 - La Revanche d'Electro (France)	Spider-Man 2 - Enter: Electro	2001	Adventure	Vicarious Vision	1
Spin Jam (USA)	Spin Jam	2000	Puzzle/Strategy	Empire Interactive	1-2
Spin Tail (Japan)	Gex : Enter the Gecko	1998	Platform	Crystal Dynamics	1
Sports Car GT (USA)	Sports Car GT	1999	Racing, Driving	Image Space	1-2
Sports Superbike (Europe) (En,Fr,De,It)	Sports Superbike	2000	Racing, Driving / Motorcycle/Racing, Driving	Interactive Entertainment	1
Sports Superbike 2 (USA)	Sports Superbike 2	2002	Racing, Driving / Motorcycle/Racing, Driving	Mud Duck	1-2
Sportweek Player Manager 2000 (Netherlands) (En,Fr)	Player Manager 2000	2000	Sports / Football (Soccer)/Simulation/Sports	Ubisoft	1
Sportweek Player Manager 2001 (Netherlands)	Alex Ferguson's Player Manager 2001	2000	Simulation/Sports / Football (Soccer)/Sports	Anco	1
Spot Goes to Hollywood (USA)	Spot Goes to Hollywood	1996	Platform	Virgin	1
Spriggan - Lunar Verse (Japan)	Spriggan : Lunar Verse	1999		From Liquid Mirror Software	1
Spyro - Year of the Dragon (USA)	Spyro : Year of the Dragon	2000	Platform	Insomniac Games	1
Spyro 2 - Gateway to Glimmer (Europe) (En,Fr,De,Es,It)	Spyro 2 : Ripto's Rage!	1999	Platform	Insomniac Games	1
Spyro 2 - Ripto's Rage! & Crash Team Racing (USA) (Demo)	Spyro 2 : Ripto's Rage!	1999	Platform	Insomniac Games	1
Spyro 2 - Ripto's Rage! (USA)	Spyro 2 : Ripto's Rage!	1999	Platform	Insomniac Games	1
Spyro the Dragon (USA)	Spyro the Dragon	1998	Platform	Insomniac Games	1
Spyro x Sparx - Tondemo Tours (Japan)	Spyro 2 : Ripto's Rage!	1999	Platform	Insomniac Games	1
St. Andrews Old Course - Eikou no St. Andrews (Japan)	St. Andrews Old Course : Eikou no St. Andrews	1997	Sports / Golf/Sports	SETA	1-4
St. Luminous Jogakuin (Japan)	St. Luminous Jogakuin	2000	Adventure/Simulation	Xing Entertainment	1
Stadt der verlorenen Kinder, Die (Germany)	The City of Lost Children	1997	Adventure	Psygnosis	1
Stahlfeder - Tekkou Hikuudan (Japan)	Stahlfeder : Tekkou Hikuudan	1996	Shoot'em Up / Vertical/Shoot'em Up	Santos	1
Stakes Winner - G1 Kanzen Seiha e no Michi (Japan)	Stakes Winner : GI Kanzen Seiha e no Michi	1996	Horse racing/Sports with animals	System Vision	1-2
Stakes Winner 2 - Saikyouba Densetsu (Japan)	Stakes Winner 2 : Saikyouba Densetsu	1997	Horse racing/Sports with animals	System Vision	1-2
Standby Say You! (Japan)	Standby Say You!	1997	Adventure	Human Entertainment	1
Star Bowling DX, The (Japan) (Disc 1)	The Star Bowling DX	1998	Sports / Bowling/Sports	Yumedia	1-4
Star Fighter (USA)	Star Fighter	1996	Shooter	Krisalis Software	1
Star Gladiator (Europe) (Demo)	Star Gladiator : Episode I, Final Crusade	1996	Fighting/Fighting / Versus	Capcom	1-2
Star Gladiator - Episode I - Final Crusade (USA)	Star Gladiator : Episode I, Final Crusade	1996	Fighting/Fighting / Versus	Capcom	1-2
Star Ixiom (Europe)	Star Ixiom	2000	Shooter	Namco	1
Star Monja (Japan)	Star Monja	1998	Simulation/Casual Game	GMF	1-2
Star Ocean - The Second Story & Hello Charlie!! (Japan) (Demo)	Star Ocean : The Second Story	1999	Role Playing Game	Tri-Ace	1
Star Ocean - The Second Story (USA) (Disc 1)	Star Ocean : The Second Story	1999	Role Playing Game	Tri-Ace	1
Star Sweep (USA)	Puzzle Star Sweep	2001	Puzzle	Axela	1
Star Trek - Invasion (USA)	Star Trek : Invasion	2000	Shooter	Warthog	2
Star Wars - Dark Forces (USA)	Star Wars : Dark Forces	1996	Shooter / FPV/Shooter	LucasArts	1
Star Wars - Demolition (USA)	Star Wars : Demolition	2000	Shooter	Luxoflux	1-2
Star Wars - Episode I - Die dunkle Bedrohung (Germany)	Star Wars : Episode I - The Phantom Menace	1999	Adventure	Big Ape Productions	1
Star Wars - Episode I - Jedi Power Battles (USA)	Star Wars : Episode I, Jedi Power Battles	2000	Adventure	LucasArts	1-2
Star Wars - Episode I - La Menace Fantome (France)	Star Wars : Episode I - The Phantom Menace	1999	Adventure	Big Ape Productions	1
Star Wars - Episode I - The Phantom Menace (USA)	Star Wars : Episode I - The Phantom Menace	1999	Adventure	Big Ape Productions	1
Star Wars - Episodio I - Jedi Power Battles (Italy)	Star Wars : Episode I, Jedi Power Battles	2000	Adventure	LucasArts	1-2
Star Wars - Episodio I - La Amenaza Fantasma (Spain)	Star Wars : Episode I - The Phantom Menace	1999	Adventure	Big Ape Productions	1
Star Wars - Episodio I - La Minaccia Fantasma (Italy)	Star Wars : Episode I - The Phantom Menace	1999	Adventure	Big Ape Productions	1
Star Wars - Masters of Teras Kasi (USA)	Star Wars : Masters of Teras Kasi	1997	Fighting	LucasArts	1-2
Star Wars - Rebel Assault II - The Hidden Empire (USA) (Disc 1)	Star Wars : Rebel Assault II, The Hidden Empire	1996	Shooter	LucasArts	1
Starblade Alpha (USA)	Starblade Alpha	1997	Shooter / Plane, FPV/Shooter	Sony Computer Entertainment	1
Starborders (Japan)	Starborders	1997	Shooter	Acclaim Entertainment	1
StarFighter 3000 (Europe) (En,Fr,De,Es,It)	Star Fighter	1996	Shooter	Krisalis Software	1
Starfighter Sanvein (USA)	Starfighter Sanvein	2001	Shooter	Success	1
Starlight Scramble - Ren'ai Kouhosei (Japan)	Renai Kouhosei Starlight Scramble	1998	Simulation/Casual Game	KSS	1
StarSweep (Europe)	Puzzle Star Sweep	2001	Puzzle	Axela	1
Startling Adventures - Kuusou 3x Daibouken (Japan)	Startling Adventures : Kuusou 3x Daibouken	2001	Adventure/Puzzle	Capcom	1
Startling Odyssey 1 - Blue Evolution (Japan)	Startling Odyssey 1 : Blue Evolution	1999	Role Playing Game	RayForce	1
Starwinder - The Ultimate Space Race (USA)	Starwinder : The Ultimate Space Race	1996	Racing, Driving / Racing/Racing, Driving	Mindscape	1
Steel Harbinger (USA)	Steel Harbinger	1996	Shooter	Mindscape	1
Steel Reign (USA)	Steel Reign	1997	Shooter	Chantemar Creations	1-2
Stock Car Racer (Europe)	Stock Car Racer	2003	Racing, Driving	Kung Fu	1
Stone Walkers (Japan)	Stone Walkers	2001	Adventure	Sunsoft	1
Straight Victory - Hoshino Kazuyoshi e no Chousen (Japan)	Straight Victory : Hoshino Kazuyoshi e no Chousen	1998	Racing, Driving	Polygon Magic	1-2
Stray Sheep - The Adventure of Poe & Merry (Japan)	Stray Sheep : The Adventure of Poe & Merry	1999	Adventure	Robot	1
Streak Hoverboard Racing (USA)	Streak Hoverboard Racing	1998	Racing, Driving	SingleTrac	1-4
Street Boarders (Japan)	Street Sk8er	1999	Sports / Skateboard/Sports	Atelier Double	1-2
Street Boarders 2 (Japan)	Street Sk8er 2	2000	Sports / Skateboard/Sports	Microïds	1-4
Street Fighter - Real Battle on Film (Japan)	Street Fighter : The Movie	1995	Fighting	Capcom	1-2
Street Fighter - The Movie (USA)	Street Fighter : The Movie	1995	Fighting	Capcom	1-2
Street Fighter Alpha - Warriors' Dreams (USA)	Street Fighter Alpha : Warriors' Dreams	1996	Fighting	Capcom	1-2
Street Fighter Alpha 2 (USA)	Street Fighter Alpha 2	1996	Fighting	Capcom	1-2
Street Fighter Alpha 3 (USA)	Street Fighter Alpha 3	1999	Fighting	Capcom	1-2
Street Fighter Collection (USA) (Disc 1)	Street Fighter Collection	1997	Compilation/Fighting	Capcom	1-2
Street Fighter Collection 2 (USA)	Street Fighter Collection 2	1998	Compilation/Fighting	Capcom	1-2
Street Fighter EX + Alpha (Europe) (Demo)	Street Fighter EX Plus Alpha	1997	Fighting	Arika	1-2
Street Fighter EX Plus Alpha (USA)	Street Fighter EX Plus Alpha	1997	Fighting	Arika	1-2
Street Fighter EX2 Plus (USA)	Street Fighter EX2 Plus	2000	Fighting	Arika	1-2
Street Fighter II Movie (Japan) (Disc 1)	Street Fighter II Movie	1995	Adventure	Capcom	1
Street Fighter Zero (Japan)	Street Fighter Alpha : Warriors' Dreams	1996	Fighting	Capcom	1-2
Street Fighter Zero 2 (Japan)	Street Fighter Alpha 2	1996	Fighting	Capcom	1-2
Street Fighter Zero 2' (Japan)	Street Fighter Zero 2'	1998	Fighting	Capcom	1-2
Street Fighter Zero 3 (Japan)	Street Fighter Alpha 3	1999	Fighting	Capcom	1-2
Street Games '97 (Japan)	2Xtreme	1996	Sports / Extreme/Sports	Sony Interactive Studios America	1-2
Street Racer (USA)	Street Racer	1996	Racing, Driving	Vivid Image	1-2
Street Racer Extra (Japan)	Street Racer	1996	Racing, Driving	Vivid Image	1-2
Street Racquetball (USA)	Street Racquetball	2003	Sports	Highwaystar	1-2
Street Scooters (Europe) (En,Fr,De,Es,It)	Street Scooters	2000	Racing, Driving	Tyo	2
Street Sk8er (USA)	Street Sk8er	1999	Sports / Skateboard/Sports	Atelier Double	1-2
Street Sk8er 2 (USA)	Street Sk8er 2	2000	Sports / Skateboard/Sports	Microïds	1-4
Street Skater (Europe) (En,Fr,De)	Street Sk8er	1999	Sports / Skateboard/Sports	Atelier Double	1-2
Street Skater 2 (Europe) (En,Fr,De)	Street Sk8er 2	2000	Sports / Skateboard/Sports	Microïds	1-4
Stressless Lesson - Les Les (Japan)	Stressless Lesson : Les Les	1997	Puzzle	Compile	1-2
Strider (USA)	Strider	2000	Platform / Fighter Scrolling/Platform	Capcom	1
Strider 2 (USA)	Strider 2	2000	Platform / Fighter Scrolling/Platform	Capcom	1
Strider Hiryuu 1 & 2 (Japan) (Disc 1) (Strider Hiryuu)	Strider	2000	Platform / Fighter Scrolling/Platform	Capcom	1
Strike Force Hydra (Europe)	Strike Force Hydra	2003	Shoot'em Up / Vertical/Shoot'em Up	Digi-Guys	1
Strike Point (USA)	Strike Point	1996	Shooter	Motivetime	2
Strikepoint - The Hex Missions (Europe) (En,Fr,De,Es,It)	Strike Point	1996	Shooter	Motivetime	2
Striker - World Cup Premiere Stage (Japan)	Striker 96	1996	Sports / Football (Soccer)/Sports	Warner Bros. Games	1-2
Striker 96 (USA)	Striker 96	1996	Sports / Football (Soccer)/Sports	Warner Bros. Games	1-2
Striker Pro 2000 (USA)	Striker Pro 2000	2000	Sports/Sports / Football (Soccer)	Rage Software	1-2
Strikers 1945 (USA)	Strikers 1945	2001	Shoot'em Up / Vertical/Shoot'em Up	Kuusoukagaku	1-2
Strikers 1945 II (Europe)	Strikers 1945	2001	Shoot'em Up / Vertical/Shoot'em Up	Kuusoukagaku	1-2
Stuart Little 2 (USA)	Stuart Little 2	2002	Platform	Magenta Software	1
Studio P (Japan)	Studio P	1996	Puzzle	Agenda	1-2
Study Quest - Keisan-jima no Daibouken (Japan)	Study Quest : Keisanjima no Daibouken	2000	Educational/Role Playing Game	Shigakusha	1
Sub (France)	Fluid	1996	Simulation/Music and Dancing	Opus Software	1
Subete ga F ni Naru - The Perfect Insider (Japan)	Subete ga F ni Naru	2002	Adventure	Kindle Imagine Develop	1
Submarine Commander (Europe)	Submarine Commander	2001	Strategy	SOL	1
Submarine Hunter Shachi (Japan)	Submarine Commander	2001	Strategy	SOL	1
Suchie-Pai Adventure - Doki Doki Nightmare (Japan) (Disc 1)	Suchie-Pai Adventure : Doki Doki Nightmare	1998	Simulation/Casual Game/Quiz	Jaleco	1
Suiko Enbu (Japan)	Suiko Enbu	1996	Fighting	Invision Interactive	1-2
Suikoden (USA)	Suikoden	1996	Role Playing Game	Konami	1
Suikoden - Tendou Hyaku Hachi-sei (Japan)	Suikoden : Tendou 108 Sei	1998	Strategy	Koei	1
Suikoden - Tenmei no Chikai (Japan)	Suikoden : Tenmei no Chikai	1999	Strategy	Koei	1-7
Suikoden II (USA)	Suikoden II	1999	Adventure/Role Playing Game	Konami	1
Suizokukan Project - Fish Hunter e no Michi (Japan)	Suizokukan Project : Fish Hunter e no Michi	1999	Fishing/Hunting and Fishing	Teichiku	1
Summon Night (Japan)	Summon Night	2002	Role Playing Game/Strategy	Flight Plan	1
Summon Night 2 (Japan) (Disc 1)	Summon Night 2	2001	Role Playing Game/Strategy	Flight Plan	1
Suna no Embrace - Edin no Sato no Navel (Japan)	Suna no Embrace : Edin no Sato no Navel	2000	Role Playing Game	Idea Factory	1
Super Adventure Rockman (Japan) (Disc 1) (Episode 1 Tsuki no Shinden)	Super Adventure Rockman	1998	Adventure	Capcom	1
Super Bass Fishing (Japan)	Super Bass Fishing	1999	Fishing/Hunting and Fishing	King Records	1-2
Super Black Bass X (Japan)	Big Bass World Championship	1997	Fishing/Sports/Hunting and Fishing	Starfish	1
Super Blackbass X2 (Japan)	Black Bass with Blue Marlin	1999	Fishing/Hunting and Fishing	Soar Software	1-2
Super Bubble Pop (USA)	Super Bubble Pop	2002	Puzzle	Runecraft	1
Super Casino Special (Japan)	Vegas Casino	2000	Casino	Coconuts Japan	1-4
Super Dropzone - Intergalactic Rescue Mission (Europe)	Super Dropzone : Intergalactic Rescue Mission	2003	Shoot'em Up / Horizontal/Shooter/Shoot'em Up	Ignition Entertainment	1
Super Football Champ (Europe)	Super Football Champ	1997	Sports / Football (Soccer)/Sports	Taito	1-2
Super Gals! Kotobuki Ran Special - Ikemen Get You Gals Party (Japan)	Super Gals! Kotobuki Ran Special : Ikemen Get You Gals Party	2002	Board game/Casual Game	Konami	1-2
Super Hero Sakusen (Japan)	Super Hero Sakusen	1999	Role Playing Game	Japan Media Programming	1
Super Hero Sakusen - Diedal no Yabou (Japan)	Super Hero Sakusen : Diedal no Yabou	2000	Role Playing Game	Japan Media Programming	1
Super Lite Best Vol. 1 - Cotton Original & Block Keeper (Korea)	Cotton 100% : Marchen Adventure (SuperLite 1500 Series)	2003	Shoot'em Up / Horizontal/Shooter/Shoot'em Up	Success	1
Super Lite Best Vol. 2 - Sanvein & Bomb Boat (Korea) (En,Ko)	Bomb Boat (SuperLite 1500 Series)	2002	Compilation/Shooter	Success	1-2
Super Live Stadium (Japan)	Super Live Stadium	1998	Sports / Baseball/Sports	Square	1-2
Super Match Soccer (Europe) (En,Fr,De,Es,It)	Super Match Soccer	1998	Sports / Football (Soccer)/Sports	Cranberry Source	1-2
Super Pang Collection (Europe)	Buster Bros. Collection	1997	Compilation/Shooter	Mitchell	1-2
Super Price Series - Billiards (Japan)	Super Price Series : Billiards	2001	Sports / Pool/Sports	Prosoft	1-3
Super Price Series - Block & Switch (Japan)	Super Price Series : Block & Switch	2002	Puzzle	Serene	1
Super Price Series - Hanafuda (Japan)	Super Price Series : Hanafuda	2002	Hanafuda/Asiatic board game	Selen	1
Super Price Series - Mahjong (Japan)	Super Price Series : Mahjong	2002	Mahjong/Asiatic board game	Prosoft	1
Super Price Series - Paipai (Japan)	Super Price Series : Paipai	2001	Puzzle	Prosoft	1-2
Super Price Series - Reversi (Japan)	Super Price Series : Reversi	2002	Asiatic board game	Prosoft	1-2
Super Puzzle Fighter II Turbo (USA)	Super Puzzle Fighter II Turbo	1996	Puzzle	Capcom	1-2
Super Puzzle Fighter II X (Japan)	Super Puzzle Fighter II Turbo	1996	Puzzle	Capcom	1-2
Super Robot Shooting (Japan)	Super Robot Shooting	1997	Shoot'em Up	Minato Giken	1
Super Robot Taisen - Complete Box (Japan) (Disc 1) (Super Robot Wars Complete Box)	Super Robot Taisen : Complete Box	1999	Role Playing Game/Strategy/Compilation/Music and Dancing	Banpresto	1-2
Super Robot Taisen Alpha (Japan)	Super Robot Taisen Alpha	2001	Strategy/Role Playing Game	Mechanic Arms	1
Super Robot Taisen Alpha Gaiden (Japan)	Super Robot Taisen Alpha Gaiden	2001	Role Playing Game/Strategy	Banpresto	1
Super Robot Taisen EX (Japan)	Super Robot Wars EX	2000	Tactical RPG/Role Playing Game	Mechanic Arms	1
Super Robot Taisen F (Japan)	Super Robot Wars F	1998	Role Playing Game/Strategy	Winky Soft	1
Super Robot Taisen F - Kanketsu-hen (Japan)	Super Robot Taisen F Kanketsuhen	1999	Role Playing Game	Winky Soft	1
Super Shot Soccer (USA)	Super Shot Soccer	2002	Sports / Football (Soccer)/Sports	Tecmo	1-2
Super Slammin' Dodgeball (Europe)	All-Star Slammin' D-Ball	2001	Sports / Dodgeball/Sports	Access	1-2
Super Tokusatsu Taisen 2001 (Japan)	Super Tokusatsu Taisen 2001	2001	Role Playing Game	Japan Art Media	1
Superbike Masters (Europe)	Superbike Masters	2004	Racing, Driving / Motorcycle/Racing, Driving	Kung Fu	1
SuperCross Circuit (USA)	SuperCross Circuit	1999	Racing, Driving	Idol Minds	1-2
SuperLite 1500 Series - A Ressha de Ikou 4 - Evolution Global (Japan) (En,Ja,Fr,De)	A IV Evolution : A-Ressha de Ikou 4	1994	Simulation	Artdink	1
SuperLite 1500 Series - A Ressha de Ikou Z - Mezase! Tairiku Oudan (Japan)	A5 : A Ressha de Ikou 5	1997	Build And Management/Simulation	Artdink	1
SuperLite 1500 Series - A5 - A Ressha de Ikou 5 (Japan)	A5 : A Ressha de Ikou 5	1997	Build And Management/Simulation	Artdink	1
SuperLite 1500 Series - Advanced V.G. (Japan)	Advanced V.G.	1996	Fighting / Versus/Fighting	Technic(TGL) Technical Group Laboratory	1-2
SuperLite 1500 Series - Advanced V.G. 2 (Japan)	Advanced V.G. 2	1998	Fighting / Versus/Fighting	Technic(TGL) Technical Group Laboratory	1-2
SuperLite 1500 Series - Angolmois 99 (Japan)	Angolmois 99 (Superlite 1500 Series)	1999	Playing cards	Success	1
SuperLite 1500 Series - Ano Ko Doko no Ko - Endless Season (Japan)	Ano Ko Doko No Ko	1998	Simulation	Success	1-4
SuperLite 1500 Series - Asteroids (Japan)	Asteroids	1998	Shoot'em Up	Syrox Developments	1-2
SuperLite 1500 Series - Asuka 120% Final - Burning Fest. Final (Japan)	Asuka 120% : Burning Festival Limited	1999	Fighting	Fill in Café	1-2
SuperLite 1500 Series - Battle Qix (Japan)	Battle Qix (Superlite 1500 Series)	2002	Puzzle	Success	1-2
SuperLite 1500 Series - Battle Sugoroku the Hunter - A.R.0062 (Japan)	Battle Hunter	2001	Board game/Role Playing Game	Success	1-4
SuperLite 1500 Series - Bomboat (Japan)	Bomb Boat (Superlite 1500 Series)	2002	Puzzle	Success	1-2
SuperLite 1500 Series - Burn Out (Japan)	Dragstars	2002	Racing, Driving	Midas Interactive	1-2
SuperLite 1500 Series - Card II (Japan)	Card II (Superlite 1500 Series)	1999	Playing cards	Success	1-2
SuperLite 1500 Series - Carnage Heart (Japan)	Carnage Heart	1997	Strategy	Artdink	1
SuperLite 1500 Series - Carnage Heart EZ (Easy Zapping) (Japan)	Carnage Heart Ez : Easy Zapping	2003	Strategy	Artdink	1
SuperLite 1500 Series - Castrol Honda Super Bike Racing (Japan)	Castrol Honda Superbike Racing	1999	Racing, Driving / Motorcycle/Racing, Driving	Interactive Entertainment	1-2
SuperLite 1500 Series - Castrol Honda VTR (Japan)	Castrol Honda VTR	2001	Racing, Driving / Motorcycle/Racing, Driving	Midas Games	1-2
SuperLite 1500 Series - Chitty Chitty Chicken (Japan)	Crossroad Crisis	2001	Puzzle	Success	1-2
SuperLite 1500 Series - Crazy Balloon 2000 (Japan)	Crazy Balloon 2000 (Superlite 1500 Series)	2000		Success	1-2
SuperLite 1500 Series - Crossword (Japan)	Crossword (Superlite 1500 Series)	2000	Thinking	Success	1
SuperLite 1500 Series - Crossword 2 (Japan)	Crossword 2 (Superlite 1500 Series)	2000	Thinking	Success	1
SuperLite 1500 Series - Crossword 3 (Japan)	Crossword 3 (Superlite 1500 Series)	2001	Thinking	Success	1
SuperLite 1500 Series - Cyber Daisenryaku - Shutsugeki! Haruka-tai (Japan)	Cyber Daisenryaku : Shutsugeki! Haruka Tai	2000	Tactical RPG/Role Playing Game	Alfa System	1
SuperLite 1500 Series - Deep Freeze (Japan)	Deep Freeze	2000	Adventure	Sammy Corporation	1
SuperLite 1500 Series - Densetsu-juu no Ana - Monster Complete World Ver. 2 (Japan)	Hole Of The Legend Monster - Monster Complete World Ver.2	2002	Role Playing Game/Simulation	Idea Factory	1-2
SuperLite 1500 Series - Dezaemon Kids! (Japan)	Dezaemon Kids!	1998	Shooter/Simulation	Athena	1-2
SuperLite 1500 Series - Emmyrea (Japan)	Emmyrea	2001	Role Playing Game	Kindle Imagine Develop	1
SuperLite 1500 Series - F1 Grand Prix 1996 - Team Un'ei Simulation (Japan)	F-1 Grand Prix 1996 : Team Unei Simulation	1999	Racing, Driving/Simulation	Coconuts Japan	1
SuperLite 1500 Series - Fantastic Night Dreams - Cotton Original (Japan)	Fantastic Night Dreams : Cotton Original	1999	Shoot'em Up / Horizontal/Shoot'em Up	Success	1
SuperLite 1500 Series - Farland Saga - Toki no Michishirube (Japan)	Farland Saga : Toki No Ichisirube	1999	Role Playing Game	Technic(TGL) Technical Group Laboratory	1
SuperLite 1500 Series - Farland Story - Yottsu no Fuuin (Japan)	Farland Story : Yottsu No Fuuin	1997	Role Playing Game	Technic(TGL) Technical Group Laboratory	1
SuperLite 1500 Series - Fishing Club - Boat no Tsuri-hen (Japan)	Fishing Club : Boat No Tsuri Hen (Superlite 1500 Series)	2000	Fishing/Hunting and Fishing	Success	1
SuperLite 1500 Series - Fishing Club - Bouhatei no Tsuri-hen (Japan)	Fishing Club : Bouhatei no Tsuri-hen (Superlite 1500 Series)	2000	Fishing/Hunting and Fishing	Success	1
SuperLite 1500 Series - Fishing Club - Hama no Tsuri-hen (Japan)	Fishing Club : Hama no Tsuri-hen (Superlite 1500 Series)	2000	Fishing/Hunting and Fishing	Success	1
SuperLite 1500 Series - Flamberge no Seirei (Japan)	Flamberge No Seirei	2000	Adventure	Kindle Imagine Develop	1
SuperLite 1500 Series - Game de Seishun (Japan)	Game de Seishun	1998	Board game	Kindle Imagine Develop	1-4
SuperLite 1500 Series - Hanafuda II (Japan)	Hanafuda II (Superlite 1500 Series)	1999	Hanafuda/Asiatic board game/Playing cards	Success	1
SuperLite 1500 Series - Hooockey!! (Japan)	Air Hockey	2002	Sports / Shuffleboard/Sports	Success	1-2
SuperLite 1500 Series - Kaette kita Pachio-kun - Dream Collection (Japan)	Kaette kita Pachio-kun : Dream Collection	1998	Casino	Coconuts Japan	1
SuperLite 1500 Series - Kaiteiban Mark Yazaki no Seiyou Senseijutsu (Japan)	SuperLite 1500 Series - Seiyou Senseijutsu - Mark Yazaki Kanshuu				
SuperLite 1500 Series - Kaiteiban Shichuu Suimei - Mark Yazaki Kanshuu (Japan)	Kaiteiban Shichuu Suimei - Mark Yazaki Kanshuu (Superlite 1500 Series)	2001	Simulation	Pro House	1
SuperLite 1500 Series - KeePer (Japan)	Keeper (Superlite 1500 Series)	2002	Puzzle	Fupac	1-2
SuperLite 1500 Series - Kouyasai - A Sherd of Youthful Memories (Japan)	Koyasai : A sherd of youthful memories	1999	Adventure	Astrocade	1
SuperLite 1500 Series - Lode Runner - The Legend Returns (Japan)	Lode Runner	1998	Platform/Platform / Run & Jump	Game Arts	1-2
SuperLite 1500 Series - Lode Runner 2 (Japan)	Lode Runner	1998	Platform/Platform / Run & Jump	Game Arts	1-2
SuperLite 1500 Series - Lunar Wing - Toki o Koeta Seisen (Japan)	Lunar Wing : Toki o Koeta Seisen	2003	Role Playing Game	Shoeisha	1
SuperLite 1500 Series - Maerchen Adventure - Cotton 100% (Japan)	Cotton 100% : Marchen Adventure (SuperLite 1500 Series)	2003	Shoot'em Up / Horizontal/Shooter/Shoot'em Up	Success	1
SuperLite 1500 Series - Mahjong II (Japan)	Mahjong II (Superlite 1500 Series)	1999	Mahjong/Asiatic board game	Success	1
SuperLite 1500 Series - Mahjong Senjutsu - Andou Mitsuru Pro no Akuukan Sappou (Japan)	Mahjong Senjutsu : Anzou Michuru no Tsugi Akima Satsuhou	1994	Mahjong/Asiatic board game	Warashi	1
SuperLite 1500 Series - Mahjong Uranai Fortuna - Tsuki no Megamitachi (Japan)	Mahjong Uranai Fortuna : Tsuki no Megami-tachi	2001	Mahjong/Asiatic board game	Affect	1
SuperLite 1500 Series - Makikou (Japan)	SuperLite 1500 Series : Makikoh	2001	Adventure	Billiken Soft	1
SuperLite 1500 Series - Mawatte Mucho! (Japan)	SuperLite 1500 Series : Mawatte Mucho!	2000		Tohoku Shinsha	1-2
SuperLite 1500 Series - Memories Off (Japan)	SuperLite 1500 Series : Memories Off	2000	Adventure / Visual Novel/Adventure/Simulation	Kindle Imagine Develop	1
SuperLite 1500 Series - Monster Complete World (Japan)	Monster Complete World	1999	Role Playing Game	Idea Factory	1-2
SuperLite 1500 Series - Naniwa Wangan Battle (Japan)	Naniwa Wangan Battle : Tarzan Yamada & AutoSelect Sawa Kyoudai	1998	Racing, Driving	Opus Software	1
SuperLite 1500 Series - Neo Atlas (Japan)	Neo Atlas	2003	Strategy	FlipFlop	1
SuperLite 1500 Series - Neo Atlas II (Japan)	Neo Atlas II	1999	Strategy	FlipFlop	1
SuperLite 1500 Series - Nobunaga Hiroku - Geten no Yume (Japan)	Nobunaga Hiroku : Geten no Yume	2000	Adventure	Athena	1
SuperLite 1500 Series - NumCro (Japan)	Nankuro (Superlite 1500 Series)	1999	Puzzle	Success	1
SuperLite 1500 Series - NumCro 2 (Japan)	Nankuro 2 (Superlite 1500 Series)	2000	Puzzle	Success	1
SuperLite 1500 Series - NumCro 3 (Japan)	Nankuro 3 (Superlite 1500 Series)	2000	Puzzle	Success	1
SuperLite 1500 Series - NumCro 4 (Japan)	Nankuro 4 (Superlite 1500 Series)	2001	Puzzle	Success	1
SuperLite 1500 Series - Oekaki Puzzle (Japan)	Oekaki Puzzle (Superlite 1500 Series)	1999	Puzzle	Success	1
SuperLite 1500 Series - Oekaki Puzzle 2 (Japan)	Oekaki Puzzle 2 (Superlite 1500 Series)	2000	Puzzle	Success	1
SuperLite 1500 Series - Oekaki Puzzle 3 (Japan)	Oekaki Puzzle 3 (Superlite 1500 Series)	2000	Puzzle	Success	1
SuperLite 1500 Series - Oekaki Puzzle 4 (Japan)	Oekaki Puzzle 4 (Superlite 1500 Series)	2000	Puzzle	Success	1
SuperLite 1500 Series - Oekaki Puzzle 5 (Japan)	Oekaki Puzzle 5 (Superlite 1500 Series)	2001	Puzzle	Success	1
SuperLite 1500 Series - Option - Tuning Car Battle Spec R (Japan)	Option : Tuning Car Battle Spec R	2000	Racing, Driving	CAPS	1-2
SuperLite 1500 Series - Pachi-Slot Hisshouhou! Sammy Revolution (Japan)	Jissen Pachi-Slot Hisshouhou! Sammy Revolution	1999	Casino	Sammy Entertainment	1
SuperLite 1500 Series - Pangaea (Japan)	Pangaea (Superlite 1500 Series)	1999	Role Playing Game/Board game	Success	1-4
SuperLite 1500 Series - Pao Leeming Kanshuu - Fuusui Nyuumon (Japan)	Pao Leeming Kanshuu : Fuusui Nyuumon	2001	Simulation	Success	1
SuperLite 1500 Series - Pinball - Golden Logres (Japan)	Pinball Power	2000	Pinball	Success	1
SuperLite 1500 Series - Prismaticallization (Japan)	Prismaticallization	1999	Adventure	Arc System Works	1
SuperLite 1500 Series - Qix 2000 (Japan)	Qix 2000 (Superlite 1500 Series)	2000	Puzzle	Taito	1-2
SuperLite 1500 Series - Quiz Master - Blue (Japan)	Quiz Master : Blue (Superlite 1500 Series)	2000	Quiz	Success	1-2
SuperLite 1500 Series - Quiz Master - Red (Japan)	Quiz Master : Red (Superlite 1500 Series)	2000	Quiz	Success	1-2
SuperLite 1500 Series - Quiz Master - Yellow (Japan)	Quiz Master : Yellow (Superlite 1500 Series)	2000	Quiz	Success	1-2
SuperLite 1500 Series - Reversi II (Japan)	Reversi II (Superlite 1500 Series)	1999	Asiatic board game	Success	1-2
SuperLite 1500 Series - Ring of Sias (Japan)	Ring of Sias	2000	Adventure	Athena	1
SuperLite 1500 Series - Sanvein (Japan)	Starfighter Sanvein	2001	Shooter	Success	1
SuperLite 1500 Series - Screen (Japan)	Screen (Superlite 1500 Series)	2000	Adventure	Kindle Imagine Develop	1
SuperLite 1500 Series - Seiyou Senseijutsu - Mark Yazaki Kanshuu (Japan)	SuperLite 1500 Series - Seiyou Senseijutsu - Mark Yazaki Kanshuu				
SuperLite 1500 Series - Shanghai - Dynasty (Japan)	Shanghai Dynasty (Superlite 1500 Series)	2001	Mahjong/Asiatic board game	Success	1-2
SuperLite 1500 Series - Shichuu Suimei - Mark Yazaki Kanshuu (Japan)	Kaiteiban Shichuu Suimei - Mark Yazaki Kanshuu (Superlite 1500 Series)	2001	Simulation	Pro House	1
SuperLite 1500 Series - Shinsei Toilet no Hanako-san (Japan)	Shinsei Toire No Hanako-san (Superlite 1500 Series)	1999	Adventure	MBA International	1
SuperLite 1500 Series - Shougi II (Japan)	Shogi II (Superlite 1500 Series)	1999	Asiatic board game	Success	1-2
SuperLite 1500 Series - Slither Link (Japan)	Slither Link (Superlite 1500 Series)	2001	Puzzle	Success	1
SuperLite 1500 Series - Space Chaser 2000 (Japan)	Space Chaser 2000 (Superlite 1500 Series)	2000		Success	1-2
SuperLite 1500 Series - StarSweep (Japan)	Puzzle Star Sweep	2001	Puzzle	Axela	1
SuperLite 1500 Series - Strikers 1945 II (Japan)	Strikers 1945	2001	Shoot'em Up / Vertical/Shoot'em Up	Kuusoukagaku	1-2
SuperLite 1500 Series - Super Casino Special (Japan)	Vegas Casino	2000	Casino	Coconuts Japan	1-4
SuperLite 1500 Series - Suudoku (Japan)	Sudoku (Superlite 1500 Series)	1999	Puzzle/Thinking	Nikoli	1
SuperLite 1500 Series - Suudoku 2 (Japan)	Sudoku 2 (Superlite 1500 Series)	2000	Puzzle/Thinking	Nikoli	1
SuperLite 1500 Series - Suudoku 3 (Japan)	Sudoku 3 (Superlite 1500 Series)	2000	Puzzle/Thinking	Nikoli	1
SuperLite 1500 Series - Suudoku 4 (Japan)	Sudoku 4 (Superlite 1500 Series)	2000	Puzzle/Thinking	Nikoli	1
SuperLite 1500 Series - Suudoku 5 (Japan)	Suudoku 5 (Superlite 1500 Series)	2000	Puzzle/Thinking	Nikoli	1
SuperLite 1500 Series - Tenant Wars Alpha - SuperLite 1500 Version (Japan)	Board Game : Top Shop	2001	Board game	Kindle Imagine Develop	1-6
SuperLite 1500 Series - The Curling (Japan)	Curling (Superlite 1500 Series)	1999	Sports	Success	1-2
SuperLite 1500 Series - The FamiRes (Japan)	The Famires	1998	Strategy	Artdink	1
SuperLite 1500 Series - The Game Maker (Japan)	The Game Maker	1998	Simulation	Kuusou Kagaku	1
SuperLite 1500 Series - The Tetris (Japan)	Tetris (Superlite 1500 Series)	2000	Puzzle / Fall/Puzzle	Success	1-2
SuperLite 1500 Series - Tower Dream 2 (Japan)	SuperLite 1500 Series : Tower Dream 2	2000	Board game	Crea-tech	1-4
SuperLite 1500 Series - Uno (Japan)	Uno (Superlite 1500 Series)	1999	Board game/Playing cards	TOSE	1-2
SuperLite 1500 Series - Wizard's Harmony (Japan)	Wizard's Harmony	2002	Simulation/Strategy/Adventure	Arc System Works	1
SuperLite 1500 Series - Wizard's Harmony 2 (Japan)	Wizard's Harmony 2	2002	Adventure/Simulation/Strategy	Arc System Works	1
SuperLite 1500 Series - Wizard's Harmony R (Japan)	Wizard's Harmony R	1998	Adventure/Simulation/Strategy	Arc System Works	1
SuperLite 1500 Series - Yoshimoto Mahjong Club (Japan)	Yoshimoto Mahjong Club Deluxe	1999	Mahjong/Asiatic board game	Psikyo	1
SuperLite 3in1 Series - Arcade Classic-shuu (Japan)	Arcade Classic-shu (3in1 Series)	2002	Compilation	Success	1-2
SuperLite 3in1 Series - Board Game-shuu (Japan)	Superlite 3 in 1 - Board Game Syuu	2002	Compilation	Success	1-4
SuperLite 3in1 Series - Card Game-shuu (Japan)	SuperLite 3in1 Series : Card Game-shuu	2002	Playing cards	Success	1-2
SuperLite 3in1 Series - Crossword-shuu (Japan)	SuperLite 3 in 1 Series : Crossword-shuu	2002	Puzzle/Thinking	Success	1
SuperLite 3in1 Series - NumCro-shuu (Japan)	Nankuro-shu (3in1 Series)	2002	Puzzle	Success	1
SuperLite 3in1 Series - Oekaki Puzzle-shuu (Japan)	Oekaki Puzzle-shu (3in1 Series)	2002	Puzzle	Success	1
SuperLite 3in1 Series - Quiz-shuu (Japan)	Quiz-shu (3in1 Series)	2001	Quiz	Success	1-2
SuperLite 3in1 Series - Suudoku-shuu (Japan)	SuperLite 3in1 Series : Suudoku-shuu	2000	Puzzle	Nikoli	1
SuperLite 3in1 Series - Tsuri-shuu (Japan)	SuperLite 3in1 Series : Tsuri-shuu	2001	Fishing/Hunting and Fishing	Success	1
SuperLite Gold Series - Minna no Chess (Japan)	Chess	2001	Board game	Success	1-2
SuperLite Gold Series - Minna no Igo (Japan)	Minna No Igo (Gold Series)	2001	Go/Asiatic board game	Success	1
SuperLite Gold Series - Minna no Mahjong (Japan)	Minna No Mahjong (Gold Series)	2001	Mahjong/Asiatic board game	Success	1
SuperLite Gold Series - Minna no Othello (Japan)	Minna No Othello (Gold Series)	2002	Othello/Board game/Asiatic board game	Success	1-2
SuperLite Gold Series - Minna no Shougi - Chuukyuu-hen (Japan)	SuperLite Gold Series : Minna no Shougi - Chuukyuu-hen	2002	Shougi/Board game/Asiatic board game	Success	1-2
SuperLite Gold Series - Minna no Shougi - Joukyuu-hen (Japan)	Minna no Shougi - Joukyuu-hen (Gold Series)	2002	Shougi/Asiatic board game	Success	1-2
SuperLite Gold Series - Minna no Shougi - Shokyuu-hen (Japan)	Minna No Shougi : Shokyu Hen (Gold Series)	2002	Shougi/Asiatic board game	Success	1-2
SuperLite Gold Series - Otenami Haiken (Japan)	Otenami Haiken (Gold Series)	2001	Asiatic board game	Success	1-2
SuperLite Gold Series - Wizardry - Llylgamyn Saga (Japan)	Wizardry : Llylgamyn Saga	1998	Role Playing Game/Compilation	ASCII	1
SuperLite Gold Series - Wizardry - New Age of Llylgamyn (Japan)	Wizardry : New Age of Llylgamyn	1999	Compilation/Role Playing Game	Soliton	1
Superman (USA) (Proto) (1999-10-29)	Superman	1999	Action / Adventure/Action	BlueSky Software	1
Supersonic Racers (Europe) (En,Fr,De,Es,It)	Dare Devil Derby 3D	1996	Racing, Driving	Supersonic Software	1-8
Superstar Dance Club - 1 Hits!!! (USA)	Superstar Dance Club : #1 Hits!!!	2002	Dancing/Music and Dancing	Warashi	1
Surf Riders (USA)	Surf Riders	2000	Sports / Water/Sports	Sunsoft	1
Susume! Kaizoku - Be Pirates! (Japan)	Susume! Kaizoku - Be Pirates!	1998	Strategy	Artdink	1
Susume! Taisen Puzzle-dama (Japan)	Susume!! Taisen Puzurudama	1996	Puzzle	KCET	1-2
Suzu Monogatari (Japan)	Suzu Monogatari	2000	Role Playing Game/Playing cards	Capcom	1
Suzuki Alstare Challenge (France)	Extreme 500	1998	Racing, Driving / Motorcycle/Racing, Driving	Ascaron Entertaiment	1-2
Suzuki Bakuhatsu (Japan)	Suzuki Bakuhatsu	2000	Puzzle	SOL	1
Sven-Goeran Eriksson's World Challenge (Europe)	Sven-Göran Eriksson's World Challenge	2002	Sports / Football (Soccer)/Sports	Anco	1-2
Sven-Goeran Eriksson's World Manager (Europe)	Sven-Göran Eriksson's World Manager	2002	Simulation	Anco	1
Swagman (USA)	Swagman	1997	Platform/Adventure	Eidos Interactive	1
Swing (Europe) (En,Fr,De)	Marble Master	2002	Puzzle	Software 2000	1-2
Sword of Camelot, The (Europe) (En,Fr,De,Nl)	The Sword of Camelot	2001	Platform	The Code Monkeys	1
Sydney 2000 (USA)	Sydney 2000	2000	Sports / Multisports/Sports	Attention To Detail (ATD)	1-8
Syndicate Wars (USA)	Syndicate Wars	1997	Strategy	Bullfrog Productions	1-2
Syphon Filter (USA)	Syphon Filter	1999	Shooter	Eidetic	1
Syphon Filter 2 (USA) (Disc 1)	Syphon Filter 2	2000	Shooter	Eidetic	1-2
Syphon Filter 2 - Conspiracion Mortal (Spain) (Disc 1)	Syphon Filter 2	2000	Shooter	Eidetic	1-2
Syphon Filter 3 (USA)	Syphon Filter 3	2001	Shooter	Sony Bend	1-2
Syphon Filter 3 - Sentencia Final (Spain)	Syphon Filter 3	2001	Shooter	Sony Bend	1-2
T kara Hajimaru Monogatari (Japan)	T kara Hajimaru Monogatari	1998	Adventure	Jaleco	1
T'ai Fu - Die Rache des Tigers (Germany)	T'ai Fu : Wrath of the Tiger	1999	Platform	DreamWorks	1
T'ai Fu - Wrath of the Tiger (USA)	T'ai Fu : Wrath of the Tiger	1999	Platform	DreamWorks	1
T.R.A.G. - Mission of Mercy (USA)	T.R.A.G. : Mission of Mercy	1999	Adventure	Sunsoft	1
Tactical Armor Custom Gasaraki (Japan)	Tactical Armor Custom Gasaraki	2000	Strategy	Tri-Ace	1
Tactics Ogre (USA)	Tactics Ogre	1998	Role Playing Game/Strategy	Quest	1
Tactics Ogre - Let Us Cling Together (Japan)	Tactics Ogre	1998	Role Playing Game/Strategy	Quest	1
Tadaima Wakusei Kaitaku-chuu! (Japan)	Tadaima Wakusei Kaitaku Chuu!	1995	Strategy	Pure Sound	1-2
Taiho Shichau zo - You're Under Arrest (Japan) (Disc 1)	Taiho Shichauzo : You're Under Arrest	2001	Adventure/Casual Game	HAMSTER	1
Taiketsu Rumiizu! Meruhen Land (Japan)	Taiketsu Rumiizu! Meruhen Land	1996	Action / Labyrinth/Action	Octagon Entertainment	1-4
Taikou Risshiden II (Japan)	Taikou Risshiden II	1996	Strategy	Koei	1
Taikou Risshiden III (Japan)	Taikou Risshiden III	1999	Adventure/Strategy	Koei	1
Taikyoku Igo - Heisei Kiin (Japan)	Taikyoku Igo : Heisei Kiin	1997	Go/Asiatic board game	Gamebank	1-2
Taikyoku Igo - Shinzui Gosennin (Japan)	Taikyoku Igo : Shinzui Gosennin	2000	Go/Board game/Asiatic board game	J-Wing	1-2
Taikyoku Igo - Shinzui Gosennin - Nigou (Japan)	Taikyoku Igo : Shinzui Gosennin - Nigou	2000	Go/Board game/Asiatic board game	J-Wing	1-2
Taikyoku Shougi - Kiwame (Japan)	Taikyoku Shougi : Kiwame	1995	Shougi/Asiatic board game	Log	1-2
Tail Concerto (USA)	Tail Concerto	1999	Adventure	CyberConnect2	1
Tail of the Sun (USA)	Tail of the Sun	1997	Action / Adventure/Action	Artdink	1
Taisen Ren'ai Simulation - Trifers Mahou Gakuen (Japan)	Taisen Ren'ai Simulation : Trifers Mahou Gakuen	2000	Adventure/Simulation/Casual Game	ASCII	1-2
Taiyo no Otsuge (Japan)	Taiyo no Otsuge	1999	Simulation/Casual Game	Progress Software	1
Taiyou no Shippo - Wild, Pure, Simple Life (Japan)	Tail of the Sun	1997	Action / Adventure/Action	Artdink	1
Taklamakan - Tonkou Denki (Japan)	Taklamakan : Tonkou Denki	1996	Adventure/Puzzle	InterServ International	1
Tales of Destiny (USA)	Tales of Destiny	1998	Role Playing Game	Namco	1
Tales of Destiny II (USA) (Disc 1)	Tales of Destiny II	2001	Role Playing Game	Namco	1
Tales of Eternia (Japan) (Disc 1)	Tales of Destiny II	2001	Role Playing Game	Namco	1
Tales of Fandom Vol. 1 - Cless Version (Japan)	Tales of Fandom Vol. 1 : Mint Version	2002	Puzzle/Adventure	Namco	1-2
Tales of Fandom Vol. 1 - Mint Version (Japan)	Tales of Fandom Vol. 1 : Mint Version	2002	Puzzle/Adventure	Namco	1-2
Tales of Phantasia (Japan)	Tales of Phantasia	2000	Role Playing Game	Namco	1
Tall - Infinity (USA)	Tall : Infinity	2003	Puzzle	HAMSTER	1
Tall - Twins Tower (Japan)	Tall : Twins Tower	2000	Puzzle	Techno Soleil.	1-2
Tall Unlimited (Japan)	Tall : Infinity	2003	Puzzle	HAMSTER	1
Tama - Adventurous Ball in Giddy Labyrinth (Japan)	Tama : Adventurous Ball in Giddy Labyrinth	1994	Puzzle	Time Warner Interactive	1
Tamago de Puzzle (Japan)	Tamago de Puzzle	1999	Puzzle	Matrix Software	1-2
Tamamayu Monogatari (Japan)	Jade Cocoon : Story of the Tamamayu	1998	Role Playing Game	Genki	1
Tanaka Torahiko no Ultra-ryuu Shougi - Ibisha Anaguma-hen (Japan)	Tanaka Torahiko no Ultra-ryuu Shougi : Ibisha Anaguma-hen	1999	Shougi/Board game/Asiatic board game	Arc System Works	1-2
Tank Racer (Europe) (En,Fr,De,Es,It)	Tank Racer	1999	Racing, Driving	Glass Ghost	1-2
Tanoshii Mahjong (Japan)	Tanoshii Mahjong	1998	Mahjong/Asiatic board game		1
Tantei Jinguuji Saburou - Early Collection (Japan)	Tantei Jinguji Saburo : Early Collection	1999	Adventure	Media Rings	1
Tantei Jinguuji Saburou - Mikan no Report (Japan)	Tantei Jinguji Saburo : Mikan no Rupo	1996	Adventure	Data East	1
Tantei Jinguuji Saburou - Tomoshibi ga Kienu Ma ni (Japan)	Tantei Jinguji Saburo : Tomoshibi ga Kienu Ma ni	1999	Adventure	Data East	1
Tantei Jinguuji Saburou - Yume no Owari ni (Japan)	Tantei Jinguji Saburo : Yume no Owari ni	1998	Adventure	Media Rings	1
Taregoro - Tarepanda no Iru Nichijou (Japan)	Taregoro : Tarepanda no Iru Nichijou	2000	Simulation	Bandai	1
Tasogare no Ode (Japan)	Tasogare no Ode - Ode to the Sunset Era	1996	Role Playing Game	Tonkin House	1
Tatsunoko Fight (Japan)	Tatsunoko Fight	2000	Fighting	Takara	1-2
Taxi 2 (France) (En,Fr)	Taxi 2	2002	Racing, Driving	DC Studios	1
Team Buddies (USA)	Team Buddies	2000	Strategy	Psygnosis	1-2
Team Losi RC Racer (USA)	Team Losi RC Racer	1998	Racing, Driving	Gremlin Interactive	1-2
Techno BB (Japan)	Techno BB	2001	Puzzle	Konami	1
TechnoMage - De Terugkeer der Eeuwigheid (Netherlands)	TechnoMage : Return of Eternity	2001	Role Playing Game	Sunflowers	1
TechnoMage - Die Rueckkehr der Ewigkeit (Germany)	TechnoMage : Return of Eternity	2001	Role Playing Game	Sunflowers	1
TechnoMage - El Retorno de la Eternidad (Spain)	TechnoMage : Return of Eternity	2001	Role Playing Game	Sunflowers	1
TechnoMage - En Quete de L'Eternite (France)	TechnoMage : Return of Eternity	2001	Role Playing Game	Sunflowers	1
TechnoMage - Return of Eternity (Europe)	TechnoMage : Return of Eternity	2001	Role Playing Game	Sunflowers	1
TechnoMage - Ritorno all'Eternita (Italy)	TechnoMage : Return of Eternity	2001	Role Playing Game	Sunflowers	1
Tecmo Stackers (USA)	Tecmo Stackers	1997	Puzzle	Tecmo	2
Tecmo Super Bowl (USA)	Tecmo Super Bowl	1996	Sports / Football (American)/Sports	Tecmo	1-2
Tecmo World Golf - Japan (USA)	Tecmo World Golf	1996	Sports / Golf/Sports	SETA	1-4
Tecmo's Deception - Invitation to Darkness (USA)	Tecmo's Deception : Invitation to Darkness	1996	Role Playing Game	Tecmo	1
Teitoku no Ketsudan II (Japan)	Teitoku no Ketsudan II	1996	Strategy	Koei	1-2
Teitoku no Ketsudan III (Japan)	Teitoku no Ketsudan III	1998	Strategy	Koei	1
Teitoku no Ketsudan III with Power-Up Kit (Japan)	Teitoku no Ketsudan III	1998	Strategy	Koei	1
Tekken (USA)	Tekken	1995	Fighting / Versus/Fighting	Namco	1-2
Tekken 2 & Fade to Black & F1 & V-CD (Europe, Australia)	Tekken 2	1996	Fighting / 2.5D/Fighting / Versus/Fighting	Namco	1-2
Tekken 2 (USA)	Tekken 2	1996	Fighting / 2.5D/Fighting / Versus/Fighting	Namco	1-2
Tekken 2 + Fade to Black + V-CD (France)	Tekken 2	1996	Fighting / 2.5D/Fighting / Versus/Fighting	Namco	1-2
Tekken 3 (USA)	Tekken 3	1998	Fighting / 2.5D/Fighting / Versus/Fighting	Namco	1-2
Tekkyuu - True Pinball (Japan)	True Pinball	1996	Pinball	Digital Illusions	1-8
Telefoot Manager (France)	Premier Manager Ninety Nine	1999	Sports / Football (Soccer)/Simulation/Strategy/Sports	Gremlin Interactive	1-4
Tempest X3 (USA)	Tempest X3	1996	Shooter	High Voltage	1-2
Ten made Jack - Odoroki Mamenoki Daitoubou!! (Japan)	Ten Made Jack : Odoroki Mamenoki Daitoubou!!	2000	Platform	Exrays	1
Ten Pin Alley (USA)	Ten Pin Alley	1996	Sports/Sports / Bowling	Adrenalin Interactive	1-6
Tenant Wars (Japan)	Board Game : Top Shop	2001	Board game	Kindle Imagine Develop	1-6
Tenchi Muyou! Toukou Muyou (Japan) (Disc 1)	Tenchi Muyou! Toukou Muyou - No Need for School	1996	Adventure	Xing Entertainment	1
Tenchi o Kurau II - Sekiheki no Tatakai (Japan)	Tenchi o Kurau II : Sekiheki no Tatakai	1996	Beat'em Up	Capcom	1-2
Tenchu - Stealth Assassins (USA)	Tenchu : Stealth Assassins	1998	Adventure	Acquire	1
Tenchu 2 - Birth of the Stealth Assassins (USA)	Tenchu 2 : Birth of the Stealth Assassins	2000	Adventure	Acquire	1
Tenga Seiha (Japan)	Tenka Seiha	1997	Strategy	Ron	1
Tenka Touitsu (Japan)	Tenka Touitsu	1999	Strategy	Unbalance	1
Tenkuu no Escaflowne (Japan)	Tenkuu no Escaflowne	1999	Role Playing Game	Bandai	1
Tenkuu no Restaurant (Japan)	Tenkuu no Restaurant				
Tenkuu no Restaurant - Hello! Project Ver. (Japan)	Tenkuu no Restaurant : Hello! Project Ver.	2001	Board game	Media Factory	1-4
Tennis (USA)	Tennis	2001	Sports/Sports / Tennis/Sports	Nekogumi	1-4
Tennis Arena (USA)	Tennis Arena	1998	Sports / Tennis/Sports	Smartdog	1-4
Tennis no Oujisama (Japan)	Tennis no Oji-Sama - The Prince of Tennis	2002	Sports / Tennis/Sports	Winky Soft	1
Tennis no Oujisama - Sweat & Tears (Japan)	Tennis no Oujisama : Sweat & Tears	2003	Adventure/Sports	Tenky	1
Tensen Nyannyan Gekijouban (Japan)	Tensen Nyannyan Gekijouban	1998	Mahjong/Asiatic board game	Time Point	1
Tenshi Doumei (Japan)	Tenshi Doumei	1998	Role Playing Game	Technic(TGL) Technical Group Laboratory	1
Tenshi na Konamaiki (Japan)	Tenshi na Konamaiki	2002	Adventure	Kamui	1
Tentama (Japan)	Tentama	2001	Adventure/Simulation	Kindle Imagine Develop	1
Terracon (Europe) (En,Fr,De,Es,It)	Terracon	2000	Adventure/Shooter	PictureHouse Software	1
Terry Pratchett's Discworld (USA)	Terry Pratchett's Discworld	1995	Adventure	Teeny Weeny Games	1
Test Drive 4 (USA)	Test Drive 4	1997	Racing, Driving	Pitbull Syndicate	1-2
Test Drive 4x4 (Europe) (En,Fr,De)	Test Drive Off-Road 2	1998	Racing, Driving	Accolade	1
Test Drive 5 (USA)	Test Drive 5	1998	Racing, Driving	Pitbull Syndicate	1-2
Test Drive 6 (USA)	Test Drive 6	1999	Racing, Driving	Pitbull Syndicate	1-2
Test Drive Le Mans (USA) (En,Fr,Es)	Test Drive Le Mans	2000	Racing, Driving	Eutechnyx	1-2
Test Drive Off-Road (USA)	Test Drive Off-Road	1997	Racing, Driving	Motivetime	1-2
Test Drive Off-Road 2 (USA)	Test Drive Off-Road 2	1998	Racing, Driving	Accolade	1
Test Drive Off-Road 3 (USA)	Test Drive Off-Road 3	1999	Racing, Driving	Infogrames	1-2
Tetris Magiska Utmaning (Sweden)	Magical Tetris Challenge	1999	Puzzle / Fall/Puzzle	Disney Interactive	1-2
Tetris Plus (USA)	Tetris Plus	1996	Puzzle / Fall/Puzzle	Jaleco	1-2
Tetris with Cardcaptor Sakura - Eternal Heart (Japan)	Tetris with Cardcaptor Sakura : Eternal Heart	2000	Puzzle / Fall/Puzzle	Arika	1-2
Tetris X (Japan)	Tetris X	1996	Puzzle / Fall/Puzzle	Bullet Proof Software	1-4
Tetsudou-ou '96 - Iku ze Okuman Chouja!! (Japan)	Tetsudou Ou '96 : Ikuze Okuman Chouja!!	1995	Board game	Atlus	1-4
Tetsudou-ou 2 - Sekai Seifuku no Yabou!! (Japan)	Tetsudo oh 2 : Sekai Seifuku no Yabou	1997	Strategy/Board game	Earthly Soft	1-4
Tetsuya Komuro - Gaball Screen (Japan)	Gaball Screen	1996	Adventure	Antinos Records	1
Tettei Kaiseki - Hisshou Pachi-Slot Doujou - Yamasa & Pioneer (Japan)	Tettei Kaiseki : Hisshou Pachi-Slot Doujou, Yamasa & Pioneer	1998	Casino	Kobi Group	1
TFX - Tactical Fighter eXperiment (Japan)	TFX : Tactical Fighter eXperiment	1996	Simulation	Digital Images Design / Tomcat System	1
That's QT (Japan)	That'sQT	2000	Simulation	Koei	1
Theme Aquarium (Japan)	Theme Aquarium	1998	Strategy	Bullfrog	1
Theme Hospital (USA)	Theme Hospital	1998	Build And Management/Simulation	Bullfrog	1
Theme Park (USA)	Theme Park	1995	Build And Management/Simulation	Krisalis Software	1
Theme Park World (Europe) (En,Fr,De,Es,It,Nl,Sv)	Sim Theme Park	2000	Build And Management/Strategy/Simulation	Climax Fareham	1
This Is Football (Europe)	This is football	1999	Sports / Football (Soccer)/Sports	Sony Computer Entertainment	2-8
This Is Football 2 (Europe)	This Is Football 2	2000	Sports / Football (Soccer)/Sports	Sony Computer Entertainment	2-8
This Is Soccer (Australia)	This is football	1999	Sports / Football (Soccer)/Sports	Sony Computer Entertainment	2-8
This Is Soccer 2 (Australia)	This Is Football 2	2000	Sports / Football (Soccer)/Sports	Sony Computer Entertainment	2-8
Thoroughbred Breeder - Sekai Seiha-hen (Japan)	Thoroughbred Breeder : Sekai Seiha Hen	1998	Simulation	HectorSoft	1
Thoroughbred Breeder II Plus (Japan)	Thoroughbred Breeder II Plus	1995	Simulation	HectorSoft	1
Thoroughbred-tachi no Eikan - The Victorious Thoroughbreds (Japan)	Thoroughbred Tatsu no Eikan - The Victorious Thoroughbred's	1996	Simulation	Island Creation	1
Thousand Arms (USA) (Disc 1)	Thousand Arms	1999	Role Playing Game/Simulation	Red Company Corporation	1
Thrasher - SK8 (Japan)	Thrasher : Skate and Destroy	1999	Sports / Skateboard/Sports	Z-Axis	2
Thrasher - Skate and Destroy (USA)	Thrasher : Skate and Destroy	1999	Sports / Skateboard/Sports	Z-Axis	2
Threads of Fate (USA, Canada)	Threads of Fate	2000	Role Playing Game	Squaresoft	1
Three Lions (UK) (En,Fr,De,Es,It)	Alexi Lalas International Soccer	1999	Sports / Football (Soccer)/Sports	Z-Axis	1-2
Three Stooges, The (USA)	The Three Stooges	2004	Casual Game	Cinemaware	1
Thrill Kill (USA) (Proto) (1998-08-10)	Thrill Kill	1998	Fighting	Paradox Development	1-4
Thunder Force V - Perfect System (USA)	Thunder Force V : Perfect System	1998	Shoot'em Up / Horizontal/Shoot'em Up	Techno Soft	1
Thunder Storm & Road Blaster (Japan) (Disc 1) (Thunder Storm)	Thunder Storm & Road Blaster	1995	Racing FPV/Compilation/Shooter / FPV/Shooter/Racing, Driving	Ecseco Development	1
Thunder Truck Rally (USA)	Thunder Truck Rally	1997	Racing, Driving	Reflections Interactive	1
Thunderhawk II (Japan)	Thunderstrike 2	1995	Shooter / FPV/Shooter	Core Design	1
Thunderstrike 2 (USA)	Thunderstrike 2	1995	Shooter / FPV/Shooter	Core Design	1
Tiger Woods 99 PGA Tour Golf (USA)	Tiger Woods 99 PGA Tour Golf	1998	Sports / Golf/Sports	Electronic Arts	1-4
Tiger Woods 99 USA Tour Golf (Australia)	Tiger Woods 99 PGA Tour Golf	1998	Sports / Golf/Sports	Electronic Arts	1-4
Tiger Woods PGA Tour 2000 (USA)	Tiger Woods PGA Tour 2000	2000	Sports / Golf/Sports	Electronic Arts	1-2
Tiger Woods PGA Tour Golf (USA)	Tiger Woods PGA Tour Golf	2000	Sports / Golf/Sports	Stormfront Studios	1-4
Tiger Woods USA Tour 2000 (Australia)	Tiger Woods PGA Tour 2000	2000	Sports / Golf/Sports	Electronic Arts	1-2
Tiger Woods USA Tour 2001 (Australia)	Tiger Woods PGA Tour Golf	2000	Sports / Golf/Sports	Stormfront Studios	1-4
Tigershark (USA)	Tigershark	1997	Shooter	n-Space	1
Tilk - Aoi Umi kara Kita Shoujo (Japan)	Tilk : Aoi Umi Kara Kita Shoujo	1997	Role Playing Game	TGL Micro	1
Tilt! (Europe) (En,Fr,De)	Tilt!	1997	Pinball	NMS Software	1-4
Time Bokan - Yattaman (Italy)	Time Bokan Series : Bokan Desu Yo	2001	Shoot'em Up / Vertical/Shoot'em Up	Banpresto	1-2
Time Bokan Series - Bokan desu yo (Japan)	Time Bokan Series : Bokan Desu Yo	2001	Shoot'em Up / Vertical/Shoot'em Up	Banpresto	1-2
Time Bokan Series - Bokan GoGoGo (Japan)	Time Bokan Series : Bokan GoGoGo	2001	Racing, Driving	Banpresto	1-2
Time Bokan Series - Bokan to Ippatsu! Doronbow (Japan)	Time Bokan Series : Bokan to Ippatsu! Doronboo	1996	Shoot'em Up / Vertical/Shoot'em Up	Eleven (Japan)	1-2
Time Commando (USA)	Time Commando	1996	Beat'em Up	Adeline Software	1
Time Crisis (USA)	Time Crisis	1997	Shooter/Lightgun Shooter	Namco	1
Time Crisis - Project Titan (USA)	Time Crisis : Project Titan	2001	Lightgun Shooter	Namco	1
Time Gal & Ninja Hayate (Japan) (En,Ja) (Disc 1) (Time Gal)	Time Gal & Ninja Hayate	1996	Adventure / Interactive Movie/Adventure	Taito	1-2
Tintin - Destination Adventure (Europe) (En,Fr,De,Es,It,Nl,Pt)	Tintin : Destination Adventure	2001	Platform	Infogrames	1
Tiny Bullets (Japan)	Tiny Bullets	2000	Adventure	Contrail / Kuusou Kagaku	1
Tiny Tank (USA)	Tiny Tank	1999	Shooter	MGM Interactive	1-2
Tiny Toon Adventures - Buster and the Beanstalk (Europe) (En,Es,Pt)	Tiny Toon Adventures : The Great Beanstalk	1998	Platform/Adventure	Terraglyph	1
Tiny Toon Adventures - Plucky's Big Adventure (USA)	Tiny Toon Adventures : Plucky's Big Adventure	2001	Adventure	Warthog	1
Tiny Toon Adventures - The Great Beanstalk (USA)	Tiny Toon Adventures : The Great Beanstalk	1998	Platform/Adventure	Terraglyph	1
Tiny Toon Adventures - Toonenstein - Dare to Scare! (USA)	Tiny Toon Adventures : Toonenstein, Dare to Scare!	1999	Adventure	Terraglyph Interactive Studios	1
Tiny Toon Adventures - Toonenstein - Geisterstunde! (Germany)	Tiny Toon Adventures : Toonenstein, Dare to Scare!	1999	Adventure	Terraglyph Interactive Studios	1
Tiny Toon Adventures - Toonenstein - Le Chateau hante (France)	Tiny Toon Adventures : Toonenstein, Dare to Scare!	1999	Adventure	Terraglyph Interactive Studios	1
Titan Wars (Europe)	Titan Wars	1996	Shooter	Crystal Dynamics	1
TIZ - Tokyo Insect Zoo (Japan)	TIZ : Tokyo Insect Zoo	1996	Adventure	General Entertaiment	1
TNN Motor Sports HardCore 4X4 (USA)	TNN Motor Sports HardCore 4X4	1996	Racing, Driving	Gremlin Interactive	1
TNN Motorsports HardCore TR (USA)	TNN Motorsports HardCore TR	1999	Racing, Driving	Eutechnyx	1-2
Toaplan Shooting Battle 1 (Japan)	Toaplan Shooting Battle 1	1996	Compilation/Shooter	Gazelle	1-2
Tobaku Mokushiroku Kaiji (Japan)	Tobaku Mokushiroku Kaiji	2000	Adventure/Casino	Will	1-2
Tobal 2 (Japan, Asia)	Tobal 2	1997	Fighting	Dream Factory	1-2
Tobal No. 1 (USA)	Tobal No. 1	1996	Fighting	Dream Factory	1-2
TOCA 2 - Touring Car Challenge (USA) (En,Fr,Es)	TOCA 2 Touring Car Challenge	1999	Racing, Driving	Codemasters	1-2
TOCA 2 Touring Cars (Europe) (Es,It)	TOCA 2 Touring Car Challenge	1999	Racing, Driving	Codemasters	1-2
TOCA Championship Racing (USA) (En,Es)	TOCA Championship Racing	1998	Racing, Driving	Codemasters	1-2
TOCA Touring Car Championship (Europe) (En,Fr,De,Es,It)	TOCA Championship Racing	1998	Racing, Driving	Codemasters	1-2
TOCA World Touring Cars (Europe) (Es,It)	Jarrett & Labonte Stock Car Racing	2000	Racing, Driving	Codemasters	1-4
Todd McFarlane's Spawn - The Ultimate (Japan)	Spawn - The Ultimate	1998	Music and Dancing	Oracion	1
ToHeart (Japan) (Disc 1)	To Heart	1999	Adventure / Visual Novel/Adventure	Aqua Plus	1
Tokimeki Memorial - Forever with You (Japan) (PlayStation the Best)	Tokimeki Memorial : Forever with You	1995	Casual Game	Konami	1
Tokimeki Memorial - Taisen Tokkaedama (Japan)	Tokimeki Memorial : Taisen Tokkaedama	1997	Puzzle	Konami	1-2
Tokimeki Memorial 2 (Japan, Asia) (Disc 1)	Tokimeki Memorial 2	2001	Simulation/Adventure/Casual Game	KCET	1
Tokimeki Memorial 2 - Taisen Puzzledama (Japan)	Tokimeki Memorial Taisen Puzzledama	2003	Puzzle	Konami	1-2
Tokimeki Memorial 2 Emotional Voice System Append Disc (Japan) (Disc 1) (Minadzuki - Kotobuki - Sakura)	Tokimeki Memorial 2	2001	Simulation/Adventure/Casual Game	KCET	1
Tokimeki Memorial 2 Substories - Dancing Summer Vacation (Japan) (Disc 1)	Tokimeki Memorial 2 Substories vol. 1 - Dancing Summer Vacation	2000	Music and Dancing	Konami	1
Tokimeki Memorial 2 Substories - Leaping School Festival (Japan) (Disc 1)	Tokimeki Memorial 2 - Substories vol. 2 - Leaping School Festival	2001	Casual Game	Konami	1
Tokimeki Memorial 2 Substories - Memories Ringing On (Japan) (Disc 1)	Tokimeki Memorial 2 Substories : Memories Ringing On	2001	Casual Game	Konami	1
Tokimeki Memorial Drama Series Vol. 1 - Nijiiro no Seishun (Japan)	Tokimeki Memorial Drama Series Vol. 1 : Nijiiro no Seishun	1997	Adventure/Casual Game	Konami	1
Tokimeki Memorial Drama Series Vol. 2 - Irodori no Love Song (Japan) (Disc 1)	Tokimeki Memorial Drama Series Vol. 2 : Irodori no Love Song	1999	Adventure/Casual Game	KCE Japan	1
Tokimeki Memorial Drama Series Vol. 3 - Tabidachi no Uta (Japan) (Disc 1)	Tokimeki Memorial Drama Series Vol. 3 : Tabidachi no Uta	1999	Casual Game	KCE Japan	1
Tokimeki Memorial Selection - Fujisaki Shiori (Japan)	Tokimeki Memorial Selection : Fujisaki Shiori	1997	Casual Game/Music and Dancing	Konami	1
Tokimeki Memorial Taisen Puzzledama (Japan)	Tokimeki Memorial Taisen Puzzledama	2003	Puzzle	Konami	1-2
Tokimeki no Houkago - Ne Quiz Shiyo (Japan, Asia)	Tokimeki no Houkago : Ne Quiz Shiyo	2003	Casual Game/Quiz	Konami	1
Toko Toko Trouble - Chikyuu Itadaki! (Japan)	Toko Toko Trouble : Chikyuu Itadaki!	2003	Puzzle	Media Entertainment	1
Tokoro-san no Daifugou (Japan)	Tokoro-san no Daifugou	2001	Board game/Casual Game	Hanayama	1-4
Tokyo 23-ku Seifuku Wars (Japan)	Tokyo 23Ku Seifuku-Wars	1998	Adventure	Map Japan	1
Tokyo Dungeon (Japan)	Tokyo Dungeon	1995	Adventure	Kadokawa Shoten	1
Tokyo Game Show '99 Spring Special Version - Tomy Paradise Taikenban (Japan)	Tokyo Game Show '99 Spring Special Version - Tomy Paradise Taikenban	1999	Compilation	Tomy	1-2
Tokyo Highway Battle (USA)	Tokyo Highway Battle	1996	Racing, Driving	Genki	1
Tokyo Majin Gakuen - Gehouchou (Japan) (Disc 1) (You)	Tokyo Majin Gakuen : Gehouchou	2002	Adventure/Role Playing Game	Shout! Designworks	1
Tokyo Majin Gakuen - Kenpuuchou (Japan) (Disc 1) (You)	Tokyo Majin Gakuen : Kenpuuchou	1998	Role Playing Game/Adventure	Shout! Designworks	1
Tokyo Majin Gakuen - Oboro Kitan (Japan)	Tokyo Majin Gakuen : Oboro Kitan	1999	Adventure/Role Playing Game	Shout! Designworks	1
Tokyo Majin Gakuen Denki - Jin no Shou - Tokyo Majin Gakuen Kenpuuchou Emaki (Japan) (Bonus Disc)	Tokyo Majin Gakuen : Kenpuuchou	1998	Role Playing Game/Adventure	Shout! Designworks	1
Tokyo Mew Mew - Toujou Shin Mew Mew! Minna Issho ni Gohoushi Suru Nyan (Japan)	Tokyo Mew Mew	2002	Role Playing Game	Winky Soft	1
Tokyo Shadow (Japan) (Disc 1)	Tokyo Shadow	1996	Adventure	High-Tech Lab Japan	1
Tokyo Wakusei Planetokio (Japan) (Disc 1)	Tokyo Wakusei Planetokio	1999	Role Playing Game	OutSide Directors Company	1
Tom and Jerry in House Trap (USA)	Tom and Jerry in House Trap	2000	Platform	Warthog	2
Tom Clancy's Rainbow Six (USA)	Tom Clancy's Rainbow Six	1999	Shooter / FPV/Shooter	Rebellion	1
Tom Clancy's Rainbow Six - Lone Wolf (USA)	Tom Clancy's Rainbow Six : Lone Wolf	2002	Shooter / FPV/Shooter	Rebellion	1
Tom Clancy's Rainbow Six - Rogue Spear (USA)	Tom Clancy's Rainbow Six : Rogue Spear	2001	Shooter / FPV/Shooter/Strategy	Red Storm Entertainment	2
Tomb Raider & Blam! Machinehead (France)	Machine Head	1996	Shoot'em Up	Core Design	1
Tomb Raider (USA)	Tomb Raider	1996	Adventure	Core Design	1
Tomb Raider - Die Chronik (Germany)	Tomb Raider Chronicles	2000	Adventure	Core Design	1
Tomb Raider - La Revelation Finale (France)	Tomb Raider : The Last Revelation	1999	Adventure	Core Design	1
Tomb Raider - Sur les Traces de Lara Croft (France)	Tomb Raider Chronicles	2000	Adventure	Core Design	1
Tomb Raider - The Last Revelation (USA)	Tomb Raider : The Last Revelation	1999	Adventure	Core Design	1
Tomb Raider 2 (Japan)	Tomb Raider II : Starring Lara Croft	1997	Platform/Adventure	Core	1
Tomb Raider Chronicles (USA)	Tomb Raider Chronicles	2000	Adventure	Core Design	1
Tomb Raider Chronicles - La Leggenda di Lara Croft (Italy)	Tomb Raider Chronicles	2000	Adventure	Core Design	1
Tomb Raider II - Starring Lara Croft (USA)	Tomb Raider II : Starring Lara Croft	1997	Platform/Adventure	Core	1
Tomb Raider III - Adventures of Lara Croft (USA)	Tomb Raider III : Adventures of Lara Croft	1998	Adventure/Platform	Core	1
Tomb Raider III - Les Aventures de Lara Croft (France)	Tomb Raider III : Adventures of Lara Croft	1998	Adventure/Platform	Core	1
Tomb Raider IV - The Last Revelation (Japan)	Tomb Raider : The Last Revelation	1999	Adventure	Core Design	1
Tomb Raider V - Chronicles (Japan)	Tomb Raider Chronicles	2000	Adventure	Core Design	1
Tomb Raiders (Japan)	Tomb Raider	1996	Adventure	Core Design	1
Tomba! (USA)	Tomba!	1998	Adventure/Platform	Whoopee Camp	1
Tomba! 2 - The Evil Swine Return (USA)	Tomba! 2 : The Evil Swine Return	1999	Platform	Whoopee Camp	1
Tomba! The Wild Adventures (Japan)	Tomba! 2 : The Evil Swine Return	1999	Platform	Whoopee Camp	1
Tombi! (Europe) (En,Es,Pt,Sv,Da)	Tomba!	1998	Adventure/Platform	Whoopee Camp	1
Tombi! 2 (Europe)	Tomba! 2 : The Evil Swine Return	1999	Platform	Whoopee Camp	1
Tombi! 2 - Contra los Cerdiablos (Spain)	Tomba! 2 : The Evil Swine Return	1999	Platform	Whoopee Camp	1
Tomica Town o Tsukurou! (Japan)	Tomika Town Wo Tsukurou!	1999	Simulation	Tomy	1
Tommi Maekinen Rally (Europe) (En,Fr,De,Es,Fi)	International Rally Championship	1998	Racing, Driving	EuroPress	1-2
Tomoyasu Hotei - Stolen Song (Japan) (Disc 1)	Stolen Song - A Virtual Music Adventure - Tomayasu Hotei	1998	Music and Dancing	Virtual Music Entertainment	1-2
Tonde! Tonde! Diet - Stepper Action Game (Japan)	Tonde! Tonde! Diet : Stepper Action Game	2001	Platform	Twilight Express	1-2
Tondemo Crisis! (Japan)	Incredible Crisis	2000	Casual Game	Polygon Magic	1
Tonka Space Station (USA)	Tonka Space Station	2000	Shooter	Data Design	1
Tony Hawk's Pro Skater (USA)	Tony Hawk's Pro Skater	1999	Sports / Skateboard/Sports	Neversoft	1-2
Tony Hawk's Pro Skater 2 (USA)	Tony Hawk's Pro Skater 2	2000	Sports / Skateboard/Sports	Neversoft	1-2
Tony Hawk's Pro Skater 3 (USA)	Tony Hawk's Pro Skater 3	2001	Sports / Skateboard/Sports	Shaba Games	1-2
Tony Hawk's Pro Skater 4 (USA)	Tony Hawk's Pro Skater 4	2002	Sports / Skateboard/Sports	Vicarious Vision	1-2
Tony Hawk's Skateboarding (Europe)	Tony Hawk's Pro Skater	1999	Sports / Skateboard/Sports	Neversoft	1-2
Tonzura-kun (Japan)	Tonzura Kun	1996	Puzzle	Bandit	1
Top Gun - Fire at Will! (USA)	Top Gun : Fire at Will!	1996	Shooter / Plane/Shooter	Spectrum Holobyte	1
Top Shop (USA)	Board Game : Top Shop	2001	Board game	Kindle Imagine Develop	1-6
Topolino e le Sue Avventure (Italy)	Mickey's Wild Adventure	1996	Platform	Psygnosis	1
ToPoLo (Japan)	ToPoLo	1996	Simulation/Fighting	FlipFlop	1
Tora! Tora! Tora! (Japan)	Tora! Tora! Tora!	1998	Strategy/Role Playing Game	Nexus Interact	1
Toshinden 4 (Europe)	Toshinden 4	2000	Fighting / 3D/Fighting	Tamsoft	1-2
Total Drivin (Europe) (En,Fr,De,Es,It,Pt)	Car and Driver Presents : Grand Tour Racing '98	1997	Racing, Driving	Eutechnyx	1-4
Total Eclipse Turbo (USA)	Total Eclipse Turbo	1995	Shooter/Shoot'em Up	Crystal Dynamics	1
Total NBA '96 (Europe)	NBA Shoot Out	1996	Sports / Basketball/Sports	Team Soho	1-8
Total NBA '97 (Europe)	NBA Shoot Out '97	1997	Sports / Basketball/Sports	Team Soho	1-8
Total NBA 98 (Europe)	NBA ShootOut 98	1998	Sports / Basketball/Sports	Sony Interactive Studios America	1-2
Touge Max - Saisoku Drift Master (Japan, Asia)	Peak Performance	1997	Racing, Driving	Cave	1-2
Touge Max 2 (Japan)	Touge Max 2	1998	Racing, Driving	Cave	1-2
Touge Max G (Japan)	Touge Max G	2000	Racing, Driving	Cave	1-2
Touhaiden Akagi (Japan)	Akagi : Touhaiden	1996	Mahjong/Asiatic board game	Micronet	1
Touhou Chinyuuki - Halfling Hearts (Japan)	Touhou Chinyuuki : Halfling Hearts	1996	Role Playing Game	Earthly Soft	1
Touki Denshou - Angel Eyes (Japan)	Touki Denshou : Angel Eyes	1997	Fighting	Tecmo	1-2
Tour Party - Sotsugyou Ryokou ni Ikou (Japan)	Tour Party : Sotsugyou Ryokou ni Ikou	2000	Board game	Japan Media Programming	1-4
Tournament Leader (Japan)	Tournament Leader	1996	Sports / Golf/Sports	Core Design	1-4
Toushinden (Japan)	Battle Arena Toshinden	1995	Fighting / 3D/Fighting	Tamsoft	1-2
Toushinden - Card Quest (Japan)	Toshinden Card Quest	1998	Board game	Takara	1-4
Toushinden Subaru (Japan)	Toshinden 4	2000	Fighting / 3D/Fighting	Tamsoft	1-2
Tower Dream 2 (Japan)	SuperLite 1500 Series : Tower Dream 2	2000	Board game	Crea-tech	1-4
Tower, The - Bonus Edition (Japan)	The Tower : Bonus Edition	1996	Strategy/Puzzle	Open Book.	1
Toyomaru Club Vol. 1 - CR Nanasy (Japan)	Toyomaru Club Vol. 1 : CR Nanasy	2001	Board game	KSS	1
Toyota Netz Racing (Japan)	Toyota Netz Racing	1999	Racing, Driving	Atlus	1-2
Toys (Europe) (En,Fr,De)	Toys	2004	Puzzle	The Code Monkeys	1
Toys Dream (Japan)	Toys Dream	1998	Simulation	Mediamuse	1
Transformers - Beast Wars (Japan)	Beast Wars : Transformers	1997	Shooter	SCE Studio Cambridge	1
Transformers - Beast Wars Metals (Japan)	Transformers : Beast Wars Transmetals	2000	Fighting	Wavedge	1-2
Transformers - Beast Wars Transmetals (USA)	Transformers : Beast Wars Transmetals	2000	Fighting	Wavedge	1-2
Transport Tycoon (Europe) (En,Fr,De,Es,It)	Transport Tycoon	1997	Build And Management/Strategy/Simulation	Ocean	1
Transport Tycoon 3D - SL Kara Hajimeyou!! (Japan)	Transport Tycoon	1997	Build And Management/Strategy/Simulation	Ocean	1
Trap Gunner (USA)	Trap Gunner	1998	Shooter	Racdym	1-2
Trap Runner (Europe) (En,Fr,De)	Trap Gunner	1998	Shooter	Racdym	1-2
Trash It (Europe) (En,Fr,De,Es,It)	Trash It	1997	Puzzle	Rage Software	1-2
Treasure Gear (Japan)	Treasure Gear	1997	Role Playing Game	Mirai Soft	1
Treasures of the Deep (USA)	Treasures of the Deep	1997	Shooter	Black Ops Entertainment	1
Trick'n Snowboarder (USA)	Trick'n Snowboarder	1999	Sports / Skiing/Sports	Cave	1-2
Trickshot (Europe)	Trickshot	2003	Sports / Pool/Sports	Prosoft	1-3
Tricky Sliders - Freestyle Snowboard (Japan)	Trick'n Snowboarder	1999	Sports / Skiing/Sports	Cave	1-2
Triple Play 2000 (USA)	Triple Play 2000	1999	Sports / Baseball/Sports	EA Canada	1-2
Triple Play 2001 (USA)	Triple Play 2001	2000	Sports / Baseball/Sports	Treyarch	1-2
Triple Play 97 (USA)	Triple Play 97	1996	Sports / Baseball/Sports	EA Canada	1-8
Triple Play 98 (USA)	Triple Play 98	1997	Sports / Baseball/Sports	EA Canada	1-8
Triple Play 99 (USA) (En,Es)	Triple Play 99	1998	Sports / Baseball/Sports	EA Canada	1-8
Triple Play Baseball (USA)	Triple Play Baseball	2001	Sports / Baseball/Sports	Treyarch	1-2
Triple Play Baseball 2000 (Europe)	Triple Play 2000	1999	Sports / Baseball/Sports	EA Canada	1-2
Tripuzz (Japan)	Tripuzz	1997	Puzzle	Santos	1-2
TRL - The Rail Loaders (Japan)	TRL : The Rail Loaders	2000	Shooter/Puzzle	Victor Interactive Software	1-2
Tron ni Kobun (Japan)	The Misadventures of Tron Bonne	2000	Platform	Capcom	1
Truck Racing (Europe)	Truck Racing	2002	Racing, Driving	Kung Fu	1
Truck Rally (Europe)	Truck Rally	2004	Racing, Driving	Kung Fu	1
True Love Story (Japan)	True Love Story	1998	Adventure/Simulation	Bits Laboratory	1
True Love Story - Remember My Heart (Japan)	True Love Story : Remember My Heart	1997	Adventure/Simulation	Bits Laboratory	1
True Love Story 2 (Japan) (Disc 1)	True Love Story 2	1999	Adventure/Simulation	Bits Laboratory	1
True Love Story Fan Disc (Japan)	True Love Story Fan Disc	1999	Adventure	Bits Laboratory	1
True Pinball (USA)	True Pinball	1996	Pinball	Digital Illusions	1-8
Trump Shiyou yo! (Japan)	Family Card Games Fun Pack	2002	Playing cards	Bottom Up Interactive	1-4
Tsumu (Japan)	Tsumu	1998	Puzzle	HectorSoft	1
Tsumu Light (Japan)	Tsumu Light	1999	Puzzle	HectorSoft	1
TsunTsun-gumi - Suuji de PuniPuni (Japan)	TsunTsun-gumi : Suuji de PuniPuni	1998	Puzzle	Kodansha	1-2
TsunTsun-gumi 2 - MojiMoji Pakkun (Japan)	Tsuntsun-gumi 2 : Mojimoji Pakkun	1998	Puzzle	Kodansha	1
TsunTsun-gumi 3 - Kanji Vader (Japan)	Tsun Tsun Gumi 3 : Kanjivader	1999	Shooter/Lightgun Shooter	Kodansha	1-2
Tsuri Baka Nisshi (Japan)	Tsuri Baka Nisshi	1996	Fishing/Hunting and Fishing	Shogakukan	1-2
Tsuridou - Keiryuu Mizuumi-hen (Japan)	Tsuridou : Keiryuu Mizuumi-hen	2000	Fishing/Hunting and Fishing	Vingt-et-un Systems Corporation	1
Tsuridou - Umizuri-hen (Japan)	Tsuridou : Umizuri-hen	1999	Fishing/Hunting and Fishing	Vingt-et-un Systems Corporation	1
Tsuukai!! Slot Shooting (Japan)	Tsuukai!! Slot Shooting	1996	Puzzle	Shoeisha	1-2
Tunguska - Legend of Faith (Europe) (En,Fr,De,Es,It)	Tunguska : Legend of Faith	2000	Adventure	Exortus	1
Tunnel B1 (USA)	Tunnel B1	1996		NEON	1
Tunnel B1 + X2 - No Relief + Break Point + Cheesy (Europe)	Tunnel B1	1996		NEON	1
Turbo Prop Racing (USA)	Turbo Prop Racing	1998	Racing, Driving	Sony Computer Entertainment	1-2
Turf Wind '96 - Take Yutaka Kyousouba Ikusei Game (Japan)	Turf Wind '96 : Take Yutaka Kyousouba Ikusei Game	1996	Simulation	Jaleco	1
Turnabout (USA)	Turnabout	2003	Puzzle	Artdink	1
TV Animation X - Unmei no Sentaku (Japan)	TV Animation X : Unmei No Tatakai	2002	Fighting	Taito	1-2
Tweenies - Game Time (Europe)	Tweenies : Game Time	2001	Casual Game	Intelligent Games	1
Twilight Syndrome (Japan) (Demo)	Twilight Syndrome : Saikai	2001	Adventure	Vaill	1
Twilight Syndrome - Kyuumei-hen (Japan)	Twilight Syndrome : Kyuumei Hen	1996	Adventure	Human Entertainment	1
Twilight Syndrome - Saikai (Japan)	Twilight Syndrome : Saikai	2001	Adventure	Vaill	1
Twilight Syndrome - Tansaku-hen (Japan)	Twilight Syndrome : Tansaku Hen	1996	Adventure	Human Entertainment	1
Twilight Syndrome - The Memorize (Japan)	Twilight Syndrome : Tansaku Hen	1996	Adventure	Human Entertainment	1
Twin Goddesses (Japan)	Twin Goddesses	1994	Fighting	Polygram Magic of Japan	1-2
TwinBee RPG (Japan, Asia)	TwinBee RPG	1998	Role Playing Game	KCET	1
TwinBee Taisen Puzzle-dama (Japan)	TwinBee Taisen Puzzle-dama	1994	Puzzle / Fall/Puzzle	Konami	1-2
Twins Story - Kimi ni Tsutaetakute... (Japan)	Twins Story : Kimi ni Tsutaetakute...	1999	Simulation/Adventure	Fujitsu	1
Twisted Metal (USA)	Twisted Metal	1995	Shooter / Vehicle, TPV/Shooter/Racing, Driving	SingleTrac	1-2
Twisted Metal - Small Brawl (USA)	Twisted Metal : Small Brawl	2001	Shooter / Vehicle, TPV/Shooter/Fighting/Racing, Driving	Incognito	1-2
Twisted Metal - World Tour (Europe)	Twisted Metal 2	1996	Shooter / Vehicle, TPV/Shooter/Racing, Driving	SingleTrac	1-2
Twisted Metal 2 (USA)	Twisted Metal 2	1996	Shooter / Vehicle, TPV/Shooter/Racing, Driving	SingleTrac	1-2
Twisted Metal 4 (USA, Canada)	Twisted Metal 4	1999	Shooter / Vehicle, TPV/Racing, Driving/Shooter	989	1-4
Twisted Metal EX - World Tour (Japan)	Twisted Metal 2	1996	Shooter / Vehicle, TPV/Shooter/Racing, Driving	SingleTrac	1-2
Twisted Metal III (USA)	Twisted Metal III	1998	Shooter / Vehicle, TPV/Racing, Driving/Shooter	989	1-4
Two-Ten Kaku (Japan)	Two-Ten Kaku	1995	Shoot'em Up	Club Dep	1-2
Tyco R-C - Assault with a Battery (USA)	Tyco R-C : Assault with a Battery	2000	Racing, Driving	Lucky Chicken Games	1-2
U-SA (Japan)	Turnabout	2003	Puzzle	Artdink	1
U.P.P. (Japan)	U.P.P.	1999	Puzzle	Pan Software	1-2
U.S. Navy Fighters (Japan)	U.S. Navy Fighters	1997		Electronic Arts	1
Ubik (Europe) (En,Fr,De)	Ubik	2000	Strategy/Adventure	Cryo Interactive	1
Uchi ni Pochi ga Yattekita in my Pocket (Japan)	Uchi ni Pochi ga Yattekita in my Pocket	1999	Simulation / Life/Simulation	Konami	1
Uchuu Goushouden - Bakuretsu Akindo (Japan)	Uchuu Goushouden : Bakuretsu Akindo	1996	Board game/Casual Game	Astec 21	1-4
Uchuu no Rendezvous - Rama (Japan) (Disc 1)	Uchuu No Rendezvous : Rama	1998	Adventure	Dynamix	1
Uchuu Seibutsu Flopon-kun P! (Japan)	Uchuu Seibutsu Furopon-kun P!	1995	Puzzle	WARP	1-2
Uchuu Senkan Yamato - Eiyuu no Kiseki (Japan)	Uchuu Senkan Yamato : Eiyuu No Kiseki	2000	Strategy	NK System	1
Uchuu Senkan Yamato - Haruka naru Hoshi Iscandar (Japan)	Uchuu Senkan Yamato : Haruka naru Hoshi Iscandar	1999	Strategy	Vingt-et-un Systems Corporation	1
UEFA Challenge (Europe) (En,Fr,De,Nl)	UEFA Challenge	2001	Sports / Football (Soccer)/Sports	Infogrames	1-2
UEFA Champions League - Saison 1998-99 (France)	UEFA Champions League : Season 1998-99	1999	Sports / Football (Soccer)/Sports	Silicon Dreams	1-2
UEFA Champions League - Season 1998-99 (Europe)	UEFA Champions League : Season 1998-99	1999	Sports / Football (Soccer)/Sports	Silicon Dreams	1-2
UEFA Champions League - Season 1999-2000 (Europe)	UEFA Champions League : Season 1999-2000	2000	Sports / Football (Soccer)/Sports	Silicon Dreams	1-2
UEFA Champions League - Season 2000-2001 (Europe)	UEFA Champions League Season 2000-2001	2000	Sports / Football (Soccer)/Sports	Silicon Dreams	2
UEFA Champions League - Stagione 1998-99 (Italy)	UEFA Champions League : Season 1998-99	1999	Sports / Football (Soccer)/Sports	Silicon Dreams	1-2
UEFA Champions League - Temporada 1998-99 (Spain)	UEFA Champions League : Season 1998-99	1999	Sports / Football (Soccer)/Sports	Silicon Dreams	1-2
UEFA Euro 2000 (Europe)	UEFA Euro 2000	2000	Sports / Football (Soccer)/Sports	Software Creations	1-8
UEFA Striker (Europe) (En,Fr,De,Es,It,Nl)	Striker Pro 2000	2000	Sports/Sports / Football (Soccer)	Rage Software	1-2
UFC - Ultimate Fighting Championship (Japan)	Ultimate Fighting Championship	2001	Fighting/Sports	Opus	1-2
UFO - A Day in the Life (Japan)	UFO : A Day in the Life	2000	Simulation/Puzzle	Love-de-Lic	1
Ugetsu Kitan (Japan)	Ugetsu Kitan	1999	Adventure	Will	1
Uki Uki Tsuri Tengoku - Gyoshin Densetsu o Oe (Japan)	Uki Uki Tsuri Tengoku : Gyoshin Densetsu o Oe	2000	Fishing/Hunting and Fishing	Teichiku	1
Uki Uki Tsuri Tengoku - Kawa Monogatari (Japan)	Ukiuki Tsuri Tengoku : Kawa Monogatari	1998	Fishing/Hunting and Fishing	Teichiku	1
Uki Uki Tsuri Tengoku - Ningyo Densetsu no Nazo (Japan)	Ukiuki Tsuri Tengoku : Ningyo Densetsu No Nazo	1997	Hunting and Fishing	Teichiku	1
Ultima Underworld - The Stygian Abyss (Japan)	Ultima Underworld : The Stygian Abyss	1997	Action RPG/Role Playing Game	Infinity	1
Ultimate 8 Ball (USA)	Ultimate 8 Ball	1999	Sports / Pool/Sports	Infogrames	1-16
Ultimate Brain Games (USA)	Ultimate Brain Games	2003	Board game	Cosmigo	1-2
Ultimate Fighting Championship (USA)	Ultimate Fighting Championship	2001	Fighting/Sports	Opus	1-2
Ultraman - Fighting Evolution (Japan)	Ultraman : Fighting Evolution	1998	Fighting	Metro 3D	1-2
Ultraman Tiga & Ultraman Dyna - Arata naru Futatsu no Hikari (Japan)	Ultraman Tiga And Ultraman Dyna : Aratanaru Futatsu No Hikari	1998	Fighting / 3D/Fighting	Bandai	1
Ultraman Zearth (Japan)	Ultraman Zearth	1996	Board game	CED	1-5
Um Jammer Lammy (USA)	Um Jammer Lammy	1999	Music and Dancing	Nanaon-Sha	1-2
Umapoly (Japan)	Umapoly	1999	Board game	KCE Sapporo	1-4
Umezawa Yukari no Taikyoku Igo - Heisei Kiin II (Japan)	Umezawa Yukari No Taikyoku Igo : Heisei Kiin 2	1998	Go/Asiatic board game	Daiki	1-2
Umi no Nushi-tsuri - Takarajima ni Mukatte (Japan)	Umi No Nushi Tsuri : Takarajima Ni Mukatte	1999	Fishing/Role Playing Game/Hunting and Fishing	DDL	1
Umi no Oh! Yah! (Japan)	Umi no Oh! Yah!	1998	Fishing/Hunting and Fishing	Progress	1
Umihara Kawase Shun (Japan)	Umihara Kawase Shun	1997	Platform	Jack Pot	1
Umihara Kawase Shun - Second Edition (Japan)	Umihara Kawase Shun : Second Edition	2000	Platform	Xing Entertainment	1
Undou Busoku Kaishou! Punch de Diet (Japan)	Undou Busoku Kaishou! Punch de Diet	2002		Twilight Express	1-2
UnGro Walker (Japan)	Ungra Walker	2002	Role Playing Game	Success	1-2
Unholy War, The (USA)	The Unholy War	1998	Strategy	Eidos Interactive	1
Universal Nuts (Japan)	Universal Nuts	1998	Adventure	Lay-Up	1
Universal Virtua Pachi-Slot - Hisshou Kouryakuhou (Japan)	Universal Virtua Pachi-Slot : Hisshou Kouryakuhou	1995	Casino	Map Japan	1-2
Universal-ki Kanzen Kaiseki - Pachi-Slot Simulator (Japan)	Universal-ki Kanzen Kaiseki : Pachi-Slot Simulator	1995	Casino	Human Entertainment	1
Uno (Japan)	Uno (Superlite 1500 Series)	1999	Board game/Playing cards	TOSE	1-2
Unsolved, The - Hyper Science Adventure (Japan) (Disc 1)	The Unsolved : Hyper Science Adventure	1997	Adventure	Japan Media Programming	1
Unstack (Japan)	Unstack	1996	Puzzle	System Create	1-2
Uprising X (USA)	Uprising X	1998	Shooter / FPV/Shooter	Cyclone	1
Uranai 2, The - Mainichi no Tarot Uranai (Japan)	The Uranai 2 : Mainichi No Tarot Uranai	1999	Quiz	Billiken Soft.	1
Uranai 3, The - Mainichi no Houi Uranai (Japan)	The Uranai 3 : Mainichi no Houi Uranai	2000	Simulation	Visit	1
Uranai 4, The - Harapeko Kuma no Kaiun Kabbalah Uranai (Japan)	The Uranai 4 : Harapeko Kuma no Kaiun Kabbalah Uranai	2000	Simulation	Visit	1
Uranai 5, The - Shinpi no Rune Uranai (Japan)	The Uranai 5 : Shinpi no Rune Uranai	2000	Simulation	Visit	1
Uranai 6, The - Suisei-san no Tottemo Kyuusei Senseijutsu (Japan)	The Uranai 6 : Suisei-san no Tottemo Kyuusei Senseijutsu	2000	Simulation	Billiken Soft	1
Uranai, The - Ren'ai Seiza Uranai (Japan)	The Uranai : Renai Seiza Uranai	1999	Quiz	Billiken Soft	1
Urawaza Mahjong - Korette Tenwatte Yatsukai (Japan)	Urawaza Mahjong : Korette Tenwatte Yatsukai	2000	Mahjong/Asiatic board game	Vaill	1
Urban Chaos (USA)	Urban Chaos	2000	Adventure	Mucky Foot	1
US Racer (Europe) (En,Fr,De,Nl)	USA Racer	2002	Racing, Driving	Davilex	1
Utauta Woo - Seirei-Songs (Japan)	Utauta Woo : Seirei-Songs	2000	Music and Dancing	Opus Software	1
Utchan Nanchan no Honoo no Challenger - Denryuu Iraira-bou Returns (Japan, Asia)	Irritating Stick	1999	Puzzle	Saurus	1-8
V-Ball - Beach Volley Heroes (Europe)	V-Ball : Beach Volley Heroes	1998	Sports / Volleyball/Sports	Infogrames	1-2
V-Beach Volleyball (Europe) (En,Fr,De,Es,It) (Beta) (2000-04-21)	Power Spike : Pro Beach Volleyball	2000	Sports / Volleyball/Sports	Carapace	2
V-Rally - 97 Championship Edition (Europe) (En,Fr,De)	Need for Speed : V-Rally	1997	Racing, Driving	Infogrames	1-2
V-Rally - Championship Edition (Japan)	Need for Speed : V-Rally	1997	Racing, Driving	Infogrames	1-2
V-Rally - Championship Edition 2 (Europe) (En,Fr,De)	Need for Speed : V-Rally 2	1999	Racing, Driving	Eden Studios	1-4
V-Tennis (USA)	V-Tennis	1997	Sports/Sports / Tennis	Tonkin House	1-2
V-Tennis 2 (Japan)	V-Tennis 2	1996	Sports / Tennis/Sports	Tonkin House	1-2
V.I.P. (USA)	V.I.P.	2001	Shooter	Planet	1
V2000 (Europe) (En,Fr,De,Es,It)	V2000	1998	Shooter	Frontier Developments	1
Vadims (Japan)	Vadims	1996	Puzzle	ITC (Interactive Toys for Communications)	1-2
Vagrant Story (USA)	Vagrant Story	2000	Role Playing Game	Squaresoft	1
Valkyrie Profile (USA) (Disc 1)	Valkyrie Profile	2000	Role Playing Game	Tri-Ace	1
Value 1500 - The Shanghai (Japan)	Value 1500 : The Shanghai	2000	Mahjong/Asiatic board game	Sunsoft	1
Value 1500 - The Shikinjou (Japan)	The Murasaki Kinshiro (Value 1500)	2000	Asiatic board game	Sunsoft	1
Vampir - Kyuuketsuki Densetsu (Japan)	Vampir : Kyuuketsuki Densetsu	1999	Role Playing Game	Artdink	1
Vampire - The Night Warriors (Japan)	Darkstalkers : The Night Warriors	1996	Fighting	Psygnosis	1-2
Vampire Hunter D (USA)	Vampire Hunter D	2000	Adventure	Virgin	1
Vampire Savior - EX Edition (Japan)	Darkstalkers 3	1999	Fighting	Capcom	1-2
Vanark (USA)	Vanark	2000	Shooter / Plane, TPV/Shooter	Asmik	1
Vandal Hearts (USA)	Vandal Hearts	1997	Role Playing Game/Strategy	Konami	1
Vandal Hearts - Ushinawareta Kodai Bunmei (Japan)	Vandal Hearts	1997	Role Playing Game/Strategy	Konami	1
Vandal Hearts II (USA)	Vandal Hearts II	1999	Role Playing Game/Strategy	Konami	1
Vandal Hearts II - Tenjou no Mon (Japan)	Vandal Hearts II	1999	Role Playing Game/Strategy	Konami	1
Vanguard Bandits (USA)	Vanguard Bandits	2000	Role Playing Game/Strategy	Human Entertainment	1
Vanishing Point (USA)	Vanishing Point	2001	Racing, Driving	Clockworks Entertainment	1-2
Vegas Casino (Europe)	Vegas Casino	2000	Casino	Coconuts Japan	1-4
Vegas Games 2000 (USA)	Vegas Games 2000	1999	Casino/Puzzle	The 3DO Company	1-4
Vehicle Cavalier (Japan)	Vehicle Cavalier	1996	Shooter	Vanguard Works	1-2
Velldeselba Senki - Tsubasa no Kunshou (Japan)	Velldeselba Senki : Tsubasa no Kunshou	1997	Role Playing Game	Tenki	1-2
Vem vill bli Miljonaer (Sweden)	Who Wants to Be a Millionaire ?	2000	Quiz/Puzzle	Hothouse Creations	1-4
Vermin Kids (Japan)	Vermin Kids	1996	Puzzle	Nexton	1-4
Verrat in der Verbotenen Stadt (Germany)	China : The Forbidden City	1999	Adventure	Cryo Interactive	1
Versailles - A Game of Intrigue (Europe)	Versailles : A Game of Intrigue	1998	Adventure	Cryo Interactive	1
Versailles - Complot a la Cour du Roi Soleil (France)	Versailles : A Game of Intrigue	1998	Adventure	Cryo Interactive	1
Versailles - Complotto alla Corte del Re Sole (Italy)	Versailles : A Game of Intrigue	1998	Adventure	Cryo Interactive	1
Versailles - Verschwoerung am Hof (Germany)	Versailles : A Game of Intrigue	1998	Adventure	Cryo Interactive	1
Versalles - Complot en la Corte del Rey Sol (Spain)	Versailles : A Game of Intrigue	1998	Adventure	Cryo Interactive	1
Vib-Ribbon (Europe) (En,Fr,De,Es,It)	Vib-Ribbon	2000	Platform	Nanaon-Sha	1
Victory Boxing (Japan)	Victory Boxing Challenger	2001	Sports / Boxing/Sports	Victor Interactive Software	1-2
Victory Boxing 2 (Europe)	Contender	1998	Sports / Boxing/Sports	Victor Interactive Software	1-2
Victory Boxing Challenger (Europe) (En,Fr,De,Es)	Victory Boxing Challenger	2001	Sports / Boxing/Sports	Victor Interactive Software	1-2
Victory Boxing Champion Edition (Europe)	Victory Boxing Champion Edition	1996	Sports / Boxing/Sports	Victor Interactive Software	1-2
Victory Boxing Contender (Europe)	Contender 2	2000	Sports / Boxing/Sports	Victor Interactive Software	1-2
Victory Spike (Japan)	Victory Spike	1996	Sports	Imagineer	1-2
Victory Zone (Japan)	Victory Zone : Real Pachinko Simulator	1995	Casino	Unit	1
Victory Zone 2 (Japan)	Victory Zone 2	1996	Casino	Unit	1
Viewpoint (USA)	Viewpoint	1995	Shoot'em Up / Diagonal/Shoot'em Up	Visual Concepts Entertainment	1
Vigilante 8 (USA)	Vigilante 8	1998	Racing, Driving	Luxoflux	1-2
Vigilante 8 - 2nd Battle (Japan)	Vigilante 8 : 2nd Offense	1999	Racing, Driving	Luxoflux	2
Vigilante 8 - 2nd Offense (USA)	Vigilante 8 : 2nd Offense	1999	Racing, Driving	Luxoflux	2
Vil du bli millionaer (Norway)	Who Wants to Be a Millionaire ?	2000	Quiz/Puzzle	Hothouse Creations	1-4
Viper (Europe) (En,Fr,De,Es,It)	Viper	1998	Shooter	X-Ample	1
Virtua Pachi-Slot - Olympia Special (Japan)	Virtua Pachi-Slot Olympia Special	2000	Casino	Map Japan	1-2
Virtua Pachi-Slot 7 - Kita Denshi, Olympia (Japan)	Virtua Pachi-Slot 7	2000	Casino	Map Japan	1
Virtua Pachi-Slot EX (Japan)	Virtua Pachi-Slot EX	1999	Casino	Map Japan	1
Virtua Pachi-Slot V - Yamasa, Kita Denshi, Olympia (Japan)	Virtua Pachi-Slot V : Yamasa, Kitadenshi, Olympia	1999	Casino	Map Japan	1
Virtua Pachi-Slot VI (Japan)	Virtua Pachi-Slot VI	2000	Casino	Map Japan	1
Virtual Bowling - Ten Pin Alley no Kiseki (Japan)	Ten Pin Alley	1996	Sports/Sports / Bowling	Adrenalin Interactive	1-6
Virtual Gallop - Kishudou (Japan)	Virtual Gallop : Kishudou	1996	Horse racing/Sports with animals	ISCO	1
Virtual Golf (Europe) (En,Fr,De)	Tournament Leader	1996	Sports / Golf/Sports	Core Design	1-4
Virtual Hiryuu no Ken (Japan)	Virtual Hiryuu no Ken	1997	Fighting	Culture Brain	1-2
Virtual Kasparov (USA) (En,Fr,Es)	Virtual Kasparov	2001	Board game/Puzzle	Titus	1-2
Virtual Kyoutei '98 (Japan)	Virtual Kyoutei '98	2000	Sports / Water/Racing, Driving/Sports	Nichibutsu	1
Virtual Kyoutei '99 (Japan)	Virtual Kyoutei '99	1999	Sports / Water/Racing, Driving/Sports	Nichibutsu	1
Virtual Kyoutei 2000 (Japan)	Virtual Kyoutei 2000	2000	Sports / Water/Racing, Driving/Sports	Nichibutsu	1
Virtual Kyoutei 21 (Japan)	Virtual Kyoutei 21	2001	Sports / Water/Racing, Driving/Sports	Nichibutsu	1
Virtual Pool (USA)	Virtual Pool	1997	Sports / Pool/Sports/Simulation	Celeris	1-2
Virtual Pool 3 (USA)	Virtual Pool 3	2003	Sports / Pool/Sports	Celeris	1-2
Virtual Pro Wrestling (Japan)	WCW vs. The World	1997	Sports / Wrestling/Sports / Fighting/Sports/Fighting	The Man Breeze	1-2
Virus - It Is Aware (Europe) (En,Fr,De,Es,It)	Virus : It Is Aware	1999	Shooter / TPV/Shooter	Cryo Interactive	1
Virus - The Battle Field (Japan)	Virus : The Battle Field	1998	Playing cards	Polygram	1-2
Visiteurs, Les - La Relique de Sainte Rolande (France)	Visiteurs - La Relique De Sainte Rolande, Les	2001	Adventure	Silmarils	1
Viva Football (Europe) (En,Fr,De,Es,It,Pt)	Viva Soccer	1999	Sports / Football (Soccer)/Sports	Crimson	1-4
Viva Soccer (USA) (En,Fr,De,Es,It,Pt)	Viva Soccer	1999	Sports / Football (Soccer)/Sports	Crimson	1-4
VMX Racing (USA)	VMX Racing	1997	Racing, Driving	Studio E	1-2
Voice Fantasia - Ushinawareta Voice Power (Japan)	Voice Fantasia : Ushinawareta Voice Power	1997	Role Playing Game	Japan Media Programming	1
Voice Idol Collection - Pool Bar Story (Japan) (Disc 1)	Voice Idol Collection - Pool Bar Story	1997	Sports / Pool/Sports	Four Winds	1
Voice Paradice Excella (Japan) (Disc 1)	Voice Paradice Excella	1996	Adventure/Quiz	ASK Kodansha	1
Volfoss (Japan)	Volfoss	2001	Role Playing Game	Namco	1
VR Baseball '97 (USA)	VR Baseball '97	1997	Sports / Baseball/Sports	VR Sports	1-2
VR Baseball 99 (USA)	VR Baseball 99	1998	Sports / Baseball/Sports	VR Sports	1-2
VR Golf '97 (USA) (En,Fr)	VR Golf '97	1996	Sports / Golf/Sports	Gremlin Interactive	1-4
VR Soccer '96 (USA, Canada)	VR Soccer '96	1996	Sports / Football (Soccer)/Sports	Gremlin Interactive	1-2
VR Sports Powerboat Racing (USA)	VR Sports Powerboat Racing	1998	Racing, Driving	Sony Computer Entertainment	1-2
Vs. (USA)	Vs.	1997	Fighting	Polygon Magic	1-2
Wacky Races (Europe) (En,Fr,De,Es,It,Nl)	Wacky Races	2001	Racing TPV/Racing, Driving	Appaloosa Interactive	1-2
Wagamama Fairy Mirumo de Pon! Mirumo no Mahou Gakkou Monogatari (Japan)	Wagamama Fairy : Mirumo de Pon! Mirumo no Mahou Gakkou Monogatari	2003	Adventure/Casual Game	Jupiter	1
Wai Wai 3-nin Uchi Mahjong (Japan)	Wai Wai 3-nin Uchi Mahjong	2000	Mahjong/Asiatic board game	Hori	1
Wai Wai Bowling (Japan)	Family Bowling	1998	Sports / Bowling/Sports	Nichibutsu	1-4
Wai Wai Jansou (Japan)	Wai Wai Jansou	2000	Mahjong/Asiatic board game	Hori	1
Wai Wai Kart (Japan) (Major Wave)	Extreme Go-Kart Racing	2003	Racing, Driving	Now Production	1-2
Wai Wai Kusa Yakyuu (Japan)	Big League Slugger Baseball	2003	Sports / Baseball/Sports	Now Production	1-2
Wai Wai Trump Taisen (Japan)	Wai Wai Trump Taisen	2000	Playing cards/Casino	Hoi	1-2
Waku Puyo Dungeon - Ketteiban (Japan)	Waku Puyo Dungeon : Ketteiban	1999	Role Playing Game	Compile	1
Waku Waku Bowling (Japan)	Waku Waku Bowling	1998	Sports / Bowling/Sports	Coconuts Japan	1
Waku Waku Derby (Japan)	Waku Waku Derby	1997	Casual Game	Dream Japan	1-4
Waku Waku Volley (Japan)	Waku Waku Volley	1998	Sports / Volleyball/Sports	Art	1-2
Wakusei Koukitai - Little Cats (Japan)	Wakusei Koukitai Little Cats	1998	Simulation/Role Playing Game	Family Soft	1
Walt Disney El Libro de la Selva - Muevete con Ritmo (Spain)	Walt Disney's The Jungle Book : Rhythm n' Groove	2000	Music and Dancing	Ubisoft	2
Walt Disney Il Libro della Giungla - Il Ballo della Giungla (Italy)	Walt Disney's The Jungle Book : Rhythm n' Groove	2000	Music and Dancing	Ubisoft	2
Walt Disney Ksiega Dzungli - Groove Party (Poland)	Walt Disney's The Jungle Book : Rhythm n' Groove	2000	Music and Dancing	Ubisoft	2
Walt Disney Le Livre de la Jungle - Groove Party (France)	Walt Disney's The Jungle Book : Rhythm n' Groove	2000	Music and Dancing	Ubisoft	2
Walt Disney World Quest - Magical Racing Tour (USA)	Walt Disney World Quest : Magical Racing Tour	2000	Racing, Driving	Crystal Dynamics	2
Walt Disney's Jungle Boek - Groove Party (Netherlands)	Walt Disney's The Jungle Book : Rhythm n' Groove	2000	Music and Dancing	Ubisoft	2
Walt Disney's The Jungle Book - Groove Party (Europe)	Walt Disney's The Jungle Book : Rhythm n' Groove	2000	Music and Dancing	Ubisoft	2
Walt Disney's The Jungle Book - Rhythm n' Groove (USA)	Walt Disney's The Jungle Book : Rhythm n' Groove	2000	Music and Dancing	Ubisoft	2
Walt Disneyn Viidakkokirja - Svengiseikkailu (Finland)	Walt Disney's The Jungle Book : Rhythm n' Groove	2000	Music and Dancing	Ubisoft	2
Walt Disneys Das Dschungelbuch - Groove Party (Germany)	Walt Disney's The Jungle Book : Rhythm n' Groove	2000	Music and Dancing	Ubisoft	2
Walt Disneys Djungelboken - Groove Party (Sweden)	Walt Disney's The Jungle Book : Rhythm n' Groove	2000	Music and Dancing	Ubisoft	2
Walt Disneys Jungelboken - Groove Party (Norway)	Walt Disney's The Jungle Book : Rhythm n' Groove	2000	Music and Dancing	Ubisoft	2
Walt Disneys Junglebogen - Groove Party (Denmark)	Walt Disney's The Jungle Book : Rhythm n' Groove	2000	Music and Dancing	Ubisoft	2
Wander Vehicles - Doggy Bone Daisakusen (Japan)	Wan-der Vehicles : Doggy Bone Daisakusen	1999	Strategy	Digital Kids	1
Wangan Trial (Japan) (Disc 1)	Wangan Trial	1998	Racing, Driving	Victor Interactive Software	1-2
Wanted (Europe)	Wanted	2004	Shooter	NAPS Team	1
War Gods (USA)	War Gods	1997	Fighting	Midway	1-2
WarCraft II - The Dark Saga (USA) (En,Fr,De,Es,It)	WarCraft II : The Dark Saga	1997	Strategy	Blizzard Entertainment	1
Warera Mitsurin Tankentai!! (Japan)	Warera Mitsurin Tankentai!!	2000	Simulation/Strategy	Groove Box Japan	1
Wares 1092 - Souheiden (Japan)	Seikoku 1092 : Souheiden	1997	Role Playing Game	Yutaka	1
WarGames - Defcon 1 (USA)	WarGames : Defcon 1	1998	Strategy	Blitz Interactive	1-2
Warhammer - Dark Omen (USA)	Warhammer : Dark Omen	1998	Adventure/Role Playing Game/Strategy	Mindscape	1
Warhammer - Shadow of the Horned Rat (USA)	Warhammer : Shadow of the Horned Rat	1996	Strategy	Mindscape	1
Warhawk - The Red Mercury Missions (USA)	Warhawk : The Red Mercury Missions	1995	Shoot'em Up/Simulation	Sony Computer Entertainment	1
Warm Up! (Europe) (En,Fr,De,Es,It,Pt)	Warm Up!	2001	Racing, Driving/Sports	Lankhor	1-2
Warpath - Jurassic Park (USA)	Warpath : Jurassic Park	1999	Fighting	Black Ops Entertainment	1-2
Warriors of Might and Magic (USA)	Warriors of Might and Magic	2001	Adventure	The 3DO Company	1
Warzone 2100 (USA)	Warzone 2100	1999	Strategy	Pumpkin	1
Water Summer (Japan)	Water Summer	2002	Adventure	Princess Soft	1
Wayne Gretzky's 3D Hockey '98 (USA)	Wayne Gretzky's 3D Hockey '98	1998	Sports / Hockey/Sports	Midway	1-4
WCW Backstage Assault (USA)	WCW Backstage Assault	2000	Sports / Wrestling/Sports	EA Canada	1-2
WCW Mayhem (USA)	WCW Mayhem	1999	Sports / Wrestling/Sports	EA Canada	1-4
WCW Nitro (USA)	WCW Nitro	1998	Sports / Wrestling/Sports	Inland Productions	1-2
WCW vs. the World (USA)	WCW vs. The World	1997	Sports / Wrestling/Sports / Fighting/Sports/Fighting	The Man Breeze	1-2
WCW-nWo Thunder (USA)	WCW-nWo Thunder	1999	Sports / Wrestling/Sports / Fighting/Sports	Inland Productions	1-2
Weakest Link, The (USA)	The Weakest Link	2001	Quiz/Puzzle	Traveller's Tales	1-7
Wedding Peach - Doki Doki Oironaoshi (Japan)	Wedding Peach - Doki Doki Oiro-naoshi	1996	Adventure	KSS	1
Welcome House (Japan)	Welcome House	1996	Adventure	Gust	1
Welcome House 2 - Keaton and His Uncle (Japan)	Welcome House 2 : Keaton and His Uncle	1996	Adventure	Gust	1
Weltorv Estleia (Japan)	Weltorv Estleia	1999	Adventure/Role Playing Game	Hudson Soft	1
Wer wird Millionaer (Germany)	Who Wants to Be a Millionaire ?	2000	Quiz/Puzzle	Hothouse Creations	1-4
Wer wird Millionaer - 2. Edition (Germany)	Who Wants to Be a Millionaire ? : 2nd Edition	2000	Quiz/Puzzle	Hothouse Creations	1-4
Wer wird Millionaer - Dritte Edition (Germany)	Who Wants to Be a Millionaire ? : 3rd Edition	2001	Quiz	Jellyvision	4+
Wer wird Millionaer - Junior (Germany)	Who Wants To Be A Millionaire ? Junior	2001	Quiz	Eidos Interactive	1-4
Westlife - Fan-O-Mania (Europe)	Westlife : Fan-O-Mania	2002	Quiz	Runecraft	1-2
Wheel of Fortune (USA)	Wheel of Fortune	1998	Quiz	Artech Studios	1-3
Wheel of Fortune - 2nd Edition (USA)	Wheel of Fortune : 2nd Edition	2000	Quiz/Puzzle/Board game	Artech Studios	1-2
Whistle - Fuki Nukeru Kaze (Japan)	Whistle : Fuki Nukeru Kaze	2003	Strategy	Konami	1
White Diamond (Japan)	White Diamond	1999	Adventure/Role Playing Game	SystemSoft	1
Whizz (Europe)	Whizz	1997	Platform	Flair Software	1
Who Wants to Be a Millionaire (Europe)	Who Wants to Be a Millionaire ?	2000	Quiz/Puzzle	Hothouse Creations	1-4
Who Wants to Be a Millionaire - 2nd Edition (USA)	Who Wants to Be a Millionaire ? : 2nd Edition	2000	Quiz/Puzzle	Hothouse Creations	1-4
Who Wants to Be a Millionaire - 3rd Edition (USA)	Who Wants to Be a Millionaire ? : 3rd Edition	2001	Quiz	Jellyvision	4+
Who Wants to Be a Millionaire - Australian Edition (Australia)	Who Wants to Be a Millionaire ?	2000	Quiz/Puzzle	Hothouse Creations	1-4
Who Wants to Be a Millionaire - Irish Edition (Ireland)	Who Wants to Be a Millionaire ?	2000	Quiz/Puzzle	Hothouse Creations	1-4
Who Wants to Be a Millionaire - Junior (Europe)	Who Wants To Be A Millionaire ? Junior	2001	Quiz	Eidos Interactive	1-4
Wild 9 & MDK & Crime Killer (France) (Demo)	Wild 9	1998	Platform	Shiny Entertainment	1
Wild 9 (USA)	Wild 9	1998	Platform	Shiny Entertainment	1
Wild Arms (USA)	Wild Arms	1997	Role Playing Game	Media.Vision Entertainment	1
Wild Arms - 2nd Ignition (Japan) (Disc 1)	Wild Arms 2	2000	Role Playing Game	Media.Vision Entertainment	1
Wild Arms 2 (USA) (Disc 1)	Wild Arms 2	2000	Role Playing Game	Media.Vision Entertainment	1
Wild Boater (Japan)	Wild Boater	1999	Racing, Driving/Sports	Tao Human	1
Wild Rapids (Europe)	Wild Rapids	2000	Sports/Racing, Driving	Fujimic	1
Wild Thornberrys, The - Animal Adventures (USA)	The Wild Thornberrys : Animal Adventures	2000		KnowWonder Digital Mediaworks	1
Wildroid 9 (Japan)	Wild 9	1998	Platform	Shiny Entertainment	1
Williams Arcade's Greatest Hits (USA)	Williams Arcade's Greatest Hits	1996	Compilation	Digital Eclipse	1-2
Windsurfers Paradise (Europe) (En,Fr,De)	Windsurfers Paradise	2001	Sports / Water/Sports	Theyer GFX	1-4
Wing Commander III - Heart of the Tiger (USA) (Disc 1)	Wing Commander III : Heart of the Tiger	1996	Simulation / SciFi/Simulation	ORIGIN Systems	1
Wing Commander IV - The Price of Freedom (USA) (Disc 1)	Wing Commander IV : The Price of Freedom	1997	Simulation / SciFi/Shooter/Simulation	ORIGIN Systems	1
Wing Over (Europe)	Wing Over	1997	Shooter	Beluga Computer	1
Wing Over 2 (Europe)	Wing Over 2	2002	Shooter	Beluga	1
Winky the Little Bear (Europe) (En,Fr,De)	Winky the Little Bear	2003	Educational/Puzzle	The Code Monkeys	1
Winning Lure (Japan)	Winning Lure	2000	Hunting and Fishing	Hori	1
Winning Post 2 (Japan)	Winning Post 2	1996	Horse racing/Sports with animals	Koei	1
Winning Post 2 - Final '97 (Japan)	Winning Post 2 : Final '97	1997	Horse racing/Sports with animals	Koei	1
Winning Post 2 - Program '96 (Japan)	Winning Post 2 : Program '96	1996	Horse racing/Sports with animals	Koei	1
Winning Post 3 (Japan)	Winning Post 3	1998	Horse racing/Sports with animals	Koei	1
Winning Post 3 - Program '98 (Japan)	Winning Post 3 : Program '98	1998	Horse racing/Sports with animals	Koei	1
Winning Post 4 (Japan)	Winning Post 4	1999	Horse racing/Sports with animals	Koei	1
Winning Post 4 - Program 2000 (Japan)	Winning Post 4 : Program 2000	2000	Horse racing/Sports with animals	Koei	1
Winning Post EX (Japan)	Winning Post EX	1995	Horse racing/Sports with animals	Koei	1
Wip3out (Europe) (En,Fr,De,Es,It)	WipEout 3	1999	Racing, Driving	Psygnosis	1-2
Wipeout (USA)	WipEout	1995	Racing, Driving	Psygnosis	1-2
Wipeout 2097 (Europe)	WipEout XL	1996	Racing, Driving	Psygnosis	1-2
Wipeout 3 (USA)	WipEout 3	1999	Racing, Driving	Psygnosis	1-2
Wipeout 3 - Special Edition (Europe) (En,Fr,De,Es,It)	WipEout 3 : Special Edition	2000	Racing, Driving	Psygnosis	1-2
Wipeout XL (USA)	WipEout XL	1996	Racing, Driving	Psygnosis	1-2
Witch of Salzburg, The (Japan)	The Witch of Salzburg	1997	Adventure	T.Dogs.	1
Wizard's Harmony (Japan)	Wizard's Harmony	2002	Simulation/Strategy/Adventure	Arc System Works	1
Wizard's Harmony 2 (Japan, Asia)	Wizard's Harmony 2	2002	Adventure/Simulation/Strategy	Arc System Works	1
Wizard's Harmony R (Japan)	Wizard's Harmony R	1998	Adventure/Simulation/Strategy	Arc System Works	1
Wizardry - Dimguil (Japan)	Wizardry : Dimguil	2000	Role Playing Game	Soliton	1
Wizardry - Llylgamyn Saga (Japan) (En,Ja)	Wizardry : Llylgamyn Saga	1998	Role Playing Game/Compilation	ASCII	1
Wizardry - New Age of Llylgamyn (Japan) (En,Ja)	Wizardry : New Age of Llylgamyn	1999	Compilation/Role Playing Game	Soliton	1
Wizardry Empire - Inishie no Oujo (Japan)	Wizardry Empire : Inishie no Oujo	2001	Role Playing Game	Starfish	1
Wizardry Empire II - Oujo no Isan (Japan)	Wizardry Empire II : Oujo no Isan	2002	Role Playing Game	Starfish	1
Wizardry VII - Guardia no Houju (Japan)	Wizardry VII : Guardia no Houju	1995	Role Playing Game	Locus	1
WM Nationalspieler (Germany)	Sven-Göran Eriksson's World Challenge	2002	Sports / Football (Soccer)/Sports	Anco	1-2
Wolf Fang - Kuuga 2001 (Japan)	Wolf Fang : Kuuga 2001	1996	Shooter	Tsuji Jimusho	1-2
Wolkenkratzer - Shinpan no Tou (Japan)	Wolkenkratzer : Shinpan no Tou	1996	Role Playing Game	Westone	1
Wonder Trek (Japan)	Wander Trek	1998	Platform	Zest Works	1
Woody Woodpecker no Go! Go! Racing (Japan)	Woody Woodpecker Racing	2000	Racing, Driving	Konami	1-2
Woody Woodpecker Racing (USA)	Woody Woodpecker Racing	2000	Racing, Driving	Konami	1-2
World Championship Snooker (Europe) (En,Fr,De)	World Championship Snooker	2000	Sports / Pool/Sports	Codemasters	1-2
World Cup 98 (USA) (En,Fr,De,Es,Nl,Sv,Da)	World Cup 98	1998	Sports / Football (Soccer)/Sports	EA Canada	1-2
World Cup 98 - Coppa del Mondo (Italy)	World Cup 98	1998	Sports / Football (Soccer)/Sports	EA Canada	1-2
World Cup Golf - In Hyatt Dorado Beach (Japan)	World Cup Golf : Professional Edition	1996	Sports / Golf/Sports	Arc Developments	1-2
World Cup Golf - Professional Edition (USA)	World Cup Golf : Professional Edition	1996	Sports / Golf/Sports	Arc Developments	1-2
World Destruction League - Thunder Tanks (USA)	World Destruction League : Thunder Tanks	2000	Strategy	The 3DO Company	1-2
World Destruction League - WarJetz (USA)	World Destruction League : WarJetz	2001	Shooter	Infogrames	1
World Greatest Hits Series Vol. 1 - Pro Pinball - Big Race USA (Japan)	Pro Pinball : Big Race USA	2000	Pinball	Cunning Developments	1-4
World Greatest Hits Series Vol. 2 - Pipe Dreams 3D (Japan)	Pipe Dreams 3D	2001	Puzzle/Platform	Sick Puppies	1
World Greatest Hits Series Vol. 3 - Speedball 2100 (Japan)	Speedball 2100	2002	Sports	The Bitmap Brothers	1-2
World Greatest Hits Series Vol. 4 - Tom Clancy's Rainbow Six (Japan)	Tom Clancy's Rainbow Six	1999	Shooter / FPV/Shooter	Rebellion	1
World Greatest Hits Series Vol. 5 - Tyco R-C - Assault with a Battery (Japan)	Tyco R-C : Assault with a Battery	2000	Racing, Driving	Lucky Chicken Games	1-2
World League Basketball (Europe)	World League Basketball	1997	Sports / Basketball/Sports	High Voltage	1-2
World League Soccer '98 (Europe) (En,Es,It)	World League Soccer '98	1998	Sports / Football (Soccer)/Sports	Eidos Interactive	1-2
World League Soccer (Japan)	World League Soccer '98	1998	Sports / Football (Soccer)/Sports	Eidos Interactive	1-2
World Never Island (Japan)	Waaneba Island - World Neverland Series	2000	Adventure/Simulation	Riverhillsoft	1
World Neverland - The Olerud Kingdom Stories (Japan)	World Neverland : Olerud Oukoku Monogatari	1997	Role Playing Game/Simulation	Riverhillsoft	1
World Neverland 2 - The Waktic Republic of Pluto (Japan)	World Neverland 2 : Pluto Kyouwakoku Monogatari	1999	Simulation/Role Playing Game	Riverhillsoft	1
World of Dragon Warrior - Torneko - The Last Hope (USA)	Torneko : The Last Hope	2000	Role Playing Game	Enix	1
World of Philosoma, The (Japan)	Philosoma	1996	Shoot'em Up	G Artist	1
World Pro Tennis '98 (Japan)	World Pro Tennis '98	1998	Sports / Tennis/Sports	I.Magic	1-2
World Soccer Jikkyou Winning Eleven 2000 - U-23 Medal e no Chousen (Japan)	ISS Pro Evolution 2	2001	Sports/Sports / Football (Soccer)	KCET	1-4
World Soccer Jikkyou Winning Eleven 3 - Final Ver. (Japan)	World Soccer Jikkyou Winning Eleven 3 : Final Ver.	1998	Sports / Football (Soccer)/Sports	KCET	1-2
World Soccer Jikkyou Winning Eleven 3 - World Cup France '98 (Japan)	World Soccer Jikkyou Winning Eleven 3 : World Cup France '98	1998	Sports / Football (Soccer)/Sports	KCET	1-2
World Soccer Jikkyou Winning Eleven 4 (Japan)	ISS Pro Evolution	2000	Sports / Football (Soccer)/Sports	KCET	1-4
World Soccer Winning Eleven '97 (Japan)	Goal Storm '97	1997	Sports / Football (Soccer)/Sports	KCET	1-2
World Soccer Winning Eleven (Japan)	Goal Storm	1996	Sports / Football (Soccer)/Sports	KCET	1-2
World Soccer Winning Eleven 2002 (Japan)	Pro Evolution Soccer 2	2002	Sports / Football (Soccer)/Sports	Konami	1-2
World Stadium 2 (Japan)	World Stadium 2	1998	Sports / Baseball/Casual Game/Sports	Namco	1-2
World Stadium 3 (Japan)	World Stadium 3	1999	Sports / Baseball/Casual Game/Sports	Namco	1-2
World Stadium 4 (Japan)	World Stadium 4	2000	Sports / Baseball/Casual Game/Sports	Namco	1-2
World Stadium 5 (Japan)	World Stadium 5	2001	Sports / Baseball/Casual Game/Sports	Namco	1-2
World Stadium EX (Japan)	World Stadium EX	1996	Sports / Baseball/Casual Game/Sports	Namco	1-2
World Tennis Stars (Europe)	World Tennis Stars	2004	Sports / Tennis/Sports	Ignition Entertainment	1-2
World Tour Conductor - Sekai Yume Kikou (Japan)	World Tour Conductor	1999	Adventure/Simulation/Quiz	Tyo	1
World's Scariest Police Chases (USA)	World's Scariest Police Chases	2001	Racing, Driving	Uds	1-2
Worms (USA)	Worms	1996	Strategy	Team 17	1-16
Worms Armageddon (USA)	Worms Armageddon	1999	Strategy	Team 17	1-4
Worms Pinball (Europe) (En,Fr,De,Es,It)	Worms Pinball	1999	Pinball	Team 17	2-4
Worms World Party (USA) (En,Fr,De,Es,It,Nl,Sv,Da)	Worms World Party	2001	Puzzle/Strategy	Team 17	1-4
WRC - FIA World Rally Championship Arcade (Europe) (En,Fr,De,Es,It,Nl,Pt,Sv,No,Da,Fi)	WRC : FIA World Rally Championship Arcade	2002	Racing, Driving/Sports	Hudson Soft	1-2
Wreckin Crew - Drive Dangerously (USA) (En,Es)	Wreckin Crew : Drive Dangerously	1998	Racing, Driving	Sony Computer Entertainment	1-2
WTC - World Touring Car Championship (Japan)	Jarrett & Labonte Stock Car Racing	2000	Racing, Driving	Codemasters	1-4
Wu-Tang - Shaolin Style (USA)	Wu-Tang : Shaolin Style	1999	Fighting	Paradox Development	2-4
Wu-Tang - Taste the Pain (Europe)	Wu-Tang : Shaolin Style	1999	Fighting	Paradox Development	2-4
WWF Attitude (USA)	WWF Attitude	1999	Sports / Fighting/Sports	Acclaim Entertainment	1-4
WWF In Your House (USA)	WWF In Your House	1996	Sports / Fighting/Sports	Acclaim Entertainment	1-4
WWF SmackDown! (USA)	WWF SmackDown!	2000	Sports / Fighting/Sports	Yuke's	1-4
WWF SmackDown! 2 - Know Your Role (USA)	WWF SmackDown! 2 : Know Your Role	2000	Sports / Fighting/Sports	Yuke's	1-4
WWF War Zone (USA)	WWF War Zone	1998	Sports / Fighting/Sports	Iguana West	1-4
WWF WrestleMania - The Arcade Game (USA)	WWF WrestleMania : The Arcade Game	1995	Sports / Fighting/Sports	Sculptured Software	1-2
X Games Pro Boarder (USA)	ESPN X-Games Pro Boarder	1998	Sports / Skiing/Simulation/Sports	Radical Entertainment	1-2
X'treme Roller (Europe) (En,Fr,De,Es,It,Pt)	X'Treme Roller	2002	Racing, Driving/Sports	MC2 Entertainement	2
X-Bladez - Inline Skater (USA)	X-Bladez : Inline Skater	2002	Sports / Skateboard/Sports	Vision Scape Interactive	1-2
X-COM - Enemy Unknown (Europe) (En,Fr,De,Es,It)	X-COM : UFO Defense	1995	Strategy	Mythos Games	1
X-COM - Michinaru Shinryakusha (Japan)	X-COM : UFO Defense	1995	Strategy	Mythos Games	1
X-COM - Terror from the Deep (Europe) (En,Fr,De,Es,It)	X-COM : Terror from the Deep	1996	Strategy	MicroProse	1
X-COM - UFO Defense (USA)	X-COM : UFO Defense	1995	Strategy	Mythos Games	1
X-Files, The (USA) (Disc 1)	The X-Files	1999	Adventure	Hyperbole	1
X-Men - Children of the Atom (USA)	X-Men : Children of the Atom	1998	Fighting	Capcom	1-2
X-Men - Mutant Academy & Spider-Man (Japan) (Demo)	X-Men : Mutant Academy	2000	Fighting	Paradox Development	1-2
X-Men - Mutant Academy (USA)	X-Men : Mutant Academy	2000	Fighting	Paradox Development	1-2
X-Men - Mutant Academy 2 (USA)	X-Men : Mutant Academy 2	2001	Fighting	Paradox Development	1-2
X-Men vs. Street Fighter (USA)	X-Men vs. Street Fighter	1998	Fighting	Capcom	1-2
X-Men vs. Street Fighter - EX Edition (Japan)	X-Men vs. Street Fighter	1998	Fighting	Capcom	1-2
X.Racing (Japan)	Explosive Racing	1997	Racing, Driving	Sony Computer Entertainment	1
X2 - No Relief (Europe)	X2 : No Relief	1996	Shooter/Shoot'em Up	Team 17	1-2
Xena - Warrior Princess (USA)	Xena : Warrior Princess	1999	Adventure	Universal Interactive	1
Xenocracy - The Ultimate Solar War (Europe)	Xenocracy : The Ultimate Solar War	1998	Shooter	Simis	1
Xenogears (USA) (Disc 1)	Xenogears	1998	Japanese RPG/Role Playing Game	Squaresoft	1
Xevious 3D-G+ (USA)	Xevious 3D/G+	1997	Shoot'em Up / Vertical/Shooter/Shoot'em Up	Namco	1-2
XI [sai] (Japan) (En,Ja)	Devil Dice	1998	Puzzle	Shift	1-5
XI [sai] Jumbo (Japan)	XI [sai] Jumbo	1999	Puzzle	Shift	1-2
XI [sai] Super Play Collection - XI wa Futatabi Nagerareta - Special CD-ROM (Japan)	XI [sai] Jumbo	1999	Puzzle	Shift	1-2
XS Airboat Racing (USA)	XS Airboat Racing	2003	Racing, Driving	XS Games	1
XS Junior League Dodgeball (USA)	XS Junior League Dodgeball	2003	Sports / Dodgeball/Sports	Yumedia	1-2
XS Junior League Football (USA)	XS Junior League Football	2003	Sports / Football (American)/Sports	Wahoo	1-2
XS Junior League Soccer (USA)	XS Junior League Soccer	2003	Sports / Football (Soccer)/Sports	XS Games	1-2
XS Moto (USA)	XS Moto	2003	Racing, Driving	XS Games	1-2
Yagami Hiroki no Game-Taste - Munasawagi no Yokan (Japan)	Yagami Hiroki no Game-Taste : Munasawagi no Yokan	1999	Adventure	Nihon Create	1
Yakiniku Action Game - Yakiniku Bugyou (Japan)	Yakiniku Bugyou	2003	Puzzle	Media Entertainment	1-2
Yakitori Musume - Sugoude Hanjouki (Japan)	Yakitori Musume - Sugoude Hanjouki	2002	Puzzle	Media Entertainment	1-2
Yaku - Yuujou Dangi (Japan)	Yaku : Yuujou Dangi	1996	Adventure	Axes Art Amuse	1
Yaku Tsuu - Noroi no Game (Japan)	Yaku Tsuu : Noroi no Game	1997	Adventure	Axes Art Amuse	1
Yamagata Digital Museum (Japan) (Disc 1) (Spring)	Yamagata Digital Museum	1999	Music and Dancing	Infinity	1
Yamasa Digi Guide - Faust (Japan)	Yamasa Digi Guide : Faust	2001	Casino / Slot machine/Casino	Yamasa Entertainment	1
Yamasa Digi Guide - Hyper Rush (Japan)	Yamasa Digi Guide : Hyper Rush	2000	Casino / Slot machine/Casino	Yamasa Entertainment	1
Yamasa Digi Guide - M771 (Japan)	Yamasa Digi Guide : M771	2000	Casino / Slot machine/Casino	Yamasa Entertainment	1
Yamasa Digi Guide - New Pulsar R (Japan)	Yamasa Digi Guide : New Pulsar R	2000	Casino / Slot machine/Casino	Yamasa Entertainment	1
Yamasa Digi Guide - Umekagetsu R (Japan)	Yamasa Digi Guide : Umekagetsu R	2000	Casino / Slot machine/Casino	Yamasa Entertainment	1
Yamasa Digi Selection (Japan)	Yamasa Digi Selection	2002	Casino	Yamasa Entertainment	1
Yamasa Digi Selection 2 (Japan)	Yamasa Digi Selection 2	2002	Casino	Yamasa Entertainment	1
Yamasa Digi World - Tetra Master (Japan)	Yamasa Digi World : Tetra Master	2001	Casino	Yamasa Entertainment	1
Yamifuku Natsu - Teito Monogatari Futatabi (Japan)	Yamifuku Natsu : Teito Monogatari Futatabi	1999	Adventure	B-Factory	1
Yaoi Jun'ichi Gokuhi Project - UFO o Oe!! (Japan)	Yaoi Junichi Gokuhi Project : UFO wo Oe!!	1996	Various	Japan Clary Business	1
Yarudora (Japan) (Demo)	Yarudora Series Vol. 1 : Double Cast	1998	Adventure	Sugar & Rockets / Production I.G	1
Yarudora Series Vol. 1 - Double Cast (Japan) (Disc 1)	Yarudora Series Vol. 1 : Double Cast	1998	Adventure	Sugar & Rockets / Production I.G	1
Yarudora Series Vol. 2 - Kisetsu o Dakishimete (Japan) (Disc 1)	Yarudora Series Vol. 2 : Kisetsu o Dakishimete	1998	Adventure	Sugar & Rockets / Production I.G	1
Yarudora Series Vol. 3 - Sampaguita (Japan) (Disc 1)	Yarudora Series Vol. 3 : Sampaguita	1998	Adventure	Sugar & Rockets / Production I.G	1
Yarudora Series Vol. 4 - Yukiwari no Hana (Japan) (Disc 1)	Yarudora Series Vol. 4 : Yukiwari no Hana	1998	Adventure	Sugar & Rockets / Production I.G	1
Yeh Yeh Tennis (Europe) (En,Fr,De)	Yeh Yeh Tennis	2000	Sports / Tennis/Sports	Sunsoft	1-2
Yellow Brick Road (Japan)	Yellow Brick Road	1996	Adventure	Synergy	1
Yetisports Deluxe (Europe) (En,Fr,De,Es,It)	Yetisports Deluxe	2004	Casual Game	Edelweiss Medienwerkst	1
Yetisports World Tour (Europe) (En,Fr,De,Es,It)	Yetisports World Tour	2005	Casual Game/Sports	Edelweiss Medienwerkst	2-4
Yoshimoto Mahjong Club Deluxe (Japan)	Yoshimoto Mahjong Club Deluxe	1999	Mahjong/Asiatic board game	Psikyo	1
Yoshimoto Muchicco Dai-kessen - Minami no Umi no Gorongo-tou (Japan)	Yoshimoto Muchicco Dai-kessen : Minami no Umi no Gorongo-tou	1999	Adventure/Casual Game	Polygon Magic	1
Yoshimura Shougi (Japan)	Yoshimura Shougi	1998	Shougi/Asiatic board game	KCET	1-2
You Don't Know Jack (USA) (Disc 1)	You Don't Know Jack	1999	Quiz	Jellyvision	1-3
You Don't Know Jack - Mock 2 (USA)	You Don't Know Jack : Mock 2	2000	Quiz	Starsphere Interactive	1-3
Youchien Gaiden - Karei naru Casino Club - Double Draw (Japan)	Youchien Gaiden : Karei naru Casino Club, Double Draw	2000	Casino/Casual Game	Affect	1-4
Youkai Hana Asobi (Japan)	Youkai Hana Asobi	2001	Mahjong/Hanafuda/Asiatic board game	Unbalance	1
YoYo's Puzzle Park (Europe)	Yoyo's Puzzle Park	1999	Platform	Irem	1-2
Yu-Gi-Oh! Forbidden Memories (USA)	Yu-Gi-Oh! Forbidden Memories	2002	Playing cards	Konami	1-2
Yu-Gi-Oh! Monster Capsule Breed & Battle (Japan)	Yu-Gi-Oh! Monster Capsule Breed & Battle	1998	Role Playing Game	Konami	1-2
Yu-Gi-Oh! Shin Duel Monsters - Fuuin Sareshi Kioku (Japan)	Yu-Gi-Oh! Forbidden Memories	2002	Playing cards	Konami	1-2
Yukinko Burning (Japan)	Yukinko Burning	2002	Adventure / Visual Novel/Adventure	Princess Soft	1
Yume Iroiro (Japan)	Yume Iroiro	1998	Adventure/Simulation	Feathered	1
Yume no Tsubasa (Japan)	Yume no Tsubasa	2000	Adventure	Kindle Imagine Develop	1
Yusha - Heaven's Gate (Europe)	Yusha - Heavens Gate	1997	Fighting	Racdym	1-2
Yutona Eiyuu Senki - TearRingSaga (Japan)	Tearring Saga	2001	Role Playing Game/Strategy	Bits Laboratory	1-2
Yutona Eiyuu Senki - TearRingSaga - Prelude (Japan) (Demo)	Tearring Saga	2001	Role Playing Game/Strategy	Bits Laboratory	1-2
Yuugen Gaisha Chikyuu Boueitai (Japan)	Yuugen Gaisha Chikyuu Boueitai	1999	Adventure/Simulation/Role Playing Game	Media Rings	1
Yuukyuu Gensoukyoku (Japan)	Yuukyuu Gensoukyoku	1999	Adventure	Starlight Marry	1
Yuukyuu Gensoukyoku 2nd Album (Japan)	Yuukyuu Gensoukyoku 2nd Album	1998	Simulation/Role Playing Game/Adventure	Starlight Marry	1
Yuukyuu Gensoukyoku 3 - Perpetual Blue (Japan)	Yuukyuu Gensoukyoku 3 : Perpetual Blue	1999	Role Playing Game/Adventure	Starlight Marry	1
Yuukyuu Gensoukyoku 3 - Perpetual Blue - Visual Collection (Japan)	Yuukyuu Gensoukyoku 3 : Perpetual Blue	1999	Role Playing Game/Adventure	Starlight Marry	1
Yuukyuu Gensoukyoku Ensemble (Japan)	Yuukyuu Gensoukyoku Ensemble	1998	Role Playing Game/Simulation/Adventure	Starlight Marry	1
Yuukyuu Gensoukyoku Ensemble 2 (Japan)	Yuukyuu Gensoukyoku Ensemble 2	1999	Role Playing Game/Simulation/Adventure	Starlight Marry	1-2
Yuukyuu Kumikyoku - All Star Project (Japan)	Yuukyuu Kumikyoku : All Star Project	2000	Adventure/Board game	Starlight Marry	1
Yuukyuu no Eden - The Eternal Eden (Japan)	Yuukyuu No Eden : The Eternal Eden	2000	Adventure/Role Playing Game	Zero System	1
Yuusha-ou GaoGaiGar - Blockaded Numbers (Japan)	Yuusha-Ou GaoGaiGar : Blockaded Numbers	1999	Adventure	Takara	1
Yuuwaku Office Ren'aika (Japan)	Yuuwaku Office Ren'ai-ka	1998	Simulation	Japan Media Programming	1
Yuuyami Doori Tankentai (Japan)	Yuuyami Doori Tankentai	1999	Adventure	Exit	1
Z (Europe)	Z	1997	Strategy	The Bitmap Brothers	1
Zanac x Zanac (Japan)	Zanac x Zanac	2001	Shoot'em Up	Compile	1-2
Zap! Snowboarding Trix '98 (Japan)	Freestyle Boardin' '99	1999	Sports / Skiing/Sports	Atelier Double	1-2
Zap! Snowboarding Trix (Japan) (Fukyuuban 1500)	Freestyle Boardin' '99	1999	Sports / Skiing/Sports	Atelier Double	1-2
Zeiramzone (Japan)	Zeiramzone	1996	Beat'em Up/Fighting	Crowd	1
Zeitgeist (Japan)	Jupiter Strike	1995	Shooter / Vertical/Shooter	High-Tech Lab Japan	1
Zen Nihon GT Senshuken Kai (Japan)	Zen Nihon GT Senshuken Kai	1996	Racing TPV/Racing, Driving	Kaneko	1
Zen Nihon GT Senshuken Max Rev. (Japan) (Disc 1)	Zen Nihon GT Senshuken Max Rev.	1997	Racing, Driving	Kaneko	1
Zen Nihon Joshi Pro Wrestling - Joou Densetsu - Yume no Taikousen (Japan)	Zen Nihon Joshi Pro Wrestling : Joou Densetsu, Yume no Taikousen	1998	Sports / Fighting/Fighting/Sports	GW	1-2
Zen Nihon Pro Wres - Ouja no Tamashii (Japan)	Zen Nihon Pro Wres : Ouja no Tamashii	1999	Sports / Fighting/Fighting/Sports	Human Club	1-2
Zen Super Robot Taisen Denshi Daihyakka (Japan) (Disc 1)	Zen Super Robot Taisen Denshi Daihyakka	1998	Strategy	Banpresto	1
Zera-chan Puzzle - Pitatto Pair (Japan)	Zera-chan Puzzle - Pitatto Pair	2001	Puzzle	Affect	1-2
Zero Divide (USA)	Zero Divide	1995	Fighting	Zoom	1-2
Zero Divide 2 - The Secret Wish (Europe)	Zero Divide 2 : The Secret Wish	1998	Fighting	Sony Computer Entertainment	1-2
Zero Pilot - Gin'yoku no Senshi (Japan)	Zero Pilot : Ginyoku no Senshi	1998	Simulation/Shooter	Global Entertainment	1
Zero4 Champ DooZy-J (Japan)	Zero4 Champ DooZy-J	1997	Racing, Driving/Simulation/Adventure	Media Rings	1-2
Zeus - Carnage Heart Second (Japan)	Zeus : Carnage Heart Second	1998	Adventure/Strategy	Artdink	1
Zeus II - Carnage Heart (Japan)	Zeus II : Carnage Heart	1999	Strategy/Adventure	Artdink	1
ZigZagBall (Japan)	ZigZagBall	1998	Sports / Golf/Sports	Lay-Up	1-4
Zill O'll (Japan)	Zill O'll	1999	Role Playing Game	Koei	1
Zipangu - Unmei wa Saikoro ga Kimeru! (Japan) (Demo)	Zipangu - Unmei Wa Saikoro Ga Kimeru!	1999	Board game/Strategy	Human Entertainment	1-4
Zipangu-jima - Unmei wa Saikoro ga Kimeru! (Japan)	Zipangu - Unmei Wa Saikoro Ga Kimeru!	1999	Board game/Strategy	Human Entertainment	1-4
Zoboomafoo - Leapin' Lemurs! (USA)	Zoboomafoo : Leapin' Lemurs!	2001	Casual Game/Platform/Adventure	Big Grub	1
Zoids - Battle Card Game - Seihou Tairiku Senki (Japan)	Zoids : Battle Card Game, Seihou Tairiku Senki	2001	Role Playing Game	Tomy	1
Zoids - Teikoku vs. Kyouwakoku - Meka Seitai no Idenshi (Japan)	Zoids : Teikoku Vs Kyouwakoku, Meka Seitai No Idenshi	2000	Role Playing Game	Tomy	1
Zoids 2 - Heric Kyouwakoku vs. Guylos Teikoku (Japan)	Zoids 2 : Heric Kyouwakoku VS Guylos Teikoku	2002	Tactical RPG/Role Playing Game	Will	1-2
Zoku Gussun Oyoyo (Japan)	Zoku Gussun Oyoyo	1996	Puzzle	Irem	1-2
Zoku Hatsukoi Monogatari - Shuugaku Ryokou (Japan) (Disc 1)	Zoku Hatsukoi Monogatari : Shuugaku Ryokou	1998	Simulation/Adventure	Koga Game Factory	1
Zoku Mikagura Shoujo Tanteidan - Kanketsu-hen (Japan) (Disc 1)	Zoku Mikagura Shoujo Tanteidan : Kanketsuhen	1999	Adventure	Human Entertainment	1
Zoop (Japan)	Zoop	1995	Puzzle	Hookstone	1
Zoop - America's Largest Killer of Time! (USA)	Zoop	1995	Puzzle	Hookstone	1
Zork I - The Great Underground Empire (Japan)	Zork I : The Great Underground Empire	1996	Adventure	Activision	1
Zutto Issho - With Me Everytime... (Japan)	Zutto Issho : With Me Everytime...	1998	Adventure/Simulation	Beyond Interactive	1
ZXE-D - Legend of Plasmatlite (Japan)	Zxe-d : Legend Of Plasmatlite	1996	Fighting	Bandai	1-2
