#key	style	ss_system_id	encoding
'98 Koushien - Koukou Yakyuu Simulation (Japan)	sstitle	57	lossless
'99 Koushien (Japan)	sstitle	57	lossless
'Butagee' de Iinja Nai (Japan)	sstitle	57	lossless
0 kara no Mahjong - Mahjong Youchien Tamago-gumi (Japan)	sstitle	57	lossless
0 kara no Shougi - Shougi Youchien Ayumi-gumi (Japan)	sstitle	57	lossless
007 - Demain ne Meurt Jamais (France)	sstitle	57	lossless
007 - Der Morgen Stirbt Nie (Germany)	lr-titles	57	lossless
007 - Die Welt Ist Nicht Genug (Germany)	sstitle	57	lossless
007 - El Mundo Nunca es Suficiente (Spain)	sstitle	57	lossless
007 - Le Monde ne Suffit Pas (France)	sstitle	57	lossless
007 - The World Is Not Enough (USA)	sstitle	57	lossless
007 - Tomorrow Never Dies (USA)	sstitle	57	lossless
007 Racing (USA)	sstitle	57	lossless
1 on 1 (Japan)	sstitle	57	lossless
100 Man Yen Quiz Hunter (Japan)	sstitle	57	lossless
100% Star (Europe)	sstitle	57	lossless
10101 - Will the Starship (Japan)	sstitle	57	lossless
19-ji 03-pun - Ueno-hatsu Yakou Ressha (Japan)	sstitle	57	lossless
1Xtreme (USA)	sstitle	57	lossless
20-seiki Striker Retsuden - The 20th Century's Real Strikers (Japan)	sstitle	57	lossless
2002 FIFA World Cup (USA) (En,Es)	sstitle	57	lossless
2Xtreme (USA)	sstitle	57	lossless
3, 2, 1, Smurf! My First Racing Game (Europe) (En,Fr,De,Es,It,Nl)	sstitle	57	lossless
360 Three Sixty (Europe) (En,Fr,De,Es,It,Sv)	sstitle	57	lossless
3D Baseball (USA)	sstitle	57	lossless
3D Baseball - The Majors (Japan)	sstitle	57	lossless
3D Kakutou Tkool (Japan)	sstitle	57	lossless
3D Lemmings (USA)	sstitle	57	lossless
3D Mission Shooting - Finalist (Japan)	sstitle	57	lossless
3D Shooting Tkool (Japan)	sstitle	57	lossless
3Xtreme (USA)	sstitle	57	lossless
3x3 Eyes - Kyuusei Koushu (Japan) (Disc 1)	sstitle	57	lossless
3x3 Eyes - Tenrin'ou Genmu (Japan) (Disc 1)	sstitle	57	lossless
4-4-2 Soccer (Europe) (En,Fr,De,Es)	sstitle	57	lossless
40 Winks (USA)	sstitle	57	lossless
4x4 World Trophy (Europe) (En,Fr,De,Es,It)	sstitle	57	lossless
5 Star Racing (Europe)	sstitle	57	lossless
50 por 15 - Quiere Ser Millonario (Spain)	sstitle	57	lossless
70's Robot Anime - Geppy-X - The Super Boosted Armor (Japan) (Disc 1)	sstitle	57	lossless
A Ressha de Ikou 4 - Evolution (Japan)	sstitle	57	lossless
A Ressha de Ikou 4 - Evolution Global (Japan) (En,Ja,Fr,De)	sstitle	57	lossless
A Ressha de Ikou Z - Mezase! Tairiku Oudan (Japan)	sstitle	57	lossless
A Sangre Fria (Spain) (Disc 1)	sstitle	57	lossless
A-Train - Trains, Power, Money (USA) (En,Ja,Fr,De)	sstitle	57	lossless
A.IV - Evolution Global (Europe) (En,Ja,Fr,De)	sstitle	57	lossless
A2 Racer - Europa Tour (Netherlands)	sstitle	57	lossless
A5 - A Ressha de Ikou 5 (Japan, Asia)	sstitle	57	lossless
AFL 99 (Australia)	sstitle	57	lossless
AI Mahjong 2000 (Japan)	sstitle	57	lossless
AI Mahjong Selection (Japan)	sstitle	57	lossless
AI Shougi (Japan)	sstitle	57	lossless
AI Shougi 2 (Japan)	sstitle	57	lossless
AI Shougi 2 Deluxe (Japan)	sstitle	57	lossless
AI Shougi Selection (Japan)	sstitle	57	lossless
ATV - Quad Power Racing (USA)	sstitle	57	lossless
ATV Mania (USA)	sstitle	57	lossless
ATV Racers (USA)	sstitle	57	lossless
AbalaBurn (Japan)	sstitle	57	lossless
Abe '99 (Japan) (Disc 1)	sstitle	57	lossless
Abe a GoGo (Japan)	sstitle	57	lossless
Absolute Football (France) (En,Fr,De,Es,It,Pt)	sstitle	57	lossless
Ace Combat (Japan)	sstitle	57	lossless
Ace Combat 2 (USA)	sstitle	57	lossless
Ace Combat 3 - Electrosphere (USA)	sstitle	57	lossless
Aces of the Air (USA)	sstitle	57	lossless
Acid (Japan)	sstitle	57	lossless
Aconcagua (Japan) (Disc 1)	sstitle	57	lossless
Action Bass (USA)	sstitle	57	lossless
Action Man - Destruction X (Europe) (En,Fr,De,Es,It)	sstitle	57	lossless
Action Man - Mission Xtreme (Europe) (En,Fr,De,Es,It,Nl,Sv,No,Da,Fi)	sstitle	57	lossless
Action Man - Operation Extreme (USA)	sstitle	57	lossless
Activision Classics (USA)	sstitle	57	lossless
Actua Golf (Europe) (En,Fr,De)	sstitle	57	lossless
Actua Golf 2 (Europe)	sstitle	57	lossless
Actua Golf 3 (Europe)	sstitle	57	lossless
Actua Ice Hockey (Europe) (En,Fr,De,Sv,Fi)	sstitle	57	lossless
Actua Ice Hockey 2 (Europe)	sstitle	57	lossless
Actua Pool (Europe)	sstitle	57	lossless
Actua Soccer (Europe) (En,Fr)	sstitle	57	lossless
Actua Soccer - Club Edition (Europe)	sstitle	57	lossless
Actua Soccer 2 (Europe) (En,Fr)	sstitle	57	lossless
Actua Soccer 3 (Europe)	sstitle	57	lossless
Actua Tennis (Europe)	sstitle	57	lossless
Addie no Okurimono - To Moze from Addie (Japan)	sstitle	57	lossless
Adiboo & Paziral's Secret (Europe) (En,Fr,De,Es,It)	sstitle	57	lossless
Adibou et l'Ombre Verte (France)	sstitle	57	lossless
Adidas Power Soccer (USA)	sstitle	57	lossless
Adidas Power Soccer 2 (Europe) (En,Fr,De,Es,It,Nl)	sstitle	57	lossless
Adidas Power Soccer 98 (USA)	sstitle	57	lossless
Adidas Power Soccer International '97 (Europe) (En,Fr,De,Es,It,Nl)	sstitle	57	lossless
Adlib Ouji - ...to Fuyukai na Nakamatachi! (Japan)	sstitle	57	lossless
Advan Racing (Japan)	sstitle	57	lossless
Advanced Dungeons & Dragons - Iron & Blood - Warriors of Ravenloft (USA)	sstitle	57	lossless
Advanced V.G. (Japan)	sstitle	57	lossless
Advanced V.G. 2 (Japan)	sstitle	57	lossless
Adventure of Little Ralph, The (Japan) (Rev 1)	sstitle	57	lossless
Adventures of Lomax, The (USA)	sstitle	57	lossless
Aeon Flux (USA) (Proto) (1996-11-21)	sstitle	57	lossless
Aerodive (Japan)	sstitle	57	lossless
Afraid Gear (Japan)	sstitle	57	lossless
Afraid Gear Another (Japan)	sstitle	57	lossless
Agent Armstrong (Europe) (En,Fr,De,Es)	sstitle	57	lossless
Agent Armstrong - Himitsu Shirei Daisakusen (Japan)	sstitle	57	lossless
Agile Warrior - F-111X (USA)	sstitle	57	lossless
Ah Nanjarin (Japan)	sstitle	57	lossless
Ai to Yuujou no Neko Monogatari. Jingle Cats - Love Para Daisakusen no Maki (Japan, Asia)	sstitle	57	lossless
Air Combat (USA)	sstitle	57	lossless
Air Hockey (USA)	sstitle	57	lossless
Air Management '96 (Japan)	sstitle	57	lossless
Air Race (Europe)	sstitle	57	lossless
AirAssault - The Red Mercury Missions (Japan)	sstitle	57	lossless
AirGrave (Japan)	sstitle	57	lossless
AirRace Championship (Japan)	sstitle	57	lossless
Aironauts (Europe) (En,Fr,De)	sstitle	57	lossless
Airs, The (Japan)	sstitle	57	lossless
Aishiau Koto Shika Dekinai (Japan)	sstitle	57	lossless
Aitakute... - Your Smiles in My Heart (Japan) (Disc 1)	sstitle	57	lossless
Akagawa Jirou - Majotachi no Nemuri - Fukkatsusai (Japan)	sstitle	57	lossless
Akagawa Jirou - Yasoukyoku (Japan)	sstitle	57	lossless
Akagawa Jirou - Yasoukyoku 2 (Japan)	sstitle	57	lossless
Akazu no Ma (Japan)	sstitle	57	lossless
Akuji the Heartless (USA)	sstitle	57	lossless
Akumajou Dracula X - Gekka no Yasoukyoku (Japan)	sstitle	57	lossless
Albaria no Otome - Uruwashi no Seikishitachi (Japan)	sstitle	57	lossless
Alex Ferguson's Player Manager 2001 (Europe)	sstitle	57	lossless
Alex Ferguson's Player Manager 2002 (Europe)	sstitle	57	lossless
Alexi Lalas International Soccer (USA) (En,Fr,De,Es,It)	sstitle	57	lossless
Alfred Chicken (Europe) (En,Fr,De,Es,It)	sstitle	57	lossless
Alice in Cyberland (Japan)	sstitle	57	lossless
Alien Resurrection (USA)	sstitle	57	lossless
Alien Trilogy (USA)	sstitle	57	lossless
Alive (Japan) (Disc 1)	sstitle	57	lossless
All Music Dance! (Italy)	sstitle	57	lossless
All Star Action (Europe) (Disc 1)	sstitle	57	lossless
All Star Boxing (Europe)	sstitle	57	lossless
All Star Racing (USA)	sstitle	57	lossless
All Star Racing 2 (USA)	sstitle	57	lossless
All Star Soccer (Europe) (En,Fr,De,It)	sstitle	57	lossless
All Star Tennis '99 (Europe) (En,Fr,De,Es,It)	sstitle	57	lossless
All Star Tennis (Europe)	sstitle	57	lossless
All Star Tennis 2000 (Europe) (En,De,Es,It)	sstitle	57	lossless
All Star Watersports (Europe)	sstitle	57	lossless
All-Star Baseball 97 featuring Frank Thomas (USA)	sstitle	57	lossless
All-Star Mahjong - Karei naru Shoubushi kara no Chousen (Japan)	sstitle	57	lossless
All-Star Slammin' D-Ball (USA)	sstitle	57	lossless
Allied General (USA)	sstitle	57	lossless
Alnam no Kiba - Juuzoku Juuni Shinto Densetsu (Japan)	sstitle	57	lossless
Alnam no Tsubasa - Shoujin no Sora no Kanata e (Japan) (Disc 1)	sstitle	57	lossless
Alone in the Dark - Jack Is Back (Europe) (En,Fr,De,Es,It)	sstitle	57	lossless
Alone in the Dark - One-Eyed Jack's Revenge (USA)	sstitle	57	lossless
Alone in the Dark - The New Nightmare (USA) (Disc 1)	sstitle	57	lossless
Alone in the Dark 2 (Japan)	sstitle	57	lossless
Alundra (USA)	sstitle	57	lossless
Alundra 2 - A New Legend Begins (USA)	sstitle	57	lossless
Alundra 2 - Der Beginn einer neuen Legende (Germany)	sstitle	57	lossless
Alundra 2 - Mashinka no Nazo (Japan)	sstitle	57	lossless
Alundra 2 - Une Legende Est Nee (France)	sstitle	57	lossless
Amazing Virtual Sea-Monkeys, The (USA) (En,Es)	sstitle	57	lossless
America Oudan Ultra Quiz (Japan)	sstitle	57	lossless
American Pool (USA)	sstitle	57	lossless
Amerzone - El Legado del Explorador (Spain) (Disc 1)	sstitle	57	lossless
Amerzone - The Explorer's Legacy (Europe) (Disc 1)	sstitle	57	lossless
Amerzone, L' (France) (Disc 1)	sstitle	57	lossless
Anastasia (Europe) (En,Fr,De,Nl)	sstitle	57	lossless
Ancient Roman - Power of Dark Side (Japan) (Disc 1)	sstitle	57	lossless
Andretti Racing (USA)	sstitle	57	lossless
Angel Blade - Neo Tokyo Guardians (Japan)	sstitle	57	lossless
Angel Graffiti - Anata e no Profile (Japan)	sstitle	57	lossless
Angelique - Tenkuu no Requiem (Japan)	sstitle	57	lossless
Angelique Duet (Japan)	sstitle	57	lossless
Angelique Special (Japan)	sstitle	57	lossless
Angelique Special 2 (Japan)	sstitle	57	lossless
Animal Football (Europe) (En,Fr,De)	sstitle	57	lossless
Animal Snap - Rescue Them 2 by 2 (Europe)	sstitle	57	lossless
Animaniacs - Ten Pin Alley (USA)	sstitle	57	lossless
Animetic Story Game 1 - Cardcaptor Sakura (Japan) (Disc 1)	sstitle	57	lossless
Animorphs - Shattered Reality (USA)	sstitle	57	lossless
Ankh - Tutankhamen no Nazo (Japan) (Disc 1)	sstitle	57	lossless
Anna Kournikova's Smash Court Tennis (Europe)	sstitle	57	lossless
Ano Ko Doko no Ko (Japan)	sstitle	57	lossless
Another Memories (Japan)	sstitle	57	lossless
Another Mind (Japan)	sstitle	57	lossless
Ao no 6-gou - Antarctica (Japan) (Disc 1)	sstitle	57	lossless
Aoki Ookami to Shiroki Mejika - Genchou Hishi (Japan)	sstitle	57	lossless
Aozora to Nakamatachi - Yume no Bouken Plus (Japan)	sstitle	57	lossless
Ape Escape (USA)	lr-titles	57	lossless
Ape Escape - La Invasion de los Monos (Spain)	sstitle	57	lossless
Apocalypse (USA)	sstitle	57	lossless
Aqua GT (Europe) (En,Fr,De,Es,It,Nl)	sstitle	57	lossless
Aqua Paradise (Japan)	sstitle	57	lossless
Aquanaut no Kyuujitsu (Japan)	sstitle	57	lossless
Aquanaut no Kyuujitsu - Memories of Summer 1996 (Japan)	sstitle	57	lossless
Aquanaut no Kyuujitsu 2 (Japan)	sstitle	57	lossless
Aquanaut's Holiday (USA)	sstitle	57	lossless
Aquarian Age - Tokyo Wars (Japan)	sstitle	57	lossless
Arc the Lad (Japan)	sstitle	57	lossless
Arc the Lad - Monster Game with Casino Game (Japan) (Disc 1) (Monster Game)	sstitle	57	lossless
Arc the Lad Collection - Arc Arena - Monster Tournament (USA)	sstitle	57	lossless
Arc the Lad Collection - Arc the Lad (USA)	sstitle	57	lossless
Arc the Lad Collection - Arc the Lad III (USA) (Disc 1)	sstitle	57	lossless
Arc the Lad Collection - The Making of Arc the Lad (USA)	sstitle	57	lossless
Arc the Lad II (Japan)	sstitle	57	lossless
Arc the Lad III (Japan) (Disc 1)	sstitle	57	lossless
Arcade Gears - ImageFight & XMultiply (Japan)	sstitle	57	lossless
Arcade Gears - Pu-Li-Ru-La (Japan)	sstitle	57	lossless
Arcade Gears - Wonder 3 (Japan)	sstitle	57	lossless
Arcade Hits - Crazy Climber (Japan)	sstitle	57	lossless
Arcade Hits - Frisky Tom (Japan)	sstitle	57	lossless
Arcade Hits - Moon Cresta (Japan)	sstitle	57	lossless
Arcade Hits - Soukyuu Gurentai (Japan)	sstitle	57	lossless
Arcade Party Pak (USA)	sstitle	57	lossless
Arcade's Greatest Hits - The Atari Collection 1 (USA)	sstitle	57	lossless
Arcade's Greatest Hits - The Atari Collection 2 (USA)	sstitle	57	lossless
Arcade's Greatest Hits - The Midway Collection 2 (USA)	sstitle	57	lossless
Arcana Senki Ludo (Japan)	sstitle	57	lossless
Archer Maclean's 3D Pool (Europe)	sstitle	57	lossless
Are!Mo KoreMo Momotarou (Japan)	sstitle	57	lossless
Area 51 (USA)	sstitle	57	lossless
Ark of Time (Europe) (En,Fr,De,Es,It)	sstitle	57	lossless
Arkanoid R 2000 (Japan)	sstitle	57	lossless
Arkanoid Returns (Japan)	sstitle	57	lossless
Armed Fighter (Japan)	sstitle	57	lossless
Armored Core (USA)	sstitle	57	lossless
Armored Core - Master of Arena (USA) (Disc 1)	sstitle	57	lossless
Armored Core - Project Phantasma (USA)	sstitle	57	lossless
Armorines - Project S.W.A.R.M. (USA)	sstitle	57	lossless
Army Men - Air Attack (USA)	sstitle	57	lossless
Army Men - Air Attack 2 (USA, Canada)	sstitle	57	lossless
Army Men - Green Rogue (USA)	sstitle	57	lossless
Army Men - Land, Sea, Air (Europe) (En,Fr,De,Es,It)	sstitle	57	lossless
Army Men - Lock 'n' Load (Europe) (En,Fr,De,Es,It)	lr-titles	57	lossless
Army Men - Omega Soldier (Europe) (En,Fr,De,Es,It)	sstitle	57	lossless
Army Men - Operation Meltdown (Europe) (En,Fr,De,Es,It)	sstitle	57	lossless
Army Men - Sarge's Heroes (USA)	sstitle	57	lossless
Army Men - Sarge's Heroes 2 (USA)	sstitle	57	lossless
Army Men - Team Assault (Europe) (En,Fr,De,Es,It)	sstitle	57	lossless
Army Men - World War (USA)	sstitle	57	lossless
Army Men - World War - Final Front (USA)	sstitle	57	lossless
Army Men - World War - Land, Sea, Air (USA, Canada)	sstitle	57	lossless
Army Men - World War - Team Assault (USA)	sstitle	57	lossless
Army Men 3D (USA)	sstitle	57	lossless
Art Camion - Geijutsuden (Japan)	sstitle	57	lossless
Art Camion - Sugorokuden (Japan)	sstitle	57	lossless
Arthur to Astaroth no Nazo Makaimura - Incredible Toons (Japan)	sstitle	57	lossless
Arthur! Ready to Race (USA)	sstitle	57	lossless
Asonde Chinou Up (Japan)	lr-titles	57	lossless
Assault (Europe) (En,Fr,De,Es,It)	sstitle	57	lossless
Assault - Retribution (USA)	sstitle	57	lossless
Assault Rigs (USA)	sstitle	57	lossless
Assault Suits Valken 2 (Japan)	sstitle	57	lossless
Asterix & Obelix Take on Caesar (Europe)	sstitle	57	lossless
Asterix (Europe) (En,Fr,De,Nl)	sstitle	57	lossless
Asterix - Mega Madness (Europe) (En,Fr,De,Es,It,Nl)	sstitle	57	lossless
Asteroids (USA)	sstitle	57	lossless
Astro Trooper Vanark (Japan)	sstitle	57	lossless
Astronoka (Japan) (Disc 1)	sstitle	57	lossless
Asuka 120% Excellent - Burning Fest. Excellent (Japan, Asia)	sstitle	57	lossless
Asuka 120% Final - Burning Fest. Final (Japan)	sstitle	57	lossless
Asuka 120% Special - Burning Fest. Special (Japan)	sstitle	57	lossless
Asuncia - Majou no Jubaku (Japan)	sstitle	57	lossless
Atari Anniversary Edition Redux (USA)	sstitle	57	lossless
Atelier Elie - Elie no Atelier - Salburg no Renkinjutsushi 2 (Japan)	sstitle	57	lossless
Athena - Awakening from the Ordinary Life (Japan) (Disc 1)	sstitle	57	lossless
Athena no Kateiban - Family Games (Japan)	sstitle	57	lossless
Atlantis - Secrets d'un Monde Oublie (France) (Disc 1)	sstitle	57	lossless
Atlantis - The Lost Continent (Europe) (En,Fr,De)	sstitle	57	lossless
Atlantis - The Lost Tales (Europe) (Disc 1)	sstitle	57	lossless
Attack of the Saucerman (Europe) (En,Fr,De,Es,It)	sstitle	57	lossless
Aubirdforce (Japan)	sstitle	57	lossless
Aubirdforce - After (Japan)	sstitle	57	lossless
Aura Battler Dunbine - Seisenshi Densetsu (Japan) (Rev 1)	sstitle	57	lossless
Austin Powers Pinball (USA)	sstitle	57	lossless
Auto Destruct (USA)	sstitle	57	lossless
Autobahn Raser II (Germany)	sstitle	57	lossless
Ayakashi Ninden Kunoichiban (Japan) (Disc 1)	sstitle	57	lossless
Ayrton Senna Kart Duel (Europe)	sstitle	57	lossless
Ayrton Senna Kart Duel 2 (Europe)	sstitle	57	lossless
Ayrton Senna Kart Duel Special (Japan)	sstitle	57	lossless
Azito (Japan)	sstitle	57	lossless
Azito 2 (Japan)	sstitle	57	lossless
Azito 3 (Japan)	sstitle	57	lossless
Aztec - The Curse in the Heart of the City of Gold (Europe) (En,Nl)	sstitle	57	lossless
Azumanga Donjara Daiou (Japan)	sstitle	57	lossless
Azure Dreams (USA)	sstitle	57	lossless
B Senjou no Alice - Alice on Borderlines (Japan) (Disc 1)	sstitle	57	lossless
B-Movie (Europe) (En,Es,It)	sstitle	57	lossless
B. L. U. E. - Legend of Water (Japan)	sstitle	57	lossless
BDFL Manager 2001 (Germany)	sstitle	57	lossless
BDFL Manager 2002 (Germany)	sstitle	57	lossless
BFS - Blue Forest Story - Kaze no Fuuin (Japan)	sstitle	57	lossless
Baby Felix Tennis (Europe) (En,Fr,De,Es,It,Nl)	sstitle	57	lossless
Baby Universe (Europe)	sstitle	57	lossless
BackGuiner - Yomigaeru Yuushatachi - Hishou-hen - Uragiri no Senjou (Japan) (Disc 1)	sstitle	57	lossless
BackGuiner - Yomigaeru Yuushatachi - Kakusei-hen - Guiner Tensei (Japan) (Disc 1)	sstitle	57	lossless
Backgammon (Japan)	sstitle	57	lossless
Backgammon 2000 (Japan)	sstitle	57	lossless
Backstreet Billiards (USA)	sstitle	57	lossless
Backyard Soccer (USA)	sstitle	57	lossless
Bakumatsu Roman - Gekka no Kenshi (Japan)	sstitle	57	lossless
Bakuretsu Hunter - Mahjong Special (Japan)	sstitle	57	lossless
Bakuretsu Hunter - Sorezore no Omoi ... Nowaanchatte (Japan)	sstitle	57	lossless
Bakuretsu Soccer (Japan)	sstitle	57	lossless
Bakuryuu (Japan)	sstitle	57	lossless
Bakushou!! All Yoshimoto Quiz-ou Ketteisen DX (Japan)	sstitle	57	lossless
Bakusou Dekotora Densetsu - Otoko Ippiki Yume Kaidou (Japan)	sstitle	57	lossless
Bakusou Dekotora Densetsu 2 - Otoko Jinsei Yume Ichiro (Japan)	sstitle	57	lossless
Bakusou Kyoudai Let's & Go!! Eternal Wings (Japan)	sstitle	57	lossless
Bakuten Shoot Beyblade - Bey Battle Tournament (Japan)	sstitle	57	lossless
Bakuten Shoot Beyblade 2002 - Bey Battle Tournament 2 (Japan)	sstitle	57	lossless
Baldies (USA)	sstitle	57	lossless
Baldy Land (Japan)	sstitle	57	lossless
Ball Breakers (USA)	sstitle	57	lossless
Ballblazer Champions (USA)	sstitle	57	lossless
Ballerburg - Castle Chaos (USA)	sstitle	57	lossless
Ballistic (USA)	sstitle	57	lossless
Baphomets Fluch (Germany)	sstitle	57	lossless
Baphomets Fluch II - Die Spiegel der Finsternis (Germany)	sstitle	57	lossless
Barbie - Aventure Equestre (France)	sstitle	57	lossless
Barbie - Aventuriere (France)	sstitle	57	lossless
Barbie - Esploratrice (Italy)	sstitle	57	lossless
Barbie - Explorer (USA)	sstitle	57	lossless
Barbie - Gotta Have Games (USA)	sstitle	57	lossless
Barbie - Race & Ride (USA)	sstitle	57	lossless
Barbie - Sports Extreme (France)	sstitle	57	lossless
Barbie - Super Sports (USA)	sstitle	57	lossless
Barca Manager 2000 (Spain) (Es,Ca)	sstitle	57	lossless
Bardysh - Kromeford no Juunin (Japan)	sstitle	57	lossless
Baroque - Yuganda Mousou (Japan)	sstitle	57	lossless
Baroque Syndrome (Japan)	sstitle	57	lossless
Baseball Navigator (Japan)	sstitle	57	lossless
Baseball Simulation - ID Pro Yakyuu (Japan)	sstitle	57	lossless
Bases Loaded '96 - Double Header (USA)	sstitle	57	lossless
Bass Fisherman - Texas (Japan)	sstitle	57	lossless
Bass Landing (USA)	sstitle	57	lossless
Bass Landing 2 (Japan)	sstitle	57	lossless
Bass Rise (USA)	sstitle	57	lossless
Bass Tsuri ni Ikou! (Japan)	sstitle	57	lossless
Bassing Beat 2 (Japan)	sstitle	57	lossless
Bastard!! Utsuronaru Kamigami no Utsuwa (Japan)	sstitle	57	lossless
Batman & Robin (USA)	sstitle	57	lossless
Batman - Gotham City Racer (USA)	sstitle	57	lossless
Batman Beyond - Return of the Joker (USA)	sstitle	57	lossless
Batman Forever - The Arcade Game (USA)	sstitle	57	lossless
Battle Arena Nitoushinden (Japan)	sstitle	57	lossless
Battle Arena Toshinden (USA)	sstitle	57	lossless
Battle Arena Toshinden 2 (USA)	sstitle	57	lossless
Battle Arena Toshinden 3 (USA) (En,Ja)	sstitle	57	lossless
Battle Arena Toushinden 2 (Japan)	sstitle	57	lossless
Battle Arena Toushinden 3 (Japan, Asia)	sstitle	57	lossless
Battle Athletess - Daiundoukai Alternative (Japan)	sstitle	57	lossless
Battle Athletess - Daiundoukai GTO (Grand Trial Onnanoco) (Japan)	sstitle	57	lossless
Battle Bugs (Japan)	sstitle	57	lossless
Battle Formation (Japan)	sstitle	57	lossless
Battle Hunter (USA)	sstitle	57	lossless
Battle Konchuuden (Japan)	sstitle	57	lossless
Battle Master (Japan)	sstitle	57	lossless
Battle Stations (USA)	sstitle	57	lossless
BattleRound USA (Japan)	sstitle	57	lossless
BattleSport (USA)	sstitle	57	lossless
BattleTanx - Global Assault (USA)	sstitle	57	lossless
Beach Volleyball (Europe) (En,Fr,De,Es,It)	sstitle	57	lossless
Bealphareth (Japan)	sstitle	57	lossless
Beast Wars - Transformers (USA)	sstitle	57	lossless
Beat Mania - The Sound of Tokyo (Japan)	sstitle	57	lossless
Beat Mania 3rd Mix Mini (Japan)	sstitle	57	lossless
Beat Mania Append GottaMix (Japan, Asia)	sstitle	57	lossless
Beat Mania Append GottaMix 2 - Going Global (Japan)	sstitle	57	lossless
Beat Planet Music (Japan)	sstitle	57	lossless
Beatmania (Europe)	sstitle	57	lossless
Beatmania 6thMix + Core Remix (Japan)	sstitle	57	lossless
Beatmania Append 4thMix - The Beat Goes On (Japan)	sstitle	57	lossless
Beatmania Append 5thMix - Time to Get Down (Japan)	sstitle	57	lossless
Beatmania Append Club Mix (Japan)	sstitle	57	lossless
Beatmania Best Hits (Japan)	sstitle	57	lossless
Beatmania featuring Dreams Come True (Japan)	sstitle	57	lossless
Beavis and Butt-Head - Virtual Aho Shoukougun (Japan)	sstitle	57	lossless
Bedlam (Europe) (En,Fr,De,Es,It,Nl)	sstitle	57	lossless
Beltlogger 9 (Japan)	sstitle	57	lossless
Beyblade (USA)	sstitle	57	lossless
Beyond the Beyond (USA)	sstitle	57	lossless
Big Air (USA)	sstitle	57	lossless
Big Bass Fishing (USA)	sstitle	57	lossless
Big Bass World Championship (USA)	sstitle	57	lossless
Big Challenge Golf - Tokyo Yomiuri Country Club-hen (Japan)	sstitle	57	lossless
Big League Slugger Baseball (USA)	sstitle	57	lossless
Big Ol' Bass 2 (USA)	sstitle	57	lossless
Big Strike Bowling (USA)	sstitle	57	lossless
Billiards (USA)	sstitle	57	lossless
Bio F.R.E.A.K.S. (USA)	sstitle	57	lossless
Bio Hazard (Japan)	sstitle	57	lossless
Bio Hazard - Director's Cut (Japan)	sstitle	57	lossless
Biohazard - Gun Survivor (Japan)	sstitle	57	lossless
Biohazard 2 (Japan) (Disc 1) (Leon-hen)	sstitle	57	lossless
Biohazard 3 - Last Escape (Japan)	sstitle	57	lossless
Bishi Bashi Special (Europe)	sstitle	57	lossless
Bishi Bashi Special 2 (Japan)	sstitle	57	lossless
Bishi Bashi Special 3 - Step Champ (Japan)	sstitle	57	lossless
Bishoujo Hanafuda Kikou - Michinoku Hitou Koi Monogatari (Japan)	sstitle	57	lossless
Bishoujo Ren'ai Mahjong Series - Karan Koron Gakuen - Doki Doki-hen (Japan)	sstitle	57	lossless
Bishoujo Ren'ai Mahjong Series - Karan Koron Gakuen - Munekyun-hen (Japan)	sstitle	57	lossless
Bishoujo Ren'ai Mahjong Series - Karan Koron Gakuen - Pure Love-hen (Japan)	sstitle	57	lossless
Bishoujo Ren'ai Mahjong Series 2nd - Shiritsu Houou Gakuen - 1-nen Jun'ai-gumi (Japan)	sstitle	57	lossless
Bishoujo Ren'ai Mahjong Series 2nd - Shiritsu Houou Gakuen - 2-nen Junjou-gumi (Japan)	sstitle	57	lossless
Bishoujo Senshi Sailor Moon SuperS - Shin Shuyaku Soudatsusen (Japan)	sstitle	57	lossless
Bistro, The - Ryouri & Wine no Shokunintachi (Japan)	sstitle	57	lossless
Black Bass with Blue Marlin (USA)	sstitle	57	lossless
Black Dawn (USA)	sstitle	57	lossless
Black-Matrix + (Japan) (Disc 1)	sstitle	57	lossless
Black-Matrix 00 (Japan) (Disc 1)	sstitle	57	lossless
Blackjack vs. Matsuda Jun (Japan)	sstitle	57	lossless
Blade (USA)	sstitle	57	lossless
Blade Arts - Tasogare no Miyako R'lyeh (Japan)	sstitle	57	lossless
Blade Maker (Japan)	sstitle	57	lossless
Blam! Machinehead (Europe)	sstitle	57	lossless
Blast Chamber (USA)	sstitle	57	lossless
Blast Lacrosse (USA)	sstitle	57	lossless
Blast Radius (USA)	sstitle	57	lossless
Blaster Master - Blasting Again (USA)	sstitle	57	lossless
Blasto (USA)	sstitle	57	lossless
Blaze & Blade - Eternal Quest (Europe)	sstitle	57	lossless
Blaze & Blade Busters (Japan)	sstitle	57	lossless
Blazing Dragons (USA)	sstitle	57	lossless
Blend x Brand - Odekake Gousei RPG (Japan)	sstitle	57	lossless
Block Buster (Europe)	sstitle	57	lossless
Block Kuzushi (Japan)	sstitle	57	lossless
Block Kuzushi - Deden no Gyakushuu (Japan)	sstitle	57	lossless
Block Kuzushi 2 (Japan)	sstitle	57	lossless
Block Wars (Japan)	sstitle	57	lossless
Blockids (USA)	sstitle	57	lossless
Blood Factory (Japan)	sstitle	57	lossless
Blood Lines (Europe) (En,Fr,De,Es,It)	sstitle	57	lossless
Blood Omen - Legacy of Kain (USA)	lr-titles	57	lossless
Bloody Roar (USA)	sstitle	57	lossless
Bloody Roar - Hyper Beast Duel (Europe)	sstitle	57	lossless
Bloody Roar 2 - Bringer of the New Age (Europe)	lr-titles	57	lossless
Bloody Roar II (USA)	sstitle	57	lossless
Blue Breaker - Egao no Yakusoku (Japan)	sstitle	57	lossless
Blue Breaker Burst - Egao no Asu ni (Japan)	sstitle	57	lossless
Blue Breaker Burst - Hohoemi o Anata to (Japan)	sstitle	57	lossless
Blue Marlin, The (Japan)	sstitle	57	lossless
Blue's Clues - Blue's Big Musical (USA)	sstitle	57	lossless
Bob the Builder - Can We Fix It (USA)	sstitle	57	lossless
Body Hazard (Japan)	sstitle	57	lossless
Bogey Dead 6 (USA)	sstitle	57	lossless
Boku no Choro Q (Japan)	sstitle	57	lossless
Boku no Natsuyasumi - Summer Holiday 20th Century (Japan)	sstitle	57	lossless
Boku wa Koukuu Kanseikan (Japan)	sstitle	57	lossless
Bokujou Monogatari - Harvest Moon (Japan)	sstitle	57	lossless
Bokujou Monogatari - Harvest Moon for Girl (Japan)	sstitle	57	lossless
Bomberman (Europe)	sstitle	57	lossless
Bomberman - Party Edition (USA)	sstitle	57	lossless
Bomberman Fantasy Race (USA)	sstitle	57	lossless
Bomberman Land (Japan)	sstitle	57	lossless
Bomberman Wars (Japan, Asia)	sstitle	57	lossless
Bomberman World (USA)	sstitle	57	lossless
Bombing Islands, The (USA)	sstitle	57	lossless
Bonogurashi - Kore de Kanpeki Disu (Japan)	sstitle	57	lossless
Book of Watermarks, The (Japan) (Disc 1)	sstitle	57	lossless
BoomBots (USA)	sstitle	57	lossless
Bottom of the 9th '97 (USA)	sstitle	57	lossless
Bottom of the 9th '99 (USA)	sstitle	57	lossless
Bottom of the 9th (USA)	sstitle	57	lossless
Boucliers de Quetzalcoatl, Les - Les Chevaliers de Baphomet II (France)	sstitle	57	lossless
Boundary Gate - Daughter of Kingdom (Japan)	sstitle	57	lossless
Bounty Hunter Sara - Holy Mountain no Teiou (Japan)	sstitle	57	lossless
Bounty Sword - Double Edge (Japan)	sstitle	57	lossless
Bounty Sword First (Japan)	sstitle	57	lossless
Bowling (USA)	sstitle	57	lossless
Box Champions 2000 (Germany)	sstitle	57	lossless
Box Champions 2001 (Germany)	sstitle	57	lossless
Box-Champions (Germany)	sstitle	57	lossless
Boxer's Road (Japan)	sstitle	57	lossless
Boxing (USA)	sstitle	57	lossless
Boys Be... (Japan)	sstitle	57	lossless
Boys Be... 2nd Season (Japan)	sstitle	57	lossless
Brahma Force - The Assault on Beltlogger 9 (USA)	sstitle	57	lossless
BrainDead 13 (USA) (Disc 1)	sstitle	57	lossless
Bratz - Dress Up, Get Down and Be a Bratz Superstar! (USA) (En,Fr,Es)	sstitle	57	lossless
Brave Fencer Musashi (USA)	sstitle	57	lossless
Brave Prove (Japan)	sstitle	57	lossless
Brave Saga 2 (Japan) (Disc 1)	sstitle	57	lossless
Brave Sword (Japan)	sstitle	57	lossless
Bravo Air Race (USA)	sstitle	57	lossless
Break Point (Europe) (En,Fr)	sstitle	57	lossless
Break Thru! (Japan)	sstitle	57	lossless
Break Volley (Japan)	sstitle	57	lossless
Breakout (USA)	sstitle	57	lossless
Breath of Fire III (USA)	sstitle	57	lossless
Breath of Fire IV (USA)	sstitle	57	lossless
Breath of Fire IV - Utsurowazaru Mono (Japan)	sstitle	57	lossless
Breed Master (Japan)	sstitle	57	lossless
Breeding Stud - Bokujou de Aimashou (Japan)	sstitle	57	lossless
Breeding Stud 2 (Japan)	sstitle	57	lossless
Brian Lara Cricket (Europe)	sstitle	57	lossless
Brigandine - Gensou Tairiku Senki (Japan)	sstitle	57	lossless
Brigandine - Grand Edition (Japan) (Disc 1)	sstitle	57	lossless
Brigandine - The Legend of Forsena (USA)	sstitle	57	lossless
Brightis (Japan)	sstitle	57	lossless
Broken Helix (USA)	sstitle	57	lossless
Broken Sword - La Leyenda de los Templarios (Spain)	sstitle	57	lossless
Broken Sword - The Shadow of the Templars (USA)	sstitle	57	lossless
Broken Sword II - La Profezia dei Maya (Italy)	sstitle	57	lossless
Broken Sword II - Las Fuerzas del Mal (Spain)	sstitle	57	lossless
Broken Sword II - The Smoking Mirror (USA)	sstitle	57	lossless
Brunswick Circuit Pro Bowling (USA)	sstitle	57	lossless
Brunswick Circuit Pro Bowling 2 (USA)	sstitle	57	lossless
Bubble Bobble also featuring Rainbow Islands (USA)	sstitle	57	lossless
Bubblegun Kid (Japan)	sstitle	57	lossless
Bubsy 3D - Furbitten Planet (USA)	sstitle	57	lossless
Buckle Up! (Japan)	sstitle	57	lossless
Buggy (Europe) (En,Fr,De,Es,It,Pt)	sstitle	57	lossless
Bugi (Japan)	sstitle	57	lossless
Bugriders - The Race of Kings (USA)	sstitle	57	lossless
Bugs Bunny & Taz - Time Busters (USA) (En,Fr,Es)	sstitle	57	lossless
Bugs Bunny - Lost in Time (USA) (En,Fr,Es)	sstitle	57	lossless
Builder's Block (USA)	sstitle	57	lossless
Building Crush! (Japan)	sstitle	57	lossless
Bundesliga 2000 - Der Fussball-Manager (Germany)	sstitle	57	lossless
Bundesliga Stars 2000 (Germany)	sstitle	57	lossless
Bundesliga Stars 2001 (Germany)	sstitle	57	lossless
Burger Burger - Hamburger Simulation (Japan)	sstitle	57	lossless
Burger Burger 2 (Japan)	sstitle	57	lossless
Burning Road (USA)	sstitle	57	lossless
BursTrick - Wake Boarding!! (USA)	sstitle	57	lossless
Bushido Blade (USA)	sstitle	57	lossless
Bushido Blade 2 (USA)	sstitle	57	lossless
Bust A Groove (USA)	sstitle	57	lossless
Bust A Groove 2 (USA)	sstitle	57	lossless
Bust A Move 2 - Dance Tengoku Mix (Japan)	sstitle	57	lossless
Bust-A-Move '99 (USA)	sstitle	57	lossless
Bust-A-Move 2 - Arcade Edition (USA)	sstitle	57	lossless
Bust-A-Move 3 DX (Europe)	sstitle	57	lossless
Bust-A-Move 4 (USA)	sstitle	57	lossless
Buster Bros. Collection (USA)	sstitle	57	lossless
Buttsubushi (Europe, Australia)	sstitle	57	lossless
C - The Contra Adventure (USA)	sstitle	57	lossless
C-12 - Final Resistance (USA)	sstitle	57	lossless
C1 - Circuit (Japan)	sstitle	57	lossless
CART World Series (USA)	sstitle	57	lossless
CG Mukashi Banashi - Jiisan 2-do Bikkuri!! (Japan)	sstitle	57	lossless
CRW - Counter Revolution War (Japan)	sstitle	57	lossless
CT Special Forces (Europe) (En,Fr,De,Es,It,Nl)	sstitle	57	lossless
CT Special Forces - Back to Hell (Europe) (En,Fr,De,Es,It,Nl)	sstitle	57	lossless
CT Special Forces 3 - Bioterror (Europe) (En,Fr,De,Es,It,Nl)	sstitle	57	lossless
CTR - Crash Team Racing (USA)	sstitle	57	lossless
Cabela's Big Game Hunter - Ultimate Challenge (USA)	sstitle	57	lossless
Cabela's Ultimate Deer Hunt - Open Season (USA)	sstitle	57	lossless
Cadillac (Japan)	sstitle	57	lossless
Caesars Palace (USA)	sstitle	57	lossless
Caesars Palace 2000 - Millennium Gold Edition (USA)	sstitle	57	lossless
Caesars Palace II (USA)	sstitle	57	lossless
Calcolo! Ochimono Shooting (Japan)	sstitle	57	lossless
California Surfing (Europe)	sstitle	57	lossless
California Watersports (Europe) (En,Fr,De)	sstitle	57	lossless
Capcom Generation - Dai-1-shuu Gekitsuiou no Jidai (Japan)	sstitle	57	lossless
Capcom Generation - Dai-2-shuu Makai to Kishi (Japan)	sstitle	57	lossless
Capcom Generation - Dai-3-shuu Koko ni Rekishi Hajimaru (Japan)	sstitle	57	lossless
Capcom Generation - Dai-4-shuu Kokou no Eiyuu (Japan)	sstitle	57	lossless
Capcom Generation - Dai-5-shuu Kakutoukatachi (Japan)	sstitle	57	lossless
Capcom Generations (Europe) (Disc 1) (Wings of Destiny)	sstitle	57	lossless
Capcom vs. SNK Pro (USA)	sstitle	57	lossless
Captain Commando (Japan)	sstitle	57	lossless
Captain Love (Japan)	sstitle	57	lossless
Captain Tsubasa - Arata naru Densetsu Joshou (Japan)	sstitle	57	lossless
Captain Tsubasa J - Get in the Tomorrow (Japan)	sstitle	57	lossless
Car and Driver Presents - Grand Tour Racing '98 (USA)	sstitle	57	lossless
Card Games (USA)	sstitle	57	lossless
Card Shark (Europe)	sstitle	57	lossless
Cardcaptor Sakura - Clow Card Magic (Japan)	sstitle	57	lossless
Cardinal Syn (USA)	sstitle	57	lossless
Carmageddon (Europe) (En,Fr,Es,It)	sstitle	57	lossless
Carnage Heart (USA)	sstitle	57	lossless
Carnage Heart EZ (Easy Zapping) (Japan)	sstitle	57	lossless
Carnage Heart Extra (Japan)	sstitle	57	lossless
Carom Shot (Japan)	sstitle	57	lossless
Carom Shot 2 (Japan)	sstitle	57	lossless
Carton-kun (Japan)	sstitle	57	lossless
Casper (USA)	sstitle	57	lossless
Casper - Friends Around the World (USA)	sstitle	57	lossless
Castlevania - Symphony of the Night (USA)	sstitle	57	lossless
Castlevania Chronicle - Akumajou Dracula (Japan)	sstitle	57	lossless
Castlevania Chronicles (USA)	sstitle	57	lossless
Castrol Honda Superbike Racing (USA)	sstitle	57	lossless
Castrol Honda VTR (Europe) (En,Fr,De,It)	sstitle	57	lossless
Cat in the Hat, The (USA)	sstitle	57	lossless
Cat the Ripper - 13Ninme no Tanteishi (Japan)	sstitle	57	lossless
Catan - Die erste Insel (Germany)	sstitle	57	lossless
Cellophanes (Japan)	sstitle	57	lossless
Centipede (USA)	sstitle	57	lossless
Chakushin Melody da mon (Japan)	sstitle	57	lossless
Chakushin Melody da mon Gold (Japan)	sstitle	57	lossless
Chakushin Melody da mon Volume. 2 (Japan)	sstitle	57	lossless
Chakushin Melody da mon Volume. 3 (Japan)	sstitle	57	lossless
Chakushin Melody da mon Volume. 4 (Japan)	sstitle	57	lossless
Champion Wrestler - Jikkyou Live (Japan)	sstitle	57	lossless
Championship Bass (USA)	sstitle	57	lossless
Championship Manager Quiz (Europe)	sstitle	57	lossless
Championship Motocross 2001 featuring Ricky Carmichael (USA)	sstitle	57	lossless
Championship Motocross featuring Ricky Carmichael (USA)	sstitle	57	lossless
Championship Surfer (USA)	sstitle	57	lossless
Chaos Break (Europe) (En,Fr,De,It)	sstitle	57	lossless
Chaos Control (Japan)	sstitle	57	lossless
Character Tkool (Japan)	sstitle	57	lossless
Charumera (Japan)	sstitle	57	lossless
Chase the Express (Europe) (Disc 1)	sstitle	57	lossless
Checkmate (Europe)	sstitle	57	lossless
Checkmate II (Europe)	sstitle	57	lossless
Cheesy (Europe) (En,Fr)	sstitle	57	lossless
Chess (USA)	sstitle	57	lossless
Chess 2000 (Japan)	sstitle	57	lossless
Chessmaster 3-D, The (USA)	sstitle	57	lossless
Chessmaster II (USA)	sstitle	57	lossless
Chevaliers de Baphomet, Les (France)	sstitle	57	lossless
Chibi Chara Game - Ginga Eiyuu Densetsu (Japan) (Disc 1) (Go! Go! Casino)	sstitle	57	lossless
Chibi Maruko-chan - Maruko Enikki World (Japan)	sstitle	57	lossless
Chicken Run (USA)	sstitle	57	lossless
Chiisana Kyojin Microman (Japan)	sstitle	57	lossless
Chiisana Oukoku Erutoria (Japan)	sstitle	57	lossless
Chill (Europe) (En,Fr,De,Es,It)	sstitle	57	lossless
China - The Forbidden City (Europe) (En,Es,Nl,Sv)	sstitle	57	lossless
Chinmoku no Kantai - The Silent Service (Japan)	sstitle	57	lossless
Chivas 1-2-3 - Destiny! Unmei o Kaeru Mono! (Japan)	sstitle	57	lossless
Chocobo Racing (USA)	sstitle	57	lossless
Chocobo Racing - Genkai e no Road (Japan)	sstitle	57	lossless
Chocobo Stallion (Japan)	sstitle	57	lossless
Chocobo no Fushigi na Dungeon (Japan)	sstitle	57	lossless
Chocobo no Fushigi na Dungeon 2 (Japan, Asia)	sstitle	57	lossless
Chocobo's Dungeon 2 (USA)	sstitle	57	lossless
Chocolate Kiss (Japan)	sstitle	57	lossless
Choro Q (Japan)	sstitle	57	lossless
Choro Q 2 (Japan)	sstitle	57	lossless
Choro Q 3 (Japan)	sstitle	57	lossless
Choro Q Jet - Rainbow Wings (Japan)	sstitle	57	lossless
Choro Q Marine - Q-Boat (Japan)	sstitle	57	lossless
Choro Q Wonderful! (Japan)	sstitle	57	lossless
Chou Aniki - Kyuukyoku Muteki Ginga Saikyou Otoko (Japan)	sstitle	57	lossless
Chou Hatsumei Boy Kanipan - Hirameki Wonderland (Japan)	sstitle	57	lossless
Chou Jikuu Yousai Macross - Ai Oboete Imasu ka (Japan) (Disc 1)	sstitle	57	lossless
Chou Jiryoku Senshi Microman - Generation 2000 (Japan)	sstitle	57	lossless
Chou Kousoku Gran Doll (Japan) (Disc 1) (Premium Edition)	sstitle	57	lossless
Chou Mashin Eiyuuden Wataru - Another Step (Japan)	sstitle	57	lossless
Chou Nazo-ou (Japan)	sstitle	57	lossless
Chou Sentou Kyuugi Vanborg (Japan)	sstitle	57	lossless
Choujin Gakuen - Gowcaizer (Japan)	sstitle	57	lossless
Chris Kamara's Street Soccer (Europe)	sstitle	57	lossless
Chronicles of the Sword (USA) (Disc 1)	sstitle	57	lossless
Chrono Cross (USA, Canada) (Disc 1)	sstitle	57	lossless
Chrono Trigger (Japan)	sstitle	57	lossless
Cindy's Caribbean Holiday (Europe)	sstitle	57	lossless
Cindy's Fashion World (Europe)	sstitle	57	lossless
Circadia (Japan) (Disc 1)	sstitle	57	lossless
Circuit Beat (Japan)	sstitle	57	lossless
Circuit Breakers (USA)	sstitle	57	lossless
Cite des Enfants Perdus, La (France)	sstitle	57	lossless
City Bravo! (Japan)	sstitle	57	lossless
City Bravo! Business-hen (Japan)	sstitle	57	lossless
City of Lost Children, The (USA) (En,Es,It)	sstitle	57	lossless
Civilization II (USA)	sstitle	57	lossless
Civizard - Majutsu no Keifu (Japan)	sstitle	57	lossless
Classic Road (Japan)	sstitle	57	lossless
Classic Road - Yuushun 2 (Japan)	sstitle	57	lossless
Classic Road 2 (Japan)	sstitle	57	lossless
Cleopatra's Fortune (USA)	sstitle	57	lossless
Click Manga - Click no Hi (Japan)	sstitle	57	lossless
Click Manga - Dynamic Robot Taisen 1 - Shutsugeki! Kyoui no Robot Gundan!! (Japan)	sstitle	57	lossless
Click Manga - Dynamic Robot Taisen 2 - Kyoufu! Akuma Zoku Fukkatsu (Japan)	sstitle	57	lossless
Click Manga - Ginga Eiyuu Densetsu 1 - Eien no Yoru no Naka de (Japan)	sstitle	57	lossless
Click Manga - Ginga Eiyuu Densetsu 2 - Iserlohn Kouryaku (Japan)	sstitle	57	lossless
Click Manga - Opera-za no Kaijin (Japan)	sstitle	57	lossless
Click Medic (Japan)	sstitle	57	lossless
Clock Tower (USA)	sstitle	57	lossless
Clock Tower - The First Fear (Japan)	sstitle	57	lossless
Clock Tower 2 (Japan)	sstitle	57	lossless
Clock Tower II - The Struggle Within (USA)	sstitle	57	lossless
ClockWerx (Japan)	sstitle	57	lossless
Cochons de Guerre, Les (France)	sstitle	57	lossless
Cocktail Harmony (Japan)	sstitle	57	lossless
Codename - Tenka (USA)	sstitle	57	lossless
Colin McRae Rally (USA)	sstitle	57	lossless
Colin McRae Rally 2.0 (USA) (En,Fr,Es)	sstitle	57	lossless
College Slam (USA)	sstitle	57	lossless
Colony Wars (USA) (Disc 1)	sstitle	57	lossless
Colony Wars - Red Sun (USA)	sstitle	57	lossless
Colony Wars - Vengeance (USA, Canada)	sstitle	57	lossless
Colorful Logic (Japan)	sstitle	57	lossless
Colorful Logic 2 (Japan)	sstitle	57	lossless
Colorful Logic 3 (Japan)	sstitle	57	lossless
Combat Choro Q (Japan)	sstitle	57	lossless
Combi Mahjong Awase uchi with Maboroshi Tsukiyo Characters (Japan)	sstitle	57	lossless
Combination Pro Soccer - J.League no Kantoku ni Natte Sekai o Mezase! (Japan)	sstitle	57	lossless
Command & Conquer (USA) (Disc 1) (GDI)	sstitle	57	lossless
Command & Conquer - Alarmstufe Rot & Bloody Roar (Germany) (Demo)	sstitle	57	lossless
Command & Conquer - Alarmstufe Rot - Gegenschlag (Germany) (Disc 1) (Die Alliierten)	sstitle	57	lossless
Command & Conquer - Red Alert (USA) (Disc 1) (Allies)	sstitle	57	lossless
Command & Conquer - Red Alert - Retaliation (USA) (Disc 1) (Allies)	sstitle	57	lossless
Community Pom (Japan)	sstitle	57	lossless
Complete Soccer Onside (Japan)	sstitle	57	lossless
Concert, Le - ff - Fortissimo (Japan)	sstitle	57	lossless
Concert, Le - pp - Pianissimo (Japan)	sstitle	57	lossless
Constructor (Europe) (En,Fr,De,Es)	sstitle	57	lossless
Contender (USA)	sstitle	57	lossless
Contender 2 (USA)	sstitle	57	lossless
Contra - Legacy of War (USA)	sstitle	57	lossless
Conveni 2, The - Zenkoku Chain Tenkai da! (Japan)	sstitle	57	lossless
Conveni Special, The - 3-tsu no Sekai o Dokusen seyo (Japan)	sstitle	57	lossless
Conveni, The - Ano Machi o Dokusen seyo (Japan)	sstitle	57	lossless
Cool Boarders (USA)	sstitle	57	lossless
Cool Boarders 2 (USA)	sstitle	57	lossless
Cool Boarders 2001 (USA)	sstitle	57	lossless
Cool Boarders 3 (USA)	sstitle	57	lossless
Cool Boarders 4 (USA)	sstitle	57	lossless
Cooly Skunk (Japan)	sstitle	57	lossless
Cosmic Race (Japan)	sstitle	57	lossless
Cosmowarrior Zero (Japan)	sstitle	57	lossless
Countdown Vampires (USA) (Disc 1)	sstitle	57	lossless
Coupe du Monde 98 (France)	sstitle	57	lossless
Courier Crisis - The Saga of the Modern Fatalist (USA)	sstitle	57	lossless
Covert Ops - Nuclear Dawn (USA) (Disc 1)	sstitle	57	lossless
Cowboy Bebop (Japan)	sstitle	57	lossless
Crash Bandicoot (USA)	sstitle	57	lossless
Crash Bandicoot - Warped (USA)	sstitle	57	lossless
Crash Bandicoot 2 - Cortex Strikes Back (USA)	sstitle	57	lossless
Crash Bandicoot 2 - Cortex no Gyakushuu! (Japan, Asia)	sstitle	57	lossless
Crash Bandicoot 3 - Buttobi! Sekai Isshuu (Japan, Asia)	sstitle	57	lossless
Crash Bandicoot Carnival (Japan, Asia)	sstitle	57	lossless
Crash Bandicoot Racing (Japan, Asia)	sstitle	57	lossless
Crash Bash (USA)	sstitle	57	lossless
Crazy Climber 2000 (Japan)	sstitle	57	lossless
Creature Shock (Japan) (Disc 1)	sstitle	57	lossless
Creatures (USA)	sstitle	57	lossless
Creatures - Raised in Space (USA)	sstitle	57	lossless
Cricket 2000 (Europe)	sstitle	57	lossless
Crime Crackers (Japan)	sstitle	57	lossless
Crime Crackers 2 (Japan)	sstitle	57	lossless
Crime Killer (USA)	sstitle	57	lossless
Crisis Beat (Europe)	sstitle	57	lossless
Crisis City (Japan)	sstitle	57	lossless
Critical Blow (Japan)	sstitle	57	lossless
Critical Depth (USA)	sstitle	57	lossless
Criticom (USA)	sstitle	57	lossless
Croc - Legend of the Gobbos (USA)	sstitle	57	lossless
Croc 2 (USA)	sstitle	57	lossless
Croc Adventure (Japan)	sstitle	57	lossless
Croc! Pau-Pau Island (Japan)	sstitle	57	lossless
Croket! Kindan no Kinka Box! (Japan)	sstitle	57	lossless
Cross Romance - Koi to Mahjong to Hanafuda to (Japan)	sstitle	57	lossless
Cross Tantei Monogatari (Japan) (Disc 1)	sstitle	57	lossless
Crossroad Crisis (USA)	sstitle	57	lossless
Crow, The - City of Angels (USA)	sstitle	57	lossless
Crown Knights, The - Jaja-uma! Quartet - Mega Dream Destruction+ (Japan)	sstitle	57	lossless
Crusader - No Remorse (USA)	sstitle	57	lossless
Crusaders of Might and Magic (USA)	sstitle	57	lossless
Crypt Killer (USA)	sstitle	57	lossless
Cu-On-Pa (Japan)	sstitle	57	lossless
Cubix Robots for Everyone - Race 'n Robots (USA)	sstitle	57	lossless
Culdcept - Expansion (Japan)	sstitle	57	lossless
Culdcept - Expansion Plus (Japan)	sstitle	57	lossless
Curiosity Kills the Cat Koukishin wa Neko o Korosu ka (Japan)	sstitle	57	lossless
Cyber Daisenryaku - Shutsugeki! Haruka-tai (Japan)	sstitle	57	lossless
Cyber Egg - Battle Champion (Japan)	sstitle	57	lossless
Cyber Org (Japan)	sstitle	57	lossless
CyberSled (USA)	sstitle	57	lossless
CyberSpeed (USA)	sstitle	57	lossless
CyberTiger (USA)	sstitle	57	lossless
Cyberbots - Fullmetal Madness (Japan)	sstitle	57	lossless
Cyberia (USA)	sstitle	57	lossless
Cybernetic Empire (Japan) (Disc 1)	sstitle	57	lossless
Cyberwar (Japan) (Disc 1)	sstitle	57	lossless
D (USA) (Disc 1)	sstitle	57	lossless
D no Shokutaku - Complete Graphics (Japan) (Disc 1)	sstitle	57	lossless
DBZ - Dead Ball Zone (USA) (En,Fr,De,Es,It)	sstitle	57	lossless
DX Hyakunin Isshu (Japan)	sstitle	57	lossless
DX Monopoly (Japan)	sstitle	57	lossless
DX Nippon Tokkyuu Ryokou Game - Let's Travel in Japan (Japan)	sstitle	57	lossless
DX Okuman Chouja Game - The Money Battle (Japan)	sstitle	57	lossless
DX Okuman Chouja Game II - The Money Battle (Japan)	sstitle	57	lossless
DX Shachou Game (Japan)	sstitle	57	lossless
Dai-2-ji Super Robot Taisen (Japan)	sstitle	57	lossless
Dai-2-kai! Quiz Darake no Jinsei Game (Japan)	sstitle	57	lossless
Dai-3-ji Super Robot Taisen (Japan)	sstitle	57	lossless
Dai-4-ji Super Robot Taisen S (Japan)	sstitle	57	lossless
Daibouken Deluxe - Haruka naru Umi (Japan)	sstitle	57	lossless
Daikoukai Jidai Gaiden (Japan)	sstitle	57	lossless
Daikoukai Jidai II (Japan)	sstitle	57	lossless
Daikoukai Jidai IV - Porto Estado (Japan)	sstitle	57	lossless
Daiobake Yashiki - Hamamura Jun no Jitsuwa Kaidan (Japan)	sstitle	57	lossless
Daisenryaku - Master Combat (Japan)	sstitle	57	lossless
Daisenryaku - Player's Spirit (Japan)	sstitle	57	lossless
Dakar '97 (Japan)	sstitle	57	lossless
Dalmatians 2 (Europe) (En,Fr,De)	sstitle	57	lossless
Dalmatians, The (Europe) (En,Fr,De,Nl)	sstitle	57	lossless
DamDam Stompland (Japan)	sstitle	57	lossless
Dance Dance Revolution (USA)	sstitle	57	lossless
Dance Dance Revolution - Best Hits (Japan)	sstitle	57	lossless
Dance Dance Revolution - Disney Mix (USA)	sstitle	57	lossless
Dance Dance Revolution - Extra Mix (Japan)	sstitle	57	lossless
Dance Dance Revolution 2nd Remix (Japan)	sstitle	57	lossless
Dance Dance Revolution 2nd Remix - Append Club Version Vol. 1 (Japan, Asia)	lr-titles	57	lossless
Dance Dance Revolution 2nd Remix - Append Club Version Vol. 2 (Japan)	sstitle	57	lossless
Dance Dance Revolution 3rd Mix (Japan)	sstitle	57	lossless
Dance Dance Revolution 4th Mix (Japan)	sstitle	57	lossless
Dance Dance Revolution 5th Mix (Japan)	sstitle	57	lossless
Dance Dance Revolution Konamix (USA)	sstitle	57	lossless
Dance Europe (Europe) (Fr,De,Es,It,Nl,Pt)	sstitle	57	lossless
Dance! Dance! Dance! (Japan)	sstitle	57	lossless
Dance-UK eXtra Trax (UK)	sstitle	57	lossless
Dancing Blade Katte ni Momotenshi II - Tears of Eden (Japan) (Disc 1)	sstitle	57	lossless
Dancing Blade Katte ni Momotenshi! (Japan) (Disc 1)	sstitle	57	lossless
Dancing Stage - Disney Mix (Europe)	sstitle	57	lossless
Dancing Stage - Euromix (Europe)	sstitle	57	lossless
Dancing Stage - Party Edition (Europe)	sstitle	57	lossless
Dancing Stage Fever (Europe)	sstitle	57	lossless
Dancing Stage Fusion (Europe) (En,Fr,De,Es,It)	sstitle	57	lossless
Dancing Stage featuring Dreams Come True (Japan)	sstitle	57	lossless
Dancing Stage featuring True Kiss Destination (Japan)	sstitle	57	lossless
Dangan (Japan)	sstitle	57	lossless
Danger Girl (USA)	lr-titles	57	lossless
Dare Devil Derby 3D (USA)	sstitle	57	lossless
Darius Gaiden (Japan)	sstitle	57	lossless
Dark Hunter Ge - Youma no Mori (Japan)	sstitle	57	lossless
Dark Hunter Jou - Ijigen Gakuen (Japan) (En,Ja)	sstitle	57	lossless
Dark Messiah (Japan)	sstitle	57	lossless
Dark Seed II (Japan)	sstitle	57	lossless
Dark Tales - From the Lost Soul (Japan)	sstitle	57	lossless
Darklight Conflict (USA) (En,Fr,De,Es,It,Sv)	sstitle	57	lossless
Darkseed (Japan)	sstitle	57	lossless
Darkstalkers - The Night Warriors (USA)	sstitle	57	lossless
Darkstalkers 3 (USA)	sstitle	57	lossless
Darkstone (USA)	sstitle	57	lossless
Dave Mirra Freestyle BMX (USA)	sstitle	57	lossless
Dave Mirra Freestyle BMX - Maximum Remix (USA)	sstitle	57	lossless
David Beckham Soccer (USA)	sstitle	57	lossless
Davis Cup Complete Tennis (Europe)	sstitle	57	lossless
De Sang Froid (France) (Disc 1)	sstitle	57	lossless
Dead in the Water (USA)	sstitle	57	lossless
Dead or Alive (USA)	sstitle	57	lossless
Deadheat Road (Japan)	sstitle	57	lossless
Deadly Skies (Japan)	sstitle	57	lossless
Death Wing (Japan)	sstitle	57	lossless
DeathMask (Japan) (Disc 1)	sstitle	57	lossless
Debut 21 (Japan)	sstitle	57	lossless
Deception III - Dark Delusion (USA)	sstitle	57	lossless
Deep Freeze (Japan)	sstitle	57	lossless
Deep Sea Adventure - Kaitei-kyuu Pantarassa no Nazo (Japan) (Disc 1)	sstitle	57	lossless
Deep, The - Ushinawareta Shinkai (Japan)	sstitle	57	lossless
Defcon 5 - Peace Has a Price... (USA)	sstitle	57	lossless
Defeat Lightning (Japan)	sstitle	57	lossless
Defi au Tetris Magique (France)	sstitle	57	lossless
Deka Yonku - Tough the Truck (Japan)	sstitle	57	lossless
Dekiru! Game Center (Japan)	sstitle	57	lossless
Delta Force Urban Warfare (USA) (En,Fr,Es)	sstitle	57	lossless
Demolition Racer (USA)	sstitle	57	lossless
Dengeki Construction - Ochigee Yarou ze! (Japan)	sstitle	57	lossless
Denkou Sekka Micro Runner - Maniac Hakase no Hisaku (Japan)	sstitle	57	lossless
Denpa Shounen-teki Game (Japan)	sstitle	57	lossless
Densetsu no Ogre Battle (Japan)	sstitle	57	lossless
Densetsu-juu no Ana - Monster Complete World Ver. 2 (Japan)	sstitle	57	lossless
Densha Daisuki - Plarail ga Ippai (Japan)	sstitle	57	lossless
Densha de Go! (Japan)	sstitle	57	lossless
Densha de Go! 2 (Japan)	sstitle	57	lossless
Densha de Go! Nagoya Tetsudou-hen (Japan)	sstitle	57	lossless
Densha de Go! Professional Shiyou (Japan)	sstitle	57	lossless
Depth (Japan)	sstitle	57	lossless
Derby Jockey 2001 (Japan)	sstitle	57	lossless
Derby Jockey R (Japan)	sstitle	57	lossless
Deroon Dero Dero (Japan)	sstitle	57	lossless
Descent (USA)	sstitle	57	lossless
Descent II (Europe)	sstitle	57	lossless
Descent Maximum (USA)	sstitle	57	lossless
Deserted Island (Japan)	sstitle	57	lossless
Destrega (USA)	sstitle	57	lossless
Destruction Derby (USA)	sstitle	57	lossless
Destruction Derby 2 (USA, Canada)	sstitle	57	lossless
Destruction Derby Raw (USA)	sstitle	57	lossless
Destructo 2 (Europe)	sstitle	57	lossless
Detana Twinbee Yahoo! Deluxe Pack (Japan)	sstitle	57	lossless
Detective Barbie - The Mystery Cruise (USA)	sstitle	57	lossless
Detective Mouse (Europe) (En,Fr,De)	sstitle	57	lossless
Deuce (USA) (Proto) (2000-07-24)	sstitle	57	lossless
Devicereign (Japan)	sstitle	57	lossless
Devil Dice (USA)	sstitle	57	lossless
Devil Man (Japan)	sstitle	57	lossless
Devil Summoner - Soul Hackers (Japan) (Disc 1)	sstitle	57	lossless
Devil's Deception (Europe) (En,Fr,De)	sstitle	57	lossless
DewPrism (Japan, Asia)	sstitle	57	lossless
Dexter's Laboratory - Mandark's Lab (USA)	sstitle	57	lossless
Dezaemon Kids! (Japan)	sstitle	57	lossless
Dezaemon Plus (Japan)	sstitle	57	lossless
Diablo (USA) (En,Fr,De,Sv)	sstitle	57	lossless
Dice de Chocobo (Japan)	sstitle	57	lossless
Die Hard Trilogy (USA)	sstitle	57	lossless
Die Hard Trilogy 2 - Viva Las Vegas (USA)	sstitle	57	lossless
DigiCro - Digital Number Crossword (Japan)	sstitle	57	lossless
Digical League (Japan)	sstitle	57	lossless
Digimon - Digital Card Battle (USA)	sstitle	57	lossless
Digimon Rumble Arena (USA)	sstitle	57	lossless
Digimon World (USA)	sstitle	57	lossless
Digimon World 2 (USA)	sstitle	57	lossless
Digimon World 2003 (Europe) (En,Fr,De,Es,It)	sstitle	57	lossless
Digimon World 3 (USA)	sstitle	57	lossless
DigimonTamers - Battle Evolution (Japan)	sstitle	57	lossless
DigimonTamers - PocketCulumon (Japan)	sstitle	57	lossless
DigimonWorld (Japan)	sstitle	57	lossless
DigimonWorld - Digital Card Arena (Japan)	sstitle	57	lossless
DigimonWorld - Digital Card Battle (Japan)	sstitle	57	lossless
DigimonWorld 2 (Japan)	sstitle	57	lossless
DigimonWorld 3 - Aratanaru Bouken no Tobira (Japan)	sstitle	57	lossless
Digital Ehon Vol. 1 - Imadoki no Momotarou (Japan)	sstitle	57	lossless
Digital Ehon Vol. 2 - Imadoki no Kaguya-hime (Japan)	lr-titles	57	lossless
Digital Ehon Vol. 4 - Imadoki no Hanasaka Jiisan (Japan)	sstitle	57	lossless
Digital Ehon Vol. 5 - Imadoki no Urashima-tarou (Japan)	sstitle	57	lossless
Digital Figure Iina (Japan)	sstitle	57	lossless
Digital Glider Airman (Japan)	sstitle	57	lossless
Dino Crisis (USA)	sstitle	57	lossless
Dino Crisis 2 (USA)	sstitle	57	lossless
Dinomaster Party (Europe) (En,Fr,De,Es,It,Nl)	sstitle	57	lossless
Dinosaurs (Europe) (En,Fr,De)	sstitle	57	lossless
Dioramos (Japan)	sstitle	57	lossless
Dirt Champ Motocross No. 1 (Japan)	sstitle	57	lossless
Dirt Jockey - Heavy Equipment Operator (USA)	sstitle	57	lossless
Disc Derby - Meiba o Tsukurou!! (Japan)	sstitle	57	lossless
Discworld II - Mortality Bytes! (USA)	sstitle	57	lossless
Discworld Noir (Europe) (En,Es,It)	sstitle	57	lossless
Disney Aladdin - La Revanche de Nasira (France)	sstitle	57	lossless
Disney Aladdin - La Vendetta di Nasira (Italy)	sstitle	57	lossless
Disney Aladdin - La Venganza de Nasira (Spain)	sstitle	57	lossless
Disney Atlantide - L'Empire Perdu (France)	sstitle	57	lossless
Disney Atlantis - El Imperio Perdido (Spain)	sstitle	57	lossless
Disney Atlantis - L'Impero Perduto (Italy)	sstitle	57	lossless
Disney Dingo Une Journee de Dingue! (France)	sstitle	57	lossless
Disney Dinosaure (France)	sstitle	57	lossless
Disney Dinosauri (Italy)	sstitle	57	lossless
Disney Dinosaurio (Spain)	sstitle	57	lossless
Disney El Planeta del Tesoro (Spain)	sstitle	57	lossless
Disney Il Pianeta del Tesoro (Italy)	sstitle	57	lossless
Disney Jeu d'Action Disney Presente Hercule (France)	sstitle	57	lossless
Disney Juego de Accion Disney Presenta Hercules (Spain)	sstitle	57	lossless
Disney Kuzco - L'Empereur Megalo (France)	sstitle	57	lossless
Disney La Petite Sirene 2 (France)	sstitle	57	lossless
Disney La Planete au Tresor (France)	sstitle	57	lossless
Disney La Sirenetta II (Italy)	sstitle	57	lossless
Disney La Sirenita 2 (Spain)	sstitle	57	lossless
Disney Le Follie dell'Imperatore (Italy)	sstitle	57	lossless
Disney Learning - Mickey (Europe) (En,Fr,De,Es,It,Nl)	sstitle	57	lossless
Disney Libro Animato Creativo - Mulan (Italy)	sstitle	57	lossless
Disney Lilo & Stitch - Grossi Guai alle Hawaii (Italy)	sstitle	57	lossless
Disney Lilo & Stitch - Ouragan sur Hawai (France)	sstitle	57	lossless
Disney Lilo & Stitch en Problemas en el Paraiso (Spain)	sstitle	57	lossless
Disney Peter Pan - Aventures au Pays Imaginaire (France)	sstitle	57	lossless
Disney Peter Pan - L'Avventura nell'Isola che non c'e (Italy)	sstitle	57	lossless
Disney Pippo Giochi Pazzi (Italy)	sstitle	57	lossless
Disney Presents Tigger's Honey Hunt (USA)	sstitle	57	lossless
Disney Tigger tras un Bote de Miel (Spain)	sstitle	57	lossless
Disney Tigro e la Caccia al Miele (Italy)	sstitle	57	lossless
Disney Ven a la Fiesta! con Winnie the Pooh (Spain)	sstitle	57	lossless
Disney Winnie l'Ourson - La Chasse au Miel de Tigrou (France)	sstitle	57	lossless
Disney le Roi Lion - La Formidable Aventure de Simba (France)	sstitle	57	lossless
Disney's 101 Dalmatians II - Patch's London Adventure (USA)	sstitle	57	lossless
Disney's 102 Dalmatians - Puppies to the Rescue (USA)	sstitle	57	lossless
Disney's Aladdin in Nasira's Revenge (USA)	sstitle	57	lossless
Disney's Atlantis - The Lost Empire (USA, Canada)	sstitle	57	lossless
Disney's Aventura Interactiva - Mulan (Spain)	sstitle	57	lossless
Disney's Dinosaur (USA)	sstitle	57	lossless
Disney's Dinosaurier (Germany)	sstitle	57	lossless
Disney's Donald Duck - Goin' Quackers (USA)	sstitle	57	lossless
Disney's Donald Duck - Quack Attack (Europe) (En,Fr,De,It)	sstitle	57	lossless
Disney's Goofy's Fun House (USA)	sstitle	57	lossless
Disney's Hercules Action Game (USA)	sstitle	57	lossless
Disney's Lilo & Stitch (USA)	sstitle	57	lossless
Disney's Lilo & Stitch - Trouble in Paradise (Europe)	sstitle	57	lossless
Disney's Party mit Winnie Puuh (Germany)	sstitle	57	lossless
Disney's Peter Pan - Adventures in Never Land (Europe)	sstitle	57	lossless
Disney's Pooh's Party Game - In Search of the Treasure (USA)	sstitle	57	lossless
Disney's Story Studio - Mulan (USA)	sstitle	57	lossless
Disney's Tarzan (USA)	sstitle	57	lossless
Disney's The Emperor's New Groove (USA)	sstitle	57	lossless
Disney's The Lion King - Simba's Mighty Adventure (USA)	sstitle	57	lossless
Disney's The Little Mermaid II (USA)	sstitle	57	lossless
Disney's Treasure Planet (USA)	sstitle	57	lossless
Disney's Winnie the Pooh - Kindergarten (USA)	sstitle	57	lossless
Disney's Winnie the Pooh - Preschool (USA)	sstitle	57	lossless
Disney-Pixar A Bug's Life (USA)	sstitle	57	lossless
Disney-Pixar A Bug's Life - Disney's Activity Centre (Europe)	sstitle	57	lossless
Disney-Pixar Bichos - Una Aventura en Miniatura (Spain)	sstitle	57	lossless
Disney-Pixar Buzz Lightyear da Comando Stellare (Italy)	sstitle	57	lossless
Disney-Pixar Buzz Lightyear of Star Command (USA)	sstitle	57	lossless
Disney-Pixar Captain Buzz Lightyear - Star Command (Germany)	sstitle	57	lossless
Disney-Pixar Das grosse Krabbeln (Germany)	sstitle	57	lossless
Disney-Pixar Les Aventures de Buzz L'Eclair (France)	sstitle	57	lossless
Disney-Pixar Monsters & Co. - L'Isola dello Spavento (Italy)	sstitle	57	lossless
Disney-Pixar Monsters, Inc. - Scare Island (Europe)	sstitle	57	lossless
Disney-Pixar Monsters, Inc. - Scream Team (USA)	sstitle	57	lossless
Disney-Pixar Monstres & Cie - L'ile de l'Epouvante (France)	sstitle	57	lossless
Disney-Pixar Monstruos, S.A. - Isla de los Sustos (Spain)	sstitle	57	lossless
Disney-Pixar Toy Story 2 - Buzz Lightyear to the Rescue! (USA)	sstitle	57	lossless
Disney-Pixar Toy Story 2 - Buzz l'Eclair a la Rescousse ! (France)	sstitle	57	lossless
Disney-Pixar Toy Story Racer (USA)	sstitle	57	lossless
Disneys Aladdin - Nasiras Rache (Germany)	sstitle	57	lossless
Disneys Arielle 2 (Germany)	sstitle	57	lossless
Disneys Der Koenig der Loewen - Simbas grosses Abenteuer (Germany)	sstitle	57	lossless
Disneys Der Schatzplanet (Germany)	sstitle	57	lossless
Disneys Ein Koenigreich fuer ein Lama (Germany)	sstitle	57	lossless
Disneys Hercules Action-Spiel (Germany)	sstitle	57	lossless
Disneys Interaktive Abenteuer - Mulan (Germany)	sstitle	57	lossless
Disneys Lilo & Stitch - Zoff auf Hawaii (Germany)	sstitle	57	lossless
Disneys Peter Pan - Rueckkehr nach Nimmerland (Germany)	sstitle	57	lossless
Disneys Tiggers Honigjagd (Germany)	sstitle	57	lossless
Disruptor (USA)	sstitle	57	lossless
Diver's Dream (Europe) (En,Fr,De)	sstitle	57	lossless
Divide, The - Enemies Within (USA)	sstitle	57	lossless
DoDonPachi (Japan)	sstitle	57	lossless
Dodgem Arena (Europe)	sstitle	57	lossless
Dog Master, The (Japan)	sstitle	57	lossless
Dokapon! Ikari no Tekken (Japan)	sstitle	57	lossless
Doki Doki On Air (Japan)	sstitle	57	lossless
Doki Doki On Air 2 (Japan)	sstitle	57	lossless
Doki Doki Poyatchio!! (Japan)	sstitle	57	lossless
Doki Doki Pretty League (Japan)	sstitle	57	lossless
Doki Doki Pretty League - Lovely Star (Japan)	sstitle	57	lossless
Doki Doki Pretty League - Nekketsu Otome Seishunki (Japan) (Disc 1)	sstitle	57	lossless
Doki Doki Shutter Chance - Koi no Puzzle o Kumitatete (Japan)	sstitle	57	lossless
Dokiou-ki (Japan)	sstitle	57	lossless
Doko Demo Hamster - Bi! Click Tankentai (Japan)	sstitle	57	lossless
Doko Demo Hamster 2 (Japan)	sstitle	57	lossless
Doko Demo Hamster 4 - Doki Doki Sugoroku Daibouken! (Japan)	sstitle	57	lossless
Doko Demo Issho (Japan)	sstitle	57	lossless
Doko made mo Aoku... (Japan)	sstitle	57	lossless
Dome no Yabou 2 - The Race of Champions (Japan)	sstitle	57	lossless
Domino-kun o Tomenai de. (Japan)	sstitle	57	lossless
DonPachi (Japan)	sstitle	57	lossless
Doom (USA)	sstitle	57	lossless
Doraemon - Nobita to Fukkatsu no Hoshi (Japan)	sstitle	57	lossless
Doraemon 2 - SOS! Otogi no Kuni (Japan)	sstitle	57	lossless
Doraemon 3 - Makai no Dungeon (Japan)	sstitle	57	lossless
Dosukoi Densetsu (Japan)	sstitle	57	lossless
Dotchi Mecha! (Japan)	sstitle	57	lossless
Dotchi de Ball! (Japan)	sstitle	57	lossless
Dotsubo-chan (Japan)	sstitle	57	lossless
Double Dragon (Japan)	sstitle	57	lossless
Doubutsu Chara Navi Uranai 2 - Kosei Shinrigaku + Ren'ai Uranai Puzzle (Japan)	sstitle	57	lossless
Douga de Puzzle da! Puppukupuu (Japan)	sstitle	57	lossless
Doukyuu - Billiard Master (Japan)	sstitle	57	lossless
Doukyuu Re-mix - Billiards Multiple (Japan)	sstitle	57	lossless
Doukyuusei 2 (Japan, Asia)	sstitle	57	lossless
Doukyuusei Mahjong (Japan)	sstitle	57	lossless
Downhill Snow (Japan)	sstitle	57	lossless
Dr. Rin ni Kiite Mite! Koi no Happy Four Seasons (Japan)	sstitle	57	lossless
Dr. Slump (Japan)	sstitle	57	lossless
Dracula - The Last Sanctuary (USA) (Disc 1)	sstitle	57	lossless
Dracula - The Resurrection (USA) (Disc 1)	sstitle	57	lossless
Dracula 2 - Die letzte Zufluchtsstaette (Germany) (Disc 1)	sstitle	57	lossless
Dracula 2 - El Ultimo Santuario (Spain) (Disc 1)	sstitle	57	lossless
Dracula 2 - L'Ultimo Santuario (Italy) (Disc 1)	sstitle	57	lossless
Dracula 2 - Le Dernier Sanctuaire (France) (Disc 1)	sstitle	57	lossless
Dracula 2 - The Last Sanctuary (Europe) (Disc 1)	sstitle	57	lossless
Dragon Ball - Final Bout (Europe)	sstitle	57	lossless
Dragon Ball GT - Final Bout (USA)	sstitle	57	lossless
Dragon Ball Z - Idainaru Dragon Ball Densetsu (Japan)	sstitle	57	lossless
Dragon Ball Z - Ultimate Battle 22 (USA)	sstitle	57	lossless
Dragon Drive - Tactics Break (Japan)	sstitle	57	lossless
Dragon Knight 4 (Japan)	sstitle	57	lossless
Dragon Money (Japan)	sstitle	57	lossless
Dragon Quest Characters - Torneko no Daibouken 2 - Fushigi no Dungeon (Japan)	sstitle	57	lossless
Dragon Quest IV - Michibikareshi Monotachi (Japan)	sstitle	57	lossless
Dragon Quest Monsters 1 & 2 - Hoshifuri no Yuusha to Bokujou no Nakamatachi (Japan)	sstitle	57	lossless
Dragon Quest VII - Eden no Senshitachi (Japan, Asia) (Disc 1)	sstitle	57	lossless
Dragon Seeds (USA)	sstitle	57	lossless
Dragon Seeds - Saishuu Shinka Keitai (Japan)	sstitle	57	lossless
Dragon Tales - Dragonseek (USA)	sstitle	57	lossless
Dragon Valor (USA) (Disc 1)	sstitle	57	lossless
Dragon Warrior VII (USA) (Disc 1)	sstitle	57	lossless
DragonHeart - Fire & Steel (USA)	sstitle	57	lossless
Dragonbeat - Legend of Pinball (Japan)	sstitle	57	lossless
Dragstars (Europe)	sstitle	57	lossless
Dream Circus (Japan)	sstitle	57	lossless
Dream Generation - Koi ka Shigoto ka!... (Japan)	sstitle	57	lossless
Dream Story - Les Aventures de Tim et Lola (France)	sstitle	57	lossless
Dreams (Europe) (En,Fr,De,Es,It)	sstitle	57	lossless
Driver - You Are the Wheelman (USA)	sstitle	57	lossless
Driver 2 (USA) (Disc 1)	sstitle	57	lossless
Driver 2 - Back on the Streets (Europe) (Disc 1)	lr-titles	57	lossless
Drug Store, The (Japan)	sstitle	57	lossless
Druid - Yami e no Tsuisekisha (Japan)	sstitle	57	lossless
Ducati World - Racing Challenge (USA)	sstitle	57	lossless
Duke Nukem - Land of the Babes (USA)	sstitle	57	lossless
Duke Nukem - Time to Kill (USA)	sstitle	57	lossless
Duke Nukem - Total Meltdown (USA)	sstitle	57	lossless
Dukes of Hazzard II, The - Daisy Dukes It Out (USA)	sstitle	57	lossless
Dukes of Hazzard, The - Racing for Home (USA)	sstitle	57	lossless
Dune 2000 (USA)	sstitle	57	lossless
Dungeon Creator (Japan) (Disc 1)	sstitle	57	lossless
Dungeon Shoutenkai - Densetsu no Ken Hajime mashita (Japan)	sstitle	57	lossless
Dynamite Boxing (Japan)	sstitle	57	lossless
Dynamite Soccer 2000 (Japan)	sstitle	57	lossless
Dynamite Soccer 2002 (Japan)	sstitle	57	lossless
Dynamite Soccer 2004 Final (Japan)	sstitle	57	lossless
Dynamite Soccer 98 (Japan, Asia)	sstitle	57	lossless
Dynasty Warriors (USA)	sstitle	57	lossless
E.T. the Extra-Terrestrial - Interplanetary Mission (USA)	sstitle	57	lossless
EA Sports Superbike 2000 (USA)	sstitle	57	lossless
EA Sports Supercross (USA)	sstitle	57	lossless
EA Sports Supercross 2000 (USA)	sstitle	57	lossless
ECW Anarchy Rulz (USA)	sstitle	57	lossless
ECW Hardcore Revolution (USA)	sstitle	57	lossless
EOS - Edge of Skyhigh (Japan)	sstitle	57	lossless
EPS Series Vol. 1 - Because I Love You - Yukiko Morikawa (Japan)	lr-titles	57	lossless
EPS Series Vol. 2 - Moonlight to Daybreak - Yukie Nakama (Japan)	lr-titles	57	lossless
EPS Series Vol. 3 - Come and Kiss Me - Tomomi Tsunoda (Japan)	lr-titles	57	lossless
EPS Series Vol. 4 - Noise Reduction - Tomoa Yamamoto (Japan)	sstitle	57	lossless
EPS Series Vol. 5 - Believer Dreamer - Junko Mizutani (Japan)	lr-titles	57	lossless
ESPN MLS Gamenight (USA)	sstitle	57	lossless
ESPN Street Games (Japan)	sstitle	57	lossless
Eagle One - Harrier Attack (USA) (En,Fr,Es)	sstitle	57	lossless
Earthworm Jim 2 (Europe)	sstitle	57	lossless
East End x Yuri - Eexy Life (Japan)	sstitle	57	lossless
Easter Bunny's Big Day (USA)	sstitle	57	lossless
Eberouge (Japan) (Disc 1)	sstitle	57	lossless
Eberouge 2 (Japan)	sstitle	57	lossless
Eberouge Special - Koi to Mahou no Gakuen Seikatsu (Japan)	sstitle	57	lossless
Ebisu Yoshikazu no Ooana Kyoutei (Japan)	sstitle	57	lossless
Echo Night (USA)	sstitle	57	lossless
Echo Night 2 - Nemuri no Shihaisha (Japan)	sstitle	57	lossless
Econo Kids - Ta ga Tame ni Kane wa Naru (Japan)	sstitle	57	lossless
Ecsaform (Japan) (Disc 1)	sstitle	57	lossless
Efficus - Kono Omoi o Kimi ni... (Japan)	sstitle	57	lossless
Egg (Japan)	sstitle	57	lossless
Eggs of Steel - Charlie's Eggcellent Adventure (USA)	sstitle	57	lossless
Egypt 1156 A.C. - L'Enigma della Tomba Reale (Italy)	sstitle	57	lossless
Egypt 1156 B.C. - Tomb of the Pharaoh (Europe) (En,Es,Nl,Sv)	sstitle	57	lossless
Egypt II - Die Prophezeiung von Helipolis (Germany)	sstitle	57	lossless
Egypt II - The Heliopolis Prophecy (Europe)	sstitle	57	lossless
Egypte 1156 AV. J.-C. - L'Enigme de la Tombe Royale (France)	sstitle	57	lossless
Ehrgeiz - God Bless the Ring (USA)	sstitle	57	lossless
Eikan wa Kimi ni 4 (Japan)	sstitle	57	lossless
Eikou no Fairway - Virtual Golf Simulation (Japan)	sstitle	57	lossless
Einhaender (USA)	sstitle	57	lossless
Eisei Meijin (Japan)	sstitle	57	lossless
Eisei Meijin II (Japan)	sstitle	57	lossless
Eisei Meijin III - Game Creator Yoshimura Nobuhiro no Zunou (Japan)	lr-titles	57	lossless
Eithea (Japan) (Disc 1)	sstitle	57	lossless
Eko Eko Azarak - Wizard of Darkness (Japan)	sstitle	57	lossless
Elan (Japan)	sstitle	57	lossless
Elan Plus (Japan)	sstitle	57	lossless
Elder Gate (Japan)	sstitle	57	lossless
Elemental Gearbolt (USA)	sstitle	57	lossless
Elemental Pinball (Europe)	sstitle	57	lossless
Elf Masters presente Formula Karts - Special Edition (France)	sstitle	57	lossless
Elf o Karu Monotachi - Hanafuda-hen (Japan)	sstitle	57	lossless
Elf o Karu Monotachi - Kanzenban (Japan) (Disc 1)	sstitle	57	lossless
Elf o Karu Monotachi II (Japan) (Disc 1)	sstitle	57	lossless
Elfin Paradise (Japan)	sstitle	57	lossless
Eliminator (USA)	sstitle	57	lossless
Emit Value Pack (Japan) (En,Ja) (Disc 1) (Vol. 1 - Toki no Maigo)	sstitle	57	lossless
Emmyrea (Japan)	sstitle	57	lossless
En Busca del Valle Encantado - El Retorno al Gran Valle (Spain)	sstitle	57	lossless
End Sector (Japan)	sstitle	57	lossless
Enen Angel (Japan)	sstitle	57	lossless
Engacho! (Japan)	sstitle	57	lossless
Enigma (Japan, Asia) (Disc 1)	sstitle	57	lossless
Enomoto Kanako no Boke Shindan Game (Japan)	sstitle	57	lossless
Entertainment Jansou - That's Pon! (Japan)	sstitle	57	lossless
Epica Stella (Japan)	sstitle	57	lossless
Epidemic (USA)	sstitle	57	lossless
Equestriad 2001 (Europe) (En,De,Es)	sstitle	57	lossless
Equestrian Showcase (USA)	sstitle	57	lossless
Esto Es Futbol (Spain)	sstitle	57	lossless
Esto Es Futbol 2 (Spain)	sstitle	57	lossless
Eternal Eyes (USA)	sstitle	57	lossless
Eternal Melody (Japan)	sstitle	57	lossless
Eurasia Express Satsujin Jiken (Japan) (Disc 1)	sstitle	57	lossless
Europe Racer (Europe) (En,Fr,De,Es,It,Nl)	sstitle	57	lossless
European Super League (Europe) (En,Fr,De,Es,It,Pt)	sstitle	57	lossless
Eve - The Fatal Attraction (Japan) (Disc 1)	sstitle	57	lossless
Eve - The Lost One (Japan) (Disc 1) (Kyoko Disc)	sstitle	57	lossless
Eve Zero (Japan) (Disc 1)	sstitle	57	lossless
Evergreen Avenue (Japan)	sstitle	57	lossless
Everybody's Golf (Europe, Australia) (En,Fr,De,Es,It)	sstitle	57	lossless
Everybody's Golf 2 (Europe)	sstitle	57	lossless
Evil Dead - Hail to the King (USA) (Disc 1)	sstitle	57	lossless
Evil Zone (USA)	sstitle	57	lossless
Evo's Space Adventures (Europe) (En,Fr,De,Es,It)	sstitle	57	lossless
Exalegiuse (Japan)	sstitle	57	lossless
Excalibur 2555 A.D. (USA)	sstitle	57	lossless
Exciting Bass (Japan)	sstitle	57	lossless
Exciting Bass 2 (Japan)	sstitle	57	lossless
Exciting Bass 3 (Japan)	sstitle	57	lossless
Exciting Pro Wres (Japan)	sstitle	57	lossless
Exciting Pro Wres 2 (Japan)	sstitle	57	lossless
Exector (Japan)	sstitle	57	lossless
Exhumed (Europe) (En,Fr,De,Es)	sstitle	57	lossless
Exodus Guilty (Japan)	sstitle	57	lossless
Expendable (USA)	sstitle	57	lossless
Expert (Japan)	sstitle	57	lossless
Explosive Racing (Europe)	sstitle	57	lossless
Extra Bright (Japan)	sstitle	57	lossless
Extreme 500 (Europe) (En,De)	sstitle	57	lossless
Extreme Ghostbusters - The Ultimate Invasion (Europe) (En,Fr,De,Es,It,Nl)	sstitle	57	lossless
Extreme Go-Kart Racing (USA)	sstitle	57	lossless
Extreme Pinball (USA)	sstitle	57	lossless
Extreme Power (Japan)	sstitle	57	lossless
Extreme Snow Break (Europe)	sstitle	57	lossless
F-1 Grand Prix 1996 - Team Un'ei Simulation (Japan)	sstitle	57	lossless
F.A. Manager (Europe)	sstitle	57	lossless
F.A. Premier League Football Manager 2000, The (Europe)	sstitle	57	lossless
F.A. Premier League Football Manager 2001, The (Europe)	sstitle	57	lossless
F.A. Premier League Stars 2001, The (Europe)	sstitle	57	lossless
F.A. Premier League Stars, The (Europe)	sstitle	57	lossless
F1 2000 (USA) (En,Fr,Es)	sstitle	57	lossless
F1 Championship Season 2000 (USA) (En,Fr,Es)	sstitle	57	lossless
F1 GP Nippon no Chousen - Dome no Yabou (Japan)	sstitle	57	lossless
F1 Racing Championship (USA) (En,Fr)	sstitle	57	lossless
F1 World Grand Prix (USA)	sstitle	57	lossless
F1 World Grand Prix - 1999 Season (USA) (En,Fr,De,Es,It)	sstitle	57	lossless
FEDA 2 - White Surge the Platoon (Japan)	sstitle	57	lossless
FIFA - Road to World Cup 98 (USA) (En,Fr,De,Es,Nl,Sv)	sstitle	57	lossless
FIFA 2000 - Europe League Soccer (Japan)	sstitle	57	lossless
FIFA 2000 - Major League Soccer (USA) (En,De,Es,Nl,Sv)	sstitle	57	lossless
FIFA 2001 (USA) (En,De,Es,Nl,Sv)	sstitle	57	lossless
FIFA 99 (USA) (En,Fr,De,Es,Nl,Sv)	sstitle	57	lossless
FIFA Football 2003 (Europe) (En,Nl,Sv)	sstitle	57	lossless
FIFA Soccer 2002 (USA) (En,Es)	sstitle	57	lossless
FIFA Soccer 2003 (USA) (En,Es)	sstitle	57	lossless
FIFA Soccer 2004 (USA) (En,Es)	sstitle	57	lossless
FIFA Soccer 2005 (USA) (En,Es)	sstitle	57	lossless
FIFA Soccer 96 (USA) (En,Fr,De,Es,It,Sv)	sstitle	57	lossless
FIFA Soccer 97 (USA) (En,Fr,De,Es,It,Sv)	sstitle	57	lossless
Fade to Black (USA) (En,Fr,De,Es,It)	sstitle	57	lossless
Falcata - Astran Pardma no Monshou (Japan)	sstitle	57	lossless
Family 1500 Series - Mahjong (Japan)	lr-titles	57	lossless
Family Bowling (Japan)	sstitle	57	lossless
Family Card Games Fun Pack (USA)	sstitle	57	lossless
Family Chess (Japan)	sstitle	57	lossless
Family Diamond (Japan)	sstitle	57	lossless
Family Feud (USA)	sstitle	57	lossless
Family Game Pack (USA)	sstitle	57	lossless
Family Games Compendium (Europe) (Disc 1)	sstitle	57	lossless
Family Gunjin Shougi (Japan)	lr-titles	57	lossless
Family Igo - Super Strong (Japan)	sstitle	57	lossless
Family Igo 2 (Japan)	sstitle	57	lossless
Family Shougi - Super Strong (Japan)	sstitle	57	lossless
Family Shougi 2 (Japan)	sstitle	57	lossless
Famires e Youkoso! (Japan)	sstitle	57	lossless
Famires, The (Japan)	sstitle	57	lossless
Famires, The - Shijou Saikyou no Menu (Japan)	sstitle	57	lossless
Fantastep (Japan)	sstitle	57	lossless
Fantastic Fortune (Japan)	sstitle	57	lossless
Fantastic Four (USA)	sstitle	57	lossless
Fantastic Night Dreams - Cotton Original (Japan)	sstitle	57	lossless
Farland Saga - Toki no Michishirube (Japan)	sstitle	57	lossless
Farland Story - Yottsu no Fuuin (Japan)	sstitle	57	lossless
Fatal Fury - Wild Ambition (USA)	sstitle	57	lossless
Favorite Dear (Japan)	sstitle	57	lossless
Favorite Dear - Enkan no Monogatari (Japan)	sstitle	57	lossless
Favorite Dear - Junpaku no Yogensha (Japan)	sstitle	57	lossless
Fear Effect (USA) (Disc 1)	sstitle	57	lossless
Fear Effect 2 - Retro Helix (USA) (Disc 1)	sstitle	57	lossless
Felony 11-79 (USA)	sstitle	57	lossless
Fever - Sankyo Koushiki Pachinko Simulation (Japan)	sstitle	57	lossless
Fever 2 - Sankyo Koushiki Pachinko Simulation (Japan)	sstitle	57	lossless
Fever 3 - Sankyo Koushiki Pachinko Simulation (Japan)	sstitle	57	lossless
Fever 4 - Sankyo Koushiki Pachinko Simulation (Japan)	sstitle	57	lossless
Fever 5 - Sankyo Koushiki Pachinko Simulation (Japan)	sstitle	57	lossless
Fifth Element, The (USA)	sstitle	57	lossless
Fighter Maker (USA)	sstitle	57	lossless
Fighters' Impact (Japan, Asia)	sstitle	57	lossless
Fighting Eyes (Japan)	sstitle	57	lossless
Fighting Force (USA)	sstitle	57	lossless
Fighting Force 2 (USA)	sstitle	57	lossless
Fighting Illusion - K-1 GP 2000 (Japan)	sstitle	57	lossless
Fighting Illusion - K-1 Revenge (Japan)	sstitle	57	lossless
Fighting Illusion V - K-1 Grand Prix '99 (Japan)	sstitle	57	lossless
Fighting Network Rings (Japan)	sstitle	57	lossless
Final Doom (USA)	sstitle	57	lossless
Final Fantasy Chronicles - Chrono Trigger (USA, Canada)	sstitle	57	lossless
Final Fantasy Chronicles - Final Fantasy IV (USA, Canada)	sstitle	57	lossless
Final Fantasy IX (USA, Canada) (Disc 1)	sstitle	57	lossless
Final Fantasy Origins (USA)	sstitle	57	lossless
Final Fantasy Origins - Final Fantasy (Europe)	sstitle	57	lossless
Final Fantasy Origins - Final Fantasy II (Europe)	sstitle	57	lossless
Final Fantasy Tactics (USA)	sstitle	57	lossless
Final Fantasy V (Japan, Asia)	sstitle	57	lossless
Final Fantasy VI (Europe, Australia)	sstitle	57	lossless
Final Fantasy VII (USA) (Disc 1)	sstitle	57	lossless
Final Fantasy VIII (USA) (Disc 1)	sstitle	57	lossless
Final Round (Japan)	sstitle	57	lossless
Final Round, The (USA)	sstitle	57	lossless
Finger Flashing (Japan)	sstitle	57	lossless
Fire Panic - Mack no Rescue Daisakusen (Japan)	sstitle	57	lossless
Fire Pro Wrestling - Iron Slam '96 (Japan)	sstitle	57	lossless
Fire Pro Wrestling G (Japan)	sstitle	57	lossless
Fire Woman Matoigumi (Japan)	sstitle	57	lossless
Firebugs (Europe) (En,Fr,De,Es,It,Nl,Pt,Sv,No,Da,Fi)	sstitle	57	lossless
Firemen 2, The - Pete & Danny (Japan)	sstitle	57	lossless
Firestorm - Thunderhawk 2 (Europe) (En,Fr)	sstitle	57	lossless
Firo & Klawd (Europe)	sstitle	57	lossless
First Kiss Story (Japan) (Disc 1)	sstitle	57	lossless
First Queen IV - Varcia Senki (Japan)	sstitle	57	lossless
Fish Eyes (Japan)	sstitle	57	lossless
Fish Eyes II (Japan)	sstitle	57	lossless
Fish On! Bass (Japan)	sstitle	57	lossless
Fisher's Road (Japan)	sstitle	57	lossless
Fisher-Price Rescue Heroes - Molten Menace (USA)	sstitle	57	lossless
Fisherman's Bait - A Bass Challenge (USA)	sstitle	57	lossless
Fisherman's Bait 2 - Big Ol' Bass (USA)	sstitle	57	lossless
Fisherman's Bait 3 (Europe)	sstitle	57	lossless
Fishing Freaks - BassRise Plus (Japan)	lr-titles	57	lossless
Fishing Koushien II (Japan)	sstitle	57	lossless
Fist (Japan)	sstitle	57	lossless
Flamberge no Seirei (Japan)	sstitle	57	lossless
Flintstones, The - Bedrock Bowling (USA)	sstitle	57	lossless
Floating Runner - Quest for the 7 Crystals (USA)	sstitle	57	lossless
Fluid (Europe)	sstitle	57	lossless
Flying Squadron (Europe)	sstitle	57	lossless
Football Madness (Europe)	sstitle	57	lossless
Ford Racing (USA)	sstitle	57	lossless
Ford Truck Mania (USA)	sstitle	57	lossless
Forget Me Not - Palette (Japan)	sstitle	57	lossless
Formation Soccer '97 - The Road to France (Japan)	sstitle	57	lossless
Formation Soccer '98 (Japan)	sstitle	57	lossless
Formula 1 (USA)	sstitle	57	lossless
Formula 1 97 (Europe) (En,Fr,De,Es,It)	sstitle	57	lossless
Formula 1 98 (USA, Canada) (En,Fr,De,Es,It,Fi)	sstitle	57	lossless
Formula 1 Championship Edition (USA) (En,Fr,De,Es,It)	sstitle	57	lossless
Formula Circus (Japan)	sstitle	57	lossless
Formula GP (Europe)	sstitle	57	lossless
Formula Grand Prix - Team Un'ei Simulation 2 - 1997-nenban (Japan)	sstitle	57	lossless
Formula Karts - Special Edition (Europe) (En,De,Es,It)	sstitle	57	lossless
Formula Nippon (Europe) (Fr,De)	sstitle	57	lossless
Formula One 2000 (USA)	sstitle	57	lossless
Formula One 2001 (Europe) (En,Fi)	sstitle	57	lossless
Formula One 99 (USA, Canada) (En,Fr,Es)	sstitle	57	lossless
Formula One Arcade (Europe) (En,Fr,De,Es,It)	sstitle	57	lossless
Forsaken (USA)	sstitle	57	lossless
Fox Hunt (USA) (Disc 1)	sstitle	57	lossless
Fox Junction (Japan)	sstitle	57	lossless
Fox Sports Golf '99 (USA)	sstitle	57	lossless
Fox Sports Soccer '99 (USA) (En,Es)	sstitle	57	lossless
FoxKids.com - Micro Maniacs Racing (USA)	sstitle	57	lossless
Frank Thomas Big Hurt Baseball (USA)	sstitle	57	lossless
Frankreich 98 - Die Fussball-WM (Germany) (En,Fr,De,Es,Nl,Sv,Da)	sstitle	57	lossless
Free Talk Studio - Mari no Kimamana Oshaberi (Japan)	sstitle	57	lossless
Freestyle Boardin' '99 (USA)	sstitle	57	lossless
Freestyle Motocross - McGrath vs. Pastrana (USA)	sstitle	57	lossless
Freestyle Scooter (Europe)	sstitle	57	lossless
Frenzy! (Europe)	sstitle	57	lossless
Frogger (USA)	sstitle	57	lossless
Frogger 2 - Swampy's Revenge (USA)	sstitle	57	lossless
From TV Animation One Piece - Grand Battle! (Japan)	sstitle	57	lossless
From TV Animation One Piece - Grand Battle! 2 (Japan)	sstitle	57	lossless
From TV Animation One Piece - Oceans of Dreams! (Japan)	sstitle	57	lossless
From TV Animation One Piece - Tobidase Kaizokudan! (Japan)	sstitle	57	lossless
Front Mission 1st (Japan)	sstitle	57	lossless
Front Mission 2 (Japan, Asia)	sstitle	57	lossless
Front Mission 3 (USA)	sstitle	57	lossless
Front Mission Alternative (Japan)	sstitle	57	lossless
Frontschweine (Germany)	sstitle	57	lossless
Fun! Fun! Pingu - Youkoso! Nankyoku e (Japan)	sstitle	57	lossless
Funky Boxers (Japan)	sstitle	57	lossless
Furimukeba Tonari ni (Japan)	sstitle	57	lossless
Fushigi Deka (Japan)	sstitle	57	lossless
Fushigi no Kuni no Angelique (Japan)	sstitle	57	lossless
Fussball Manager 2001 (Germany)	lr-titles	57	lossless
Future Cop - L.A.P.D. (USA)	sstitle	57	lossless
Future GPX Cyber Formula - Aratanaru Chousensha (Japan) (Disc 1)	sstitle	57	lossless
Future Racer (Europe)	sstitle	57	lossless
Fuujin Ryouiki Eretzvaju (Japan, Asia)	sstitle	57	lossless
Fuuraiki (Japan)	sstitle	57	lossless
Fuuun Gokuu Ninden (Japan)	sstitle	57	lossless
G-Police (USA) (Disc 1)	sstitle	57	lossless
G-Police - Weapons of Justice (USA)	sstitle	57	lossless
G. Darius (USA)	sstitle	57	lossless
G.O.D pure (Japan)	sstitle	57	lossless
GI Jockey (Japan)	sstitle	57	lossless
GI Jockey 2000 (Japan)	sstitle	57	lossless
GP Challenge (Europe) (En,Fr,De,It)	sstitle	57	lossless
GZSZ Quiz (Germany)	sstitle	57	lossless
GZSZ Vol. 2 (Germany) (Disc 1)	sstitle	57	lossless
GZSZ Vol. 3 (Germany)	sstitle	57	lossless
Gadget - Past as Future (Japan) (Disc 1)	sstitle	57	lossless
GaiaMaster - Kamigami no Board Game (Japan)	sstitle	57	lossless
GaiaSeed - Project Seed Trap (Japan)	sstitle	57	lossless
Gakkou de Atta Kowai Hanashi S (Japan)	sstitle	57	lossless
Gakkou no Kowai Uwasa - Hanako-san ga Kita!! (Japan)	sstitle	57	lossless
Gakkou o Tsukurou!! (Japan)	sstitle	57	lossless
Gakkou o Tsukurou!! 2 (Japan)	sstitle	57	lossless
Gakkou o Tsukurou!! Kouchou Sensei Monogatari (Japan)	sstitle	57	lossless
Gakuen Sentai Solblast (Japan)	sstitle	57	lossless
Galaga - Destination Earth (USA)	sstitle	57	lossless
Galaxian^3 (Europe)	sstitle	57	lossless
Galaxy Fight (Europe)	sstitle	57	lossless
Gale Gunner (Japan)	sstitle	57	lossless
Galeoz (Japan)	sstitle	57	lossless
Galerians (USA) (Disc 1)	sstitle	57	lossless
Gallop Racer (USA)	sstitle	57	lossless
Gallop Racer 2 (Japan)	sstitle	57	lossless
Gallop Racer 2000 (Japan)	sstitle	57	lossless
Gallop Racer 3 (Japan)	sstitle	57	lossless
Game Nihonshi - Kakumeiji Oda Nobunaga (Japan)	sstitle	57	lossless
Game Soft o Tsukurou - Let's Be a Super Game Creator!! (Japan)	sstitle	57	lossless
Game de Seishun (Japan)	sstitle	57	lossless
Game no Tatsujin (Japan)	sstitle	57	lossless
Game no Tatsujin 2 (Japan)	sstitle	57	lossless
Game no Tetsujin - The Shanghai (Japan)	sstitle	57	lossless
Game of Life, The (USA)	sstitle	57	lossless
Game of Life, The - DX Jinsei Game (Japan)	sstitle	57	lossless
Game of Life, The - DX Jinsei Game II (Japan)	sstitle	57	lossless
Game of Life, The - DX Jinsei Game III (Japan)	sstitle	57	lossless
Game of Life, The - DX Jinsei Game IV (Japan)	sstitle	57	lossless
Game of Life, The - DX Jinsei Game V (Japan)	sstitle	57	lossless
Gamera 2000 (Japan) (En,Ja)	sstitle	57	lossless
Ganbare Goemon - Kuru nara Koi! Ayashige Ikka no Kuroi Kage (Japan)	sstitle	57	lossless
Ganbare Goemon - Ooedo Daikaiten (Japan)	sstitle	57	lossless
Ganbare Goemon - Uchuu Kaizoku Akogingu (Japan)	sstitle	57	lossless
Ganbare Morikawa-kun 2-gou (Japan)	sstitle	57	lossless
Ganbare! Nippon! Olympic 2000 (Japan)	sstitle	57	lossless
Gangway Monsters (Japan)	sstitle	57	lossless
Ganso Family Mahjong (Japan)	sstitle	57	lossless
Ganso Family Mahjong 2 (Japan)	sstitle	57	lossless
Garou Densetsu - Wild Ambition (Japan, Asia)	sstitle	57	lossless
Gate Keepers (Japan) (Disc 1)	sstitle	57	lossless
Gauntlet Legends (USA)	sstitle	57	lossless
GeGeGe no Kitarou (Japan)	sstitle	57	lossless
GeGeGe no Kitarou - Gyakushuu! Youma Daikessen (Japan)	sstitle	57	lossless
Gear Fighter Dendoh (Japan)	sstitle	57	lossless
Geki-Oh - Shienryuu (Japan)	sstitle	57	lossless
Gekido - Urban Fighters (USA)	sstitle	57	lossless
Gekioh - Shooting King (USA)	sstitle	57	lossless
Gekiretsu Pachinkers (Japan)	sstitle	57	lossless
Gekisou Tomarunner (Japan)	sstitle	57	lossless
Gekisou!! Grand Racing - Total Drivin' (Japan)	sstitle	57	lossless
Gekitotsu Toma L'Arc - Tomarunner vs L'Arc-en-Ciel (Japan)	sstitle	57	lossless
Gekitotsu! Yonku Battle 4WD (Japan)	sstitle	57	lossless
Gekitou! Crush Gear Turbo (Japan)	sstitle	57	lossless
Gekka no Kishi - Ouryuusen (Japan)	sstitle	57	lossless
Gen'ei Tougi - Shadow Struggle (Japan)	sstitle	57	lossless
Genghis Khan - Aoki Ookami to Shiroki Mejika IV (Japan)	sstitle	57	lossless
Gensei Kyokou Seirei Kidoudan - Elemental Gearbolt (Japan, Asia)	sstitle	57	lossless
Gensou Maden Saiyuuki - Haruka naru Nishi e (Japan)	sstitle	57	lossless
Gensou Suiko Gaiden Vol. 1 - Harmonia no Kenshi (Japan)	sstitle	57	lossless
Gensou Suiko Gaiden Vol. 2 - Crystal Valley no Kettou (Japan)	sstitle	57	lossless
Gensou Suikoden (Japan)	sstitle	57	lossless
Gensou Suikoden II (Japan)	sstitle	57	lossless
Gensou no Artemis (Japan)	sstitle	57	lossless
Geom Cube (USA)	sstitle	57	lossless
Geometry Duel (Japan)	sstitle	57	lossless
Germs - Nerawareta Machi (Japan)	sstitle	57	lossless
GetBackers - Dakkan'ya (Japan)	sstitle	57	lossless
Getter Robo Daikessen! (Japan)	sstitle	57	lossless
Gex (USA)	sstitle	57	lossless
Gex - Enter the Gecko (USA)	sstitle	57	lossless
Gex 3 - Deep Cover Gecko (USA)	sstitle	57	lossless
Gex 3D - Enter the Gecko (Europe)	sstitle	57	lossless
Ghost in the Shell (USA)	sstitle	57	lossless
Ghoul Panic (Europe) (En,Fr,De,Es,It)	sstitle	57	lossless
Ginga Eiyuu Densetsu (Japan)	sstitle	57	lossless
Ginga Ojousama Densetsu Yuna - Final Edition (Japan)	sstitle	57	lossless
Gionbana (Japan)	sstitle	57	lossless
Gionbana 2 - Kanazawa Bunko-hen (Japan)	sstitle	57	lossless
Glint Glitters (Japan)	sstitle	57	lossless
Global Domination (Europe)	sstitle	57	lossless
Global Force - Shin Sentou Kokka (Japan)	sstitle	57	lossless
Glocal Hexcite (Japan)	sstitle	57	lossless
Glover (USA)	sstitle	57	lossless
Go Go I Land (Japan) (Disc 1)	sstitle	57	lossless
Go II Professional - Taikyoku Igo (Japan)	sstitle	57	lossless
Goal Storm '97 (USA)	lr-titles	57	lossless
Goal Storm (USA)	sstitle	57	lossless
Godzilla - Trading Battle (Japan)	sstitle	57	lossless
Goemon - Shin Sedai Shuumei (Japan)	sstitle	57	lossless
Goiken Muyou II (Japan) (En,Ja)	sstitle	57	lossless
Gokujou Parodius Da! Deluxe Pack (Japan)	sstitle	57	lossless
Gokuu Densetsu - Magic Beast Warriors (Japan)	sstitle	57	lossless
Gold and Glory - The Road to El Dorado (USA)	sstitle	57	lossless
Gold und Ruhm - Der Weg nach El Dorado (Germany)	sstitle	57	lossless
Golden Goal 98 (Europe) (En,Fr,De,Es,It)	sstitle	57	lossless
Golden Nugget (USA) (Disc 1)	sstitle	57	lossless
Goldie (Europe) (En,Fr,De,Nl)	sstitle	57	lossless
Golgo 13 Vol. 1 - Carlyle no Yabou (Japan) (En,Ja)	sstitle	57	lossless
Golgo 13 Vol. 2 - Mienai Guntai (Japan) (En,Ja)	sstitle	57	lossless
Goo! Goo! Soundy (Japan)	sstitle	57	lossless
Goo-Cho de Park - Theme Park Monogatari (Japan)	sstitle	57	lossless
Goryuujin + Electro (Japan)	sstitle	57	lossless
Gotha II - Tenkuu no Kishi (Japan)	sstitle	57	lossless
Gotouchi Hello Kitty Sugoroku Monogatari (Japan)	sstitle	57	lossless
Goujin Senki (Japan)	sstitle	57	lossless
Gouketsuji Ichizoku 2 - Chotto dake Saikyou Densetsu (Japan)	sstitle	57	lossless
Gourmet Action Game - Manpuku!! Nabe Kazoku (Japan)	sstitle	57	lossless
Grab des Pharao, Das (Germany)	sstitle	57	lossless
Gradius Deluxe Pack (Japan)	sstitle	57	lossless
Gradius Gaiden (Japan)	sstitle	57	lossless
Gran Turismo (USA)	sstitle	57	lossless
Gran Turismo 2 (USA) (Arcade Mode)	sstitle	57	lossless
Grand Slam (USA)	sstitle	57	lossless
Grand Theft Auto (USA)	sstitle	57	lossless
Grand Theft Auto - Mission Pack 1 - London 1969 (USA)	sstitle	57	lossless
Grand Theft Auto 2 (USA)	sstitle	57	lossless
Grande Fratello - Il Gioco (Italy)	sstitle	57	lossless
Grandia (USA) (Disc 1)	sstitle	57	lossless
Grandia - Prelude (Japan) (Demo 1)	sstitle	57	lossless
Granew-tou! Daibouken (Japan)	sstitle	57	lossless
Granstream Denki - The Granstream Saga (Japan)	sstitle	57	lossless
Granstream Saga, The (USA)	sstitle	57	lossless
Great Battle VI, The (Japan)	sstitle	57	lossless
Great Hits (Japan)	sstitle	57	lossless
Great Rugby Jikkyou '98 - World Cup e no Michi (Japan)	sstitle	57	lossless
Grid Run (Europe)	sstitle	57	lossless
Grid Runner (USA)	sstitle	57	lossless
Grille Logic (Japan)	sstitle	57	lossless
Grinch, The (USA) (En,Fr,Es)	sstitle	57	lossless
Grind Session (USA)	sstitle	57	lossless
Gritz - The Pyramid Adventure (Japan)	sstitle	57	lossless
Groove Adventure Rave - Mikan no Hiseki (Japan)	sstitle	57	lossless
Groove Adventure Rave - Yuukyuu no Kizuna (Japan)	sstitle	57	lossless
Groove Jigoku V - SweepStation Version (Japan)	sstitle	57	lossless
Ground Stroke - Advanced Tennis Game (Japan)	sstitle	57	lossless
Growlanser (Japan) (Disc 1)	sstitle	57	lossless
Grudge Warriors (USA)	sstitle	57	lossless
Guardian Recall - Shugojuu Shoukan (Japan) (Disc 1)	sstitle	57	lossless
Guardian of Darkness, The (Europe) (En,Fr,De,Es,It)	sstitle	57	lossless
Guardian's Crusade (USA)	sstitle	57	lossless
Gubble (USA)	sstitle	57	lossless
Guilty Gear (USA)	sstitle	57	lossless
Guitar Freaks (Japan)	sstitle	57	lossless
Guitar Freaks Append 2nd Mix (Japan)	sstitle	57	lossless
GunBullet (Japan)	sstitle	57	lossless
Gunbalina (Japan)	sstitle	57	lossless
Gunbare! Game Tengoku - The Game Paradise 2 (Japan)	sstitle	57	lossless
Gunbarl (Japan, Asia)	sstitle	57	lossless
Gunbird (Japan)	sstitle	57	lossless
Gundam 0079 - The War for Earth (Japan) (Disc 1)	sstitle	57	lossless
Gundam Battle Assault (USA)	sstitle	57	lossless
Gundam Battle Assault 2 (USA)	sstitle	57	lossless
Gundam the Battle Master (Japan, Asia)	sstitle	57	lossless
Gundam the Battle Master 2 (Japan, Asia)	sstitle	57	lossless
Gundress (Japan)	sstitle	57	lossless
Gunfighter - The Legend of Jesse James (USA)	sstitle	57	lossless
Gungage (Europe)	sstitle	57	lossless
Gungho Brigade (Japan)	sstitle	57	lossless
Gunners Heaven (Japan)	sstitle	57	lossless
Gunnm - Kasei no Kioku (Japan)	sstitle	57	lossless
Gunpey (Japan)	sstitle	57	lossless
Gunship (USA)	sstitle	57	lossless
Guntu - Western Front June, 1944 - Tetsu no Kioku (Japan)	sstitle	57	lossless
Gussun Oyoyo (Japan)	sstitle	57	lossless
Gussun Paradise (Japan)	sstitle	57	lossless
Guuguuthropus (Japan)	sstitle	57	lossless
Guy Roux Football Manager Saison 97-98 (France)	sstitle	57	lossless
Guy Roux Manager 2000 (France)	sstitle	57	lossless
Guy Roux Manager 2001 (France)	sstitle	57	lossless
Gyuwambler Jiko Chuushinha - Ippatsu Shoubu! (Japan)	sstitle	57	lossless
HBO Boxing (USA)	sstitle	57	lossless
Hacha Mecha Pon! (Japan)	sstitle	57	lossless
Haishin 2 (Japan)	sstitle	57	lossless
Hajime no Ippo - The Fighting! (Japan)	sstitle	57	lossless
Hakai-ou - King of Crusher (Japan)	sstitle	57	lossless
Hamster Club-i (Japan)	sstitle	57	lossless
Hamster Monogatari (Japan)	sstitle	57	lossless
Hamster no Odekake (Japan)	sstitle	57	lossless
Hamunaptra - Ushinawareta Sabaku no Miyako (Japan)	sstitle	57	lossless
Hana to Ryuu (Japan)	sstitle	57	lossless
Hanabi - Fantast (Japan)	sstitle	57	lossless
Hanafuda Graffiti - Koi Koi Monogatari (Japan)	sstitle	57	lossless
Hanafuda Real 3D (Japan)	sstitle	57	lossless
Happy Diet (Japan)	sstitle	57	lossless
Happy Hotel (Japan)	sstitle	57	lossless
Happy Jogging in Hawaii (Japan)	sstitle	57	lossless
Happy Salvage (Japan)	sstitle	57	lossless
Hard Blow (Japan)	sstitle	57	lossless
Hard Boiled (Europe)	sstitle	57	lossless
Hard Edge (Europe) (En,Fr,De)	sstitle	57	lossless
Hard Rock Cab (Japan)	sstitle	57	lossless
HardBall '99 (USA)	sstitle	57	lossless
HardBall 5 (USA)	sstitle	57	lossless
Hardcore 4x4 (Europe) (En,Fr,De)	sstitle	57	lossless
Harlem Beat - You're the One (Japan)	sstitle	57	lossless
Harmful Park (Japan)	sstitle	57	lossless
Harry Potter and the Chamber of Secrets (USA, Canada) (En,Fr,Es)	sstitle	57	lossless
Harry Potter and the Philosopher's Stone (Europe) (En,Fr,De)	sstitle	57	lossless
Harry Potter and the Sorcerer's Stone (USA) (En,Fr,Es)	sstitle	57	lossless
Harry Potter to Himitsu no Heya (Japan)	sstitle	57	lossless
Harry Potter to Kenja no Ishi (Japan)	sstitle	57	lossless
Harukanaru Toki no Naka de (Japan)	sstitle	57	lossless
Harukanaru Toki no Naka de - Banjou Yuugi (Japan)	sstitle	57	lossless
Harukaze Sentai V-Force (Japan) (Disc 1)	sstitle	57	lossless
Harvest Moon - Back to Nature (USA)	sstitle	57	lossless
Hashiriya - Ookamitachi no Densetsu (Japan)	sstitle	57	lossless
Hatsukoi Valentine (Japan)	sstitle	57	lossless
Hatsukoi Valentine Special (Japan)	sstitle	57	lossless
Haunted Junction - Seitokai Badge o Oe! (Japan)	sstitle	57	lossless
Heart of Darkness (USA) (Disc 1)	sstitle	57	lossless
Heaven's Gate (Japan)	sstitle	57	lossless
Hebereke's Popoitto (Europe)	sstitle	57	lossless
Heisa Byouin (Japan)	sstitle	57	lossless
Heiwa Pachinko Daisuki (Japan)	sstitle	57	lossless
Heiwa Pachinko Graffiti Vol. 2 (Japan)	sstitle	57	lossless
Heiwa Parlor! Pro - BunDori King SP (Japan)	sstitle	57	lossless
Heiwa Parlor! Pro - Dolphin Ring Special (Japan)	sstitle	57	lossless
Heiwa Parlor! Pro - Fujiko ni O-Ma-Ka-Se Special (Japan)	sstitle	57	lossless
Heiwa Parlor! Pro - Inakappe Taishou Special (Japan)	sstitle	57	lossless
Heiwa Parlor! Pro - Lupin Sansei Special (Japan)	sstitle	57	lossless
Heiwa Parlor! Pro - Tsunatori Special (Japan)	sstitle	57	lossless
Heiwa Parlor! Pro - Western Special (Japan)	sstitle	57	lossless
Heiwa, The - Otenki Studio (Japan)	sstitle	57	lossless
Helix - Fear Effect (Japan) (Disc 1)	sstitle	57	lossless
Hellboy - Asylum Seeker (USA)	sstitle	57	lossless
Hellnight (Europe) (En,Fr,De)	sstitle	57	lossless
Hello Charlie!! (Japan)	sstitle	57	lossless
Hello Kitty - Cube Frenzy (USA)	sstitle	57	lossless
Hello Kitty - White Present (Japan)	sstitle	57	lossless
Hello Kitty no Cube de Cute (Japan)	sstitle	57	lossless
Henry Explorers (Japan)	sstitle	57	lossless
Herc's Adventures (USA)	sstitle	57	lossless
Herkules (Europe) (En,De)	sstitle	57	lossless
Hermie Hopperhead - Scrap Panic (Japan)	sstitle	57	lossless
Heroine Dream (Japan)	sstitle	57	lossless
Heroine Dream 2 (Japan)	sstitle	57	lossless
Hexamoon Guardians (Japan) (Disc 1)	sstitle	57	lossless
Hexen (USA)	sstitle	57	lossless
Hi-Hou-Ou - Mou Omae to wa Kuchi Kikan!! (Japan)	sstitle	57	lossless
Hi-Octane - The Track Fights Back! (USA) (En,Fr,De,Es)	sstitle	57	lossless
Hidden & Dangerous (Europe) (En,Fr,De,Es,It)	sstitle	57	lossless
High Heat Baseball 2000 (USA)	sstitle	57	lossless
High Heat Major League Baseball 2002 (USA)	sstitle	57	lossless
High School of Blitz (Japan)	sstitle	57	lossless
Hikari no Shima - Seven Lithographs in Shining Island (Japan)	sstitle	57	lossless
Hikaru no Go - Heian Gensou Ibunroku (Japan)	sstitle	57	lossless
Hikaru no Go - Insei Choujou Kessen (Japan)	sstitle	57	lossless
Himiko-den - Renge (Japan) (Disc 1)	sstitle	57	lossless
Himitsu Kessha Q (Japan)	sstitle	57	lossless
Himitsu Sentai Metamor V Deluxe (Japan) (Disc 1)	sstitle	57	lossless
Hissatsu Pachi-Slot Station - Meoshi Ichiban (Japan)	sstitle	57	lossless
Hissatsu Pachi-Slot Station 2 - Bakuto! Joushiki Yaburi no 2 Types (Japan)	sstitle	57	lossless
Hissatsu Pachi-Slot Station 3 - Tetra Reel e no Chousen (Japan)	sstitle	57	lossless
Hissatsu Pachi-Slot Station 4 - New Pulsar R & Hot Rod Queen (Japan)	sstitle	57	lossless
Hissatsu Pachi-Slot Station 5 - Invaders 2000 (Japan)	sstitle	57	lossless
Hissatsu Pachi-Slot Station SP - Yamasa Best Choice (Japan)	sstitle	57	lossless
Hissatsu Pachi-Slot Station Special 2 - The Tetra (Japan)	sstitle	57	lossless
Hissatsu Pachinko Station (Japan)	sstitle	57	lossless
Hissatsu Pachinko Station - Monster House Special (Japan)	sstitle	57	lossless
Hissatsu Pachinko Station - Toyomaru Special (Japan)	sstitle	57	lossless
Hissatsu Pachinko Station 10 - EX Jack 2000 & Super Dragon (Japan)	sstitle	57	lossless
Hissatsu Pachinko Station 2 (Japan)	sstitle	57	lossless
Hissatsu Pachinko Station 3 - Genshijin ga Ippai (Japan)	sstitle	57	lossless
Hissatsu Pachinko Station 4 - Hero-tachi no Chousen (Japan)	sstitle	57	lossless
Hissatsu Pachinko Station 5 - Deramaitta & Irete Nanbo (Japan)	sstitle	57	lossless
Hissatsu Pachinko Station 6 - Gakideka & Jamaica (Japan)	sstitle	57	lossless
Hissatsu Pachinko Station 7 - CR Chumy House XL & CR Battle Hero V & Fine Play (Japan)	sstitle	57	lossless
Hissatsu Pachinko Station 8 - Kamashi no Kin-chan & Soreyuke Hama-chan (Japan)	sstitle	57	lossless
Hissatsu Pachinko Station 9 - Ushiwaka to Lemi (Japan)	sstitle	57	lossless
Hissatsu Pachinko Station Classic - Fukkatsu! Natsukashi no Meikitachi (Japan)	sstitle	57	lossless
Hissatsu Pachinko Station Classic 2 - Tsui ni yomigaeru!! Bakuretsu Meiki Fukkatsu (Japan)	lr-titles	57	lossless
Hissatsu Pachinko Station Now - Kore ga Ichiban!! Shin Pikaichi Tengoku (Japan)	sstitle	57	lossless
Hissatsu Pachinko Station Now 2 - Yatta ze Ippatsu Tsumo Tsumo Tengoku (Japan)	sstitle	57	lossless
Hissatsu Pachinko Station Now 3 - Youkai Engei (Japan)	sstitle	57	lossless
Hissatsu Pachinko Station Now 4 - Ore wa Nekketsu Bouken-ou da!! (Japan)	sstitle	57	lossless
Hissatsu Pachinko Station Now 5 - GeGeGe no Kitarou (Japan)	sstitle	57	lossless
Hissatsu Pachinko Station Now 6 - Shinsei!! Areddin 21 (Japan)	sstitle	57	lossless
Hissatsu Pachinko Station Now 7 - Magical Circus (Japan)	sstitle	57	lossless
Hissatsu Pachinko Station Now 8 - Jarinko Chie (Japan)	sstitle	57	lossless
Hissatsu Pachinko Station Now 9 - Dirty Pair (Japan)	sstitle	57	lossless
Hissatsu Pachinko Station Petit - Nanasy tte Nani (Japan)	sstitle	57	lossless
Hissatsu Pachinko Station Petit 2 - Areddin tte Great! (Japan)	sstitle	57	lossless
Hissatsu Pachinko Station SP3 (Japan)	sstitle	57	lossless
History of Kita Denshi (Japan)	sstitle	57	lossless
Hit Back (Japan)	sstitle	57	lossless
Hive Wars, The (Japan) (Disc 1)	sstitle	57	lossless
Hive, The (USA) (Disc 1)	sstitle	57	lossless
Hiza no Ue no Partner - Kitty on Your Lap (Japan)	sstitle	57	lossless
Hogs of War (USA)	sstitle	57	lossless
Hokuto no Ken (Japan)	sstitle	57	lossless
Hokuto no Ken - Seikimatsu Kyuuseishu Densetsu (Japan)	sstitle	57	lossless
Home Doctor (Japan)	sstitle	57	lossless
Honkaku 4-nin Uchi - Geinoujin Taikyoku Mahjong - The Wareme de Pon (Japan)	sstitle	57	lossless
Honkaku Hanafuda (Japan)	sstitle	57	lossless
Honkaku Igo (Japan)	sstitle	57	lossless
Honkaku Mahjong - Tetsuman Special (Japan)	sstitle	57	lossless
Honkaku Shougi - Shougi-ou (Japan)	sstitle	57	lossless
Honkaku Yonin Uchi Pro Mahjong - Mahjong-ou (Japan)	sstitle	57	lossless
Honkakuha Yonin Uchi - Mahjong Club (Japan)	sstitle	57	lossless
Honoo no Ryourinin - Cooking Fighter Hao (Japan)	sstitle	57	lossless
Hooters - Road Trip (USA)	sstitle	57	lossless
Horned Owl (Japan)	sstitle	57	lossless
Hoshi de Hakken!! Tamagotchi (Japan, Asia)	sstitle	57	lossless
Hoshi no Mahoroba (Japan)	sstitle	57	lossless
Hoshigami - Ruining Blue Earth (USA)	sstitle	57	lossless
Hoshinooka Gakuen Monogatari - Gakuensai (Japan)	sstitle	57	lossless
Hot Shot (Europe)	sstitle	57	lossless
Hot Shots Golf (USA)	sstitle	57	lossless
Hot Shots Golf 2 (USA)	sstitle	57	lossless
Hot Wheels - Extreme Racing (USA)	sstitle	57	lossless
Hot Wheels - Turbo Racing (USA)	sstitle	57	lossless
Houma Hunter Lime - Special Collection Vol. 1 (Japan)	sstitle	57	lossless
Houma Hunter Lime - Special Collection Vol. 2 (Japan)	sstitle	57	lossless
Houshin Engi (Japan)	sstitle	57	lossless
Houshin Engi - Aizouban (Japan)	lr-titles	57	lossless
Hugo (Europe)	sstitle	57	lossless
Hugo - Black Diamond Fever (Europe) (En,Sv,Fi)	sstitle	57	lossless
Hugo - Frog Fighter (Europe) (En,Fr,De,Es,It,Nl,Pt,Sv,No,Da,Fi)	sstitle	57	lossless
Hugo - The Evil Mirror (USA) (En,Es)	sstitle	57	lossless
Hugo - The Quest for the Sunstones (Europe) (Fr,Nl,Pl)	sstitle	57	lossless
Hugo 2 (Europe)	sstitle	57	lossless
Hunchback of Notredame (Europe)	sstitle	57	lossless
Hunter x Hunter - Maboroshi no Greed Island (Japan)	sstitle	57	lossless
Hunter x Hunter - Ubawareta Aura Stone (Japan)	sstitle	57	lossless
Hunter, The (Europe)	sstitle	57	lossless
Hyakujuu Sentai GaoRanger (Japan)	sstitle	57	lossless
Hybrid (Europe)	sstitle	57	lossless
Hydro Thunder (USA)	sstitle	57	lossless
Hyouryuuki - The Reportage Beyond the Sea (Japan)	sstitle	57	lossless
Hyper 3D Pinball (Japan)	sstitle	57	lossless
Hyper Crazy Climber (Japan)	sstitle	57	lossless
Hyper Formation Soccer (Japan)	sstitle	57	lossless
Hyper Olympic in Atlanta (Japan)	sstitle	57	lossless
Hyper Olympic in Nagano (Japan)	sstitle	57	lossless
Hyper Securities 2 (Japan)	sstitle	57	lossless
Hyper Tennis - Final Match (Europe)	sstitle	57	lossless
Hyper Value 2800 - Hanafuda (Japan)	sstitle	57	lossless
Hyper Value 2800 - Hyper Pachinko (Japan)	sstitle	57	lossless
Hyper Value 2800 - Mahjong (Japan)	sstitle	57	lossless
I'Max Shougi II (Japan)	sstitle	57	lossless
I.Q - Intelligent Qube (USA)	sstitle	57	lossless
I.Q Final (Japan)	sstitle	57	lossless
IHRA Drag Racing (USA)	sstitle	57	lossless
ISS Pro Evolution (USA)	sstitle	57	lossless
ISS Pro Evolution 2 (Europe) (Es,It)	sstitle	57	lossless
Ian Livingstone's Deathtrap Dungeon (USA)	sstitle	57	lossless
Iblard - Laputa no Kaeru Machi (Japan)	sstitle	57	lossless
Ichigeki - Hagane no Hito (Japan)	sstitle	57	lossless
Ide Yousuke Meijin no Shin Jissen Mahjong (Japan)	sstitle	57	lossless
Ide Yousuke no Mahjong Kazoku (Japan)	sstitle	57	lossless
Ide Yousuke no Mahjong Kyoushitsu (Japan)	sstitle	57	lossless
Idol Janshi Suchie-Pai II Limited (Japan) (Disc 1)	sstitle	57	lossless
Idol Janshi Suchie-Pai Limited (Japan)	sstitle	57	lossless
Idol Promotion - Suzuki Yumie (Japan)	sstitle	57	lossless
Ikasama Mahjong (Japan)	sstitle	57	lossless
Imadoki no Vampire - Bloody Bride (Japan)	sstitle	57	lossless
Impact Racing (USA)	sstitle	57	lossless
In Cold Blood (USA) (Disc 1)	sstitle	57	lossless
In the Hunt (USA)	sstitle	57	lossless
Inagawa Junji - Kyoufu no Yashiki (Japan)	sstitle	57	lossless
Inagawa Junji - Mayonaka no Taxi (Japan)	sstitle	57	lossless
Incredible Crisis (USA)	sstitle	57	lossless
Incredible Hulk, The - The Pantheon Saga (USA)	sstitle	57	lossless
Independence Day (USA)	sstitle	57	lossless
Indy 500 (Europe)	sstitle	57	lossless
Infestation (Europe) (En,Fr,De,Es,It,Nl)	sstitle	57	lossless
Infinity (Japan)	sstitle	57	lossless
Initial D (Japan)	sstitle	57	lossless
Inspector Gadget - Gadget's Crazy Maze (USA) (En,Fr,De,Es,It,Nl)	sstitle	57	lossless
Intellivision Classic Games (USA)	sstitle	57	lossless
International Cricket Captain 2000 (Europe)	sstitle	57	lossless
International Cricket Captain 2001 - Ashes Edition (Europe)	sstitle	57	lossless
International Cricket Captain 2002 (Europe)	sstitle	57	lossless
International Karate + (Europe)	sstitle	57	lossless
International Moto X (Europe) (En,Fr,De,Es,It,Nl)	sstitle	57	lossless
International Soccer - Excite Stage 2000 (Japan)	sstitle	57	lossless
International Superstar Soccer (Europe) (En,De)	sstitle	57	lossless
International Superstar Soccer Deluxe (Europe)	sstitle	57	lossless
International Superstar Soccer Pro '98 (USA) (En,Fr,De,Es,It)	sstitle	57	lossless
International Superstar Soccer Pro (Europe)	sstitle	57	lossless
International Track & Field (USA)	sstitle	57	lossless
International Track & Field 2 (Europe)	sstitle	57	lossless
International Track & Field 2000 (USA)	sstitle	57	lossless
Interplay Sports Baseball 2000 (USA)	sstitle	57	lossless
Inuyasha (Japan)	sstitle	57	lossless
Inuyasha - A Feudal Fairy Tale (USA)	sstitle	57	lossless
Invasion (Europe) (En,Fr,De,Es,It,Nl)	sstitle	57	lossless
Invasion from Beyond (USA)	sstitle	57	lossless
Ippatsu Gyakuten - Gamble King Densetsu (Japan)	sstitle	57	lossless
Irem Arcade Classics (Japan)	lr-titles	57	lossless
Iron Man & X-O Manowar in Heavy Metal (USA)	sstitle	57	lossless
Iron Soldier 3 (USA)	sstitle	57	lossless
Irritating Stick (USA)	sstitle	57	lossless
Iru! (Japan)	sstitle	57	lossless
Ishin no Arashi (Japan)	sstitle	57	lossless
Ishin no Arashi - Bakumatsu Shishiden (Japan)	sstitle	57	lossless
Itadaki Street - Gorgeous King (Japan)	sstitle	57	lossless
Italian Job, The (USA)	sstitle	57	lossless
Itsuka, Kasanariau Ashita e - Sayuri-hen (Japan)	sstitle	57	lossless
Itsuka, Kasanariau Ashita e - Shirou-hen (Japan)	sstitle	57	lossless
Iwatobi Penguin Rocky x Hopper (Japan)	sstitle	57	lossless
Iwatobi Penguin Rocky x Hopper 2 - Tantei Monogatari (Japan)	sstitle	57	lossless
Iznogoud (Europe) (En,Fr,De,It,Nl)	sstitle	57	lossless
J's Racin' (Japan)	sstitle	57	lossless
J. B. Harold - Blue Chicago Blues (Japan) (Disc 1)	sstitle	57	lossless
J.League Jikkyou Winning Eleven '98-'99 (Japan)	sstitle	57	lossless
J.League Jikkyou Winning Eleven (Japan)	sstitle	57	lossless
J.League Jikkyou Winning Eleven 2000 (Japan)	sstitle	57	lossless
J.League Jikkyou Winning Eleven 2000 2nd (Japan)	sstitle	57	lossless
J.League Jikkyou Winning Eleven 2001 (Japan)	sstitle	57	lossless
J.League Jikkyou Winning Eleven 3 (Japan)	sstitle	57	lossless
J.League Soccer - Jikkyou Survival League (Japan)	sstitle	57	lossless
J.League Soccer - Prime Goal EX (Japan)	lr-titles	57	lossless
J.League Virtual Stadium '96 (Japan)	sstitle	57	lossless
JGTC - All Japan Grand Touring Car Championship (Japan)	sstitle	57	lossless
Jackie Chan Stuntmaster (USA)	sstitle	57	lossless
Jade Cocoon - La Leggenda del Tamamayu (Italy)	sstitle	57	lossless
Jade Cocoon - La Leyenda de Tamamayu (Spain)	sstitle	57	lossless
Jade Cocoon - Story of the Tamamayu (USA)	sstitle	57	lossless
JailBreaker (Japan) (Disc 1)	sstitle	57	lossless
Jaleco Collection Vol. 1 (Japan)	sstitle	57	lossless
Jang Jang Koi Shimashow - Lovely Pop 2 in 1 (Japan)	sstitle	57	lossless
Jang Jang Koi Shimashow Separate 1 - Jang Jang Shimashow (Japan)	sstitle	57	lossless
Jang Jang Koi Shimashow Separate 2 - Koi Koi Shimashow (Japan)	sstitle	57	lossless
Janhai Yuugi '99 - Tanuki no Kawazanyou (Japan)	sstitle	57	lossless
Jarrett & Labonte Stock Car Racing (USA)	sstitle	57	lossless
Jeff Wayne's The War of the Worlds (Europe)	sstitle	57	lossless
Jellyfish - The Healing Friend (Japan)	sstitle	57	lossless
Jeopardy! (USA)	sstitle	57	lossless
Jeopardy! 2nd Edition (USA)	sstitle	57	lossless
Jeremy McGrath Supercross 2000 (USA)	sstitle	57	lossless
Jeremy McGrath Supercross 98 (USA)	sstitle	57	lossless
Jersey Devil (USA)	sstitle	57	lossless
Jersey Devil no Daibouken (Japan)	sstitle	57	lossless
Jet Ace (Europe)	sstitle	57	lossless
Jet Copter X (Japan)	sstitle	57	lossless
Jet Moto '98 (Japan)	sstitle	57	lossless
Jet Moto (USA)	sstitle	57	lossless
Jet Moto 2 (USA)	sstitle	57	lossless
Jet Moto 3 (USA)	sstitle	57	lossless
Jet Rider (Europe)	sstitle	57	lossless
Jet Rider 2 (Europe)	sstitle	57	lossless
Jet de Go! Let's Go by Airliner (Japan)	sstitle	57	lossless
Jetracer (Europe) (En,Fr,De)	sstitle	57	lossless
Jewel Bem Hunter Lime with Paint Maker (Japan)	sstitle	57	lossless
Jigoku Sensei Nube (Japan)	sstitle	57	lossless
Jigsaw Island - Japan Graffiti (Japan)	sstitle	57	lossless
Jigsaw Madness (USA)	sstitle	57	lossless
Jigsaw World (Japan)	lr-titles	57	lossless
Jikki Pachi-Slot Tettei Kouryaku - Speed-CR Kinkakuji 3 (Japan)	lr-titles	57	lossless
Jikki Pachi-Slot Tettei Kouryaku - Yamasa Collection (Japan)	sstitle	57	lossless
Jikkyou American Baseball (Japan)	sstitle	57	lossless
Jikkyou American Baseball 2 (Japan)	sstitle	57	lossless
Jikkyou Golf Master 2000 (Japan)	sstitle	57	lossless
Jikkyou J.League 1999 - Perfect Striker (Japan)	sstitle	57	lossless
Jikkyou Kyousouba Ikusei Simulation Game - Breeding Stud '99 (Japan)	sstitle	57	lossless
Jikkyou Oshaberi Parodius - Forever with Me (Japan)	sstitle	57	lossless
Jikkyou Powerful Pro Yakyuu '95 (Japan)	sstitle	57	lossless
Jikkyou Powerful Pro Yakyuu '95 - Kaimakuban (Japan)	sstitle	57	lossless
Jikkyou Powerful Pro Yakyuu '97 - Kaimakuban (Japan)	sstitle	57	lossless
Jikkyou Powerful Pro Yakyuu '98 - Kaimakuban (Japan)	sstitle	57	lossless
Jikkyou Powerful Pro Yakyuu '98 - Ketteiban (Japan)	sstitle	57	lossless
Jikkyou Powerful Pro Yakyuu '99 - Kaimakuban (Japan)	sstitle	57	lossless
Jikkyou Powerful Pro Yakyuu '99 - Ketteiban (Japan)	sstitle	57	lossless
Jikkyou Powerful Pro Yakyuu - Premium-ban (Japan)	sstitle	57	lossless
Jikkyou Powerful Pro Yakyuu 2000 - Kaimakuban (Japan)	sstitle	57	lossless
Jikkyou Powerful Pro Yakyuu 2000 - Ketteiban (Japan)	sstitle	57	lossless
Jikkyou Powerful Pro Yakyuu 2001 (Japan)	sstitle	57	lossless
Jikkyou Powerful Pro Yakyuu 2001 - Ketteiban (Japan)	sstitle	57	lossless
Jikkyou Powerful Pro Yakyuu 2002 - Haru (Japan)	sstitle	57	lossless
Jikuu Tantei DD - Maboroshi no Lorelei (Japan) (Disc 1)	sstitle	57	lossless
Jikuu Tantei DD 2 - Hangyaku no Apsalar (Japan) (Disc 1)	sstitle	57	lossless
Jim Henson's Bear in the Big Blue House (USA)	sstitle	57	lossless
Jim Henson's The Hoobs (Europe)	sstitle	57	lossless
Jimmy Johnson's VR Football '98 (USA)	sstitle	57	lossless
Jimmy White's 2 - Cueball (USA)	sstitle	57	lossless
Jinx (Europe) (En,Fr,De,Es,It)	sstitle	57	lossless
Jishaku de Tonjau! Phix no Daibouken (Japan)	sstitle	57	lossless
Jissen Pachi-Slot Hisshouhou! 5 (Japan)	sstitle	57	lossless
Jissen Pachi-Slot Hisshouhou! Disc Up (Japan)	sstitle	57	lossless
Jissen Pachi-Slot Hisshouhou! Sammy Revolution (Japan)	sstitle	57	lossless
Jissen Pachi-Slot Hisshouhou! Sammy Revolution 2 (Japan)	sstitle	57	lossless
Jissen Pachi-Slot Hisshouhou! Single - Epsilon R (Japan)	sstitle	57	lossless
Jissen Pachi-Slot Hisshouhou! Single - Kamen Rider & Gallop (Japan) (Disc 1) (Kamen Rider)	sstitle	57	lossless
Jissen Pachi-Slot Hisshouhou! Single - Kamen Rider V3 (Japan)	sstitle	57	lossless
Jissen Pachi-Slot Hisshouhou! Single - Kung-Fu Lady (Japan)	sstitle	57	lossless
Jissen Pachi-Slot Hisshouhou! Single - Sea Master X (Japan)	sstitle	57	lossless
Jissen Pachi-Slot Hisshouhou! Single - Super Star Dust 2 (Japan)	sstitle	57	lossless
Jissen Pachi-Slot Hisshouhou! Single - The Kongdom (Japan)	sstitle	57	lossless
Jitsumei Jikkyou Keiba - Dream Classic (Japan)	sstitle	57	lossless
JoJo's Bizarre Adventure (USA)	sstitle	57	lossless
Jockey Zero (Japan)	sstitle	57	lossless
Johnny Bazookatone (USA)	sstitle	57	lossless
Jojo no Kimyou na Bouken (Japan)	sstitle	57	lossless
Jonah Lomu Rugby (Europe) (En,De,Es,It)	sstitle	57	lossless
Joshikousei no Houkago... Pukunpa (Japan)	sstitle	57	lossless
Jouki Kikansha Unten Simulation - SL de Ikou! (Japan)	sstitle	57	lossless
Jouki Kikansha Unten Simulation - SL de Ikou! II (Japan)	sstitle	57	lossless
Jounetsu Nekketsu Athletes - Nakimushi Coach no Diary (Japan)	sstitle	57	lossless
Judge Dredd (USA)	sstitle	57	lossless
Juega con los Teletubbies (Spain)	sstitle	57	lossless
Juggernaut (USA) (Disc 1)	sstitle	57	lossless
Juggernaut - Senritsu no Tobira (Japan) (Disc 1)	sstitle	57	lossless
JumpStart Wildlife Safari - Field Trip (USA)	sstitle	57	lossless
Jumping Flash! (USA)	sstitle	57	lossless
Jumping Flash! 2 (USA)	sstitle	57	lossless
Jumping Flash! 2 - Aloha Danshaku Ooyowari no Maki (Japan)	sstitle	57	lossless
Jumping Flash! Aloha Danshaku Funky Daisakusen no Maki (Japan)	sstitle	57	lossless
Junclassic C.C. & Rope Club (Japan)	sstitle	57	lossless
Jungle Park (Japan)	sstitle	57	lossless
Junior Sports Football (Europe)	sstitle	57	lossless
Junjou de Karen - Meymay Kishidan - Spectral Force Seishoujo Gaiden (Japan)	sstitle	57	lossless
Jupiter Strike (USA)	sstitle	57	lossless
K-1 Grand Prix (USA)	sstitle	57	lossless
K-1 Ouja ni Narou! King of Kings (Japan)	sstitle	57	lossless
K-1 Revenge (USA)	sstitle	57	lossless
K-1 The Arena Fighters (USA)	sstitle	57	lossless
K-1 World Grand Prix 2001 - Kaimakuban (Japan)	sstitle	57	lossless
K.O. - The Live Boxing (Japan)	sstitle	57	lossless
KISS Pinball (USA)	sstitle	57	lossless
KKND Krossfire (Europe)	sstitle	57	lossless
Kaeru no Ehon - Nakushita Kioku o Motomete (Japan)	sstitle	57	lossless
Kaette Kita Cyborg Kuro-chan (Japan)	sstitle	57	lossless
Kaette Kita Pachio-kun - Dream Collection (Japan)	sstitle	57	lossless
Kagayaku Kisetsu e (Japan) (Disc 1) (Shokai Genteiban)	sstitle	57	lossless
Kagero - Deception II (USA)	sstitle	57	lossless
Kagero - Kokumeikan Shinshou (Japan)	sstitle	57	lossless
Kahen Soukou Gunbike - Speed Power Gunbike (Japan)	sstitle	57	lossless
Kaibutsu Para-Dice - Monster Paradise (Japan)	sstitle	57	lossless
Kaijuu Senki (Japan)	sstitle	57	lossless
Kaikan Phrase - Datenshi Kourin (Japan)	sstitle	57	lossless
Kain the Vampire (Japan)	sstitle	57	lossless
Kaishin!! Derby Analyst (Japan)	sstitle	57	lossless
Kaisoku Tenshi - The Rapid Angel (Japan)	sstitle	57	lossless
Kaitei Daisensou - In the Hunt (Japan)	sstitle	57	lossless
Kaitou Apricot (Japan)	sstitle	57	lossless
Kaitou Ranma Miyabi (Japan)	sstitle	57	lossless
Kakinoki Shougi (Japan)	sstitle	57	lossless
Kakinoki Shougi II (Japan)	sstitle	57	lossless
Kakuge Yarou - Fighting Game Creator (Japan)	sstitle	57	lossless
Kakugo no Susume (Japan)	sstitle	57	lossless
Kamen Rider (Japan)	sstitle	57	lossless
Kamen Rider Agito (Japan)	sstitle	57	lossless
Kamen Rider Kuuga (Japan)	sstitle	57	lossless
Kamen Rider Ryuuki (Japan)	sstitle	57	lossless
Kamen Rider V3 (Japan)	sstitle	57	lossless
Kanazawa Shougi '95 (Japan)	sstitle	57	lossless
Kanazawa Shougi - Tsuki (Japan)	sstitle	57	lossless
Kart Challenge (Europe) (En,Fr,De,It)	sstitle	57	lossless
Kartia - The Word of Fate (USA)	sstitle	57	lossless
Karyuujou (Japan) (Disc 1) (Ryuu Hangan Hen)	sstitle	57	lossless
Kasei Monogatari (Japan)	sstitle	57	lossless
Katou Hifumi Kudan - Shougi Club (Japan)	sstitle	57	lossless
Kattobi Tune (Japan)	sstitle	57	lossless
Katze von Schroedinger, Die (Japan)	sstitle	57	lossless
Kawa no Nushi-tsuri - Hikyou o Motomete (Japan)	sstitle	57	lossless
Kaze no Klonoa - Door to Phantomile (Japan)	sstitle	57	lossless
Kaze no Oka Kouen Nite (Japan)	sstitle	57	lossless
Keiba Eight '98 Aki Fuyu (Japan)	sstitle	57	lossless
Keiba Eight '98 Haru Natsu (Japan)	sstitle	57	lossless
Keiba Eight '99 Haru Natsu (Japan)	sstitle	57	lossless
Keiba Saishou no Housoku '95 (Japan)	sstitle	57	lossless
Keiba Saishou no Housoku '96 Vol. 1 (Japan)	sstitle	57	lossless
Keiba Saishou no Housoku '96 Vol. 2 - GI-Road (Japan)	sstitle	57	lossless
Keiba Saishou no Housoku '97 Vol. 1 - Nerae! Manbaken! (Japan)	sstitle	57	lossless
Keiba Saishou no Housoku '97 Vol. II - To Hit (Japan)	sstitle	57	lossless
Keiba Saishou no Housoku '99 Shuutou (Japan)	sstitle	57	lossless
Keitai Eddy (Japan)	sstitle	57	lossless
Kekkon - Marriage (Japan)	sstitle	57	lossless
Kellogg Original Waku Waku Doki Doki Ninki Game Chara Daishuugou! (Japan)	sstitle	57	lossless
Kenkaku Ibunroku - Yomigaerishi Souku no Yaiba - Samurai Spirits Shinshou (Japan, Asia)	lr-titles	57	lossless
Kenki Ippatsu! Crane Master ni Narou! (Japan)	sstitle	57	lossless
Kenki Ippatsu! Shovel Master ni Narou! (Japan)	sstitle	57	lossless
Kensei - Sacred Fist (USA)	sstitle	57	lossless
Kensei - The King of Boxing (Japan)	sstitle	57	lossless
Kensetsu Kikai Simulator - Kenki Ippai! (Japan)	lr-titles	57	lossless
Kenshou Akou Jiken - Chuushingura - Rekishi Adventure (Japan)	sstitle	57	lossless
Kero Kero King (Japan)	sstitle	57	lossless
Khamrai (Japan)	sstitle	57	lossless
Kick Off World (Europe) (Es,Nl)	sstitle	57	lossless
Kickboxing (USA)	sstitle	57	lossless
Kickboxing Knockout (Europe)	sstitle	57	lossless
Kid Clown no Crazy Chase 2 - Love Love Honey Soudatsusen (Japan)	sstitle	57	lossless
Kid Mix Section - Character Collection (Japan)	sstitle	57	lossless
Kidou Senshi Gundam - Gihren no Yabou - Zeon no Keifu (Japan, Asia) (Disc 1) (Earth Federation Disc)	sstitle	57	lossless
Kidou Senshi Gundam - Gihren no Yabou - Zeon no Keifu - Kouryaku Shireisho (Japan)	sstitle	57	lossless
Kids Station - Asobou! Hanasou! Guru Guru Town Hanamaru-kun (Japan)	sstitle	57	lossless
Kids Station - Barbapapa (Japan)	sstitle	57	lossless
Kids Station - Bishoujo Senshi Sailor Moon World - Chibiusa to Tanoshii Mainichi (Japan)	sstitle	57	lossless
Kids Station - Bokura to Asobou! Ultraman TV (Japan)	sstitle	57	lossless
Kids Station - Crayon Shin-chan - Ora to Omoide Tsukuru zo! (Japan)	sstitle	57	lossless
Kids Station - Digimon Park (Japan)	sstitle	57	lossless
Kids Station - Doraemon - Himitsu no Yojigen Pocket (Japan)	sstitle	57	lossless
Kids Station - Hello Kitty no Oshaberi ABC (Japan)	sstitle	57	lossless
Kids Station - Hello Kitty no Oshaberi Town (Japan)	sstitle	57	lossless
Kids Station - Hello Kitty no Ouchi e Oide yo! (Japan)	sstitle	57	lossless
Kids Station - Hello Kitty to Album Nikki o Tsukurimasho! (Japan)	sstitle	57	lossless
Kids Station - Hitori de Dekiru mon! (Japan)	sstitle	57	lossless
Kids Station - Kamen Rider Heroes (Japan)	sstitle	57	lossless
Kids Station - Kikansha Thomas to Nakamatachi (Japan)	sstitle	57	lossless
Kids Station - Kuma no Pooh-san - Mori no Kyoushitsu (Japan)	sstitle	57	lossless
Kids Station - Kuma no Pooh-san - Mori no Nakama to 1, 2, 3 (Japan)	sstitle	57	lossless
Kids Station - LEGO no Sekai (Japan)	sstitle	57	lossless
Kids Station - Magical Music - Eigo de One, Two, Three! (Japan) (En,Ja)	sstitle	57	lossless
Kids Station - Mickey & Minnie no Magical Kitchen (Japan) (En,Ja)	lr-titles	57	lossless
Kids Station - Mickey to Nakamatachi - Kazu Asobi Iro Iro (Japan)	sstitle	57	lossless
Kids Station - Mini-Moni. ni Naru no da Pyon! (Japan)	sstitle	57	lossless
Kids Station - Motto! Oja Majo DoReMi - Maho-dou Smile Party (Japan)	sstitle	57	lossless
Kids Station - Oja Majo DoReMi - Maho-dou Dance Carnival! (Japan)	sstitle	57	lossless
Kids Station - Oja Majo DoReMi Dokkan! Maho-dou Eigo Festival (Japan)	sstitle	57	lossless
Kids Station - Oshaberi Oekaki - Kikansha Thomas to Nakamatachi (Japan)	sstitle	57	lossless
Kids Station - Oshaberi Oekaki - Soreike! Anpanman (Japan)	sstitle	57	lossless
Kids Station - Plarail - Tetsudou Monoshiri Hyakka (Japan)	sstitle	57	lossless
Kids Station - Ponkickies 21 - Game no Omocha-bako (Japan)	sstitle	57	lossless
Kids Station - Soreike! Anpanman (Japan)	sstitle	57	lossless
Kids Station - Soreike! Anpanman 2 - Anpanman to Daibouken! (Japan)	sstitle	57	lossless
Kids Station - Soreike! Anpanman 3 - Sugoroku Anpanman (Japan)	sstitle	57	lossless
Kids Station - Ugoku Tomica Zukan (Japan)	sstitle	57	lossless
Kids Station - Ultraman Cosmos - Yuusha no Chikai (Japan)	sstitle	57	lossless
Kids Station - Unten Daisuki - Doki Doki - Norimono Daibouken (Japan)	sstitle	57	lossless
Kids Station - Yancharu Moncha (Japan)	sstitle	57	lossless
Kiganjou (Japan)	sstitle	57	lossless
Kikuni Masahiko Jirushi - Warau Fukei-san Pachi-Slot Hunter (Japan)	sstitle	57	lossless
Kileak - The Blood (Europe)	sstitle	57	lossless
Kileak - The DNA Imperative (USA)	sstitle	57	lossless
Kileak, The Blood 2 - Reason in Madness (Japan)	sstitle	57	lossless
Killer Bass (Japan)	sstitle	57	lossless
Killer Loop (USA)	sstitle	57	lossless
Killing Time (USA) (Proto) (1997-04-29)	sstitle	57	lossless
Killing Zone (USA)	sstitle	57	lossless
Kimagure My Baby - Musume no Sugoroku Seichouki (Japan)	sstitle	57	lossless
Kimero!! Hero Gakuen - Eiyuu ni Kotae Nashi (Japan)	sstitle	57	lossless
Kimi ni Steady (Japan)	sstitle	57	lossless
Kimi no Kimochi, Boku no Kokoro - I've Possessed Your Body! (Japan)	sstitle	57	lossless
Kindaichi Shounen no Jikenbo - Hihou-tou Arata naru Sangeki (Japan)	sstitle	57	lossless
Kindaichi Shounen no Jikenbo - Jigoku Yuuen Satsujin Jiken (Japan) (Disc 1)	sstitle	57	lossless
Kindaichi Shounen no Jikenbo 3 - Seiryuu Densetsu Satsujin Jiken (Japan) (Disc 1)	sstitle	57	lossless
King of Bowling (Japan)	sstitle	57	lossless
King of Bowling 2 (Europe)	sstitle	57	lossless
King of Bowling 2 - Professional-hen (Japan)	sstitle	57	lossless
King of Bowling 3 (Europe)	sstitle	57	lossless
King of Fighters '95, The (USA)	sstitle	57	lossless
King of Fighters '96, The (Japan, Asia)	sstitle	57	lossless
King of Fighters '97, The (Japan)	sstitle	57	lossless
King of Fighters '98, The - Dream Match Never Ends (Japan)	sstitle	57	lossless
King of Fighters '99, The (USA)	sstitle	57	lossless
King of Fighters Kyou, The (Japan)	sstitle	57	lossless
King of Parlor (Japan)	sstitle	57	lossless
King of Parlor 2 (Japan)	sstitle	57	lossless
King of Producer (Japan)	sstitle	57	lossless
King of Stallion (Japan)	sstitle	57	lossless
King's Field (USA)	sstitle	57	lossless
King's Field II (USA)	sstitle	57	lossless
King's Field III (Japan)	sstitle	57	lossless
King's Field III - Pilot Style (Japan)	sstitle	57	lossless
Kingsley's Adventure (USA)	sstitle	57	lossless
Kinniku Banzuke - Road to Sasuke (Japan)	sstitle	57	lossless
Kinniku Banzuke Vol. 1 - Ore ga Saikyou no Otoko da! (Japan)	sstitle	57	lossless
Kinniku Banzuke Vol. 2 - Arata naru Genkai e no Chousen! (Japan)	sstitle	57	lossless
Kinniku Banzuke Vol. 3 - Saikyou no Challenger Tanjou! (Japan)	sstitle	57	lossless
Kirikou (Europe) (En,Fr,De)	sstitle	57	lossless
Kisha de Go! (Japan)	sstitle	57	lossless
Kita Denshi - Virtua Pachi-Slot (Japan)	sstitle	57	lossless
Kita Denshi - Virtua Pachi-Slot 2 (Japan)	sstitle	57	lossless
Kitchen Panic (Japan)	sstitle	57	lossless
Kitty the Kool! Kabuki de Tanoshiku Odotte ne!! (Japan)	sstitle	57	lossless
Kiwame Daidougi - Tsumuya Tsumazaruya (Japan)	sstitle	57	lossless
Kizuna toyuu Na no Pendant with Toybox Stories (Japan) (Disc 1)	sstitle	57	lossless
Klaymen Gun-Hockey (Japan)	sstitle	57	lossless
Klaymen Klaymen - Neverhood no Nazo (Japan)	sstitle	57	lossless
Klaymen Klaymen 2 - Skullmonkey no Gyakushuu (Japan)	sstitle	57	lossless
Klonoa - Door to Phantomile (USA)	sstitle	57	lossless
Klonoa Beach Volley - Saikyou Team Ketteisen! (Japan, Asia)	sstitle	57	lossless
Klonoa Beach Volleyball (Europe) (En,Fr,De,Es,It)	sstitle	57	lossless
Knight & Baby (Japan)	sstitle	57	lossless
Knockout Kings (USA)	sstitle	57	lossless
Knockout Kings 2000 (USA)	sstitle	57	lossless
Knockout Kings 2001 (USA)	sstitle	57	lossless
Knockout Kings 99 (Europe)	sstitle	57	lossless
Kochira Katsushika-ku Kameari Kouen-mae Hashutsujo - High-Tech Buil Shinkou Soshi Sakusen! no Maki (Japan)	sstitle	57	lossless
Kogepan - Pan mo Game o Yarurashii... (Japan)	sstitle	57	lossless
Koiyohou (Japan)	sstitle	57	lossless
Kojima Takeo - Mahjong Teiou (Japan)	sstitle	57	lossless
Kojin Kyouju - La Lecon Particuliere (Japan)	sstitle	57	lossless
Koko Hore! Pukka (Japan)	sstitle	57	lossless
Kokumeikan (Japan)	sstitle	57	lossless
Komotchi (Japan)	sstitle	57	lossless
Kon'ya mo Dorubako!! (Japan)	sstitle	57	lossless
Kon'ya mo Dorubako!! 2000 (Japan)	sstitle	57	lossless
Kon'ya mo Dorubako!! 2001 (Japan)	sstitle	57	lossless
Konami 80's Arcade Gallery (Japan)	sstitle	57	lossless
Konami Antiques - MSX Collection Vol. 1 (Japan)	sstitle	57	lossless
Konami Antiques - MSX Collection Vol. 2 (Japan)	sstitle	57	lossless
Konami Antiques - MSX Collection Vol. 3 (Japan, Asia)	sstitle	57	lossless
Konami Arcade Classics (USA)	sstitle	57	lossless
Konami Open Golf (Europe)	sstitle	57	lossless
Koneko mo Issho (Japan)	sstitle	57	lossless
Konohana - TrueReport (Japan)	sstitle	57	lossless
KoroKoro Post nin (Japan)	sstitle	57	lossless
Kosodate Quiz Motto My Angel (Japan)	sstitle	57	lossless
Kosodate Quiz My Angel (Japan)	sstitle	57	lossless
Koten Tsumego-shuu - Shijin no Maki (Japan)	sstitle	57	lossless
Kotobuki Grand Prix (Europe)	sstitle	57	lossless
Kotobuki Grand Prix - Mezase! Genchari King (Japan)	sstitle	57	lossless
Koudelka (USA) (Disc 1)	sstitle	57	lossless
Koukai Sarenakatta Shuki (Japan)	sstitle	57	lossless
Koukidou Gensou - Gunparade March (Japan)	sstitle	57	lossless
Koukyaku Kikou Shidan - Bein Panzer (Japan)	sstitle	57	lossless
Kouni Shougun (Japan)	sstitle	57	lossless
Kouryuu Sangoku Engi (Japan)	sstitle	57	lossless
Kouryuuki (Japan)	sstitle	57	lossless
Koushien V (Japan)	sstitle	57	lossless
Koutetsu Reiiki - Steeldom (Japan)	sstitle	57	lossless
Kouyasai - A Sherd of Youthful Memories (Japan)	sstitle	57	lossless
Kowai Shashin - Shinrei Shashin Kitan (Japan)	sstitle	57	lossless
Kowloon's Gate - Kowloon Fuusuiden (Japan) (Disc 1) (Byakko)	sstitle	57	lossless
Kowloon-jou (Japan)	sstitle	57	lossless
Krazy Ivan (USA)	sstitle	57	lossless
Kula World (Europe)	sstitle	57	lossless
KulaQuest (Japan)	sstitle	57	lossless
Kuma no Pooh-tarou - Sora wa Pink da! Zen'in Shuugou!! (Japan)	sstitle	57	lossless
Kumitate Battle Kuttu Ketto (Japan)	sstitle	57	lossless
Kunoichi Torimonochou (Japan)	sstitle	57	lossless
Kuon no Kizuna (Japan)	sstitle	57	lossless
Kuro no Juusan (Japan)	sstitle	57	lossless
Kuro no Ken - Blade of the Darkness (Japan)	sstitle	57	lossless
Kuroi Hitomi no Noir - Cielgris Fantasm (Japan)	sstitle	57	lossless
Kurt Warner's Arena Football Unleashed (USA)	sstitle	57	lossless
Kuru Kuru Cube (Japan)	sstitle	57	lossless
Kuru Kuru Maru Maru (Japan)	sstitle	57	lossless
Kuru Kuru Panic (Japan)	sstitle	57	lossless
Kuru Kuru Twinkle - Onegai Ohoshi-sama (Japan)	sstitle	57	lossless
Kurumi Miracle (Japan)	sstitle	57	lossless
Kururin Pa! (Japan)	sstitle	57	lossless
Kurushi Final (Europe)	sstitle	57	lossless
Kuubo Senki (Japan)	lr-titles	57	lossless
Kyaiin no Tanoshi Mail - PS. I Love You (Japan)	lr-titles	57	lossless
Kyoro-chan no Prikura Daisakusen (Japan)	sstitle	57	lossless
Kyoto Maiko Monogatari (Japan)	sstitle	57	lossless
Kyoufu Shinbun (Japan)	sstitle	57	lossless
Kyousouba Ikusei Simulation - Derby Stallion (Japan)	sstitle	57	lossless
Kyousouba Ikusei Simulation - Derby Stallion 99 (Japan)	sstitle	57	lossless
Kyoutei Wars Makuru 6 (Japan)	sstitle	57	lossless
Kyuiin (Japan)	sstitle	57	lossless
Kyuu-bakku (Japan)	sstitle	57	lossless
Kyuukyoku no Soukoban (Japan)	sstitle	57	lossless
Kyuutenkai (Japan)	sstitle	57	lossless
L no Kisetsu - A Piece of Memories (Japan)	sstitle	57	lossless
LEGO Insel 2 - Der Steinbrecher kehrt zurueck (Germany)	sstitle	57	lossless
LEGO Island 2 - The Brickster's Revenge (USA)	sstitle	57	lossless
LEGO Isola 2 - La Rivincita del Briccone (Italy)	sstitle	57	lossless
LEGO Racers (USA) (En,Fr,De,Es,It,Nl,Sv,No,Da,Fi)	sstitle	57	lossless
LEGO Rock Raiders (USA)	sstitle	57	lossless
LMA Manager (Europe)	sstitle	57	lossless
LMA Manager 2001 (Europe)	sstitle	57	lossless
LMA Manager 2002 (Europe)	sstitle	57	lossless
LNF Stars 2001 (France)	sstitle	57	lossless
LSD - Dream Emulator (Japan)	sstitle	57	lossless
Lady Maid (Japan)	sstitle	57	lossless
Lagnacure (Japan, Asia)	sstitle	57	lossless
Lagnacure Legend (Japan)	sstitle	57	lossless
Lake Masters (Japan)	sstitle	57	lossless
Lake Masters 2 - Bass Fishing in Japan (Japan)	sstitle	57	lossless
Lake Masters Pro - Nihon Juudan Kuromasu Kikou (Japan)	sstitle	57	lossless
Land Before Time, The - Big Water Adventure (USA)	sstitle	57	lossless
Land Before Time, The - Great Valley Racing Adventure (USA)	sstitle	57	lossless
Land Before Time, The - Racing Adventure (Europe) (En,Fr,De,Es,It)	sstitle	57	lossless
Land Before Time, The - Return to the Great Valley (USA)	sstitle	57	lossless
Land Maker (Europe)	sstitle	57	lossless
Langrisser I & II (Japan)	sstitle	57	lossless
Langrisser IV & V - Final Edition (Japan) (Disc 1) (Langrisser IV Disc)	sstitle	57	lossless
Largo Winch - Commando SAR (USA)	sstitle	57	lossless
Las Vegas Dream 2 (Japan)	sstitle	57	lossless
Last Report, The (Europe) (De,Nl)	sstitle	57	lossless
Lattice - 200EC7 (Japan)	sstitle	57	lossless
Le Mans 24 Hours (Europe) (En,Fr,De,Es,It,Pt)	sstitle	57	lossless
Leading Jockey '99 (Japan)	sstitle	57	lossless
Leading Jockey Highbred (Japan)	sstitle	57	lossless
Legacy of Kain - Soul Reaver (USA)	sstitle	57	lossless
Legaia Densetsu (Japan)	sstitle	57	lossless
Legend (Europe)	sstitle	57	lossless
Legend of Dragoon, The (USA, Canada) (Disc 1)	sstitle	57	lossless
Legend of Heroes I & II, The - Eiyuu Densetsu (Japan)	sstitle	57	lossless
Legend of Heroes III, The - Shiroki Majo - Mou Hitotsu no Eiyuutachi no Monogatari (Japan)	sstitle	57	lossless
Legend of Heroes IV, The - Akai Shizuku (Japan)	sstitle	57	lossless
Legend of Kartia (Europe) (En,Fr,De)	sstitle	57	lossless
Legend of Legaia (USA)	sstitle	57	lossless
Legend of Mana (USA)	sstitle	57	lossless
Legend of Mulan (Europe) (En,Fr,De)	sstitle	57	lossless
Legend of Pocahontas (Europe) (En,De,Nl)	sstitle	57	lossless
Lemmings & Oh No! More Lemmings (USA)	sstitle	57	lossless
Lethal Enforcers Deluxe Pack (Japan)	sstitle	57	lossless
Lethal Enforcers I & II (USA)	sstitle	57	lossless
LiberoGrande (Europe)	sstitle	57	lossless
LiberoGrande 2 (Japan)	sstitle	57	lossless
Liberogrande International (Europe) (En,Fr,De,Es,It)	sstitle	57	lossless
LifeScape - Seimei 40-okunen Haruka na Tabi (Japan) (Disc 1) (Aquasphere)	sstitle	57	lossless
LifeScape 2 - Body Bionics - Kyoui no Shouuchuu Jintai (Japan)	sstitle	57	lossless
Lifeforce Tenka (Europe)	sstitle	57	lossless
Light Fantasy Gaiden - Nya Nyan ga Nyan (Japan)	sstitle	57	lossless
Lightning Legend - Daigo no Daibouken (Japan)	sstitle	57	lossless
Linda^3 Again (Japan)	sstitle	57	lossless
Ling Rise (Japan)	sstitle	57	lossless
Lion and the King (Europe) (En,Fr,De)	sstitle	57	lossless
Lion and the King 2 (Europe) (En,Fr,De)	sstitle	57	lossless
Liquid Books Adventure 1 - Lety's Favorite Stories (USA)	sstitle	57	lossless
Liquid Books Adventure 2 - Amrita's Trees & Cerdito and the Coyote (USA)	sstitle	57	lossless
Liquid Books Adventure 3 - Far-Fetched Frontier Tales (USA)	sstitle	57	lossless
Liquid Books Adventure 4 - The Adventures of Adelita and Bo (USA)	sstitle	57	lossless
Liquid Books Adventure 5 - Pop-Out Prose (USA)	sstitle	57	lossless
Liquid Books Adventure 6 - The Wandering Path (USA)	sstitle	57	lossless
Little Big Adventure (Europe) (En,Fr,De,Es,It)	sstitle	57	lossless
Little Lovers - She So Game (Japan) (Disc 1)	sstitle	57	lossless
Little Princess - Marl Oukoku no Ningyou-hime 2 (Japan) (Disc 1) (+1 Tasu Ichi)	sstitle	57	lossless
Live Wire! (Europe) (En,Fr,De,Es,It)	sstitle	57	lossless
Loaded (USA) (En,Fr)	sstitle	57	lossless
Lode Runner (USA)	sstitle	57	lossless
Lode Runner Extra (Japan)	sstitle	57	lossless
Logic Pro Adventure (Japan)	sstitle	57	lossless
Logic Puzzle Rainbow Town (Japan)	sstitle	57	lossless
London Racer (Europe)	sstitle	57	lossless
London Racer II (Europe)	sstitle	57	lossless
London Seirei Tanteidan (Japan)	sstitle	57	lossless
Lone Soldier (Europe)	sstitle	57	lossless
Looney Tunes - Sheep Raider (USA) (En,Fr,Es,Pt)	sstitle	57	lossless
Looney Tunes Racing (USA) (En,Fr,Es)	sstitle	57	lossless
Lord Monarch - Shin Gaia Oukokuki (Japan)	sstitle	57	lossless
Lord of Fist (Japan)	sstitle	57	lossless
Lord of Monsters (Japan)	sstitle	57	lossless
Lord of the Jungle (Europe) (En,Fr,De,Nl)	sstitle	57	lossless
Lost Children - The City of Lost Children (Japan)	sstitle	57	lossless
Lost Sword - Ushinawareta Seiken (Japan)	sstitle	57	lossless
Lost Vikings 2 - Norse by Norsewest (Europe) (En,Fr,De)	sstitle	57	lossless
Lost World, The - Jurassic Park (USA)	sstitle	57	lossless
Louvre - The Final Curse (Europe) (Disc 1)	sstitle	57	lossless
Love & Destroy (Japan)	sstitle	57	lossless
Love Game's - Wai Wai Tennis (Japan)	sstitle	57	lossless
Love Game's - Wai Wai Tennis 2 (Japan)	lr-titles	57	lossless
Love Game's - Wai Wai Tennis Plus (Japan)	sstitle	57	lossless
Love Hina - Ai wa Kotoba no Naka ni (Japan)	sstitle	57	lossless
Love Hina 2 - Kotoba wa Konayuki no You ni (Japan)	sstitle	57	lossless
Love Para - Lovely Tokyo Para-Para Musume (Japan)	sstitle	57	lossless
Love Therapy (Japan)	sstitle	57	lossless
Love^2 Torokko (Japan)	sstitle	57	lossless
LuLu - Un Conte Interactif de Romain Victor-Pujebet (Japan)	sstitle	57	lossless
Lucifer Ring (Japan)	sstitle	57	lossless
Luciferd (Japan)	sstitle	57	lossless
Lucky Luke (USA)	sstitle	57	lossless
Lucky Luke - Western Fever (Europe) (En,Fr,De,Es,It,Nl)	sstitle	57	lossless
Luftwaffe - Deutsch Kuugun o Shiki seyo (Japan)	sstitle	57	lossless
Lunar - Silver Star Story (Japan, Asia) (Disc 1)	sstitle	57	lossless
Lunar - Silver Star Story Complete (USA) (Disc 1)	sstitle	57	lossless
Lunar 2 - Eternal Blue (Japan) (Disc 1)	sstitle	57	lossless
Lunar 2 - Eternal Blue Complete (USA) (Disc 1)	sstitle	57	lossless
Lunar Wing - Toki o Koeta Seisen (Japan)	sstitle	57	lossless
Lunatic Dawn - Odyssey (Japan)	sstitle	57	lossless
Lunatic Dawn III (Japan)	sstitle	57	lossless
Lupin 3sei (Japan)	sstitle	57	lossless
Lupin 3sei - Cagliostro no Shiro - Saikai (Japan) (Disc 1)	sstitle	57	lossless
M&M's - Shell Shocked (USA)	sstitle	57	lossless
MDK (USA)	sstitle	57	lossless
MGG - Manic Game Girl (Korea)	sstitle	57	lossless
MLB 2000 (USA)	sstitle	57	lossless
MLB 2001 (USA)	sstitle	57	lossless
MLB 2002 (USA)	sstitle	57	lossless
MLB 2003 (USA)	sstitle	57	lossless
MLB 2004 (USA)	sstitle	57	lossless
MLB 2005 (USA)	sstitle	57	lossless
MLB 98 (USA)	sstitle	57	lossless
MLB 99 (USA)	sstitle	57	lossless
MLB Pennant Race (USA)	sstitle	57	lossless
MTB Dirt Cross (Japan)	sstitle	57	lossless
MTV Celebrity Deathmatch (USA)	sstitle	57	lossless
MTV Music Generator (USA)	sstitle	57	lossless
MTV Sports - Pure Ride (USA)	sstitle	57	lossless
MTV Sports - Skateboarding featuring Andy Macdonald (USA)	lr-titles	57	lossless
MTV Sports - Snowboarding (USA)	sstitle	57	lossless
MTV Sports - T.J. Lavin's Ultimate BMX (USA)	sstitle	57	lossless
Maboroshi Tsukiyo - Tsukiyono Kitan (Japan) (Disc 1)	sstitle	57	lossless
Mach GoGoGo (Japan)	sstitle	57	lossless
Machine Head (USA)	sstitle	57	lossless
Machine Hunter (USA)	sstitle	57	lossless
Macross Digital Mission VF-X (Japan)	sstitle	57	lossless
Macross Plus - Game Edition (Japan)	sstitle	57	lossless
Macross VF-X2 (Japan)	sstitle	57	lossless
Mad Panic Coaster (Japan)	sstitle	57	lossless
Mad Stalker - FullMetalForce (Japan)	sstitle	57	lossless
Madden NFL 2000 (USA)	sstitle	57	lossless
Madden NFL 2001 (USA)	sstitle	57	lossless
Madden NFL 2002 (USA, Canada)	sstitle	57	lossless
Madden NFL 2003 (USA)	sstitle	57	lossless
Madden NFL 2004 (USA)	sstitle	57	lossless
Madden NFL 2005 (USA)	sstitle	57	lossless
Madden NFL 96 (USA) (Proto) (1995-10-25)	sstitle	57	lossless
Madden NFL 97 (USA)	sstitle	57	lossless
Madden NFL 98 (USA)	sstitle	57	lossless
Madden NFL 99 (USA)	sstitle	57	lossless
Maestromusic, The (Japan)	sstitle	57	lossless
Maestromusic, The - Encore Disc (Japan)	sstitle	57	lossless
Maestromusic, The - Merry Christmas (Japan)	sstitle	57	lossless
Magic - The Gathering - BattleMage (USA)	sstitle	57	lossless
Magic Carpet (USA) (En,Fr,De,Es,Sv)	sstitle	57	lossless
Magical Date - Doki Doki Kokuhaku Daisakusen (Japan)	sstitle	57	lossless
Magical Dice Kids (Japan)	sstitle	57	lossless
Magical Drop (Japan)	sstitle	57	lossless
Magical Drop F - Daibouken mo Rakujanai! (Japan)	sstitle	57	lossless
Magical Drop III (Europe) (En,Fr,De,Es,It,Nl) (Disc 1) (Magical Drop III)	sstitle	57	lossless
Magical Drop III - Yokubari Tokudaigou! (Japan)	sstitle	57	lossless
Magical Hoppers (Japan)	sstitle	57	lossless
Magical Medical (Japan)	sstitle	57	lossless
Magical Tetris Challenge (Europe)	sstitle	57	lossless
Magical Tetris Challenge featuring Mickey (Japan)	sstitle	57	lossless
Magical Zunou Power!! Party Selection (Japan)	sstitle	57	lossless
Mahjong Ganryuu-jima (Japan)	sstitle	57	lossless
Mahjong Gokuu Tenjiku (Japan)	sstitle	57	lossless
Mahjong Gokuu Tenjiku 99 (Japan)	sstitle	57	lossless
Mahjong Senjutsu - Andou Mitsuru Pro no Akuukan Sappou (Japan)	sstitle	57	lossless
Mahjong Station Mazin (Japan)	sstitle	57	lossless
Mahjong Taikai II Special (Japan)	sstitle	57	lossless
Mahjong Toriatama Kikou (Japan)	sstitle	57	lossless
Mahjong Uranai Fortuna - Tsuki no Megamitachi (Japan)	sstitle	57	lossless
Mahjong Yarou ze! (Japan)	sstitle	57	lossless
Mahjong Youchien Tamago-gumi 2 - Taikai e Ikou! (Japan)	sstitle	57	lossless
Mahjong de Asobo (Japan)	sstitle	57	lossless
Mahou Shoujo Fancy CoCo (Japan)	sstitle	57	lossless
Mahou Shoujo Pretty Samy - Part 1 - In the Earth (Japan) (Disc 1) (Episode 23)	sstitle	57	lossless
Mahou Shoujo Pretty Samy - Part 2 - In the Julyhelm (Japan) (Disc 1) (Episode 25)	sstitle	57	lossless
Mahoutsukai ni Naru Houhou (Japan)	sstitle	57	lossless
Mainichi Nekoyoubi (Japan)	sstitle	57	lossless
Majokko Daisakusen - Little Witching Mischiefs (Japan)	sstitle	57	lossless
Makeruna! Makendou 2 (Japan)	sstitle	57	lossless
Making of Nightruth, The (Japan)	sstitle	57	lossless
Manager de Liga (Spain)	sstitle	57	lossless
Maniac Moons (USA) (Proto) (1999-02-25)	sstitle	57	lossless
Marble Master (USA)	sstitle	57	lossless
Marby Baby Story (Japan)	sstitle	57	lossless
Marcel Desailly Pro Football (France)	sstitle	57	lossless
March Madness '98 (USA)	sstitle	57	lossless
Maria - Kimitachi ga Umareta Wake (Japan) (Disc 1)	sstitle	57	lossless
Maria 2 - Jutai Kokuchi no Nazo (Japan) (Disc 1)	sstitle	57	lossless
Marie no Atelier - Salburg no Renkinjutsushi (Japan)	sstitle	57	lossless
Marie no Atelier Plus - Salburg no Renkinjutsushi (Japan)	sstitle	57	lossless
Mario Mushano's Hyper Shogi School (Japan)	sstitle	57	lossless
Marionette Company (Japan)	sstitle	57	lossless
Marionette Company 2 Chu! (Japan)	sstitle	57	lossless
Marl Jong!! (Japan)	sstitle	57	lossless
Marl Oukoku no Ningyou-hime - The Adventure of Puppet Princess (Japan)	sstitle	57	lossless
Martialbeat (Japan)	sstitle	57	lossless
Martialbeat 2 (Japan) (Disc 1) (Disc-B)	sstitle	57	lossless
Martian Gothic - Unification (USA)	sstitle	57	lossless
Marvel Super Heroes (USA)	sstitle	57	lossless
Marvel Super Heroes vs. Street Fighter (USA)	sstitle	57	lossless
Marvel Super Heroes vs. Street Fighter - EX Edition (Japan)	sstitle	57	lossless
Marvel vs. Capcom - Clash of Super Heroes (USA)	sstitle	57	lossless
Mary King's Riding Star (Europe) (En,Fr,De,Es,It,Nl,Pt)	sstitle	57	lossless
Mary-Kate and Ashley - Crush Course (USA)	sstitle	57	lossless
Mary-Kate and Ashley - Magical Mystery Mall (USA)	sstitle	57	lossless
Mary-Kate and Ashley - Winners Circle (USA)	sstitle	57	lossless
MasMon Kids - The Another World of the Master of Monsters (Japan)	sstitle	57	lossless
Mass Destruction (USA)	sstitle	57	lossless
Master of Monsters - Akatsuki no Kenjatachi (Japan)	sstitle	57	lossless
Master of Monsters - Disciples of Gaia (USA)	sstitle	57	lossless
Masters - Shin Harukanaru Augusta (Japan)	sstitle	57	lossless
Masters Fighter, The (Japan)	sstitle	57	lossless
Mat Hoffman's Pro BMX (USA)	sstitle	57	lossless
Match Golf, The (Japan)	sstitle	57	lossless
Matsukata Hiroki no World Fishing (Japan)	sstitle	57	lossless
Matsumoto Reiji 999 - Story of Galaxy Express 999 (Japan) (Disc 1)	sstitle	57	lossless
Mawatte Mucho! (Japan)	sstitle	57	lossless
Max Power Racing (Europe)	sstitle	57	lossless
Max Surfing 2000 (Japan)	sstitle	57	lossless
Max Surfing 2nd (Japan)	sstitle	57	lossless
MaxRacer (Japan)	sstitle	57	lossless
Maximum Force (USA)	sstitle	57	lossless
Maze Heroes - Meikyuu Densetsu (Japan)	sstitle	57	lossless
MechWarrior 2 - 31st Century Combat - Arcade Combat Edition (USA)	sstitle	57	lossless
MechWarrior 2 - Kampfspiel des 31. Jahrhunderts - Arcade Combat Edition (Germany)	sstitle	57	lossless
Medal of Honor (USA)	sstitle	57	lossless
Medal of Honor - Resistance (France)	sstitle	57	lossless
Medal of Honor - Underground (USA)	sstitle	57	lossless
Medarot R (Japan)	sstitle	57	lossless
Medarot R - Parts Collection (Japan)	sstitle	57	lossless
MediEvil (USA)	sstitle	57	lossless
MediEvil - Yomigaetta Gallowmere no Yuusha (Japan)	sstitle	57	lossless
MediEvil 2 (Europe) (En,Fr,De)	sstitle	57	lossless
MediEvil II (USA)	lr-titles	57	lossless
Mega Man - Battle & Chase (Europe)	sstitle	57	lossless
Mega Man 8 (USA)	sstitle	57	lossless
Mega Man Legends (USA)	sstitle	57	lossless
Mega Man Legends 2 (USA)	sstitle	57	lossless
Mega Man X3 (Europe)	sstitle	57	lossless
Mega Man X4 (USA)	sstitle	57	lossless
Mega Man X5 (USA)	sstitle	57	lossless
Mega Man X6 (USA)	sstitle	57	lossless
Megami Ibunroku - Persona - Be Your True Mind (Japan)	sstitle	57	lossless
Megatudo 2096 (Japan)	sstitle	57	lossless
Meguri Ai shite (Japan)	sstitle	57	lossless
Meisha Retsuden - Greatest 70's (Japan)	sstitle	57	lossless
Meitantei Conan (Japan)	sstitle	57	lossless
Meitantei Conan - 3-nin no Meisuiri (Japan)	sstitle	57	lossless
Meitantei Conan - Saikou no Partner (Japan)	sstitle	57	lossless
Meitantei Conan - Trick Trick Vol. 1 (Japan)	sstitle	57	lossless
MeltyLancer - Ginga Shoujo Keisatsu 2086 (Japan)	sstitle	57	lossless
MeltyLancer - Re-inforce (Japan) (Disc 1)	sstitle	57	lossless
MeltyLancer - The 3rd Planet (Japan) (Disc 1)	sstitle	57	lossless
Memorial Series - Sunsoft Vol. 1 (Japan)	sstitle	57	lossless
Memorial Series - Sunsoft Vol. 2 (Japan)	sstitle	57	lossless
Memorial Series - Sunsoft Vol. 3 (Japan)	sstitle	57	lossless
Memorial Series - Sunsoft Vol. 4 (Japan)	sstitle	57	lossless
Memorial Series - Sunsoft Vol. 5 (Japan)	sstitle	57	lossless
Memorial Series - Sunsoft Vol. 6 (Japan)	sstitle	57	lossless
Memories Off (Japan)	sstitle	57	lossless
Memories Off 2nd (Japan) (Disc 1)	sstitle	57	lossless
Men in Black - The Game (Europe)	sstitle	57	lossless
Men in Black - The Series - Crashdown (USA)	sstitle	57	lossless
Menkyo o Torou (Japan)	sstitle	57	lossless
Meremanoid (Japan)	sstitle	57	lossless
Mermaid no Kisetsu (Japan) (Disc 1)	sstitle	57	lossless
Mermaid no Kisetsu - Curtain Call (Japan) (Disc 1)	sstitle	57	lossless
Merriment Carrying Caravan (Japan)	sstitle	57	lossless
Meru Purana (Japan)	sstitle	57	lossless
Meta-Ph-List Mu.X.2297 (Japan) (Disc 1)	lr-titles	57	lossless
Metal Angel 3 (Japan) (Disc 1)	sstitle	57	lossless
Metal Fist (Japan)	sstitle	57	lossless
Metal Gear Solid (USA) (Disc 1)	sstitle	57	lossless
Metal Gear Solid - Special Missions (Europe) (En,Fr,De,Es,It)	lr-titles	57	lossless
Metal Gear Solid - VR Missions (USA)	sstitle	57	lossless
Metal Jacket (Japan)	sstitle	57	lossless
Metal Slug - Super Vehicle-001 (Japan, Asia)	sstitle	57	lossless
Metal Slug X (USA)	sstitle	57	lossless
Metamor Panic - Doki Doki Youma Busters!! (Japan)	sstitle	57	lossless
Mezase! Meimon Yakyuubu (Japan)	sstitle	57	lossless
Mezase! Senkyuu-ou (Japan)	sstitle	57	lossless
Mezase! Skymark - Challenge Airline Pilot (Japan)	sstitle	57	lossless
Michael Owen's World League Soccer '99 (Europe) (En,Fr,It)	sstitle	57	lossless
Michael Schumacher Racing World Kart 2002 (Europe) (En,Fr,De,Es,It)	sstitle	57	lossless
Michelin Rally Masters - Race of Champions (USA) (En,Fr,Es)	sstitle	57	lossless
Michinoku Hitou Koi Monogatari Kai (Japan)	sstitle	57	lossless
Mickey's Wild Adventure (Europe)	sstitle	57	lossless
Micro Machines (Japan)	sstitle	57	lossless
Micro Machines V3 (USA)	sstitle	57	lossless
Micro Maniacs (Europe) (En,Fr,De,Es,It)	sstitle	57	lossless
Midnight Run - Road Fighter 2 (Europe)	sstitle	57	lossless
Midnight in Vegas (Europe) (En,Fr,De)	sstitle	57	lossless
Midori no Makibao - Kuroi Inazuma Shiroi Kiseki (Japan)	sstitle	57	lossless
Mighty Hits (Japan)	sstitle	57	lossless
Mighty Hits Special (Europe) (En,Fr,De)	sstitle	57	lossless
Mikagura Shoujo Tanteidan (Japan) (Disc 1) (Honpen Disc Ichi)	sstitle	57	lossless
Mike Tyson Boxing (USA) (En,Fr,Es)	sstitle	57	lossless
Milano no Arbeit Collection (Japan)	sstitle	57	lossless
Milky Season (Japan)	sstitle	57	lossless
Mille Miglia (Europe) (En,Fr,De,Es,It)	sstitle	57	lossless
Millennium Soldier - Expendable (Europe) (En,Fr,De,Es,It)	sstitle	57	lossless
Million Classic (Japan) (Disc 1) (Honpen Game Sen'you)	sstitle	57	lossless
Minakata Hakudou Toujou (Japan) (Disc 1)	sstitle	57	lossless
Mini Yonku Bakusou Kyoudai Let's & Go!! WGP Hyper Heat (Japan)	sstitle	57	lossless
Mini-Moni. Dice de Pyon! (Japan)	sstitle	57	lossless
Mini-Moni. Shakatto Tambourine! da Pyon! (Japan)	sstitle	57	lossless
Mini-Moni. Step Pyon Pyon Pyon (Japan)	sstitle	57	lossless
Minna Atsumare! Igo Kyoushitsu (Japan)	lr-titles	57	lossless
Minna no Golf (Japan, Asia)	sstitle	57	lossless
Minna no Golf 2 (Japan, Asia)	sstitle	57	lossless
Minna no Kanji Kyoushitsu - Chousen! Kanji Kentei (Japan)	sstitle	57	lossless
Minna no Shiiku Kyoushitsu - Kuwagata-hen (Japan)	sstitle	57	lossless
Minna no Takaramono - Watashi no Licca-chan - Otetsudai o Shiyou (Japan)	sstitle	57	lossless
Minnya de Ghost Hunter (Japan)	sstitle	57	lossless
Minton Keibu no Sousa File - Doukeshi Satsujin Jiken (Japan)	sstitle	57	lossless
Miracle Jim no Bassing Beat (Japan)	sstitle	57	lossless
Miracle Jumpers (Japan)	sstitle	57	lossless
Miracle Space Race (USA)	sstitle	57	lossless
Miracle World - Fushigi no Kuni no IQ Meiro (Japan)	sstitle	57	lossless
Misa no Mahou Monogatari (Japan) (Disc 1)	sstitle	57	lossless
Misadventures of Tron Bonne, The (USA)	sstitle	57	lossless
Misaki Aggressive! (Japan)	sstitle	57	lossless
Miss Spider's Tea Party (USA)	sstitle	57	lossless
Missile Command (USA)	sstitle	57	lossless
Mission - Impossible (USA) (En,Fr,Es)	sstitle	57	lossless
Mission, The (Europe) (En,Fr,De,Es,It,Nl,Pt)	sstitle	57	lossless
Missland (Japan)	sstitle	57	lossless
Missland 2 (Japan)	sstitle	57	lossless
Mitsumete Knight (Japan)	sstitle	57	lossless
Mitsumete Knight R - Daibouken-hen (Japan)	sstitle	57	lossless
Miyake Yuji Produce - Kiseki no Maya Uranai (Japan)	sstitle	57	lossless
Mizuki Shigeru no Youkai Butouden (Japan)	sstitle	57	lossless
Mizzurna Falls (Japan)	sstitle	57	lossless
MoHo (Europe) (En,Fr,De,Es,It)	sstitle	57	lossless
Mobil 1 Rally Championship (USA)	sstitle	57	lossless
Mobile Armor (USA)	sstitle	57	lossless
Mobile Light Force (USA)	sstitle	57	lossless
Mobile Police Patlabor - Game Edition (Japan)	sstitle	57	lossless
Mobile Suit Gundam (Japan)	sstitle	57	lossless
Mobile Suit Gundam - Char's Counterattack (Japan)	sstitle	57	lossless
Mobile Suit Gundam - Perfect One Year War (Japan)	sstitle	57	lossless
Mobile Suit Gundam - Version 2.0 (Japan)	sstitle	57	lossless
Mobile Suit Z-Gundam (Japan) (Disc 1)	sstitle	57	lossless
Mobile Tomodachi (Japan)	sstitle	57	lossless
Moebius Link 3D (Japan)	sstitle	57	lossless
Moero!! Pro Yakyuu '95 - Double Header (Japan)	sstitle	57	lossless
Momotarou Densetsu (Japan)	sstitle	57	lossless
Momotarou Dentetsu 7 (Japan)	sstitle	57	lossless
Momotarou Dentetsu V (Japan)	sstitle	57	lossless
Momotarou Matsuri - Ishikawa Rokuemon no Maki (Japan)	sstitle	57	lossless
Monaco Grand Prix (USA)	sstitle	57	lossless
Monde des Bleus 2, Le (France)	sstitle	57	lossless
Monde des Bleus, Le - Le Jeu Officiel de l'Equipe de France (France)	sstitle	57	lossless
Money Idol Exchanger (Japan)	sstitle	57	lossless
Monkey Hero (USA)	sstitle	57	lossless
Monkey Magic (USA)	sstitle	57	lossless
Monopoly (USA)	sstitle	57	lossless
Monster Bass (USA)	sstitle	57	lossless
Monster Collection - Kamen no Madoushi (Japan)	sstitle	57	lossless
Monster Complete World (Japan)	sstitle	57	lossless
Monster Farm (Japan)	sstitle	57	lossless
Monster Farm 2 (Japan)	sstitle	57	lossless
Monster Farm Battle Card (Japan)	sstitle	57	lossless
Monster Farm Jump (Japan)	sstitle	57	lossless
Monster Punish (Japan)	sstitle	57	lossless
Monster Race (Japan)	sstitle	57	lossless
Monster Racer (Europe) (En,Fr,De,Es,It,Pt)	sstitle	57	lossless
Monster Rancher (USA)	sstitle	57	lossless
Monster Rancher 2 (USA)	sstitle	57	lossless
Monster Rancher Battle Card - Episode II (USA)	sstitle	57	lossless
Monster Rancher Hop-A-Bout (USA)	sstitle	57	lossless
Monster Trucks (Europe)	sstitle	57	lossless
MonsterSeed (USA)	sstitle	57	lossless
Monsters, Inc. - Monsters Academy (Japan)	sstitle	57	lossless
Monte Carlo Games Compendium (Europe) (Disc 1)	sstitle	57	lossless
Moon - Remix RPG Adventure (Japan)	sstitle	57	lossless
Moonlight Syndrome (Japan) (Disc 1)	sstitle	57	lossless
Moorhen 3 - Chicken Chase (Europe) (Es,It)	sstitle	57	lossless
Moorhuhn 2 - Die Jagd Geht Weiter (Germany)	sstitle	57	lossless
Moorhuhn Kart (Germany)	sstitle	57	lossless
Moorhuhn X (Germany) (En,De)	sstitle	57	lossless
Mori no Oukoku (Japan)	sstitle	57	lossless
Morita Kazurou no Chess (Japan)	sstitle	57	lossless
Morita Kazurou no Gomoku Narabe to Renju (Japan)	sstitle	57	lossless
Morita Kazurou no Hanafuda (Japan)	sstitle	57	lossless
Morita Kazurou no Mahjong (Japan)	sstitle	57	lossless
Morita Kazurou no Reversi (Japan)	sstitle	57	lossless
Morita Kazurou no Shougi Doujou (Japan)	sstitle	57	lossless
Morita Shougi (Japan)	sstitle	57	lossless
Moritaka Chisato - Safari Tokyo (Japan) (Disc 1)	sstitle	57	lossless
Mort the Chicken (USA)	sstitle	57	lossless
Mortal Kombat - Special Forces (USA)	sstitle	57	lossless
Mortal Kombat 3 (USA)	sstitle	57	lossless
Mortal Kombat 4 (USA)	sstitle	57	lossless
Mortal Kombat II (Japan)	sstitle	57	lossless
Mortal Kombat Mythologies - Sub-Zero (USA)	sstitle	57	lossless
Mortal Kombat Trilogy (USA)	sstitle	57	lossless
Moses - Prince of Egypt (Europe) (En,Fr,De,Nl)	sstitle	57	lossless
Moto Racer (USA)	sstitle	57	lossless
Moto Racer 2 (USA)	sstitle	57	lossless
Moto Racer World Tour (USA)	sstitle	57	lossless
Motocross Mania (USA)	sstitle	57	lossless
Motocross Mania 2 (USA)	sstitle	57	lossless
Motor Mash (Europe) (En,Fr,De)	sstitle	57	lossless
Motor Toon Grand Prix (USA)	sstitle	57	lossless
Motor Toon Grand Prix - USA Edition (Japan)	sstitle	57	lossless
Motor Toon Grand Prix 2 (Europe)	sstitle	57	lossless
Motorhead (USA)	sstitle	57	lossless
Motteke Tamago with Ganbare! Kamonohashi (Japan)	sstitle	57	lossless
Motto Trump Shiyou yo! i-Mode de Grand Prix (Japan)	sstitle	57	lossless
Motto! Nyan to Wonderful 2 (Japan)	sstitle	57	lossless
Mouja (Japan)	sstitle	57	lossless
Mouri Motonari - Chikai no Sanshi (Japan)	sstitle	57	lossless
Mr. Driller (USA)	sstitle	57	lossless
Mr. Driller G (Japan)	sstitle	57	lossless
Mr. Prospector - Horiate-kun (Japan)	sstitle	57	lossless
Ms. Pac-Man Maze Madness (USA)	sstitle	57	lossless
Mummy, The (USA)	sstitle	57	lossless
Muppet Monster Adventure (USA)	sstitle	57	lossless
Muppet RaceMania (USA)	sstitle	57	lossless
Murakoshi Seikai no Bakuchou Nihon Rettou (Japan)	sstitle	57	lossless
Murakoshi Seikai no Bakuchou Nihon Rettou 2 (Japan)	sstitle	57	lossless
Murakoshi Seikai no Bakuchou SeaBass Fishing (Japan) (Disc 1)	sstitle	57	lossless
Mushi no Idokoro (Japan)	sstitle	57	lossless
Mushitarou (Japan)	sstitle	57	lossless
Music - Music Creation for the PlayStation (Europe) (En,Fr,De,Es,It)	sstitle	57	lossless
Music 2000 (Europe) (En,Fr,De,Es,It)	sstitle	57	lossless
Muteki-ou Tri-Zenon (Japan)	sstitle	57	lossless
My Disney Kitchen (USA)	sstitle	57	lossless
My Dream - On Air ga Matenakute (Japan) (Disc 1)	sstitle	57	lossless
My Garden (Japan)	sstitle	57	lossless
My Home Dream (Japan)	sstitle	57	lossless
My Home Dream 2 - Niwatsuki Ikkodate de, Ikou! (Japan)	sstitle	57	lossless
Myst (USA)	sstitle	57	lossless
Mystic Ark - Maboroshi Gekijou (Japan)	sstitle	57	lossless
Mystic Dragoons, The (Japan)	sstitle	57	lossless
Mystic Mind - Yureru Omoi (Japan) (Disc 1)	sstitle	57	lossless
N Gauge Unten Kibun Game - Gatan Goton (Japan)	sstitle	57	lossless
N-Gen Racing (USA)	sstitle	57	lossless
N2O (Europe) (En,Fr,De,Es,It,Pt)	sstitle	57	lossless
N2O - Nitrous Oxide (USA)	sstitle	57	lossless
NASCAR 2000 (USA)	sstitle	57	lossless
NASCAR 2001 (USA)	sstitle	57	lossless
NASCAR 98 (USA)	sstitle	57	lossless
NASCAR 98 Collector's Edition (USA)	sstitle	57	lossless
NASCAR 99 (USA)	sstitle	57	lossless
NASCAR 99 Legacy (USA)	sstitle	57	lossless
NASCAR Heat (USA)	sstitle	57	lossless
NASCAR Racing (USA)	sstitle	57	lossless
NASCAR Rumble (USA, Canada)	sstitle	57	lossless
NASCAR Thunder 2002 (USA, Canada)	sstitle	57	lossless
NASCAR Thunder 2003 (USA)	sstitle	57	lossless
NASCAR Thunder 2004 (USA)	sstitle	57	lossless
NBA Basketball 2000 (USA)	sstitle	57	lossless
NBA Fastbreak '98 (USA)	sstitle	57	lossless
NBA Hangtime (USA)	sstitle	57	lossless
NBA Hoopz (USA)	sstitle	57	lossless
NBA Jam - Tournament Edition (USA)	sstitle	57	lossless
NBA Jam Extreme (USA)	sstitle	57	lossless
NBA Live 2000 (USA)	sstitle	57	lossless
NBA Live 2001 (USA)	sstitle	57	lossless
NBA Live 2002 (USA, Canada)	sstitle	57	lossless
NBA Live 2003 (USA)	sstitle	57	lossless
NBA Live 96 (USA)	sstitle	57	lossless
NBA Live 97 (USA)	sstitle	57	lossless
NBA Live 98 (USA)	sstitle	57	lossless
NBA Live 99 (USA)	sstitle	57	lossless
NBA Power Dunkers (Japan)	sstitle	57	lossless
NBA Power Dunkers 2 (Japan)	sstitle	57	lossless
NBA Power Dunkers 3 (Japan, Asia)	sstitle	57	lossless
NBA Power Dunkers 4 (Japan)	sstitle	57	lossless
NBA Power Dunkers 5 (Japan)	sstitle	57	lossless
NBA Pro 98 (Europe)	sstitle	57	lossless
NBA Pro 99 (Europe)	sstitle	57	lossless
NBA Shoot Out '97 (USA)	sstitle	57	lossless
NBA Shoot Out (USA)	sstitle	57	lossless
NBA ShootOut 2000 (USA)	sstitle	57	lossless
NBA ShootOut 2001 (USA)	sstitle	57	lossless
NBA ShootOut 2002 (USA)	sstitle	57	lossless
NBA ShootOut 2003 (USA)	sstitle	57	lossless
NBA ShootOut 2004 (USA)	sstitle	57	lossless
NBA ShootOut 98 (USA)	sstitle	57	lossless
NBA Showtime - NBA on NBC (USA)	sstitle	57	lossless
NBA in the Zone '98 (USA)	sstitle	57	lossless
NBA in the Zone '99 (USA)	sstitle	57	lossless
NBA in the Zone (USA)	sstitle	57	lossless
NBA in the Zone 2 (USA)	sstitle	57	lossless
NBA in the Zone 2000 (USA)	sstitle	57	lossless
NCAA Basketball Final Four 97 (USA)	sstitle	57	lossless
NCAA Final Four 2000 (USA)	sstitle	57	lossless
NCAA Final Four 2001 (USA)	sstitle	57	lossless
NCAA Final Four 99 (USA)	sstitle	57	lossless
NCAA Football 2000 (USA)	sstitle	57	lossless
NCAA Football 2001 (USA)	sstitle	57	lossless
NCAA Football 98 (USA)	sstitle	57	lossless
NCAA Football 99 (USA)	sstitle	57	lossless
NCAA Football GameBreaker (USA)	sstitle	57	lossless
NCAA GameBreaker 2000 (USA)	sstitle	57	lossless
NCAA GameBreaker 2001 (USA)	sstitle	57	lossless
NCAA GameBreaker 98 (USA)	sstitle	57	lossless
NCAA GameBreaker 99 (USA)	sstitle	57	lossless
NCAA March Madness 2000 (USA)	sstitle	57	lossless
NCAA March Madness 2001 (USA)	sstitle	57	lossless
NCAA March Madness 99 (USA)	sstitle	57	lossless
NFL Blitz (USA)	sstitle	57	lossless
NFL Blitz 2000 (USA)	sstitle	57	lossless
NFL Blitz 2001 (USA)	sstitle	57	lossless
NFL Full Contact (USA)	sstitle	57	lossless
NFL GameDay (USA)	sstitle	57	lossless
NFL GameDay 2000 (USA)	sstitle	57	lossless
NFL GameDay 2001 (USA)	sstitle	57	lossless
NFL GameDay 2002 (USA)	sstitle	57	lossless
NFL GameDay 2003 (USA, Canada)	sstitle	57	lossless
NFL GameDay 2004 (USA)	sstitle	57	lossless
NFL GameDay 2005 (USA)	sstitle	57	lossless
NFL GameDay 97 (USA)	sstitle	57	lossless
NFL GameDay 98 (USA)	sstitle	57	lossless
NFL GameDay 99 (USA)	sstitle	57	lossless
NFL Quarterback Club '97 (USA)	sstitle	57	lossless
NFL Xtreme (USA)	sstitle	57	lossless
NFL Xtreme 2 (USA)	sstitle	57	lossless
NHL 2000 (USA)	sstitle	57	lossless
NHL 2001 (USA)	sstitle	57	lossless
NHL 97 (USA)	sstitle	57	lossless
NHL 98 (USA)	sstitle	57	lossless
NHL 99 (USA)	sstitle	57	lossless
NHL Blades of Steel 2000 (USA)	sstitle	57	lossless
NHL Breakaway 98 (USA)	sstitle	57	lossless
NHL Championship 2000 (USA)	sstitle	57	lossless
NHL Face Off '97 (USA)	sstitle	57	lossless
NHL Face Off (USA)	sstitle	57	lossless
NHL FaceOff 2000 (USA)	sstitle	57	lossless
NHL FaceOff 2001 (USA)	sstitle	57	lossless
NHL FaceOff 98 (USA)	sstitle	57	lossless
NHL FaceOff 99 (USA)	sstitle	57	lossless
NHL Open Ice - 2 on 2 Challenge (USA)	sstitle	57	lossless
NHL Powerplay '96 (USA)	sstitle	57	lossless
NHL Powerplay 98 (USA) (En,Fr,De)	sstitle	57	lossless
NHL Rock the Rink (USA)	sstitle	57	lossless
Nagano Winter Olympics '98 (USA)	sstitle	57	lossless
Nage Libre - Rasen no Soukoku (Japan)	sstitle	57	lossless
Nainai no Meitantei (Japan)	sstitle	57	lossless
Najavu no Daibouken - My Favorite Namjatown (Japan)	sstitle	57	lossless
Nakajima Miyuki - Namiromu (Japan)	sstitle	57	lossless
Namco Anthology 1 (Japan)	sstitle	57	lossless
Namco Anthology 2 (Japan)	sstitle	57	lossless
Namco Museum Encore (Japan)	sstitle	57	lossless
Namco Museum Vol. 1 (USA)	sstitle	57	lossless
Namco Museum Vol. 2 (USA)	sstitle	57	lossless
Namco Museum Vol. 3 (USA)	sstitle	57	lossless
Namco Museum Vol. 4 (USA)	sstitle	57	lossless
Namco Museum Vol. 5 (USA)	sstitle	57	lossless
Namco Soccer Prime Goal (Europe)	sstitle	57	lossless
Namco Tennis Smash Court (Europe)	sstitle	57	lossless
Nanatsu no Hikan (Japan) (Disc 1)	sstitle	57	lossless
Naniwa Kinyuudou - Aoki Yuji no Seken Munazanyou (Japan)	sstitle	57	lossless
Naniwa no Akindo - Futte Nanbo no Saikoro Jinsei (Japan)	sstitle	57	lossless
NanoTek Warrior (USA)	sstitle	57	lossless
Naruto - Shinobi no Sato no Jintori Gassen (Japan)	sstitle	57	lossless
Natsuiro Kenjutsu Komachi (Japan) (Disc 1) (Shokai Gentei Seisanban)	sstitle	57	lossless
Navit (Japan)	sstitle	57	lossless
Nazoou (Japan)	sstitle	57	lossless
Necronomicon - Das Mysterium der Daemmerung (Germany) (Disc 1)	sstitle	57	lossless
Necronomicon - El Alba de las Tinieblas (Spain) (Disc 1)	sstitle	57	lossless
Necronomicon - Ispirato alle opere di H.P. Lovecraft (Italy) (Disc 1)	sstitle	57	lossless
Necronomicon - L'Aube des Tenebres (France) (Disc 1)	sstitle	57	lossless
Necronomicon - The Dawning of Darkness (Europe) (Disc 1)	sstitle	57	lossless
Nectaris - Military Madness (USA)	sstitle	57	lossless
Need for Speed - High Stakes (USA)	sstitle	57	lossless
Need for Speed - Porsche 2000 (Europe) (En,De,Sv)	sstitle	57	lossless
Need for Speed - Porsche Unleashed (USA)	sstitle	57	lossless
Need for Speed - Road Challenge (Europe) (En,Sv)	sstitle	57	lossless
Need for Speed - V-Rally (USA)	sstitle	57	lossless
Need for Speed - V-Rally 2 (USA)	sstitle	57	lossless
Need for Speed II (USA)	sstitle	57	lossless
Need for Speed III - Hot Pursuit (USA)	sstitle	57	lossless
Nekketsu Oyako (Japan)	sstitle	57	lossless
Neko Zamurai (Japan) (Disc 1)	sstitle	57	lossless
Neko na Ka-N-Ke-I (Japan)	sstitle	57	lossless
Nemuru Mayu (Japan)	sstitle	57	lossless
Neo Atlas (Japan)	sstitle	57	lossless
Neo Atlas II (Japan)	sstitle	57	lossless
Neo Planet (Japan)	sstitle	57	lossless
Neorude (Japan) (Disc 1) (Game Disc)	sstitle	57	lossless
Neorude - Kizamareta Monshou (Japan)	sstitle	57	lossless
Neorude 2 (Japan)	sstitle	57	lossless
Nessa no Hoshi (Japan) (Disc 1)	sstitle	57	lossless
Netz Magazine - Altezza (Japan)	sstitle	57	lossless
Netz Magazine - Vitz (Japan)	sstitle	57	lossless
Neues (Japan)	sstitle	57	lossless
Newman Haas Racing (USA)	sstitle	57	lossless
Next King - Koi no Sennen Oukoku (Japan)	sstitle	57	lossless
Next Tetris DLX, The (Japan)	sstitle	57	lossless
Next Tetris, The (USA)	sstitle	57	lossless
Nibiiro no Koubou - 32-nin no Senshachou (Japan)	sstitle	57	lossless
Nice Cats (Europe) (En,Fr,De,Nl)	sstitle	57	lossless
Nice Price Series Vol. 01 - Nihon Pro Mahjong Renmei Kounin - Honkaku Pro Mahjong (Japan)	sstitle	57	lossless
Nice Price Series Vol. 02 - Honkaku Shougi Shinan (Japan)	sstitle	57	lossless
Nice Price Series Vol. 03 - Hanafuda & Card Game (Japan)	sstitle	57	lossless
Nice Price Series Vol. 04 - Billiard King (Japan)	sstitle	57	lossless
Nice Price Series Vol. 05 - Chess & Reversi (Japan)	sstitle	57	lossless
Nice Price Series Vol. 06 - Quiz de Battle (Japan)	sstitle	57	lossless
Nice Price Series Vol. 07 - World Tournament Bowling (Japan)	sstitle	57	lossless
Nice Price Series Vol. 08 - Elemental Pinball (Japan)	sstitle	57	lossless
Nice Price Series Vol. 09 - Paradise Casino (Japan)	sstitle	57	lossless
Nice Price Series Vol. 10 - Igo o Utou! (Japan)	sstitle	57	lossless
Nice Price Series Vol. 11 - Nikakudori Deluxe (Japan)	sstitle	57	lossless
Nichibutsu Arcade Classics (Japan)	lr-titles	57	lossless
Nichibutsu Mahjong - Joshikou Meijinsen (Japan)	sstitle	57	lossless
Nick Jr. Dora the Explorer - Barnyard Buddies (USA)	sstitle	57	lossless
Nickelodeon Les Razmoket - 100% Angelica (France)	sstitle	57	lossless
Nickelodeon Les Razmoket - A la Recherche de Reptar (France)	sstitle	57	lossless
Nickelodeon Les Razmoket - Font leur Cinema (France)	sstitle	57	lossless
Nickelodeon Les Razmoket a Paris - Le Film (France)	sstitle	57	lossless
Nickelodeon Rocket Power - Team Rocket Rescue (USA)	sstitle	57	lossless
Nickelodeon Rugrats - Search for Reptar (USA)	sstitle	57	lossless
Nickelodeon Rugrats - Studio Tour (USA)	sstitle	57	lossless
Nickelodeon Rugrats - Totally Angelica (USA)	sstitle	57	lossless
Nickelodeon Rugrats in Paris - The Movie (USA)	sstitle	57	lossless
Nickelodeon SpongeBob SquarePants - SuperSponge (USA)	sstitle	57	lossless
Nicktoons Racing (USA)	sstitle	57	lossless
Night Head - The Labyrinth (Japan)	sstitle	57	lossless
Night Raid (Japan)	sstitle	57	lossless
Night Striker (Japan)	sstitle	57	lossless
Nightmare Creatures (USA)	sstitle	57	lossless
Nightmare Creatures II (USA)	sstitle	57	lossless
Nightmare Project - Yakata (Japan) (Disc 1)	sstitle	57	lossless
Nihon Pro Golf Kyoukai Kanshuu - Double Eagle (Japan)	sstitle	57	lossless
Nihon Pro Mahjong Renmei Kounin - Doujou Yaburi (Japan)	sstitle	57	lossless
Nihon Pro Mahjong Renmei Kounin - Doujou Yaburi 2 (Japan)	sstitle	57	lossless
Nihon Pro Mahjong Renmei Kounin - Honkaku Pro Mahjong - Shin Tetsuman (Japan)	sstitle	57	lossless
Nihon Pro Mahjong Renmei Kounin - Tehodoki Mahjong Nyuumon-hen (Japan)	sstitle	57	lossless
Nihon Sumou Kyoukai Kounin - Nihon Oozumou (Japan)	sstitle	57	lossless
Nijiiro Dodgeball - Otometachi no Seishun (Japan)	sstitle	57	lossless
Nijiiro Twinkle - Guru Guru Daisakusen (Japan)	sstitle	57	lossless
Ningyo no Rakuin (Japan)	sstitle	57	lossless
Ninja - L'Ombre des Tenebres (France)	sstitle	57	lossless
Ninja - Shadow of Darkness (USA)	sstitle	57	lossless
Ninja Jajamaru-kun - Onigiri Ninpouchou (Japan)	sstitle	57	lossless
Ninkuu (Japan)	sstitle	57	lossless
Ninpuu Sentai Hurricanger & Kamen Rider Ryuuki (Japan) (2-dai Hero Special Disc Taikenban)	sstitle	57	lossless
Ninpuu Sentai Hurricanger (Japan)	lr-titles	57	lossless
Ninteiou - Zen Nihon Tsume Shougi Renmei Kaichou Okada Toshi no Tsume Shougi Kyoushitsu (Japan)	sstitle	57	lossless
Nishijin Pachinko Tengoku EX (Japan)	sstitle	57	lossless
Nishijin Pachinko Tengoku Vol. 1 (Japan)	sstitle	57	lossless
Nishijin Pachinko Tengoku Vol. 2 (Japan)	sstitle	57	lossless
Nishijin Pachinko Tengoku Vol. 3 (Japan)	sstitle	57	lossless
Nishijin Pachinko Tettei Kouryaku - CR Hanaman Sokuhou & CR Obake Land (Japan)	sstitle	57	lossless
Nissan Presents - Over Drivin' - Skyline Memorial (Japan)	sstitle	57	lossless
No Fear Downhill Mountain Bike Racing (USA)	sstitle	57	lossless
No One Can Stop Mr. Domino (USA)	sstitle	57	lossless
No-appointment Gals Olympos - Apo Nashi Gals Olympos (Japan)	sstitle	57	lossless
Nobunaga Hiroku - Geten no Yume (Japan)	sstitle	57	lossless
Nobunaga Shippuuki - Kirameki (Japan)	sstitle	57	lossless
Nobunaga no Yabou - Bushou Fuuunroku (Japan)	sstitle	57	lossless
Nobunaga no Yabou - Haouden (Japan)	sstitle	57	lossless
Nobunaga no Yabou - Reppuuden (Japan)	sstitle	57	lossless
Nobunaga no Yabou - Returns (Japan)	sstitle	57	lossless
Nobunaga no Yabou - Sengoku Gunyuuden (Japan)	sstitle	57	lossless
Nobunaga no Yabou - Shouseiroku (Japan)	sstitle	57	lossless
Nobunaga no Yabou - Tenshouki (Japan)	sstitle	57	lossless
Nobunaga no Yabou - Zenkokuban (Japan)	sstitle	57	lossless
Noddy's Magic Adventure (Europe) (En,Fr)	sstitle	57	lossless
Noel - La Neige (Japan) (Disc 1)	sstitle	57	lossless
Noel - La Neige Special (Japan)	sstitle	57	lossless
Noel - Not Digital (Japan) (Disc 1)	sstitle	57	lossless
Noel 3 - Mission on the Line (Japan) (Disc 1)	sstitle	57	lossless
Noon (Japan)	sstitle	57	lossless
Norse by Norsewest - The Return of the Lost Vikings (USA)	sstitle	57	lossless
Not Treasure Hunter (Japan)	sstitle	57	lossless
Notam of Wind (Japan, Asia)	sstitle	57	lossless
Note, The (Europe) (En,Fr,De,Es,It)	sstitle	57	lossless
Novastorm (USA) (Disc 1)	sstitle	57	lossless
Novels - Game Center Arashi R (Japan)	sstitle	57	lossless
NuPa - Numeric Paint Puzzle (Japan)	sstitle	57	lossless
Nuclear Strike (USA)	sstitle	57	lossless
Nukumori no Naka de - In the Warmth (Japan)	sstitle	57	lossless
Nurse Story (Japan)	sstitle	57	lossless
Nyan to Wonderful (Japan)	sstitle	57	lossless
O.D.T. (USA)	sstitle	57	lossless
Oasis Road (Japan)	sstitle	57	lossless
Ocha no Ma Battle (Japan)	sstitle	57	lossless
Oda Nobunaga Den (Japan)	sstitle	57	lossless
Oddworld - Abe's Exoddus (USA) (Disc 1)	sstitle	57	lossless
Oddworld - Abe's Oddysee (USA)	sstitle	57	lossless
Oddworld - L'Exode d'Abe (France) (Disc 1)	sstitle	57	lossless
Oddworld - L'Odyssee d'Abe (France)	sstitle	57	lossless
Odo Odo Oddity (Japan)	sstitle	57	lossless
Oehlins Hyper-Rally (Japan)	sstitle	57	lossless
Off-World Interceptor Extreme (USA)	sstitle	57	lossless
Ogre Battle - Limited Edition (USA)	sstitle	57	lossless
Oh No! (Japan)	sstitle	57	lossless
Oh! Bakyuuun (Japan)	sstitle	57	lossless
Oh-chan no Oekaki Logic (Japan)	sstitle	57	lossless
Oh-chan no Oekaki Logic 2 (Japan)	sstitle	57	lossless
Oh-chan no Oekaki Logic 3 (Japan)	sstitle	57	lossless
Oha Suta Dance Dance Revolution (Japan)	sstitle	57	lossless
Oja Majo DoReMi Dokkan! Nijiiro ParaDice (Japan)	sstitle	57	lossless
Ojousama Express (Japan) (Disc 1)	sstitle	57	lossless
Okappari-ou (Japan)	sstitle	57	lossless
Olympia, Takasago - Virtua Pachi-Slot III (Japan)	sstitle	57	lossless
Olympia, Yamasa - Virtua Pachi-Slot II - Jissen! Bishoujo Kouryakuhou (Japan)	sstitle	57	lossless
Olympic Games (Europe) (En,Fr,De,Es,It)	lr-titles	57	lossless
Olympic Soccer (USA)	sstitle	57	lossless
Olympic Summer Games (USA)	sstitle	57	lossless
Omega Assault (Europe)	sstitle	57	lossless
Omega Boost (USA)	sstitle	57	lossless
Omiai Commando - Ba-Couple ni Tsukkomi o (Japan)	sstitle	57	lossless
Omise de Tenshu (Japan)	sstitle	57	lossless
Omizu no Hanamichi (Japan)	sstitle	57	lossless
One (USA)	sstitle	57	lossless
One Piece Mansion (USA)	sstitle	57	lossless
One Two Smash - Tanoshii Tennis (Japan)	sstitle	57	lossless
Ongaku Tkool 3 (Japan)	sstitle	57	lossless
Oni Taiji!!, The - Mezase! Nidaime Momotarou (Japan)	sstitle	57	lossless
Onside Complete Soccer (Europe) (En,Fr,De,Es)	sstitle	57	lossless
Ooedo Fuusui Ingaritsu - Hanabi 2 (Japan)	sstitle	57	lossless
Ooumi Nobunaga Den - Geten II (Japan)	lr-titles	57	lossless
Open Golf, The - History of Turnberry (Japan)	sstitle	57	lossless
Option - Tuning Car Battle (Japan)	sstitle	57	lossless
Option - Tuning Car Battle 2 (Japan)	sstitle	57	lossless
Option - Tuning Car Battle Spec R (Japan)	sstitle	57	lossless
Oracle no Houseki - Jewels of the Oracle (Japan) (En,Ja,Fr,De)	lr-titles	57	lossless
Ore no Ryouri (Japan)	sstitle	57	lossless
Ore no Shikabane o Koete Yuke (Japan)	sstitle	57	lossless
Ore no Yotto - Ganbare! Nippon Challenge (Japan) (En,Ja)	sstitle	57	lossless
Ore! Tomba (Japan)	sstitle	57	lossless
Oro e Gloria - La Strada per El Dorado (Italy)	sstitle	57	lossless
Osaka Naniwa Matenrou (Japan)	sstitle	57	lossless
Oshigoto-shiki Jinsei Game - Mezase Shokugyou King (Japan)	sstitle	57	lossless
Otenki Kororin (Japan)	lr-titles	57	lossless
Othello World II - Yume to Michi e no Chousen (Japan)	sstitle	57	lossless
Other Life Azure Dreams (Japan, Asia)	sstitle	57	lossless
Otogi Story - Tenshi no Shippo (Japan)	sstitle	57	lossless
Otona no Asobi (Japan)	sstitle	57	lossless
Oujisama Lv1 (Japan)	sstitle	57	lossless
Oujisama Lv1.5 - Oujisama no Tamago (Japan)	sstitle	57	lossless
Oukyuu no Hihou Tension (Japan)	sstitle	57	lossless
Oumagatoki (Japan)	sstitle	57	lossless
Oumagatoki 2 (Japan)	sstitle	57	lossless
Our Graduation - Mahjong de Pon! Hanafuda de Koi! (Japan) (Disc 1) (Mahjong de Pon!)	sstitle	57	lossless
Out Live - Be Eliminate Yesterday (Japan)	sstitle	57	lossless
Over Drivin' DX (Japan)	sstitle	57	lossless
Over Drivin' II (Japan)	sstitle	57	lossless
Over Drivin' III - Hot Pursuit (Japan)	sstitle	57	lossless
Over Drivin' IV (Japan)	sstitle	57	lossless
OverBlood (USA)	sstitle	57	lossless
OverBlood 2 (Europe) (Disc 1)	sstitle	57	lossless
Overboard! (Europe)	sstitle	57	lossless
Oyaji no Jikan - Nee-chan Hanafuda de Shoubu ya! (Japan)	sstitle	57	lossless
Oyaji no Jikan - Nee-chan Mahjong de Shoubu ya! (Japan)	lr-titles	57	lossless
Oyaji no Jikan - Nee-chan Tsuri Iku de! (Japan)	sstitle	57	lossless
Oyako Entertainment Series - TV Kamishibai Vol. 1 (Japan)	sstitle	57	lossless
Oz no Mahoutsukai - Another World - Rung Rung (Japan)	sstitle	57	lossless
PAQA (Japan)	sstitle	57	lossless
PD Ultraman Invader (Japan)	sstitle	57	lossless
PGA European Tour Golf (Europe) (En,De)	sstitle	57	lossless
PGA Tour 96 (USA)	sstitle	57	lossless
PGA Tour 97 (USA)	sstitle	57	lossless
PGA Tour 98 (USA)	sstitle	57	lossless
PO'ed (USA)	sstitle	57	lossless
PaRappa the Rapper (USA) (En,Fr,De,Es,It)	sstitle	57	lossless
Pac-Man World - 20th Anniversary (USA)	sstitle	57	lossless
Paca Paca Passion (Japan)	sstitle	57	lossless
Paca Paca Passion 2 (Japan)	sstitle	57	lossless
Paca Paca Passion Special (Japan)	sstitle	57	lossless
Pachi Pachi Saga (Japan)	sstitle	57	lossless
Pachi Slot Teiou - Big Wave, Pika Gorou, BB Junky 7 (Japan)	sstitle	57	lossless
Pachi Slot Teiou W - Arabesque R, Hot Rod Queen (Japan)	sstitle	57	lossless
Pachi-Slot Aruze Oukoku (Japan)	sstitle	57	lossless
Pachi-Slot Aruze Oukoku 2 (Japan)	sstitle	57	lossless
Pachi-Slot Aruze Oukoku 3 (Japan)	sstitle	57	lossless
Pachi-Slot Aruze Oukoku 4 (Japan)	sstitle	57	lossless
Pachi-Slot Aruze Oukoku 5 (Japan)	sstitle	57	lossless
Pachi-Slot Aruze Oukoku 7 (Japan) (Disc 2) (4th Reel Disc)	sstitle	57	lossless
Pachi-Slot Kanzen Kaiseki - Wai Wai Pulsar 2 & 77 2 (Japan)	sstitle	57	lossless
Pachi-Slot Kanzen Kouryaku - Aruze Koushiki Guide Volume 4 (Japan)	sstitle	57	lossless
Pachi-Slot Kanzen Kouryaku - Cranky Pro (Japan)	sstitle	57	lossless
Pachi-Slot Kanzen Kouryaku - Takasago Super Project (Japan)	sstitle	57	lossless
Pachi-Slot Kanzen Kouryaku - Takasago Super Project 2 (Japan)	sstitle	57	lossless
Pachi-Slot Kanzen Kouryaku - Universal Koushiki Guide Volume 1 (Japan)	sstitle	57	lossless
Pachi-Slot Kanzen Kouryaku - Universal Koushiki Guide Volume 2 (Japan)	sstitle	57	lossless
Pachi-Slot Kanzen Kouryaku - Universal Koushiki Guide Volume 3 (Japan)	sstitle	57	lossless
Pachi-Slot Master - Sammy SP (Japan)	sstitle	57	lossless
Pachi-Slot Teiou - Battle Knight, Atlantis Doom (Japan)	sstitle	57	lossless
Pachi-Slot Teiou - Beat the Dragon 2 (Japan)	sstitle	57	lossless
Pachi-Slot Teiou - Bunny Girl SP (Japan)	sstitle	57	lossless
Pachi-Slot Teiou - Dateline Pegasus (Japan)	sstitle	57	lossless
Pachi-Slot Teiou - Golgo 13, Las Vegas (Japan)	sstitle	57	lossless
Pachi-Slot Teiou - Maker Suishou Manual Vol. 2 - Ice Story (Japan)	sstitle	57	lossless
Pachi-Slot Teiou - Maker Suishou Manual Vol. 3 - I'm Angel - White 2 & Blue 2 (Japan)	sstitle	57	lossless
Pachi-Slot Teiou - Maker Suishou Manual Vol. 4 - Exhaust, Ooedo Sakura Fubuki 2 (Japan)	sstitle	57	lossless
Pachi-Slot Teiou - Maker Suishou Manual Vol. 5 - Race Queen 2, Tomcat (Japan)	sstitle	57	lossless
Pachi-Slot Teiou - Maker Suishou Manual Vol. 6 - Takarabune (Japan)	sstitle	57	lossless
Pachi-Slot Teiou - Maker Suishou Manual Vol. 7 - Trick Monster 2 (Japan)	sstitle	57	lossless
Pachi-Slot Teiou - Naniwa Sakura Fubuki (Japan)	sstitle	57	lossless
Pachi-Slot Teiou - Shimauta-30, Twist, Nangoku Monogatari-30 (Japan)	sstitle	57	lossless
Pachi-Slot Teiou - Yamasa Remix (Japan)	sstitle	57	lossless
Pachi-Slot Teiou 2 - Kagetsu, Two Pair, Beaver X (Japan)	sstitle	57	lossless
Pachi-Slot Teiou 3 - Sea Master X, Epsilon R, Wai Wai Pulsar 2 (Japan)	sstitle	57	lossless
Pachi-Slot Teiou 4 - Oicho Kaba X, Magical Pops, LequiO-30 (Japan)	sstitle	57	lossless
Pachi-Slot Teiou 5 - Kongdom, Super Star Dust 2, Flying Momonga (Japan)	sstitle	57	lossless
Pachi-Slot Teiou 6 - Kung-Fu Lady, BangBang, Prelude 2 (Japan)	sstitle	57	lossless
Pachi-Slot Teiou 7 - Maker Suishou Manual Vol. 1 - Beat the Dragon 2, Lupin Sansei, Hot Rod Queen (Japan)	sstitle	57	lossless
Pachi-Slot Teiou Mini - Dr. A7 (Japan)	sstitle	57	lossless
Pachinko Dream (Japan)	sstitle	57	lossless
Pachinko Hall - Shinsou Daikaiten (Japan)	sstitle	57	lossless
Pachinko Teiou - CR Sore Ute Hama-chan 2 & CR Sore Yuke Matchan S (Japan)	sstitle	57	lossless
Pachio-kun - Pachinko Land Daibouken (Japan)	sstitle	57	lossless
Pachitte Chonmage - Ouendan & C. C. Girls (Japan)	sstitle	57	lossless
Pachitte Chonmage 2 - Kyoraku Kounin Tanukichi 2000 & Jungle P (Japan)	sstitle	57	lossless
Pachitte Chonmage 3 - Kyoraku Kounin Gladiator & Tama-chan (Japan)	sstitle	57	lossless
Pajama Sam - You Are What You Eat from Your Head to Your Feet (USA)	sstitle	57	lossless
Pal - Shinken Densetsu (Japan)	sstitle	57	lossless
Palm Town (Japan)	sstitle	57	lossless
Pandemonium 2 (USA)	sstitle	57	lossless
Pandemonium! (USA)	sstitle	57	lossless
Pandora Max Series Vol. 1 - Dragon Knights Glorious (Japan)	sstitle	57	lossless
Pandora Max Series Vol. 2 - Shisha no Yobu Yakata (Japan)	sstitle	57	lossless
Pandora Max Series Vol. 3 - Rubbish Blazon (Japan)	sstitle	57	lossless
Pandora Max Series Vol. 4 - Catch! Kimochi Sensation (Japan)	sstitle	57	lossless
Pandora Max Series Vol. 5 - Gochachiru (Japan)	sstitle	57	lossless
Pandora Max Series Vol. 6 - Oni Zero - Fukkatsu (Japan)	sstitle	57	lossless
Pandora Project - The Logic Master (Japan)	sstitle	57	lossless
Panekit - Infinitive Crafting Toy Case (Japan)	sstitle	57	lossless
Panel Quiz Attack 25 (Japan)	sstitle	57	lossless
Panzer Bandit (Japan)	sstitle	57	lossless
Panzer Front (USA)	sstitle	57	lossless
Panzer Front bis. (Japan)	sstitle	57	lossless
Panzer General (USA)	sstitle	57	lossless
Pao Leeming Kanshuu - Fuusui Nyuumon (Japan)	sstitle	57	lossless
Paradise Casino (Europe)	sstitle	57	lossless
Paranoia Scape (Japan)	sstitle	57	lossless
Parasite Eve (USA) (Disc 1)	sstitle	57	lossless
Parasite Eve II (USA, Canada) (Disc 1)	sstitle	57	lossless
Paris-Marseille Racing (France)	sstitle	57	lossless
Paris-Marseille Racing II (France)	sstitle	57	lossless
Parlor Station (Japan)	sstitle	57	lossless
Parlor! Pro (Japan)	sstitle	57	lossless
Parlor! Pro 2 (Japan)	sstitle	57	lossless
Parlor! Pro 3 (Japan)	sstitle	57	lossless
Parlor! Pro 4 (Japan)	sstitle	57	lossless
Parlor! Pro 5 (Japan)	sstitle	57	lossless
Parlor! Pro 6 (Japan)	sstitle	57	lossless
Parlor! Pro 7 (Japan)	sstitle	57	lossless
Parlor! Pro 8 (Japan)	sstitle	57	lossless
Parlor! Pro Collection (Japan)	lr-titles	57	lossless
Parlor! Pro Jr. Collection (Japan)	sstitle	57	lossless
Parlor! Pro Jr. Vol. 1 - CR Dera Maitta J-3 (Japan)	sstitle	57	lossless
Parlor! Pro Jr. Vol. 2 - CR Lupin Sansei K (Japan)	sstitle	57	lossless
Parlor! Pro Jr. Vol. 3 - CR Shin Pikaichi Tengoku T (Japan)	sstitle	57	lossless
Parlor! Pro Jr. Vol. 4 - Thunder Skeleton X (Japan)	sstitle	57	lossless
Parlor! Pro Jr. Vol. 5 - CR Fruit World X (Japan)	sstitle	57	lossless
Parlor! Pro Jr. Vol. 6 - CR Tsumo Tsumo Tengoku Nan 2-kyoku (Japan)	sstitle	57	lossless
Parlor! Pro Special - CR Harenchi Gakuen & CR Toukon (Japan)	sstitle	57	lossless
Paro Wars (Japan)	sstitle	57	lossless
Parodius (Europe)	sstitle	57	lossless
Pastel Muses (Japan)	sstitle	57	lossless
Patriotic Pinball (USA)	sstitle	57	lossless
Pax Corpus (Europe) (En,Fr,De)	sstitle	57	lossless
Peak Performance (USA)	sstitle	57	lossless
Pebble Beach no Hatou Plus (Japan)	sstitle	57	lossless
Penny Racers (Europe)	sstitle	57	lossless
Pepsiman (Japan)	sstitle	57	lossless
Perfect Assassin (Europe) (En,Fr,De,Es,It)	sstitle	57	lossless
Perfect Fishing - Bass Tsuri (Japan)	sstitle	57	lossless
Perfect Fishing - Isozuri (Japan)	sstitle	57	lossless
Perfect Golf 2 (Japan)	sstitle	57	lossless
Perfect Golf, The (Japan)	sstitle	57	lossless
Perfect Performer - The Yellow Monkey (Japan)	sstitle	57	lossless
Perfect Weapon (USA)	sstitle	57	lossless
Persona (USA)	sstitle	57	lossless
Persona 2 - Batsu - Eternal Punishment (Japan) (Disc 1)	sstitle	57	lossless
Persona 2 - Eternal Punishment (USA)	sstitle	57	lossless
Persona 2 - Tsumi - Innocent Sin (Japan)	sstitle	57	lossless
Pet Pet Pet (Japan)	sstitle	57	lossless
Pet in TV (Europe)	sstitle	57	lossless
Pet in TV - With My Dear Dog (Japan)	sstitle	57	lossless
Peter Jacobsen's Golden Tee Golf (USA)	sstitle	57	lossless
Peter Pan in Disney's Return to Never Land (USA)	sstitle	57	lossless
Petit Dinosaure, Le - Retour vers la Grande Vallee (France)	sstitle	57	lossless
Phat Air - Extreme Snowboarding (Europe)	sstitle	57	lossless
Philosoma (USA)	sstitle	57	lossless
Phix - The Adventure (USA)	sstitle	57	lossless
Photo Genic (Japan)	sstitle	57	lossless
Pierrafeu, Les - Bedrock Bowling (France)	sstitle	57	lossless
Pikiinya! Excellent (Japan)	sstitle	57	lossless
Pikupiku Sentaro - Puzzle de Gohan! (Japan)	sstitle	57	lossless
Pilot ni Narou! (Japan)	sstitle	57	lossless
Pinball Fantasies Deluxe (Japan)	sstitle	57	lossless
Pinball Power (Europe)	sstitle	57	lossless
Pink Panther - Pinkadelic Pursuit (USA)	sstitle	57	lossless
Pinobee (USA)	sstitle	57	lossless
Pinobee no Daibouken (Japan)	sstitle	57	lossless
Pinocchia no Miru Yume (Japan)	sstitle	57	lossless
Pipe Dreams 3D (USA)	sstitle	57	lossless
Pipe Mania 3D (Europe) (En,Fr,De,Es,It)	sstitle	57	lossless
Pitball (USA)	sstitle	57	lossless
Pitfall 3D - Beyond the Jungle (USA)	sstitle	57	lossless
Pixygarden (Japan) (Disc 1) (Game Disc)	sstitle	57	lossless
Planet Dob (Japan)	sstitle	57	lossless
Planet Laika (Japan)	sstitle	57	lossless
Planet of the Apes (USA)	sstitle	57	lossless
Play de Oboeru Chuugaku Eitango Deruderu 1200 (Japan)	sstitle	57	lossless
Play de Oboeru Eijukugo Deruderu 750 (Japan)	sstitle	57	lossless
Play de Oboeru Eitango Deruderu 1700 - Center Shiken Level Taiou (Japan)	sstitle	57	lossless
Play de Oboeru Series - Nihonshi Keyword Deruderu 1800 (Japan)	sstitle	57	lossless
Play de Oboeru Series - Sekaishi Keyword Deruderu 1800 (Japan)	sstitle	57	lossless
Play de Oboeru Series 6 - Play de Oboeru Kanji Kentei Deruderu 1100 (Japan)	sstitle	57	lossless
Play de Oboeru Series 7 - Play de Oboeru TOEIC Test - Goku Deruderu 1700 (Japan)	sstitle	57	lossless
Play with the Teletubbies (USA)	sstitle	57	lossless
PlayStadium (Japan)	sstitle	57	lossless
PlayStadium 2 (Japan)	sstitle	57	lossless
PlayStadium 3 (Japan)	sstitle	57	lossless
PlayStadium 4 - Fumetsu no Dai League Ball (Japan)	sstitle	57	lossless
PlayStation Comic - 2999-nen no Game Kids (Japan)	sstitle	57	lossless
PlayStation Comic - Carol the DarkAngel (Japan)	sstitle	57	lossless
Player Manager (Europe) (En,Fr,De,Es,It,Sv,No)	sstitle	57	lossless
Player Manager 2000 (Europe)	sstitle	57	lossless
Player Manager Ninety Nine (Europe)	sstitle	57	lossless
Player Manager Novanta Nove (Italy)	sstitle	57	lossless
Plue no Daibouken from Groove Adventure Rave (Japan)	sstitle	57	lossless
PoPoLoCrois Monogatari (Japan)	sstitle	57	lossless
PoPoLoCrois Monogatari II (Japan, Asia) (Disc 1)	sstitle	57	lossless
PoPoRoGue (Japan)	sstitle	57	lossless
Pocke-Kano - Aida Yumi (Japan)	sstitle	57	lossless
Pocke-Kano - Houjouin Shizuka (Japan)	sstitle	57	lossless
Pocke-Kano - Ueno Fumio (Japan)	sstitle	57	lossless
Pocket DigimonWorld (Japan)	sstitle	57	lossless
Pocket DigimonWorld - Cool & Nature Battle Disc (Japan)	sstitle	57	lossless
Pocket DigimonWorld - Wind Battle Disc (Japan)	sstitle	57	lossless
Pocket Dungeon (Japan)	sstitle	57	lossless
Pocket Family - Happy Family Plan (Japan)	sstitle	57	lossless
Pocket Fighter (USA)	sstitle	57	lossless
Pocket Jiman (Japan)	sstitle	57	lossless
Pocket MuuMuu (Japan)	sstitle	57	lossless
Pocket Tuner (Japan)	sstitle	57	lossless
Point Blank (USA)	sstitle	57	lossless
Point Blank 2 (USA)	sstitle	57	lossless
Point Blank 3 (USA)	sstitle	57	lossless
Poitter's Point (Japan)	sstitle	57	lossless
Poitter's Point 2 - Sodom no Inbou (Japan, Asia)	sstitle	57	lossless
Polaris SnoCross (USA)	sstitle	57	lossless
Policenauts (Japan) (Disc 1)	sstitle	57	lossless
Pong - The Next Level (USA)	sstitle	57	lossless
Pooh-san no Minna de Mori no Daikyousou! (Japan)	sstitle	57	lossless
Pool Academy (Europe) (En,Fr,De)	sstitle	57	lossless
Pool Hustler (USA)	sstitle	57	lossless
Pop de Cute na Shinri Test - Alabama (Japan)	sstitle	57	lossless
Pop n' Pop (Europe)	sstitle	57	lossless
Pop'n Music (Japan)	sstitle	57	lossless
Pop'n Music - Animation Melody (Japan)	sstitle	57	lossless
Pop'n Music - Disney Tunes (Japan)	sstitle	57	lossless
Pop'n Music 2 (Japan)	sstitle	57	lossless
Pop'n Music 3 - Append Disc (Japan)	sstitle	57	lossless
Pop'n Music 4 - Append Disc (Japan)	sstitle	57	lossless
Pop'n Music 5 (Japan)	sstitle	57	lossless
Pop'n Music 6 (Japan)	sstitle	57	lossless
Pop'n Tanks! (Japan)	sstitle	57	lossless
Populous - The Beginning (USA)	sstitle	57	lossless
Porsche Challenge (USA) (En,Fr,Es)	sstitle	57	lossless
Posit (Japan)	sstitle	57	lossless
Potestas (Japan)	sstitle	57	lossless
Pour l'Or et la Gloire - La Route d'Eldorado (France)	sstitle	57	lossless
Power Diggerz (Europe) (En,Fr,De)	sstitle	57	lossless
Power DoLLS 2 (Japan)	sstitle	57	lossless
Power League (Japan)	sstitle	57	lossless
Power Move Pro Wrestling (USA)	sstitle	57	lossless
Power Play - Sports Trivia (USA)	sstitle	57	lossless
Power Rangers Pinball (Japan)	sstitle	57	lossless
Power Serve 3D Tennis (USA)	sstitle	57	lossless
Power Shovel (USA)	sstitle	57	lossless
Power Shovel ni Norou!! (Japan)	sstitle	57	lossless
Power Spike - Pro Beach Volleyball (USA)	sstitle	57	lossless
Power Stakes (Japan)	sstitle	57	lossless
Power Stakes 2 (Japan)	sstitle	57	lossless
Power Stakes Grade 1 (Japan)	sstitle	57	lossless
Powerpuff Girls, The - Chemical X-Traction (USA) (En,Es)	sstitle	57	lossless
Powerslave (USA)	sstitle	57	lossless
Poy Poy (USA)	sstitle	57	lossless
Poy Poy 2 (Europe)	sstitle	57	lossless
Premier Manager 2000 (Europe)	sstitle	57	lossless
Premier Manager 98 (Europe)	sstitle	57	lossless
Premier Manager Ninety Nine (Europe)	sstitle	57	lossless
Primal Rage (USA)	sstitle	57	lossless
Primera Division Stars (Spain)	sstitle	57	lossless
Prince Naseem Boxing (Europe) (En,Fr,De,Es,It)	sstitle	57	lossless
Princess Maker - Go! Go! Princess (Japan)	sstitle	57	lossless
Princess Maker - Pocket Daisakusen (Japan)	sstitle	57	lossless
Princess Maker - Yumemiru Yousei (Japan, Asia)	sstitle	57	lossless
Prism Court (Japan)	sstitle	57	lossless
Prism Land (Japan)	sstitle	57	lossless
Prism Land Story (Europe)	lr-titles	57	lossless
Prismaticallization (Japan)	sstitle	57	lossless
Prisoner (Japan)	sstitle	57	lossless
Prisoner of Ice - Jashin Kourin (Japan)	lr-titles	57	lossless
Private Collection - Tokimeki Memorial (Japan)	sstitle	57	lossless
Pro 18 - World Tour Golf (USA)	sstitle	57	lossless
Pro Backgammon (Europe)	sstitle	57	lossless
Pro Body Boarding (Europe) (En,Fr,De)	sstitle	57	lossless
Pro Evolution Soccer (Europe) (Es,It)	sstitle	57	lossless
Pro Evolution Soccer 2 (Europe) (Es,It)	sstitle	57	lossless
Pro Logic Mahjong Haishin (Japan)	sstitle	57	lossless
Pro Mahjong Kiwame - Tengensen-hen (Japan)	sstitle	57	lossless
Pro Mahjong Kiwame Plus (Japan)	sstitle	57	lossless
Pro Mahjong Kiwame Plus II (Japan)	sstitle	57	lossless
Pro Mahjong Tsuwamono 2 (Japan)	sstitle	57	lossless
Pro Mahjong Tsuwamono 3 (Japan)	sstitle	57	lossless
Pro Mahjong Tsuwamono Series - Joryuu Janshi ni Chousen - Watashitachi ni Chousen Shite ne! (Japan)	sstitle	57	lossless
Pro Mahjong, The - Menkyo Kaiden (Japan)	sstitle	57	lossless
Pro Pinball - Big Race USA (USA)	sstitle	57	lossless
Pro Pinball - Fantastic Journey (USA)	sstitle	57	lossless
Pro Pinball - Timeshock! (USA)	sstitle	57	lossless
Pro Racer (Europe)	sstitle	57	lossless
Pro Wres Sengokuden - Hyper Tag Match (Japan)	sstitle	57	lossless
Pro Wrestling Sengokuden 2 - Kakutou Emaki (Japan)	sstitle	57	lossless
Pro Yakyuu Nettou Puzzle Stadium (Japan)	sstitle	57	lossless
Pro Yakyuu Simulation Dugout '99 (Japan)	sstitle	57	lossless
Pro-Pinball (USA)	sstitle	57	lossless
Professional Underground League of Pain (USA)	sstitle	57	lossless
Project - Horned Owl (USA)	sstitle	57	lossless
Project Gaiaray (Japan, Asia)	sstitle	57	lossless
Project Overkill (USA)	sstitle	57	lossless
Project V6 (Japan)	sstitle	57	lossless
Proof Club (Japan)	sstitle	57	lossless
Psybadek (USA)	sstitle	57	lossless
Psychic Detective (USA) (Disc 1)	sstitle	57	lossless
Psychic Force (USA)	sstitle	57	lossless
Psychic Force - Puzzle Taisen (Japan) (Disc 1) (Game Disc)	sstitle	57	lossless
Psychic Force 2 (Europe)	lr-titles	57	lossless
Psychometrer Eiji (Japan)	sstitle	57	lossless
Puchi Carat (Europe)	sstitle	57	lossless
Puffy no P.S. I Love You (Japan)	sstitle	57	lossless
Puma Street Soccer (Europe) (En,Fr,De,It)	sstitle	57	lossless
Punch the Monkey! Game Edition (Japan)	sstitle	57	lossless
Punky Skunk (USA)	sstitle	57	lossless
Puppet Zoo Pilomy (Japan) (En,Ja)	sstitle	57	lossless
Purumui Purumui (Japan)	sstitle	57	lossless
Pururun! with Shape Up Girls (Japan)	sstitle	57	lossless
Putter Golf (USA)	sstitle	57	lossless
Puyo Puyo Box (Japan)	sstitle	57	lossless
Puyo Puyo Sun - Ketteiban (Japan)	sstitle	57	lossless
Puyo Puyo Tsuu - Ketteiban (Japan, Asia)	sstitle	57	lossless
Puyo Puyoon - Car-kun to Issho (Japan)	sstitle	57	lossless
Puzz Loop (Japan)	sstitle	57	lossless
Puzzle Arena Toushinden (Japan)	sstitle	57	lossless
Puzzle Bobble 2 (Japan)	sstitle	57	lossless
Puzzle Bobble 3DX (Japan)	sstitle	57	lossless
Puzzle Bobble 4 (Japan)	sstitle	57	lossless
Puzzle Mania (Japan)	sstitle	57	lossless
Puzzle Mania 2 (Japan)	sstitle	57	lossless
Puzznic (USA)	sstitle	57	lossless
Pyjama Sam - Heros du Gouter (France)	sstitle	57	lossless
Pyjama Sam - Suessigkeiten kriegen Saures (Germany)	sstitle	57	lossless
Q-bert (USA)	sstitle	57	lossless
Qix Neo (USA)	sstitle	57	lossless
Quaddle Family Mysteries, The 1 - The Case of the Scarce Scarab - Lobby & Kitchen (USA)	sstitle	57	lossless
Quaddle Family Mysteries, The 2 - The Case of the Scarce Scarab - Garden (USA)	sstitle	57	lossless
Quaddle Family Mysteries, The 3 - The Case of the Scarce Scarab - Parlor & Family Room (USA)	sstitle	57	lossless
Quake II (USA)	sstitle	57	lossless
Quantum Gate I - Akumu no Joshou (Japan)	lr-titles	57	lossless
Queen's Road (Japan)	sstitle	57	lossless
Quest for Fame - Be a Virtual Rock Legend (Japan) (Disc 1)	sstitle	57	lossless
Qui Veut Gagner des Millions (France)	sstitle	57	lossless
Quiz Chara-Oke Don! Toei Tokusatsu Hero Part 1 (Japan)	sstitle	57	lossless
Quiz Chara-Oke Don! Toei Tokusatsu Hero Part 2 (Japan)	sstitle	57	lossless
Quiz Darake no Jinsei Game - Un to Atama de Daifugou! (Japan)	sstitle	57	lossless
Quiz Nanairo Dreams - Nijiiro-chou no Kiseki (Japan)	sstitle	57	lossless
Quiz Show (Italy) (Disc 1) (CD Gioco)	sstitle	57	lossless
Quiz$Millionaire - Waku Waku Party (Japan)	sstitle	57	lossless
QuoVadis - Iverkurtz Sen'eki (Japan)	sstitle	57	lossless
R (Japan) (Disc 1) (Shokai Genteiban)	sstitle	57	lossless
R-C Stunt Copter (USA)	sstitle	57	lossless
R-Type Delta (USA)	sstitle	57	lossless
R-Types (USA)	sstitle	57	lossless
R4 - Ridge Racer Type 4 (USA)	sstitle	57	lossless
RC Helicopter (USA)	sstitle	57	lossless
RC Revenge (USA)	sstitle	57	lossless
RC de Go! (USA)	sstitle	57	lossless
RMJ - The Mystery Hospital (Japan) (Disc 1) (What's Going On)	sstitle	57	lossless
RPG Maker (USA)	sstitle	57	lossless
RPG Tkool 3 (Japan)	sstitle	57	lossless
RPG Tkool 4 (Japan)	sstitle	57	lossless
RTL Skispringen 2002 (Germany) (En,De)	sstitle	57	lossless
Raamen-bashi (Japan)	sstitle	57	lossless
Race Drivin' a Go! Go! (Japan)	sstitle	57	lossless
Racing (USA) (En,Fr,Es)	sstitle	57	lossless
Racing Lagoon (Japan, Asia)	sstitle	57	lossless
Racingroovy VS (Japan)	sstitle	57	lossless
Radikal Bikers (Europe) (En,Fr,De,Es,It)	sstitle	57	lossless
Rage Racer (USA)	sstitle	57	lossless
Rageball (USA)	sstitle	57	lossless
Raging Skies (Europe) (En,Fr,De)	sstitle	57	lossless
Raiden DX (Japan)	sstitle	57	lossless
Raiden Project (Japan)	sstitle	57	lossless
Raiden Project, The (USA)	sstitle	57	lossless
Railroad Tycoon II (USA)	sstitle	57	lossless
Rakugaki Showtime (Japan)	sstitle	57	lossless
Rally Cross (USA)	sstitle	57	lossless
Rally Cross 2 (USA)	sstitle	57	lossless
Rally de Africa (Japan)	sstitle	57	lossless
Rally de Europe (Japan)	sstitle	57	lossless
Rami-chan no Ooedo Sugoroku - Keiou Yuugekitai Gaiden (Japan)	sstitle	57	lossless
Rampage - Through Time (USA)	sstitle	57	lossless
Rampage - World Tour (USA)	sstitle	57	lossless
Rampage 2 - Universal Tour (USA)	sstitle	57	lossless
Ran Soccer (Germany)	sstitle	57	lossless
Ranma 1-2 - Battle Renaissance (Japan)	sstitle	57	lossless
Rapid Racer (Europe) (En,Fr,De,Es,It)	sstitle	57	lossless
Rapid Reload (Europe)	sstitle	57	lossless
Rascal (USA)	sstitle	57	lossless
Rascal Racers (USA)	sstitle	57	lossless
Rat Attack! (USA)	sstitle	57	lossless
Raven Project, The (Europe) (En,Fr,De) (Disc 1)	sstitle	57	lossless
Ray Tracers (USA)	sstitle	57	lossless
RayCrisis - Series Termination (USA)	sstitle	57	lossless
RayStorm (USA)	sstitle	57	lossless
Rayman (USA)	sstitle	57	lossless
Rayman 2 - The Great Escape (USA) (En,Fr,Es)	sstitle	57	lossless
Rayman Brain Games (USA)	sstitle	57	lossless
Rayman Junior (Europe) (Fr,De,Es,It)	sstitle	57	lossless
Rayman Junior - Level 1 (Europe) (En,Fr,De,Es,It)	sstitle	57	lossless
Rayman Junior - Level 2 (Europe) (En,Fr,De,Es,It)	sstitle	57	lossless
Rayman Junior - Level 3 (Europe) (En,Fr,Es,It)	sstitle	57	lossless
Rayman Rush (USA)	sstitle	57	lossless
Razor Freestyle Scooter (USA)	sstitle	57	lossless
Razor Racing (USA)	sstitle	57	lossless
Re-Loaded - The Hardcore Sequel (USA)	sstitle	57	lossless
Re-Volt (USA)	sstitle	57	lossless
ReBoot (USA)	sstitle	57	lossless
Ready 2 Rumble Boxing (USA)	sstitle	57	lossless
Ready 2 Rumble Boxing - Round 2 (USA)	sstitle	57	lossless
Real Bout Fatal Fury (Europe)	sstitle	57	lossless
Real Bout Garou Densetsu (Japan, Asia) (En,Ja)	sstitle	57	lossless
Real Bout Garou Densetsu Special - Dominated Mind (Japan)	sstitle	57	lossless
Real Robot Sensen (Japan)	sstitle	57	lossless
Real Robots - Final Attack (Japan)	sstitle	57	lossless
Rebus (Japan)	sstitle	57	lossless
Recipro Heat 5000 (Japan, Asia)	sstitle	57	lossless
Red Asphalt (USA)	sstitle	57	lossless
Reel Fishing (USA)	sstitle	57	lossless
Reel Fishing II (USA)	sstitle	57	lossless
Refrain Love - Anata ni Aitai (Japan)	sstitle	57	lossless
Refrain Love 2 (Japan) (Disc 1)	sstitle	57	lossless
Reikoku - Ikeda Kizoku Shinrei Kenkyuujo (Japan)	sstitle	57	lossless
Remote Control Dandy (Japan)	sstitle	57	lossless
Ren'ai Kouza - Real Age (Japan)	sstitle	57	lossless
Renegade Racers (USA)	sstitle	57	lossless
Rescue 24 Hours (Japan)	sstitle	57	lossless
Rescue Copter (USA)	sstitle	57	lossless
Rescue Shot (Europe) (En,Fr,De,Es,It)	sstitle	57	lossless
Rescue Shot Bubibo (Japan)	sstitle	57	lossless
Resident Evil (USA)	sstitle	57	lossless
Resident Evil - Director's Cut (USA)	sstitle	57	lossless
Resident Evil - Survivor (USA)	sstitle	57	lossless
Resident Evil 2 (USA) (Disc 1)	sstitle	57	lossless
Resident Evil 3 - Nemesis (USA, Canada)	sstitle	57	lossless
Restaurant Dream (Japan)	sstitle	57	lossless
Retro Force (Europe) (En,Fr,De,Es,It)	sstitle	57	lossless
Return Fire (USA) (En,Ja,Fr,De,Es,It,Pt,Ko,Ru,Ar)	sstitle	57	lossless
Return to Zork (Japan) (Disc 1)	sstitle	57	lossless
Reverthion (Japan)	sstitle	57	lossless
Revolution X - Music Is the Weapon (USA)	sstitle	57	lossless
Rhapsody - A Musical Adventure (USA)	sstitle	57	lossless
Rhythm 'n' Face (Japan)	sstitle	57	lossless
Rhythm Beat (Europe)	sstitle	57	lossless
Ridegear Guybrave (Japan)	sstitle	57	lossless
Ridegear Guybrave II (Japan) (Disc 1)	sstitle	57	lossless
Ridge Racer (USA)	sstitle	57	lossless
Ridge Racer Revolution (USA)	sstitle	57	lossless
Riichi Mahjong - Ohitorisama demo Utemasu! (Japan)	sstitle	57	lossless
Rikujou Boueitai Mao-chan (Japan)	sstitle	57	lossless
Ring of Sias (Japan)	sstitle	57	lossless
Riot (Europe)	sstitle	57	lossless
Riot Stars (Japan)	sstitle	57	lossless
Rise 2 - Resurrection (USA) (En,Fr,De,Es,It)	sstitle	57	lossless
Rising Zan - The Samurai Gunman (USA)	sstitle	57	lossless
Risk - The Game of Global Domination (USA)	sstitle	57	lossless
Rittai Ninja Katsugeki - Tenchu (Japan)	sstitle	57	lossless
Rittai Ninja Katsugeki - Tenchu - Shinobi Gaisen (Japan) (En,Ja,Fr,It)	sstitle	57	lossless
Rittai Ninja Katsugeki - Tenchu - Shinobi Hyakusen (Japan)	sstitle	57	lossless
Rittai Ninja Katsugeki - Tenchu 2 (Japan)	sstitle	57	lossless
Rival Schools - United by Fate (USA) (Disc 1) (Arcade Disc)	sstitle	57	lossless
Riven - The Sequel to Myst (USA) (Disc 1)	sstitle	57	lossless
RoX - 6 = Six (Japan)	sstitle	57	lossless
Road & Track Presents - The Need for Speed (USA)	sstitle	57	lossless
Road Rage (Europe)	sstitle	57	lossless
Road Rash (USA)	sstitle	57	lossless
Road Rash - Jailbreak (USA)	sstitle	57	lossless
Road Rash 3D (USA)	sstitle	57	lossless
Roadsters (USA)	sstitle	57	lossless
Robbit mon Dieu (Japan)	sstitle	57	lossless
Robin Hood - The Siege (Europe)	sstitle	57	lossless
Robin Lloyd no Bouken (Japan)	sstitle	57	lossless
Robo Pit (USA)	sstitle	57	lossless
Robo Pit 2 (USA)	sstitle	57	lossless
Robocod - James Pond II (Europe) (En,Fr,De,Es,It)	sstitle	57	lossless
Robot x Robot (Japan)	sstitle	57	lossless
Robotron X (USA)	sstitle	57	lossless
Rock & Roll Racing 2 - Red Asphalt (Europe)	sstitle	57	lossless
Rock 'Em Sock 'Em Robots Arena (USA)	sstitle	57	lossless
Rock-Climbing - Mitouhou e no Chousen - Alps-hen (Japan)	sstitle	57	lossless
Rockman (Japan)	sstitle	57	lossless
Rockman - Battle & Chase (Japan)	sstitle	57	lossless
Rockman 2 - Dr. Wily no Nazo (Japan)	sstitle	57	lossless
Rockman 3 - Dr. Wily no Saigo! (Japan)	sstitle	57	lossless
Rockman 4 - Aratanaru Yabou!! (Japan)	sstitle	57	lossless
Rockman 5 - Blues no Wana! (Japan)	sstitle	57	lossless
Rockman 6 - Shijou Saidai no Tatakai!! (Japan)	sstitle	57	lossless
Rockman 8 - Metal Heroes (Japan)	sstitle	57	lossless
Rockman Dash - Hagane no Boukenshin (Japan)	sstitle	57	lossless
Rockman Dash 2 - Episode 2 - Ooinaru Isan (Japan)	sstitle	57	lossless
Rockman X3 (Japan)	sstitle	57	lossless
Rockman X4 (Japan)	sstitle	57	lossless
Rockman X5 (Japan)	sstitle	57	lossless
Rockman X6 (Japan)	sstitle	57	lossless
Rogue Trip - Vacation 2012 (USA)	sstitle	57	lossless
Roland Garros French Open 2001 (Europe) (En,Fr,De,Es,It)	sstitle	57	lossless
Roll Away (USA)	sstitle	57	lossless
Rollcage (USA)	sstitle	57	lossless
Rollcage Stage II (USA)	sstitle	57	lossless
Romance of the Three Kingdoms IV - Wall of Fire (USA)	sstitle	57	lossless
Romance of the Three Kingdoms VI - Awakening of the Dragon (USA)	sstitle	57	lossless
Romance wa Tsurugi no Kagayaki II - Gin no Niji o Sagashite (Japan) (Disc 1)	sstitle	57	lossless
Ronaldo V-Football (Europe) (De,Es,It,Pt)	sstitle	57	lossless
Ronin Blade (Europe) (En,Fr,De)	sstitle	57	lossless
Roommate - Inoue Ryoko (Japan)	sstitle	57	lossless
Rosco McQueen Firefighter Extreme (USA)	sstitle	57	lossless
Roswell Conspiracies - Aliens, Myths & Legends (USA)	sstitle	57	lossless
Rox (Europe)	sstitle	57	lossless
Runabout (Japan)	sstitle	57	lossless
Runabout 2 (USA)	sstitle	57	lossless
Running High (Japan, Asia)	sstitle	57	lossless
Running Wild (USA)	sstitle	57	lossless
Rupupu Cube - Lup Salad (Japan)	sstitle	57	lossless
Rurouni Kenshin - Meiji Kenkaku Romantan - Ishin Gekitou-hen (Japan)	sstitle	57	lossless
Rurouni Kenshin - Meiji Kenkaku Romantan - Juuyuushi Inbou-hen (Japan)	sstitle	57	lossless
Rush Hour (USA)	sstitle	57	lossless
Rushdown (USA)	sstitle	57	lossless
Ryuuki Denshou - Dragoon (Japan)	sstitle	57	lossless
S.C.A.R.S. (USA)	sstitle	57	lossless
SD Gundam - GCentury (Japan, Asia)	sstitle	57	lossless
SD Gundam - GGeneration (Japan)	sstitle	57	lossless
SD Gundam - GGeneration-0 (Japan) (Disc 1)	sstitle	57	lossless
SD Gundam - GGeneration-F (Japan) (Disc 1)	sstitle	57	lossless
SD Gundam - GGeneration-F.I.F (Japan)	sstitle	57	lossless
SD Gundam - Over Galaxian (Japan)	sstitle	57	lossless
SD Gundam Eiyuuden - Daikessen!! Kishi vs. Musha (Japan)	sstitle	57	lossless
SaGa Frontier (USA)	sstitle	57	lossless
SaGa Frontier 2 (USA)	sstitle	57	lossless
Saban's Power Rangers - Lightspeed Rescue (USA)	sstitle	57	lossless
Saban's Power Rangers - Time Force (USA)	sstitle	57	lossless
Saban's Power Rangers Zeo - Full Tilt Battle Pinball (USA)	sstitle	57	lossless
Saber Marionette J - Battle Sabers (Japan)	sstitle	57	lossless
Sabrina l'Apprentie Sorciere et l'Horloge Cosmique (France)	sstitle	57	lossless
Sabrina the Teenage Witch - A Twitch in Time! (USA)	sstitle	57	lossless
Saikyou Ginsei Chess (Japan)	sstitle	57	lossless
Saikyou Ginsei Mahjong (Japan)	sstitle	57	lossless
Saikyou Ginsei Shougi (Japan)	lr-titles	57	lossless
Saikyou Ginsei Shougi 2 (Japan)	sstitle	57	lossless
Saikyou Toudai Shougi (Japan)	sstitle	57	lossless
Saikyou Toudai Shougi 2 (Japan)	sstitle	57	lossless
Saikyou no Igo (Japan)	sstitle	57	lossless
Saikyou no Shougi (Japan)	sstitle	57	lossless
Saishuu Densha (Japan)	sstitle	57	lossless
Saiyuki - Journey West (USA)	sstitle	57	lossless
Saiyuuki (Japan) (Rev 1)	sstitle	57	lossless
Sakamoto Ryouma - Ishin Kaikoku (Japan)	sstitle	57	lossless
Sakkyoku Surun da mon - Dance Remix-hen (Japan)	sstitle	57	lossless
Sakuma-shiki Jinsei Game (Japan)	sstitle	57	lossless
Salamander Deluxe Pack Plus (Japan)	sstitle	57	lossless
Salaryman Champ - Tatakau Salaryman (Japan)	sstitle	57	lossless
Salaryman Kintarou - The Game (Japan)	sstitle	57	lossless
Salaryman Settai Mahjong (Japan)	sstitle	57	lossless
Saltwater Sportfishing (USA)	sstitle	57	lossless
Sammy Sosa High Heat Baseball 2001 (USA)	sstitle	57	lossless
Sammy Sosa Softball Slam (USA)	sstitle	57	lossless
Sampras Extreme Tennis (Europe) (En,Fr,De,Es,It)	sstitle	57	lossless
Samurai Deeper Kyo (Japan)	sstitle	57	lossless
Samurai Shodown - Warriors Rage (USA)	sstitle	57	lossless
Samurai Shodown III (Europe)	sstitle	57	lossless
Samurai Shodown III - Blades of Blood (USA)	sstitle	57	lossless
Samurai Spirits - Amakusa Kourin Special (Japan)	sstitle	57	lossless
Samurai Spirits - Kenkaku Shinan Pack (Japan, Asia)	sstitle	57	lossless
Samurai Spirits - Zankurou Musouken (Japan)	sstitle	57	lossless
San Francisco Rush - Extreme Racing (USA)	sstitle	57	lossless
Sangoku Musou (Japan)	sstitle	57	lossless
Sangokushi Eiketsuden (Japan)	sstitle	57	lossless
Sangokushi II (Japan)	sstitle	57	lossless
Sangokushi III (Japan)	sstitle	57	lossless
Sangokushi IV (Japan)	sstitle	57	lossless
Sangokushi Koumeiden (Japan)	sstitle	57	lossless
Sangokushi V (Japan)	sstitle	57	lossless
Sangokushi VI (Japan, Asia)	sstitle	57	lossless
Sangokushi VII (Japan)	sstitle	57	lossless
Sankyo Fever - Downtown Geki (Japan)	sstitle	57	lossless
Sankyo Fever - Jikki Simulation (Japan)	sstitle	57	lossless
Sankyo Fever - Jikki Simulation Vol. 2 (Japan)	sstitle	57	lossless
Sankyo Fever - Jikki Simulation Vol. 3 (Japan)	sstitle	57	lossless
Santa Claus Saves the Earth (Europe)	sstitle	57	lossless
Sanvein (Europe)	sstitle	57	lossless
Sanyo Pachinko Paradise (Japan)	sstitle	57	lossless
Sanyo Pachinko Paradise 2 - Umi Monogatari Special (Japan)	sstitle	57	lossless
Sanyo Pachinko Paradise 3 - Wan Wan Daikoushin (Japan)	sstitle	57	lossless
Sanyo Pachinko Paradise 4 - Sushiya da Gen-san!! (Japan)	sstitle	57	lossless
Sanyo Pachinko Paradise 5 - Uki Uki Tairyoubata (Japan)	sstitle	57	lossless
Saraba Uchuu Senkan Yamato - Ai no Senshitachi (Japan) (Disc 1)	sstitle	57	lossless
Saru! Get You! (Japan, Asia)	lr-titles	57	lossless
SatelliTV (Japan)	sstitle	57	lossless
Satomi no Nazo (Japan)	sstitle	57	lossless
Schnappi - Das kleine Krokodil - 3 Fun-Games (Germany)	sstitle	57	lossless
Scooby-Doo and the Cyber Chase (USA)	sstitle	57	lossless
Scooby-Doo! Night of 100 Frights (USA) (Proto) (2000-10-26)	sstitle	57	lossless
Scooter Racing (Europe)	sstitle	57	lossless
Scrabble (USA)	sstitle	57	lossless
Screen (Japan)	sstitle	57	lossless
Sea-Doo Hydro Cross (USA)	sstitle	57	lossless
SeaBass Fishing (Japan)	sstitle	57	lossless
SeaBass Fishing 2 (Japan)	sstitle	57	lossless
Segare Ijiri (Japan)	sstitle	57	lossless
Seikai no Monshou (Japan)	sstitle	57	lossless
Seiken Densetsu - Legend of Mana (Japan, Asia)	sstitle	57	lossless
Seikon no Joka - Hikari to Yami no Seioujo (Japan)	sstitle	57	lossless
Seirei Shoukan - Princess of Darkness (Japan)	sstitle	57	lossless
Seireiki Rayblade (Japan)	sstitle	57	lossless
Seireki 1999 - Pharaoh no Fukkatsu (Japan)	sstitle	57	lossless
Seishoujo Kantai Virgin Fleet (Japan)	sstitle	57	lossless
Sekai Saikyou Ginsei Igo (Japan)	sstitle	57	lossless
Sekai Saikyou Ginsei Igo 2 (Japan)	lr-titles	57	lossless
Sekai Saikyou Ginsei Igo 3 (Japan)	lr-titles	57	lossless
Sengoku Cyber - Fujimaru Jigokuhen (Japan)	sstitle	57	lossless
Sengoku Mugen (Japan)	sstitle	57	lossless
Senkai Taisen - TV Animation Senkaiden Houshin Engi yori (Japan)	sstitle	57	lossless
Senkai Tsuuroku Seishi - TV Animation Senkaiden Houshin Engi yori (Japan)	sstitle	57	lossless
Senran (Japan)	sstitle	57	lossless
Senryaku Shidan - Tora! Tora! Tora! Rikusen-hen (Japan)	sstitle	57	lossless
Senryaku Shougi (Japan)	sstitle	57	lossless
Sensible Soccer (Europe) (En,Fr,De,Es,It,Nl)	sstitle	57	lossless
Sentient (USA)	sstitle	57	lossless
Sentimental Graffiti (Japan)	sstitle	57	lossless
Sentimental Graffiti - Yakusoku (Japan)	sstitle	57	lossless
Sentimental Journey (Japan)	sstitle	57	lossless
Sentinel Returns (USA)	sstitle	57	lossless
Sento Monogatari - Sono I (Japan)	sstitle	57	lossless
Sentou Kokka - Air Land Battle (Japan)	sstitle	57	lossless
Sentou Kokka Kai - Improved (Japan)	sstitle	57	lossless
Septentrion - Out of the Blue (Japan)	sstitle	57	lossless
Serial Experiments Lain (Japan) (Disc 1)	sstitle	57	lossless
Sesame Street - Elmo's Letter Adventure (USA)	sstitle	57	lossless
Sesame Street - Elmo's Number Journey (USA)	sstitle	57	lossless
Sesame Street Sports (USA)	sstitle	57	lossless
Sexy Parodius (Japan)	sstitle	57	lossless
Sfida al Tetris Magico (Italy)	sstitle	57	lossless
Shachou Eiyuuden (Japan) (Ja,Zh)	sstitle	57	lossless
Shadow Gunner - The Robot Wars (Europe) (En,Fr,De,Es,It)	sstitle	57	lossless
Shadow Madness (USA) (Disc 1)	sstitle	57	lossless
Shadow Man (USA)	sstitle	57	lossless
Shadow Man - Rette deine Seele (Germany)	sstitle	57	lossless
Shadow Master (USA)	sstitle	57	lossless
Shadow Tower (USA)	sstitle	57	lossless
Shadow and Shadow (Japan)	sstitle	57	lossless
Shake Kids (Japan)	sstitle	57	lossless
Shaman King - Spirit of Shamans (Japan)	sstitle	57	lossless
Shanghai - Banri no Choujou (Japan)	sstitle	57	lossless
Shanghai - Great Moments (Japan)	sstitle	57	lossless
Shanghai - Mateki Buyuu (Japan)	sstitle	57	lossless
Shanghai - Shouryuu Sairin (Japan)	sstitle	57	lossless
Shanghai - True Valor (USA)	sstitle	57	lossless
Shaolin (Europe)	sstitle	57	lossless
Sheep (USA)	sstitle	57	lossless
Shellshock (USA)	sstitle	57	lossless
Shichida-shiki Unou de Asobenture Vol. 1 - Kotoba ABC - 0-2-sai Muke (Japan)	sstitle	57	lossless
Shichida-shiki Unou de Asobenture Vol. 2 - Katachi 123 - 0-2-sai Muke (Japan)	sstitle	57	lossless
Shichida-shiki Unou de Asobenture Vol. 3 - Kotoba ABC - 2-4sai Muke (Japan)	sstitle	57	lossless
Shichida-shiki Unou de Asobenture Vol. 4 - Katachi 123 - 2-4-sai Muke (Japan)	sstitle	57	lossless
Shichida-shiki Unou de Asobenture Vol. 5 - Kotoba ABC - 4-6-sai Muke (Japan)	sstitle	57	lossless
Shichida-shiki Unou de Asobenture Vol. 6 - Katachi 123 - 4-6-sai Muke (Japan)	sstitle	57	lossless
Shichisei Toushin Guyferd - Crown Kaimetsu Sakusen (Japan)	sstitle	57	lossless
Shichuu Suimei Pitagraph (Japan)	sstitle	57	lossless
Shiki Oriori no Bass Tsuri (Japan)	sstitle	57	lossless
Shin DX Okuman Chouja Game - Tsukutte! Utte! Oomouke! (Japan)	sstitle	57	lossless
Shin Fortune Quest - Shokutaku no Kishitachi (Japan)	sstitle	57	lossless
Shin Jidaigeki Action - Rasetsu no Ken (Japan, Asia)	sstitle	57	lossless
Shin Masou Kishin - Panzer Warfare (Japan)	sstitle	57	lossless
Shin Megami Tensei (Japan)	sstitle	57	lossless
Shin Megami Tensei - Devil Children - Kuro no Sho, Aka no Sho (Japan)	sstitle	57	lossless
Shin Megami Tensei II (Japan)	sstitle	57	lossless
Shin Megami Tensei If... (Japan)	sstitle	57	lossless
Shin Nihon Pro Wrestling - Toukon Retsuden (Japan)	sstitle	57	lossless
Shin Nihon Pro Wrestling - Toukon Retsuden 2 (Japan)	sstitle	57	lossless
Shin Nihon Pro Wrestling - Toukon Retsuden 3 (Japan)	sstitle	57	lossless
Shin SD Sengokuden - Kidou Musha Taisen (Japan)	sstitle	57	lossless
Shin Sedai Robot Senki - Brave Saga (Japan)	sstitle	57	lossless
Shin Seiki Evangelion - Eva to Yukai na Nakamatachi (Japan)	sstitle	57	lossless
Shin Seiki Evangelion - Koutetsu no Girlfriend (Japan) (Disc 1)	sstitle	57	lossless
Shin Senki Van-Gale - The War of Neo-Century (Japan)	sstitle	57	lossless
Shin Shikoutei - The First Emperor (Japan, Asia)	sstitle	57	lossless
Shin Super Robot Taisen (Japan)	sstitle	57	lossless
Shin Super Robot Taisen - Special Disc (Japan)	sstitle	57	lossless
Shin Theme Park (Japan)	sstitle	57	lossless
Shingata Kururin Pa! (Japan)	sstitle	57	lossless
Shinobi no Roku (Japan)	sstitle	57	lossless
Shinri Game 10, The (Japan)	sstitle	57	lossless
Shinri Game 2, The (Japan)	sstitle	57	lossless
Shinri Game 3, The (Japan)	sstitle	57	lossless
Shinri Game 5, The (Japan)	sstitle	57	lossless
Shinri Game 6, The (Japan)	sstitle	57	lossless
Shinri Game 7, The (Japan)	sstitle	57	lossless
Shinri Game 8, The (Japan)	sstitle	57	lossless
Shinri Game 9, The (Japan)	sstitle	57	lossless
Shinri Game IV, The - Itsu mo Kokoro ni Hoshizora o (Japan)	sstitle	57	lossless
Shinri Game, The (Japan)	sstitle	57	lossless
Shinseiden Megaseed - Fukkatsu-hen (Japan)	sstitle	57	lossless
Shinsetsu Samurai Spirits - Bushidou Retsuden (Japan)	sstitle	57	lossless
Shinshuku Taisen - It's a Nony! (Japan)	sstitle	57	lossless
Shinsou Kaiten!! Wan Wan Umi Monogatari - Sanyo Pachinko Paradise DX (Japan)	sstitle	57	lossless
Shipwreckers! (USA)	sstitle	57	lossless
Shiritsu Justice Gakuen - Legion of Heroes (Japan) (Disc 1) (Evolution Disc)	sstitle	57	lossless
Shiritsu Justice Gakuen - Nekketsu Seishun Nikki 2 (Japan)	sstitle	57	lossless
Shisenfuu Gekikara Mahjong (Japan)	sstitle	57	lossless
Shock Wave (Japan)	sstitle	57	lossless
Shockwave Assault (USA) (Disc 1) (Shockwave - Invasion Earth)	sstitle	57	lossless
Shonen Jump's One Piece - Grand Battle (Europe) (En,Fr,De,Es,It)	sstitle	57	lossless
Shoot (Germany)	sstitle	57	lossless
Shougi Joryuu Meijin'isen (Japan)	sstitle	57	lossless
Shougi Saikyou - Pro ni Manabu (Japan)	sstitle	57	lossless
Shougi Saikyou 2 (Japan)	sstitle	57	lossless
Shouryuu Sangoku Engi (Japan)	sstitle	57	lossless
Shrek Treasure Hunt (USA)	sstitle	57	lossless
Shura no Mon (Japan)	sstitle	57	lossless
Shusse Mahjong Daisettai (Japan)	sstitle	57	lossless
Shutokou Battle Gaiden - Super Technic Challenge - Drift King e no Michi (Japan)	sstitle	57	lossless
Shutokou Battle R (Japan)	sstitle	57	lossless
Shuukan Gallop - Blood Master (Japan) (Disc 1)	sstitle	57	lossless
Shuukan Pro Wres Kanshuu - Pro Wres Sengokuden (Japan)	sstitle	57	lossless
Sid Meier's Civilization - Shin Sekai Shichidai Bunmei (Japan)	sstitle	57	lossless
Side Pocket 3 (Japan)	sstitle	57	lossless
Side by Side Special (Japan)	sstitle	57	lossless
Side by Side Special 2000 (Japan)	sstitle	57	lossless
Sidewinder (Japan)	sstitle	57	lossless
Sidewinder 2 - Let's Dance in the Sky (Japan) (En,Ja)	sstitle	57	lossless
Silent Bomber (USA)	sstitle	57	lossless
Silent Hill (USA)	sstitle	57	lossless
Silent Iron (Europe)	sstitle	57	lossless
Silent Moebius - Case - Titanic (Japan)	sstitle	57	lossless
Silent Moebius - Gen'ei no Datenshi (Japan)	sstitle	57	lossless
Silhouette Mirage (USA)	sstitle	57	lossless
Silhouette Stories (Japan)	sstitle	57	lossless
Silver Jiken - The Silver (Japan)	sstitle	57	lossless
Silverload (USA)	sstitle	57	lossless
Sim Town (Japan)	sstitle	57	lossless
SimCity 2000 (USA)	sstitle	57	lossless
SimTheme Park (USA)	sstitle	57	lossless
Simple 1500 Jitsuyou Series Vol. 01 - Norikae Annai - 2000-nenban (Japan)	sstitle	57	lossless
Simple 1500 Jitsuyou Series Vol. 02 - Katei no Fuusui (Japan)	sstitle	57	lossless
Simple 1500 Jitsuyou Series Vol. 03 - Seimei Handan (Japan)	sstitle	57	lossless
Simple 1500 Jitsuyou Series Vol. 04 - Ryouri - Teiban Ryouri Recipe-shuu (Japan)	sstitle	57	lossless
Simple 1500 Jitsuyou Series Vol. 05 - Kusuri no Jiten - Pill Book 2001-nenban (Japan)	sstitle	57	lossless
Simple 1500 Jitsuyou Series Vol. 07 - Tanoshiku Manabu Unten Menkyo (Japan)	sstitle	57	lossless
Simple 1500 Jitsuyou Series Vol. 08 - 1-jikan de Wakaru Kabushiki Toushi (Japan)	sstitle	57	lossless
Simple 1500 Jitsuyou Series Vol. 09 - Watashi Style no Aromatherapy (Japan)	sstitle	57	lossless
Simple 1500 Jitsuyou Series Vol. 10 - Tarot Uranai (Japan)	sstitle	57	lossless
Simple 1500 Jitsuyou Series Vol. 11 - Katei de Dekiru Tsubo Shiatsu (Japan)	sstitle	57	lossless
Simple 1500 Jitsuyou Series Vol. 12 - Katei no Igaku - Shindan Jiten (Japan)	sstitle	57	lossless
Simple 1500 Jitsuyou Series Vol. 14 - Kurashi no Manner - Kankon Sousai-hen (Japan)	sstitle	57	lossless
Simple 1500 Jitsuyou Series Vol. 15 - Inu no Kaikata - Sekai no Inu Catalog (Japan)	sstitle	57	lossless
Simple 1500 Jitsuyou Series Vol. 16 - Neko no Kaikata - Sekai no Neko Catalog (Japan)	sstitle	57	lossless
Simple 1500 Jitsuyou Series Vol. 17 - Planetarium (Japan)	sstitle	57	lossless
Simple 1500 Jitsuyou Series Vol. 18 - Kanji Quiz - Kanji Kentei ni Challenge (Japan)	sstitle	57	lossless
Simple 1500 Series - Hello Kitty Vol. 01 - Bowling (Japan)	sstitle	57	lossless
Simple 1500 Series - Hello Kitty Vol. 02 - Illust Puzzle (Japan)	sstitle	57	lossless
Simple 1500 Series - Hello Kitty Vol. 03 - Block Kuzushi (Japan)	sstitle	57	lossless
Simple 1500 Series - Hello Kitty Vol. 04 - Trump (Japan)	sstitle	57	lossless
Simple 1500 Series Vol. 1 - The Mahjong (Japan)	sstitle	57	lossless
Simple 1500 Series Vol. 10 - The Billiard (Japan)	sstitle	57	lossless
Simple 1500 Series Vol. 100 - The Uchuu Hikoushi (Japan)	sstitle	57	lossless
Simple 1500 Series Vol. 101 - The Sentou (Japan)	sstitle	57	lossless
Simple 1500 Series Vol. 104 - The Pink Panther - Pinkadelic Pursuit (Japan)	sstitle	57	lossless
Simple 1500 Series Vol. 11 - The Pinball 3D (Japan)	sstitle	57	lossless
Simple 1500 Series Vol. 12 - The Quiz (Japan)	sstitle	57	lossless
Simple 1500 Series Vol. 13 - The Race (Japan)	sstitle	57	lossless
Simple 1500 Series Vol. 15 - The Pachinko (Japan)	sstitle	57	lossless
Simple 1500 Series Vol. 16 - The Pachi-Slot (Japan)	sstitle	57	lossless
Simple 1500 Series Vol. 17 - The Bike Race (Japan)	sstitle	57	lossless
Simple 1500 Series Vol. 18 - The Bowling (Japan)	sstitle	57	lossless
Simple 1500 Series Vol. 19 - The Sugoroku (Japan)	sstitle	57	lossless
Simple 1500 Series Vol. 2 - The Shougi (Japan)	sstitle	57	lossless
Simple 1500 Series Vol. 21 - The Yakyuu (Japan)	sstitle	57	lossless
Simple 1500 Series Vol. 22 - The Pro Wrestling (Japan)	sstitle	57	lossless
Simple 1500 Series Vol. 23 - The Gateball (Japan)	sstitle	57	lossless
Simple 1500 Series Vol. 24 - The Gun Shooting (Japan)	sstitle	57	lossless
Simple 1500 Series Vol. 25 - The Keiba (Japan)	sstitle	57	lossless
Simple 1500 Series Vol. 26 - The Tennis (Japan)	sstitle	57	lossless
Simple 1500 Series Vol. 27 - The Snowboard (Japan)	sstitle	57	lossless
Simple 1500 Series Vol. 28 - The Dungeon RPG (Japan)	sstitle	57	lossless
Simple 1500 Series Vol. 29 - The Tsuri (Japan)	sstitle	57	lossless
Simple 1500 Series Vol. 3 - The Gomoku Narabe (Japan)	sstitle	57	lossless
Simple 1500 Series Vol. 31 - The Sound Novel (Japan)	sstitle	57	lossless
Simple 1500 Series Vol. 32 - The Boxing (Japan)	sstitle	57	lossless
Simple 1500 Series Vol. 33 - The Takkyuu (Japan)	sstitle	57	lossless
Simple 1500 Series Vol. 34 - The Quiz Bangumi (Japan)	sstitle	57	lossless
Simple 1500 Series Vol. 35 - The Shooting (Japan)	sstitle	57	lossless
Simple 1500 Series Vol. 36 - The Ren'ai Simulation - Natsuiro Celebration (Japan)	sstitle	57	lossless
Simple 1500 Series Vol. 37 - The Illust Puzzle & Slide Puzzle (Japan)	sstitle	57	lossless
Simple 1500 Series Vol. 38 - The Real Racing - Toyota (Japan)	sstitle	57	lossless
Simple 1500 Series Vol. 39 - The Mahjong 2 (Japan)	sstitle	57	lossless
Simple 1500 Series Vol. 4 - The Reversi (Japan)	sstitle	57	lossless
Simple 1500 Series Vol. 40 - The Shougi 2 (Japan)	sstitle	57	lossless
Simple 1500 Series Vol. 41 - The Reversi 2 (Japan)	sstitle	57	lossless
Simple 1500 Series Vol. 42 - The Igo 2 (Japan)	sstitle	57	lossless
Simple 1500 Series Vol. 43 - The Hanafuda 2 (Japan)	sstitle	57	lossless
Simple 1500 Series Vol. 44 - The Card 2 (Japan)	sstitle	57	lossless
Simple 1500 Series Vol. 46 - The Mahjong Ochigee - Raku Jongg (Japan)	sstitle	57	lossless
Simple 1500 Series Vol. 48 - The Puzzle 2 (Japan)	sstitle	57	lossless
Simple 1500 Series Vol. 49 - The Casino (Japan)	sstitle	57	lossless
Simple 1500 Series Vol. 5 - The Igo (Japan)	sstitle	57	lossless
Simple 1500 Series Vol. 50 - The Billiard 2 (Japan)	sstitle	57	lossless
Simple 1500 Series Vol. 51 - The Jigsaw Puzzle (Japan)	sstitle	57	lossless
Simple 1500 Series Vol. 52 - The Pro Wrestling 2 (Japan)	sstitle	57	lossless
Simple 1500 Series Vol. 53 - The Helicopter (Japan)	sstitle	57	lossless
Simple 1500 Series Vol. 55 - The Darts (Japan)	sstitle	57	lossless
Simple 1500 Series Vol. 56 - The Sniper (Japan)	sstitle	57	lossless
Simple 1500 Series Vol. 57 - The Meiro (Japan)	sstitle	57	lossless
Simple 1500 Series Vol. 58 - The Sumou (Japan)	sstitle	57	lossless
Simple 1500 Series Vol. 59 - The Suiri - IT Tantei 18 no Jikenbo (Japan)	sstitle	57	lossless
Simple 1500 Series Vol. 6 - The Hanafuda (Japan)	sstitle	57	lossless
Simple 1500 Series Vol. 60 - The Table Hockey (Japan)	sstitle	57	lossless
Simple 1500 Series Vol. 61 - The Quiz 2 (Japan)	sstitle	57	lossless
Simple 1500 Series Vol. 62 - The Ski (Japan)	sstitle	57	lossless
Simple 1500 Series Vol. 63 - The Gun Shooting 2 (Japan)	sstitle	57	lossless
Simple 1500 Series Vol. 64 - The Kick Boxing (Japan)	sstitle	57	lossless
Simple 1500 Series Vol. 65 - The Golf (Japan)	sstitle	57	lossless
Simple 1500 Series Vol. 66 - The Kaiten - Mawasundaa!! (Japan)	sstitle	57	lossless
Simple 1500 Series Vol. 68 - The RC Car - RC de Go! (Japan)	sstitle	57	lossless
Simple 1500 Series Vol. 69 - The Putter Golf (Japan)	sstitle	57	lossless
Simple 1500 Series Vol. 7 - The Card (Japan)	sstitle	57	lossless
Simple 1500 Series Vol. 70 - The War Simulation - Hito no Tsukurishi Monotachi (Japan)	sstitle	57	lossless
Simple 1500 Series Vol. 71 - The Ren'ai Simulation 2 - Fureai (Japan)	sstitle	57	lossless
Simple 1500 Series Vol. 72 - The Beach Volley (Japan)	sstitle	57	lossless
Simple 1500 Series Vol. 73 - The Invaders - Space Invaders 1500 (Japan)	sstitle	57	lossless
Simple 1500 Series Vol. 74 - The Horror Mystery - Sangeki-kan - Kevin Hakushaku no Fukkatsu (Japan)	sstitle	57	lossless
Simple 1500 Series Vol. 75 - The Double Shooting - RayStorm x RayCrisis (Japan)	sstitle	57	lossless
Simple 1500 Series Vol. 76 - The Dodgeball (Japan)	sstitle	57	lossless
Simple 1500 Series Vol. 77 - The Suiei (Japan)	sstitle	57	lossless
Simple 1500 Series Vol. 78 - The Zeroyon (Japan)	sstitle	57	lossless
Simple 1500 Series Vol. 79 - The Shisenshou (Japan)	sstitle	57	lossless
Simple 1500 Series Vol. 8 - The Solitaire (Japan)	sstitle	57	lossless
Simple 1500 Series Vol. 80 - The Jintori (Japan)	sstitle	57	lossless
Simple 1500 Series Vol. 81 - The Ren'ai Adventure - Okaeri! (Japan)	sstitle	57	lossless
Simple 1500 Series Vol. 82 - The Sensuikan (Japan)	sstitle	57	lossless
Simple 1500 Series Vol. 83 - The Wakeboard - BursTrick - Wake Boarding!! (Japan)	sstitle	57	lossless
Simple 1500 Series Vol. 84 - The Intro Quiz (Japan)	sstitle	57	lossless
Simple 1500 Series Vol. 85 - The Sengoku Bushou - Tenka Touitsu no Yabou (Japan)	sstitle	57	lossless
Simple 1500 Series Vol. 86 - The Onigokko (Japan)	sstitle	57	lossless
Simple 1500 Series Vol. 87 - The Kyoutei (Japan)	sstitle	57	lossless
Simple 1500 Series Vol. 88 - The Gal Mahjong - Love Songs - Idol wa High Rate (Japan)	sstitle	57	lossless
Simple 1500 Series Vol. 90 - The Sensha (Japan)	sstitle	57	lossless
Simple 1500 Series Vol. 91 - The Gambler - Honoo no Tobaku Densetsu (Japan)	sstitle	57	lossless
Simple 1500 Series Vol. 92 - The Tozan RPG - Ginrei no Hasha (Japan)	sstitle	57	lossless
Simple 1500 Series Vol. 94 - The Cameraman - Gekisha Boy Omake Tsuki (Japan)	sstitle	57	lossless
Simple 1500 Series Vol. 95 - The Hikouki (Japan)	sstitle	57	lossless
Simple 1500 Series Vol. 96 - The Yakyuu 2 - 2002 Pro Yakyuu (Japan)	sstitle	57	lossless
Simple 1500 Series Vol. 97 - The Squash (Japan)	sstitle	57	lossless
Simple 1500 Series Vol. 98 - The Futsal (Japan)	sstitle	57	lossless
Simple 1500 Series Vol. 99 - The Kendou - Ken no Hanamichi (Japan)	sstitle	57	lossless
Simple Character 2000 Series Vol. 01 - Kidou Senshi Gundam - The Gunjin Shougi (Japan)	sstitle	57	lossless
Simple Character 2000 Series Vol. 02 - Afro-ken - The Puzzle (Japan)	sstitle	57	lossless
Simple Character 2000 Series Vol. 03 - Kamen Rider - The Bike Race (Japan)	sstitle	57	lossless
Simple Character 2000 Series Vol. 04 - Jarinko Chie - The Hanafuda (Japan)	sstitle	57	lossless
Simple Character 2000 Series Vol. 05 - High School! Kimengumi - The Table Hockey (Japan)	sstitle	57	lossless
Simple Character 2000 Series Vol. 06 - Dokonjou Gaeru - The Mahjong (Japan)	sstitle	57	lossless
Simple Character 2000 Series Vol. 07 - Ikkyuu-san - The Quiz (Japan)	sstitle	57	lossless
Simple Character 2000 Series Vol. 08 - Kagaku Ninja-tai Gatchaman - The Shooting (Japan)	sstitle	57	lossless
Simple Character 2000 Series Vol. 09 - Tsurikichi Sanpei - The Tsuri (Japan)	sstitle	57	lossless
Simple Character 2000 Series Vol. 10 - Sakigake!! Otokojuku - The Dodgeball (Japan)	sstitle	57	lossless
Simple Character 2000 Series Vol. 11 - Meitantei Conan - The Board Game (Japan)	sstitle	57	lossless
Simple Character 2000 Series Vol. 12 - Kidou Butouden G Gundam - The Battle (Japan)	sstitle	57	lossless
Simple Character 2000 Series Vol. 13 - Shin Kidou Senki Gundam W - The Battle (Japan)	sstitle	57	lossless
Simple Character 2000 Series Vol. 14 - Nante Tantei Idol - The Jigsaw Puzzle (Japan)	sstitle	57	lossless
Simple Character 2000 Series Vol. 15 - Cyborg 009 - The Block Kuzushi (Japan)	sstitle	57	lossless
Simple Character 2000 Series Vol. 16 - Gamba no Bouken - The Puzzle Action (Japan)	sstitle	57	lossless
Simple Character 2000 Series Vol. 17 - Sentou Mecha Xabungle - The Race in Action (Japan)	sstitle	57	lossless
Simpsons Wrestling, The (USA)	sstitle	57	lossless
Simulation Pro Yakyuu '99 (Japan)	sstitle	57	lossless
Simulation RPG Tkool (Japan)	sstitle	57	lossless
Simulation Zoo (Japan)	sstitle	57	lossless
Sister Princess (Japan) (Disc 1)	sstitle	57	lossless
Sister Princess - Pure Stories (Japan)	sstitle	57	lossless
Sister Princess 2 (Japan) (Disc 1)	sstitle	57	lossless
Sister Princess 2 - Premium Fan Disc (Japan) (Disc A)	lr-titles	57	lossless
Sitting Ducks (Europe) (En,Fr,De,Es,It,Nl)	sstitle	57	lossless
Skeleton Warriors (USA)	sstitle	57	lossless
Ski Air Mix (Europe)	sstitle	57	lossless
Skullmonkeys (USA)	sstitle	57	lossless
Sky Sports Football Quiz (Europe)	sstitle	57	lossless
Sky Sports Football Quiz - Season 02 (Europe)	sstitle	57	lossless
Skydiving Extreme (USA)	sstitle	57	lossless
Slam 'n Jam '96 featuring Magic & Kareem (USA)	sstitle	57	lossless
Slam Dragon (Japan)	sstitle	57	lossless
Slamscape (USA)	sstitle	57	lossless
Slap Happy Rhythm Busters (Japan)	sstitle	57	lossless
Slayers Royal (Japan)	sstitle	57	lossless
Slayers Royal 2 (Japan)	sstitle	57	lossless
Slayers Wonderful (Japan)	sstitle	57	lossless
Sled Storm (USA, Canada)	sstitle	57	lossless
Slime Shiyou! (Japan)	sstitle	57	lossless
Slot! Pro - Ooedo Sakura Fubuki 2 (Japan)	sstitle	57	lossless
Slot! Pro 2 - Bakuretsu Oozumou Aka & Murasaki (Japan)	sstitle	57	lossless
Slot! Pro 3 - Juggler Special (Japan)	sstitle	57	lossless
Slot! Pro 4 - Tairyou Special (Japan)	sstitle	57	lossless
Slot! Pro 5 - Naniwa Sakura Fubuki & Shimauta (Japan)	sstitle	57	lossless
Slot! Pro 6 - Hyper Juggler V (Japan)	sstitle	57	lossless
Slot! Pro 7 - Hana Densetsu (Japan)	sstitle	57	lossless
Slot! Pro 8 - Shimamusume 30 & Hana Densetsu 25 (Japan)	sstitle	57	lossless
Slots (USA)	sstitle	57	lossless
Slotter Mania - Gekinetsu Oki-Slot! Siosai Special (Japan)	sstitle	57	lossless
Slotter Mania 2 - Chounetsu 30 Phi! Hana Hana & KingBary & Hai Hai Siosai (Japan)	sstitle	57	lossless
Slotter Mania 3 - Bakuryou Houshutsu! Uminchu & Fire Element (Japan)	sstitle	57	lossless
Slotter Mania 4 - Gekiatsu Youkou! Siolar & King Castle & Kabuto (Japan)	sstitle	57	lossless
Slotter Mania 5 - Gekiuchi Shinzui! Hyper Juggler V & Kita-chan Country & Wonder Review 2 (Japan)	sstitle	57	lossless
Slotter Mania 6 - Bakuretsu Sairai! Wadatsumi (2 Types) & Blue Lagoon (Japan)	sstitle	57	lossless
Slotter Mania 7 - Gekiatsu! Siosai-musume Seizoroi DX + Apache A (Japan)	sstitle	57	lossless
Slotter Mania 8 - Miwaku no Takarabako! Jewel Magic 2 & Gold & Silver (Japan)	sstitle	57	lossless
Slotter Mania 9 - Gokunetsu 30 Phi! Haibi & Splash Seven (Japan)	sstitle	57	lossless
Slotter Mania Core - Tokonatsu no Atsusa! Oasis (Japan)	sstitle	57	lossless
Slotter Mania Gaiden - Chouatsu Densetsu! Golden Rookie & Fire V & Ryuuou (Japan)	sstitle	57	lossless
Small Soldiers (USA)	sstitle	57	lossless
Smash Court (Japan)	sstitle	57	lossless
Smash Court 2 (Japan)	sstitle	57	lossless
Smash Court 3 (Japan)	sstitle	57	lossless
Smurf Racer! (USA) (En,Fr,Es)	sstitle	57	lossless
Smurfs, The (USA) (En,Fr,Es)	sstitle	57	lossless
Snatcher (Japan)	sstitle	57	lossless
Sno Pokeler (Japan)	sstitle	57	lossless
SnoCross Championship Racing (USA)	sstitle	57	lossless
Snobow Kids Plus (Japan)	sstitle	57	lossless
Snow Break (Japan, Asia)	sstitle	57	lossless
Snow Racer 98 (Europe) (En,Fr,De)	sstitle	57	lossless
Snowboard Racer (Europe)	sstitle	57	lossless
Snowboarding (USA)	sstitle	57	lossless
Snowman, The (Japan)	sstitle	57	lossless
Soccer '97 (Europe) (En,Fr,De,Es,It)	sstitle	57	lossless
Soccer Kid (Europe)	sstitle	57	lossless
Soeldnerschild Special (Japan)	sstitle	57	lossless
Sol Divide (USA)	sstitle	57	lossless
Sold Out (Japan)	sstitle	57	lossless
Solid Link - Dungeon Side (Japan)	sstitle	57	lossless
Solid Link - Tower Side (Japan)	sstitle	57	lossless
Sonata (Japan) (Disc 1)	sstitle	57	lossless
Sonic Wings Special (Europe)	sstitle	57	lossless
Sorcerer's Maze (USA)	lr-titles	57	lossless
Soreike Flyfishing - Let's Go Flyfishing (Japan)	sstitle	57	lossless
Soreike no Kokology - Kokoro ga Oshieru Koi, Kekkon, Jinsei (Japan)	sstitle	57	lossless
Sotsugyou - Crossworld (Japan)	sstitle	57	lossless
Sotsugyou II - Neo Generation (Japan)	sstitle	57	lossless
Sotsugyou III - Wedding Bell (Japan)	sstitle	57	lossless
Sotsugyou M - Seito Kaichou no Karei naru Inbou (Japan) (Disc 1)	sstitle	57	lossless
Sotsugyou R - Graduation Real (Japan)	sstitle	57	lossless
Sotsugyou Vacation (Japan)	sstitle	57	lossless
Sougaku Toshi Osaka (Japan) (Disc 1) (Method)	sstitle	57	lossless
Soukaigi (Japan) (Disc 1)	sstitle	57	lossless
Soukoban - Nanmon Shinan (Japan)	sstitle	57	lossless
Soukoban Basic (Japan)	sstitle	57	lossless
Soukoban Basic 2 (Japan)	sstitle	57	lossless
Soukou Kidoutai L.A.P.D. (Japan)	sstitle	57	lossless
Soukou Kihei Votoms - Koutetsu no Gunzei (Japan)	sstitle	57	lossless
Soukou Kihei Votoms - Lightning Slash (Japan)	sstitle	57	lossless
Soukou Kihei Votoms - Woodo Kummen (Japan)	sstitle	57	lossless
Soukou Kihei Votoms Gaiden - Ao no Kishi Berserga Monogatari (Japan, Asia)	sstitle	57	lossless
Soukuu no Tsubasa - Gotha World (Japan) (Disc 1)	sstitle	57	lossless
Soul Blade (USA)	sstitle	57	lossless
Soul Edge (Japan)	sstitle	57	lossless
Soul of the Samurai (USA)	sstitle	57	lossless
Soulmaster (Japan)	sstitle	57	lossless
Soumatou (Japan)	sstitle	57	lossless
Sound Novel Evolution 1 - Otogirisou - Sosei-hen (Japan)	sstitle	57	lossless
Sound Novel Evolution 2 - Kamaitachi no Yoru Tokubetsu-hen (Japan)	sstitle	57	lossless
Sound Novel Evolution 3 - Machi - Unmei no Kousaten (Japan) (Disc 1)	sstitle	57	lossless
Sound Novel Tkool 2 (Japan)	sstitle	57	lossless
Sound Qube (Japan)	sstitle	57	lossless
Souryuu (Japan)	sstitle	57	lossless
Souten no Shiroki Kami no Kura - Great Peak (Japan)	sstitle	57	lossless
South Park (USA)	sstitle	57	lossless
South Park - Chef's Luv Shack (USA)	sstitle	57	lossless
South Park Rally (USA)	sstitle	57	lossless
Southern All Stars - Space MOSA Space Museum of Southern Art (Japan) (Disc 1) (Museum)	sstitle	57	lossless
Soviet Strike (USA)	sstitle	57	lossless
Space Adventure Cobra - The Shooting (Japan)	sstitle	57	lossless
Space Debris (Europe)	sstitle	57	lossless
Space Griffon VF-9 (USA)	sstitle	57	lossless
Space Hulk - Vengeance of the Blood Angels (USA)	sstitle	57	lossless
Space Invaders (USA)	sstitle	57	lossless
Space Invaders 2000 (Japan)	sstitle	57	lossless
Space Jam (USA)	sstitle	57	lossless
Space Rider (Europe)	sstitle	57	lossless
Space Shot (USA)	sstitle	57	lossless
Sparrow Garden - Namco Mahjong (Japan)	sstitle	57	lossless
Spawn - The Eternal (USA)	sstitle	57	lossless
Spec Ops - Airborne Commando (USA)	sstitle	57	lossless
Spec Ops - Covert Assault (USA)	sstitle	57	lossless
Spec Ops - Ranger Elite (USA)	sstitle	57	lossless
Spec Ops - Stealth Patrol (USA)	sstitle	57	lossless
Spectral Blade (Japan)	sstitle	57	lossless
Spectral Force (Japan)	sstitle	57	lossless
Spectral Force - Itoshiki Jaaku (Japan)	sstitle	57	lossless
Spectral Force 2 (Japan)	sstitle	57	lossless
Spectral Tower (Japan)	sstitle	57	lossless
Spectral Tower II (Japan)	sstitle	57	lossless
Speed King - Neo Kobe 2045 (Japan)	sstitle	57	lossless
Speed Machines (Europe)	sstitle	57	lossless
Speed Punks (USA)	sstitle	57	lossless
Speed Racer (USA)	sstitle	57	lossless
Speedball 2100 (USA)	sstitle	57	lossless
Speedster (Europe)	sstitle	57	lossless
Spice World (USA)	sstitle	57	lossless
Spider - The Video Game (USA)	sstitle	57	lossless
Spider-Man (USA)	sstitle	57	lossless
Spider-Man 2 - Enter - Electro (USA)	sstitle	57	lossless
Spider-Man 2 - La Revanche d'Electro (France)	sstitle	57	lossless
Spin Jam (USA)	sstitle	57	lossless
Spin Tail (Japan)	sstitle	57	lossless
Sports Car GT (USA)	sstitle	57	lossless
Sports Superbike (Europe) (En,Fr,De,It)	sstitle	57	lossless
Sports Superbike 2 (USA)	sstitle	57	lossless
Spot Goes to Hollywood (USA)	sstitle	57	lossless
Spriggan - Lunar Verse (Japan)	sstitle	57	lossless
Spyro - Year of the Dragon (USA)	sstitle	57	lossless
Spyro 2 - Gateway to Glimmer (Europe) (En,Fr,De,Es,It)	sstitle	57	lossless
Spyro 2 - Ripto's Rage! (USA)	sstitle	57	lossless
Spyro the Dragon (USA)	sstitle	57	lossless
Spyro x Sparx - Tondemo Tours (Japan)	sstitle	57	lossless
St. Andrews Old Course - Eikou no St. Andrews (Japan)	sstitle	57	lossless
St. Luminous Jogakuin (Japan)	sstitle	57	lossless
Stahlfeder - Tekkou Hikuudan (Japan)	sstitle	57	lossless
Stakes Winner - G1 Kanzen Seiha e no Michi (Japan)	sstitle	57	lossless
Stakes Winner 2 - Saikyouba Densetsu (Japan)	sstitle	57	lossless
Standby Say You! (Japan)	sstitle	57	lossless
Star Bowling DX, The (Japan) (Disc 1)	sstitle	57	lossless
Star Fighter (USA)	sstitle	57	lossless
Star Gladiator - Episode I - Final Crusade (USA)	sstitle	57	lossless
Star Ixiom (Europe)	sstitle	57	lossless
Star Monja (Japan)	sstitle	57	lossless
Star Ocean - The Second Story & Hello Charlie!! (Japan) (Demo)	sstitle	57	lossless
Star Ocean - The Second Story (USA) (Disc 1)	sstitle	57	lossless
Star Sweep (USA)	sstitle	57	lossless
Star Trek - Invasion (USA)	sstitle	57	lossless
Star Wars - Dark Forces (USA)	sstitle	57	lossless
Star Wars - Demolition (USA)	sstitle	57	lossless
Star Wars - Episode I - Jedi Power Battles (USA)	sstitle	57	lossless
Star Wars - Episode I - La Menace Fantome (France)	sstitle	57	lossless
Star Wars - Episode I - The Phantom Menace (USA)	sstitle	57	lossless
Star Wars - Episodio I - La Amenaza Fantasma (Spain)	sstitle	57	lossless
Star Wars - Episodio I - La Minaccia Fantasma (Italy)	sstitle	57	lossless
Star Wars - Masters of Teras Kasi (USA)	sstitle	57	lossless
Star Wars - Rebel Assault II - The Hidden Empire (USA) (Disc 1)	sstitle	57	lossless
StarFighter 3000 (Europe) (En,Fr,De,Es,It)	sstitle	57	lossless
StarSweep (Europe)	sstitle	57	lossless
Starblade Alpha (USA)	sstitle	57	lossless
Starborders (Japan)	sstitle	57	lossless
Starfighter Sanvein (USA)	sstitle	57	lossless
Starlight Scramble - Ren'ai Kouhosei (Japan)	sstitle	57	lossless
Startling Adventures - Kuusou 3x Daibouken (Japan)	sstitle	57	lossless
Startling Odyssey 1 - Blue Evolution (Japan)	sstitle	57	lossless
Starwinder - The Ultimate Space Race (USA)	sstitle	57	lossless
Steel Harbinger (USA)	sstitle	57	lossless
Steel Reign (USA)	sstitle	57	lossless
Stock Car Racer (Europe)	sstitle	57	lossless
Stone Walkers (Japan)	sstitle	57	lossless
Straight Victory - Hoshino Kazuyoshi e no Chousen (Japan)	sstitle	57	lossless
Stray Sheep - The Adventure of Poe & Merry (Japan)	sstitle	57	lossless
Streak Hoverboard Racing (USA)	sstitle	57	lossless
Street Boarders (Japan)	sstitle	57	lossless
Street Boarders 2 (Japan)	sstitle	57	lossless
Street Fighter - Real Battle on Film (Japan)	sstitle	57	lossless
Street Fighter - The Movie (USA)	sstitle	57	lossless
Street Fighter Alpha - Warriors' Dreams (USA)	sstitle	57	lossless
Street Fighter Alpha 2 (USA)	sstitle	57	lossless
Street Fighter Alpha 3 (USA)	sstitle	57	lossless
Street Fighter Collection (USA) (Disc 1)	sstitle	57	lossless
Street Fighter Collection 2 (USA)	sstitle	57	lossless
Street Fighter EX Plus Alpha (USA)	sstitle	57	lossless
Street Fighter EX2 Plus (USA)	sstitle	57	lossless
Street Fighter II Movie (Japan) (Disc 1)	sstitle	57	lossless
Street Fighter Zero (Japan)	sstitle	57	lossless
Street Fighter Zero 2 (Japan)	sstitle	57	lossless
Street Fighter Zero 2' (Japan)	sstitle	57	lossless
Street Fighter Zero 3 (Japan)	sstitle	57	lossless
Street Games '97 (Japan)	sstitle	57	lossless
Street Racer (USA)	sstitle	57	lossless
Street Racquetball (USA)	sstitle	57	lossless
Street Scooters (Europe) (En,Fr,De,Es,It)	sstitle	57	lossless
Street Sk8er (USA)	sstitle	57	lossless
Street Sk8er 2 (USA)	sstitle	57	lossless
Street Skater 2 (Europe) (En,Fr,De)	sstitle	57	lossless
Stressless Lesson - Les Les (Japan)	sstitle	57	lossless
Strider (USA)	sstitle	57	lossless
Strider 2 (USA)	sstitle	57	lossless
Strider Hiryuu 1 & 2 (Japan) (Disc 1) (Strider Hiryuu)	sstitle	57	lossless
Strike Force Hydra (Europe)	sstitle	57	lossless
Strike Point (USA)	sstitle	57	lossless
Striker - World Cup Premiere Stage (Japan)	sstitle	57	lossless
Striker 96 (USA)	sstitle	57	lossless
Striker Pro 2000 (USA)	sstitle	57	lossless
Strikers 1945 (USA)	sstitle	57	lossless
Strikers 1945 II (Europe)	sstitle	57	lossless
Stuart Little 2 (USA)	sstitle	57	lossless
Studio P (Japan)	sstitle	57	lossless
Study Quest - Keisan-jima no Daibouken (Japan)	sstitle	57	lossless
Subete ga F ni Naru - The Perfect Insider (Japan)	sstitle	57	lossless
Submarine Commander (Europe)	sstitle	57	lossless
Submarine Hunter Shachi (Japan)	sstitle	57	lossless
Suchie-Pai Adventure - Doki Doki Nightmare (Japan) (Disc 1)	sstitle	57	lossless
Suiko Enbu (Japan)	sstitle	57	lossless
Suikoden (USA)	sstitle	57	lossless
Suikoden - Tendou Hyaku Hachi-sei (Japan)	sstitle	57	lossless
Suikoden - Tenmei no Chikai (Japan)	sstitle	57	lossless
Suikoden II (USA)	sstitle	57	lossless
Suizokukan Project - Fish Hunter e no Michi (Japan)	sstitle	57	lossless
Summon Night (Japan)	sstitle	57	lossless
Summon Night 2 (Japan) (Disc 1)	sstitle	57	lossless
Suna no Embrace - Edin no Sato no Navel (Japan)	sstitle	57	lossless
Super Adventure Rockman (Japan) (Disc 1) (Episode 1 Tsuki no Shinden)	sstitle	57	lossless
Super Bass Fishing (Japan)	sstitle	57	lossless
Super Black Bass X (Japan)	sstitle	57	lossless
Super Blackbass X2 (Japan)	sstitle	57	lossless
Super Bubble Pop (USA)	sstitle	57	lossless
Super Casino Special (Japan)	sstitle	57	lossless
Super Dropzone - Intergalactic Rescue Mission (Europe)	sstitle	57	lossless
Super Football Champ (Europe)	sstitle	57	lossless
Super Gals! Kotobuki Ran Special - Ikemen Get You Gals Party (Japan)	sstitle	57	lossless
Super Hero Sakusen (Japan)	sstitle	57	lossless
Super Hero Sakusen - Diedal no Yabou (Japan)	sstitle	57	lossless
Super Lite Best Vol. 2 - Sanvein & Bomb Boat (Korea) (En,Ko)	sstitle	57	lossless
Super Live Stadium (Japan)	sstitle	57	lossless
Super Match Soccer (Europe) (En,Fr,De,Es,It)	sstitle	57	lossless
Super Price Series - Billiards (Japan)	sstitle	57	lossless
Super Price Series - Block & Switch (Japan)	sstitle	57	lossless
Super Price Series - Hanafuda (Japan)	sstitle	57	lossless
Super Price Series - Mahjong (Japan)	sstitle	57	lossless
Super Price Series - Paipai (Japan)	sstitle	57	lossless
Super Price Series - Reversi (Japan)	sstitle	57	lossless
Super Puzzle Fighter II Turbo (USA)	sstitle	57	lossless
Super Puzzle Fighter II X (Japan)	sstitle	57	lossless
Super Robot Shooting (Japan)	sstitle	57	lossless
Super Robot Taisen - Complete Box (Japan) (Disc 1) (Super Robot Wars Complete Box)	sstitle	57	lossless
Super Robot Taisen Alpha (Japan)	sstitle	57	lossless
Super Robot Taisen Alpha Gaiden (Japan)	sstitle	57	lossless
Super Robot Taisen EX (Japan)	sstitle	57	lossless
Super Robot Taisen F (Japan)	sstitle	57	lossless
Super Robot Taisen F - Kanketsu-hen (Japan)	sstitle	57	lossless
Super Shot Soccer (USA)	sstitle	57	lossless
Super Slammin' Dodgeball (Europe)	sstitle	57	lossless
Super Tokusatsu Taisen 2001 (Japan)	sstitle	57	lossless
SuperCross Circuit (USA)	sstitle	57	lossless
SuperLite 1500 Series - Angolmois 99 (Japan)	sstitle	57	lossless
SuperLite 1500 Series - Asteroids (Japan)	sstitle	57	lossless
SuperLite 1500 Series - Battle Qix (Japan)	sstitle	57	lossless
SuperLite 1500 Series - Bomboat (Japan)	sstitle	57	lossless
SuperLite 1500 Series - Burn Out (Japan)	sstitle	57	lossless
SuperLite 1500 Series - Card II (Japan)	sstitle	57	lossless
SuperLite 1500 Series - Castrol Honda Super Bike Racing (Japan)	sstitle	57	lossless
SuperLite 1500 Series - Chitty Chitty Chicken (Japan)	sstitle	57	lossless
SuperLite 1500 Series - Crazy Balloon 2000 (Japan)	sstitle	57	lossless
SuperLite 1500 Series - Crossword (Japan)	sstitle	57	lossless
SuperLite 1500 Series - Crossword 2 (Japan)	sstitle	57	lossless
SuperLite 1500 Series - Crossword 3 (Japan)	sstitle	57	lossless
SuperLite 1500 Series - Fishing Club - Boat no Tsuri-hen (Japan)	sstitle	57	lossless
SuperLite 1500 Series - Fishing Club - Bouhatei no Tsuri-hen (Japan)	sstitle	57	lossless
SuperLite 1500 Series - Fishing Club - Hama no Tsuri-hen (Japan)	sstitle	57	lossless
SuperLite 1500 Series - Hanafuda II (Japan)	sstitle	57	lossless
SuperLite 1500 Series - Hooockey!! (Japan)	sstitle	57	lossless
SuperLite 1500 Series - KeePer (Japan)	sstitle	57	lossless
SuperLite 1500 Series - Maerchen Adventure - Cotton 100% (Japan)	sstitle	57	lossless
SuperLite 1500 Series - Mahjong II (Japan)	sstitle	57	lossless
SuperLite 1500 Series - Makikou (Japan)	sstitle	57	lossless
SuperLite 1500 Series - Naniwa Wangan Battle (Japan)	sstitle	57	lossless
SuperLite 1500 Series - NumCro (Japan)	sstitle	57	lossless
SuperLite 1500 Series - NumCro 2 (Japan)	sstitle	57	lossless
SuperLite 1500 Series - NumCro 3 (Japan)	sstitle	57	lossless
SuperLite 1500 Series - NumCro 4 (Japan)	sstitle	57	lossless
SuperLite 1500 Series - Oekaki Puzzle (Japan)	sstitle	57	lossless
SuperLite 1500 Series - Oekaki Puzzle 2 (Japan)	sstitle	57	lossless
SuperLite 1500 Series - Oekaki Puzzle 3 (Japan)	sstitle	57	lossless
SuperLite 1500 Series - Oekaki Puzzle 4 (Japan)	sstitle	57	lossless
SuperLite 1500 Series - Oekaki Puzzle 5 (Japan)	sstitle	57	lossless
SuperLite 1500 Series - Pangaea (Japan)	sstitle	57	lossless
SuperLite 1500 Series - Pinball - Golden Logres (Japan)	sstitle	57	lossless
SuperLite 1500 Series - Qix 2000 (Japan)	sstitle	57	lossless
SuperLite 1500 Series - Quiz Master - Blue (Japan)	sstitle	57	lossless
SuperLite 1500 Series - Quiz Master - Red (Japan)	sstitle	57	lossless
SuperLite 1500 Series - Quiz Master - Yellow (Japan)	sstitle	57	lossless
SuperLite 1500 Series - Reversi II (Japan)	sstitle	57	lossless
SuperLite 1500 Series - Sanvein (Japan)	sstitle	57	lossless
SuperLite 1500 Series - Seiyou Senseijutsu - Mark Yazaki Kanshuu (Japan)	lr-titles	57	lossless
SuperLite 1500 Series - Shanghai - Dynasty (Japan)	sstitle	57	lossless
SuperLite 1500 Series - Shichuu Suimei - Mark Yazaki Kanshuu (Japan)	sstitle	57	lossless
SuperLite 1500 Series - Shinsei Toilet no Hanako-san (Japan)	sstitle	57	lossless
SuperLite 1500 Series - Shougi II (Japan)	sstitle	57	lossless
SuperLite 1500 Series - Slither Link (Japan)	sstitle	57	lossless
SuperLite 1500 Series - Space Chaser 2000 (Japan)	sstitle	57	lossless
SuperLite 1500 Series - StarSweep (Japan)	lr-titles	57	lossless
SuperLite 1500 Series - Strikers 1945 II (Japan)	sstitle	57	lossless
SuperLite 1500 Series - Suudoku (Japan)	sstitle	57	lossless
SuperLite 1500 Series - Suudoku 2 (Japan)	sstitle	57	lossless
SuperLite 1500 Series - Suudoku 3 (Japan)	sstitle	57	lossless
SuperLite 1500 Series - Suudoku 4 (Japan)	sstitle	57	lossless
SuperLite 1500 Series - Suudoku 5 (Japan)	sstitle	57	lossless
SuperLite 1500 Series - The Curling (Japan)	sstitle	57	lossless
SuperLite 1500 Series - The Game Maker (Japan)	sstitle	57	lossless
SuperLite 1500 Series - The Tetris (Japan)	sstitle	57	lossless
SuperLite 3in1 Series - Arcade Classic-shuu (Japan)	sstitle	57	lossless
SuperLite 3in1 Series - Board Game-shuu (Japan)	sstitle	57	lossless
SuperLite 3in1 Series - Card Game-shuu (Japan)	sstitle	57	lossless
SuperLite 3in1 Series - Crossword-shuu (Japan)	lr-titles	57	lossless
SuperLite 3in1 Series - NumCro-shuu (Japan)	sstitle	57	lossless
SuperLite 3in1 Series - Oekaki Puzzle-shuu (Japan)	sstitle	57	lossless
SuperLite 3in1 Series - Quiz-shuu (Japan)	sstitle	57	lossless
SuperLite 3in1 Series - Suudoku-shuu (Japan)	lr-titles	57	lossless
SuperLite 3in1 Series - Tsuri-shuu (Japan)	sstitle	57	lossless
SuperLite Gold Series - Minna no Chess (Japan)	sstitle	57	lossless
SuperLite Gold Series - Minna no Igo (Japan)	sstitle	57	lossless
SuperLite Gold Series - Minna no Mahjong (Japan)	sstitle	57	lossless
SuperLite Gold Series - Minna no Othello (Japan)	sstitle	57	lossless
SuperLite Gold Series - Minna no Shougi - Chuukyuu-hen (Japan)	lr-titles	57	lossless
SuperLite Gold Series - Minna no Shougi - Joukyuu-hen (Japan)	sstitle	57	lossless
SuperLite Gold Series - Minna no Shougi - Shokyuu-hen (Japan)	sstitle	57	lossless
SuperLite Gold Series - Otenami Haiken (Japan)	sstitle	57	lossless
Superbike Masters (Europe)	sstitle	57	lossless
Superman (USA) (Proto) (1999-10-29)	sstitle	57	lossless
Supersonic Racers (Europe) (En,Fr,De,Es,It)	sstitle	57	lossless
Superstar Dance Club - 1 Hits!!! (USA)	sstitle	57	lossless
Surf Riders (USA)	sstitle	57	lossless
Susume! Kaizoku - Be Pirates! (Japan)	sstitle	57	lossless
Susume! Taisen Puzzle-dama (Japan)	sstitle	57	lossless
Suzu Monogatari (Japan)	sstitle	57	lossless
Suzuki Alstare Challenge (France)	sstitle	57	lossless
Suzuki Bakuhatsu (Japan)	sstitle	57	lossless
Sven-Goeran Eriksson's World Challenge (Europe)	sstitle	57	lossless
Sven-Goeran Eriksson's World Manager (Europe)	sstitle	57	lossless
Swagman (USA)	sstitle	57	lossless
Swing (Europe) (En,Fr,De)	sstitle	57	lossless
Sword of Camelot, The (Europe) (En,Fr,De,Nl)	sstitle	57	lossless
Sydney 2000 (USA)	sstitle	57	lossless
Syndicate Wars (USA)	sstitle	57	lossless
Syphon Filter (USA)	sstitle	57	lossless
Syphon Filter 2 (USA) (Disc 1)	sstitle	57	lossless
Syphon Filter 2 - Conspiracion Mortal (Spain) (Disc 1)	sstitle	57	lossless
Syphon Filter 3 (USA)	sstitle	57	lossless
Syphon Filter 3 - Sentencia Final (Spain)	sstitle	57	lossless
T kara Hajimaru Monogatari (Japan)	sstitle	57	lossless
T'ai Fu - Die Rache des Tigers (Germany)	sstitle	57	lossless
T'ai Fu - Wrath of the Tiger (USA)	sstitle	57	lossless
T.R.A.G. - Mission of Mercy (USA)	sstitle	57	lossless
TFX - Tactical Fighter eXperiment (Japan)	sstitle	57	lossless
TIZ - Tokyo Insect Zoo (Japan)	sstitle	57	lossless
TNN Motor Sports HardCore 4X4 (USA)	sstitle	57	lossless
TNN Motorsports HardCore TR (USA)	sstitle	57	lossless
TOCA 2 - Touring Car Challenge (USA) (En,Fr,Es)	sstitle	57	lossless
TOCA Championship Racing (USA) (En,Es)	sstitle	57	lossless
TOCA World Touring Cars (Europe) (Es,It)	sstitle	57	lossless
TRL - The Rail Loaders (Japan)	sstitle	57	lossless
TV Animation X - Unmei no Sentaku (Japan)	sstitle	57	lossless
Tactical Armor Custom Gasaraki (Japan)	sstitle	57	lossless
Tactics Ogre (USA)	sstitle	57	lossless
Tadaima Wakusei Kaitaku-chuu! (Japan)	sstitle	57	lossless
Taiho Shichau zo - You're Under Arrest (Japan) (Disc 1)	sstitle	57	lossless
Taiketsu Rumiizu! Meruhen Land (Japan)	sstitle	57	lossless
Taikou Risshiden II (Japan)	sstitle	57	lossless
Taikou Risshiden III (Japan)	sstitle	57	lossless
Taikyoku Igo - Heisei Kiin (Japan)	sstitle	57	lossless
Taikyoku Igo - Shinzui Gosennin (Japan)	lr-titles	57	lossless
Taikyoku Igo - Shinzui Gosennin - Nigou (Japan)	sstitle	57	lossless
Taikyoku Shougi - Kiwame (Japan)	sstitle	57	lossless
Tail Concerto (USA)	sstitle	57	lossless
Tail of the Sun (USA)	sstitle	57	lossless
Taisen Ren'ai Simulation - Trifers Mahou Gakuen (Japan)	sstitle	57	lossless
Taiyo no Otsuge (Japan)	sstitle	57	lossless
Taiyou no Shippo - Wild, Pure, Simple Life (Japan)	sstitle	57	lossless
Taklamakan - Tonkou Denki (Japan)	sstitle	57	lossless
Tales of Destiny (USA)	sstitle	57	lossless
Tales of Destiny II (USA) (Disc 1)	sstitle	57	lossless
Tales of Eternia (Japan) (Disc 1)	sstitle	57	lossless
Tales of Fandom Vol. 1 - Mint Version (Japan)	sstitle	57	lossless
Tales of Phantasia (Japan)	sstitle	57	lossless
Tall - Infinity (USA)	sstitle	57	lossless
Tall - Twins Tower (Japan)	sstitle	57	lossless
Tama - Adventurous Ball in Giddy Labyrinth (Japan)	sstitle	57	lossless
Tamago de Puzzle (Japan)	sstitle	57	lossless
Tamamayu Monogatari (Japan)	sstitle	57	lossless
Tanaka Torahiko no Ultra-ryuu Shougi - Ibisha Anaguma-hen (Japan)	sstitle	57	lossless
Tank Racer (Europe) (En,Fr,De,Es,It)	sstitle	57	lossless
Tanoshii Mahjong (Japan)	sstitle	57	lossless
Tantei Jinguuji Saburou - Early Collection (Japan)	sstitle	57	lossless
Tantei Jinguuji Saburou - Mikan no Report (Japan)	sstitle	57	lossless
Tantei Jinguuji Saburou - Tomoshibi ga Kienu Ma ni (Japan)	sstitle	57	lossless
Tantei Jinguuji Saburou - Yume no Owari ni (Japan)	sstitle	57	lossless
Taregoro - Tarepanda no Iru Nichijou (Japan)	sstitle	57	lossless
Tasogare no Ode (Japan)	sstitle	57	lossless
Tatsunoko Fight (Japan)	sstitle	57	lossless
Taxi 2 (France) (En,Fr)	sstitle	57	lossless
Team Buddies (USA)	sstitle	57	lossless
Team Losi RC Racer (USA)	sstitle	57	lossless
Techno BB (Japan)	sstitle	57	lossless
TechnoMage - Return of Eternity (Europe)	sstitle	57	lossless
Tecmo Stackers (USA)	sstitle	57	lossless
Tecmo Super Bowl (USA)	sstitle	57	lossless
Tecmo World Golf - Japan (USA)	sstitle	57	lossless
Tecmo's Deception - Invitation to Darkness (USA)	sstitle	57	lossless
Teitoku no Ketsudan II (Japan)	sstitle	57	lossless
Teitoku no Ketsudan III (Japan)	sstitle	57	lossless
Tekken (USA)	sstitle	57	lossless
Tekken 2 (USA)	sstitle	57	lossless
Tekken 3 (USA)	sstitle	57	lossless
Tekkyuu - True Pinball (Japan)	lr-titles	57	lossless
Tempest X3 (USA)	sstitle	57	lossless
Ten Pin Alley (USA)	sstitle	57	lossless
Ten made Jack - Odoroki Mamenoki Daitoubou!! (Japan)	sstitle	57	lossless
Tenant Wars (Japan)	sstitle	57	lossless
Tenchi Muyou! Toukou Muyou (Japan) (Disc 1)	sstitle	57	lossless
Tenchi o Kurau II - Sekiheki no Tatakai (Japan)	sstitle	57	lossless
Tenchu - Stealth Assassins (USA)	sstitle	57	lossless
Tenchu 2 - Birth of the Stealth Assassins (USA)	sstitle	57	lossless
Tenga Seiha (Japan)	sstitle	57	lossless
Tenka Touitsu (Japan)	lr-titles	57	lossless
Tenkuu no Escaflowne (Japan)	sstitle	57	lossless
Tenkuu no Restaurant - Hello! Project Ver. (Japan)	sstitle	57	lossless
Tennis (USA)	lr-titles	57	lossless
Tennis Arena (USA)	sstitle	57	lossless
Tennis no Oujisama (Japan)	sstitle	57	lossless
Tennis no Oujisama - Sweat & Tears (Japan)	sstitle	57	lossless
Tensen Nyannyan Gekijouban (Japan)	sstitle	57	lossless
Tenshi Doumei (Japan)	sstitle	57	lossless
Tenshi na Konamaiki (Japan)	sstitle	57	lossless
Tentama (Japan)	sstitle	57	lossless
Terracon (Europe) (En,Fr,De,Es,It)	sstitle	57	lossless
Terry Pratchett's Discworld (USA)	sstitle	57	lossless
Test Drive 4 (USA)	sstitle	57	lossless
Test Drive 5 (USA)	sstitle	57	lossless
Test Drive 6 (USA)	sstitle	57	lossless
Test Drive Le Mans (USA) (En,Fr,Es)	sstitle	57	lossless
Test Drive Off-Road (USA)	sstitle	57	lossless
Test Drive Off-Road 2 (USA)	sstitle	57	lossless
Test Drive Off-Road 3 (USA)	sstitle	57	lossless
Tetris Plus (USA)	sstitle	57	lossless
Tetris X (Japan)	sstitle	57	lossless
Tetris with Cardcaptor Sakura - Eternal Heart (Japan)	sstitle	57	lossless
Tetsudou-ou '96 - Iku ze Okuman Chouja!! (Japan)	sstitle	57	lossless
Tetsudou-ou 2 - Sekai Seifuku no Yabou!! (Japan)	sstitle	57	lossless
Tetsuya Komuro - Gaball Screen (Japan)	sstitle	57	lossless
Tettei Kaiseki - Hisshou Pachi-Slot Doujou - Yamasa & Pioneer (Japan)	sstitle	57	lossless
That's QT (Japan)	sstitle	57	lossless
Theme Aquarium (Japan)	sstitle	57	lossless
Theme Hospital (USA)	sstitle	57	lossless
Theme Park (USA)	sstitle	57	lossless
Theme Park World (Europe) (En,Fr,De,Es,It,Nl,Sv)	sstitle	57	lossless
This Is Football (Europe)	sstitle	57	lossless
This Is Football 2 (Europe)	sstitle	57	lossless
Thoroughbred Breeder - Sekai Seiha-hen (Japan)	sstitle	57	lossless
Thoroughbred Breeder II Plus (Japan)	sstitle	57	lossless
Thoroughbred-tachi no Eikan - The Victorious Thoroughbreds (Japan)	sstitle	57	lossless
Thousand Arms (USA) (Disc 1)	sstitle	57	lossless
Thrasher - SK8 (Japan)	sstitle	57	lossless
Thrasher - Skate and Destroy (USA)	lr-titles	57	lossless
Threads of Fate (USA, Canada)	sstitle	57	lossless
Three Stooges, The (USA)	sstitle	57	lossless
Thrill Kill (USA) (Proto) (1998-08-10)	sstitle	57	lossless
Thunder Force V - Perfect System (USA)	sstitle	57	lossless
Thunder Storm & Road Blaster (Japan) (Disc 1) (Thunder Storm)	sstitle	57	lossless
Thunder Truck Rally (USA)	sstitle	57	lossless
Thunderhawk II (Japan)	sstitle	57	lossless
Thunderstrike 2 (USA)	sstitle	57	lossless
Tiger Woods 99 PGA Tour Golf (USA)	sstitle	57	lossless
Tiger Woods PGA Tour 2000 (USA)	sstitle	57	lossless
Tiger Woods PGA Tour Golf (USA)	sstitle	57	lossless
Tigershark (USA)	sstitle	57	lossless
Tilk - Aoi Umi kara Kita Shoujo (Japan)	sstitle	57	lossless
Tilt! (Europe) (En,Fr,De)	sstitle	57	lossless
Time Bokan - Yattaman (Italy)	sstitle	57	lossless
Time Bokan Series - Bokan GoGoGo (Japan)	sstitle	57	lossless
Time Bokan Series - Bokan desu yo (Japan)	sstitle	57	lossless
Time Bokan Series - Bokan to Ippatsu! Doronbow (Japan)	sstitle	57	lossless
Time Commando (USA)	sstitle	57	lossless
Time Crisis (USA)	sstitle	57	lossless
Time Crisis - Project Titan (USA)	sstitle	57	lossless
Time Gal & Ninja Hayate (Japan) (En,Ja) (Disc 1) (Time Gal)	sstitle	57	lossless
Tintin - Destination Adventure (Europe) (En,Fr,De,Es,It,Nl,Pt)	sstitle	57	lossless
Tiny Bullets (Japan)	sstitle	57	lossless
Tiny Tank (USA)	lr-titles	57	lossless
Tiny Toon Adventures - Buster and the Beanstalk (Europe) (En,Es,Pt)	sstitle	57	lossless
Tiny Toon Adventures - Plucky's Big Adventure (USA)	sstitle	57	lossless
Tiny Toon Adventures - The Great Beanstalk (USA)	sstitle	57	lossless
Tiny Toon Adventures - Toonenstein - Dare to Scare! (USA)	sstitle	57	lossless
Tiny Toon Adventures - Toonenstein - Geisterstunde! (Germany)	sstitle	57	lossless
Tiny Toon Adventures - Toonenstein - Le Chateau hante (France)	sstitle	57	lossless
Titan Wars (Europe)	sstitle	57	lossless
ToHeart (Japan) (Disc 1)	sstitle	57	lossless
ToPoLo (Japan)	sstitle	57	lossless
Toaplan Shooting Battle 1 (Japan)	sstitle	57	lossless
Tobaku Mokushiroku Kaiji (Japan)	sstitle	57	lossless
Tobal 2 (Japan, Asia)	sstitle	57	lossless
Tobal No. 1 (USA)	sstitle	57	lossless
Todd McFarlane's Spawn - The Ultimate (Japan)	sstitle	57	lossless
Tokimeki Memorial - Forever with You (Japan) (PlayStation the Best)	sstitle	57	lossless
Tokimeki Memorial - Taisen Tokkaedama (Japan)	sstitle	57	lossless
Tokimeki Memorial 2 (Japan, Asia) (Disc 1)	sstitle	57	lossless
Tokimeki Memorial 2 Substories - Dancing Summer Vacation (Japan) (Disc 1)	sstitle	57	lossless
Tokimeki Memorial 2 Substories - Leaping School Festival (Japan) (Disc 1)	sstitle	57	lossless
Tokimeki Memorial 2 Substories - Memories Ringing On (Japan) (Disc 1)	sstitle	57	lossless
Tokimeki Memorial Drama Series Vol. 1 - Nijiiro no Seishun (Japan)	sstitle	57	lossless
Tokimeki Memorial Drama Series Vol. 2 - Irodori no Love Song (Japan) (Disc 1)	sstitle	57	lossless
Tokimeki Memorial Drama Series Vol. 3 - Tabidachi no Uta (Japan) (Disc 1)	sstitle	57	lossless
Tokimeki Memorial Selection - Fujisaki Shiori (Japan)	sstitle	57	lossless
Tokimeki Memorial Taisen Puzzledama (Japan)	sstitle	57	lossless
Tokimeki no Houkago - Ne Quiz Shiyo (Japan, Asia)	sstitle	57	lossless
Toko Toko Trouble - Chikyuu Itadaki! (Japan)	sstitle	57	lossless
Tokoro-san no Daifugou (Japan)	sstitle	57	lossless
Tokyo 23-ku Seifuku Wars (Japan)	sstitle	57	lossless
Tokyo Dungeon (Japan)	sstitle	57	lossless
Tokyo Game Show '99 Spring Special Version - Tomy Paradise Taikenban (Japan)	sstitle	57	lossless
Tokyo Highway Battle (USA)	sstitle	57	lossless
Tokyo Majin Gakuen - Gehouchou (Japan) (Disc 1) (You)	sstitle	57	lossless
Tokyo Majin Gakuen - Kenpuuchou (Japan) (Disc 1) (You)	sstitle	57	lossless
Tokyo Majin Gakuen - Oboro Kitan (Japan)	sstitle	57	lossless
Tokyo Mew Mew - Toujou Shin Mew Mew! Minna Issho ni Gohoushi Suru Nyan (Japan)	sstitle	57	lossless
Tokyo Shadow (Japan) (Disc 1)	sstitle	57	lossless
Tokyo Wakusei Planetokio (Japan) (Disc 1)	sstitle	57	lossless
Tom Clancy's Rainbow Six (USA)	sstitle	57	lossless
Tom Clancy's Rainbow Six - Lone Wolf (USA)	sstitle	57	lossless
Tom Clancy's Rainbow Six - Rogue Spear (USA)	sstitle	57	lossless
Tom and Jerry in House Trap (USA)	sstitle	57	lossless
Tomb Raider (USA)	sstitle	57	lossless
Tomb Raider - La Revelation Finale (France)	sstitle	57	lossless
Tomb Raider - Sur les Traces de Lara Croft (France)	sstitle	57	lossless
Tomb Raider - The Last Revelation (USA)	sstitle	57	lossless
Tomb Raider 2 (Japan)	sstitle	57	lossless
Tomb Raider Chronicles (USA)	sstitle	57	lossless
Tomb Raider II - Starring Lara Croft (USA)	sstitle	57	lossless
Tomb Raider III - Adventures of Lara Croft (USA)	lr-titles	57	lossless
Tomb Raider V - Chronicles (Japan)	sstitle	57	lossless
Tomb Raiders (Japan)	sstitle	57	lossless
Tomba! (USA)	sstitle	57	lossless
Tomba! 2 - The Evil Swine Return (USA)	sstitle	57	lossless
Tomba! The Wild Adventures (Japan)	sstitle	57	lossless
Tombi! (Europe) (En,Es,Pt,Sv,Da)	sstitle	57	lossless
Tombi! 2 (Europe)	sstitle	57	lossless
Tomica Town o Tsukurou! (Japan)	sstitle	57	lossless
Tommi Maekinen Rally (Europe) (En,Fr,De,Es,Fi)	sstitle	57	lossless
Tomoyasu Hotei - Stolen Song (Japan) (Disc 1)	sstitle	57	lossless
Tonde! Tonde! Diet - Stepper Action Game (Japan)	sstitle	57	lossless
Tondemo Crisis! (Japan)	sstitle	57	lossless
Tonka Space Station (USA)	sstitle	57	lossless
Tony Hawk's Pro Skater (USA)	lr-titles	57	lossless
Tony Hawk's Pro Skater 2 (USA)	sstitle	57	lossless
Tony Hawk's Pro Skater 3 (USA)	sstitle	57	lossless
Tony Hawk's Pro Skater 4 (USA)	sstitle	57	lossless
Tony Hawk's Skateboarding (Europe)	lr-titles	57	lossless
Tonzura-kun (Japan)	sstitle	57	lossless
Top Gun - Fire at Will! (USA)	sstitle	57	lossless
Top Shop (USA)	sstitle	57	lossless
Topolino e le Sue Avventure (Italy)	sstitle	57	lossless
Tora! Tora! Tora! (Japan)	sstitle	57	lossless
Toshinden 4 (Europe)	sstitle	57	lossless
Total Drivin (Europe) (En,Fr,De,Es,It,Pt)	sstitle	57	lossless
Total Eclipse Turbo (USA)	sstitle	57	lossless
Total NBA '96 (Europe)	sstitle	57	lossless
Total NBA '97 (Europe)	sstitle	57	lossless
Total NBA 98 (Europe)	sstitle	57	lossless
Touge Max - Saisoku Drift Master (Japan, Asia)	sstitle	57	lossless
Touge Max 2 (Japan)	sstitle	57	lossless
Touge Max G (Japan)	sstitle	57	lossless
Touhaiden Akagi (Japan)	sstitle	57	lossless
Touhou Chinyuuki - Halfling Hearts (Japan)	sstitle	57	lossless
Touki Denshou - Angel Eyes (Japan)	sstitle	57	lossless
Tour Party - Sotsugyou Ryokou ni Ikou (Japan)	sstitle	57	lossless
Tournament Leader (Japan)	sstitle	57	lossless
Toushinden (Japan)	sstitle	57	lossless
Toushinden - Card Quest (Japan)	sstitle	57	lossless
Toushinden Subaru (Japan)	sstitle	57	lossless
Tower Dream 2 (Japan)	sstitle	57	lossless
Tower, The - Bonus Edition (Japan)	sstitle	57	lossless
Toyomaru Club Vol. 1 - CR Nanasy (Japan)	sstitle	57	lossless
Toyota Netz Racing (Japan)	sstitle	57	lossless
Toys (Europe) (En,Fr,De)	sstitle	57	lossless
Toys Dream (Japan)	sstitle	57	lossless
Transformers - Beast Wars (Japan)	sstitle	57	lossless
Transformers - Beast Wars Metals (Japan)	sstitle	57	lossless
Transformers - Beast Wars Transmetals (USA)	sstitle	57	lossless
Transport Tycoon (Europe) (En,Fr,De,Es,It)	sstitle	57	lossless
Transport Tycoon 3D - SL Kara Hajimeyou!! (Japan)	sstitle	57	lossless
Trap Gunner (USA)	sstitle	57	lossless
Trash It (Europe) (En,Fr,De,Es,It)	sstitle	57	lossless
Treasure Gear (Japan)	sstitle	57	lossless
Treasures of the Deep (USA)	sstitle	57	lossless
Trick'n Snowboarder (USA)	sstitle	57	lossless
Trickshot (Europe)	sstitle	57	lossless
Tricky Sliders - Freestyle Snowboard (Japan)	sstitle	57	lossless
Triple Play 2000 (USA)	sstitle	57	lossless
Triple Play 2001 (USA)	sstitle	57	lossless
Triple Play 97 (USA)	sstitle	57	lossless
Triple Play 98 (USA)	sstitle	57	lossless
Triple Play 99 (USA) (En,Es)	sstitle	57	lossless
Triple Play Baseball (USA)	sstitle	57	lossless
Tripuzz (Japan)	sstitle	57	lossless
Tron ni Kobun (Japan)	sstitle	57	lossless
Truck Racing (Europe)	sstitle	57	lossless
Truck Rally (Europe)	sstitle	57	lossless
True Love Story (Japan)	sstitle	57	lossless
True Love Story - Remember My Heart (Japan)	sstitle	57	lossless
True Love Story 2 (Japan) (Disc 1)	sstitle	57	lossless
True Love Story Fan Disc (Japan)	sstitle	57	lossless
True Pinball (USA)	sstitle	57	lossless
Trump Shiyou yo! (Japan)	sstitle	57	lossless
Tsumu (Japan)	sstitle	57	lossless
Tsumu Light (Japan)	sstitle	57	lossless
TsunTsun-gumi - Suuji de PuniPuni (Japan)	sstitle	57	lossless
TsunTsun-gumi 2 - MojiMoji Pakkun (Japan)	sstitle	57	lossless
TsunTsun-gumi 3 - Kanji Vader (Japan)	sstitle	57	lossless
Tsuri Baka Nisshi (Japan)	sstitle	57	lossless
Tsuridou - Keiryuu Mizuumi-hen (Japan)	sstitle	57	lossless
Tsuridou - Umizuri-hen (Japan)	sstitle	57	lossless
Tsuukai!! Slot Shooting (Japan)	sstitle	57	lossless
Tunguska - Legend of Faith (Europe) (En,Fr,De,Es,It)	sstitle	57	lossless
Tunnel B1 (USA)	sstitle	57	lossless
Turbo Prop Racing (USA)	sstitle	57	lossless
Turf Wind '96 - Take Yutaka Kyousouba Ikusei Game (Japan)	sstitle	57	lossless
Turnabout (USA)	sstitle	57	lossless
Tweenies - Game Time (Europe)	sstitle	57	lossless
Twilight Syndrome - Kyuumei-hen (Japan)	sstitle	57	lossless
Twilight Syndrome - Saikai (Japan)	sstitle	57	lossless
Twilight Syndrome - Tansaku-hen (Japan)	sstitle	57	lossless
Twin Goddesses (Japan)	sstitle	57	lossless
TwinBee RPG (Japan, Asia)	sstitle	57	lossless
TwinBee Taisen Puzzle-dama (Japan)	sstitle	57	lossless
Twins Story - Kimi ni Tsutaetakute... (Japan)	sstitle	57	lossless
Twisted Metal (USA)	sstitle	57	lossless
Twisted Metal - Small Brawl (USA)	sstitle	57	lossless
Twisted Metal - World Tour (Europe)	sstitle	57	lossless
Twisted Metal 2 (USA)	sstitle	57	lossless
Twisted Metal 4 (USA, Canada)	sstitle	57	lossless
Twisted Metal III (USA)	sstitle	57	lossless
Two-Ten Kaku (Japan)	sstitle	57	lossless
Tyco R-C - Assault with a Battery (USA)	sstitle	57	lossless
U-SA (Japan)	sstitle	57	lossless
U.P.P. (Japan)	sstitle	57	lossless
U.S. Navy Fighters (Japan)	sstitle	57	lossless
UEFA Challenge (Europe) (En,Fr,De,Nl)	sstitle	57	lossless
UEFA Champions League - Season 1998-99 (Europe)	sstitle	57	lossless
UEFA Champions League - Season 1999-2000 (Europe)	sstitle	57	lossless
UEFA Champions League - Season 2000-2001 (Europe)	sstitle	57	lossless
UEFA Euro 2000 (Europe)	sstitle	57	lossless
UEFA Striker (Europe) (En,Fr,De,Es,It,Nl)	sstitle	57	lossless
UFO - A Day in the Life (Japan)	sstitle	57	lossless
US Racer (Europe) (En,Fr,De,Nl)	sstitle	57	lossless
Ubik (Europe) (En,Fr,De)	sstitle	57	lossless
Uchi ni Pochi ga Yattekita in my Pocket (Japan)	sstitle	57	lossless
Uchuu Goushouden - Bakuretsu Akindo (Japan)	sstitle	57	lossless
Uchuu Seibutsu Flopon-kun P! (Japan)	sstitle	57	lossless
Uchuu Senkan Yamato - Eiyuu no Kiseki (Japan)	sstitle	57	lossless
Uchuu Senkan Yamato - Haruka naru Hoshi Iscandar (Japan)	sstitle	57	lossless
Uchuu no Rendezvous - Rama (Japan) (Disc 1)	sstitle	57	lossless
Ugetsu Kitan (Japan)	sstitle	57	lossless
Uki Uki Tsuri Tengoku - Gyoshin Densetsu o Oe (Japan)	sstitle	57	lossless
Uki Uki Tsuri Tengoku - Kawa Monogatari (Japan)	sstitle	57	lossless
Uki Uki Tsuri Tengoku - Ningyo Densetsu no Nazo (Japan)	sstitle	57	lossless
Ultima Underworld - The Stygian Abyss (Japan)	sstitle	57	lossless
Ultimate 8 Ball (USA)	sstitle	57	lossless
Ultimate Brain Games (USA)	sstitle	57	lossless
Ultimate Fighting Championship (USA)	sstitle	57	lossless
Ultraman - Fighting Evolution (Japan)	sstitle	57	lossless
Ultraman Tiga & Ultraman Dyna - Arata naru Futatsu no Hikari (Japan)	sstitle	57	lossless
Ultraman Zearth (Japan)	sstitle	57	lossless
Um Jammer Lammy (USA)	sstitle	57	lossless
Umapoly (Japan)	sstitle	57	lossless
Umezawa Yukari no Taikyoku Igo - Heisei Kiin II (Japan)	sstitle	57	lossless
Umi no Nushi-tsuri - Takarajima ni Mukatte (Japan)	sstitle	57	lossless
Umi no Oh! Yah! (Japan)	sstitle	57	lossless
Umihara Kawase Shun (Japan)	sstitle	57	lossless
Umihara Kawase Shun - Second Edition (Japan)	sstitle	57	lossless
UnGro Walker (Japan)	sstitle	57	lossless
Undou Busoku Kaishou! Punch de Diet (Japan)	sstitle	57	lossless
Unholy War, The (USA)	sstitle	57	lossless
Universal Nuts (Japan)	sstitle	57	lossless
Universal Virtua Pachi-Slot - Hisshou Kouryakuhou (Japan)	sstitle	57	lossless
Universal-ki Kanzen Kaiseki - Pachi-Slot Simulator (Japan)	sstitle	57	lossless
Uno (Japan)	sstitle	57	lossless
Unsolved, The - Hyper Science Adventure (Japan) (Disc 1)	sstitle	57	lossless
Unstack (Japan)	sstitle	57	lossless
Uprising X (USA)	sstitle	57	lossless
Uranai 2, The - Mainichi no Tarot Uranai (Japan)	sstitle	57	lossless
Uranai 3, The - Mainichi no Houi Uranai (Japan)	sstitle	57	lossless
Uranai 4, The - Harapeko Kuma no Kaiun Kabbalah Uranai (Japan)	sstitle	57	lossless
Uranai 5, The - Shinpi no Rune Uranai (Japan)	sstitle	57	lossless
Uranai 6, The - Suisei-san no Tottemo Kyuusei Senseijutsu (Japan)	sstitle	57	lossless
Uranai, The - Ren'ai Seiza Uranai (Japan)	sstitle	57	lossless
Urawaza Mahjong - Korette Tenwatte Yatsukai (Japan)	sstitle	57	lossless
Urban Chaos (USA)	sstitle	57	lossless
Utauta Woo - Seirei-Songs (Japan)	sstitle	57	lossless
Utchan Nanchan no Honoo no Challenger - Denryuu Iraira-bou Returns (Japan, Asia)	sstitle	57	lossless
V-Ball - Beach Volley Heroes (Europe)	sstitle	57	lossless
V-Rally - 97 Championship Edition (Europe) (En,Fr,De)	sstitle	57	lossless
V-Rally - Championship Edition (Japan)	sstitle	57	lossless
V-Rally - Championship Edition 2 (Europe) (En,Fr,De)	sstitle	57	lossless
V-Tennis (USA)	sstitle	57	lossless
V-Tennis 2 (Japan)	sstitle	57	lossless
V.I.P. (USA)	sstitle	57	lossless
V2000 (Europe) (En,Fr,De,Es,It)	sstitle	57	lossless
VMX Racing (USA)	sstitle	57	lossless
VR Baseball '97 (USA)	sstitle	57	lossless
VR Baseball 99 (USA)	sstitle	57	lossless
VR Golf '97 (USA) (En,Fr)	sstitle	57	lossless
VR Soccer '96 (USA, Canada)	sstitle	57	lossless
VR Sports Powerboat Racing (USA)	sstitle	57	lossless
Vadims (Japan)	sstitle	57	lossless
Vagrant Story (USA)	sstitle	57	lossless
Valkyrie Profile (USA) (Disc 1)	sstitle	57	lossless
Value 1500 - The Shanghai (Japan)	sstitle	57	lossless
Value 1500 - The Shikinjou (Japan)	sstitle	57	lossless
Vampir - Kyuuketsuki Densetsu (Japan)	sstitle	57	lossless
Vampire - The Night Warriors (Japan)	sstitle	57	lossless
Vampire Hunter D (USA)	sstitle	57	lossless
Vampire Savior - EX Edition (Japan)	sstitle	57	lossless
Vanark (USA)	sstitle	57	lossless
Vandal Hearts (USA)	sstitle	57	lossless
Vandal Hearts - Ushinawareta Kodai Bunmei (Japan)	sstitle	57	lossless
Vandal Hearts II (USA)	sstitle	57	lossless
Vandal Hearts II - Tenjou no Mon (Japan)	sstitle	57	lossless
Vanguard Bandits (USA)	sstitle	57	lossless
Vanishing Point (USA)	sstitle	57	lossless
Vegas Casino (Europe)	sstitle	57	lossless
Vegas Games 2000 (USA)	sstitle	57	lossless
Vehicle Cavalier (Japan)	sstitle	57	lossless
Velldeselba Senki - Tsubasa no Kunshou (Japan)	sstitle	57	lossless
Vermin Kids (Japan)	sstitle	57	lossless
Verrat in der Verbotenen Stadt (Germany)	sstitle	57	lossless
Versailles - A Game of Intrigue (Europe)	sstitle	57	lossless
Versailles - Complot a la Cour du Roi Soleil (France)	sstitle	57	lossless
Versailles - Complotto alla Corte del Re Sole (Italy)	sstitle	57	lossless
Versailles - Verschwoerung am Hof (Germany)	sstitle	57	lossless
Versalles - Complot en la Corte del Rey Sol (Spain)	sstitle	57	lossless
Vib-Ribbon (Europe) (En,Fr,De,Es,It)	sstitle	57	lossless
Victory Boxing (Japan)	sstitle	57	lossless
Victory Boxing 2 (Europe)	sstitle	57	lossless
Victory Boxing Challenger (Europe) (En,Fr,De,Es)	sstitle	57	lossless
Victory Boxing Champion Edition (Europe)	sstitle	57	lossless
Victory Boxing Contender (Europe)	sstitle	57	lossless
Victory Spike (Japan)	sstitle	57	lossless
Victory Zone (Japan)	sstitle	57	lossless
Victory Zone 2 (Japan)	sstitle	57	lossless
Viewpoint (USA)	sstitle	57	lossless
Vigilante 8 (USA)	sstitle	57	lossless
Vigilante 8 - 2nd Offense (USA)	sstitle	57	lossless
Viper (Europe) (En,Fr,De,Es,It)	sstitle	57	lossless
Virtua Pachi-Slot - Olympia Special (Japan)	sstitle	57	lossless
Virtua Pachi-Slot 7 - Kita Denshi, Olympia (Japan)	sstitle	57	lossless
Virtua Pachi-Slot EX (Japan)	sstitle	57	lossless
Virtua Pachi-Slot V - Yamasa, Kita Denshi, Olympia (Japan)	sstitle	57	lossless
Virtua Pachi-Slot VI (Japan)	sstitle	57	lossless
Virtual Bowling - Ten Pin Alley no Kiseki (Japan)	sstitle	57	lossless
Virtual Gallop - Kishudou (Japan)	sstitle	57	lossless
Virtual Golf (Europe) (En,Fr,De)	sstitle	57	lossless
Virtual Hiryuu no Ken (Japan)	sstitle	57	lossless
Virtual Kasparov (USA) (En,Fr,Es)	sstitle	57	lossless
Virtual Kyoutei '98 (Japan)	sstitle	57	lossless
Virtual Kyoutei '99 (Japan)	sstitle	57	lossless
Virtual Kyoutei 2000 (Japan)	sstitle	57	lossless
Virtual Kyoutei 21 (Japan)	sstitle	57	lossless
Virtual Pool (USA)	sstitle	57	lossless
Virtual Pool 3 (USA)	sstitle	57	lossless
Virtual Pro Wrestling (Japan)	sstitle	57	lossless
Virus - It Is Aware (Europe) (En,Fr,De,Es,It)	sstitle	57	lossless
Virus - The Battle Field (Japan)	sstitle	57	lossless
Visiteurs, Les - La Relique de Sainte Rolande (France)	sstitle	57	lossless
Viva Football (Europe) (En,Fr,De,Es,It,Pt)	sstitle	57	lossless
Viva Soccer (USA) (En,Fr,De,Es,It,Pt)	sstitle	57	lossless
Voice Fantasia - Ushinawareta Voice Power (Japan)	sstitle	57	lossless
Voice Idol Collection - Pool Bar Story (Japan) (Disc 1)	sstitle	57	lossless
Voice Paradice Excella (Japan) (Disc 1)	sstitle	57	lossless
Volfoss (Japan)	sstitle	57	lossless
Vs. (USA)	sstitle	57	lossless
WCW Backstage Assault (USA)	sstitle	57	lossless
WCW Mayhem (USA)	sstitle	57	lossless
WCW Nitro (USA)	sstitle	57	lossless
WCW vs. the World (USA)	sstitle	57	lossless
WCW-nWo Thunder (USA)	sstitle	57	lossless
WRC - FIA World Rally Championship Arcade (Europe) (En,Fr,De,Es,It,Nl,Pt,Sv,No,Da,Fi)	sstitle	57	lossless
WTC - World Touring Car Championship (Japan)	sstitle	57	lossless
WWF Attitude (USA)	sstitle	57	lossless
WWF In Your House (USA)	sstitle	57	lossless
WWF SmackDown! (USA)	sstitle	57	lossless
WWF SmackDown! 2 - Know Your Role (USA)	sstitle	57	lossless
WWF War Zone (USA)	sstitle	57	lossless
WWF WrestleMania - The Arcade Game (USA)	sstitle	57	lossless
Wacky Races (Europe) (En,Fr,De,Es,It,Nl)	sstitle	57	lossless
Wagamama Fairy Mirumo de Pon! Mirumo no Mahou Gakkou Monogatari (Japan)	sstitle	57	lossless
Wai Wai 3-nin Uchi Mahjong (Japan)	sstitle	57	lossless
Wai Wai Jansou (Japan)	sstitle	57	lossless
Wai Wai Kart (Japan) (Major Wave)	sstitle	57	lossless
Wai Wai Kusa Yakyuu (Japan)	sstitle	57	lossless
Wai Wai Trump Taisen (Japan)	sstitle	57	lossless
Waku Puyo Dungeon - Ketteiban (Japan)	sstitle	57	lossless
Waku Waku Bowling (Japan)	sstitle	57	lossless
Waku Waku Derby (Japan)	sstitle	57	lossless
Waku Waku Volley (Japan)	sstitle	57	lossless
Wakusei Koukitai - Little Cats (Japan)	sstitle	57	lossless
Walt Disney El Libro de la Selva - Muevete con Ritmo (Spain)	sstitle	57	lossless
Walt Disney Le Livre de la Jungle - Groove Party (France)	sstitle	57	lossless
Walt Disney World Quest - Magical Racing Tour (USA)	sstitle	57	lossless
Walt Disney's The Jungle Book - Rhythm n' Groove (USA)	sstitle	57	lossless
Walt Disneys Das Dschungelbuch - Groove Party (Germany)	sstitle	57	lossless
Wander Vehicles - Doggy Bone Daisakusen (Japan)	sstitle	57	lossless
Wangan Trial (Japan) (Disc 1)	sstitle	57	lossless
Wanted (Europe)	sstitle	57	lossless
War Gods (USA)	sstitle	57	lossless
WarCraft II - The Dark Saga (USA) (En,Fr,De,Es,It)	sstitle	57	lossless
WarGames - Defcon 1 (USA)	sstitle	57	lossless
Warera Mitsurin Tankentai!! (Japan)	sstitle	57	lossless
Wares 1092 - Souheiden (Japan)	sstitle	57	lossless
Warhammer - Dark Omen (USA)	sstitle	57	lossless
Warhammer - Shadow of the Horned Rat (USA)	sstitle	57	lossless
Warhawk - The Red Mercury Missions (USA)	sstitle	57	lossless
Warm Up! (Europe) (En,Fr,De,Es,It,Pt)	sstitle	57	lossless
Warpath - Jurassic Park (USA)	sstitle	57	lossless
Warriors of Might and Magic (USA)	sstitle	57	lossless
Warzone 2100 (USA)	sstitle	57	lossless
Water Summer (Japan)	sstitle	57	lossless
Wayne Gretzky's 3D Hockey '98 (USA)	sstitle	57	lossless
Weakest Link, The (USA)	sstitle	57	lossless
Wedding Peach - Doki Doki Oironaoshi (Japan)	sstitle	57	lossless
Welcome House (Japan)	sstitle	57	lossless
Welcome House 2 - Keaton and His Uncle (Japan)	sstitle	57	lossless
Weltorv Estleia (Japan)	sstitle	57	lossless
Wer wird Millionaer (Germany)	sstitle	57	lossless
Westlife - Fan-O-Mania (Europe)	sstitle	57	lossless
Wheel of Fortune (USA)	sstitle	57	lossless
Wheel of Fortune - 2nd Edition (USA)	sstitle	57	lossless
Whistle - Fuki Nukeru Kaze (Japan)	sstitle	57	lossless
White Diamond (Japan)	sstitle	57	lossless
Whizz (Europe)	sstitle	57	lossless
Who Wants to Be a Millionaire (Europe)	sstitle	57	lossless
Who Wants to Be a Millionaire - 2nd Edition (USA)	sstitle	57	lossless
Who Wants to Be a Millionaire - 3rd Edition (USA)	sstitle	57	lossless
Who Wants to Be a Millionaire - Junior (Europe)	sstitle	57	lossless
Wild 9 (USA)	sstitle	57	lossless
Wild Arms (USA)	lr-titles	57	lossless
Wild Arms - 2nd Ignition (Japan) (Disc 1)	sstitle	57	lossless
Wild Arms 2 (USA) (Disc 1)	sstitle	57	lossless
Wild Boater (Japan)	sstitle	57	lossless
Wild Rapids (Europe)	sstitle	57	lossless
Wild Thornberrys, The - Animal Adventures (USA)	sstitle	57	lossless
Wildroid 9 (Japan)	sstitle	57	lossless
Williams Arcade's Greatest Hits (USA)	sstitle	57	lossless
Windsurfers Paradise (Europe) (En,Fr,De)	sstitle	57	lossless
Wing Commander III - Heart of the Tiger (USA) (Disc 1)	sstitle	57	lossless
Wing Commander IV - The Price of Freedom (USA) (Disc 1)	sstitle	57	lossless
Wing Over (Europe)	sstitle	57	lossless
Wing Over 2 (Europe)	sstitle	57	lossless
Winky the Little Bear (Europe) (En,Fr,De)	sstitle	57	lossless
Winning Lure (Japan)	sstitle	57	lossless
Winning Post 2 (Japan)	sstitle	57	lossless
Winning Post 2 - Final '97 (Japan)	sstitle	57	lossless
Winning Post 2 - Program '96 (Japan)	sstitle	57	lossless
Winning Post 3 (Japan)	sstitle	57	lossless
Winning Post 3 - Program '98 (Japan)	sstitle	57	lossless
Winning Post 4 (Japan)	sstitle	57	lossless
Winning Post 4 - Program 2000 (Japan)	sstitle	57	lossless
Winning Post EX (Japan)	sstitle	57	lossless
Wipeout (USA)	sstitle	57	lossless
Wipeout 2097 (Europe)	sstitle	57	lossless
Wipeout 3 (USA)	sstitle	57	lossless
Wipeout 3 - Special Edition (Europe) (En,Fr,De,Es,It)	sstitle	57	lossless
Wipeout XL (USA)	sstitle	57	lossless
Witch of Salzburg, The (Japan)	sstitle	57	lossless
Wizard's Harmony (Japan)	sstitle	57	lossless
Wizard's Harmony 2 (Japan, Asia)	sstitle	57	lossless
Wizard's Harmony R (Japan)	sstitle	57	lossless
Wizardry - Dimguil (Japan)	sstitle	57	lossless
Wizardry - Llylgamyn Saga (Japan) (En,Ja)	sstitle	57	lossless
Wizardry - New Age of Llylgamyn (Japan) (En,Ja)	sstitle	57	lossless
Wizardry Empire - Inishie no Oujo (Japan)	sstitle	57	lossless
Wizardry Empire II - Oujo no Isan (Japan)	sstitle	57	lossless
Wizardry VII - Guardia no Houju (Japan)	sstitle	57	lossless
Wolf Fang - Kuuga 2001 (Japan)	sstitle	57	lossless
Wolkenkratzer - Shinpan no Tou (Japan)	sstitle	57	lossless
Wonder Trek (Japan)	sstitle	57	lossless
Woody Woodpecker Racing (USA)	sstitle	57	lossless
Woody Woodpecker no Go! Go! Racing (Japan)	sstitle	57	lossless
World Championship Snooker (Europe) (En,Fr,De)	sstitle	57	lossless
World Cup 98 (USA) (En,Fr,De,Es,Nl,Sv,Da)	sstitle	57	lossless
World Cup 98 - Coppa del Mondo (Italy)	sstitle	57	lossless
World Cup Golf - Professional Edition (USA)	sstitle	57	lossless
World Destruction League - Thunder Tanks (USA)	sstitle	57	lossless
World Destruction League - WarJetz (USA)	sstitle	57	lossless
World League Basketball (Europe)	sstitle	57	lossless
World League Soccer '98 (Europe) (En,Es,It)	sstitle	57	lossless
World League Soccer (Japan)	sstitle	57	lossless
World Never Island (Japan)	sstitle	57	lossless
World Neverland - The Olerud Kingdom Stories (Japan)	sstitle	57	lossless
World Neverland 2 - The Waktic Republic of Pluto (Japan)	sstitle	57	lossless
World Pro Tennis '98 (Japan)	sstitle	57	lossless
World Soccer Jikkyou Winning Eleven 2000 - U-23 Medal e no Chousen (Japan)	sstitle	57	lossless
World Soccer Jikkyou Winning Eleven 3 - Final Ver. (Japan)	sstitle	57	lossless
World Soccer Jikkyou Winning Eleven 3 - World Cup France '98 (Japan)	sstitle	57	lossless
World Soccer Jikkyou Winning Eleven 4 (Japan)	sstitle	57	lossless
World Soccer Winning Eleven '97 (Japan)	sstitle	57	lossless
World Soccer Winning Eleven (Japan)	sstitle	57	lossless
World Soccer Winning Eleven 2002 (Japan)	sstitle	57	lossless
World Stadium 2 (Japan)	sstitle	57	lossless
World Stadium 3 (Japan)	sstitle	57	lossless
World Stadium 4 (Japan)	sstitle	57	lossless
World Stadium 5 (Japan)	sstitle	57	lossless
World Stadium EX (Japan)	sstitle	57	lossless
World Tennis Stars (Europe)	sstitle	57	lossless
World Tour Conductor - Sekai Yume Kikou (Japan)	sstitle	57	lossless
World of Dragon Warrior - Torneko - The Last Hope (USA)	sstitle	57	lossless
World's Scariest Police Chases (USA)	sstitle	57	lossless
Worms (USA)	sstitle	57	lossless
Worms Armageddon (USA)	sstitle	57	lossless
Worms Pinball (Europe) (En,Fr,De,Es,It)	sstitle	57	lossless
Worms World Party (USA) (En,Fr,De,Es,It,Nl,Sv,Da)	sstitle	57	lossless
Wreckin Crew - Drive Dangerously (USA) (En,Es)	sstitle	57	lossless
Wu-Tang - Shaolin Style (USA)	sstitle	57	lossless
X Games Pro Boarder (USA)	sstitle	57	lossless
X'treme Roller (Europe) (En,Fr,De,Es,It,Pt)	sstitle	57	lossless
X-Bladez - Inline Skater (USA)	sstitle	57	lossless
X-COM - Enemy Unknown (Europe) (En,Fr,De,Es,It)	sstitle	57	lossless
X-COM - Michinaru Shinryakusha (Japan)	sstitle	57	lossless
X-COM - Terror from the Deep (Europe) (En,Fr,De,Es,It)	sstitle	57	lossless
X-COM - UFO Defense (USA)	sstitle	57	lossless
X-Files, The (USA) (Disc 1)	sstitle	57	lossless
X-Men - Children of the Atom (USA)	sstitle	57	lossless
X-Men - Mutant Academy (USA)	sstitle	57	lossless
X-Men - Mutant Academy 2 (USA)	sstitle	57	lossless
X-Men vs. Street Fighter (USA)	sstitle	57	lossless
X-Men vs. Street Fighter - EX Edition (Japan)	sstitle	57	lossless
X.Racing (Japan)	sstitle	57	lossless
X2 - No Relief (Europe)	sstitle	57	lossless
XI [sai] (Japan) (En,Ja)	sstitle	57	lossless
XI [sai] Jumbo (Japan)	sstitle	57	lossless
XS Airboat Racing (USA)	sstitle	57	lossless
XS Junior League Dodgeball (USA)	sstitle	57	lossless
XS Junior League Football (USA)	sstitle	57	lossless
XS Junior League Soccer (USA)	sstitle	57	lossless
XS Moto (USA)	sstitle	57	lossless
Xena - Warrior Princess (USA)	sstitle	57	lossless
Xenocracy - The Ultimate Solar War (Europe)	sstitle	57	lossless
Xenogears (USA) (Disc 1)	sstitle	57	lossless
Xevious 3D-G+ (USA)	sstitle	57	lossless
Yagami Hiroki no Game-Taste - Munasawagi no Yokan (Japan)	sstitle	57	lossless
Yakiniku Action Game - Yakiniku Bugyou (Japan)	sstitle	57	lossless
Yakitori Musume - Sugoude Hanjouki (Japan)	sstitle	57	lossless
Yaku - Yuujou Dangi (Japan)	sstitle	57	lossless
Yaku Tsuu - Noroi no Game (Japan)	sstitle	57	lossless
Yamagata Digital Museum (Japan) (Disc 1) (Spring)	sstitle	57	lossless
Yamasa Digi Guide - Faust (Japan)	sstitle	57	lossless
Yamasa Digi Guide - Hyper Rush (Japan)	sstitle	57	lossless
Yamasa Digi Guide - M771 (Japan)	sstitle	57	lossless
Yamasa Digi Guide - New Pulsar R (Japan)	sstitle	57	lossless
Yamasa Digi Guide - Umekagetsu R (Japan)	sstitle	57	lossless
Yamasa Digi Selection (Japan)	sstitle	57	lossless
Yamasa Digi Selection 2 (Japan)	sstitle	57	lossless
Yamasa Digi World - Tetra Master (Japan)	sstitle	57	lossless
Yamifuku Natsu - Teito Monogatari Futatabi (Japan)	sstitle	57	lossless
Yaoi Jun'ichi Gokuhi Project - UFO o Oe!! (Japan)	sstitle	57	lossless
Yarudora Series Vol. 1 - Double Cast (Japan) (Disc 1)	sstitle	57	lossless
Yarudora Series Vol. 2 - Kisetsu o Dakishimete (Japan) (Disc 1)	sstitle	57	lossless
Yarudora Series Vol. 3 - Sampaguita (Japan) (Disc 1)	sstitle	57	lossless
Yarudora Series Vol. 4 - Yukiwari no Hana (Japan) (Disc 1)	sstitle	57	lossless
Yeh Yeh Tennis (Europe) (En,Fr,De)	sstitle	57	lossless
Yellow Brick Road (Japan)	sstitle	57	lossless
Yetisports Deluxe (Europe) (En,Fr,De,Es,It)	sstitle	57	lossless
Yetisports World Tour (Europe) (En,Fr,De,Es,It)	sstitle	57	lossless
YoYo's Puzzle Park (Europe)	sstitle	57	lossless
Yoshimoto Mahjong Club Deluxe (Japan)	sstitle	57	lossless
Yoshimoto Muchicco Dai-kessen - Minami no Umi no Gorongo-tou (Japan)	sstitle	57	lossless
Yoshimura Shougi (Japan)	sstitle	57	lossless
You Don't Know Jack (USA) (Disc 1)	sstitle	57	lossless
You Don't Know Jack - Mock 2 (USA)	sstitle	57	lossless
Youchien Gaiden - Karei naru Casino Club - Double Draw (Japan)	sstitle	57	lossless
Youkai Hana Asobi (Japan)	sstitle	57	lossless
Yu-Gi-Oh! Forbidden Memories (USA)	sstitle	57	lossless
Yu-Gi-Oh! Monster Capsule Breed & Battle (Japan)	sstitle	57	lossless
Yu-Gi-Oh! Shin Duel Monsters - Fuuin Sareshi Kioku (Japan)	sstitle	57	lossless
Yukinko Burning (Japan)	sstitle	57	lossless
Yume Iroiro (Japan)	sstitle	57	lossless
Yume no Tsubasa (Japan)	sstitle	57	lossless
Yusha - Heaven's Gate (Europe)	sstitle	57	lossless
Yutona Eiyuu Senki - TearRingSaga (Japan)	sstitle	57	lossless
Yuugen Gaisha Chikyuu Boueitai (Japan)	sstitle	57	lossless
Yuukyuu Gensoukyoku (Japan)	sstitle	57	lossless
Yuukyuu Gensoukyoku 2nd Album (Japan)	sstitle	57	lossless
Yuukyuu Gensoukyoku 3 - Perpetual Blue (Japan)	sstitle	57	lossless
Yuukyuu Gensoukyoku Ensemble (Japan)	sstitle	57	lossless
Yuukyuu Gensoukyoku Ensemble 2 (Japan)	sstitle	57	lossless
Yuukyuu Kumikyoku - All Star Project (Japan)	sstitle	57	lossless
Yuukyuu no Eden - The Eternal Eden (Japan)	sstitle	57	lossless
Yuusha-ou GaoGaiGar - Blockaded Numbers (Japan)	sstitle	57	lossless
Yuuwaku Office Ren'aika (Japan)	sstitle	57	lossless
Yuuyami Doori Tankentai (Japan)	sstitle	57	lossless
Z (Europe)	sstitle	57	lossless
ZXE-D - Legend of Plasmatlite (Japan)	sstitle	57	lossless
Zanac x Zanac (Japan)	sstitle	57	lossless
Zap! Snowboarding Trix '98 (Japan)	sstitle	57	lossless
Zeiramzone (Japan)	sstitle	57	lossless
Zeitgeist (Japan)	sstitle	57	lossless
Zen Nihon GT Senshuken Kai (Japan)	sstitle	57	lossless
Zen Nihon GT Senshuken Max Rev. (Japan) (Disc 1)	sstitle	57	lossless
Zen Nihon Joshi Pro Wrestling - Joou Densetsu - Yume no Taikousen (Japan)	sstitle	57	lossless
Zen Nihon Pro Wres - Ouja no Tamashii (Japan)	sstitle	57	lossless
Zen Super Robot Taisen Denshi Daihyakka (Japan) (Disc 1)	sstitle	57	lossless
Zera-chan Puzzle - Pitatto Pair (Japan)	sstitle	57	lossless
Zero Divide (USA)	sstitle	57	lossless
Zero Divide 2 - The Secret Wish (Europe)	sstitle	57	lossless
Zero Pilot - Gin'yoku no Senshi (Japan)	sstitle	57	lossless
Zero4 Champ DooZy-J (Japan)	sstitle	57	lossless
Zeus - Carnage Heart Second (Japan)	sstitle	57	lossless
Zeus II - Carnage Heart (Japan)	sstitle	57	lossless
ZigZagBall (Japan)	sstitle	57	lossless
Zill O'll (Japan)	sstitle	57	lossless
Zipangu-jima - Unmei wa Saikoro ga Kimeru! (Japan)	sstitle	57	lossless
Zoboomafoo - Leapin' Lemurs! (USA)	sstitle	57	lossless
Zoids - Battle Card Game - Seihou Tairiku Senki (Japan)	sstitle	57	lossless
Zoids - Teikoku vs. Kyouwakoku - Meka Seitai no Idenshi (Japan)	sstitle	57	lossless
Zoids 2 - Heric Kyouwakoku vs. Guylos Teikoku (Japan)	lr-titles	57	lossless
Zoku Gussun Oyoyo (Japan)	sstitle	57	lossless
Zoku Hatsukoi Monogatari - Shuugaku Ryokou (Japan) (Disc 1)	sstitle	57	lossless
Zoku Mikagura Shoujo Tanteidan - Kanketsu-hen (Japan) (Disc 1)	sstitle	57	lossless
Zoop - America's Largest Killer of Time! (USA)	sstitle	57	lossless
Zork I - The Great Underground Empire (Japan)	sstitle	57	lossless
Zutto Issho - With Me Everytime... (Japan)	sstitle	57	lossless
iS - Internal Section (Japan)	sstitle	57	lossless
m [emu] - Kimi o Tsutaete (Japan)	sstitle	57	lossless
