#key	synopsis
'98 Koushien (Japan) (Demo)	'98 Koshien é um jogo de beisebol 3D com diferentes modos de jogo que inclui vs e modo de história. O foco do jogo nos torneios de beisebol do ensino médio e obteve dados de mais de 4129 escolas secundárias japonesas. O jogo apresenta diferentes estratégias e táticas de beisebol.O jogo permite ao jogador treinar seus jogadores e seu trabalho em equipe. O objetivo do jogo é ganhar o campeonato de beisebol Koshien 98. O jogo também permite que o jogador edite o logotipo da equipe, o hino da escola ou os uniformes da equipe.
'98 Koushien - Koukou Yakyuu Simulation (Japan)	'98 Koshien é um jogo de beisebol 3D com diferentes modos de jogo que inclui vs e modo de história. O foco do jogo nos torneios de beisebol do ensino médio e obteve dados de mais de 4129 escolas secundárias japonesas. O jogo apresenta diferentes estratégias e táticas de beisebol.O jogo permite ao jogador treinar seus jogadores e seu trabalho em equipe. O objetivo do jogo é ganhar o campeonato de beisebol Koshien 98. O jogo também permite que o jogador edite o logotipo da equipe, o hino da escola ou os uniformes da equipe.
'99 Koushien (Japan)	'99 Koshien é um jogo de beisebol 3D com gráficos de desenhos animados e diferentes modos de jogo que inclui vs e modo de história. O jogo é a sequela de '98 Koshien. Neste jogo, o jogador pode mudar a bandeira da escola, canção, emblens, uniformes, etc de sua equipe. O jogo apresenta uma simulação de bola mais realista e mais desenhos animados gráficos do que '98 Koshien. O jogo apresenta 84 táticas diferentes. O anunciante apoiará o time da casa e o jogador terá que derrotar outras escolas do Japão. Novos ângulos de câmera que dá uma visão mais próxima de todas as situações do jogo. O jogo permite que o jogador para projetar o personagem.
'Butagee' de Iinja Nai (Japan)	Butage - Deiin Janai (também conhecido como &quot;Butagee&quot; de Iin Janai?) é um jogo de simulação de criação em que o jogador é um treinador de porcos e pega 11 porcos diferentes (machos e fêmeas) no modo história para escolher um deles e treiná-lo com diferentes treinamentos (como boxe, levantamento de peso, corrida, etc) para melhorar as estatísticas do porco e quando achar que o porco está pronto pode levá-lo (ou ela) a diferentes torneios de corrida nos quais o porco competirá com outros para se tornar o porco mais rápido do país. Durante cada semana o jogador pode escolher os diferentes treinos, deixar o porco divertir-se (ouvir rádio, ver televisão, jogar, etc) ou ir com ele à loja e comprar diferentes refeições para melhorar as estatísticas do porco e fazer o porco vida mais confortável. O jogo também apresenta um modo vs no qual o jogador pode carregar seus porcos do cartão de memória e competir nos diferentes torneios contra outro jogador humano.
0 kara no Shougi - Shougi Youchien Ayumi-gumi (Japan)	0 Kara no Shogi - Shogi Youchien Ayumi-Gumi é um jogo shogi que inclui 5 tipos diferentes de tabuleiros, um tutorial completo e um dicionário em língua japonesa, diferentes modos vs (também 2 jogadores vs modo), uma espécie de modo de batalha em que o jogador avança derrotando adversários e o jogo tem 10 adversários diferentes.
007 - Demain ne Meurt Jamais (France)	Em 007: Tomorrow Never Dies, que é baseado no filme de mesmo nome, o jogador assume o papel do famoso James Bond que luta contra Elliot Carver. Carver tenta aumentar sua audiência na TV criando uma guerra entre os britânicos e os chineses. Para atingir seu objetivo, ele afundou um navio britânico com seu navio stealth e fez parecer que a Força Aérea chinesa foi o agressor. Agora é responsabilidade de Bond para definir as coisas direito
007 - Der Morgen Stirbt Nie (Germany)	Em 007: Tomorrow Never Dies, que é baseado no filme de mesmo nome, o jogador assume o papel do famoso James Bond que luta contra Elliot Carver. Carver tenta aumentar sua audiência na TV criando uma guerra entre os britânicos e os chineses. Para atingir seu objetivo, ele afundou um navio britânico com seu navio stealth e fez parecer que a Força Aérea chinesa foi o agressor. Agora é responsabilidade de Bond para definir as coisas direito
007 - Die Welt Ist Nicht Genug (Germany)	Em 007 Racing você pode ficar atrás do volante do carro de James Bond. Você deve completar missões que variam de coletar um objeto e sair vivo, para coisas muito mais difíceis e mais complicadas. Seu carro está armado com muitas armas, incluindo minas, foguetes, lasers, cortinas de fumaça e muito mais. Então, se você ficar entediado jogando sozinho, você pode eliminar seu oponente em missões multiplayer onde você tem que destruir o outro carro ou um modo de jogo chamado &quot;Passar a bomba&quot;, onde você deve passar a bomba para o outro carro por tocá-lo antes de explodir.
007 - El Mundo Nunca es Suficiente (Spain)	Em 007 Racing você pode ficar atrás do volante do carro de James Bond. Você deve completar missões que variam de coletar um objeto e sair vivo, para coisas muito mais difíceis e mais complicadas. Seu carro está armado com muitas armas, incluindo minas, foguetes, lasers, cortinas de fumaça e muito mais. Então, se você ficar entediado jogando sozinho, você pode eliminar seu oponente em missões multiplayer onde você tem que destruir o outro carro ou um modo de jogo chamado &quot;Passar a bomba&quot;, onde você deve passar a bomba para o outro carro por tocá-lo antes de explodir.
007 - Le Monde ne Suffit Pas (France)	Em 007 Racing você pode ficar atrás do volante do carro de James Bond. Você deve completar missões que variam de coletar um objeto e sair vivo, para coisas muito mais difíceis e mais complicadas. Seu carro está armado com muitas armas, incluindo minas, foguetes, lasers, cortinas de fumaça e muito mais. Então, se você ficar entediado jogando sozinho, você pode eliminar seu oponente em missões multiplayer onde você tem que destruir o outro carro ou um modo de jogo chamado &quot;Passar a bomba&quot;, onde você deve passar a bomba para o outro carro por tocá-lo antes de explodir.
007 - The World Is Not Enough (USA)	Em 007 Racing você pode ficar atrás do volante do carro de James Bond. Você deve completar missões que variam de coletar um objeto e sair vivo, para coisas muito mais difíceis e mais complicadas. Seu carro está armado com muitas armas, incluindo minas, foguetes, lasers, cortinas de fumaça e muito mais. Então, se você ficar entediado jogando sozinho, você pode eliminar seu oponente em missões multiplayer onde você tem que destruir o outro carro ou um modo de jogo chamado &quot;Passar a bomba&quot;, onde você deve passar a bomba para o outro carro por tocá-lo antes de explodir.
007 - Tomorrow Never Dies (USA)	Em 007: Tomorrow Never Dies, que é baseado no filme de mesmo nome, o jogador assume o papel do famoso James Bond que luta contra Elliot Carver. Carver tenta aumentar sua audiência na TV criando uma guerra entre os britânicos e os chineses. Para atingir seu objetivo, ele afundou um navio britânico com seu navio stealth e fez parecer que a Força Aérea chinesa foi o agressor. Agora é responsabilidade de Bond para definir as coisas direito
007 Racing (USA)	Em 007 Racing você pode ficar atrás do volante do carro de James Bond. Você deve completar missões que variam de coletar um objeto e sair vivo, para coisas muito mais difíceis e mais complicadas. Seu carro está armado com muitas armas, incluindo minas, foguetes, lasers, cortinas de fumaça e muito mais. Então, se você ficar entediado jogando sozinho, você pode eliminar seu oponente em missões multiplayer onde você tem que destruir o outro carro ou um modo de jogo chamado &quot;Passar a bomba&quot;, onde você deve passar a bomba para o outro carro por tocá-lo antes de explodir.
1 on 1 (Japan)	1 em 1 é, como o nome sugere, um jogo de basquetebol 1 em 1 jogado em meia quadra com apenas uma cesta. O jogo é jogado em duas rodadas ou até que um dos competidores alcance 11 pontos. Os jogadores se revezam no ataque e na defesa. Se o jogador na defesa roubar com sucesso a bola do jogador ofensor, ele troca de posição. O jogo em si está em 3D completo, mas os controles são mais semelhantes a um jogo 2D sem &quot;profundidade&quot; para o movimento. Há uma seleção de 8 personagens diferentes para escolher, cada um com suas próprias habilidades especiais e looks distintos. Os modos de jogo incluem um modo versus (versus um jogador de computador ou um jogador humano) e uma secção de minijogos com vários minijogos relacionados com basquetebol.
100 Man Yen Quiz Hunter (Japan)	100 Manyen Quiz Hunter é um jogo de quiz Playstation baseado num programa de TV japonês de 30 minutos com o mesmo nome. O jogo possui 2 modos: O modo de questionário principal e o visor MQR onde os jogadores podem ver os prêmios que ganharam jogando o jogo principal.
10101 - Will the Starship (Japan)	Em 10101 Will the Starship o jogador irá controlar o capitão de uma nave e toda a sua tripulação em suas viagens através do espaço. Durante o jogo o jogador tem que controlar a nave estelar e há um monte de encontro com navios inimigos e piratas que coloca o jogador no lugar de selecionar a ordem adequada ou mesmo disparar as armas.
19-ji 03-pun - Ueno-hatsu Yakou Ressha (Japan)	19-03 Ueno Hatsu Yakou Ressha é um jogo de aventura em terceira pessoa que conta a história de Tsupei Akai um fotógrafo freelancer ou de Miyuki Hatakeyama um professor do ensino médio. Ambos pegam o trem noturno que vai do Ueno de Toyo para Sapporo, mas o que começou como uma viagem de trem normal logo começará a ser um pouco mais complicado, já que eles estarão envolvidos em assassinatos, assassinos e outras situações perigosas.
1Xtreme (USA)	1XTREME traz a emoção dos desportos radicais para a PlayStation. Escolha um dos quatro aparelhos exclusivos, incluindo patins em linha, skates, skates, bicicletas de montanha e luge de rua e acerte uma das cinco faixas. Enquanto estiver na pista, ultrapasse os obstáculos e passe pelos portões para ganhar pontos e dinheiro. Se você passar por todos os portões em uma pista, você vai ganhar uma viagem para o Money Hall para coletar ainda mais dinheiro, que vai ganhar melhor equipamento. Se os adversários estão ficando entre você e o dinheiro, você pode sempre soco e chutá-los para fora do caminho. Leve no computador com o modo de exibição ou temporada, e quando os adversários controlados por computador começam a cair muito facilmente, desafie um amigo com dois jogadores de ação em tela dividida. Quando surgir a necessidade de velocidade, joga 1XTREME.
20-seiki Striker Retsuden - The 20th Century's Real Strikers (Japan)	O jogo apresenta todos os times internacionais entre a Copa do Mundo de 1958 e a Copa do Mundo de 1998, um total de 1035 times e mais de 16.000 jogadores da vida real. Os jogadores podem escolher entre o modo amigável que permite que você selecione qualquer time e crie seus próprios matchups para jogar contra o computador ou um amigo, ou um modo de História que permite que os jogadores participem de qualquer Copa do Mundo de 1958 a 1998. Eles também podem jogar em um modo de treinamento para praticar suas habilidades.
2002 FIFA World Cup (USA) (En,Es)	O início da temporada da Copa do Mundo da FIFA com a Copa do Mundo da FIFA 2002, que capta cada momento de glória, cada emoção e cada som do evento global. O jogo possui licenças da Copa do Mundo da FIFA oficial, insígnias, mascotes e os 20 novos estádios da Copa do Mundo no Japão e na Coreia. Outro aprimoramento inclui o Air Play, um novo esquema de controle que oferece cabeçalhos intuitivos de um botão, volletas, chutes de tesoura, malabarismos e muito mais. Escolhe a tua equipa e depois compete numa série de sete jogos que começa com um jogo de round-robin, seguido de playoffs que levam ao jogo final.
2Xtreme (USA)	2Xtreme é a sequela de ESPN Extreme Games onde o jogador participa de uma série de corridas extremas com apenas um objetivo: vencer a qualquer custo. Há quatro tipos diferentes de corridas: snowboard, bicicleta, patins em linha e skates e quatro locais diferentes para escolher: Japão, África, Las Vegas e Los Angeles, cada um com três pistas diferentes para dominar. O objetivo principal do jogo é avançar no nível, puncionando e chutando os adversários e evitando obstáculos espalhados pelo palco. O jogador também pode realizar truques em pleno ar para ganhar dinheiro extra para adicionar aos seus ganhos de corrida para comprar peças melhores para os seus vários meios de transporte. Os jogadores também podem jogar em um modo de temporada, única corrida contra adversários de computador, ou ir cabeça a cabeça com um amigo.
360 Three Sixty (Europe) (En,Fr,De,Es,It,Sv)	RACING e SHOOT-EM-EM UP ACTION em um mundo submerso sob os oceanos de água. Monte seu hoverbike e elimine seus oponentes com armas letais e um sistema de disparo revolucionário. Use tudo o que você tem para acelerar, esquivar-se e explodir seu caminho para o objetivo final - sobrevivência. 360... Balanços de sobrevivência em um fio de faca.
3D Baseball (USA)	3D Baseball é um jogo de beisebol polígono 3-D com mais de 700 jogadores reais da Major League e suas estatísticas dos anos anteriores para escolher. Há mais de 50 posições de batedor reais que foram capturadas por movimento através dos próprios jogadores com cinco ângulos de câmera dinâmicos diferentes para escolher. Os modos padrão se aplicam como Exposição e Pennant, juntamente com um Modo de Gerentes Gerais onde os jogadores podem trocar e até mesmo alterar as estatísticas de seus jogadores para criar o time final. Ele apresenta animação realista e os talentos de voz de Van Earl Wright com mais de 1.000 frases de comentários diferentes. Apesar de ter a licença da MLBPA (Major League Baseball Players Association), ele não apresentava os nomes e logotipos dos times da MLB (Major League Baseball).
3D Baseball - The Majors (Japan)	3D Baseball é um jogo de beisebol polígono 3-D com mais de 700 jogadores reais da Major League e suas estatísticas dos anos anteriores para escolher. Há mais de 50 posições de batedor reais que foram capturadas por movimento através dos próprios jogadores com cinco ângulos de câmera dinâmicos diferentes para escolher. Os modos padrão se aplicam como Exposição e Pennant, juntamente com um Modo de Gerentes Gerais onde os jogadores podem trocar e até mesmo alterar as estatísticas de seus jogadores para criar o time final. Ele apresenta animação realista e os talentos de voz de Van Earl Wright com mais de 1.000 frases de comentários diferentes. Apesar de ter a licença da MLBPA (Major League Baseball Players Association), ele não apresentava os nomes e logotipos dos times da MLB (Major League Baseball).
3D Shooting Tkool (Japan)	3D Shooting Tsukuru é um jogo no qual você pode fazer seus próprios jogos de tiro em 3D. Há muitas configurações e gráficos para tinker com para fazer seu próprio jogo o próximo Star Fox. Você pode definir a aparência do seu veículo, movimentos, armas, ataques especiais e muito mais. O mesmo vale para os inimigos, música, sons e os estágios, onde você pode mudar uma infinidade de coisas para atender às suas necessidades. Quando estiveres satisfeito, podes guardar o jogo no teu cartão de memória para jogares o produto final mais tarde. Existem também três exemplos de jogos incluídos para mostrar o que podes fazer com o editor. Os três jogos são muito diferentes em estilo e dificuldade.
3x3 Eyes - Kyuusei Koushu (Japan) (Disc 1)	3x3 Eyes: Kyuusei Koushu é um jogo de aventura Playstation baseado na manga e anime 3x3 Eyes. Yakumo, um adolescente japonês, é filho de um famoso aventureiro que morreu de um misterioso acidente durante uma viagem ao Tibete. Ele conheceu Pai, uma garota que conheceu seu pai e que pertence a uma antiga raça de imortais chamados demônios Sanjiyan. Juntos eles procuram tornar Pai humano apesar dos perigos!
3x3 Eyes - Tenrin'ou Genmu (Japan) (Disc 1)	3X3 Eyes - Tenrinou Genmu é um dos jogos baseados na série de manga e anime 3x3 Eyes. Ele conta a história de Yakumo, um adolescente japonês normal que estuda e trabalha como garçom, e Pai, uma menina que pertence à raça de sanzhiyan, as pessoas imortais de três olhos. Depois de ter descoberto o segredo da eterna juventude e imortalidade há muitas centenas de anos, o sanzhiyan não pôde permanecer humano, e tornou-se um demônio cruel capaz de possuir pessoas e transformá-las em &quot;wu&quot; (chinês para &quot;nada&quot;) - servos imortais, poderosos e obedientes. Pai, que se parece com uma jovem garota, mas ainda assim tem trezentos anos, ficou aterrorizado com o que o sanzhiyan se tornou, e jurou que ela vai encontrar uma maneira de se tornar humana novamente.
3Xtreme (USA)	No jogo, o jogador pode escolher alguns personagens que estão divididos em modalidades como à de Patins, Bicicleta e Skate. Durante o jogo, você deve competir em temporadas de torneios radicais, aonde você deve fazer pontos passando por 'Portões' que valem pontos e fazendo as manobras radicais. Além disso você deve chegar em boa colocação nos rankings, já que se trata também de uma corrida. Durante o jogo você deverá chegar em primeiro lugar nas corridas e somar os pontos suficientes para comprar equipamentos novos e mais modernos.
4-4-2 Soccer (Europe) (En,Fr,De,Es)	Em 4-4-2 Soccer adere à teoria de que a simplicidade funciona melhor. Na verdade, existem apenas três botões para se preocupar enquanto joga; um para chutar, um para desarmar e um botão de aceleração útil.Mas como um velho índio sábio disse uma vez (provavelmente), simples nem sempre é melhor. É de se pensar que, por causa do sistema de controle de &quot;bola pegajosa&quot; 4-4-2, o 4-4-2 poderia realmente fluir, mas, infelizmente, a desaceleração é absolutamente deplorável, especialmente depois que o goleiro chuta a bola para cima do campo.
40 Winks (USA)	O jogador assume o controle de Ruff ou Tumble, um irmão e irmã que estão dormindo e tentando libertar 40 &quot;Winks&quot; de um homem chamado Nitekap e seu cúmplice, Threadbear. No enredo do jogo, &quot;Winks&quot; são pequenas criaturas brancas que fazem sonhos, e &quot;Hoodwinks&quot;, que são verdes e de tamanho semelhante são os responsáveis pelos pesadelos.
4x4 World Trophy (Europe) (En,Fr,De,Es,It)	Uma máquina pesando várias toneladas, ou um simples buggy? Faça a sua escolha e peça conselhos ao seu médico porque, do lado lombar, pode ser o caso. Com mais de 25 veículos e pistas diferentes para os quatro cantos do mundo, você pode montar sua corcunda (evite trocadilhos fáceis:) como um verdadeiro Troféu de Camelo profissional. Jeep Wrangler, Cherokee, Dodge Ram Charger ou encore Hummer, você provavelmente vai se envergonhar quando será a escolha de armas, especialmente porque alguns parâmetros podem ser configurados para adicionar à variedade de jogo Você pode fazer configurações, incluindo chassis do motor ou pneus para adaptar sua besta de pistas de corrida que você espera firme.
5 Star Racing (Europe)	Aperte o cinto de segurança e pressione o pé contra o acelerador. Você está sentado ao volante dos veículos mais poderosos e rápidos do mundo enquanto eles esmagam, saltam e empurram seu caminho para a vitória. Ruild como nunca antes e observar seus oponentes: eles querem ganhar tanto quanto você e farão de tudo para conseguir isso nessas corridas ferozes!
70's Robot Anime - Geppy-X (Japan) (Demo)	70's Robot Anime - Geppy-X - The Super Boosted Armor é um jogo de tiro de rolagem lateral lançado em 1999 pela Aroma for Sony Playstation console consiste em 4 CD-ROMs, e não publicado nos EUA. Este jogo parece ser uma paródia de um dos mais famosos e lendários anime Super Robot criado por Nagai Go na década de 70. Enfim, se você está procurando por um jogo de Getta Robo Individual, Geppy X é um shooter que se parece com um cruzamento entre o R-Type e a Capcom Classic Section Z com personagens coloridos sprite e poligonais e inimigos. O jogador controla 6 robôs diferentes dependendo do cenário. Cada um tem uma arma principal que pode ser carregada e tornada mais poderosa, uma arma secundária que é mais uma arma de assistência, e cada robô é capaz de um super ataque quando você powergauge enche-se.
70's Robot Anime - Geppy-X - The Super Boosted Armor (Japan) (Disc 1)	70's Robot Anime - Geppy-X - The Super Boosted Armor é um jogo de tiro de rolagem lateral lançado em 1999 pela Aroma for Sony Playstation console consiste em 4 CD-ROMs, e não publicado nos EUA. Este jogo parece ser uma paródia de um dos mais famosos e lendários anime Super Robot criado por Nagai Go na década de 70. Enfim, se você está procurando por um jogo de Getta Robo Individual, Geppy X é um shooter que se parece com um cruzamento entre o R-Type e a Capcom Classic Section Z com personagens coloridos sprite e poligonais e inimigos. O jogador controla 6 robôs diferentes dependendo do cenário. Cada um tem uma arma principal que pode ser carregada e tornada mais poderosa, uma arma secundária que é mais uma arma de assistência, e cada robô é capaz de um super ataque quando você powergauge enche-se.
A Ressha de Ikou 4 - Evolution Global (Japan) (En,Ja,Fr,De)	Embora os comboios sejam a sua principal fonte de rendimento no início do jogo, o A-Train não se trata de construir comboios exclusivamente. Ao utilizar a indústria de trens, bem como ônibus e metrôs, cabe a você gerenciar um sistema de transporte eficiente para passageiros e empresas de frete. Tudo o que você faz deve ser bem pensado, porque você está fora para fazer um lucro.
A-Train - Trains, Power, Money (USA) (En,Ja,Fr,De)	Embora os comboios sejam a sua principal fonte de rendimento no início do jogo, o A-Train não se trata de construir comboios exclusivamente. Ao utilizar a indústria de trens, bem como ônibus e metrôs, cabe a você gerenciar um sistema de transporte eficiente para passageiros e empresas de frete. Tudo o que você faz deve ser bem pensado, porque você está fora para fazer um lucro.
A.IV - Evolution Global (Europe) (En,Ja,Fr,De)	Embora os comboios sejam a sua principal fonte de rendimento no início do jogo, o A-Train não se trata de construir comboios exclusivamente. Ao utilizar a indústria de trens, bem como ônibus e metrôs, cabe a você gerenciar um sistema de transporte eficiente para passageiros e empresas de frete. Tudo o que você faz deve ser bem pensado, porque você está fora para fazer um lucro.
A2 Racer - Europa Tour (Netherlands)	A2 Racer - Europa Tour é parte 3 da série holandesa A2 Racer que leva o jogador a Londres, Berlim e Viena. O jogo permanece o mesmo com corridas de rua ilegais em estradas e cidades conhecidas. During jogadores de corridas têm de recolher power-ups, como dinheiro, combustível e extensões de tempo. Você tem que evitar ser pego pela polícia e alcançar a linha de chegada antes de seus adversários fazer. O jogo pode ser considerado como uma versão de London Racer, mas desde Londres Racer começa em Londres e este começa em Roterdã o jogo é diferente. nVocê tem que evitar ser pego pela polícia e alcançar a linha de chegada antes de seus adversários fazer. O jogo pode ser considerado o jogo pode ser considerado considerado como uma linha de chegada.
A5 - A Ressha de Ikou 5 (Japan, Asia)	A5 - A Ressha de Ikou 5 (aka A-Train 5) é o primeiro jogo de A-Train a usar gráficos 3D baseados no motor de jogo PowerVR, e também o primeiro a ser numerado sob o sistema numérico árabe em vez do sistema numérico romano como eram os 4 jogos anteriores.
AbalaBurn (Japan)	Oito lutadores estão procurando encontrar oito cristal para um lendário ser chamado Lemuria para conceder-lhes um único desejo, qualquer que eles desejam. Eles terão que derrotar os outros também para alcançar seu objetivo e descobrir a lenda da Lemúria!
Abe '99 (Japan) (Disc 1)	Aqueles desagradáveis ​​Glukons estão de volta, com a intenção de oprimir os adoráveis ​​Mudokons de todas as maneiras que puderem. Da última vez, os malvados estavam fabricando carne seca de Mudokon. Agora, eles oficialmente levaram o genocídio longe demais, forçando Mudokons cegos ao trabalho escravo para desenterrar os ossos de seus companheiros falecidos. A propósito, acontece que os ossos de Mudokon acrescentam o toque certo a uma receita favorita de Glukon, Soulstorm Brew. Quem vai salvar o dia? Nosso improvável herói Abe, é claro. Você se lembra de Abe: aquele Fraggle azul-esverdeado, de tanga, com quase dois metros de altura e problemas digestivos crônicos? Sim, ele teria se contentado em descansar sobre os louros depois de resgatar noventa e nove de seus amigos Mudokon do extermínio em Oddworld: Oddysee de Abe, mas um grupo de fantasmas descontentes elegeu o bom e velho Abe para vingar suas mortes.
Abe a GoGo (Japan)	Oddworld - Abe's Oddysee é um jogo de ação / aventura no Playstation. Você joga como Abe e você tem que salvar sua pele em um universo cheio de perigos do mal, onde todo mundo tenta te devorar vivo. Nesta fuga sem fim, o uso de poderes é bem-vindo para salvar sua raça.
Absolute Football (France) (En,Fr,De,Es,It,Pt)	O jogo apresenta todos os times internacionais entre a Copa do Mundo de 1958 e a Copa do Mundo de 1998, um total de 1035 times e mais de 16.000 jogadores da vida real. Os jogadores podem escolher entre o modo amigável que permite que você selecione qualquer time e crie seus próprios matchups para jogar contra o computador ou um amigo, ou um modo de História que permite que os jogadores participem de qualquer Copa do Mundo de 1958 a 1998. Eles também podem jogar em um modo de treinamento para praticar suas habilidades.
Ace Combat (Japan)	Você joga como um mercenário freelancer contratado por governos mundiais para atacar terroristas. As missões ficar mais difícil como você proceder, mas o dinheiro que você ganha para completar cada missão faz com que valha a pena. Você pode comprar aeronaves e armas adicionais como você vai junto, bem como contratar wingmen para tornar a ir mais fácil.
Ace Combat 2 (USA)	Ace Combat 2 é a sequela do simulador de voo de combate PSC da Namco, o Air Combat. Ace Combat 2 coloca você de volta no cockpit como um piloto mercenário para frustrar uma trama terrorista que ameaça o mundo. Você vai continuar através de 30 missões em que seu sucesso vai permitir que você compre upgrades de armas, peças e outros truques como no original. O jogo oferece gráficos e sons mais nítidos, mais plana e opções, suporte a choque duplo, bem como adicionar suporte a joystick analógico.
Ace Combat 3 - Electrosphere (USA)	Em Ace Combat 3: Electrosphere o jogador toma o lugar de um piloto de caça ace que trabalha para uma organização chamada &quot;UPEO&quot; e tem que realizar várias missões, por exemplo, tirar um porta-aviões especial ou tirar sistemas de satélite inimigos em órbita ao redor da Terra. O jogador pode ganhar classificações de A a D: quanto maior a classificação, maior a chance de que o jogador possa adquirir novos tipos de aviões. O jogo tem muitos ambientes que variam de missões aéreas normais a missões estratosféricas e até mesmo missões no espaço exterior. Um senão especial é que o jogador muitas vezes tem que tomar decisões durante as missões que influenciam o enredo geral. Há também um recurso de piloto automático que pode ser usado para aterrar ou chegar a um destino.
Ace Combat 3 - Electrosphere - Direct Audio with AppenDisc (Japan)	Em Ace Combat 3: Electrosphere o jogador toma o lugar de um piloto de caça ace que trabalha para uma organização chamada &quot;UPEO&quot; e tem que realizar várias missões, por exemplo, tirar um porta-aviões especial ou tirar sistemas de satélite inimigos em órbita ao redor da Terra. O jogador pode ganhar classificações de A a D: quanto maior a classificação, maior a chance de que o jogador possa adquirir novos tipos de aviões. O jogo tem muitos ambientes que variam de missões aéreas normais a missões estratosféricas e até mesmo missões no espaço exterior. Um senão especial é que o jogador muitas vezes tem que tomar decisões durante as missões que influenciam o enredo geral. Há também um recurso de piloto automático que pode ser usado para aterrar ou chegar a um destino.
Aces of the Air (USA)	Fãs de aviões clássicos alcançar os céus em Ases do Ar para PlayStation. Pilote aviões clássicos em missões de combate realistas em 3D que oferecem técnicas de velha escola e combate terrestre. Cada missão completada com sucesso recompensa os jogadores com um novo avião, todos criados com seus próprios pontos fortes e fracos. Aqueles um pouco nervosos sobre seu primeiro vôo ficarão encantados em saber que um modo de treinamento ensina aos novos pilotos o básico do controle de aeronaves antigas. As missões incluem combate aéreo, pilhagem de tropas terrestres e equipamentos, e tomar posições inimigas fortes e fortificadas.
Acid (Japan)	Acid é um puzzle psicotrópico que permite aos jogadores disparar um pulso de luz sobre os enigmas psicadélicos carregando a distância correcta e depois apontar, um pouco como um jogo de golfe que correu mal. Visuais de estilo Great Tempest com personagens kanji e traçadores de néon.
Aconcagua (Japan) (Disc 1)	Pachamama é a líder de um movimento democrático e está a regressar ao seu país, Meruza, para uma eleição. Naturalmente, o ditador tirânico vai querer impedi-la a todo o custo. Uma bomba é colocada no avião em que ela viaja. A bordo do avião estão várias outras pessoas, como jornalistas, que a querem entrevistar. A meio caminho, o avião explode e cai no Aconcagua. Há alguns sobreviventes e você precisa guiá-los para baixo da montanha e escapar dos soldados meruzianos que estão fora para completar sua tarefa de matar Pachamama e todos os outros sobreviventes.
Action Bass (USA)	Action Bass, como o nome sugere, é um jogo de pesca de ritmo rápido e estilo arcade. O jogo tira várias páginas do livro da Sega Bass Fishing, na medida em que se concentra apenas em selecionar a isca certa, lançar e desembarcar o peixe. Esta apresentação simples não só torna o Action Bass fácil para qualquer um jogar, mas também o torna muito divertido, uma vez que você está quase sempre puxando peixes para fora da água.
Action Man - Destruction X (Europe) (En,Fr,De,Es,It)	O mestre criminoso Dr. X está a fazer os seus velhos truques outra vez! Desta vez ele elaborou um plano geoestratégico para roubar segredos científicos valiosos e dominar o mundo! Só o Action Man pode detê-lo! Procure Dr. X em uma trilha através de três cidades diferentes ao redor do mundo. Usando uma variedade de veículos em uma combinação de corrida, perseguição e missões de resgate você deve pegar Dr. X antes que ele dispara suas armas de destruição em massa!
Action Man - Mission Xtreme (Europe) (En,Fr,De,Es,It,Nl,Sv,No,Da,Fi)	Inspired Toys e a série de TV com o mesmo nome, Man of Action: Mission Far Playstation define o maior palco para todos os heróis a caminho da ilha do Dr. X. Os planos finais para destruir o planeta, fazendo múltiplas experiências na natureza. Action Man deve completar várias missões para frustrar todos os planos do seu inimigo. Os níveis são variados e o treino pode aumentar a tua capacidade.
Action Man - Operation Extreme (USA)	Inspired Toys e a série de TV com o mesmo nome, Man of Action: Mission Far Playstation define o maior palco para todos os heróis a caminho da ilha do Dr. X. Os planos finais para destruir o planeta, fazendo múltiplas experiências na natureza. Action Man deve completar várias missões para frustrar todos os planos do seu inimigo. Os níveis são variados e o treino pode aumentar a tua capacidade.
Activision Classics (USA)	Activision Classics é uma compilação de jogos para PlayStation. Inclui 30 Atari 2600 clássicos desenvolvidos pela Activision como Atlantis, boxe, Chopper Command, crazy, Dolphin traveler's cosmic, Grand Prize, hóquei no gelo, Laser Explosivo, Megamania, armadilha, River Raid, Hunting Spider, etc.
Actua Golf (Europe) (En,Fr,De)	O segundo jogo de golfe PlayStation da Interplay apresenta seis campos 3D e uma câmara fotográfica personalizável que mostrará o seu jogador ou bola a partir de várias perspectivas diferentes. As tacadas envolvem premir o botão de tempo para determinar tanto a potência como a precisão; o desenho e o desbotamento também podem ser aplicados antes de iniciar o swing. Os tipos de jogo incluem treino, pancadas, jogos, skins, foursomes, four-ball e rounds, tanto para amadores como para profissionais. Personalize a aparência do seu golfista capturado pelo movimento e defina as condições meteorológicas antes de colocar os pés nos links digitais. Outras características chave incluem uma opção de repetição de 15 ângulos e uma escolha de três comentadores, incluindo Pat O'Brien, Peter Alliss e Tony Adamson. A série VR Golf é conhecida como Actua Golf nos mercados europeus.
Actua Golf 3 (Europe)	Actua Golf 3 é um jogo de simulação de golfe com oito campos. Você pode personalizar completamente seu próprio personagem. Com um novo personagem você começa com torneios amadores até que você tenha removido seu handicap. Então você pode participar dos torneios profissionais. Para bater a bola neste jogo, o jogador terá que usar seu bastão analógico e swing que muito parecido com um clube real. O jogo apresenta comentários de Peter Alliss e Alex Hay.
Actua Ice Hockey (Europe) (En,Fr,De,Sv,Fi)	Outro esporte foi adicionado à série Actua nesta licença do componente de Hóquei no Gelo dos Jogos Olímpicos de Inverno de 1998. Você pode escolher entre qualquer um dos times líderes e tentar levá-los à glória, a partir das eliminatórias, com jogos amigáveis (certamente um nome errado no mundo difícil do Hóquei no Gelo) e um modo de treino também em oferta. Os jogadores são capturados pelo movimento, e a ação pode ser vista a partir de vários ângulos de câmera. Paul Ferguson fornece um comentário contínuo, e replays completos são fornecidos.
Actua Ice Hockey 2 (Europe)	Actua Ice Hockey 2 é o acompanhamento do jogo oficial do torneio de hóquei no gelo dos Jogos Olímpicos de Inverno Nagano 1998, Actua Ice Hockey. Focado em uma liga norte-americana fictícia, com equipes de clubes GHL (Gremlin Hockey League), o jogo melhora os gráficos e a jogabilidade da versão anterior. Enquanto o jogo não é licenciado, todas as equipes foram inspiradas por suas contrapartes NHL reais, desde logotipos de equipes até nomes de jogadores (usando o truque clássico de mudar uma letra do nome para outra foneticamente fechada). Os recursos incluem três velocidades de jogo, um modo arcade de três em três com anel menor, jogo em rede e física avançada de colisão corporal. Tal como o NHL Championship (lançado na mesma altura), o jogo acrescenta uma pista colorida ao disco chamado &quot;GremTrax&quot;. Os tiros e passes mais lentos são de cor verde, e o vermelho mais rápido (oposto à combinação azul/vermelho usada pela Fox). Táticas não foram esquecidas, e o jogador é capaz de selecionar as linhas, selecionar como e quão rápido as equipes constroem o ataque e são esperados para atirar no gol e como se defender. Se o jogador não tiver vontade de controlar tudo, as decisões tácticas podem ser deixadas ao computador. Também é possível trocar jogadores para equilibrar ou manter as listas actualizadas.
Actua Pool (Europe)	Actua Pool é um jogo de simulação de bilhar. Os modos de jogo incluem um jogo de dois jogadores, modo hustle, truques, torneios e um tutorial interativo. Torneios vencedores desbloqueiam novos NPCs para jogar contra. Cada adversário NPC tem seu próprio estilo de jogo e dificuldade. Você pode jogar em uma variedade de mesas diferentes.
Actua Soccer - Club Edition (Europe)	O Actua Soccer Club Edition é uma reedição do Actua Soccer, lançado com as 20 equipas da Premiership Inglesa em vez de competições internacionais. Novos comentários foram gravados e alguns dados históricos da Premiership foram incluídos.
Actua Soccer 2 (Europe) (En,Fr)	Após o sucesso do primeiro jogo de Futebol Actua, era provável que houvesse uma sequela. O jogo é rápido, com mais de uma ação do que uma sensação de simulação, e uma ênfase no jogo no chão em vez de título. Um jovem Michael Owen fornece captura de movimento para produzir movimentos e ações realistas do jogador - as diferentes construções e estilos de jogadores são levados em conta. São apresentadas 64 equipas internacionais de topo, assim como 24 estádios distintos, com condições meteorológicas com efeitos de jogo visíveis e perceptíveis. Este foi um dos primeiros jogos com comentários de dois jogadores, com o ex-capitão inglês Trevor Brooking se juntando a Barry Davies no papel analítico.
Actua Soccer 3 (Europe)	A ação de futebol Arcade é recriada usando gráficos capturados em movimento. Além de criar um torneio personalizado, você pode jogar em qualquer uma das 25 ligas, com um total de 450 times e 10.000 jogadores. Você pode criar seu próprio esquadrão, ou personalizar os já existentes, trocando e editando jogadores. As táticas podem ser refinadas com base na formação, estilo defensivo e abordagem de ataque. Efeitos meteorológicos realistas são incorporados na aparência e na jogabilidade. Barry Davies e Martin O'Neill, antigo treinador celta, são os comentadores.
Actua Tennis (Europe)	O Actua Tennis apresenta o conceito Actua Sports de um ambiente totalmente 3D com múltiplas vistas de câmara para a acção e repetição, e acções de jogador capturadas em movimento. Podes desenhar o teu jogador e depois pô-lo à prova numa série de torneios em todo o mundo. Tiros de gota, lob e smash estão todos em oferta, assim como partidas individuais e duplas para até 4 jogadores humanos. O antigo tenista australiano Pat Cash faz o comentário.
Addie no Okurimono - To Moze from Addie (Japan)	Addie No Okurimono - To Moze from Addie é um jogo de puzzles de aventura feito pela Sony em 2000, o jogo apresenta um modo de história no qual o jogador controla uma personagem feminina que tem de resolver diferentes tipos de puzzles para avançar na aventura. Durante o jogo, ela também vai encontrar diferentes personagens para interagir em um mundo com uma atmosfera interessante e única.
Adiboo & Paziral's Secret (Europe) (En,Fr,De,Es,It)	Adiboo & Paziral's Secret é um jogo de ação e aventura em 3D com 12 níveis. Os jogadores vão assumir o controle de Adiboo e ajudar a resgatar os cidadãos da pacífica Tonies Island da ameaça da ilha misteriosa. A ilha misteriosa tem um líder chamado Paziral. Para desvendar seu jogador secreto deve encontrar cinco níveis: vulcão, lagoa, floresta, templo e ilha de metal. O jogo é dividido em plataforma, corridas e estágios de arcade.
Adibou et l'Ombre Verte (France)	Uma verdadeira estrela de 4-7 anos, Adibou aterra em 2001 na Playstation. Coktel oferece nesta ocasião um jogo mais orientado para a aventura, sem esquecer as bases que fizeram o sucesso da série.
Adidas Power Soccer (USA)	Adidas Power Soccer é um jogo de esportes que simula o futebol. Enquanto ele tem a opção de jogar no modo de simulação, ele é mais lembrado pelo modo Arcade e a marca registrada do jogo - o Predator Shot (nomeado após a marca mais popular de botas fabricadas pela empresa alemã). Neste modo, todos os movimentos especiais são desbloqueados, e alguns deles permitem ir muito além do que as regras permitem.
Adidas Power Soccer + Resident Evil + Shellshock + Descent (Europe)	adidas Power Soccer 98 é o quarto e último título da série Psygnosis. Oferecendo a mistura clássica de arcade e jogabilidade simulada dos jogos anteriores, esta edição atualiza o jogo com doze tipos diferentes de torneios e copas, onze ligas internacionais, 120 seleções nacionais e cerca de 30 estádios diferentes para jogar. Além da jogabilidade clássica, os jogadores têm jogadas diferentes, como flick-passes, dribles curtos e tacadas deslizantes. Em ambos os modos (arcade e simulação), há um botão de velocidade que faz os jogadores correr em uma velocidade extrema e algo irrealista. Não é inteiramente uma vantagem, pois usá-lo aumenta a distância entre a bola e o pé, deixando os jogadores bem abertos para os tackles. Ao contrário de jogos similares, também não há uma maneira de rolar através dos jogadores disponíveis - o jogo seleciona automaticamente o jogador mais próximo da bola. A câmera é dinâmica e suavemente zoom in e out para dar a melhor visão geral do campo. Multiplayer está disponível para até quatro jogadores através de multitap. Foi lançado em Junho de 1998 para coincidir com o Campeonato do Mundo de 1998 disputado em França nessa altura.
Adidas Power Soccer 2 (Europe) (En,Fr,De,Es,It,Nl)	adidas Power Soccer 2 é o segundo jogo principal da série Psygnosis e foi feito por um estúdio de desenvolvimento diferente. Dando continuidade à jogabilidade 3D do primeiro jogo, este título adiciona bancos de dados atualizados de jogadores e equipes para a temporada 1997-1998, um novo modo arcade onde os jogadores podem realizar jogadas especiais, comentários de Brian Moore (Reino Unido), Yves Lecoq (França) e Marcel Reif (Alemanha), do ITV, e oito novos estádios totalmente renderizados em 3D.
Adidas Power Soccer 98 (USA)	adidas Power Soccer 98 é o quarto e último título da série Psygnosis. Oferecendo a mistura clássica de arcade e jogabilidade simulada dos jogos anteriores, esta edição atualiza o jogo com doze tipos diferentes de torneios e copas, onze ligas internacionais, 120 seleções nacionais e cerca de 30 estádios diferentes para jogar. Além da jogabilidade clássica, os jogadores têm jogadas diferentes, como flick-passes, dribles curtos e tacadas deslizantes. Em ambos os modos (arcade e simulação), há um botão de velocidade que faz os jogadores correr em uma velocidade extrema e algo irrealista. Não é inteiramente uma vantagem, pois usá-lo aumenta a distância entre a bola e o pé, deixando os jogadores bem abertos para os tackles. Ao contrário de jogos similares, também não há uma maneira de rolar através dos jogadores disponíveis - o jogo seleciona automaticamente o jogador mais próximo da bola. A câmera é dinâmica e suavemente zoom in e out para dar a melhor visão geral do campo. Multiplayer está disponível para até quatro jogadores através de multitap. Foi lançado em Junho de 1998 para coincidir com o Campeonato do Mundo de 1998 disputado em França nessa altura.
Adidas Power Soccer International '97 (Europe) (En,Fr,De,Es,It,Nl)	Esta sequela do primeiro bestseller da PlayStation adidas Power Soccer amplia o número de ligas disponíveis (de 3 a 5, com Espanha e Itália a acrescentarem as ligas Inglesa, Francesa e Alemã) e uma divisão &quot;Top 20&quot; com os melhores clubes europeus, bem como 56 equipas nacionais. Os modos e opções de jogo habituais no género marcam presença aqui, sendo possível jogar copas, torneios ou ligas.
Adlib Ouji - ...to Fuyukai na Nakamatachi! (Japan)	Desenhado de uma popular série de manga japonesa, Adlib Prince segue a história de um jogador de pachinko chamado Oji, que aspira a ser o melhor atirador em todo o Japão. Como parte da rotina diária de Oji, os jogadores visitam as salas de pachinko com o objetivo de se classificarem entre os outros participantes. Ardentes rivais jogam fora desafios e Oji deve aceitá-los para manter sua posição como um gato pachinko de primeira linha.
Advan Racing (Japan)	ADVAN Racing é um jogo de corrida japonês desenvolvido com a cooperação da ADVAN, uma verdadeira competição automóvel extrema no Japão. Possui 16 carros retirados das corridas reais, incluindo os roadsters e os carros de rali. O Atlus emprestou e melhorou alguns aspectos visuais do primo Gran Turismo, e muitos dos melhores pilotos estão disponíveis logo no início do jogo. As vistas do carro encontradas no local do jogo estão entre os padrões dos jogos de corridas, excepto a vista do carro, que inclui um painel genérico sem volante ou mostrador. Os modos de jogo vão desde a simples corrida de exibição até ao GP ADVAN oficial. O modo Multijogadores inclui corridas de ecrã dividido um-a-um.
Advanced Dungeons & Dragons - Iron & Blood - Warriors of Ravenloft (USA)	Iron & Blood é um lutador 3D baseado em Ravenloft, um cenário de fantasia e horror no mundo de Advanced Dungeons & Dragons. Strahd von Zarovich, senhor vampiro, e Lord Soth, Cavaleiro da Morte, e constantemente planejando e conspirando um contra o outro, e um grupo de heróis tornou-se preso em suas lutas de poder. Este grupo de aventureiros deve enfrentar os monstros e vilões mais maliciosos e malvados que a terra tem para oferecer se quiserem sobreviver e encontrar o caminho de volta para casa. No início do jogo, os jogadores devem escolher entre um conjunto de personagens que inclui as forças do bem e do mal. Paladinos, feiticeiros, guerreiros, assassinos, were-creatures e muito mais podem ser escolhidos. Uma vez que eles têm um personagem escolhido, eles devem enfrentar uma série de adversários em um em um corresponde à morte.
Advanced V.G. (Japan)	Variable Geo, também conhecido como V.G., é uma série de jogos de luta 2D japonesa. Situado em uma versão quase futura do Japão, os jogos contam a história de um torneio de artes marciais criado para determinar a mulher mais forte do país. Os torneios são patrocinados por uma série de restaurantes familiares, que em troca de seu patrocínio, são promovidos na forma de ter um trabalho de entrada no torneio como garçonete. Como resultado da popularidade dos torneios, os restaurantes experimentam um boom no mecenato.
Advanced V.G. 2 (Japan)	Advanced Variable Geo 2 é um dos vários títulos da longa série de jogos de luta para todas as garotas. Usando uma de 12 personagens, incluindo nove que regressam do título anterior, o jogador pode escolher entre um modo de variedade, incluindo um modo arcade padrão, um modo de história, um modo de 2 jogadores versus versus e um modo de ataque temporal. Existe também um modo de treino, uma grande variedade de opções de jogo e estatísticas de jogo.
Adventure of Little Ralph, The (Japan) (Rev 1)	Chippoke Ralph no Daibouken é um jogo de ação 2D plataforma, produzido pela New Corporation para o Playstation. A história começa quando uma cidade é atacada por demônios. Ao tentar detê-los, o jovem Ralph é transformado em uma criança. Salvo por uma jovem, ele então inicia sua jornada para derrotar os diferentes demônios que infestam a terra. O jogador controla Ralph usando as setas do direcional e o botão de pulo, manobrando-o em meio a armadilhas traiçoeiras e plataformas instáveis. Ralph também pode usar sua espada para derrotar inimigos. O personagem não possui pontos de vida: ele tem um escudo que o protege apenas uma vez, sendo atingido novamente, sofrerá dano fatal.
Adventures of Lomax, The (USA)	As Aventuras de Lomax(conhecido na Europa simplesmente por Lomax) é um spin-off da série de vídeo game Lemmings. O jogador controla Lomax, um lemming que tem por objetivo salvar seus amigos e os animais do doutor malvado. Lomax é um Cavaleiro Lemming, que teve os amigos transformados em monstros pelo &quot;Evil Ed&quot;. Sua missão é resgatá-los e por um fim em Evil Ed com seu elmo mágico.
Aeon Flux (USA) (Proto) (1996-11-21)	O jogo se passa no ano de 2415, depois que uma doença biológica exterminou a população da Terra, exceto por sua cidade-estado protegida e murada, Bregna. A cidade é governada pelo congresso de cientistas que descobriram a vacina para a doença. Æon Flux, o protagonista e principal agente da rebelião clandestina &quot;Monican&quot;, é enviado em uma missão para matar um dos líderes governamentais mais influentes de Bregna, Trevor Goodchild. Depois de uma série de autodescobertas e revelações, Æon descobre um mundo de segredos que a fazem duvidar de sua missão e questionar tudo que ela pensava que sabia.
AFL 99 (Australia)	AFL '99 é sobre as Regras Australianas de Futebol, que é um dos esportes mais importantes da Austrália. AFL é um esporte de contato: não há capacetes ou almofadas como no Futebol Americano, então se uma luta eclodir, o sangue será derramado. Todos os times oficiais e jogadores da liga estão aqui, assim como a marca registrada EA Sports graphics, sound and control system.
Afraid Gear (Japan)	Afraid Gear é um jogo de estratégia/simulação por Asmik Ace, o jogo tem uma sequela chamada Afraid Gear Outro que também foi lançado para o console Playstation One. A premissa do jogo é que o jogador constrói um mecha e luta em torneios contra outros mecha para ganhar dinheiro. Com seus ganhos, ele pode comprar melhores peças e armas para que você possa destruir oponentes mais difíceis. Soa um pouco como Armored Core, mas há muitas diferenças que separam os dois.
Agent Armstrong (Europe) (En,Fr,De,Es)	Agent Armstrong é um jogo de tiro em 3D de scrolling lateral e single-player-shooter lançado nos primeiros dias da PSX. Criado em 1930, Armstrong tem de lutar em 4 continentes e debaixo de água enquanto o Syndicate tenta controlar o mundo. Os 30 níveis são baseados em missões com pelo menos 2 objectivos. Existem sequências de bosses a cada 5 níveis. Enquanto o jogo é predominantemente side-scrolling existem muitas seqüências e áreas (áreas de boss em particular) onde a ação é forma livre.
Agent Armstrong - Himitsu Shirei Daisakusen (Japan)	Agent Armstrong é um jogo de tiro em 3D de scrolling lateral e single-player-shooter lançado nos primeiros dias da PSX. Criado em 1930, Armstrong tem de lutar em 4 continentes e debaixo de água enquanto o Syndicate tenta controlar o mundo. Os 30 níveis são baseados em missões com pelo menos 2 objectivos. Existem sequências de bosses a cada 5 níveis. Enquanto o jogo é predominantemente side-scrolling existem muitas seqüências e áreas (áreas de boss em particular) onde a ação é forma livre.
Agile Warrior - F-111X (USA)	Isto não é nenhum livro, um simulador de voo treinado pela academia. Isto é rápido e sério, de alta velocidade, alta velocidade, alta estacas de superfície para o ar arcade ação de combate. Enfia-te na mais avançada nave de combate multi-funções do género desenvolvida por especificações de design militar ultra-secretas com tecnologia de ponta Thrust Vectoring - e explode num mundo de batalhas de acção que abalam os céus, abalam a terra e bombeiam a adrenalina.
AI Mahjong 2000 (Japan)	Ai Mahjong 2000 é um jogo de mahjong que apresenta 3 tipos diferentes de cores de fundo do tabuleiro e diferentes níveis de dificuldade do oponente. Mahjongg) é um jogo de mesa de origem chinesa que foi exportado, a partir de 1920, para o resto do mundo e principalmente para o ocidente.
AI Mahjong Selection (Japan)	Ai Mahjong Selection é um jogo de mahjong que apresenta 3 tipos diferentes de cores de fundo de tabuleiro e diferentes níveis de dificuldade do adversário.
AI Shougi 2 (Japan)	Ai Shogi 2 é um jogo shogi que apresenta diferentes níveis de dificuldade, 4 fundos diferentes, 2 narradores japoneses diferentes, etc. O jogo também possui um modo automático no qual o jogador pode assistir e aprender a jogar observando os diferentes movimentos do computador.
Air Combat (USA)	Você joga como um mercenário freelancer contratado por governos mundiais para atacar terroristas. As missões ficar mais difícil como você proceder, mas o dinheiro que você ganha para completar cada missão faz com que valha a pena. Você pode comprar aeronaves e armas adicionais como você vai junto, bem como contratar wingmen para tornar a ir mais fácil.
Air Hockey (USA)	Hóquei no ar (Hóquei no ar!!! (SuperLite 1500 Series)) é um jogo de hóquei no ar para a PlayStation. Existem quatro personagens disponíveis para jogar como ou para enfrentar. O objetivo é ter uma pontuação mais alta do que o seu adversário quando o temporizador atinge zero, e para tornar isso um pouco mais fácil há bônus espalhados por toda a mesa. Alguns são ativados ao toque, enquanto outros são armazenados com o jogador até que usado.
Air Management '96 (Japan)	Air Management '96 é um jogo de simulação de gestão de fluxo de tráfego aéreo que permite ao jogador escolher no início do jogo em que período de tempo quer jogar, o jogo possui 2 diferentes (1963-1995 ou 1983-2015). O jogo apresenta 5 níveis de dificuldade e deixa o jogador escolher em que país do mundo quer que o jogo tenha lugar. A empresa do jogador terá que competir novamente com outras 3 empresas (que podem ser controladas por computador ou por outros jogadores humanos).
AirGrave (Japan)	Airgrave é quase o mesmo jogo que a mola de aço, mas com navios mais futuristas. O jogo é um shooter vertical clássico na tradição de jogos como Flying Shark. O jogador pode escolher entre quatro figuras e naves.
Aironauts (Europe) (En,Fr,De)	Aironauts é um jogo de ação acrobática voadora que pode acomodar até dois jogadores, definido em uma futura sociedade distópica onde os prisioneiros lutam na arena até a morte batalhas. O jogadores escolhem entre 8 personagens, cada um com armas e olhares distintos, e decidem voar em plena velocidade em uma luta de morte para o público em &quot;SKP-TV&quot;. Cada nível, chamado de zona de combate, consiste em uma série de desafios, por exemplo: destruir certos objetos ou correr para um posto de controle, terminando com uma luta contra um chefe individual. Após cada zona, o jogador pode trocar as asas de anjo recolhidas e ganhas por bónus que melhorem as suas capacidades, por exemplo, velocidade ou armadura. O jogo apresenta os modos Deathmatch, Stunt e Battle.
AirRace Championship (Japan)	O Air Race Championship é o segundo da Bravo Air Race Series. O jogador pode competir no campeonato de Flying Race contra outros aviões. O jogo possui um museu de aviões onde você pode ver um monte de aviões e suas características.
Airs, The (Japan)	Em um mundo chamado Floatia, uma terra de continentes flutuando no meio do ar, um jovem chamado Tigaro está prestes a ser atraído para uma aventura de uma vida. Ao selecionar entre mais de 70 partes separadas, os jogadores podem atualizar seu Tapler, que muda de forma, dependendo das partes aplicadas a ele. Desta forma, os jogadores podem escolher se querem construir um Tapler elegante e rápido, que pode correr círculos em torno do inimigo, ou um Tapler grande, buff Tapler que pode ter uma lamber e continuar a fazer tic-tac. A escolha é praticamente até o jogador.
Aishiau Koto Shika Dekinai (Japan)	Referindo-se ao desenho animado popular Sakurazawa Erika, aproveite a equipe de produção de drama de romance de aventura de um lindo adulto. Os gráficos deslumbrantes e especificação de voz completa delicada pintura de aquarela, dirigindo o jogo mais dramático. Em todos os seis capítulos para adotar uma história multi-ramos terminando no meio da escolha selecionada, você pode desfrutar de novo e de novo.
Aitakute... - Your Smiles in My Heart (Japan) (Disc 1)	Você está na décima série, seus pais estão fora do país por um ano, e sua nova escola particular tem assuntos do coração como uma grande eletiva. Se isso não é razão suficiente para ficar íntimo do sexo oposto, você também é um adolescente do sexo masculino, e seu pai decidiu que ele vai encontrar uma namorada &quot;muito legal&quot; se você não puder fazer isso sozinho. Jogue no fato de que a única pessoa que você conhece nesta nova escola é um Casanova que recusou um top-ten escola preparatória porque não era coed, e um tem os ingredientes para um bom sim romance à moda antiga.
Aitakute... - Your Smiles in My Heart - Oroshitate no Diary - Introduction Disc (Japan)	Você está na décima série, seus pais estão fora do país por um ano, e sua nova escola particular tem assuntos do coração como uma grande eletiva. Se isso não é razão suficiente para ficar íntimo do sexo oposto, você também é um adolescente do sexo masculino, e seu pai decidiu que ele vai encontrar uma namorada &quot;muito legal&quot; se você não puder fazer isso sozinho. Jogue no fato de que a única pessoa que você conhece nesta nova escola é um Casanova que recusou um top-ten escola preparatória porque não era coed, e um tem os ingredientes para um bom sim romance à moda antiga.
Akagawa Jirou - Yasoukyoku (Japan)	O palco é montado na Biblioteca Nonomiya, uma mansão escondida entre as árvores em uma floresta escura onde uma coleção de livros relacionados à morte é armazenada. Descrição do fabricante: O romance sonoro original supervisionado por Jiro Akagawa, o pico mais alto do Mistério no mundo do Japão. A história começa com o seguinte para resolver o caso &quot;sequela do sistema de cenários para&quot; chip. Herói e sua namorada tiveram que trabalhar em um estilo de vida ocidental na biblioteca, começaram a organizar livros em uma biblioteca, vai desfrutar de uma variedade de medo inimaginável da morte cada vez que você recebe um livro sobre a morte.
Akazu no Ma (Japan)	Akazu no ma (aka Akazu no Aida) é um estranho jogo de romance sonoro, especialmente devido à falta de personagens no jogo, já que eles nunca aparecem na tela, que para avançar entre lugares o jogo usa uma seqüência FMV e que o jogo é muito lento para avançar na história. A história (escrita por Yoshikazu Takeuchi) é futurista, ocorrendo em um futuro próximo, onde o personagem do jogador chega uma torre de construção em um helicóptero e assim que ele chega lá coisas estranhas começam a acontecer (ele ouve gritos de menina, ruídos estranhos, etc.).
Akuji the Heartless (USA)	Em Akuji: O Heartless o jogador assume o papel de Akuji, um padre vudu. O título do jogo é suposto ser tomado literalmente como o dia do casamento de Akuji trouxe um problema com ele: seu irmão mata-o e arranca-lhe o coração. Agora Akuji tem de viajar pelo submundo para voltar aos vivos e vingar-se.
Akumajou Dracula X - Gekka no Yasoukyoku (Japan)	Quatro anos após a batalha entre Richter Belmont e Dracula, a escuridão reaparece. O fantasma do sacerdote das trevas Shaft, morto por Richter uma vez, ressurge com um novo plano de ressuscitar seu mestre. Ele lança um feitiço em Richter, fazendo-o ficar sob seu domínio. Todos estes fatos fazem com que Alucard acorde de seu sono ? o mesmo Alucard que se uniu a Trevor Belmont 300 anos antes em Dracula's Curse. Agora Shaft deve ser impedido por Alucard para que a humanidade seja salva. Durante a jornada de Alucard no castelo, ele encontra Maria, uma grande amiga de Richter, várias vezes. Eles se ajudam e descobrem a origem do mal de Richter.
Alex Ferguson's Player Manager 2002 (Europe)	Para além de um novo motor de jogo, foram programadas alterações inovadoras e funcionalidades revolucionárias no Player Manager 2001 de Alex Ferguson para melhorar o sistema de menus, acelerar o ritmo e a acessibilidade das opções no jogo e oferecer uma sensação totalmente realista àquele aumento de tensão no dia a dia. Novas capturas de movimento dos jogadores, novos modelos e dinâmicas de jogadores e ambientes de estádio proporcionarão representações realistas das tácticas dos jogadores à medida que cada jogo é jogado em tempo real, enquanto as estatísticas pós jogo melhoradas darão um guia rápido sobre o funcionamento dessas tácticas. Todas estas funcionalidades inovadoras foram complementadas com uma entrada de conteúdo de jogo única e uma avaliação no final da época como um Player Manager da própria Ferguson.
Alexandra Ledermann 2 - Equitation Competition (France)	Equestriad 2001 é uma recriação realista dos três melhores cursos de eventos do mundo, incluindo Badminton, Burghley, Kentucky e Sydney. Lucinda Green, Mary King, Matt Ryan, David O'Conner, Ian Stark & Vaughan Jefferis são apenas alguns dos 21 melhores cavaleiros do mundo apresentados na Equestriad 2001, incluindo outros campeões olímpicos e mundiais passados e presentes, juntamente com representações precisas de cada um de seus cavalos. Recriações incríveis dos mundialmente famosos percursos de Badminton, Burghley e Kentucky e um percurso especial de Sydney do mundialmente famoso designer de percursos Mike Etherington-Smith estão disponíveis para os jogadores competirem em dressage, cross country e showjumping.
Alfred Chicken (Europe) (En,Fr,De,Es,It)	UH-OH! As coisas não estão a correr bem para o Alfred. Sua namorada foi sequestrada pelo malvado MekoChicken, e é apenas uma questão de tempo até que ele a transforme em pepitas. Agora cabe a Alfred dar uma palmadinha para o salvamento! Prepara-te para ver as penas voarem
Alice in Cyberland (Japan)	Tóquio, o século XXI. A Internet tornou-se uma parte extremamente importante da vida, e um mundo digital chamado &quot;Cyberland&quot; surgiu. Este mundo digital está dividido em oito níveis, com informações mais importantes e confidenciais recebendo níveis mais altos de prioridade, com os níveis mais altos sendo inacessíveis a qualquer outra pessoa que não aqueles com a mais alta autorização de segurança do governo. Uma jovem estudante júnior-alta chamada Alice Minazuki é filha de um dos desenvolvedores desse sistema. Ele a deixou com um &quot;sistema de mergulho&quot; muito especial, que permite que o usuário entre nas partes mais profundas da Cyberland. Junto com seus amigos Rena Ohtori e Juri Yagami, eles são ALICE-3, uma equipe encarregada de manter a paz e a ordem em Cyberland.
Alien Resurrection (USA)	A Ellen Ripley morreu a tentar acabar com os Aliens. Agora, 200 anos depois, os cientistas ressuscitaram Ripley - juntamente com a Rainha Alienígena - na esperança de criar a derradeira arma. Equipe com uma tripulação de piratas do espaço renegado em um navio de pesquisa em direção à Terra, eles devem lutar pela sobrevivência e destruir os Aliens de uma vez por todas.
Alien Trilogy (USA)	Assombrado por memórias, você espera que haja apenas uma pequena supervisão... um simples problema de comunicação, mas você sabe, no fundo, no fundo de sua mente.... ELES ESTÃO DE VOLTA!!!!..... Abraços no rosto, arrotos no peito, extraterrestres de cães, extraterrestres adultos, xelins corporativos impiedosos e.... 3 rainhas alienígenas! Mais de 30 níveis de ácido incrustado, um arsenal de armas letais, e você! Toda a ação em 3D da trilogia original Alienígena em um pesadelo de morte-negra e nó branco.
Alive (Japan) (Disc 1)	Alive é um jogo de ação e aventura FMV do Japão desenvolvido e publicado pela General Entertainment em 1998. Alive acontece em um ano de ficção especulado de 2020. O protagonista é uma jovem de 20 anos chamada Atsuko Kawada. Uma noite, Atsuko acaba sendo incriminado inadvertidamente por acusações de assassinato e terrorismo. Isso se deve em parte ao fato de seu namorado Akiro estar envolvido em uma rede de resistência subterrânea, da qual Atsuko não tinha conhecimento. Agora, agentes secretos do governo, a polícia e até mesmo um cientista louco estão atrás de Atsuko. Ela deve fazer tudo o que puder para evitar a captura ou a morte, enquanto tenta descobrir por que ela foi enquadrada, e qual é o propósito de um par muito especial de brincos que ela veio à posse de realmente é.
All Star Action (Europe) (Disc 1)	Teste sua força em corridas rápidas e eventos esportivos. O máximo em diversão para ti e para os teus amigos. Um suspense emocionante e intoxicante cheio de ação!
All Star Racing (USA)	All Star Racing reúne quatro dos mais desafiantes jogos de corrida já criados. - Sinta a adrenalina de alta velocidade de GT Cars. - Corra pelas estradas de montanha num sofisticado Classic Car de antigamente. - Assume o controlo da roda no teu Super Carro de alta performance. - Suba para o banco do condutor de um Stock Car de alta tecnologia. - Todas as tuas necessidades de condução estão agora satisfeitas.
All Star Soccer (Europe) (En,Fr,De,It)	All Star Soccer é um jogo de desporto, desenvolvido e publicado pela Eidos Interactive, que foi lançado na Europa em 1997.
All Star Tennis '99 (Europe) (En,Fr,De,Es,It)	Jogue como 8 jogadores de classe mundial do circuito ATP/WTA (incluindo Mark Philippoussis, Richard Krajicek, Conchita Martinez, Michael Chang e Jana Novotna), bem como 4 jogadores fictícios em uma série de torneios em grama, saibro, quadra dura e superfícies de rebote. Lob, voleio, smash e saque passando por jogadores controlados por computador em torneios de simples ou duplas, duplas multijogador para 4 jogadores e torneios de simples e duplas multijogador para 8 jogadores.
All Star Tennis 2000 (Europe) (En,De,Es,It)	Jogue uma temporada inteira de tênis e desafie L. Hewitt, R. Krajicek, G. Kuerten e alguns dos mais famosos tenistas nesta simulação de tênis extremamente realista. - 32 jogadores diferentes. - Todos os movimentos do tênis real (smash, vôlei, lob, 2 mãos backhand). - Opção multiplayer para até 4 jogadores.
All Star Watersports (Europe)	All Star Watersports deixa-te 'Ride-the-barrel' através das ondas mais realistas já vistas na PSone. Pegue uma prancha de surfe, bodyboard, windsurfista ou jet watercraft e esculpa algumas das mais incríveis praias de surfe ao longo da costa. Jogue com as gaivotas e golfinhos enquanto domina as habilidades necessárias para cada esporte, incluindo andar de barril na prancha de surfe, pular o windsurfista, pular a embarcação a jato e girar o bodyboard. Podes competir contra o computador, ou até quatro jogadores podem competir em competições incluindo: Competição de Praia&quot;, &quot;Grandes Concursos de Ar&quot; e &quot;Truque Extremo&quot;. All Stars Watersports contém ondas dinâmicas e de tamanho variável que vão desde a perfeita descascadora de 5 pés até enormes e furiosas quebras de recifes.
All-Star Mahjong - Karei naru Shoubushi kara no Chousen (Japan)	All-Star Mahjong - Kareinaru Shobushi Kara no Chosen é um jogo de mahjong clássico que apresenta 19 oponentes humanos para jogar, todos eles com gráficos e movimentos digitalizados. O jogo também apresenta dublagem japonesa para os personagens.
All-Star Slammin' D-Ball (USA)	O jogo tornou-se famoso pelas classes de E.P. dia chuvoso recebe uma reforma revigorante para o console de jogos PlayStation! Leve para a quadra com seu time favorito de jovens guerreiros e solte uma variedade de golpes de fogo contra seus oponentes! A equipe que perde todos os seus jogadores no campo primeiro perde o jogo - então tente se lembrar que &quot;D&quot; é para esquivar!
Allied General (USA)	A PANZER GENERAL tomou de assalto o mundo dos jogos, levando a Computer Gaming World a chamá-lo de &quot;...tão divertido que até mesmo os não-wargamers são susceptíveis de se verem viciados&quot;. Agora, prepare-se para se tornar um GERAL ALIZADO. Vol. II na SSI Premier 5-Star Series tem você na mira - e desta vez o campo de batalha é o seu console de jogos PlayStation! Jogue 3 jogos de campanha como um general americano, britânico ou soviético contra o exército alemão. Ou escolha entre mais de 35 cenários que permitem que você jogue como o lado Aliado ou Eixo. Observe suas forças melhorarem a cada vitória. Use novos tipos de tropas como as tropas de esqui finlandesas. Você pode até mesmo se envolver em uma pequena conjetura: vários cenários hipotéticos incluem a invasão nunca realizada de Churchill na Noruega - Operação Júpiter. Com tantas escolhas, suas habilidades
Alnam no Kiba - Juuzoku Juuni Shinto Densetsu (Japan)	Alnam no Kiba é um remake do PC Engine RPG do mesmo título de dois anos antes. O mesmo enredo geral está presente, mas todo o jogo foi retrabalhado a partir de um RPG de estilo japonês tradicional em uma aventura de estilo japonês ou jogo de romance visual. O jogador controla Kenbu como ele explora vários locais, falando com outros personagens, e às vezes acabando com eles tagging junto com ele.Muito dos ativos do jogo original foram reutilizados, mas há também alguns novos gráficos e música, bem como algumas diferenças na história, criando uma versão alternativa muito diferente do jogo. Como um bônus, há também uma galeria de fan art com comentários incluídos no disco.
Alnam no Tsubasa - Shoujin no Sora no Kanata e (Japan) (Disc 1)	50.000 anos se passaram desde que Kenbu e seus amigos derrotaram o derradeiro mal. O mundo de Alnam precisou de muito tempo para se recuperar do terrível cataclismo que o marcou para sempre. Os eventos do passado continuaram a afetar a sociedade atual, e uma antiga fonte de energia foi usada pelo líder do Ducado Maia para fins militares, quando ele começou a convertê-lo em gás venenoso na tentativa de conquistar o mundo. Um órfão de catorze anos chamado Kusumida se envolve na grande luta e deve pôr fim aos planos do Duque antes que seja tarde demais. Alnam no Tsubasa é uma sequela de Alnam no Kiba. Tal como o seu antecessor, é um jogo de role-playing ao estilo japonês com uma história baseada na personagem, avanço linear e nivelamento simples. O combate é baseado em turnos, com até quatro personagens controlados pelo jogador formando uma festa. Os personagens podem atacar fisicamente, lançar feitiços ou executar ataques especiais que ocupam uma parte de um medidor correspondente. A magia é aprendida ao receber pontos de magia para ganhar batalhas e usá-los para criar vários feitiços. O jogo apresenta gráficos de fundo 3D com sprites 2D representando personagens.
Alone in the Dark - Jack Is Back (Europe) (En,Fr,De,Es,It)	Natal de 1924. Os detectives privados Edward Carnby e Ted Striker estão a investigar o rapto da pequena Grace Sounders. As pistas levam a uma velha mansão chamada Hell's Kitchen, refúgio do pirata Jack e seu bando de criminosos. Carnby continua o trabalho de seu amigo Striker quando ele desaparece misteriosamente e decide entrar na mansão para resolver o caso. Infelizmente, lá ele descobre que o Striker foi assassinado. Carnby deve lutar para escapar, enquanto resgata Grace e frustra os planos malignos de Jack e sua estranha companheira Elizabeth Jarret.
Alone in the Dark - One-Eyed Jack's Revenge (USA)	Natal de 1924. Os detectives privados Edward Carnby e Ted Striker estão a investigar o rapto da pequena Grace Sounders. As pistas levam a uma velha mansão chamada Hell's Kitchen, refúgio do pirata Jack e seu bando de criminosos. Carnby continua o trabalho de seu amigo Striker quando ele desaparece misteriosamente e decide entrar na mansão para resolver o caso. Infelizmente, lá ele descobre que o Striker foi assassinado. Carnby deve lutar para escapar, enquanto resgata Grace e frustra os planos malignos de Jack e sua estranha companheira Elizabeth Jarret.
Alone in the Dark - The New Nightmare (USA) (Disc 1)	O novo pesadelo no Playstation é a quarta edição da série Alone In The Dark. Você interpreta Edward Carnby, mestre do estudo paranormal, investigando a misteriosa morte de seu melhor amigo. Você está conduzindo sua investigação na Ilha das Sombras, uma ilha que não é famosa por sua atmosfera encantadora. Também é possível experimentar a aventura através dos olhos da personagem feminina principal.
Alone in the Dark 2 (Japan)	Natal de 1924. Os detectives privados Edward Carnby e Ted Striker estão a investigar o rapto da pequena Grace Sounders. As pistas levam a uma velha mansão chamada Hell's Kitchen, refúgio do pirata Jack e seu bando de criminosos. Carnby continua o trabalho de seu amigo Striker quando ele desaparece misteriosamente e decide entrar na mansão para resolver o caso. Infelizmente, lá ele descobre que o Striker foi assassinado. Carnby deve lutar para escapar, enquanto resgata Grace e frustra os planos malignos de Jack e sua estranha companheira Elizabeth Jarret.
Alundra (USA)	Alundra, a protagonista, faz uma viagem para salvar a aldeia de Inoa das garras de Melzas, que penetra na mente das pessoas enquanto dormem. Combinando aventura gráfica e arcade, ele é embalado com ação e enigmas complicados. O início acontece em um barco, a caminho da Inoa, e nele você tem que encontrar pistas, perguntando e procurando por ele. Então você vai através de diferentes aldeias ou casas e interagir com vários personagens. Mais tarde, descobriu-se que Alundra é um &quot;viajante de sonho&quot;.
Alundra 2 - A New Legend Begins (USA)	Nas terras distantes do reino de Baunilha surgiu um ser misterioso na região de Doru, que é capaz de variar à vontade a evolução do reino animal, forçando uma evolução mágica. As conseqüências disso são terríveis: transforma os seres vivos em maus seres mecânicos. Neste contexto aparece Flint, um jovem rapaz, órfão pela morte de seus pais às mãos de piratas, que ele persegue incansavelmente, mas que terá que deixar sua obsessão para enfrentar o ser misterioso, chamado Mephisto.
Alundra 2 - Der Beginn einer neuen Legende (Germany)	Nas terras distantes do reino de Baunilha surgiu um ser misterioso na região de Doru, que é capaz de variar à vontade a evolução do reino animal, forçando uma evolução mágica. As conseqüências disso são terríveis: transforma os seres vivos em maus seres mecânicos. Neste contexto aparece Flint, um jovem rapaz, órfão pela morte de seus pais às mãos de piratas, que ele persegue incansavelmente, mas que terá que deixar sua obsessão para enfrentar o ser misterioso, chamado Mephisto.
Alundra 2 - Mashinka no Nazo (Japan)	Nas terras distantes do reino de Baunilha surgiu um ser misterioso na região de Doru, que é capaz de variar à vontade a evolução do reino animal, forçando uma evolução mágica. As conseqüências disso são terríveis: transforma os seres vivos em maus seres mecânicos. Neste contexto aparece Flint, um jovem rapaz, órfão pela morte de seus pais às mãos de piratas, que ele persegue incansavelmente, mas que terá que deixar sua obsessão para enfrentar o ser misterioso, chamado Mephisto.
Alundra 2 - Une Legende Est Nee (France)	Nas terras distantes do reino de Baunilha surgiu um ser misterioso na região de Doru, que é capaz de variar à vontade a evolução do reino animal, forçando uma evolução mágica. As conseqüências disso são terríveis: transforma os seres vivos em maus seres mecânicos. Neste contexto aparece Flint, um jovem rapaz, órfão pela morte de seus pais às mãos de piratas, que ele persegue incansavelmente, mas que terá que deixar sua obsessão para enfrentar o ser misterioso, chamado Mephisto.
America Oudan Ultra Quiz (Japan)	America dan Ultra Quiz é baseado no programa de TV japonês do nome do jogo. Assim como o programa original, o jogo foca em questões triviais relacionadas exclusivamente aos Estados Unidos da América. As áreas de conhecimento incluem história, geografia, cultura, literatura, esportes, língua e outros. O principal quiz show acontece em Nova York e envolve perguntas em categorias aleatórias. Um modo de viagem especial permite que o jogador visite vários locais nos EUA, incluindo aeroportos notáveis, praias, estádios esportivos e outros destinos de viagem populares. Cada um desses locais tem seus próprios desafios além das questões de trivialidades. Por exemplo, em Las Vegas as respostas do jogador são configuradas por uma slot machine, em Santa Fé o jogador é solicitado a correr uma certa distância pressionando rapidamente as teclas, etc.
American Pool (USA)	Então, achas que és um tubarão da piscina? Bem, American Pool vai testar suas habilidades ao máximo! Aprenda novos truques no modo de treino ou enfrente um amigo ou o computador no modo Pocket Game. Quando estiveres pronto para enfrentar o melhor, cria a tua própria personagem e enfrenta outros 31 jogadores no concurso de bilhar! Ao chegares ao topo, vais aprender novos power-ups e técnicas especiais para ajudar a achatar os adversários. Estás pronto para um verdadeiro desafio? Bem-vindos a eles!
Amerzone - Das Testament des Forschungsreisenden (Germany) (Disc 1)	Em 1932, Alexandre Valembois era um jovem explorador que, com o seu amigo nativo Antonio Alverez, queria fazer jus ao seu nome, explorando a misteriosa região da Amerzone. Amado pelos nativos da região, ele testemunhou um estranho ritual envolvendo um ovo gigante das famosas aves brancas. Querendo provar que as aves brancas existiam, Alexandre roubou o misterioso ovo e traiu a confiança dos nativos. Regressando a França, ninguém acreditava em Alexandre ou nos seus diários sobre a Amerzone. Sessenta anos passaram e o mundo mudou. A 2ª Guerra Mundial chegou e partiu, a Amerzone permanece inexplorada e fechada a estranhos pelo seu líder despótico, Antonio Alverez. Monsieur Alexandre Valembois é um homem velho no fim da sua vida, vivendo sozinho num farol e desejando corrigir o seu erro. Neste momento, um jovem repórter vem visitar o velho Alexandre Valembois a propósito das suas aventuras...
Amerzone - El Legado del Explorador (Spain) (Disc 1)	Em 1932, Alexandre Valembois era um jovem explorador que, com o seu amigo nativo Antonio Alverez, queria fazer jus ao seu nome, explorando a misteriosa região da Amerzone. Amado pelos nativos da região, ele testemunhou um estranho ritual envolvendo um ovo gigante das famosas aves brancas. Querendo provar que as aves brancas existiam, Alexandre roubou o misterioso ovo e traiu a confiança dos nativos. Regressando a França, ninguém acreditava em Alexandre ou nos seus diários sobre a Amerzone. Sessenta anos passaram e o mundo mudou. A 2ª Guerra Mundial chegou e partiu, a Amerzone permanece inexplorada e fechada a estranhos pelo seu líder despótico, Antonio Alverez. Monsieur Alexandre Valembois é um homem velho no fim da sua vida, vivendo sozinho num farol e desejando corrigir o seu erro. Neste momento, um jovem repórter vem visitar o velho Alexandre Valembois a propósito das suas aventuras...
Amerzone - Il Testamento dell'Esploratore (Italy) (Disc 1)	Em 1932, Alexandre Valembois era um jovem explorador que, com o seu amigo nativo Antonio Alverez, queria fazer jus ao seu nome, explorando a misteriosa região da Amerzone. Amado pelos nativos da região, ele testemunhou um estranho ritual envolvendo um ovo gigante das famosas aves brancas. Querendo provar que as aves brancas existiam, Alexandre roubou o misterioso ovo e traiu a confiança dos nativos. Regressando a França, ninguém acreditava em Alexandre ou nos seus diários sobre a Amerzone. Sessenta anos passaram e o mundo mudou. A 2ª Guerra Mundial chegou e partiu, a Amerzone permanece inexplorada e fechada a estranhos pelo seu líder despótico, Antonio Alverez. Monsieur Alexandre Valembois é um homem velho no fim da sua vida, vivendo sozinho num farol e desejando corrigir o seu erro. Neste momento, um jovem repórter vem visitar o velho Alexandre Valembois a propósito das suas aventuras...
Amerzone - O Testamento do Explorador (Portugal) (Disc 1)	Em 1932, Alexandre Valembois era um jovem explorador que, com o seu amigo nativo Antonio Alverez, queria fazer jus ao seu nome, explorando a misteriosa região da Amerzone. Amado pelos nativos da região, ele testemunhou um estranho ritual envolvendo um ovo gigante das famosas aves brancas. Querendo provar que as aves brancas existiam, Alexandre roubou o misterioso ovo e traiu a confiança dos nativos. Regressando a França, ninguém acreditava em Alexandre ou nos seus diários sobre a Amerzone. Sessenta anos passaram e o mundo mudou. A 2ª Guerra Mundial chegou e partiu, a Amerzone permanece inexplorada e fechada a estranhos pelo seu líder despótico, Antonio Alverez. Monsieur Alexandre Valembois é um homem velho no fim da sua vida, vivendo sozinho num farol e desejando corrigir o seu erro. Neste momento, um jovem repórter vem visitar o velho Alexandre Valembois a propósito das suas aventuras...
Amerzone - The Explorer's Legacy (Europe) (Disc 1)	Em 1932, Alexandre Valembois era um jovem explorador que, com o seu amigo nativo Antonio Alverez, queria fazer jus ao seu nome, explorando a misteriosa região da Amerzone. Amado pelos nativos da região, ele testemunhou um estranho ritual envolvendo um ovo gigante das famosas aves brancas. Querendo provar que as aves brancas existiam, Alexandre roubou o misterioso ovo e traiu a confiança dos nativos. Regressando a França, ninguém acreditava em Alexandre ou nos seus diários sobre a Amerzone. Sessenta anos passaram e o mundo mudou. A 2ª Guerra Mundial chegou e partiu, a Amerzone permanece inexplorada e fechada a estranhos pelo seu líder despótico, Antonio Alverez. Monsieur Alexandre Valembois é um homem velho no fim da sua vida, vivendo sozinho num farol e desejando corrigir o seu erro. Neste momento, um jovem repórter vem visitar o velho Alexandre Valembois a propósito das suas aventuras...
Amerzone, L' (France) (Disc 1)	Em 1932, Alexandre Valembois era um jovem explorador que, com o seu amigo nativo Antonio Alverez, queria fazer jus ao seu nome, explorando a misteriosa região da Amerzone. Amado pelos nativos da região, ele testemunhou um estranho ritual envolvendo um ovo gigante das famosas aves brancas. Querendo provar que as aves brancas existiam, Alexandre roubou o misterioso ovo e traiu a confiança dos nativos. Regressando a França, ninguém acreditava em Alexandre ou nos seus diários sobre a Amerzone. Sessenta anos passaram e o mundo mudou. A 2ª Guerra Mundial chegou e partiu, a Amerzone permanece inexplorada e fechada a estranhos pelo seu líder despótico, Antonio Alverez. Monsieur Alexandre Valembois é um homem velho no fim da sua vida, vivendo sozinho num farol e desejando corrigir o seu erro. Neste momento, um jovem repórter vem visitar o velho Alexandre Valembois a propósito das suas aventuras...
Ancient Roman - Power of Dark Side (Japan) (Disc 1)	Ancient Roman - Power of the Dark Side é um jogo de RPG clássico no qual o jogador assume o papel de um garoto de 17 anos que se encontrará com um grupo de heróis para tentar deter uma força maligna que deseja destruir o mundo. A jogabilidade é de um RPG clássico com batalhas por turnos, onde cada personagem pode usar ataques especiais, ataques mágicos e ataques normais.
Ancient Roman Extra (Japan) (Demo)	Ancient Roman - Power of the Dark Side é um jogo de RPG clássico no qual o jogador assume o papel de um garoto de 17 anos que se encontrará com um grupo de heróis para tentar deter uma força maligna que deseja destruir o mundo. A jogabilidade é de um RPG clássico com batalhas por turnos, onde cada personagem pode usar ataques especiais, ataques mágicos e ataques normais.
Angelique Special (Japan)	Angelique Special é uma versão melhorada da Angelique original lançada em Super Famicom (SNES). Não há alterações na jogabilidade (uma mistura de aventura, estratégia e encontro) ou na história - uma simples rapariga chamada Angelique Limoges deve ser amiga de nove Guardiães para se tornar uma rainha. Esta versão apresenta gráficos ligeiramente melhorados, música com qualidade de CD, interpretação de voz e cenas ao estilo de animação.
Angelique Special 2 (Japan)	Após os acontecimentos do primeiro jogo Angelique, Angelique Limoges tornou-se a Rainha do Cosmos. Hoje, surgiu um novo Cosmos, e está na altura de escolher uma nova rainha. Desta vez, os candidatos são Angelique Collet (a protagonista do jogo) e Rachel Hart. O sistema do jogo é semelhante nesta sequela. Mais uma vez, Angelique tem de usar a diplomacia para conseguir que os Nove Guardiães lhe emprestem os seus poderes (o que faz feliz o povo do seu país) ou para desenvolver sentimentos mais fortes em relação a ela. Novidade nesta sequela é a possibilidade de trabalhar com três instrutores diferentes, desenvolvendo a mente, o sentido ou a dignidade da heroína, o que irá influenciar a forma como ela interage com as outras personagens e também afectar o comportamento dos Guardiães.
Ape Escape (USA)	Specter, uma atração popular no parque de diversões, tornou-se um macaco inteligente. Agora ele e seu exército de macacos assumiram o controle da máquina do tempo do professor para viajar no tempo e substituir a civilização humana por uma sociedade símia. Há apenas um problema: Spike ficou preso na máquina do tempo, então ele voltou ao passado com eles. Com a ajuda de vários acessórios para professores, Spike viajará por terras pré-históricas e deve capturar o exército de Spectre para evitar seu plano maligno.
Ape Escape - La Invasion de los Monos (Spain)	Specter, uma atração popular no parque de diversões, tornou-se um macaco inteligente. Agora ele e seu exército de macacos assumiram o controle da máquina do tempo do professor para viajar no tempo e substituir a civilização humana por uma sociedade símia. Há apenas um problema: Spike ficou preso na máquina do tempo, então ele voltou ao passado com eles. Com a ajuda de vários acessórios para professores, Spike viajará por terras pré-históricas e deve capturar o exército de Spectre para evitar seu plano maligno.
Apocalypse (USA)	O Dia do Juízo Final está se aproximando constantemente do planeta Terra; é uma época de guerra e ódio, uma época em que os loucos dominam as ruas. O louco neste caso é o Reverendo e seus Quatro Cavaleiros: Morte, Peste, Guerra e a Besta. Juntos, eles iniciaram um reinado de terror no mundo, glorificando e ajudando na destruição do planeta. A questão é quem diabos vai deter esses terroristas? Os jogadores assumem o papel de Trey Kincaid, um nanofísico interpretado pelo astro de ação de Hollywood Bruce Willis. E dane-se se ele não é a única esperança do mundo; ele foi chamado para defender o mundo, destruir os Quatro Cavaleiros e frustrar os planos do Reverendo. O objetivo do Apocalipse é simples: progredir em vários níveis e destruir, matar e exterminar toda e qualquer resistência. Jogado a partir de um ponto de vista 3D em terceira pessoa, Kincaid pode manobrar em rotação de 360 ​​graus; isso é muito importante porque a ação ocorre em todos os lados.
Aquanaut no Kyuujitsu - Memories of Summer 1996 (Japan)	Um jogo de exploração subaquática e &quot;jardinagem&quot; e a primeira de várias sequências exclusivas do Japão para o Aquanaut's Holiday original. Você é enviado para explorar um mundo subaquático em um submarino e construir um recife artificial para a vida marinha que você descobre viver lá.
Arc the Lad (Japan)	Uma garota chamada Kukuru vive em uma vila controlada por uma Tribo Sagrada - pessoas que guardam uma antiga chama que contem um poderoso espírito que foi selado há muito tempo. Kukuro é obrigada a se casar com um homem que ela não ama, e para evitar este casamento ela aceita a oferta do prefeito: ele pede para ela apagar a chama. Como resultado, o espírito é acordado e ameaça destruir o mundo. Um jovem aventureiro chamado Arc chega à vila no mesmo momento que Kukuro está, assustada, em frente ao espírito. Arc imediatamente o reconhece - foi o espírito que matou seu pai! Antes que ele realizasse como isso seria possível, o espírito desaparece, e agora Arc e Kukuro devem utilizar tudo em seus poderes para desfazer o erro, parar o espírito, e talvez vingar a morte do pai de Arc. &quot;Arc the Lad&quot; é uma mistura entre RPG tradicional e de estratégia. A história se desenrola enquanto você é transportado de um local para o outro e entra em batalhas - você não anda no mapa mundi, escolhendo você mesmo que local quer visitar. As batalhas ocorrem em um campo de batalha, no qual você pode se mover e atacar somente quando chega perto do oponente.
Arc the Lad Collection - Arc the Lad (USA)	Uma garota chamada Kukuru vive em uma vila controlada por uma Tribo Sagrada - pessoas que guardam uma antiga chama que contem um poderoso espírito que foi selado há muito tempo. Kukuro é obrigada a se casar com um homem que ela não ama, e para evitar este casamento ela aceita a oferta do prefeito: ele pede para ela apagar a chama. Como resultado, o espírito é acordado e ameaça destruir o mundo. Um jovem aventureiro chamado Arc chega à vila no mesmo momento que Kukuro está, assustada, em frente ao espírito. Arc imediatamente o reconhece - foi o espírito que matou seu pai! Antes que ele realizasse como isso seria possível, o espírito desaparece, e agora Arc e Kukuro devem utilizar tudo em seus poderes para desfazer o erro, parar o espírito, e talvez vingar a morte do pai de Arc. &quot;Arc the Lad&quot; é uma mistura entre RPG tradicional e de estratégia. A história se desenrola enquanto você é transportado de um local para o outro e entra em batalhas - você não anda no mapa mundi, escolhendo você mesmo que local quer visitar. As batalhas ocorrem em um campo de batalha, no qual você pode se mover e atacar somente quando chega perto do oponente.
Arcade Hits - Magical Drop (Japan)	Destrói os balões em queda deixando cair grupos de três ou mais. Aprende combinações de movimentos inteligentes e o teu ecrã transformar-se-á numa nuvem de explosões coloridas. Depois de descobrires os segredos dos balões &quot;Ice&quot; e &quot;Arrow&quot;, não vais conseguir parar de jogar esta obra-prima dos puzzles.
Arcade Hits - Moon Cresta (Japan)	O jogador deve mover a sua nave à medida que surgem ondas de extraterrestres na base do ecrã. Os alienígenas amarelos partem-se quando são atingidos, enquanto os alienígenas magenta são os mais difíceis. Quando o caminho estiver livre, o jogador deve tentar atracar a sua nave manualmente dentro de um determinado tempo. Uma vez atracada com sucesso, o jogador ganha pontos de bónus.
Arcade Hits - Soukyuu Gurentai (Japan)	Também conhecido como Terra Diver, Soukyu Gurentai é um jogo de nave estilo &quot;Shmup&quot; vertical. Além de suportar 2 jogadores, existem 4 naves para escolher, cada uma delas com tipos diferentes de tiro. O jogo também conta com um sistema de tiro &quot;teleguiado&quot;, onde você segura o botão e uma mira de formato 3D aparece a partir da nave, podendo ser esférica, semi-esférica, cônica, entre outros formatos. Os chefes de cada fase ainda contam com ao menos uma transformação!
Armored Core (USA)	Armored Core é um jogo de ação e tiro em terceira pessoa com temática mecha, lançado para PlayStation em 1997 e primeiro título da série criada pela FromSoftware. Em um futuro pós-catástrofe, a Terra é dominada por megacorporações em conflito, e você assume o papel de um mercenário conhecido como Raven, piloto de um poderoso robô de combate chamado Armored Core. Ao aceitar missões para diferentes contratantes, o jogador recebe créditos para reparar, equipar e personalizar seu mecha com armas e peças variadas, moldando seu estilo de combate. Além da campanha solo, o jogo também oferece modo multiplayer para duelos entre máquinas de guerra.
Assault (Europe) (En,Fr,De,Es,It)	Assault: Retribution oferece o melhor poder de fogo que a tecnologia moderna pode oferecer, junto com várias opções de personalização para garantir “uma vida melhor através de uma morte rápida”. Washington usa uma série de armas destrutivas, como o rifle de pulso multifásico P-420 e o apropriadamente chamado Cutter; Doyle usa uma variedade de mísseis teleguiados, feixes de laser e o acelerador de parafuso magnético D-16. Há também uma infinidade de itens para coletar, incluindo atualizações de armas, saúde, recargas de munição, bombas inteligentes, vidas extras, escudos e muito mais. Salvar pontos dentro de cada nível permite que você retome a matança no momento que melhor lhe convier. E (raro desde 1999) há um modo cooperativo para dois jogadores, caso você sinta que uma máquina de matar definitiva não é suficiente.
Assault - Retribution (USA)	Assault: Retribution oferece o melhor poder de fogo que a tecnologia moderna pode oferecer, junto com várias opções de personalização para garantir “uma vida melhor através de uma morte rápida”. Washington usa uma série de armas destrutivas, como o rifle de pulso multifásico P-420 e o apropriadamente chamado Cutter; Doyle usa uma variedade de mísseis teleguiados, feixes de laser e o acelerador de parafuso magnético D-16. Há também uma infinidade de itens para coletar, incluindo atualizações de armas, saúde, recargas de munição, bombas inteligentes, vidas extras, escudos e muito mais. Salvar pontos dentro de cada nível permite que você retome a matança no momento que melhor lhe convier. E (raro desde 1999) há um modo cooperativo para dois jogadores, caso você sinta que uma máquina de matar definitiva não é suficiente.
Asterix - Mega Madness (Europe) (En,Fr,De,Es,It,Nl)	É hora de festa e os gauleses planejam comemorar em grande estilo com uma das maiores festas que já viram. A maior honra de todos os gauleses é sentar-se ao lado do Chefe. Para determinar exatamente a quem esta honra será concedida, The Chief anunciou que realizará um torneio esportivo especial, como nunca antes visto. Todos os gauleses se preparam para participar de uma série de desafios esportivos malucos, para ganhar o privilégio final de sentar-se com o Chefe na festa.
Asuka 120% Final - Burning Fest. Final (Japan)	Por ser uma prequela, este jogo foi lançado apenas no Japão. Muitos dos recursos foram aprimorados da versão limitada para Sega Saturn. Além disso, uma porta para Windows deste jogo intitulada &quot;Asuka 120% BURNING Festival Return&quot; foi lançada como a última entrada da franquia, com pequenos ajustes adicionados.
Asuncia - Majou no Jubaku (Japan)	Asuncia é um clássico jogo de RPG 2D no qual o jogador controla um grupo de aventureiros que viajarão por um mundo medieval resolvendo missões. Durante essas jornadas, eles terão que enfrentar diferentes tipos de inimigos. A característica mais importante do jogo é que a cada nova partida o jogo cria um novo mapa, então não haverá o mesmo jogo duas vezes. A jogabilidade é em perspectiva de terceira pessoa nas masmorras e lutas (que são baseadas em turnos) e em perspectivas de primeira pessoa em lojas e cidades.
B Senjou no Alice - Alice on Borderlines (Japan) (Disc 1)	O jogo começa quando Alice é convidada para a casa do professor uma noite e quando ela chega lá ele não está lá e não há nenhum vestígio do que poderia ter acontecido com ele, Alice começa lá sua aventura que vai deixá-la na viagem mais estranha de sua vida desde que ela ainda vai viajar para outras dimensões.
Bakumatsu Roman - Gekka no Kenshi (Japan)	O tema do jogo é semelhante ao da série SAMURAI SHODOWN, mas também apresenta uma série de inovações que o distinguem. Uma delas, por exemplo, é a possibilidade de escolher entre um estilo de jogo mais orientado para a força ou mais orientado para a velocidade ao escolher a personagem. O primeiro proporciona golpes mais poderosos, enquanto o segundo permite combos mais complexos e uma maior velocidade de ataque. O jogo também inclui a habilidade Hajiki, que permite aos jogadores esquivarem-se ou devolverem ataques. Também pode ser utilizada para cancelar super ataques, acrescentando um elemento estratégico ao jogo.
Baldies (USA)	Baldies é um jogo de estratégia de ação multijogador com personagens carecas fofos, mas implacáveis, que você controla para acabar com os Hairies inimigos e atingir a dominação mundial Baldie definitiva. Nesta aventura em tempo real, você assume o papel divino de gerenciar esses peões rechonchudos — controlando para onde eles vão e o que fazem enquanto ajudam você a construir seu império nível após nível. Para sobreviver e crescer, você deve tomar rapidamente decisões de gerenciamento de recursos sobre quais Baldies devem se tornar Trabalhadores, Cientistas, Soldados ou Construtores.
Baldy Land (Japan)	Baldies é um jogo de estratégia de ação multijogador com personagens carecas fofos, mas implacáveis, que você controla para acabar com os Hairies inimigos e atingir a dominação mundial Baldie definitiva. Nesta aventura em tempo real, você assume o papel divino de gerenciar esses peões rechonchudos — controlando para onde eles vão e o que fazem enquanto ajudam você a construir seu império nível após nível. Para sobreviver e crescer, você deve tomar rapidamente decisões de gerenciamento de recursos sobre quais Baldies devem se tornar Trabalhadores, Cientistas, Soldados ou Construtores.
Ballerburg (Europe)	Defenda um castelo contra ataque, enquanto sitia o inimigo com projéteis bem posicionados, nesta adaptação para PS1 do jogo alemão para PC. Uma mistura de estratégia tradicional em tempo real e resolução de quebra-cabeças de ação, o conceito básico de Ballerburg: Cannons Catapults pode lembrar alguns jogadores mais antigos do clássico Rampart do início dos anos 90.
Ballerburg - Castle Chaos (USA)	Defenda um castelo contra ataque, enquanto sitia o inimigo com projéteis bem posicionados, nesta adaptação para PS1 do jogo alemão para PC. Uma mistura de estratégia tradicional em tempo real e resolução de quebra-cabeças de ação, o conceito básico de Ballerburg: Cannons Catapults pode lembrar alguns jogadores mais antigos do clássico Rampart do início dos anos 90.
Ballistic (USA)	Ballistic começou a vida como um jogo de arcade chamado Time Loop e apresenta elementos reminiscentes de Bust-A-Move e Battle Balls, embora com um estilo decididamente único de jogabilidade. O objetivo principal é impedir que as bolas cheguem ao portão central, mas, em vez de mirar em bolas que caem do topo da tela, você atira nelas a partir de um canhão central à medida que elas se movem em espiral. A chave é criar várias reações em cadeia para receber mais pontos. O objeto em Panic (um dos três modos) é estender a jogabilidade o maior tempo possível e construir a pontuação mais alta, eliminando mais e mais bolas. A velocidade aumenta à medida que você destrói todas as bolas em cada corda, e a cada dez níveis um foguete se materializa, o que empurra as bolas em direção ao portão central. Destruir o foguete aumenta ainda mais a velocidade, mas bombas podem ser usadas para eliminar todas as bolas na tela da mesma cor. O modo Stage permite limpar uma sequência finita de bolas numa base de nível para nível, mas, ao contrário do modo Panic, a jogabilidade é interrompida após a conclusão de cada nível. Você recebe os mesmos power-ups de bombas, mas os twisters desviam seus tiros, os relógios congelam a corrente, e as bolas e baús ocos guardam surpresas escondidas.
Baphomets Fluch (Germany)	George Stobbart é um turista americano que passa as férias de outono em Paris. Ele escapa por pouco de um atentado a bomba em um café e decide investigar as pistas deixadas pelo assassino. Isso eventualmente o leva a um mistério que remonta à lenda dos Cavaleiros Templários. Circle of Blood é a primeira parte da série Broken Sword. É um jogo de aventura de apontar e clicar em terceira pessoa com resolução de quebra-cabeças e gráficos 2D semelhantes a desenhos animados. O jogador movimenta o personagem com o mouse, examina o ambiente, conversa com outras pessoas e coleta itens armazenados em um inventário. Esses itens precisam ser usados ou combinados com outros itens para resolver quebra-cabeças. George recebe ajuda de Nicole Collard, uma jornalista francesa. A história é dividida em onze capítulos e se passa em locais como Paris, Irlanda, Síria e outros.
Baphomets Fluch II - Die Spiegel der Finsternis (Germany)	Siga a história de tirar o fôlego de George Stobbard enquanto ele viaja o mundo tentando resgatar Nico, sua namorada, uma repórter investigativa. A aventura deles os leva não apenas ao centro de uma implacável organização criminosa da América Central, mas também ao poder arcano da antiga civilização Maia.
Barbie - Aventure Equestre (France)	Barbie faz sua primeira aparição no PlayStation com BARBIE RACE AND RIDE. Ajude Barbie a cuidar de um estábulo de cavalos; escove os cavalos ou alimente-os com uma variedade de alimentos, incluindo maçãs, cenouras, morangos e cubos de açúcar. Depois que o corcel for cuidado, faça um passeio casual ao redor do Vale Secreto. Explore as praias, prados, montanhas e florestas para descobrir novos amigos animais, minijogos e quebra-cabeças. Encontre as peças do cartão postal perdido e descubra o segredo do Vale Secreto. Para aqueles com uma veia mais competitiva, entre em uma corrida ou concurso de salto.
Barbie - Gotta Have Games (USA)	Dê uma volta pela cidade com a Barbie e seus amigos enquanto dirige até um dos oito locais legais! Escolha o seu nível e jogue contra seus amigos! Corra pela pista de derby e use suas habilidades de Hangman, groove e movimentos para dizer Simon na pista de dança e muito mais! Com todos esses jogos divertidos para escolher, você terá horas de diversão no estilo Barbie! Junte-se à Barbie da Mattel em oito jogos, incluindo quebra-cabeças, desafios baseados em ritmo e muito mais. Os jogadores podem escolher entre quatro personagens, incluindo Barbie e Ken. O nível de dificuldade é ajustável e muitas das atividades suportam dois jogadores.
Barbie - Race & Ride (USA)	Barbie faz sua primeira aparição no PlayStation com BARBIE RACE AND RIDE. Ajude Barbie a cuidar de um estábulo de cavalos; escove os cavalos ou alimente-os com uma variedade de alimentos, incluindo maçãs, cenouras, morangos e cubos de açúcar. Depois que o corcel for cuidado, faça um passeio casual ao redor do Vale Secreto. Explore as praias, prados, montanhas e florestas para descobrir novos amigos animais, minijogos e quebra-cabeças. Encontre as peças do cartão postal perdido e descubra o segredo do Vale Secreto. Para aqueles com uma veia mais competitiva, entre em uma corrida ou concurso de salto.
Bass Fisherman - Texas (Japan)	&quot;Bass fishing&quot; é a atividade de pesca do peixe norte-americano conhecido popularmente como o Black Bass (Conhecido como 'Achigã' no Brasil) utilizando anzol. Existem inúmeras espécies de Black Bass consideradas peixes de caça na América do Norte, incluindo o 'Largemouth Bass' (Micropterus salmoides), 'Smallmouth Bass' (Micropterus dolomieui), 'Spotted Bass' ou 'Kentucky Bass' (Micropterus punctatus), Guadalupe Bass (Micropterus treculii) e muitas outras espécies e subespécies do gênero Micropterus. Embora conhecidos como 'Bass', todos são na verdade membros da família dos peixes-sol (Centrarchidae: ordem Perciformes). A pesca moderna do Black Bass tornou-se uma indústria multibilionária. O esporte mudou drasticamente desde seu início, no final de 1800. Com um início humilde, o Black bass se tornou o segundo peixe de caça mais procurado nos Estados Unidos. O esporte impulsionou o desenvolvimento de todos os tipos de artes de pesca, incluindo varas, molinetes, linhas, iscas, instrumentos eletrônicos de profundidade e busca de peixes, barcos, tubos de flutuação e botes. &quot;Bass Fishing&quot; para Playstation acontece no Texas e possui com tutorial uma escola de pesca de Black Bass e um modo de torneio. O jogo também apresenta sequências de vídeo e diferentes pontos de pesca.
Bassing Beat 2 (Japan)	A pesca do robalo é a atividade de pesca para o peixe esportivo norte-americano conhecido coloquialmente como o robalo negro. Existem numerosas espécies de robalo negros consideradas como peixe-caça na América do Norte, incluindo robalo largemouth (Micropterus salmoides), robalo smallmouth (Micropterus dolomieui), robalo Spotted ou robalo Kentucky (Micropterus punctatus), robalo Guadalupe (Micropterus treculii) e muitas outras espécies e subespécie do gênero Micropterus. Embora referido como robalo, todos são na verdade membros da família sunfish (Centrarchidae: ordem Perciformes).
Batman & Robin (USA)	Batman & Robin é um jogo de ação e em Gotham City você terá a difícil tarefa de completar todas as aventuras da história do Batman junto ao parceiro Robin e a bonita Batgirl.
Batman - Gotham City Racer (USA)	Batman: Gotham City Racer é um jogo de corrida no Playstation. Os maiores vilões dos quadrinhos escaparam do asilo Arkham e você deve correr para colocá-los em seu lugar. Ao volante do &quot;Batciclo&quot; ou do Batmóvel, persiga o Coringa, O duas caras, a Hera Venenosa ou o Pinguim nas ruas de Gotham. Use todo o seu arsenal para calar esses bandidos.
Batman Beyond - Return of the Joker (USA)	Derrotar coringa e toda a gangue é a nova missão de Bruce Wayne em Batman Do futuro: a volta do coringa no Playstation. Através de combate corpo-a-corpo e à distância com vários dispositivos, o jogador executa várias missões em quatro mundos diferentes para derrotar o Coringa.
Batman Forever - The Arcade Game (USA)	Batman Forever: O Arcade Game no Playstation é a adaptação do filme lançado em 1995. Seus inimigos são Charada e Duas Caras que você irá encontrar várias vezes no jogo.Você deve evoluir em níveis combinando combate e aproveitando todos os gadgets que você pode atribuir ao Batman antes de cada nova missão.
Batman of the Future - Return of the Joker (Europe) (En,Fr,De)	Derrotar coringa e toda a gangue é a nova missão de Bruce Wayne em Batman Do futuro: a volta do coringa no Playstation. Através de combate corpo-a-corpo e à distância com vários dispositivos, o jogador executa várias missões em quatro mundos diferentes para derrotar o Coringa.
Battle Arena Toshinden (USA)	Battle Arena Toshinden foi um dos primeiros jogos da Playstation a apresentar personagens poligonais numa arena de batalha em 3D, em vez do tradicional espaço de luta lado a lado que tinha sido popular desde o Street Fighter II. Os 8 karatecas disponíveis têm todos as suas próprias armas e técnicas. Está presente um modo de Torneio que lhe permite enfrentar cada adversário. O vosso objectivo final é tornar-se o lutador do século, enfrentando Gaia.
Battle Arena Toshinden 2 (USA)	Seguindo o exemplo da Battle Arena Toshinden primeiro do nome, Battle Arena Toshinden 2 na Playstation é um jogo de combate em que todos os lutadores estão equipados com uma ou mais armas. A diferença em relação ao jogo anterior é que a escolha dos caracteres é maior e o número de movimentos especiais foi aumentado. A jogabilidade foi também completamente redesenhada.
Battle Arena Toshinden 3 (USA) (En,Ja)	A terceira parte da série Toshinden. Após a derrota da Sociedade Secreta no Arena de Batalha Toshinden 2 surge um novo grupo de bandidos. Conhecidos como Organização, eles desejam usar os lutadores Toshinden como sacrifícios de sangue por um ritual para convocar seu deus obscuro. Dos 15 personagens criados do Toshiden 2, agra são 32 personagens neste novo Toshiden! Destes, 14 são lutadores iniciantes, 14 membros da Organização e 4 chefes. Embora muitos dos membros da Organização tenham listas de movimentos próximas ou idênticas ao seu personagem anterior. O jogo do Toshinden 3 é uma saída radical dos jogos anteriores da série. As arenas foram redesenhadas para que elas estejam agora fechadas, permitindo a possibilidade de mandar o oponente voando para uma parede ou o teto, embora o adversário possa se recuperar e usar a parede para um contra-ataque. O sistema combinado foi novamente redesenhado; Agora, cada personagem possui um intervalo predefinido de combo, no entanto, múltiplos combos e movimentos especiais agora podem ser combinados para fazer movimentos em série com o adversário, embora mais uma vez o oponente possa recuperar e contrariar seu combo. A física do jogo foi bastante relaxada para acomodar as novas arenas e jogos; Muitos ataques lançam o adversário em toda a arena. As versões U.S e E.U do Toshinden 3 apresentam um bloqueio ligeiramente diferente configurado em relação a versão japonesa. Na versão japonesa, existem blocos separados e baixos, enquanto que na versão U.S e E.U, o bloco alto foi alterado para ser um bloco de propósito geral e bloqueará tanto alta quanto baixa automaticamente. Esta pequena mudança tem um impacto notável nas peças do jogo. As versões U.S e E.U do Toshinden 3 também apresentam novas vozes em inglês para vários personagens e alguns novos modos de jogo; um modo de prática abrangente e um modo de Sobrevivência.
Battle Arena Toushinden 2 (Japan)	Seguindo o exemplo da Battle Arena Toshinden primeiro do nome, Battle Arena Toshinden 2 na Playstation é um jogo de combate em que todos os lutadores estão equipados com uma ou mais armas. A diferença em relação ao jogo anterior é que a escolha dos caracteres é maior e o número de movimentos especiais foi aumentado. A jogabilidade foi também completamente redesenhada.
Battle Arena Toushinden 2 - Gyouten Kyougaku no Shishoku-ban (Japan)	Seguindo o exemplo da Battle Arena Toshinden primeiro do nome, Battle Arena Toshinden 2 na Playstation é um jogo de combate em que todos os lutadores estão equipados com uma ou mais armas. A diferença em relação ao jogo anterior é que a escolha dos caracteres é maior e o número de movimentos especiais foi aumentado. A jogabilidade foi também completamente redesenhada.
Battle Arena Toushinden 2 Plus (Japan)	Seguindo o exemplo da Battle Arena Toshinden primeiro do nome, Battle Arena Toshinden 2 na Playstation é um jogo de combate em que todos os lutadores estão equipados com uma ou mais armas. A diferença em relação ao jogo anterior é que a escolha dos caracteres é maior e o número de movimentos especiais foi aumentado. A jogabilidade foi também completamente redesenhada.
Battle Arena Toushinden 3 (Japan, Asia)	A terceira parte da série Toshinden. Após a derrota da Sociedade Secreta no Arena de Batalha Toshinden 2 surge um novo grupo de bandidos. Conhecidos como Organização, eles desejam usar os lutadores Toshinden como sacrifícios de sangue por um ritual para convocar seu deus obscuro. Dos 15 personagens criados do Toshiden 2, agra são 32 personagens neste novo Toshiden! Destes, 14 são lutadores iniciantes, 14 membros da Organização e 4 chefes. Embora muitos dos membros da Organização tenham listas de movimentos próximas ou idênticas ao seu personagem anterior. O jogo do Toshinden 3 é uma saída radical dos jogos anteriores da série. As arenas foram redesenhadas para que elas estejam agora fechadas, permitindo a possibilidade de mandar o oponente voando para uma parede ou o teto, embora o adversário possa se recuperar e usar a parede para um contra-ataque. O sistema combinado foi novamente redesenhado; Agora, cada personagem possui um intervalo predefinido de combo, no entanto, múltiplos combos e movimentos especiais agora podem ser combinados para fazer movimentos em série com o adversário, embora mais uma vez o oponente possa recuperar e contrariar seu combo. A física do jogo foi bastante relaxada para acomodar as novas arenas e jogos; Muitos ataques lançam o adversário em toda a arena. As versões U.S e E.U do Toshinden 3 apresentam um bloqueio ligeiramente diferente configurado em relação a versão japonesa. Na versão japonesa, existem blocos separados e baixos, enquanto que na versão U.S e E.U, o bloco alto foi alterado para ser um bloco de propósito geral e bloqueará tanto alta quanto baixa automaticamente. Esta pequena mudança tem um impacto notável nas peças do jogo. As versões U.S e E.U do Toshinden 3 também apresentam novas vozes em inglês para vários personagens e alguns novos modos de jogo; um modo de prática abrangente e um modo de Sobrevivência.
Battle Stations (USA)	Battlestations no Playstation é um jogo de combate naval em tempo real. Tente destruir porta-aviões inimigos para alcançar a vitória.
Beat Planet Music (Japan)	Novo estilo para jogar com um instrumento de som musical entre as cidades do mundo. Você pode tocar mais de 100 músicas originais. Crie um sistema de som completo com um editor de som, o som no mundo reunido como parte do jogo na história, em uma gama mais ampla de desempenho para fazer. Beat Planet Music é, como o título sugere, um jogo de ação de ritmo. Cada música representa uma conexão que liga duas cidades; notas deslocam-se para baixo em diferentes pistas, e o jogador deve mover o cursor da pista e acertar cada nota para tocar a música. À medida que o jogador completa músicas diferentes, novas amostras são desbloqueadas no outro modo: o editor de músicas.
Bedlam (Europe) (En,Fr,De,Es,It,Nl)	Bedlam é um jogo de ação em terceira pessoa no Playstation. A espécie humana está ameaçada e seu papel é livrar o planeta Terra das hordas de Biomechs. Assuma o controle de uma equipe experiente de robôs de combate que não conhece piedade nem remorso. Corra através de 25 níveis enormes para lutas incrivelmente violentas.
Big Bass World Championship (USA)	O grande torneio de pesca está esperando por você no Big Bass World Championship no Playstation. Escolha o seu equipamento e depois lance sua linha para tentar sair da água o maior número possível de grandes capturas.
Big Strike Bowling (USA)	Você é um caçador de pinos de boliche ou amante da sarjeta? Tire os sapatos de rua, dê polimento na bola e entre nos corredores do Big Strike Bowling. Escolha entre uma horda de jogadores de boliche exclusivos e desça as pistas mais loucas de todos os tempos. Prove seu valor e roube todos os jogadores da liga, acumulando uma pilha de dinheiro. É como boliche de verdade, só que mais divertido e sem o cheiro de sapatos alugados de 50 anos. Big Strike Bowling é a melhor coisa que já aconteceu ao esporte desde a invenção da bola de boliche!
Billiards (USA)	Um jogo de simulação de sinuca, com três jogos à escolha: nove bolas, oito bolas e rotação. Os ângulos da câmera incluem a parte superior da mesa e a visualização regular. Ajuste o ângulo da sugestão para a sua melhor leitura da tacada. Incluído um modo de treinamento para que você possa aperfeiçoar as tacadas difíceis.
Bio Hazard (Japan)	Resident Evil inicia em torno de uma série de casos de homicídio envolvendo canibalismo ocorridos em Arklay Mountaim (Montanhas Arklay), ao norte da cidade fictícia Raccoon City em 1998. O S.T.A.R.S (Special Tactics And Rescue Squad) é designado para investigar a fonte de tais assassinatos, o primeiro grupo enviado é a Equipe Bravo. Quando a Equipe Bravo perde contato com a base e desaparece misteriosamente, a Equipe Alpha é enviada em uma missão de resgate, mas acabam sendo atacados e vão parar em uma mansão aparentemente abandonada, onde o grupo se depara com zumbis e outras criaturas, levando-os a descobrir os cadáveres de seus companheiros da Equipe Bravo na casa.
Bio Hazard - Director's Cut (Japan)	Resident Evil: Director's Cut é um horror de sobrevivência no Playstation. Esta é uma versão sem censura do Resident Evil 1. Comparado com o último, o aplicativo é diferenciado por novas cenas, novos ângulos de visão, cenas adicionais e novos trajes.
Bio Hazard - Director's Cut - Dual Shock Ver. (Japan)	Resident Evil: Director's Cut é um horror de sobrevivência no Playstation. Esta é uma versão sem censura do Resident Evil 1. Comparado com o último, o aplicativo é diferenciado por novas cenas, novos ângulos de visão, cenas adicionais e novos trajes.
Bio Hazard - Director's Cut - Dual Shock Ver. Complete Disc (Japan)	Resident Evil: Director's Cut é um horror de sobrevivência no Playstation. Esta é uma versão sem censura do Resident Evil 1. Comparado com o último, o aplicativo é diferenciado por novas cenas, novos ângulos de visão, cenas adicionais e novos trajes.
Biohazard - Gun Survivor (Japan)	Resident Evil: Survivor é um jogo de tiro e ação no Playstation. Nesse episódio você joga com um personagem amnésico e é bloqueado em uma ilha. Vítima de um terrível acidente de helicóptero e totalmente desesperada, você terá que abater um bom número de zumbis e resolver vários quebra-cabeças para alcançar o resultado, mas principalmente para se manter vivo.
Biohazard 2 (Japan) (Disc 1) (Leon-hen)	O jogo se passa dois meses após os acontecimentos de Resident Evil, na cidade de Raccon City, localizada na região centro-oeste dos Estados Unidos. Quase todos os seus cidadãos foram transformados em zumbis por um surto do T-virus, um novo tipo de arma biológica secreta desenvolvida pela empresa farmacêutica Umbrella Corporation. Os protagonistas são Leon S. Kennedy, um policial novato em seu primeiro dia na força local, e Claire Redfield, uma estudante universitária à procura de seu irmão Chris. Tendo acabado de chegar na cidade, os dois partem para o Departamento de Polícia de Raccoon buscando proteção contra a população mutante. No entanto, após um caminhão desgovernado atingir o carro onde estavam, eles são forçados a dividirem-se (é possível escolher jogar como Leon ou Claire).
Biohazard 2 - Dual Shock Ver. (Japan) (Disc 1) (Leon-hen)	O jogo se passa dois meses após os acontecimentos de Resident Evil, na cidade de Raccon City, localizada na região centro-oeste dos Estados Unidos. Quase todos os seus cidadãos foram transformados em zumbis por um surto do T-virus, um novo tipo de arma biológica secreta desenvolvida pela empresa farmacêutica Umbrella Corporation. Os protagonistas são Leon S. Kennedy, um policial novato em seu primeiro dia na força local, e Claire Redfield, uma estudante universitária à procura de seu irmão Chris. Tendo acabado de chegar na cidade, os dois partem para o Departamento de Polícia de Raccoon buscando proteção contra a população mutante. No entanto, após um caminhão desgovernado atingir o carro onde estavam, eles são forçados a dividirem-se (é possível escolher jogar como Leon ou Claire).
Biohazard 3 - Last Escape (Japan)	Resident Evil 3: Nemesis acontece durante os eventos de Resident Evil 2. Você joga desta vez, Jill Valentine, e tem que escapar vivo de Raccoon City, devastado por zumbis. Nêmesis, o monstro exterminador dos últimos sobreviventes está em seus calcanhares.
Black Bass with Blue Marlin (USA)	BLACK BASS COM BLUE MARLIN traz as alegrias do lago e do mar para o PlayStation. Graças à ampla gama de ângulos de câmera, você não perderá um segundo da ação. Para quem quer um clima de arcade, escolha a câmera subaquática e assista à luta dos peixes; A visão sobre a água proporciona uma experiência de simulação onde o peixe é desconhecido até ser introduzido. Não se preocupe, enrolar o peixe não será um problema, pois há muitos lugares para lançar a linha.
Blast Chamber (USA)	Blast Chamber é um videogame de 1996lançado no PC (apenas demo), Sony PlayStation e Sega Saturn . Foi chamado o primeiro jogo de quatro jogadores não esportivos para o PlayStation e Saturn.
Blaze & Blade - Eternal Quest (Europe)	Os aventureiros encontram durante suas viagens uma litografia antiga, supostamente muito valiosa, e desejam verificar a autenticidade deste artefato. Para fazer isso, os aventureiros mergulham em mais masmorras para coletar joias mágicas que, segundo a lenda, cabem na inserção da litografia. Diz-se que a litografia unida a essas gemas mágicas confere grande poder aos manejadores deste artefato, e se os aventureiros receberem grande poder devido à reunião desses tesouros, isso servirá como prova para eles de que encontraram o lendário artefato da tradição.
Blazing Dragons (USA)	Você interpreta o papel de Flicker, um jovem dragão que está sempre inventando coisas novas para facilitar sua vida. Como um dos dragões mais inteligentes de uma terra chamada Camelhot, Flicker se apaixonou profundamente pela filha do rei All Fire, a linda princesa Flame. Como King All Fire está se aposentando em breve, a chance de Flicker de cortejar a Princesa Flame é agora. O rei está realizando um torneio de grande magnitude, e o vencedor se tornará rei de Camelhot e pegará a mão da princesa Flame em casamento. Nesta aventura de apontar e clicar, você liderará o Flicker no torneio, lutando contra dragões rivais e completando vários mini-jogos.
Blood Omen - Legacy of Kain (USA)	Blood Omen é um jogo de cima para baixo onde o jogador controla o vampiro Kain. Como vampiro, Kain é capaz de resistir à luz solar, mas é prejudicado pela água. No entanto, ele é capaz de obter várias habilidades e feitiços amaldiçoados, como ser capaz de se transformar em morcego, lobo e até mesmo em uma névoa de nuvem, respectivamente, além de aprender a habilidade de se disfarçar de criaturas de mente mais fraca. Kain também tem fixação por assassinato e é mestre em diversas maneiras de matar e destruir seus oponentes. À medida que os inimigos são mortos à sua frente, Kain pode beber o sangue deles para restaurar sua saúde, que está sempre escorrendo, representativa de seu desejo insaciável. Para ajudar no massacre de seus inimigos, Kain pode equipar diferentes armas e armaduras, cada uma com suas propriedades únicas.
Bloody Roar (USA)	Bloody Roar coloca oito lutadores com &quot;Espíritos Animais&quot; para lutar entre si. Não apenas vença seus oponentes; esmague-os contra o chão usando combo atrás de combo ou transformando no &quot;Espírito Animal&quot; de seu personagem, que pode ser um coelho matador, gorila, raposa ou outro animal. Veja o momento da vitória com replays instantâneos que mostram o exato golpe que finalizou seu oponente. Cada lutador que faz parte da competição possui seus próprios motivos, e você pode jogar com cada um destes personagens para aprender suas razões. Com toda a ação de BLODDY ROAR, o animal dentro de você será liberado.
Bloody Roar - Hyper Beast Duel (Europe)	Bloody Roar coloca oito lutadores com &quot;Espíritos Animais&quot; para lutar entre si. Não apenas vença seus oponentes; esmague-os contra o chão usando combo atrás de combo ou transformando no &quot;Espírito Animal&quot; de seu personagem, que pode ser um coelho matador, gorila, raposa ou outro animal. Veja o momento da vitória com replays instantâneos que mostram o exato golpe que finalizou seu oponente. Cada lutador que faz parte da competição possui seus próprios motivos, e você pode jogar com cada um destes personagens para aprender suas razões. Com toda a ação de BLODDY ROAR, o animal dentro de você será liberado.
Bloody Roar 2 - Bringer of the New Age (Europe)	Batalhe e transforme-se no híbrido humano-animal neste jogo clássico de luta em 3D! Bote suas habilidades a teste e lute para atingir o topo! O &quot;quê&quot; da série Bloody Roar é a capacidade de seus combatentes se transformarem em versões animalescas de si -- Híbridos humano-animal com sangue de violência. Durante cada round você pode lutar como uma pessoa que se transforma em uma besta quando a barra estiver cheia. Na forma animal, você terá mais movimentos a sua disposição para destruir seu oponente.
Bloody Roar II (USA)	Batalhe e transforme-se no híbrido humano-animal neste jogo clássico de luta em 3D! Bote suas habilidades a teste e lute para atingir o topo! O &quot;quê&quot; da série Bloody Roar é a capacidade de seus combatentes se transformarem em versões animalescas de si -- Híbridos humano-animal com sangue de violência. Durante cada round você pode lutar como uma pessoa que se transforma em uma besta quando a barra estiver cheia. Na forma animal, você terá mais movimentos a sua disposição para destruir seu oponente.
Bokujou Monogatari - Harvest Moon (Japan)	No jogo você pode criar animais, alimentá-los, fazer com que procriem, cuidar de suas doenças, deixá-los contentes e até mesmo deixá-los morrer; Cultivar vários tipos de vegetais, legumes e frutas, regá-los, colhê-los, vendê-los, dá-los de presente, cozinhá-los, etc.; Interagir com pessoas na cidade, indo à igreja se confessar, procurar uma namorada, casar-se, ter filho, participar de festivais locais, pescar, apostar ou correr em corridas de cavalo, competições de natação, festivais para mostrar seus animais ou suas produções, etc. O jogo te oferece 3 anos para que você cuide bem da fazenda e a faça prosperar. Caso não consiga, você a perderá. Por isso, arregace as mangas, enxugue o suor, e dê duro no trabalho. Existem duas versões de Harvest Moon Back to the Nature, que são as versões feminina e masculina.
Bomberman Fantasy Race (USA)	Se você está procurando por ação de corrida divertida, não procure mais: Bomberman Fantasy Race! Competição extremamente rápida, pistas infestadas de obstáculos e, claro, bombas! É um jogo de corrida de batalha como você viu. Características: * Corrida de animais malucos! Corra em cima de 10 animais diferentes em 7 cursos de fantasia exclusivos. Use técnicas especiais, como salto triangular, arremesso de bomba e catapulta para ficar à frente da concorrência! * Ação intensa para 2 jogadores! Competir contra seus amigos no modo de tela dividida para provar quem é o nº 1! O melhor de tudo é que limpe seu cofrinho com o sistema de apostas exclusivo! * Mais de 15 power-ups malucos! Empunhe mais de 15 armas malucas, incluindo bombas de foguetes, bombas de energia, escudos e roupas de energia. Desencadeie ataques de longo alcance utilizando o medidor de arremesso exclusivo!
Bomberman Land (Japan)	Bomberman é uma franquia estratégica de computador e videogame baseada em labirinto, desenvolvida originalmente pela Hudson Soft. O jogo original foi publicado em 1983 e novos jogos da série ainda estão sendo publicados até hoje. Bomberman Land é o primeiro jogo da série Bomberman Land, em comemoração aos 15 anos da franquia Bomberman. O objetivo do jogo é coletar 125 peças do B-CARD obtidas nas aventuras dentro do parque temático Bomberman Land.
Bomberman Wars (Japan, Asia)	Bomberman Wars explora seu sistema de jogo baseado em turnos, inspirado na série Shining Force. Ele contém dois modos de jogo básicos. O primeiro modo é o Story Mode, onde os jogadores assumem o papel de King Bomberman e progridem através dos níveis do jogo para combater as forças do Dark Bomber. Novos personagens com habilidades e poderes adicionais se juntam aos jogadores conforme eles progridem no jogo.O segundo modo é o modo “Batalha”, onde dois jogadores competem entre si ou um jogador contra um oponente gerenciado pelo computador. Bomberman Wars inclui 25 níveis com um sistema de 5 estágios para cada nível. Existem também níveis ocultos ou especiais. Os níveis são feitos em três dimensões e incluem objetos específicos da série, como bombas ou bônus que permitem ganhar velocidade de movimento.
Bomberman World (USA)	Muitos jogos reivindicam isso, mas poucos realmente merecem o manto de 'Clássico', mas para muitos, Bomberman foi um dos melhores jogos multijogador de todos os tempos devido à sua energia frenética e simplicidade básica - basta explodir seu oponente antes que ele possa pegue você! O jogo apresenta não menos do que doze estágios multijogador com três modos de jogo de batalha: single match, Tag Team e modo Maniac. Outros modos incluem Normal (história para um jogador) e modo de desafio, mas os verdadeiros fanáticos do Bomberman sem dúvida estiveram esperando para jogar o modo de cinco jogadores.
BoomBots (USA)	Salve o mundo neste hilariante jogo de combate baseado em arena. Junte-se a Boomer e seus amigos enquanto eles tentam libertar os gatos da Terra dos Alienígenas Felinos. Lute até que seus parafusos saiam, usando armas de projétil, combate corpo a corpo e movimentos de agarrar. Ou colete bolas de energia para atingir o modo mongo todo-poderoso e rapidamente transforme os malvados Boombots em sucata. Os gatos do mundo contam com você. O enredo hilário mantém você rindo, ataque seu oponente de qualquer lugar na liberdade, arenas de combate, lute como qualquer um dos 15 personagens em 15 arenas, cada uma com características únicas, use armas de projétil, combate corpo a corpo, movimentos de agarrar e o modo mongo em mais de 12 diferentes combinações simples de operar para destruir a competição.
Boucliers de Quetzalcoatl, Les - Les Chevaliers de Baphomet II (France)	Siga a história de tirar o fôlego de George Stobbard enquanto ele viaja o mundo tentando resgatar Nico, sua namorada, uma repórter investigativa. A aventura deles os leva não apenas ao centro de uma implacável organização criminosa da América Central, mas também ao poder arcano da antiga civilização Maia.
Boundary Gate - Daughter of Kingdom (Japan)	Há muito tempo, a Primeira Mãe criou o mundo e abençoou-o com cinco símbolos mágicos que o manteriam em equilíbrio. Os símbolos estavam escondidos no fundo de um templo sagrado, protegendo tudo e todos à sua volta. Muitos anos depois, um aventureiro chamado Finn estava à procura de trabalho na cidade de Ambrose. Havia muito trabalho a fazer: os monstros andavam a vaguear pela terra e a ameaça de guerra era mais real do que nunca. Uma noite, Finn estava a passear pela cidade quando, de repente, viu uma rapariga a ser atacada por um monstro. Naturalmente, ele derrotou o monstro e salvou a rapariga, que se revelou ser uma princesa que desejava restaurar o reino do seu pai. Os dois decidem trabalhar juntos e aventuram-se na cidade vizinha, que está em ruínas, invadida por monstros...
Bowling (USA)	O boliche oferece boliche simples para até quatro jogadores alternados. Existem também jogos de missão que envolvem a organização de diferentes combinações de 3 pinos em sequência. Uma nova variante de boliche com 45 pinos e três maneiras de limpar a pista também está incluída. Uma simulação do clássico de mesmo nome. Como o nome sugere, este é um jogo simples, mas ainda conta com três modos (Normal, Especial e Quest) e opções multiplayer. (1-4 jogadores, com jogadores de computador, se desejar.)
Breath of Fire III (USA)	O jogo começa em uma mina de chrys, localizada em um lugar remoto do mundo onde o mineral raro e poderoso é extraído a partir de restos fossilizados de dragões. Quando os mineradores decidem explodir uma grande pedra de chrys utilizando dinamites, um bebê dragão preservado, porém desgastado e confuso pelos séculos de hibernação emerge rapidamente e ataca os mineiros que entram em pânico, até ser nocauteado e colocado a bordo de um trem para ser levado e ser estudado. Na saída da mina, o dragão se lança com sua gaiola para fora do trem, descendo pela colina e cai nos arredores de uma grande floresta, onde se transforma em um menino antes de voltar a perder a consciência. Algum tempo depois, ele é encontrado por Rei, um ladrão, membro da tribo Woren dos homens-tigres e por um órfão que o acompanhava e acredita que eles estão lidando com apenas mais uma criança abandonada.
Broken Sword - La Leyenda de los Templarios (Spain)	George Stobbart é um turista americano que passa as férias de outono em Paris. Ele escapa por pouco de um atentado a bomba em um café e decide investigar as pistas deixadas pelo assassino. Isso eventualmente o leva a um mistério que remonta à lenda dos Cavaleiros Templários. Circle of Blood é a primeira parte da série Broken Sword. É um jogo de aventura de apontar e clicar em terceira pessoa com resolução de quebra-cabeças e gráficos 2D semelhantes a desenhos animados. O jogador movimenta o personagem com o mouse, examina o ambiente, conversa com outras pessoas e coleta itens armazenados em um inventário. Esses itens precisam ser usados ou combinados com outros itens para resolver quebra-cabeças. George recebe ajuda de Nicole Collard, uma jornalista francesa. A história é dividida em onze capítulos e se passa em locais como Paris, Irlanda, Síria e outros.
Broken Sword - The Shadow of the Templars (USA)	George Stobbart é um turista americano que passa as férias de outono em Paris. Ele escapa por pouco de um atentado a bomba em um café e decide investigar as pistas deixadas pelo assassino. Isso eventualmente o leva a um mistério que remonta à lenda dos Cavaleiros Templários. Circle of Blood é a primeira parte da série Broken Sword. É um jogo de aventura de apontar e clicar em terceira pessoa com resolução de quebra-cabeças e gráficos 2D semelhantes a desenhos animados. O jogador movimenta o personagem com o mouse, examina o ambiente, conversa com outras pessoas e coleta itens armazenados em um inventário. Esses itens precisam ser usados ou combinados com outros itens para resolver quebra-cabeças. George recebe ajuda de Nicole Collard, uma jornalista francesa. A história é dividida em onze capítulos e se passa em locais como Paris, Irlanda, Síria e outros.
Broken Sword II - La Profezia dei Maya (Italy)	Siga a história de tirar o fôlego de George Stobbard enquanto ele viaja o mundo tentando resgatar Nico, sua namorada, uma repórter investigativa. A aventura deles os leva não apenas ao centro de uma implacável organização criminosa da América Central, mas também ao poder arcano da antiga civilização Maia.
Broken Sword II - Las Fuerzas del Mal (Spain)	Siga a história de tirar o fôlego de George Stobbard enquanto ele viaja o mundo tentando resgatar Nico, sua namorada, uma repórter investigativa. A aventura deles os leva não apenas ao centro de uma implacável organização criminosa da América Central, mas também ao poder arcano da antiga civilização Maia.
Broken Sword II - The Smoking Mirror (USA)	Siga a história de tirar o fôlego de George Stobbard enquanto ele viaja o mundo tentando resgatar Nico, sua namorada, uma repórter investigativa. A aventura deles os leva não apenas ao centro de uma implacável organização criminosa da América Central, mas também ao poder arcano da antiga civilização Maia.
Bubsy 3D - Furbitten Planet (USA)	Bubsy 3D: Furbitten Planet, também conhecido simplesmente como Bubsy 3D, é um videogame de plataforma desenvolvido pela Eidetic e publicado pela Accolade e Telstar para o console de videogame PlayStation. Projetado por Michael Berlyn, foi lançado em 13 de outubro de 1996 na América do Norte e em agosto de 1997 na Europa. É o quarto e último jogo da série Bubsy, estrelado por seu protagonista homônimo. É um dos primeiros jogos de plataforma 3D, embora com movimentos limitados. O nome completo do jogo é uma paródia de Forbidden Planet, um filme de ficção científica de 1956. Uma versão para Sega Saturn foi planejada, mas foi cancelada. O jogo foi muito mal recebido e considerado um dos piores jogos de todos os tempos pela GameTrailers, IGN, GamesRadar e pelo humorista Seanbaby. Muitos dos principais elementos do jogo receberam críticas; foi criticado por seus gráficos, seus controles e pela personalidade de Bubsy, esta última que a IGN sentiu ter sido arruinada pelos jogos anteriores de Bubsy. Ele detém uma pontuação agregada de 50,90% no Game Rankings com base em cinco avaliações. Berlyn atribui sua baixa qualidade ao lançamento coincidindo com Super Mario 64, que ele considerou muito superior; no entanto, devido ao desenvolvimento estar quase concluído e à Accolade querer que ele fosse lançado, não houve tempo para melhorá-lo.
Bugs Bunny - Lost in Time (USA) (En,Fr,Es)	Bugs Bunny Lost In Time é um jogo de plataforma lançado para Playstation. Jogue como o coelho mais insolente do mundo em uma aventura através do tempo. Cinco épocas estão disponíveis, desde a Idade da Pedra até os confins do futuro.
Bundesliga 2000 - Der Fussball-Manager (Germany)	O jogo de gerenciamento desportivo The F.A. Premier League Football Manager 2000 no Playstation transforma você num treindaor de uma equipa de futebol. Escolha a sua formação entre as 4 divisões do campeonato inglês e leve os seus homens à vitória. Você será o único tomador de decisões em todos os aspectos do clube e evoluirá entre equipas liçenciadas e jogadores de futebol liçenciados graças à licença oficial obtida pelo jogo.
Bundesliga Stars 2000 (Germany)	Premier League Stars é um jogo de futebol da EA lançado alguns meses antes do FIFA 2000. Os dois jogos são bastante semelhantes, mas Stars é um pouco mais rápido e ativo do que FIFA, que é mais realista. Enquanto a FIFA oferece várias ligas, a Stars se concentra na Premier League inglesa e é totalmente licenciada com todos os clubes, kits, estádios e jogadores reais. A característica mais original do Stars é que ele usa o conceito de estrelas, o que significa que você coleta estrelas vencendo partidas, marcando gols, etc. As estrelas podem ser usadas para melhorar os jogadores em diferentes habilidades, como passes, chutes e desarmes.
Bushido Blade (USA)	Bushido Blade é um jogo desenvolvido pela Light Weight e publicado pela Square e pela Sony Computer Entertainment para a PlayStation. O jogo apresenta combate armado de um contra um. Seu nome refere-se ao código de honra do guerreiro japonês Bushid?. A jogabilidade Bushido Blade é variável conforme o tipo de arma que se está carregando de espadas curtas até grandes lanças, não existe barra de vida sendo um unico golpe certeiro para matar o oponente
Bushido Blade 2 (USA)	Bushido Blade 2 é um jogo desenvolvido pela Light Weight e publicado pela Square e pela Sony Computer Entertainment para a PlayStation, lançado no Japão e na América do Norte em 1998. O jogo apresenta combate armado de um contra um. Seu nome refere-se ao código de honra do guerreiro japonês Bushid?. A jogabilidade Bushido Blade 2 é variável conforme o tipo de arma que se está carregando de espadas curtas até grandes lanças (2 personagem podem usar armas de fogo), não existe barra de vida sendo um único golpe certeiro para matar o oponente.
Bust-A-Move 4 (USA)	Puzzle Bobble 4 (também conhecido como Bust-a-Move 4 na América do Norte e Europa) é a terceira sequência do videogame Puzzle Bobble e é a aparição final da série no Arcade, PlayStation e Dreamcast. O jogo também é o título final por ser reconhecidamente semelhante em apresentação ao original. Com base no sucesso de Puzzle Bobble 3, o jogo adiciona um sistema de polia que requer dois conjuntos de bolhas, presos a cada lado de uma corda pendurada em duas polias. O jogo contém um modo de história para um jogador.
Capcom vs. SNK - Millennium Fight 2000 Pro (Europe)	Capcom vs. SNK Pro é o desafio do milênio, com duas empresas monstruosas em guerra, apenas uma solução. Um grande evento de artes marciais organizado para acertar as contas e eliminar todos os conflitos entre as duas partes. Muitos dos guerreiros mais famosos do mundo se juntaram e o público está ficando louco de expectativa. Junte-se a mais de 30 lutadores do lendário Street Fighter da Capcom e da série King of Fighters da SNK, mundialmente renomada, enquanto lutam pelo domínio universal. Capcom vs. SNK Pro é a colisão definitiva de força e poder.
Capcom vs. SNK Pro (USA)	Capcom vs. SNK Pro é o desafio do milênio, com duas empresas monstruosas em guerra, apenas uma solução. Um grande evento de artes marciais organizado para acertar as contas e eliminar todos os conflitos entre as duas partes. Muitos dos guerreiros mais famosos do mundo se juntaram e o público está ficando louco de expectativa. Junte-se a mais de 30 lutadores do lendário Street Fighter da Capcom e da série King of Fighters da SNK, mundialmente renomada, enquanto lutam pelo domínio universal. Capcom vs. SNK Pro é a colisão definitiva de força e poder.
Captain Tsubasa J - Get in the Tomorrow (Japan)	Parece mais um jogo da série FIFA do que um RPG. O jogador pode praticar as técnicas favoritas dos personagens e realizar os golpes poderosos específicos da série assim como no anime... Tem dois modos: um modo de partido amistoso e um modo história que segue a trama do anime real.
Cardinal Syn (USA)	Por décadas, os clãs de Bloodland estiveram presos em uma guerra sem fim; então o Andarilho chegou com o Livro do Conhecimento. Ele dividiu o livro e deu um pedaço a cada clã, esperando que os clãs passassem a confiar no conhecimento recém-adquirido um do outro. O Andarilho partiu e os clãs, na esperança de remontar o livro, voltaram aos seus velhos hábitos. Foi quando Syn apareceu. Ela transformou os pedaços do livro em armas e organizou um torneio dos guerreiros dos clãs. Quem vencer o torneio controlará o Livro do Conhecimento e se tornará o governante de Bloodland. Escolha um dos 20 personagens, cada um com combos e armas únicos, e lute pelo torneio. Se o torneio for demais para você, pratique seus movimentos ou lute nos modos Survival ou Team Battle. Você tem o que é preciso para se tornar o governante de Bloodland? Um sangrento jogo de luta um contra um, ambientado em uma série de ambientes de roaming semi-livres.
Castlevania - Symphony of the Night (USA)	Quatro anos após a batalha entre Richter Belmont e Dracula, a escuridão reaparece. O fantasma do sacerdote das trevas Shaft, morto por Richter uma vez, ressurge com um novo plano de ressuscitar seu mestre. Ele lança um feitiço em Richter, fazendo-o ficar sob seu domínio. Todos estes fatos fazem com que Alucard acorde de seu sono ? o mesmo Alucard que se uniu a Trevor Belmont 300 anos antes em Dracula's Curse. Agora Shaft deve ser impedido por Alucard para que a humanidade seja salva. Durante a jornada de Alucard no castelo, ele encontra Maria, uma grande amiga de Richter, várias vezes. Eles se ajudam e descobrem a origem do mal de Richter.
Castrol Honda VTR (Europe) (En,Fr,De,It)	A única forma de experimentar a mais recente tecnologia de corridas de Superbike é jogar Castrol Honda VTR, que lhe dá o controlo das equipas Castrol Honda World Superbike VTR 1000. São quase 1.000 ccs de potência para competir numa série de torneios que abrangem 22 pistas internacionais. O jogo apresenta-te a nova VTR 1000 SP-1 e o novo uniforme da equipa Castrol Honda World Superbike. Terás de competir contra 23 adversários para te tornares o novo Campeão do Mundo Castrol Honda.
Chaos Break (Europe) (En,Fr,De,It)	O Chaos Break é um shooter de terceira pessoa com tons de horror survival como no Resident Evil. Jogam como Mitsuki e Rick, dois agentes enviados para um laboratório numa ilha remota para descobrir a causa de uma reacção térmica anormal. Uma vez no laboratório, deve sobreviver aos extra-terrestres e ao seu próprio sistema de autodefesa ...
Checkmate (Europe)	Checkmate é um jogo de xadrez com os seguintes recursos: * Software de xadrez para um ou dois jogadores que certamente melhorará seu jogo * Dezenas de opções diferentes no jogo, configurações de dificuldade * Modo tutorial fácil de usar e uma variedade de guias visuais * Check Mate é o jogo perfeito para iniciantes até especialistas em xadrez
Chevaliers de Baphomet, Les (France)	George Stobbart é um turista americano que passa as férias de outono em Paris. Ele escapa por pouco de um atentado a bomba em um café e decide investigar as pistas deixadas pelo assassino. Isso eventualmente o leva a um mistério que remonta à lenda dos Cavaleiros Templários. Circle of Blood é a primeira parte da série Broken Sword. É um jogo de aventura de apontar e clicar em terceira pessoa com resolução de quebra-cabeças e gráficos 2D semelhantes a desenhos animados. O jogador movimenta o personagem com o mouse, examina o ambiente, conversa com outras pessoas e coleta itens armazenados em um inventário. Esses itens precisam ser usados ou combinados com outros itens para resolver quebra-cabeças. George recebe ajuda de Nicole Collard, uma jornalista francesa. A história é dividida em onze capítulos e se passa em locais como Paris, Irlanda, Síria e outros.
Choro Q Jet - Rainbow Wings (Japan)	Choro Q Jet Rainbow Wings é um turno na série Choro Q, já que desta vez o jogo não é sobre dirigir carros, já que este jogo é um jogo de tiro em 3D que é dividido em diferentes missões. Para completar as missões você tem que destruir os objetivos e depois de destruir todos eles você enfrentará o fim do inimigo de nível. A jogabilidade semelhante ao Starfox 64. O jogo apresenta personagens diferentes para escolher e gráficos de desenhos animados em 3D.
Choro Q Marine - Q-Boat (Japan)	Choro Q Marine Q-boat é um jogo de corrida que com um barco. Como o anterior - que o TAKARA desenvolveu (série Choro Q) - podemos obter muitos barcos aqui, até mesmo o navio do Titanic neste jogo, há muitos peixes que podemos obter também.
Chrono Cross (USA, Canada) (Disc 1)	O Chrono Cross é uma &quot;sequência espiritual&quot; do Chrono Trigger. O personagem principal é Serge, um jovem rapaz de uma aldeia de pescadores. Um dia, enquanto passeia na costa do mar com sua namorada, Serge desaparece de repente, ele volta aos sentidos vários minutos depois. Tudo parece igual ao que era antes, mas quando Serge visita sua aldeia natal, ninguém o reconhece, ele ouve das pessoas que ele está morto há dez anos. Serge começa a perceber que ele está agora em um mundo paralelo. Seu primeiro e único desejo é encontrar uma maneira de voltar para casa, mas, para isso, ele precisa entender o que causou a existência de mundos paralelos, permitindo viagens interdimensionais. Sua busca também lhe revelará a verdade sobre sua própria existência, e conectará a trama aparentemente não relacionada da Crono Cross com a de Chrono Trigger. Chrono Cross é um RPG japonês com batalhas baseadas em turnos. Não há batalhas aleatórias; inimigos são sempre visíveis na tela. Também não há níveis de personagem no jogo; em vez disso, os personagens obtêm melhores estatísticas diretamente após cada batalha. Durante as batalhas, Serge e seus membros do partido podem realizar três tipos de ataques: fraco, médio e forte. Ataques fortes tendem a falhar mais frequentemente. Feitiços mágicos são equipados por cada personagem como itens, e podem ser lançados apenas quantas vezes forem equipados. Ações em batalha esgotam uma certa quantidade de resistência, que se recupera à medida que outros personagens agem. Chrono Cross apresenta muitos personagens recrutáveis (até 40, mas nem todos eles podem ser recrutados em um play-through), vários finais diferentes e a capacidade de jogar o jogo novamente com as mesmas estatísticas e itens do jogo anterior.
Chrono Trigger (Japan)	Um dia despreocupado na Feira do Milénio irá transformar-se numa busca épica pelo jovem Crono. Será impulsionado na derradeira viagem pelo tempo e espaço, encontrará novos amigos, derrotará as forças do mal e encontrará aquele que quer destruir o fluxo do tempo. Chrono Trigger é um jogo de role-playing, com a mecânica de jogabilidade habitual. À medida que as personagens ganham poder, não só os seus valores de capacidade aumentam, como também aprendem novas &quot;técnicas&quot;. O jogo utiliza o sistema de combate ATB (Active Time Battle) do jogo Final Fantasy. Não há batalhas aleatórias no jogo, uma vez que todos os inimigos são visíveis no ecrã, e é mesmo possível contorná-los por completo. O jogo permite-lhe enfrentar o seu adversário final em alturas diferentes, resultando em vários finais diferentes.
Civilization II (USA)	Reescreva a história com a Civilização II enquanto conduz o seu povo para a terra prometida da paz e harmonia com as culturas vizinhas. Começa a Civilização II como líder de uma pequena tribo, vivendo uma existência de subsistência numa época em que os fogos de madeira são considerados de alta tecnologia. Usando as suas capacidades de liderança e estratégia, deve explorar o seu mundo, expandir o seu império e assegurar a sobrevivência do seu modo de vida no que pode ser um mundo de afluência. À medida que o tempo passa e o seu sucesso cresce, irá formar novas alianças, fazer novos inimigos, descobrir novas tecnologias e novos sistemas de governo. Golos nobres que por vezes o levarão a jogar duro, trapaça e traição, mas é para o bem maior.
Click Manga (Japan) (Demo)	Click Manga - Dynamic Robot Taisen 1 é dividido em 7 capítulos. A jogabilidade é que você tem que resolver alguns quebra-cabeças ou clicar com o ponteiro em uma cena de quadrinhos para avançar para a próxima cena. O jogo começa com a chegada do UFO Robot Grendizer ao Eart sendo perseguido por outros robôs alienígenas
Click Manga - Dynamic Robot Taisen 1 - Shutsugeki! Kyoui no Robot Gundan!! (Japan)	Click Manga - Dynamic Robot Taisen 1 é dividido em 7 capítulos. A jogabilidade é que você tem que resolver alguns quebra-cabeças ou clicar com o ponteiro em uma cena de quadrinhos para avançar para a próxima cena. O jogo começa com a chegada do UFO Robot Grendizer ao Eart sendo perseguido por outros robôs alienígenas
Cochons de Guerre, Les (France)	O jogador assume o controle dos porcos em uniforme de soldado, que são equipados com uma variedade de armas. Em cada rodada os soldados podem ser movidos e disparar um tiro. O objetivo é acabar com todos os soldados inimigos. Além disso, é possível completar tarefas adicionais, pelas quais o jogador recebe medalhas. Com essas medalhas os soldados do jogador podem ser promovidos, o que melhora suas habilidades. As missões estão se tornando cada vez mais difíceis e o jogador pode esperar adversários promovidos e, portanto, mais fortes. As áreas jogáveis ​​variam de montanhas cobertas de neve a paisagens desérticas quentes. Em algumas áreas o jogador pode usar o ambiente empurrando / empurrando / batendo / atirando em jogadores inimigos em rios ou campos minados (embora o jogador humano possa compartilhar esse destino também).
Colin McRae - The Rally (Japan)	Colin McRae Rally é um jogo de corridas que a Codemasters lançou na Playstation, incluiu uma coleção de cinquenta e duas pistas distribuídas por cinco países, incluindo a Grécia, Reino Unido, Suécia e Austrália. Se as pistas não são o seu forte e a cidade o aborrece, então vai adorar as pistas de rali neste jogo patrocinado pelo famoso campeão Colin McRae. O jogo oferece vários modos de jogo, incluindo Campeonato, Rally, Time Trial, Rally School e um modo para dois jogadores.
Colin McRae - The Rally 02 (Japan)	Colin McRae Rally 2.0 é um jogo de corridas onde pode-se dirigir 13 veículos (incluindo o ford Focus, Subaru Impreza, e Peugeot 205 Turbo) em 8 países e 80 etapas.Entre as novidades encontramos 3 novos países: Quênia, Finlândia e Itália, um novo modo de jogo Super Special. Aceite os desafios oferecidos para receber novos e mais difíceis desafios e termine com o modo especialista. Sozinho ou com até 5 jogadores em simultâneo, afine as suas trajectórias para conseguir o melhor tempo.
Colin McRae Rally (USA)	Colin McRae Rally é um jogo de corridas que a Codemasters lançou na Playstation, incluiu uma coleção de cinquenta e duas pistas distribuídas por cinco países, incluindo a Grécia, Reino Unido, Suécia e Austrália. Se as pistas não são o seu forte e a cidade o aborrece, então vai adorar as pistas de rali neste jogo patrocinado pelo famoso campeão Colin McRae. O jogo oferece vários modos de jogo, incluindo Campeonato, Rally, Time Trial, Rally School e um modo para dois jogadores.
Colin McRae Rally 2.0 (USA) (En,Fr,Es)	Colin McRae Rally 2.0 é um jogo de corridas onde pode-se dirigir 13 veículos (incluindo o ford Focus, Subaru Impreza, e Peugeot 205 Turbo) em 8 países e 80 etapas.Entre as novidades encontramos 3 novos países: Quênia, Finlândia e Itália, um novo modo de jogo Super Special. Aceite os desafios oferecidos para receber novos e mais difíceis desafios e termine com o modo especialista. Sozinho ou com até 5 jogadores em simultâneo, afine as suas trajectórias para conseguir o melhor tempo.
Command & Conquer (USA) (Disc 1) (GDI)	A Command & Conquer desenvolveu ideias do Westwood Dune 2 anterior, formando um jogo de estratégia em tempo real que influenciou muitos. O sistema de controle, que consiste em selecionar as unidades com o mouse e depois direcioná-las, é semelhante ao de títulos futuros como Aniquilação Total. O jogo gira em torno de uma guerra entre duas organizações, The Brotherhood of Nod e a Global Defense Initiative. Você pode assumir o controle de qualquer um dos lados por mais de 15 missões. Ambos têm unidades e estruturas diferentes, incluindo artilharia, tanques e infantaria leve. Na maioria das missões, você deve primeiro construir uma base para construir novas unidades e estruturas. O mais importante são as ceifeiras-debulhadoras especiais, que recolhem o tiberium e o levam a uma refinaria, onde é convertido em dinheiro, dinheiro que é necessário para criar unidades adicionais. O jogo também apresenta briefings de missão FMV e cenas de vitória.
Command & Conquer - Teil 1 - Der Tiberiumkonflikt (Germany) (Disc 1) (GDI)	A Command & Conquer desenvolveu ideias do Westwood Dune 2 anterior, formando um jogo de estratégia em tempo real que influenciou muitos. O sistema de controle, que consiste em selecionar as unidades com o mouse e depois direcioná-las, é semelhante ao de títulos futuros como Aniquilação Total. O jogo gira em torno de uma guerra entre duas organizações, The Brotherhood of Nod e a Global Defense Initiative. Você pode assumir o controle de qualquer um dos lados por mais de 15 missões. Ambos têm unidades e estruturas diferentes, incluindo artilharia, tanques e infantaria leve. Na maioria das missões, você deve primeiro construir uma base para construir novas unidades e estruturas. O mais importante são as ceifeiras-debulhadoras especiais, que recolhem o tiberium e o levam a uma refinaria, onde é convertido em dinheiro, dinheiro que é necessário para criar unidades adicionais. O jogo também apresenta briefings de missão FMV e cenas de vitória.
Command & Conquer Complete (Japan) (Disc 1) (GDI)	A Command & Conquer desenvolveu ideias do Westwood Dune 2 anterior, formando um jogo de estratégia em tempo real que influenciou muitos. O sistema de controle, que consiste em selecionar as unidades com o mouse e depois direcioná-las, é semelhante ao de títulos futuros como Aniquilação Total. O jogo gira em torno de uma guerra entre duas organizações, The Brotherhood of Nod e a Global Defense Initiative. Você pode assumir o controle de qualquer um dos lados por mais de 15 missões. Ambos têm unidades e estruturas diferentes, incluindo artilharia, tanques e infantaria leve. Na maioria das missões, você deve primeiro construir uma base para construir novas unidades e estruturas. O mais importante são as ceifeiras-debulhadoras especiais, que recolhem o tiberium e o levam a uma refinaria, onde é convertido em dinheiro, dinheiro que é necessário para criar unidades adicionais. O jogo também apresenta briefings de missão FMV e cenas de vitória.
Constructor (Europe) (En,Fr,De,Es)	Construtor dá ao jogador a chance de administrar uma construtora em um local onde o imóvel está em alta para quem quer desenvolvê-lo primeiro e onde tudo é permitido para se livrar da concorrência. Partindo de um único terreno com sede, uma equipe de construção (composta por um capataz e de um a cinco operários) e um reparador, o jogador deve começar construindo uma marcenaria e fornecer moradia para a base da escala social: vagabundos . A partir daí, aproveitando a sua rápida taxa de reprodução, o jogador pode formar novos trabalhadores, e assim que estiverem disponíveis três cabanas de madeira diferentes, o município permitirá a construção de um pátio de cimento, que por sua vez permitirá a construção de melhores edifícios.
Crash Bandicoot (USA)	Crash Bandicoot o marsupial heroico, ágil e com mutações genéticas precisa salvar sua namorada Tawna. O Antagonista principal é o Doutor Neo Cortex, um cientista maluco que foi ridicularizado pela comunidade científica por suas teorias estranhas(porém quase funcionais) e agora motivado em provar seus contraditores que eles estão errados, busca criar um exército de bestas modificadas geneticamente para conquistar o mundo. O capanga de Cortex, Doutor Nitrus Brio, é o criador do inseguro Evolvo-Ray. O amor de Crash recai sobre Tawna, uma bandicoot refém dos experimentos destes Doutores. Ajude Crash em sua jornada em parceria com o bruxo(shamã) Aku Aku a garimpar máscaras pelas ilhas que garantirão poderes especiais a Crash. Os chefões do jogo incluem Papu Papu, o obeso esquentadinho e chefe da tribo nativa, Ripper Roo, um canguru com demência e unhas dos pés afiadas feito navalhas; Koala Kong, um coala musculoso e burrão; e Pinstripe Potoroo, o guarda-costas armado do Doutor Cortex.
Crash Bandicoot - Warped (USA)	Após o Dr Nitrus Brio e Crash Bandicoot terem destruído a estação de Cortex, um dos pedaços foi parar na Terra. Ele cai em um monumento antigo, libertando uma entidade do mal, uma máscara chamada Uka-Uka (irmão de Aku-Aku) que possui poderes sobrenaturais. Na ilha N. Sanity, os Bandicoots estão cuidando de seus afazeres, mas escutam uma risada maligna. A máscara Aku-Aku se surpreende e chama os Bandicoots para dentro da toca onde moram. Em uma superfície futurística, Uka-Uka, que é a tal máscara maligna, briga com Cortex, que pela causa de sua incompetência, todos os cristais e diamantes se perderam no contínuo espaço-tempo. Mas, há um novo aliado que ajudará Cortex a dominar o mundo, o Dr. N. Tropy. Ele é o criador da superfície cujo nome é Tornado Temporal e mestre do tempo. Em N. Sanity, Aku-Aku diz para nossos heróis que a tal risada era de seu irmão do mal, Uka-Uka. Ele e Cortex querem dominar o mundo usando sua genialidade e maldade juntos. Crash deverá achar os 25 cristais no Tornado Temporal para deter Cortex e Uka-Uka, antes que seja tarde!
Crash Bandicoot 2 - Cortex no Gyakushuu! (Japan, Asia)	Após sua derrota, Dr. Neo Cortex descobre os cristais que mandem o equilíbrio do mundo. Porém, algo está errado: Alguns dos cristais estão faltando. Quando os planetas se alinharem, o fluxo caótico criado pelo evento irá destruir o mundo. Cortex concebe um plano para salvar o mundo, criando o Cortex Vortex. Para ajudá-lo a salvar o mundo ele recruta seu nêmesis, Crash Bandicoot, com o intuito de auxiliá-lo a encontrar os cristais. Controle Crash em viagens a lugares exóticos como uma estação espacial, uma cachoeira, a Antárctica em 34 níveis de corrida, saltos e ação giratória. Avance através de níveis em qualquer ordem que desejar graças ao sistema &quot;hub&quot;. Crash encontrará os cristais? Podemos confiar em Dr. Cortex e seu plano elaborado? Jogue CRASH BANDICOOT 2: Cortex Strikes Back e descubra. Recursos: * 34 níveis com áreas secretas e níveis bônus. * Novos movimentos e combos de ataque * Novos personagens interativos e adversários * Uma variedade de desafios, quebra-cabeças e mini-jogos
Crash Bandicoot 2 - Cortex Strikes Back (USA)	Após sua derrota, Dr. Neo Cortex descobre os cristais que mandem o equilíbrio do mundo. Porém, algo está errado: Alguns dos cristais estão faltando. Quando os planetas se alinharem, o fluxo caótico criado pelo evento irá destruir o mundo. Cortex concebe um plano para salvar o mundo, criando o Cortex Vortex. Para ajudá-lo a salvar o mundo ele recruta seu nêmesis, Crash Bandicoot, com o intuito de auxiliá-lo a encontrar os cristais. Controle Crash em viagens a lugares exóticos como uma estação espacial, uma cachoeira, a Antárctica em 34 níveis de corrida, saltos e ação giratória. Avance através de níveis em qualquer ordem que desejar graças ao sistema &quot;hub&quot;. Crash encontrará os cristais? Podemos confiar em Dr. Cortex e seu plano elaborado? Jogue CRASH BANDICOOT 2: Cortex Strikes Back e descubra. Recursos: * 34 níveis com áreas secretas e níveis bônus. * Novos movimentos e combos de ataque * Novos personagens interativos e adversários * Uma variedade de desafios, quebra-cabeças e mini-jogos
Crash Bandicoot 3 - Buttobi! Sekai Isshuu (Japan, Asia)	Após o Dr Nitrus Brio e Crash Bandicoot terem destruído a estação de Cortex, um dos pedaços foi parar na Terra. Ele cai em um monumento antigo, libertando uma entidade do mal, uma máscara chamada Uka-Uka (irmão de Aku-Aku) que possui poderes sobrenaturais. Na ilha N. Sanity, os Bandicoots estão cuidando de seus afazeres, mas escutam uma risada maligna. A máscara Aku-Aku se surpreende e chama os Bandicoots para dentro da toca onde moram. Em uma superfície futurística, Uka-Uka, que é a tal máscara maligna, briga com Cortex, que pela causa de sua incompetência, todos os cristais e diamantes se perderam no contínuo espaço-tempo. Mas, há um novo aliado que ajudará Cortex a dominar o mundo, o Dr. N. Tropy. Ele é o criador da superfície cujo nome é Tornado Temporal e mestre do tempo. Em N. Sanity, Aku-Aku diz para nossos heróis que a tal risada era de seu irmão do mal, Uka-Uka. Ele e Cortex querem dominar o mundo usando sua genialidade e maldade juntos. Crash deverá achar os 25 cristais no Tornado Temporal para deter Cortex e Uka-Uka, antes que seja tarde!
Crash Bandicoot 3 - Warped (Europe, Australia) (En,Fr,De,Es,It)	Após o Dr Nitrus Brio e Crash Bandicoot terem destruído a estação de Cortex, um dos pedaços foi parar na Terra. Ele cai em um monumento antigo, libertando uma entidade do mal, uma máscara chamada Uka-Uka (irmão de Aku-Aku) que possui poderes sobrenaturais. Na ilha N. Sanity, os Bandicoots estão cuidando de seus afazeres, mas escutam uma risada maligna. A máscara Aku-Aku se surpreende e chama os Bandicoots para dentro da toca onde moram. Em uma superfície futurística, Uka-Uka, que é a tal máscara maligna, briga com Cortex, que pela causa de sua incompetência, todos os cristais e diamantes se perderam no contínuo espaço-tempo. Mas, há um novo aliado que ajudará Cortex a dominar o mundo, o Dr. N. Tropy. Ele é o criador da superfície cujo nome é Tornado Temporal e mestre do tempo. Em N. Sanity, Aku-Aku diz para nossos heróis que a tal risada era de seu irmão do mal, Uka-Uka. Ele e Cortex querem dominar o mundo usando sua genialidade e maldade juntos. Crash deverá achar os 25 cristais no Tornado Temporal para deter Cortex e Uka-Uka, antes que seja tarde!
Crash Bandicoot Carnival (Japan, Asia)	Crash Bash é um jogo do mundo de Crash Bandicoot. Multiplayer orientado, o jogo permite que quatro amigos para competir simultaneamente. Trata-se de escolher o seu avatar entre os oito personagens disponíveis, participando em um dos sete mini-jogos disponíveis, cada um disponível em quatro versões diferentes.
Crash Bandicoot Racing (Japan, Asia)	O famoso marsupial laranja retorna para o quarto e final jogo no PlayStation, desta vez entre rodas de kart. Crash se junta a sua amada Coco, o malvado Cortex e uma combinação de amigos animais e chefões malvados de jogos anteriores, cada um com seus atributos de velocidade, aceleração e manobrabilidade. Os Cinco modos de jogo incluem Aventura, Time Trial e Batalha. O modo Aventura(principal do jogo) envolve a tentativa de derrotar o alienígena chamado Nitrous Oxide em um torneio com 16 corridas. Os jogadores começam a aventura tropical escolhendo entre um dos oito personagens: Crash Bandicoot, Dr. Neo Cortex, Coco Bandicoot, Dr. N. Gin, Pura, Polar e Dingodile. Adicionalmente a aceleração e frenagem, os karts podem executar uma gama de técnicas para fazer a corrida mais competitiva para jogadores habilidosos. Power-sildes podem ser utilizados para curvas forçadas, e os jogadores podem maximizar a velocidade de seus veículos ao passar por cima de dez peças de frutas. As pistas também possuem diversas rampas para propelir os karts pelos ares e os jogadores tem a possibilidade de passar sobre itens que estão no chão. O &quot;Hang Time Meter&quot; ajuda os jogadores a mensurar quanto tempo um veículo permanece no ar; Quanto mais tempo estiver, maior é o bônus de turbo ao aterrizar. Um jogo de kart não seria completo sem power-ups, e o CTR possui 11 itens diferentes para serem utilizados durante o jogo, incluindo mísseis teleguiados, caixas explosivas, bombas bola de boliche e medidas defensivas como máscaras Aku Aku. Cada power-up pode ser incrementado coletando frutas. O Objetivo do modo Aventura é derrotar todos os oponentes através da sequência de corridas. Ao fazer isto, os jogadores adquirem troféus, que os auxiliam a acessar novas pistas. Jogadores também são livres para repetir corridas para novos prêmios que incluem Relíquias, CTR Tokens e Gemas. Relíquias são ganhas ao atingir certos tempos de voltas, três tokens CTR estão escondidos em cada pista e Gemas especiais são ganhas ao vencedor de cada um dos cinco torneios &quot;Gem Cup&quot;.
Crash Bash & Spyro - Year of the Dragon (USA) (Demo)	Crash Bash é um jogo do mundo de Crash Bandicoot. Multiplayer orientado, o jogo permite que quatro amigos para competir simultaneamente. Trata-se de escolher o seu avatar entre os oito personagens disponíveis, participando em um dos sete mini-jogos disponíveis, cada um disponível em quatro versões diferentes.
Crash Bash (USA)	Crash Bash é um jogo do mundo de Crash Bandicoot. Multiplayer orientado, o jogo permite que quatro amigos para competir simultaneamente. Trata-se de escolher o seu avatar entre os oito personagens disponíveis, participando em um dos sete mini-jogos disponíveis, cada um disponível em quatro versões diferentes.
Creatures (USA)	Creatures é um jogo muito inovador. Você começa com 6 ovos de &quot;Norns&quot;. Norns são criaturinhas bonitinhas que vivem no mundo das Criaturas. Sua tarefa é dar-lhes conhecimento sobre o mundo em que vivem, ensiná-los a falar, usar brinquedos, elevadores, como comer, etc. Eles envelhecem, se reproduzem e morrem. O mundo é muito grande e a simulação da IA ??é ótima.
Creatures - Raised in Space (USA)	O jogo se passa em Shee Ark, onde o jogador deve salvar os Norns abrindo as portas para os diferentes Terrariums (o mesmo que em Creatures 3). Ao redor do mundo existem pequenas estrelas azuis que devem ser colocadas em máquinas dos Norns para gerarem uma chave. No entanto, essas estrelas têm tempo de vida limitado, que quanto mais rapidamente são giradas, seu tempo de vida chega ao fim. Quando exatamente 25 estrelas são colocadas em um máquina, será gerado uma chave. Para serem capazes de carregar as estrelas, Norns devem ser treinados desde pequenos. Diferente dos jogos Creatures anteriores, cada Norm deve coletar dez corações para tornarem férteis. Esses corações são encontrados ao redor de Shee Ark, e podem ser coletados por ambos, Scrubby e Norns. Ettins e Grendels são sempre inférteis. Em todo o mundo há uma variedade de plantas medicinais, que de perto, se não exatamente, se assemelham a Ervas de Criaturas. Estas ervas têm efeitos especiais em Norns, como promover o sono, livrar-se de doenças e diminuir o cansaço. Muitas dessas ervas podem causar dependência. Existe também uma grande variedade de ervas daninhas encontradas na Selva Terrarium que podem ser prejudiciais à saúde de um Norn. Como o Jogo Creatures original, os Norns em Creatures: Raised in Space são programadas para morrerem de doença em uma certa idade. O tempo de vida médio de um Norn neste jogo é de cerca de quatro horas.
Croc - Legend of the Gobbos (USA)	Em Croc, você interpreta Croc (ironicamente), um crocodilo animado que foi criado pelos Gobbos. Com ciúmes de sua felicidade, o malvado Barão Dante assumiu o controle do Vale Gobbos e escravizou todos eles. Beany, o Pássaro, foi capaz de ajudar Croc a escapar e agora ele deve libertar os Gobbos de sua escravidão. Croc: Legend of the Gobbos tem cinco fases divididas em 40 níveis. Existem um total de nove chefes, juntamente com uma série de criaturas malignas que devem ser superadas no seu caminho para derrotar o Barão Dante. No jogo, você deverá realizar saltos de plataforma de precisão durante a exploração em um mundo 3D. Você pode escolher entre três ângulos de câmera, mas a câmera gira sozinha conforme você se move. Era uma vez uma vila de animais super fofos conhecidos como gobbos. Um dia, uma cesta chegou à costa da aldeia e dentro dela havia um bebê crocodilo.
Croc! Pau-Pau Island (Japan)	Em Croc, você interpreta Croc (ironicamente), um crocodilo animado que foi criado pelos Gobbos. Com ciúmes de sua felicidade, o malvado Barão Dante assumiu o controle do Vale Gobbos e escravizou todos eles. Beany, o Pássaro, foi capaz de ajudar Croc a escapar e agora ele deve libertar os Gobbos de sua escravidão. Croc: Legend of the Gobbos tem cinco fases divididas em 40 níveis. Existem um total de nove chefes, juntamente com uma série de criaturas malignas que devem ser superadas no seu caminho para derrotar o Barão Dante. No jogo, você deverá realizar saltos de plataforma de precisão durante a exploração em um mundo 3D. Você pode escolher entre três ângulos de câmera, mas a câmera gira sozinha conforme você se move. Era uma vez uma vila de animais super fofos conhecidos como gobbos. Um dia, uma cesta chegou à costa da aldeia e dentro dela havia um bebê crocodilo.
Crow, The - City of Angels (USA)	The Crow é um jogo de ação baseado no filme &quot;The Crow: City of Angels&quot; lançado em 1996. Você interpreta Ashe Corven, um homem cujo filho e ele próprio são assassinados por bandidos. Ashe retorna dos mortos como um corvo para caçar e punir os homens que tiraram tudo dele. Usando armas brancas e de fogo, elimine seus inimigos para satisfazer sua vingança.
Crusader - No Remorse (USA)	Crusaders: No Remorse é um jogo de ação no Playstation. Você joga como um Silencer, os soldados de elite do consórcio econômico global. Durante uma missão de rotina com dois de seus melhores amigos e colegas, você cai em uma emboscada que custa a vida de seus dois companheiros. Então você decide se vingar. Muitas missões e armas destrutivas estão esperando por você.
Crypt Killer (USA)	Crypt Killer é um jogo de tiro para Playstation no qual você joga como um aventureiro em busca de cristais antigos contendo poderes misteriosos. Muitos inimigos estarão presentes em seu caminho durante os 6 níveis de jogo e para enfrentá-los, você tem à sua disposição diferentes tipos de armas como uma espingarda, uma metralhadora ou um lançador de granadas.
CT Special Forces (Europe) (En,Fr,De,Es,It,Nl)	Você joga como um membro da unidade das Forças Especiais CT, um Comando de Intervenção Especial de elite contra uma organização terrorista internacional conhecida como Rede. Ao longo das missões em três continentes, você controlará alternadamente três personagens e participará de briefings de missão liderados pelo General, o comandante da unidade, em um modo de visualização que lembra os da série Metal Gear.
CTR - Crash Team Racing (USA)	O famoso marsupial laranja retorna para o quarto e final jogo no PlayStation, desta vez entre rodas de kart. Crash se junta a sua amada Coco, o malvado Cortex e uma combinação de amigos animais e chefões malvados de jogos anteriores, cada um com seus atributos de velocidade, aceleração e manobrabilidade. Os Cinco modos de jogo incluem Aventura, Time Trial e Batalha. O modo Aventura(principal do jogo) envolve a tentativa de derrotar o alienígena chamado Nitrous Oxide em um torneio com 16 corridas. Os jogadores começam a aventura tropical escolhendo entre um dos oito personagens: Crash Bandicoot, Dr. Neo Cortex, Coco Bandicoot, Dr. N. Gin, Pura, Polar e Dingodile. Adicionalmente a aceleração e frenagem, os karts podem executar uma gama de técnicas para fazer a corrida mais competitiva para jogadores habilidosos. Power-sildes podem ser utilizados para curvas forçadas, e os jogadores podem maximizar a velocidade de seus veículos ao passar por cima de dez peças de frutas. As pistas também possuem diversas rampas para propelir os karts pelos ares e os jogadores tem a possibilidade de passar sobre itens que estão no chão. O &quot;Hang Time Meter&quot; ajuda os jogadores a mensurar quanto tempo um veículo permanece no ar; Quanto mais tempo estiver, maior é o bônus de turbo ao aterrizar. Um jogo de kart não seria completo sem power-ups, e o CTR possui 11 itens diferentes para serem utilizados durante o jogo, incluindo mísseis teleguiados, caixas explosivas, bombas bola de boliche e medidas defensivas como máscaras Aku Aku. Cada power-up pode ser incrementado coletando frutas. O Objetivo do modo Aventura é derrotar todos os oponentes através da sequência de corridas. Ao fazer isto, os jogadores adquirem troféus, que os auxiliam a acessar novas pistas. Jogadores também são livres para repetir corridas para novos prêmios que incluem Relíquias, CTR Tokens e Gemas. Relíquias são ganhas ao atingir certos tempos de voltas, três tokens CTR estão escondidos em cada pista e Gemas especiais são ganhas ao vencedor de cada um dos cinco torneios &quot;Gem Cup&quot;.
Cubix Robots for Everyone - Race 'n Robots (USA)	Corridas e robôs se combinam em CUBIX-Robots For Everyone: Race'N Robots, um jogo de corrida baseado na série animada e apresentando Cubix, Don Don, Maximix e outros personagens robóticos de Bubble Town. Os jogadores podem escolher correr contra outros robôs no Modo História ou ir cabeça a cabeça com até quatro jogadores no Modo Versus. Com componentes típicos de jogos de corrida, como perigos e power-ups, é uma corrida até a linha de chegada nas nove pistas de Bubble Town. Que vença o melhor robô. O Modo História conta uma história Cubix do maligno Dr. K e se desenrola por nove sequências de vídeo, cada uma seguida por uma nova corrida. Seja o primeiro robô a cruzar a linha de chegada e novas pistas serão desbloqueadas e disponibilizadas para o Modo Versus. Os pontos são ganhos ao vencer uma corrida e podem ser usados ​​para comprar atualizações no Botties Pit. As atualizações incluem Nitro Scoop para melhorar a agilidade e Grav-Grip para tração extra. Novos robôs ficam disponíveis após algumas vitórias consecutivas.
Cyberia (USA)	Em 2027, o mundo é controlado por duas superpotências rivais, a Aliança do Mundo Livre do Bloco Ocidental e o Cartel do Bloco Oriental. As transmissões de um espião da FWA revelam a localização de um laboratório multinacional secreto nas profundezas da Sibéria, o &quot;Complexo Cyberia&quot;, onde está a ser desenvolvida uma arma misteriosa. O líder da FWA, Devlin, liberta da prisão um cyberhacker chamado Zak e envia-o para se infiltrar no complexo e descobrir a verdadeira natureza da arma Cyberia. Infelizmente, o Cartel também está interessado nesta arma e não vai parar por nada para a obter. Zak não só tem de lutar para ultrapassar as forças do Cartel enviadas para o deter, como também tem de derrotar os agentes do Cartel que já tomaram o controlo do complexo.
Dalmatians 2 (Europe) (En,Fr,De)	O Dálmata é uma raça de cão cujas raízes remontam à Dalmácia, uma região da Croácia. É conhecido por sua pelagem branca com manchas pretas ou de fígado. Dalmatians 2 é a sequência de The Dalmatians e é outro jogo PSX da The Code Monkeys que inclui: - Filme desenho - Quebra-cabeças - Jogo de colorir
Dalmatians, The (Europe) (En,Fr,De,Nl)	Siga um filhote de cachorro dálmata e seus amigos de cães selvagens em busca de sua irmã desaparecida. Além de um ótimo vídeo de meia hora, o Dalmatians apresenta um livro de colorir virtual fácil de usar e um jogo desafiador.
Dangan (Japan)	Dangan é um jogo multiscroll de ação que se passa em um futuro próximo e coloca o jogador no controle de 2 agentes contra-terroristas (Jack e Kate) que terão que derrotar diferentes inimigos durante 8 operações diferentes. O jogo apresenta uma visão de cima para baixo e diferentes armas para escolher e usar. O jogador controla um dos 2 personagens dependendo da missão que um deles será escolhido. A jogabilidade é a usual neste tipo de jogos de arcade, como Ikary Warriors ou Mercs, o jogador deve avançar pelo nível atirando nos inimigos e chegando ao nível final do chefe, uma vez que o chefe seja derrotado a operação é concluída e o jogador pode avançar para o próximo nível.
Danger Girl (USA)	Aventuras em terceira pessoa nunca foi tão sexy quanto a DANGER GIRL, o único videogame baseado na série de quadrinhos mais vendida por J. Scott Campbell e Andy Hartnell. Atreva-se a assumir o controle de 3 lindas e lúcidas Danger Girls em um passeio de emoção com tema de espionagem considerado perigoso para qualquer homem!
Darius Gaiden (Japan)	Assuma o comando dos lutadores Silverhawk mais uma vez enquanto você luta para recuperar o planeta Darius das forças do mal que o dominaram!
Dark Seed II (Japan)	A história passa-se um ano depois dos acontecimentos que tiveram lugar na primeira obra. Mike Dawson, traumatizado pela sua experiência em Woodland Hills, deixou a Califórnia e mudou-se para Crowley. Está a sofrer psicologicamente, lembrando-se constantemente do seu encontro com o Mundo das Trevas. Quase recupera alguma da sua força ao aproximar-se de Rita, uma amiga de infância por quem está secretamente apaixonado. Mas Rita foi brutalmente assassinada. O crime ocorreu na noite do Baile da Faculdade e Mike foi a última pessoa a ser vista com ela. Suspeito de homicídio, Mike está a ter dificuldade em apresentar um álibi, pois não se lembra de nada. Um ecrã negro apagou-lhe as memórias. Poderão os Antigos, aquelas criaturas do Mundo das Trevas, estar de volta? Os pesadelos e as dores de cabeça recomeçam. Tens de investigar para limpares o teu nome.
Darkseed (Japan)	Dark Seed é um jogo de aventura na terceira pessoa em que jogas na pele de Mike Dawson. Este brilhante publicitário está à procura de solidão para se dedicar à escrita. A sua busca leva-o a Woodland Hills, onde compra uma bela mansão vitoriana por uma canção. Mas assim que chega à mansão, uma vontade irresistível de dormir força-o a adormecer. O jogo começa quando Mike acorda com uma dor de cabeça que o impede de pensar: um pesadelo assombroso, desaparecimentos misteriosos, residentes que se barricam em casa, polícias que não colaboram. Três dias é o tempo de que dispõe para compreender o que se passa e travar a conspiração organizada por extraterrestres, à espreita num mundo sombrio ligado ao nosso por um espelho. O mesmo que está pendurado na sala de estar de Mike Dawson.
Darkstalkers - The Night Warriors (USA)	Darkstalkers, conhecido no Japão como Vampire, é uma série de jogos de luta 2D desenvolvidos e publicados pela Capcom, começando com Darkstalkers: The Night Warriors (Vampire: The Night Warriors) em 1994. A série é ambientada em um universo de terror gótico e apresenta um estilo gráfico de desenho animado altamente estilizado. O Jogo apresenta personagens baseados em vários tipos de monstros (os &quot;darkstalkers&quot; titulares) ou em seus caçadores, todos envolvidos em combate uns contra os outros. Darkstalkers introduziu muitos dos conceitos usados em jogos de luta posteriores da Capcom, incluindo o seu primeiro uso de sprites de animação colorida de 16 bits e mecânica de jogo mais tarde empregada nas séries Street Fighter Alpha e Marvel vs. Capcom.
Darkstalkers 3 (USA)	Darkstalkers 3, conhecido no Japão como Vampire Savior: The Lord of Vampire, é a segunda sequência da série Darkstalkers de jogos de luta da Capcom, originalmente lançada nos fliperamas em 1997. A terceira parcela gira em torno de um nobre demoníaco de Makai chamado Jedah Dohma, que cria uma dimensão de bolso chamada Majigen, onde ele tenta trazer almas para ajudar a nutrir seu novo mundo. Também em 1998, uma atualização do jogo foi portada para o PlayStation como Vampire Savior: EX Edition no Japão e Darkstalkers 3 na América do Norte e Europa. Embora seja uma versão EX do terceiro jogo canon da série, na verdade é uma compilação de Vampire Savior e suas duas atualizações de fliperama apenas no Japão. Esta versão permite aos jogadores usar todos os 18 Night Warriors e os dois &quot;personagens ocultos&quot; (Shadow e Marionette) em todos os três jogos. Ele também apresenta Oboro Bishamon e Dark Talbain como personagens jogáveis.
Darkstone (USA)	Em Darkstone, você é o escolhido para contrariar o plano de Draak de mergulhar o mundo em uma nova Era das Trevas. As escolhas de personagens são feitas a partir de quatro classes (feiticeiro/feiticeira, assassino/ladrão, guerreiro/amazona ou monge/sacerdotisa). O objetivo geral é rastrear os sete cristais do Time Orb, criados há um milênio a partir das lágrimas da benevolente deusa Kaliba e restaurá-los. Só então você terá o poder do poderoso Orbe à sua disposição para usar como arma definitiva contra Draak. Pelos números, Darkstone contém quatro regiões distintas de Uma, mais de 100 criaturas malignas baseadas em 30 tipos de personagens, 32 feitiços específicos e quase duas dúzias de habilidades (seis principais). Os recursos adicionais incluem movimento completo de 360 graus, mais de 30 armas (algumas multifuncionais), vários itens e armadilhas e mais de 200 inimigos e personagens com os quais interagir.
Dead or Alive (USA)	O primeiro da série Dead or Alive e apresenta muitos dos mesmos recursos que tornaram a série DoA tão popular hoje em dia; Lutas um tanto realistas, bom design de personagens e mulheres seminuas cujos seios saltam muito. Dead or Alive é um jogo um-a-um que acontece dentro de uma arena de espaço limitado. Cada personagem tem sua própria maneira de lutar, suas próprias habilidades e até mesmo seus próprios hobbies e gostos. (Por exemplo, Ryu Hayabus, sim, ele gosta de sushi, escalada e pesca.)
Deep Freeze (Japan)	No século 21, o terrorismo é a primeira ameaça do mundo. Por isso as Nações Unidas criaram uma unidade especial para combater os grupos terroristas, essa unidade é chamada ANTS. O jogo começa em Nova York onde um casamento acontece no andar 58 de um prédio, e um grupo de terroristas entra no prédio disfarçado de entregadores de comida (eles escondem as armas dentro da carne). O outro grupo terrorista invadiu o casamento e sequestrou as pessoas (o vice-presidente era um dos convidados). É aí que o jogo começa: você controla Jack e você tem que escolher entre um dos outros quatro membros da equipe (Harry, Snipel, Bagel e Maria). Depois de fazer sua escolha, você começará no andar 56.
Denkou Sekka Micro Runner - Maniac Hakase no Hisaku (Japan)	Uma vez que salvar o mundo da escassez iminente de alimentos é uma tarefa assustadora, o nosso bom amigo Dr. Minimizer propõe-se persuadir, chantagear e criar participantes para competir pelo direito de liderar a colonização da Terra uma vez que todos tenham sido reduzidos a 1/30 do seu tamanho original. O médico louco criou assim um percurso de obstáculos na sua casa para encontrar o derradeiro soldado através de uma sobrevivência ao estilo darwiniano da competição mais apta. Mas faltam-lhe participantes. Uma vez reunidos oito desses participantes, é para as corridas que ele vai à procura do salvador da Terra. Quem teria pensado que escorregar na banheira poderia potencialmente manter o destino de 7 mil milhões de pessoas na balança?
Destruction Derby (USA)	Destruction Derby é bastante atípico para um jogo de carros: é um puro jogo de carros de stock car, em que a corrida ocupa um lugar secundário na acção, e neste campo, vale tudo! A sua carreira passa de liga em liga para alcançar o primeiro lugar, todas as categorias incluídas. Para ganhar o troféu, ganhe corridas, mas acima de tudo elimine os seus concorrentes, ao mesmo tempo que preserva a sua mecânica, juízes com comentários loucos atribuir-lhe-ão pontos de acordo com a qualidade dos truques que fará os seus adversários executar.
Destruction Derby 2 (USA, Canada)	Destruction Derby 2 é um jogo de corrida no Playstation. Você pode dirigir muitos veículos que serão destruídos durante as corridas porque neste jogo ninguém lhe dará um presente. O aplicativo oferece 7 circuitos, 4 arenas de destruição e um modo multiplayer em tela separada.
DewPrism (Japan, Asia)	Threads of Fate combina a jogabilidade de uma aventura 3D em tempo real com um sistema de personagens típico de RPG. O jogo fornece dois personagens principais diferentes e duas histórias diferentes. A jovem guerreira Rue embarca em uma jornada para reviver sua amada guardiã perdida, Claire. Mint, que perdeu seu direito ao trono do East Heaven Kingdom, está buscando a dominação mundial e vingança contra sua irmã mais nova. Ambos vivem no mesmo mundo ao mesmo tempo e ambos estão procurando a mesma relíquia poderosa para ajudá-los a alcançar seus objetivos. Em sua jornada, ambos os personagens têm que explorar áreas repletas de quebra-cabeças desafiadores e inimigos incomuns. Para resolver certos mistérios ou eliminar certos obstáculos, eles precisam usar habilidades especiais. Ao usar moedas coletadas, Rue tem a capacidade de mudar de forma para as formas de monstros derrotados, enquanto Mint pode aprender e usar uma variedade de poderosos feitiços mágicos.
Diablo (USA) (En,Fr,De,Sv)	Diablo se passa no fictício Reino de Khanduras, localizado no mundo de Sanctuary. O jogador controla o herói solitário que batalha para livrar o mundo de Diablo, Senhor do Terror. Abaixo do vilarejo de Tristram, o jogador começa sua jornada através de dezesseis níveis de masmorras, com o objetivo final de adentrar os confins do Inferno no intuito de confrontar Diablo.
Die Hard Trilogy (USA)	Die Hard Trilogy é dividido em três jogos, cada jogo representando um dos filmes, obviamente. Die Hard 1 é um jogo de tiro em terceira pessoa no estilo semelhante ao Tomb Raider. Você é John McClane e deve lutar contra terroristas de vinte andares no Nakatomi Plaza. O jogo tem um efeito de parede invisível que permite ver John mesmo em corredores pequenos. Die Hard 2 é um jogo de tiro em primeira pessoa no estilo Virtua Cop ou Mad Dog McCree. Mais uma vez você assume o papel de John McClane atirando contra terroristas que estão saqueando o aeroporto de Washington/Dulles em busca de um ditador e traficante sul-americano. Die Hard 3 é um corredor de táxi em ritmo acelerado pela cidade. Desta vez, John deve acelerar pela cidade de Nova York, desarmando bombas e expulsando os malfeitores da estrada ao volante de um táxi.
Digical League (Japan)	Digical League é um jogo de beisebol de desenho animado no estilo da série Pawafuru.
Digimon World (USA)	Digimon World é um jogo de aventura no Playstation inspirado no famoso desenho animado. O líder da aldeia dos Digimons precisa de sua ajuda para encontrar e domar essas criaturas. Considerado um verdadeiro animal de estimação, você precisará cuidar do seu Digimon mimando, alimentando e educando-o. Seu Digimon irá evoluir rapidamente enquanto você treina e outros itens extras e bônus. Enfrente o Digimon de seus amigos no Duelo e mostre toda a sua experiência.
Digimon World 2 (USA)	Digimon World 2 é o segundo jogo da série Digimon World e nos traz a um mundo totalmente novo no qual devemos criar digimons para lutar contra o mal que tenta invadir. No Digimon World anterior, você jogava como um jovem que foi chamado para o Digital World para salvar o digimon de um destino terrível e tinha um parceiro digimon que precisava de seus cuidados. Neste segundo jogo, seu papel é o de um novo Guard Tamer que está destinado a proteger a cidade digital e o mundo digital. Agora você pode lutar em todas as novas batalhas 3 contra 3. Agora existe uma maneira de você elevar seu grupo de digimons a níveis mais altos e digivoluí-los para o novo nível 'mega', não visto no jogo anterior (onde o nível 'final' era o limite). O novo DNA-Digivolving oferece ainda mais maneiras de obter digimons novos e mais poderosos.
Digimon World 2003 (Europe) (En,Fr,De,Es,It)	Digimon World 2003 é um RPG lançado para o Playstation. Jogue como três crianças que foram sugadas para o mundo virtual dos Digimons enquanto brincavam silenciosamente. Você então terá que descobrir como isso pode ter acontecido.
Digimon World 3 (USA)	Digimon World 2003 é um RPG lançado para o Playstation. Jogue como três crianças que foram sugadas para o mundo virtual dos Digimons enquanto brincavam silenciosamente. Você então terá que descobrir como isso pode ter acontecido.
DigimonWorld (Japan)	Digimon World é um jogo de aventura no Playstation inspirado no famoso desenho animado. O líder da aldeia dos Digimons precisa de sua ajuda para encontrar e domar essas criaturas. Considerado um verdadeiro animal de estimação, você precisará cuidar do seu Digimon mimando, alimentando e educando-o. Seu Digimon irá evoluir rapidamente enquanto você treina e outros itens extras e bônus. Enfrente o Digimon de seus amigos no Duelo e mostre toda a sua experiência.
DigimonWorld 2 (Japan)	Digimon World 2 é o segundo jogo da série Digimon World e nos traz a um mundo totalmente novo no qual devemos criar digimons para lutar contra o mal que tenta invadir. No Digimon World anterior, você jogava como um jovem que foi chamado para o Digital World para salvar o digimon de um destino terrível e tinha um parceiro digimon que precisava de seus cuidados. Neste segundo jogo, seu papel é o de um novo Guard Tamer que está destinado a proteger a cidade digital e o mundo digital. Agora você pode lutar em todas as novas batalhas 3 contra 3. Agora existe uma maneira de você elevar seu grupo de digimons a níveis mais altos e digivoluí-los para o novo nível 'mega', não visto no jogo anterior (onde o nível 'final' era o limite). O novo DNA-Digivolving oferece ainda mais maneiras de obter digimons novos e mais poderosos.
DigimonWorld 3 - Aratanaru Bouken no Tobira (Japan)	Digimon World 2003 é um RPG lançado para o Playstation. Jogue como três crianças que foram sugadas para o mundo virtual dos Digimons enquanto brincavam silenciosamente. Você então terá que descobrir como isso pode ter acontecido.
Digital Glider Airman (Japan)	Voe planadores diferentes neste jogo de simulação de voo. O jogador pode escolher entre diferentes modos de jogo: desafio, teste, modo de treino... Tudo isto num mundo 3D com diferentes lugares para voar em cada missão, desde cidades a auto-estradas,...
Dino Crisis (USA)	Dino Crisis coloca você no lugar de um membro de uma força especial encarregada de se infiltrar e investigar um grupo de cientistas tentando recriar dinossauros. Você perceberá rapidamente que eles estão longe de ter dominado sua criação e que sua investigação se transformará rapidamente na missão de sobrevivência.
Dino Crisis 2 (USA)	O jogo de ação Dino Crisis 2 é um jogo de ação e aventura no Playstation. Ele permite que você represente Regina ou Dylan em sua luta impiedosa contra dez espécies de dinossauros assassinos. Você tem um arsenal importante para derrotar as criaturas e encontrar sobreviventes.
Disney Aladdin - La Revanche de Nasira (France)	Aladdin: Nasira's Revenge é um jogo de ação e plataforma em 3D para Playstation. A história se passa após a derrota do feiticeiro Jafar. Sua irmã Nasira então tenta ressuscitar seu irmão demônio para tentar tomar o poder. O jogador controla Aladdin, Abu e Jasmine em muitos lugares diferentes: o Mercado Agrabah, o Palácio do Sultão, um oásis no deserto, a caverna das maravilhas, para não mencionar o covil de Nasira.
Disney Aladdin - La Vendetta di Nasira (Italy)	Aladdin: Nasira's Revenge é um jogo de ação e plataforma em 3D para Playstation. A história se passa após a derrota do feiticeiro Jafar. Sua irmã Nasira então tenta ressuscitar seu irmão demônio para tentar tomar o poder. O jogador controla Aladdin, Abu e Jasmine em muitos lugares diferentes: o Mercado Agrabah, o Palácio do Sultão, um oásis no deserto, a caverna das maravilhas, para não mencionar o covil de Nasira.
Disney Aladdin - La Venganza de Nasira (Spain)	Aladdin: Nasira's Revenge é um jogo de ação e plataforma em 3D para Playstation. A história se passa após a derrota do feiticeiro Jafar. Sua irmã Nasira então tenta ressuscitar seu irmão demônio para tentar tomar o poder. O jogador controla Aladdin, Abu e Jasmine em muitos lugares diferentes: o Mercado Agrabah, o Palácio do Sultão, um oásis no deserto, a caverna das maravilhas, para não mencionar o covil de Nasira.
Disney Atlantida - O Continente Perdido (Portugal)	O Atlantis da Disney é um jogo de plataformas de ação baseado no filme de animação de 2001. Como no filme, o jogo conta a história de um grupo de aventureiros heróicos que enfrentam traiçoeiras águas do oceano e cavernas para localizar a cidade perdida de Atlantis. Você terá que usar astúcia e força para alcançar seus objetivos, utilizando o trabalho em equipe para se aprofundar na grande cidade perdida. O jogo é estrelado por Milo, um herói jovem e ansioso, e seu grupo de amigos exploradores - o severo capitão Rourke, o formidável Helga e o impetuoso Moliore. Os jogadores controlarão cada um desses personagens ao longo do jogo, cada um com seu próprio poder distinto que deve ser usado para atravessar, contornar ou através de obstáculos que bloqueiem seu caminho.
Disney Atlantide - L'Empire Perdu (France)	O Atlantis da Disney é um jogo de plataformas de ação baseado no filme de animação de 2001. Como no filme, o jogo conta a história de um grupo de aventureiros heróicos que enfrentam traiçoeiras águas do oceano e cavernas para localizar a cidade perdida de Atlantis. Você terá que usar astúcia e força para alcançar seus objetivos, utilizando o trabalho em equipe para se aprofundar na grande cidade perdida. O jogo é estrelado por Milo, um herói jovem e ansioso, e seu grupo de amigos exploradores - o severo capitão Rourke, o formidável Helga e o impetuoso Moliore. Os jogadores controlarão cada um desses personagens ao longo do jogo, cada um com seu próprio poder distinto que deve ser usado para atravessar, contornar ou através de obstáculos que bloqueiem seu caminho.
Disney Atlantis - El Imperio Perdido (Spain)	O Atlantis da Disney é um jogo de plataformas de ação baseado no filme de animação de 2001. Como no filme, o jogo conta a história de um grupo de aventureiros heróicos que enfrentam traiçoeiras águas do oceano e cavernas para localizar a cidade perdida de Atlantis. Você terá que usar astúcia e força para alcançar seus objetivos, utilizando o trabalho em equipe para se aprofundar na grande cidade perdida. O jogo é estrelado por Milo, um herói jovem e ansioso, e seu grupo de amigos exploradores - o severo capitão Rourke, o formidável Helga e o impetuoso Moliore. Os jogadores controlarão cada um desses personagens ao longo do jogo, cada um com seu próprio poder distinto que deve ser usado para atravessar, contornar ou através de obstáculos que bloqueiem seu caminho.
Disney Atlantis - L'Impero Perduto (Italy)	O Atlantis da Disney é um jogo de plataformas de ação baseado no filme de animação de 2001. Como no filme, o jogo conta a história de um grupo de aventureiros heróicos que enfrentam traiçoeiras águas do oceano e cavernas para localizar a cidade perdida de Atlantis. Você terá que usar astúcia e força para alcançar seus objetivos, utilizando o trabalho em equipe para se aprofundar na grande cidade perdida. O jogo é estrelado por Milo, um herói jovem e ansioso, e seu grupo de amigos exploradores - o severo capitão Rourke, o formidável Helga e o impetuoso Moliore. Os jogadores controlarão cada um desses personagens ao longo do jogo, cada um com seu próprio poder distinto que deve ser usado para atravessar, contornar ou através de obstáculos que bloqueiem seu caminho.
Disney El Emperador y sus Locuras (Spain)	Baseado no aclamado filme de animação da Disney, The Emperor's New Groove traz para o PlayStation a divertida jornada de Kuzco, um arrogante imperador inca que é transformado em uma lhama por sua ambiciosa e maligna conselheira, Yzma. Para recuperar seu trono e seu corpo humano, Kuzco precisa se juntar ao bondoso camponês Pacha para atravessar o reino e retornar ao seu palácio.
Disney Kuzco - L'Empereur Megalo (France)	Baseado no aclamado filme de animação da Disney, The Emperor's New Groove traz para o PlayStation a divertida jornada de Kuzco, um arrogante imperador inca que é transformado em uma lhama por sua ambiciosa e maligna conselheira, Yzma. Para recuperar seu trono e seu corpo humano, Kuzco precisa se juntar ao bondoso camponês Pacha para atravessar o reino e retornar ao seu palácio.
Disney Le Follie dell'Imperatore (Italy)	Baseado no aclamado filme de animação da Disney, The Emperor's New Groove traz para o PlayStation a divertida jornada de Kuzco, um arrogante imperador inca que é transformado em uma lhama por sua ambiciosa e maligna conselheira, Yzma. Para recuperar seu trono e seu corpo humano, Kuzco precisa se juntar ao bondoso camponês Pacha para atravessar o reino e retornar ao seu palácio.
Disney Tarzan (Italy)	Tarzan é um jogo de plataforma para Playstation. Tarzan está de volta e cabe a você controlá-lo, você terá que atravessar muitos níveis, evitando todos os obstáculos que estão em seu caminho.
Disney's Aladdin in Nasira's Revenge (USA)	Aladdin: Nasira's Revenge é um jogo de ação e plataforma em 3D para Playstation. A história se passa após a derrota do feiticeiro Jafar. Sua irmã Nasira então tenta ressuscitar seu irmão demônio para tentar tomar o poder. O jogador controla Aladdin, Abu e Jasmine em muitos lugares diferentes: o Mercado Agrabah, o Palácio do Sultão, um oásis no deserto, a caverna das maravilhas, para não mencionar o covil de Nasira.
Disney's Aladdin in Nasira's Wraak (Netherlands)	Aladdin: Nasira's Revenge é um jogo de ação e plataforma em 3D para Playstation. A história se passa após a derrota do feiticeiro Jafar. Sua irmã Nasira então tenta ressuscitar seu irmão demônio para tentar tomar o poder. O jogador controla Aladdin, Abu e Jasmine em muitos lugares diferentes: o Mercado Agrabah, o Palácio do Sultão, um oásis no deserto, a caverna das maravilhas, para não mencionar o covil de Nasira.
Disney's Atlantis - De Verzonken Stad (Netherlands)	O Atlantis da Disney é um jogo de plataformas de ação baseado no filme de animação de 2001. Como no filme, o jogo conta a história de um grupo de aventureiros heróicos que enfrentam traiçoeiras águas do oceano e cavernas para localizar a cidade perdida de Atlantis. Você terá que usar astúcia e força para alcançar seus objetivos, utilizando o trabalho em equipe para se aprofundar na grande cidade perdida. O jogo é estrelado por Milo, um herói jovem e ansioso, e seu grupo de amigos exploradores - o severo capitão Rourke, o formidável Helga e o impetuoso Moliore. Os jogadores controlarão cada um desses personagens ao longo do jogo, cada um com seu próprio poder distinto que deve ser usado para atravessar, contornar ou através de obstáculos que bloqueiem seu caminho.
Disney's Atlantis - En foersvunnen vaerld (Sweden)	O Atlantis da Disney é um jogo de plataformas de ação baseado no filme de animação de 2001. Como no filme, o jogo conta a história de um grupo de aventureiros heróicos que enfrentam traiçoeiras águas do oceano e cavernas para localizar a cidade perdida de Atlantis. Você terá que usar astúcia e força para alcançar seus objetivos, utilizando o trabalho em equipe para se aprofundar na grande cidade perdida. O jogo é estrelado por Milo, um herói jovem e ansioso, e seu grupo de amigos exploradores - o severo capitão Rourke, o formidável Helga e o impetuoso Moliore. Os jogadores controlarão cada um desses personagens ao longo do jogo, cada um com seu próprio poder distinto que deve ser usado para atravessar, contornar ou através de obstáculos que bloqueiem seu caminho.
Disney's Atlantis - The Lost Empire (USA, Canada)	O Atlantis da Disney é um jogo de plataformas de ação baseado no filme de animação de 2001. Como no filme, o jogo conta a história de um grupo de aventureiros heróicos que enfrentam traiçoeiras águas do oceano e cavernas para localizar a cidade perdida de Atlantis. Você terá que usar astúcia e força para alcançar seus objetivos, utilizando o trabalho em equipe para se aprofundar na grande cidade perdida. O jogo é estrelado por Milo, um herói jovem e ansioso, e seu grupo de amigos exploradores - o severo capitão Rourke, o formidável Helga e o impetuoso Moliore. Os jogadores controlarão cada um desses personagens ao longo do jogo, cada um com seu próprio poder distinto que deve ser usado para atravessar, contornar ou através de obstáculos que bloqueiem seu caminho.
Disney's Keizer Kuzco (Netherlands)	Baseado no aclamado filme de animação da Disney, The Emperor's New Groove traz para o PlayStation a divertida jornada de Kuzco, um arrogante imperador inca que é transformado em uma lhama por sua ambiciosa e maligna conselheira, Yzma. Para recuperar seu trono e seu corpo humano, Kuzco precisa se juntar ao bondoso camponês Pacha para atravessar o reino e retornar ao seu palácio.
Disney's Tarzan (USA)	Tarzan é um jogo de plataforma para Playstation. Tarzan está de volta e cabe a você controlá-lo, você terá que atravessar muitos níveis, evitando todos os obstáculos que estão em seu caminho.
Disney's The Emperor's New Groove (USA)	Baseado no aclamado filme de animação da Disney, The Emperor's New Groove traz para o PlayStation a divertida jornada de Kuzco, um arrogante imperador inca que é transformado em uma lhama por sua ambiciosa e maligna conselheira, Yzma. Para recuperar seu trono e seu corpo humano, Kuzco precisa se juntar ao bondoso camponês Pacha para atravessar o reino e retornar ao seu palácio.
Disney-Pixar A Bug's Life (USA)	Uma aventura completamente nova em 3D, baseada no filme de animação Vida de Inseto, uma aventura em miniatura. Proteja a colônia das formigas contra os gananciosos gafanhotos, encontre os insetos que compõem a trupe do circo e ajude a formiga Flik a conquistar o coração da princesa Atta. Uma aventura épica em miniatura com gráficos alucinantes, uma trama super emocionante e até cenas do filme!
Disney-Pixar A Bug's Life - Megaminimondo (Italy)	Uma aventura completamente nova em 3D, baseada no filme de animação Vida de Inseto, uma aventura em miniatura. Proteja a colônia das formigas contra os gananciosos gafanhotos, encontre os insetos que compõem a trupe do circo e ajude a formiga Flik a conquistar o coração da princesa Atta. Uma aventura épica em miniatura com gráficos alucinantes, uma trama super emocionante e até cenas do filme!
Disney-Pixar Bichos - Una Aventura en Miniatura (Spain)	Uma aventura completamente nova em 3D, baseada no filme de animação Vida de Inseto, uma aventura em miniatura. Proteja a colônia das formigas contra os gananciosos gafanhotos, encontre os insetos que compõem a trupe do circo e ajude a formiga Flik a conquistar o coração da princesa Atta. Uma aventura épica em miniatura com gráficos alucinantes, uma trama super emocionante e até cenas do filme!
Disney-Pixar Das grosse Krabbeln (Germany)	Uma aventura completamente nova em 3D, baseada no filme de animação Vida de Inseto, uma aventura em miniatura. Proteja a colônia das formigas contra os gananciosos gafanhotos, encontre os insetos que compõem a trupe do circo e ajude a formiga Flik a conquistar o coração da princesa Atta. Uma aventura épica em miniatura com gráficos alucinantes, uma trama super emocionante e até cenas do filme!
Disney-Pixar Die Monster AG - Schreckens-Insel (Germany)	O que você diria se descobrisse que os monstros assustadores escondidos no armário das crianças fazem parte de uma conspiração corporativa? Bem, essa é a premissa do filme da Disney ou Pixar de 2001, Monstros, S.A., e é a base deste videogame para o Playstation. Jogue como Sulley ou Mike, dois dos monstros contratados para assustar crianças pequenas enquanto você se move de casa em casa, apenas tentando fazer seu trabalho. A empresa para a qual você trabalha está no ramo de gerar &quot;energia de grito&quot;, então você terá que ser extremamente assustador se quiser ter sucesso. Cada um dos ambientes 3D do jogo é detalhado e amplo, representando bem o filme, e existem dezenas de bônus e power-ups ocultos que você pode usar para sua vantagem.
Disney-Pixar Een Luizenleven (Netherlands)	Uma aventura completamente nova em 3D, baseada no filme de animação Vida de Inseto, uma aventura em miniatura. Proteja a colônia das formigas contra os gananciosos gafanhotos, encontre os insetos que compõem a trupe do circo e ajude a formiga Flik a conquistar o coração da princesa Atta. Uma aventura épica em miniatura com gráficos alucinantes, uma trama super emocionante e até cenas do filme!
Disney-Pixar Ett smakryps liv (Sweden)	Uma aventura completamente nova em 3D, baseada no filme de animação Vida de Inseto, uma aventura em miniatura. Proteja a colônia das formigas contra os gananciosos gafanhotos, encontre os insetos que compõem a trupe do circo e ajude a formiga Flik a conquistar o coração da princesa Atta. Uma aventura épica em miniatura com gráficos alucinantes, uma trama super emocionante e até cenas do filme!
Disney-Pixar Graes-Rodderne (Denmark)	Uma aventura completamente nova em 3D, baseada no filme de animação Vida de Inseto, uma aventura em miniatura. Proteja a colônia das formigas contra os gananciosos gafanhotos, encontre os insetos que compõem a trupe do circo e ajude a formiga Flik a conquistar o coração da princesa Atta. Uma aventura épica em miniatura com gráficos alucinantes, uma trama super emocionante e até cenas do filme!
Disney-Pixar Monsterbedriften - Skrekkoya (Norway)	O que você diria se descobrisse que os monstros assustadores escondidos no armário das crianças fazem parte de uma conspiração corporativa? Bem, essa é a premissa do filme da Disney ou Pixar de 2001, Monstros, S.A., e é a base deste videogame para o Playstation. Jogue como Sulley ou Mike, dois dos monstros contratados para assustar crianças pequenas enquanto você se move de casa em casa, apenas tentando fazer seu trabalho. A empresa para a qual você trabalha está no ramo de gerar &quot;energia de grito&quot;, então você terá que ser extremamente assustador se quiser ter sucesso. Cada um dos ambientes 3D do jogo é detalhado e amplo, representando bem o filme, e existem dezenas de bônus e power-ups ocultos que você pode usar para sua vantagem.
Disney-Pixar Monsterit Oy - Saeikkysaari (Finland)	O que você diria se descobrisse que os monstros assustadores escondidos no armário das crianças fazem parte de uma conspiração corporativa? Bem, essa é a premissa do filme da Disney ou Pixar de 2001, Monstros, S.A., e é a base deste videogame para o Playstation. Jogue como Sulley ou Mike, dois dos monstros contratados para assustar crianças pequenas enquanto você se move de casa em casa, apenas tentando fazer seu trabalho. A empresa para a qual você trabalha está no ramo de gerar &quot;energia de grito&quot;, então você terá que ser extremamente assustador se quiser ter sucesso. Cada um dos ambientes 3D do jogo é detalhado e amplo, representando bem o filme, e existem dezenas de bônus e power-ups ocultos que você pode usar para sua vantagem.
Disney-Pixar Monsters & Co. - L'Isola dello Spavento (Italy)	O que você diria se descobrisse que os monstros assustadores escondidos no armário das crianças fazem parte de uma conspiração corporativa? Bem, essa é a premissa do filme da Disney ou Pixar de 2001, Monstros, S.A., e é a base deste videogame para o Playstation. Jogue como Sulley ou Mike, dois dos monstros contratados para assustar crianças pequenas enquanto você se move de casa em casa, apenas tentando fazer seu trabalho. A empresa para a qual você trabalha está no ramo de gerar &quot;energia de grito&quot;, então você terá que ser extremamente assustador se quiser ter sucesso. Cada um dos ambientes 3D do jogo é detalhado e amplo, representando bem o filme, e existem dezenas de bônus e power-ups ocultos que você pode usar para sua vantagem.
Disney-Pixar Monsters en Co. - Schrik Eiland (Netherlands)	O que você diria se descobrisse que os monstros assustadores escondidos no armário das crianças fazem parte de uma conspiração corporativa? Bem, essa é a premissa do filme da Disney ou Pixar de 2001, Monstros, S.A., e é a base deste videogame para o Playstation. Jogue como Sulley ou Mike, dois dos monstros contratados para assustar crianças pequenas enquanto você se move de casa em casa, apenas tentando fazer seu trabalho. A empresa para a qual você trabalha está no ramo de gerar &quot;energia de grito&quot;, então você terá que ser extremamente assustador se quiser ter sucesso. Cada um dos ambientes 3D do jogo é detalhado e amplo, representando bem o filme, e existem dezenas de bônus e power-ups ocultos que você pode usar para sua vantagem.
Disney-Pixar Monsters, Inc. - Monstros e Companhia - Ilha Assustadora (Portugal)	O que você diria se descobrisse que os monstros assustadores escondidos no armário das crianças fazem parte de uma conspiração corporativa? Bem, essa é a premissa do filme da Disney ou Pixar de 2001, Monstros, S.A., e é a base deste videogame para o Playstation. Jogue como Sulley ou Mike, dois dos monstros contratados para assustar crianças pequenas enquanto você se move de casa em casa, apenas tentando fazer seu trabalho. A empresa para a qual você trabalha está no ramo de gerar &quot;energia de grito&quot;, então você terá que ser extremamente assustador se quiser ter sucesso. Cada um dos ambientes 3D do jogo é detalhado e amplo, representando bem o filme, e existem dezenas de bônus e power-ups ocultos que você pode usar para sua vantagem.
Disney-Pixar Monsters, Inc. - Scare Island (Europe)	O que você diria se descobrisse que os monstros assustadores escondidos no armário das crianças fazem parte de uma conspiração corporativa? Bem, essa é a premissa do filme da Disney ou Pixar de 2001, Monstros, S.A., e é a base deste videogame para o Playstation. Jogue como Sulley ou Mike, dois dos monstros contratados para assustar crianças pequenas enquanto você se move de casa em casa, apenas tentando fazer seu trabalho. A empresa para a qual você trabalha está no ramo de gerar &quot;energia de grito&quot;, então você terá que ser extremamente assustador se quiser ter sucesso. Cada um dos ambientes 3D do jogo é detalhado e amplo, representando bem o filme, e existem dezenas de bônus e power-ups ocultos que você pode usar para sua vantagem.
Disney-Pixar Monsters, Inc. - Scream Team (USA)	O que você diria se descobrisse que os monstros assustadores escondidos no armário das crianças fazem parte de uma conspiração corporativa? Bem, essa é a premissa do filme da Disney ou Pixar de 2001, Monstros, S.A., e é a base deste videogame para o Playstation. Jogue como Sulley ou Mike, dois dos monstros contratados para assustar crianças pequenas enquanto você se move de casa em casa, apenas tentando fazer seu trabalho. A empresa para a qual você trabalha está no ramo de gerar &quot;energia de grito&quot;, então você terá que ser extremamente assustador se quiser ter sucesso. Cada um dos ambientes 3D do jogo é detalhado e amplo, representando bem o filme, e existem dezenas de bônus e power-ups ocultos que você pode usar para sua vantagem.
Disney-Pixar Monsters, Inc. - Skraemmaroen (Sweden)	O que você diria se descobrisse que os monstros assustadores escondidos no armário das crianças fazem parte de uma conspiração corporativa? Bem, essa é a premissa do filme da Disney ou Pixar de 2001, Monstros, S.A., e é a base deste videogame para o Playstation. Jogue como Sulley ou Mike, dois dos monstros contratados para assustar crianças pequenas enquanto você se move de casa em casa, apenas tentando fazer seu trabalho. A empresa para a qual você trabalha está no ramo de gerar &quot;energia de grito&quot;, então você terá que ser extremamente assustador se quiser ter sucesso. Cada um dos ambientes 3D do jogo é detalhado e amplo, representando bem o filme, e existem dezenas de bônus e power-ups ocultos que você pode usar para sua vantagem.
Disney-Pixar Monsters, Inc. - Skraemmeoen (Denmark)	O que você diria se descobrisse que os monstros assustadores escondidos no armário das crianças fazem parte de uma conspiração corporativa? Bem, essa é a premissa do filme da Disney ou Pixar de 2001, Monstros, S.A., e é a base deste videogame para o Playstation. Jogue como Sulley ou Mike, dois dos monstros contratados para assustar crianças pequenas enquanto você se move de casa em casa, apenas tentando fazer seu trabalho. A empresa para a qual você trabalha está no ramo de gerar &quot;energia de grito&quot;, então você terá que ser extremamente assustador se quiser ter sucesso. Cada um dos ambientes 3D do jogo é detalhado e amplo, representando bem o filme, e existem dezenas de bônus e power-ups ocultos que você pode usar para sua vantagem.
Disney-Pixar Monstres & Cie - L'ile de l'Epouvante (France)	O que você diria se descobrisse que os monstros assustadores escondidos no armário das crianças fazem parte de uma conspiração corporativa? Bem, essa é a premissa do filme da Disney ou Pixar de 2001, Monstros, S.A., e é a base deste videogame para o Playstation. Jogue como Sulley ou Mike, dois dos monstros contratados para assustar crianças pequenas enquanto você se move de casa em casa, apenas tentando fazer seu trabalho. A empresa para a qual você trabalha está no ramo de gerar &quot;energia de grito&quot;, então você terá que ser extremamente assustador se quiser ter sucesso. Cada um dos ambientes 3D do jogo é detalhado e amplo, representando bem o filme, e existem dezenas de bônus e power-ups ocultos que você pode usar para sua vantagem.
Disney-Pixar Monstruos, S.A. - Isla de los Sustos (Spain)	O que você diria se descobrisse que os monstros assustadores escondidos no armário das crianças fazem parte de uma conspiração corporativa? Bem, essa é a premissa do filme da Disney ou Pixar de 2001, Monstros, S.A., e é a base deste videogame para o Playstation. Jogue como Sulley ou Mike, dois dos monstros contratados para assustar crianças pequenas enquanto você se move de casa em casa, apenas tentando fazer seu trabalho. A empresa para a qual você trabalha está no ramo de gerar &quot;energia de grito&quot;, então você terá que ser extremamente assustador se quiser ter sucesso. Cada um dos ambientes 3D do jogo é detalhado e amplo, representando bem o filme, e existem dezenas de bônus e power-ups ocultos que você pode usar para sua vantagem.
Disney-Pixar Oetoekaen elaemaeae (Finland)	Uma aventura completamente nova em 3D, baseada no filme de animação Vida de Inseto, uma aventura em miniatura. Proteja a colônia das formigas contra os gananciosos gafanhotos, encontre os insetos que compõem a trupe do circo e ajude a formiga Flik a conquistar o coração da princesa Atta. Uma aventura épica em miniatura com gráficos alucinantes, uma trama super emocionante e até cenas do filme!
Disney-Pixar Toy Story 2 - Buzz l'Eclair a la Rescousse ! (France)	Woody foi roubado do quarto, pronto para ser vendido pelo lance mais alto por um colecionador de brinquedos malvado. Cabe ao bom amigo Buzz Lightyear abrir caminho do quarto para o mundo exterior a fim de salvar Woody do mercado de brinquedos e trazê-lo para casa. Todos os personagens do filme animado em 3D aparecem no controle lateral para ajudar Buzz a chegar onde ele é necessário. Junto com o uso de seu canhão, Buzz pode pular para lugares difíceis de alcançar, também úteis para coletar as moedas escondidas que abrem níveis de bônus.
Disney-Pixar Toy Story 2 - Buzz Lightyear al Rescate! (Spain)	Woody foi roubado do quarto, pronto para ser vendido pelo lance mais alto por um colecionador de brinquedos malvado. Cabe ao bom amigo Buzz Lightyear abrir caminho do quarto para o mundo exterior a fim de salvar Woody do mercado de brinquedos e trazê-lo para casa. Todos os personagens do filme animado em 3D aparecem no controle lateral para ajudar Buzz a chegar onde ele é necessário. Junto com o uso de seu canhão, Buzz pode pular para lugares difíceis de alcançar, também úteis para coletar as moedas escondidas que abrem níveis de bônus.
Disney-Pixar Toy Story 2 - Buzz Lightyear eilt zur Hilfe! (Germany)	Woody foi roubado do quarto, pronto para ser vendido pelo lance mais alto por um colecionador de brinquedos malvado. Cabe ao bom amigo Buzz Lightyear abrir caminho do quarto para o mundo exterior a fim de salvar Woody do mercado de brinquedos e trazê-lo para casa. Todos os personagens do filme animado em 3D aparecem no controle lateral para ajudar Buzz a chegar onde ele é necessário. Junto com o uso de seu canhão, Buzz pode pular para lugares difíceis de alcançar, também úteis para coletar as moedas escondidas que abrem níveis de bônus.
Disney-Pixar Toy Story 2 - Buzz Lightyear to the Rescue! (USA)	Woody foi roubado do quarto, pronto para ser vendido pelo lance mais alto por um colecionador de brinquedos malvado. Cabe ao bom amigo Buzz Lightyear abrir caminho do quarto para o mundo exterior a fim de salvar Woody do mercado de brinquedos e trazê-lo para casa. Todos os personagens do filme animado em 3D aparecem no controle lateral para ajudar Buzz a chegar onde ele é necessário. Junto com o uso de seu canhão, Buzz pode pular para lugares difíceis de alcançar, também úteis para coletar as moedas escondidas que abrem níveis de bônus.
Disney-Pixar Toy Story 2 - Woody e Buzz alla riscossa! (Italy)	Woody foi roubado do quarto, pronto para ser vendido pelo lance mais alto por um colecionador de brinquedos malvado. Cabe ao bom amigo Buzz Lightyear abrir caminho do quarto para o mundo exterior a fim de salvar Woody do mercado de brinquedos e trazê-lo para casa. Todos os personagens do filme animado em 3D aparecem no controle lateral para ajudar Buzz a chegar onde ele é necessário. Junto com o uso de seu canhão, Buzz pode pular para lugares difíceis de alcançar, também úteis para coletar as moedas escondidas que abrem níveis de bônus.
Disney-Pixar Toy Story Racer (USA)	Toy Story Racer é um jogo de corrida de kart baseado no filme Toy Story. Jogue como 12 dos personagens de Toy Story em 18 cursos. Os cursos são baseados em locais apresentados no filme.
Disneyn Aladdin - Nasiran Kosto (Finland)	Aladdin: Nasira's Revenge é um jogo de ação e plataforma em 3D para Playstation. A história se passa após a derrota do feiticeiro Jafar. Sua irmã Nasira então tenta ressuscitar seu irmão demônio para tentar tomar o poder. O jogador controla Aladdin, Abu e Jasmine em muitos lugares diferentes: o Mercado Agrabah, o Palácio do Sultão, um oásis no deserto, a caverna das maravilhas, para não mencionar o covil de Nasira.
Disneyn Atlantis - Kadonnut Kaupunki (Finland)	O Atlantis da Disney é um jogo de plataformas de ação baseado no filme de animação de 2001. Como no filme, o jogo conta a história de um grupo de aventureiros heróicos que enfrentam traiçoeiras águas do oceano e cavernas para localizar a cidade perdida de Atlantis. Você terá que usar astúcia e força para alcançar seus objetivos, utilizando o trabalho em equipe para se aprofundar na grande cidade perdida. O jogo é estrelado por Milo, um herói jovem e ansioso, e seu grupo de amigos exploradores - o severo capitão Rourke, o formidável Helga e o impetuoso Moliore. Os jogadores controlarão cada um desses personagens ao longo do jogo, cada um com seu próprio poder distinto que deve ser usado para atravessar, contornar ou através de obstáculos que bloqueiem seu caminho.
Disneyn Keisarin Uudet Kuviot (Finland)	Baseado no aclamado filme de animação da Disney, The Emperor's New Groove traz para o PlayStation a divertida jornada de Kuzco, um arrogante imperador inca que é transformado em uma lhama por sua ambiciosa e maligna conselheira, Yzma. Para recuperar seu trono e seu corpo humano, Kuzco precisa se juntar ao bondoso camponês Pacha para atravessar o reino e retornar ao seu palácio.
Disneyn Tarzan (Finland)	Tarzan é um jogo de plataforma para Playstation. Tarzan está de volta e cabe a você controlá-lo, você terá que atravessar muitos níveis, evitando todos os obstáculos que estão em seu caminho.
Disneys Aladdin - Nasiras haemnd (Sweden)	Aladdin: Nasira's Revenge é um jogo de ação e plataforma em 3D para Playstation. A história se passa após a derrota do feiticeiro Jafar. Sua irmã Nasira então tenta ressuscitar seu irmão demônio para tentar tomar o poder. O jogador controla Aladdin, Abu e Jasmine em muitos lugares diferentes: o Mercado Agrabah, o Palácio do Sultão, um oásis no deserto, a caverna das maravilhas, para não mencionar o covil de Nasira.
Disneys Aladdin - Nasiras Haevn (Denmark)	Aladdin: Nasira's Revenge é um jogo de ação e plataforma em 3D para Playstation. A história se passa após a derrota do feiticeiro Jafar. Sua irmã Nasira então tenta ressuscitar seu irmão demônio para tentar tomar o poder. O jogador controla Aladdin, Abu e Jasmine em muitos lugares diferentes: o Mercado Agrabah, o Palácio do Sultão, um oásis no deserto, a caverna das maravilhas, para não mencionar o covil de Nasira.
Disneys Aladdin - Nasiras Hevn (Norway)	Aladdin: Nasira's Revenge é um jogo de ação e plataforma em 3D para Playstation. A história se passa após a derrota do feiticeiro Jafar. Sua irmã Nasira então tenta ressuscitar seu irmão demônio para tentar tomar o poder. O jogador controla Aladdin, Abu e Jasmine em muitos lugares diferentes: o Mercado Agrabah, o Palácio do Sultão, um oásis no deserto, a caverna das maravilhas, para não mencionar o covil de Nasira.
Disneys Aladdin - Nasiras Rache (Germany)	Aladdin: Nasira's Revenge é um jogo de ação e plataforma em 3D para Playstation. A história se passa após a derrota do feiticeiro Jafar. Sua irmã Nasira então tenta ressuscitar seu irmão demônio para tentar tomar o poder. O jogador controla Aladdin, Abu e Jasmine em muitos lugares diferentes: o Mercado Agrabah, o Palácio do Sultão, um oásis no deserto, a caverna das maravilhas, para não mencionar o covil de Nasira.
Disneys Atlantis - Das Geheimnis der verlorenen Stadt (Germany)	O Atlantis da Disney é um jogo de plataformas de ação baseado no filme de animação de 2001. Como no filme, o jogo conta a história de um grupo de aventureiros heróicos que enfrentam traiçoeiras águas do oceano e cavernas para localizar a cidade perdida de Atlantis. Você terá que usar astúcia e força para alcançar seus objetivos, utilizando o trabalho em equipe para se aprofundar na grande cidade perdida. O jogo é estrelado por Milo, um herói jovem e ansioso, e seu grupo de amigos exploradores - o severo capitão Rourke, o formidável Helga e o impetuoso Moliore. Os jogadores controlarão cada um desses personagens ao longo do jogo, cada um com seu próprio poder distinto que deve ser usado para atravessar, contornar ou através de obstáculos que bloqueiem seu caminho.
Disneys Atlantis - Det Forsvundne Rige (Denmark)	O Atlantis da Disney é um jogo de plataformas de ação baseado no filme de animação de 2001. Como no filme, o jogo conta a história de um grupo de aventureiros heróicos que enfrentam traiçoeiras águas do oceano e cavernas para localizar a cidade perdida de Atlantis. Você terá que usar astúcia e força para alcançar seus objetivos, utilizando o trabalho em equipe para se aprofundar na grande cidade perdida. O jogo é estrelado por Milo, um herói jovem e ansioso, e seu grupo de amigos exploradores - o severo capitão Rourke, o formidável Helga e o impetuoso Moliore. Os jogadores controlarão cada um desses personagens ao longo do jogo, cada um com seu próprio poder distinto que deve ser usado para atravessar, contornar ou através de obstáculos que bloqueiem seu caminho.
Disneys Atlantis - En Forsvunnet Verden (Norway)	O Atlantis da Disney é um jogo de plataformas de ação baseado no filme de animação de 2001. Como no filme, o jogo conta a história de um grupo de aventureiros heróicos que enfrentam traiçoeiras águas do oceano e cavernas para localizar a cidade perdida de Atlantis. Você terá que usar astúcia e força para alcançar seus objetivos, utilizando o trabalho em equipe para se aprofundar na grande cidade perdida. O jogo é estrelado por Milo, um herói jovem e ansioso, e seu grupo de amigos exploradores - o severo capitão Rourke, o formidável Helga e o impetuoso Moliore. Os jogadores controlarão cada um desses personagens ao longo do jogo, cada um com seu próprio poder distinto que deve ser usado para atravessar, contornar ou através de obstáculos que bloqueiem seu caminho.
Disneys Ein Koenigreich fuer ein Lama (Germany)	Baseado no aclamado filme de animação da Disney, The Emperor's New Groove traz para o PlayStation a divertida jornada de Kuzco, um arrogante imperador inca que é transformado em uma lhama por sua ambiciosa e maligna conselheira, Yzma. Para recuperar seu trono e seu corpo humano, Kuzco precisa se juntar ao bondoso camponês Pacha para atravessar o reino e retornar ao seu palácio.
Disneys Et Kongerike for en Lama (Norway)	Baseado no aclamado filme de animação da Disney, The Emperor's New Groove traz para o PlayStation a divertida jornada de Kuzco, um arrogante imperador inca que é transformado em uma lhama por sua ambiciosa e maligna conselheira, Yzma. Para recuperar seu trono e seu corpo humano, Kuzco precisa se juntar ao bondoso camponês Pacha para atravessar o reino e retornar ao seu palácio.
Disneys Kejsarens Nya Stil (Sweden)	Baseado no aclamado filme de animação da Disney, The Emperor's New Groove traz para o PlayStation a divertida jornada de Kuzco, um arrogante imperador inca que é transformado em uma lhama por sua ambiciosa e maligna conselheira, Yzma. Para recuperar seu trono e seu corpo humano, Kuzco precisa se juntar ao bondoso camponês Pacha para atravessar o reino e retornar ao seu palácio.
Disneys Kejserens Nye Flip (Denmark)	Baseado no aclamado filme de animação da Disney, The Emperor's New Groove traz para o PlayStation a divertida jornada de Kuzco, um arrogante imperador inca que é transformado em uma lhama por sua ambiciosa e maligna conselheira, Yzma. Para recuperar seu trono e seu corpo humano, Kuzco precisa se juntar ao bondoso camponês Pacha para atravessar o reino e retornar ao seu palácio.
Disneys Tarzan (Norway)	Tarzan é um jogo de plataforma para Playstation. Tarzan está de volta e cabe a você controlá-lo, você terá que atravessar muitos níveis, evitando todos os obstáculos que estão em seu caminho.
Doom (USA)	Todo o inferno está se soltando! É isso! O vício em jogos jogado por cerca de 10 milhões de fanáticos no PC. E agora está disponível numa versão suada, pulsante e cheia de adrenalina para a consola de jogos PlayStation. É DOOM. A edição personalizada do PlayStation. Aprimorado para aproveitar ao máximo a tecnologia de ponta do PlayStation. Com mais de 50 níveis de loucura e caos de ULTIMATE DOOM e DOOM II. Além de novos níveis de destruição exclusivos que fazem o inferno explodir na sua tela!
Dotchi Mecha! (Japan)	Docchi Mecha! é um jogo de estratégia em que o jogador assume o papel de um pequeno alienígena que precisa passar por algumas missões para atingir seus objetivos. O jogo usa um motor de desenho animado 3D para o campo de batalha e sequências de anime 2D para a parte da aventura. A jogabilidade consiste em criar pequenos alienígenas (e maiores) para pegar itens, criar novos edifícios e atacar os edifícios e unidades inimigas. A missão estará completa quando você destruir o inimigo.
Doukyuusei 2 (Japan, Asia)	Doukyuusei 2 é uma clássica &quot;aventura amorosa&quot;. És um estudante do liceu, o teu pai é um famoso arqueólogo que viaja pelo mundo e a tua mãe morreu quando eras criança. É agora o teu terceiro ano no liceu 88 e a tua principal preocupação é a tua vida amorosa. Será que vais conseguir namorar com sucesso e ter um final feliz com um dos teus quinze encantadores colegas de turma? A mecânica do jogo é muito semelhante à de um jogo de aventura clássico, mas o enredo centra-se exclusivamente na tua relação com as raparigas. Podes deslocar-te com a tua personagem num &quot;mapa da cidade&quot;, visitando diferentes locais. Podes marcar encontros e ir a diferentes locais em alturas específicas. As decisões que tomas influenciam a história.
Dragon Ball - Final Bout (Europe)	Dragon Ball: Final Bout é um jogo de luta em que personagens criados por Akira Toriyama lutam em 3D. Dependendo da sua técnica de luta, você pode melhorar suas habilidades. Até oito jogadores podem se revezar lutando entre si e usando os famosos ataques vistos no mangá e anime.
Dragon Ball GT - Final Bout (USA)	Dragon Ball: Final Bout é um jogo de luta em que personagens criados por Akira Toriyama lutam em 3D. Dependendo da sua técnica de luta, você pode melhorar suas habilidades. Até oito jogadores podem se revezar lutando entre si e usando os famosos ataques vistos no mangá e anime.
Dragon Ball Z - Ultimate Battle 22 (USA)	O game possui esse nome por causa dos 22 personagens jogáveis. Contudo, 5 personagens adicionais podem ser desbloqueados, o que faz com que a tela mude e o jogo seja renomeado para &quot;Ultimate Battle 27&quot;. O game é lembrado por seus sprites e cutscenes que apareciam antes das lutas.
Dragon Knight 4 (Japan)	Dragon Knight 4 é a sequela dos Knights of Xentar. Passaram-se anos depois de Takeru ter derrotado o mal supremo. Ele casou com a sua namorada Luna e eles tiveram um filho chamado Kakeru. Este rapaz de quinze anos tem uma fraqueza: adora duendes nus. Mas logo aprende que o feiticeiro malvado Lushifon quer transformar todas as pessoas em pedra e controlar o mundo inteiro até que alguém o possa deter. Juntamente com o misterioso espadachim Eto e muitos outros heróis, Kakeru deve completar a sua última missão e derrotar Lushifon e os seus capangas. Neste jogo de role-playing táctico, o jogador controla nove unidades em batalha, atribuídas de acordo com a classe da personagem que lidera a unidade. Os adversários também formam grupos semelhantes e também estão divididos em classes. Cada classe tem a sua própria patente, pontos fortes e fracos. Os jogadores podem recrutar muitas personagens.
Dragon Quest VII - Eden no Senshitachi (Japan, Asia) (Disc 1)	Em &quot;Dragon Warrior VII&quot;, você é um filho de 16 anos de um pescador que vive em uma pequena ilha chamada Estard. Não há mais nada no planeta além desta ilha e do vasto oceano que a rodeia. Um dia, você e dois amigos fazem uma descoberta e percebem que o mundo já foi muito mais do que a Ilha Estard. Então, o que fez com que ele desaparecesse? Para descobrir isso, você viaja ao passado, onde espera resolver o mistério e restaurar o mundo atual como era antes. &quot;Dragon Warrior VII&quot; compartilha com seu antecessor o sistema de empregos: você pode atribuir classes de personagens (&quot;trabalhos&quot;) aos membros do seu grupo e aprender muitas habilidades diferentes, dependendo do trabalho que você escolheu. O jogo mantém o estilo tradicional da série, incluindo cenário estritamente medieval e combate em primeira pessoa baseado em turnos.
Dragon Warrior VII (USA) (Disc 1)	Em &quot;Dragon Warrior VII&quot;, você é um filho de 16 anos de um pescador que vive em uma pequena ilha chamada Estard. Não há mais nada no planeta além desta ilha e do vasto oceano que a rodeia. Um dia, você e dois amigos fazem uma descoberta e percebem que o mundo já foi muito mais do que a Ilha Estard. Então, o que fez com que ele desaparecesse? Para descobrir isso, você viaja ao passado, onde espera resolver o mistério e restaurar o mundo atual como era antes. &quot;Dragon Warrior VII&quot; compartilha com seu antecessor o sistema de empregos: você pode atribuir classes de personagens (&quot;trabalhos&quot;) aos membros do seu grupo e aprender muitas habilidades diferentes, dependendo do trabalho que você escolheu. O jogo mantém o estilo tradicional da série, incluindo cenário estritamente medieval e combate em primeira pessoa baseado em turnos.
Dream Story - Les Aventures de Tim et Lola (France)	O jogador assume o controle de Ruff ou Tumble, um irmão e irmã que estão dormindo e tentando libertar 40 &quot;Winks&quot; de um homem chamado Nitekap e seu cúmplice, Threadbear. No enredo do jogo, &quot;Winks&quot; são pequenas criaturas brancas que fazem sonhos, e &quot;Hoodwinks&quot;, que são verdes e de tamanho semelhante são os responsáveis pelos pesadelos.
Driver (Europe)	Na pele de Tanner, você será o motorista de um sindicato criminoso(máfia) que está em franca expansão. No caminho, você deverá eliminar a competição, dirigir um carro de fuga, espantar algumas pessoas, desviar do policiamento ferrenho, desviar dos caras maus, quebrar algumas janelas, salvar seu amor e muito mais nas quatro cidades que são cenário(Miami, San Francisco, Los Angeles e Nova York). Execute manobras autênticas como &quot;zerinhos&quot;, cavalos de pau, cavalos de pau reversos e muito mais enquanto cruza por alamedas, becos e parques, acerta cercas e dirige por sobre cones de tráfico. Muitos carros diferentes podem ser dirigidos(a maioria você reconhecerá). Você conseguirá salvar o dia?
Driver - Sennyuu! Car Chase Daisakusen (Japan)	Na pele de Tanner, você será o motorista de um sindicato criminoso(máfia) que está em franca expansão. No caminho, você deverá eliminar a competição, dirigir um carro de fuga, espantar algumas pessoas, desviar do policiamento ferrenho, desviar dos caras maus, quebrar algumas janelas, salvar seu amor e muito mais nas quatro cidades que são cenário(Miami, San Francisco, Los Angeles e Nova York). Execute manobras autênticas como &quot;zerinhos&quot;, cavalos de pau, cavalos de pau reversos e muito mais enquanto cruza por alamedas, becos e parques, acerta cercas e dirige por sobre cones de tráfico. Muitos carros diferentes podem ser dirigidos(a maioria você reconhecerá). Você conseguirá salvar o dia?
Driver - You Are the Wheelman (USA)	Na pele de Tanner, você será o motorista de um sindicato criminoso(máfia) que está em franca expansão. No caminho, você deverá eliminar a competição, dirigir um carro de fuga, espantar algumas pessoas, desviar do policiamento ferrenho, desviar dos caras maus, quebrar algumas janelas, salvar seu amor e muito mais nas quatro cidades que são cenário(Miami, San Francisco, Los Angeles e Nova York). Execute manobras autênticas como &quot;zerinhos&quot;, cavalos de pau, cavalos de pau reversos e muito mais enquanto cruza por alamedas, becos e parques, acerta cercas e dirige por sobre cones de tráfico. Muitos carros diferentes podem ser dirigidos(a maioria você reconhecerá). Você conseguirá salvar o dia?
Driver 2 (USA) (Disc 1)	Literalmente &quot;de volta às ruas&quot;, Tanner ganha um parceiro, Tobias Jones, e deve procurar por Pinky Lenny, um mafioso extremamente perigoso que era o braço-direito de Solomon Caine, mas o traiu e se uniu a Álvaro Vasquez, este sendo brasileiro e chefe de uma gangue no Rio de Janeiro. Tanner e seu parceiro se unem a Caine para procurá-lo, embora Caine o quer por motivos individuais e Tanner para prendê-lo. Nesta história também conhecemos Charles Jericho, o atual braço-direito de Caine e o responsável por expandir a série Driver. Tendo Tanner e Jericho inicialmente trabalhando juntos à captura.
Driver 2 - Back on the Streets (Europe) (Disc 1)	Literalmente &quot;de volta às ruas&quot;, Tanner ganha um parceiro, Tobias Jones, e deve procurar por Pinky Lenny, um mafioso extremamente perigoso que era o braço-direito de Solomon Caine, mas o traiu e se uniu a Álvaro Vasquez, este sendo brasileiro e chefe de uma gangue no Rio de Janeiro. Tanner e seu parceiro se unem a Caine para procurá-lo, embora Caine o quer por motivos individuais e Tanner para prendê-lo. Nesta história também conhecemos Charles Jericho, o atual braço-direito de Caine e o responsável por expandir a série Driver. Tendo Tanner e Jericho inicialmente trabalhando juntos à captura.
DSF Fussball Manager 2002 (Germany)	Para além de um novo motor de jogo, foram programadas alterações inovadoras e funcionalidades revolucionárias no Player Manager 2001 de Alex Ferguson para melhorar o sistema de menus, acelerar o ritmo e a acessibilidade das opções no jogo e oferecer uma sensação totalmente realista àquele aumento de tensão no dia a dia. Novas capturas de movimento dos jogadores, novos modelos e dinâmicas de jogadores e ambientes de estádio proporcionarão representações realistas das tácticas dos jogadores à medida que cada jogo é jogado em tempo real, enquanto as estatísticas pós jogo melhoradas darão um guia rápido sobre o funcionamento dessas tácticas. Todas estas funcionalidades inovadoras foram complementadas com uma entrada de conteúdo de jogo única e uma avaliação no final da época como um Player Manager da própria Ferguson.
Duke Nukem (Europe)	Alienígenas pousaram na futurista Los Angeles e cabe ao Duke trazer a dor e mostrar-lhes a porta. Após as entradas iniciais dos jogos de plataforma side-scrolling, Duke Nukem 3D introduz uma perspectiva em primeira pessoa à série e transforma o jogo em um jogo de tiro completo com gráficos 2.5D.O arsenal de Duke inclui pistolas, bombas caseiras, minas a laser, armas Nordenfelt, uma metralhadora e vários lançadores de foguetes, mas também seu poderoso pé para chutar os inimigos. O jogo apresenta um alto nível de interatividade. Muitos objetos no ambiente podem ser quebrados ou interagidos, como mesas de snooker, máquinas arcade, vidros, interruptores de luz e câmeras de segurança. O protagonista também pode entregar dólares às strippers para que tirem a blusa. Mas, Total Meltdown traz novidades, com um novo episódio &quot;Plug n' Pray&quot; e uma nova trilha sonora.
Duke Nukem - Land of the Babes (USA)	A série de jogos de ação Duke Nukem retorna ao Playstation com Duke Nukem: Land of the Babes. Nesta nova aventura, nosso herói deve liberar a Terra onde apenas algumas &quot;garotas&quot; sublimes sobreviveram aos estragos dos alienígenas. Toneladas de armas de todos os tipos e 14 missões levarão você ao fim da reconquista do seu planeta.
Duke Nukem - Time to Kill (USA)	O jogo começa não muito tempo depois de Duke Nukem 3D. Duke está relaxando no Bootylicious com algumas cervejas e algumas garotas, quando de repente, os Pig Cops começam a destruir o lugar e transformam sua Harley personalizada de 1968 em uma moto chopper. Duke derrota todos os Pig Cops e então descobre que os alienígenas estão tentando voltar ao passado para dominar o mundo antes que Duke estivesse lá para impedi-los. O jogo possui um total de 28 níveis, que variam de Los Angeles na época presente ao Velho Oeste e ao Coliseu. O jogo possui um modo para dois jogadores, permitindo que duas pessoas possam se desafiem em uma partida mata-mata. O jogo apresenta diversos tipos de inimigos, como Pig Cops, Lagartos, Octabrains, etc.
Duke Nukem - Total Meltdown (USA)	Alienígenas pousaram na futurista Los Angeles e cabe ao Duke trazer a dor e mostrar-lhes a porta. Após as entradas iniciais dos jogos de plataforma side-scrolling, Duke Nukem 3D introduz uma perspectiva em primeira pessoa à série e transforma o jogo em um jogo de tiro completo com gráficos 2.5D.O arsenal de Duke inclui pistolas, bombas caseiras, minas a laser, armas Nordenfelt, uma metralhadora e vários lançadores de foguetes, mas também seu poderoso pé para chutar os inimigos. O jogo apresenta um alto nível de interatividade. Muitos objetos no ambiente podem ser quebrados ou interagidos, como mesas de snooker, máquinas arcade, vidros, interruptores de luz e câmeras de segurança. O protagonista também pode entregar dólares às strippers para que tirem a blusa. Mas, Total Meltdown traz novidades, com um novo episódio &quot;Plug n' Pray&quot; e uma nova trilha sonora.
Dune (Spain)	Dune 2000 é um remake do clássico Dune II atualizado para Windows. Neste jogo de estratégia em tempo real, você pode jogar em uma das três casas, o malvado Harkonnen, o ganancioso Ordos ou o nobre Atreides. Cada um tem diferentes conjuntos de unidades e táticas, mantendo um equilíbrio geral. Ao contrário do original, as cutscenes acontecem após cada missão, com live-cast desta vez, já visto na franquia Command & Conquer do Westwood Studio. Um modo de cor de 16 bits foi o próximo passo para seu gênero RTS, impulsionando os gráficos no Dune 2000.
Dune 2000 (USA)	Dune 2000 é um remake do clássico Dune II atualizado para Windows. Neste jogo de estratégia em tempo real, você pode jogar em uma das três casas, o malvado Harkonnen, o ganancioso Ordos ou o nobre Atreides. Cada um tem diferentes conjuntos de unidades e táticas, mantendo um equilíbrio geral. Ao contrário do original, as cutscenes acontecem após cada missão, com live-cast desta vez, já visto na franquia Command & Conquer do Westwood Studio. Um modo de cor de 16 bits foi o próximo passo para seu gênero RTS, impulsionando os gráficos no Dune 2000.
Dynasty Warriors (USA)	Dynasty Warriors é um jogo de luta baseado em 3D desenvolvido por um estúdio de desenvolvimento interno da Koei. A Koei é mais conhecida por suas simulações de guerra na China do século III. Esta é a primeira tentativa deles com um jogo de luta para PlayStation. O jogo é baseado em armas, o que significa que não existe combate corpo a corpo que não incorpore armas. O enredo está alinhado com os simuladores de guerra da Koei, então este é um jogo de luta baseado na história real. Os personagens são retirados diretamente do romance histórico Romance dos Três Reinos. Cada personagem é baseado ou vinculado a um dos lendários senhores da guerra que lutaram para se unir sob seu próprio reino.
EA Sports Supercross (USA)	Pegue uma das motos disponíveis e compita nos diferentes modos oferecidos, como Supercross, Motocross, Freestyle, Arenacross e Motocross Feminino.
ECW Anarchy Rulz (USA)	Nesta versão da ECW, ou Extreme Championship Wrestling, existem 32 lutadores para escolher e ainda mais opções. Os lutadores incluem Tommy Dreamer, Justin Credible, Francine e Super Crazy. Os modos incluem exibição, carreira e torneio.
Ehrgeiz - God Bless the Ring (USA)	Uma arma antiga de origem desconhecida foi encontrada em um castelo alemão há cerca de cinquenta anos. Como era obviamente algo de valor, foi decidido que seria concedido ao melhor lutador do mundo. Afinal, quem apreciaria uma arma mais do que um lutador experiente? Onze dos melhores combatentes do mundo (incluindo Cloud Strife, Tifa Lockhart e Vincent Valentine) se propuseram a reivindicar este prêmio. O misterioso artefato ficou conhecido como Ehrgeiz, e o torneio que foi construído em torno dele assumiu o mesmo nome. Agora, rumores sugerem que a porta para uma terra há muito esquecida pode ser destrancada com esta arma; uma terra que poderia revelar o segredo da imortalidade. O torneio assumiu um significado totalmente novo!
Einhaender (USA)	Em 2192, uma nova cidade, Selene, é construída na lua. Com o passar dos anos, Selene se torna maior, mais poderosa e mais independente da Terra - até o ponto em que a Lua e a Terra lutam em uma guerra que termina sem uma vitória definitiva para nenhum dos lados. Em 2242, a guerra irrompe novamente - a Terra lentamente começa a ganhar ... exceto pelos esforços de uma tecnologia experimental Selene conhecida como Einhänders: máquinas voadoras com uma &quot;mão&quot; que lhes permite mudar de armamento no meio da batalha. Em 12 de dezembro de 2245, Selene envia 3 Einhänders em uma última tentativa de virar a maré da guerra. Você pode escolher a nave para pilotar, e cabe a você lutar contra as monstruosas defesas da Terra e vencer a batalha. O jogo é um shooter de tela lateral, com fundos 3D renderizados e inimigos. A atmosfera do jogo é muito &quot;industrial&quot;, até a música industrial alemã tocando ao fundo. A troca de armas e a reivindicação são parte integrante do jogo, já que as armas têm tiros limitados.
Emit Value Pack (Japan) (En,Ja) (Disc 1) (Vol. 1 - Toki no Maigo)	Emit é um romance visual, dividido em três partes, que foi concebido para ajudar os japoneses a estudar inglês. O jogo pode ser jogado em inglês ou japonês. Existem dois modos de jogo: modo Story e modo de jogo em inglês. O modo de história é o jogo principal dividido em capítulos onde os jogadores podem seguir o enredo e fazer uma série de exercícios após cada capítulo. No modo de história, os jogadores podem interromper o jogo em qualquer altura para procurar um termo que não compreenderam ou para alterar a língua. O Pacote de Valores é uma compilação dos 3 episódios do jogo onde seguimos as estranhas aventuras de Yuri.
Epidemic (USA)	A sequência de Kileak: The DNA Imperative, Epidemic coloca os jogadores em um mundo atormentado por uma doença mortal: o vírus Gigari. Tendo se espalhado por todo o mundo, forçou os remanescentes da civilização humana a se esconder no subsolo. O lar da humanidade é Neural City, que é controlada pelo Grupo Byflos, que tem a ameaça de desligar todo o suporte de vida sobre as cabeças dos habitantes da cidade. Como Masao Coda, um membro do grupo de libertação Del Sol, você deve usar seu traje Protect Armor para enfrentar o Grupo Byflos e seus muitos lacaios robóticos, resgatar sua namorada infectada da morte certa nas mãos do vírus e, eventualmente, salvar a humanidade.Um jogo de tiro em primeira pessoa, Epidemic exige que os jogadores atravessem vários corredores e espaços apertados, encontrando cartões-chave para obter acesso a novas áreas e destruindo os robôs inimigos que estão em seu caminho.
Equestriad 2001 (Europe) (En,De,Es)	Equestriad 2001 é uma recriação realista dos três melhores cursos de eventos do mundo, incluindo Badminton, Burghley, Kentucky e Sydney. Lucinda Green, Mary King, Matt Ryan, David O'Conner, Ian Stark & Vaughan Jefferis são apenas alguns dos 21 melhores cavaleiros do mundo apresentados na Equestriad 2001, incluindo outros campeões olímpicos e mundiais passados e presentes, juntamente com representações precisas de cada um de seus cavalos. Recriações incríveis dos mundialmente famosos percursos de Badminton, Burghley e Kentucky e um percurso especial de Sydney do mundialmente famoso designer de percursos Mike Etherington-Smith estão disponíveis para os jogadores competirem em dressage, cross country e showjumping.
Equestrian Showcase (USA)	Equestriad 2001 é uma recriação realista dos três melhores cursos de eventos do mundo, incluindo Badminton, Burghley, Kentucky e Sydney. Lucinda Green, Mary King, Matt Ryan, David O'Conner, Ian Stark & Vaughan Jefferis são apenas alguns dos 21 melhores cavaleiros do mundo apresentados na Equestriad 2001, incluindo outros campeões olímpicos e mundiais passados e presentes, juntamente com representações precisas de cada um de seus cavalos. Recriações incríveis dos mundialmente famosos percursos de Badminton, Burghley e Kentucky e um percurso especial de Sydney do mundialmente famoso designer de percursos Mike Etherington-Smith estão disponíveis para os jogadores competirem em dressage, cross country e showjumping.
ESPN Extreme Games (USA)	1XTREME traz a emoção dos desportos radicais para a PlayStation. Escolha um dos quatro aparelhos exclusivos, incluindo patins em linha, skates, skates, bicicletas de montanha e luge de rua e acerte uma das cinco faixas. Enquanto estiver na pista, ultrapasse os obstáculos e passe pelos portões para ganhar pontos e dinheiro. Se você passar por todos os portões em uma pista, você vai ganhar uma viagem para o Money Hall para coletar ainda mais dinheiro, que vai ganhar melhor equipamento. Se os adversários estão ficando entre você e o dinheiro, você pode sempre soco e chutá-los para fora do caminho. Leve no computador com o modo de exibição ou temporada, e quando os adversários controlados por computador começam a cair muito facilmente, desafie um amigo com dois jogadores de ação em tela dividida. Quando surgir a necessidade de velocidade, joga 1XTREME.
ESPN Street Games (Japan)	1XTREME traz a emoção dos desportos radicais para a PlayStation. Escolha um dos quatro aparelhos exclusivos, incluindo patins em linha, skates, skates, bicicletas de montanha e luge de rua e acerte uma das cinco faixas. Enquanto estiver na pista, ultrapasse os obstáculos e passe pelos portões para ganhar pontos e dinheiro. Se você passar por todos os portões em uma pista, você vai ganhar uma viagem para o Money Hall para coletar ainda mais dinheiro, que vai ganhar melhor equipamento. Se os adversários estão ficando entre você e o dinheiro, você pode sempre soco e chutá-los para fora do caminho. Leve no computador com o modo de exibição ou temporada, e quando os adversários controlados por computador começam a cair muito facilmente, desafie um amigo com dois jogadores de ação em tela dividida. Quando surgir a necessidade de velocidade, joga 1XTREME.
Eve - The Lost One (Japan) (Disc 1) (Kyoko Disc)	EVE: The Lost One é uma sequencia do erro de burst de Eve . Os eventos do jogo ocorrem três anos após os do primeiro jogo. O jogador é capaz de controlar dois personagens - a detetive Kyoko e a misteriosa Snake, enquanto tentam resolver um complexo mistério cheio de traições e intrigas políticas. Para concluir o jogo com sucesso, o jogador terá que experimentá-lo da perspectiva de ambos os heróis, ajudando-se a reunir pistas e desbloquear eventos. O jogo usa uma interface de menu típica para aventuras japonesas. O jogador interage com o mundo do jogo selecionando opções de menu, que incluem principalmente olhar, conversar ou ir para um local diferente. O jogo é feito no estilo anime, com personagens que aparecem em fundos ainda pré-renderizados.
Evil Dead - Hail to the King (USA) (Disc 1)	O teu papel é o de Ash, o herói da trilogia Evil Dead. A ação decorre cronologicamente oito anos após os acontecimentos do último filme. Ash tem de voltar a salvar o mundo dos monstros libertados pelo Livro dos Mortos, naquele que é, como já deves ter percebido, um jogo de ação sem compromissos.
Exciting Pro Wres (Japan)	A THQ conseguiu arrancar a licença WWF da Acclaim por pelo menos dez anos (em 2000). A THQ então foi até a respeitada desenvolvedora de jogos de luta livre japonesa Yuke's Co., Ltd, que produz a série Toukon Retsuden, e disse a eles para fazerem um jogo digno de The Rock. WWF SmackDown! foi o resultado desta colaboração.
Exciting Pro Wres 2 (Japan)	WWF Smackdown! 2 Know Your Role segue o grande sucesso do WWF Smackdown em 2000! com novos lutadores novos na federação (mais de 50 incluídos) e as partidas nunca vistas antes de Ladder e Tornado Tag Team. Considerando que o título original foi o primeiro jogo de luta livre a ter sequências de enredo, esta sequência melhorou a ideia com uma interação melhor e atualizada com os personagens. O subtítulo de WWF Smackdown! 2 vem de uma das estrelas mais notáveis ​​da World Wrestling Federation - The Rock; ele informa seus oponentes para &quot;Conheça o seu papel e cale a boca!&quot;
Extra Bright (Japan)	Extra Bright é um rail-shooter totalmente em 3D, mas só podes mover-te para a esquerda ou para a direita. Isto significa que a tua nave está constantemente a avançar. Os níveis são variados, com o jogador a sobrevoar penhascos, a fazer curvas apertadas e a atravessar passagens de cores vivas ou mesmo escuras. O ritmo do jogo é particularmente enérgico.
F.A. Premier League Football Manager 2000, The (Europe)	O jogo de gerenciamento desportivo The F.A. Premier League Football Manager 2000 no Playstation transforma você num treindaor de uma equipa de futebol. Escolha a sua formação entre as 4 divisões do campeonato inglês e leve os seus homens à vitória. Você será o único tomador de decisões em todos os aspectos do clube e evoluirá entre equipas liçenciadas e jogadores de futebol liçenciados graças à licença oficial obtida pelo jogo.
F.A. Premier League Stars, The (Europe)	Premier League Stars é um jogo de futebol da EA lançado alguns meses antes do FIFA 2000. Os dois jogos são bastante semelhantes, mas Stars é um pouco mais rápido e ativo do que FIFA, que é mais realista. Enquanto a FIFA oferece várias ligas, a Stars se concentra na Premier League inglesa e é totalmente licenciada com todos os clubes, kits, estádios e jogadores reais. A característica mais original do Stars é que ele usa o conceito de estrelas, o que significa que você coleta estrelas vencendo partidas, marcando gols, etc. As estrelas podem ser usadas para melhorar os jogadores em diferentes habilidades, como passes, chutes e desarmes.
Fade to Black (USA) (En,Fr,De,Es,It)	sta é a sequência de Flashback. Você assume o controle de Conrad, que foi preso por seu antigo inimigo, os Morphs. Ganhando a confiança e assistência dos misteriosos Anciãos, Conrad deve lutar contra a invasão Morph, sem saber em quem pode confiar... Fade to Black usa gráficos totalmente poligonais para os modelos de personagens e o ambiente. A câmera muda de ângulo dependendo da localização do personagem do jogador, como nos jogos Alone in the Dark. Conrad pode usar várias armas para eliminar inimigos, e também terá que resolver alguns quebra-cabeças ao longo do caminho. No entanto, ele não pode fazer tantos movimentos quanto em &quot;Flashback&quot;; ele não pode escalar ou pular, e a única maneira de impedir que os inimigos atirem nele é agachando-se.
Family Chess (Japan)	O xadrez é um jogo de tabuleiro para dois jogadores jogado em um tabuleiro de xadrez, um tabuleiro quadriculado com 64 quadrados dispostos em uma grade de oito por oito. É um dos jogos mais populares do mundo, jogado por milhões de pessoas em todo o mundo em casa, em clubes, online, por correio e em torneios. Cada jogador começa o jogo com dezesseis peças: um rei, uma rainha, duas torres, dois cavalos, dois bispos e oito peões, cada um desses tipos de peças se move de forma diferente. As peças são utilizadas para atacar e capturar as peças do adversário. O objetivo do jogo é colocar o rei do oponente em xeque, colocando-o sob ameaça de captura (&quot;verificação&quot;) que não pode ser evitada.
Famires e Youkoso! (Japan)	Construa seu próprio império de restaurantes familiares. O jogador pode escolher o lugar, o estilo, o pessoal (camara, cozinha, etc.), a decoração, os diferentes tipos de mesas e até mesmo pode escolher os menus. O jogo tem um bom sistema de controle que o torna realmente fácil de jogar e gráficos lindos em 2D. O jogo apresenta 3 zonas diferentes no início do jogo para que o jogador escolha uma e jogue nela.
Fear Effect (USA) (Disc 1)	Fear Effect é um jogo de ação / aventura com sets pré-calculados no Playstation. Antes que possamos completar 18 anos, um certo Wee Ming Lam desaparece em circunstâncias misteriosas. Os mercenários querem encontrá-la para resgatar seu pai, um poderoso líder tríade. Ao longo da história, você vai jogar três membros da mesma equipe para tentar encontrar a garota antes de seus perseguidores.
Fear Effect 2 - Retro Helix (USA) (Disc 1)	Fear Effect 2: Retro Helix é um jogo de ação / aventura no Playstation. Amantes de atmosferas glaucosas, cenas sangrentas ou carne fresca, este título oferece-lhe para salvar o mundo ameaçado por um vírus. Um por um, você é levado a dirigir um dos quatro personagens principais da história.
Fear Factor (USA) (Beta) (1999-05-05)	Fear Effect é um jogo de ação / aventura com sets pré-calculados no Playstation. Antes que possamos completar 18 anos, um certo Wee Ming Lam desaparece em circunstâncias misteriosas. Os mercenários querem encontrá-la para resgatar seu pai, um poderoso líder tríade. Ao longo da história, você vai jogar três membros da mesma equipe para tentar encontrar a garota antes de seus perseguidores.
FIFA - Die WM-Qualifikation 98 (Germany) (En,Fr,De,Es,Nl,Sv)	O segundo jogo de futebol da Electronic Arts para Nintendo 64, FIFA: Road to World Cup 98 apresenta uma licença exclusiva da Copa do Mundo para que os jogadores possam entrar em campo em 16 estádios internacionais, juntar-se a times com mais de 170 seleções internacionais e dar uma olhada nas estatísticas de mais de 4.500 jogadores. A animação de captura de movimento foi usada na tentativa de recriar o movimento do jogador, e os efeitos climáticos realistas fazem com que os jogadores enfrentem chuva, neve e até granizo. Os comentários de John Motson, Andy Gray e Des Lynham foram projetados para adicionar uma sensação adicional de realismo a cada partida. Os jogadores podem enfrentar os modos &quot;Copa do Mundo 98&quot;, &quot;Amigável&quot;, &quot;Liga&quot;, &quot;Pênaltis&quot; e &quot;Treinamento&quot;, e as opções multijogador permitem que até quatro pessoas competam no mesmo jogo. Uma opção de gerenciamento também permite que os jogadores editem times e jogadores para criar seu próprio time dos sonhos. Características: Entre em campo com mais de 170 equipes internacionais Experimente cinco modos de jogo diferentes ou junte-se a três amigos para ação multijogador Analise as estatísticas de mais de 4.500 jogadores reais e monte o time dos sonhos definitivonn
FIFA - En Route pour la Coupe du Monde 98 (France) (En,Fr,De,Es,Nl,Sv)	O segundo jogo de futebol da Electronic Arts para Nintendo 64, FIFA: Road to World Cup 98 apresenta uma licença exclusiva da Copa do Mundo para que os jogadores possam entrar em campo em 16 estádios internacionais, juntar-se a times com mais de 170 seleções internacionais e dar uma olhada nas estatísticas de mais de 4.500 jogadores. A animação de captura de movimento foi usada na tentativa de recriar o movimento do jogador, e os efeitos climáticos realistas fazem com que os jogadores enfrentem chuva, neve e até granizo. Os comentários de John Motson, Andy Gray e Des Lynham foram projetados para adicionar uma sensação adicional de realismo a cada partida. Os jogadores podem enfrentar os modos &quot;Copa do Mundo 98&quot;, &quot;Amigável&quot;, &quot;Liga&quot;, &quot;Pênaltis&quot; e &quot;Treinamento&quot;, e as opções multijogador permitem que até quatro pessoas competam no mesmo jogo. Uma opção de gerenciamento também permite que os jogadores editem times e jogadores para criar seu próprio time dos sonhos. Características: Entre em campo com mais de 170 equipes internacionais Experimente cinco modos de jogo diferentes ou junte-se a três amigos para ação multijogador Analise as estatísticas de mais de 4.500 jogadores reais e monte o time dos sonhos definitivonn
FIFA - Road to World Cup 98 (USA) (En,Fr,De,Es,Nl,Sv)	O segundo jogo de futebol da Electronic Arts para Nintendo 64, FIFA: Road to World Cup 98 apresenta uma licença exclusiva da Copa do Mundo para que os jogadores possam entrar em campo em 16 estádios internacionais, juntar-se a times com mais de 170 seleções internacionais e dar uma olhada nas estatísticas de mais de 4.500 jogadores. A animação de captura de movimento foi usada na tentativa de recriar o movimento do jogador, e os efeitos climáticos realistas fazem com que os jogadores enfrentem chuva, neve e até granizo. Os comentários de John Motson, Andy Gray e Des Lynham foram projetados para adicionar uma sensação adicional de realismo a cada partida. Os jogadores podem enfrentar os modos &quot;Copa do Mundo 98&quot;, &quot;Amigável&quot;, &quot;Liga&quot;, &quot;Pênaltis&quot; e &quot;Treinamento&quot;, e as opções multijogador permitem que até quatro pessoas competam no mesmo jogo. Uma opção de gerenciamento também permite que os jogadores editem times e jogadores para criar seu próprio time dos sonhos. Características: Entre em campo com mais de 170 equipes internacionais Experimente cinco modos de jogo diferentes ou junte-se a três amigos para ação multijogador Analise as estatísticas de mais de 4.500 jogadores reais e monte o time dos sonhos definitivonn
FIFA - Rumbo al Mundial 98 (Spain) (En,Fr,De,Es,Nl,Sv)	O segundo jogo de futebol da Electronic Arts para Nintendo 64, FIFA: Road to World Cup 98 apresenta uma licença exclusiva da Copa do Mundo para que os jogadores possam entrar em campo em 16 estádios internacionais, juntar-se a times com mais de 170 seleções internacionais e dar uma olhada nas estatísticas de mais de 4.500 jogadores. A animação de captura de movimento foi usada na tentativa de recriar o movimento do jogador, e os efeitos climáticos realistas fazem com que os jogadores enfrentem chuva, neve e até granizo. Os comentários de John Motson, Andy Gray e Des Lynham foram projetados para adicionar uma sensação adicional de realismo a cada partida. Os jogadores podem enfrentar os modos &quot;Copa do Mundo 98&quot;, &quot;Amigável&quot;, &quot;Liga&quot;, &quot;Pênaltis&quot; e &quot;Treinamento&quot;, e as opções multijogador permitem que até quatro pessoas competam no mesmo jogo. Uma opção de gerenciamento também permite que os jogadores editem times e jogadores para criar seu próprio time dos sonhos. Características: Entre em campo com mais de 170 equipes internacionais Experimente cinco modos de jogo diferentes ou junte-se a três amigos para ação multijogador Analise as estatísticas de mais de 4.500 jogadores reais e monte o time dos sonhos definitivonn
FIFA Football 2004 (Europe) (En,Nl,Sv)	FIFA Soccer 2004 dá continuidade à franquia campeã de vendas da EA Sports com um novo esquema de controle e um Modo Carreira aprofundado. Mais uma vez, os jogadores são presenteados com uma linha abrangente de times e jogadores, com mais de 500 licenças oficiais que incluem a Major League Soccer, bem como os melhores times da Europa e da América do Sul. As estrelas competirão em vários estádios autênticos, com a atmosfera ainda mais intensificada por uma série de gritos adicionais da multidão em relação aos títulos anteriores da série. Um recurso conhecido como &quot;Controle fora da bola&quot; permite que os jogadores orientem aqueles que não estão com a posse da bola, ajudando a criar oportunidades de gol correndo para diferentes partes do campo, solicitando tackles e muito mais. Jogadas, estratégias e formações individuais também podem ser ajustadas instantaneamente.nn
FIFA Football 2005 (Europe) (En,Nl)	O FIFA Soccer 2005 oferece mais controle do que nunca, com botões e sensibilidade de controle aprimorados e um controle intuitivo sem bola. Agora você pode assumir o comando de jogadores que não estão com a posse de bola, fazendo tackles, lutando por espaço e mandando seus companheiros correrem enquanto você controla o campo. Com mais de 350 licenças oficiais de times e ligas de todo o mundo, um modo Carreira aprimorado e uma transmissão aprimorada, o FIFA Soccer 2005 oferece uma experiência de futebol completa e autêntica.
FIFA Soccer 2004 (USA) (En,Es)	FIFA Soccer 2004 dá continuidade à franquia campeã de vendas da EA Sports com um novo esquema de controle e um Modo Carreira aprofundado. Mais uma vez, os jogadores são presenteados com uma linha abrangente de times e jogadores, com mais de 500 licenças oficiais que incluem a Major League Soccer, bem como os melhores times da Europa e da América do Sul. As estrelas competirão em vários estádios autênticos, com a atmosfera ainda mais intensificada por uma série de gritos adicionais da multidão em relação aos títulos anteriores da série. Um recurso conhecido como &quot;Controle fora da bola&quot; permite que os jogadores orientem aqueles que não estão com a posse da bola, ajudando a criar oportunidades de gol correndo para diferentes partes do campo, solicitando tackles e muito mais. Jogadas, estratégias e formações individuais também podem ser ajustadas instantaneamente.nn
FIFA Soccer 2005 (USA) (En,Es)	O FIFA Soccer 2005 oferece mais controle do que nunca, com botões e sensibilidade de controle aprimorados e um controle intuitivo sem bola. Agora você pode assumir o comando de jogadores que não estão com a posse de bola, fazendo tackles, lutando por espaço e mandando seus companheiros correrem enquanto você controla o campo. Com mais de 350 licenças oficiais de times e ligas de todo o mundo, um modo Carreira aprimorado e uma transmissão aprimorada, o FIFA Soccer 2005 oferece uma experiência de futebol completa e autêntica.
Fifth Element, The (USA)	Baseado em um filme de mesmo nome, O Quinto Elemento é uma aventura em terceira pessoa onde você assume a personalidade de um dos dois personagens. Suas duas escolhas decorrem das duas principais do filme, Korben Dallas ou Leeloo Minai Lekatariba-Lamina-Tchai Ekbat. Korben, interpretado por Bruce Willis no filme, é motorista de táxi. Ele mora na cidade de Nova York quando o jogo começa e é o único homem capaz de salvar o mundo. Leeloo é o Quinto Elemento. Ela é a única esperança que o universo tem contra o Mal Puro. Reza a história que a cada cinco mil anos uma porta se abre entre as dimensões. Uma dimensão é o nosso universo e a outra é o antiuniverso. Este universo é conhecido como Puro Mal, e espera que as portas se abram, pois a cada cinco mil anos os quatro elementos básicos (terra, ar, fogo, água) se reúnem em torno do quinto ser perfeito (Leeloo). Os dois personagens têm diferentes opções disponíveis. Korben pode usar armas, enquanto Leeloo pode usar granadas. Isso ajuda você em certos aspectos do jogo, e escolher seu personagem com sabedoria pode significar a diferença entre a vida e a morte.
Fighting Force & Tomb Raider II (Germany) (En,Fr,De) (Demo)	Fighting Force é um jogo de ação no Playstation no qual você pode incorporar um dos 4 personagens disponíveis. Cada personagem tem diferentes qualidades e ataques especiais. O game oferece sete capítulos que contêm 22 cursos. Fighting Force é jogável a dois através do modo cooperativo.
Fighting Force (USA)	Fighting Force é um jogo de ação no Playstation no qual você pode incorporar um dos 4 personagens disponíveis. Cada personagem tem diferentes qualidades e ataques especiais. O game oferece sete capítulos que contêm 22 cursos. Fighting Force é jogável a dois através do modo cooperativo.
Final Doom (USA)	O fuzileiro naval espacial favorito de todos, &quot;pronto para enfrentar as hordas do Inferno&quot;, está de volta para uma última corrida de glória. Você sabe, ele é o cara que corre pelos grandes mundos alienígenas atacando Barões do Inferno e Zumbis com lançadores de foguetes, espingardas de cano duplo e BFGs, enquanto tenta salvar nosso pequeno planeta do perigo. Já é hora de darem um descanso a esse cara, e é exatamente isso que estão fazendo. O jogo, apropriadamente intitulado Final Doom, é o último jogo Doom nesta lendária e bastante revolucionária série de jogos de tiro em 3D.
Final Fantasy (Japan)	Final Fantasy para PS1 é o remake do jogo Classic que foi lançado pela primeira vez no NES/Famicom. Esta versão lançada apenas no Japão é uma versão semelhante à lançada em Final Fantasy Origins. As diferenças consistem principalmente em um aprimoramento gráfico e adição de CGI.nnO jogo em si é baseado em turnos onde o jogador cria 4 personagens, escolhendo entre várias classes diferentes. Esses heróis partem em uma jornada para encontrar os 4 Cristais Elementais e salvar o mundo.nnConsiste principalmente em ir de cidade em cidade e em masmorras para derrotar monstros, acumular ouro e experiência e descobrir o enredo do jogo.
Final Fantasy Anthology - European Edition - Final Fantasy V (Europe, Australia)	Final Fantasy V é a reedição para Playstation do segundo episódio da famosa saga Squaresoft a ser lançado no Super Nintendo. Os quatro cristais que representam os quatro elementos governam o equilíbrio do mundo, até que um meteorito chegue à Terra. Butz, que testemunhou a queda do meteorito, encontra vários personagens e começa uma busca para descobrir quem está tentando perturbar o equilíbrio dos cristais.
Final Fantasy Anthology - Final Fantasy V (USA)	Final Fantasy V é a reedição para Playstation do segundo episódio da famosa saga Squaresoft a ser lançado no Super Nintendo. Os quatro cristais que representam os quatro elementos governam o equilíbrio do mundo, até que um meteorito chegue à Terra. Butz, que testemunhou a queda do meteorito, encontra vários personagens e começa uma busca para descobrir quem está tentando perturbar o equilíbrio dos cristais.
Final Fantasy Anthology - Final Fantasy VI (USA)	Situado num mundo de fantasia com um nível de tecnologia equivalente ao da Segunda Revolução Industrial, a história do jogo se concentra em um grupo de rebeldes que procuram derrubar uma ditadura imperial. O jogo possui catorze personagens permanentes jogáveis, a maioria de qualquer outro jogo da série principal. Final Fantasy VI foi o primeiro jogo da série a ser dirigido por alguém que não é produtor e criador da série Hironobu Sakaguchi; O papel foi preenchido por Yoshinori Kitase e Hiroyuki Ito. Yoshitaka Amano, colaborador de longa data da série Final Fantasy, retornou como designer de imagem e personagem, enquanto o compositor regular Nobuo Uematsu escreveu a pontuação do jogo, que foi lançado em vários álbuns de trilha sonora.
Final Fantasy Chronicles - Chrono Trigger (USA, Canada)	Um dia despreocupado na Feira do Milénio irá transformar-se numa busca épica pelo jovem Crono. Será impulsionado na derradeira viagem pelo tempo e espaço, encontrará novos amigos, derrotará as forças do mal e encontrará aquele que quer destruir o fluxo do tempo. Chrono Trigger é um jogo de role-playing, com a mecânica de jogabilidade habitual. À medida que as personagens ganham poder, não só os seus valores de capacidade aumentam, como também aprendem novas &quot;técnicas&quot;. O jogo utiliza o sistema de combate ATB (Active Time Battle) do jogo Final Fantasy. Não há batalhas aleatórias no jogo, uma vez que todos os inimigos são visíveis no ecrã, e é mesmo possível contorná-los por completo. O jogo permite-lhe enfrentar o seu adversário final em alturas diferentes, resultando em vários finais diferentes.
Final Fantasy II (Japan)	Final Fantasy II é um remake do jogo original para NES (Famicom). A versão original foi lançada apenas no Japão, mas esta versão PS1 foi disponibilizada fora do Japão em Final Fantasy Origins.nnO jogo em si apresenta gráficos aprimorados em comparação com o jogo original, bem como novos filmes em CG.nnÉ um RPG baseado em turnos, no qual o jogador controla quatro personagens que viajam por cidades, masmorras e pelo Mapa Mundial.nnOs personagens progridem aumentando suas estatísticas no final das batalhas, dependendo do que realmente aconteceu na batalha, em vez de ganharem níveis.
Final Fantasy IX (USA, Canada) (Disc 1)	Final Fantasy IX é um RPG. Nona parte da série, distingue-se dos seus predecessores por novos gráficos mais belos, cinemática de tirar o fôlego e um universo pitoresco. Navegue pelo vasto mundo do título para descobrir uma história rica em reviravoltas e magia.
Final Fantasy Origins - Final Fantasy (Europe)	Final Fantasy para PS1 é o remake do jogo Classic que foi lançado pela primeira vez no NES/Famicom. Esta versão lançada apenas no Japão é uma versão semelhante à lançada em Final Fantasy Origins. As diferenças consistem principalmente em um aprimoramento gráfico e adição de CGI.nnO jogo em si é baseado em turnos onde o jogador cria 4 personagens, escolhendo entre várias classes diferentes. Esses heróis partem em uma jornada para encontrar os 4 Cristais Elementais e salvar o mundo.nnConsiste principalmente em ir de cidade em cidade e em masmorras para derrotar monstros, acumular ouro e experiência e descobrir o enredo do jogo.
Final Fantasy Origins - Final Fantasy II (Europe)	Final Fantasy II é um remake do jogo original para NES (Famicom). A versão original foi lançada apenas no Japão, mas esta versão PS1 foi disponibilizada fora do Japão em Final Fantasy Origins.nnO jogo em si apresenta gráficos aprimorados em comparação com o jogo original, bem como novos filmes em CG.nnÉ um RPG baseado em turnos, no qual o jogador controla quatro personagens que viajam por cidades, masmorras e pelo Mapa Mundial.nnOs personagens progridem aumentando suas estatísticas no final das batalhas, dependendo do que realmente aconteceu na batalha, em vez de ganharem níveis.
Final Fantasy Tactics (USA)	O primeiro jogo da subsérie Final Fantasy Tactics, combina elementos temáticos da série Final Fantasy com um motor de jogo e sistema de batalha diferente do que havia sido feito anteriormente na franquia. Tactics usa um campo de jogo tridimensional, isométrico e rotacionável. A história se passa em um reino chamado Ivalice e segue Ramza Beoulve, um cadete que acaba se envolvendo em um complicado conflito militar conhecido como A Guerra dos Leões, onde duas facções nobres rivais estão competindo pela sucessão do trono. Ramza e seus aliados acabam descobrindo um plano sinistro por detrás da guerra.
Final Fantasy V (Japan, Asia)	Final Fantasy V é a reedição para Playstation do segundo episódio da famosa saga Squaresoft a ser lançado no Super Nintendo. Os quatro cristais que representam os quatro elementos governam o equilíbrio do mundo, até que um meteorito chegue à Terra. Butz, que testemunhou a queda do meteorito, encontra vários personagens e começa uma busca para descobrir quem está tentando perturbar o equilíbrio dos cristais.
Final Fantasy VI (Europe, Australia)	Situado num mundo de fantasia com um nível de tecnologia equivalente ao da Segunda Revolução Industrial, a história do jogo se concentra em um grupo de rebeldes que procuram derrubar uma ditadura imperial. O jogo possui catorze personagens permanentes jogáveis, a maioria de qualquer outro jogo da série principal. Final Fantasy VI foi o primeiro jogo da série a ser dirigido por alguém que não é produtor e criador da série Hironobu Sakaguchi; O papel foi preenchido por Yoshinori Kitase e Hiroyuki Ito. Yoshitaka Amano, colaborador de longa data da série Final Fantasy, retornou como designer de imagem e personagem, enquanto o compositor regular Nobuo Uematsu escreveu a pontuação do jogo, que foi lançado em vários álbuns de trilha sonora.
Final Fantasy VII (USA) (Disc 1)	A história segue Cloud Strife, um mercenário que junta-se a uma organização ecoterrorista a fim de impedir que megacorporação Shinra use a essência vital do planeta como uma fonte de energia. Acontecimentos acabam colocando Cloud e seus aliados atrás de Sephiroth, um super-humano que deseja destruir o planeta. A jogabilidade tem navegação e exploração de diversos ambientes e um sistema de batalha baseado em turnos.
Final Fantasy VIII (USA) (Disc 1)	A história se passa em um mundo que mistura elementos de fantasia e ficção científica, seguindo um grupo de jovens mercenários liderados por Squall Leonhart e que trabalham para uma organização chamada SeeD. Eles inicialmente viajam por países diferentes perseguindo a feiticeira Edea, porém logo devem impedir que o futuro seja comprimido no tempo.
First Queen IV - Varcia Senki (Japan)	A terra de Logris era originalmente habitada por elfos, anões e outras criaturas mágicas. Quando os humanos chegaram, as diferenças culturais entre as raças não eram suficientes para provocar uma guerra, pelo que coexistiram pacificamente durante algum tempo. Eventualmente, os humanos dividiram-se em várias nações mais pequenas. A nação de Barcia, no norte, tinha uma população pequena e o seu rei Zenel temia que o seu país fosse conquistado por outros. Para o evitar, convidou o mago negro Zon, que lançou um feitiço sobre os seus soldados. Mas nada é de graça ...
Fish Eyes II (Japan)	Águas cintilantes do oceano e riachos rolantes cercam você enquanto sua linha é lançada no cenário, caindo na água cheia com uma variedade de peixes para pescar. Este é o conceito por trás do popular jogo Reel Fishing para o PlayStation. A segunda edição da Reel Fishing baseia-se no original, adicionando mais tackle, diferentes tipos de peixes e colocando mais ênfase nos tipos de peixes que você captura - não na quantidade.
Formula 1 97 (Europe) (En,Fr,De,Es,It)	Fórmula 1 97 é um jogo de simulação de F1 em Playstation. É uma versão melhorada do primeiro jogo de Fórmula 1 publicada pela Psygnosis. O título apresenta desta vez as pistas (17), corredores (13 equipas) e carros da época de 1997. O título apresenta um modo Arcade e um modo Grand Prix, bem como um modo multijogador de ecrã dividido.
Formula 1 Championship Edition (USA) (En,Fr,De,Es,It)	Fórmula 1 97 é um jogo de simulação de F1 em Playstation. É uma versão melhorada do primeiro jogo de Fórmula 1 publicada pela Psygnosis. O título apresenta desta vez as pistas (17), corredores (13 equipas) e carros da época de 1997. O título apresenta um modo Arcade e um modo Grand Prix, bem como um modo multijogador de ecrã dividido.
Forsaken (USA)	Forsaken é um jogo de ação para Playstation. O software mergulha você em um universo pós-apocalíptico na Terra. Assim, na pele de um catador de motocicleta, você atravessa instalações militares, usinas nucleares e muitos outros ambientes variados. Graças a diferentes armas poderosas, você poderá evitar todos os perigos que pontuam seu caminho.
Fox Hunt (USA) (Disc 1)	Jack Fremont é um homem comum com um talento único: seu conhecimento de programas de TV. Caso contrário, sua vida não está indo muito bem e ele está prestes a ser expulso de sua casa. No entanto, um dia, gabando-se de suas habilidades enciclopédicas, Jack é confrontado por dois agentes da CIA que lhe dizem que um poderoso terrorista está prestes a destruir Los Angeles. Aparentemente, o terrorista não foi creditado em alguns programas de TV e recorreu à violência em protesto. Agora cabe a Jack detê-lo e salvar a cidade. Fox Hunt é uma comédia de espionagem que depende muito de vídeo ao vivo em tela cheia para levar o enredo adiante. A jogabilidade é limitada a interlúdios entre filmes e apresenta elementos de aventura e ação. Alguns locais exigem que o jogador explore salas e encontre itens, enquanto outros são construídos como sequências de ação. Há um limite de tempo em muitos desses episódios e alguns arcos de história ramificados.
FoxKids.com - Micro Maniacs Racing (USA)	Uma vez que salvar o mundo da escassez iminente de alimentos é uma tarefa assustadora, o nosso bom amigo Dr. Minimizer propõe-se persuadir, chantagear e criar participantes para competir pelo direito de liderar a colonização da Terra uma vez que todos tenham sido reduzidos a 1/30 do seu tamanho original. O médico louco criou assim um percurso de obstáculos na sua casa para encontrar o derradeiro soldado através de uma sobrevivência ao estilo darwiniano da competição mais apta. Mas faltam-lhe participantes. Uma vez reunidos oito desses participantes, é para as corridas que ele vai à procura do salvador da Terra. Quem teria pensado que escorregar na banheira poderia potencialmente manter o destino de 7 mil milhões de pessoas na balança?
From TV Animation One Piece - Grand Battle! 2 (Japan)	One Piece Grand Battle 2 no Playstation oferece um grande número de personagens do mangá de Eichiiro Oda para lutas de diversão. Encontre a atmosfera da saga com os poderes dos frutos do diabo para ajudá-lo e ataques devastadores. Repita as grandes batalhas que pontuam o mangá e crie seus próprios confrontos. Use os detalhes da arena a seu favor para ganhar a vitória.
Frontschweine (Germany)	O jogador assume o controle dos porcos em uniforme de soldado, que são equipados com uma variedade de armas. Em cada rodada os soldados podem ser movidos e disparar um tiro. O objetivo é acabar com todos os soldados inimigos. Além disso, é possível completar tarefas adicionais, pelas quais o jogador recebe medalhas. Com essas medalhas os soldados do jogador podem ser promovidos, o que melhora suas habilidades. As missões estão se tornando cada vez mais difíceis e o jogador pode esperar adversários promovidos e, portanto, mais fortes. As áreas jogáveis ​​variam de montanhas cobertas de neve a paisagens desérticas quentes. Em algumas áreas o jogador pode usar o ambiente empurrando / empurrando / batendo / atirando em jogadores inimigos em rios ou campos minados (embora o jogador humano possa compartilhar esse destino também).
Fushigi no Kuni no Angelique (Japan)	Este jogo é muito diferente dos outros jogos da saga &quot;Angelique&quot;. Uma simples estudante chamada Angelique vê-se envolvida numa luta para se tornar a Rainha do Cosmos e, para isso, tem de fazer amizade com as belas e poderosas Guardiãs dos Elementos. Ao contrário de outros jogos &quot;Angelique&quot;, Fushigi no Kuni no Angelique é jogado como um jogo de tabuleiro, com o reino dividido em campos sobre os quais Angelique se move. Não há dados visíveis, mas o número de campos em que Angelique pode andar é determinado aleatoriamente ao clicar no botão &quot;move&quot;.
G-Police (USA) (Disc 1)	Decole com seu helicóptero de combate Destroyer perfeitamente equipado. Voe em 35 missões formidáveis ​​pelas cidades corruptas de Calisto e mostre sua habilidade neste incrível jogo estratégico de ação em 3D
G-Police - Weapons of Justice (USA)	G-Police - Weapons of Justice se passa apenas dez dias após os eventos do G-Police original e gira em torno de um grupo de gangues criminosas de pequena monta em Callisto. Essas gangues exploram a G-Police, aproveitando-se de sua força-tarefa enfraquecida e exausta. Com o ressurgimento do crime, a cidade precisa perseverar e rezar por um milagre — felizmente, suas preces são atendidas. Após uma tentativa de silenciar as organizações terroristas, sua equipe recebe a notícia de que fuzileiros navais foram enviados para ajudar a controlar a situação. Infelizmente, eles estão a vários dias de distância da cidade, e a G-Police luta para conter o caos; a rivalidade entre o bem e o mal se intensifica antes da chegada deles.
G.T.A - Grand Theft Auto (Japan)	Grand Theft Auto, abreviado com muita frequência como GTA, é um videogame do tipo sandbox aberto (basicamente, é possível ignorar os objetivos), que deu início a uma série criada por Dave Jones e desenvolvida principalmente pela companhia escocesa Rockstar North (anteriormente DMA Design), e publicada pela Rockstar Games. A jogabilidade consiste em uma combinação de ação, aventura, direção e ocasionalmente modo de RPG, com elementos de furtividade e corridas, tendo ganhado controvérsia por sua natureza adulta e seu tom violento. A série gira em torno de diferentes protagonistas que tentam se destacar no mundo do crime.
Galaxy Fight (Europe)	xistem várias lendas em todos os planetas da nossa galáxia que dizem que o Ser Divino aparece uma vez a cada milênio. O tempo está sobre nós agora, e muitos convergiram no sistema Denius para cumprimentar o Ser Divino. Sem esse deus da lenda, tudo é escuro e vazio. Seu nome é Felden Crais e ele só conhece uma maneira de fazer as coisas. Ele não é nem benevolente nem malévolo, mas seu poder é onipotente. Nenhum ser mortal é mais poderoso do que ele. Os jogadores escolhem um dos oito personagens e viajam entre o sistema solar do jogo para derrotar os oponentes que habitam cada um dos planetas antes que eles tenham a chance de lutar contra Felden e acertar suas contas pessoais com ele.
Galaxy Fight - Universal Warriors (Japan)	xistem várias lendas em todos os planetas da nossa galáxia que dizem que o Ser Divino aparece uma vez a cada milênio. O tempo está sobre nós agora, e muitos convergiram no sistema Denius para cumprimentar o Ser Divino. Sem esse deus da lenda, tudo é escuro e vazio. Seu nome é Felden Crais e ele só conhece uma maneira de fazer as coisas. Ele não é nem benevolente nem malévolo, mas seu poder é onipotente. Nenhum ser mortal é mais poderoso do que ele. Os jogadores escolhem um dos oito personagens e viajam entre o sistema solar do jogo para derrotar os oponentes que habitam cada um dos planetas antes que eles tenham a chance de lutar contra Felden e acertar suas contas pessoais com ele.
Galerians (USA) (Disc 1)	Rion acorda em um quarto de hospital, e a única coisa que consegue se lembrar é o seu nome. No entanto, Rion não é um garoto de 14 anos comum. Ele é um Galerian, um humano com poderes psíquicos especiais. Você assume o papel de Rion enquanto ele tenta escapar do hospital e descobrir a verdade sobre seu passado. Felizmente, sua nova amiga Lilia o orienta e ajuda ao longo do jogo. Para sobreviver, Rion terá que usar seus poderes, que incluem bolas de energia, telecinese e a habilidade de incendiar pessoas. Infelizmente, ele precisa tomar remédios que destroem seu corpo para desbloquear e controlar seus poderes latentes, o que só aumenta o desafio. Para complicar ainda mais as coisas, Rion precisa controlar sua adrenalina; caso contrário, seus poderes se tornarão incontroláveis. Jogue GALERIANS e ajude Rion a desvendar os segredos do seu passado.
Ganbare Morikawa-kun 2-gou (Japan)	Pet in TV é um jogo PlayStation original, onde o usuário toma o controle de um animal de estimação virtual. (Uma versão mais complexa do Tamagotchi.)nnO jogador pode escolher entre uma seleção de PiTs e nomeá-lo. O jogador deve alimentar seu PiT e permitir que ele explore o mundo 3D, aprendendo de seus encontros com cenários e objetos através de tentativa e erro. Uma vez que esses comportamentos são aprendidos, o PiT saberá como responder a esses objetos no futuro (como uma flor ou um espinho). Sempre que o PiT se machucar, ou cansar, devolvê-lo à sua casa permitirá que o Dr. Y o cure. O objetivo para o seu PiT será resolver enigmas por conta própria - para o qual será recompensado com atualização dos chips de Inteligência Artificial.
Gauntlet Legends (USA)	Um mago corrupto chamado Garm usou um conjunto de Runas para invocar um demônio chamado Skorne. No entanto, Skorne derrotou Garm e aprisionou sua alma no Submundo. Temendo o poder das Runas, Skorne as espalhou pelos quatro reinos, para que nunca pudessem ser usadas contra ele. O(s) jogador(es) deve(m) derrotar os chefes finais de cada um dos quatro reinos para obter as quatro chaves que permitem o acesso ao templo profanado e banir Skorne para o Submundo. O(s) jogador(es) também deve(m) coletar as Treze Runas espalhadas pelos locais onde foram encontradas, para que possam perseguir Skorne até o Submundo e finalmente destruí-lo. Os jogadores devem encontrar três runas em cada reino para derrotar Skorne no Submundo (apenas nos arcades) e uma no campo de batalha (apenas nas versões para consoles).
Gensou Suikoden (Japan)	Vagamente baseado no clássico romance medieval chinês &quot;Water Margins&quot; (Shuihuzhuan) de Shi Nai'an. O jogo é um RPG de fantasia ambientado em um universo imaginário, cujo tema principal é a luta política. O herói do jogo é o filho de Theo McDohl, um general que serve o Império da Lua Escarlate, atualmente controlando a terra de Toran. Através de uma série de eventos, o herói se envolve em uma rebelião contra o Império, liderada por uma organização conhecida como Exército de Libertação. Será que o herói encontrará ali um novo lar, será capaz de se desvencilhar de tudo que lhe foi sagrado, inclusive de seu próprio pai? Suikoden é um RPG estilo console com diversas adições incomuns. Existem três tipos de combate no jogo, sendo o mais comum o tradicional combate em grupo baseado em turnos (os jogadores podem ter até seis pessoas em seu grupo ativo). Runas mágicas podem ser equipadas nos personagens do jogador, o que permite o uso limitado de feitiços ofensivos e de cura. Existem também batalhas militares, onde o jogador deve controlar unidades inteiras de lutadores, arqueiros, mágicos, etc., e lutas um contra um. O jogo permite ao jogador construir e personalizar um castelo, que serve como base e fortaleza. 108 personagens podem ser recrutados no jogo, uma homenagem a 108 Stars Of Destiny em &quot;Water Margins&quot;. Muitos desses personagens estarão disponíveis como membros ativos do grupo e participarão de batalhas, enquanto outros atuarão como conselheiros estratégicos ou aprimorarão o próprio castelo de várias maneiras.
Gensou Suikoden II (Japan)	Sequência do primeiro RPG do PlayStation. Como um membro da Aliança, uma força militar apenas sugerida no original, você interpreta o herói involuntário do jogo: um órfão que foi criado por um herói de batalha quieto e despretensioso em uma guerra aparentemente antiga. Ao seu lado nas fileiras está seu melhor amigo Jowy, um menino nascido na nobreza, mas que nunca foi capaz de receber a aprovação dos olhos obstinados de seu pai. Quando o jogo começa, você é imediatamente jogado em um conto de conflito político, traição e guerra em grande escala além do seu alcance nos estágios iniciais. À medida que o jogo avança, o enredo vai ter uma reviravolta, e se desenvolver de várias maneiras que expõem as personalidades de cada um dos personagens envolvidos. O sistema de batalha é baseado em turnos, com a opção de equipar Runas para habilidades especiais, combinar ataques de membros do grupo para criar combos em cadeia ou feitiços devastadores e a opção de conduzir a batalha no modo Automático.
Gex (USA)	Entre na sua TV para derrotar o malvado Rez coletando controles remotos para abrir mundos dentro da sua TV. Você é uma lagartixa com todas as habilidades usuais de herói de plataforma, como pular, atirar e atacar de perto, mas também otários para ajudá-lo a escalar paredes, uma língua para pegar aqueles power-ups difíceis de obter. e muito crack sábio para mantê-lo entretido. Use todos eles para abrir caminho pela terra da TV, procurando por controles remotos, coletando captadores, power-ups e matando TVs.
Gex - Enter the Gecko (USA)	Sinopse A historia começa com uma mosca robô entrando na casa de Gex onde o mesmo está assistindo televisão até ser engolida pelo mesmo. Por causa disso, a TV fica fora do ar e o controle remoto pisca onde revela que Rez enviou essa mosca como lanche para localizar Gex. Monitorado por Rez, Gex começa ser puxado dentro de sua televisão pelo mesmo. Gex precisava sobreviver em 4 locais televisivos da Dimensão Mídia para abrir a cúpula. Com todos os controles remotos recolhidos e as monstruosidades televisivas eliminadas, Gex batalha contra Rez até finalmente ser derrotado. Após a derrota de Rez, Gex sai de sua TV voltando pra sua casa e desliga sua televisão para descansar.
Gex 3D - Enter the Gecko (Europe)	Sinopse A historia começa com uma mosca robô entrando na casa de Gex onde o mesmo está assistindo televisão até ser engolida pelo mesmo. Por causa disso, a TV fica fora do ar e o controle remoto pisca onde revela que Rez enviou essa mosca como lanche para localizar Gex. Monitorado por Rez, Gex começa ser puxado dentro de sua televisão pelo mesmo. Gex precisava sobreviver em 4 locais televisivos da Dimensão Mídia para abrir a cúpula. Com todos os controles remotos recolhidos e as monstruosidades televisivas eliminadas, Gex batalha contra Rez até finalmente ser derrotado. Após a derrota de Rez, Gex sai de sua TV voltando pra sua casa e desliga sua televisão para descansar.
Ghoul Panic (Europe) (En,Fr,De,Es,It)	Ghoul Panic é um jogo de aventura de comédia, ambientado em uma mansão assombrada. Usando uma PlayStation light-gun, assuma o poder de vampiros, monstros, múmias, esqueletos e espiões para abrir as portas trancadas e descobrir bônus escondidos. Uma conversão do jogo de arcade, com 3 dificuldades e modos de jogo escondidos. Existem também modos de jogo exclusivos do PlayStation, incluindo Survival, Adventure e Remix.
Gioca con i Teletubbies (Italy)	Play with the Teletubbies é o primeiro videogame baseado na popular série de TV infantil Teletubbies. Os jogadores podem escolher um dos quatro Teletubbies, Tinky Winky, Po, Laa-Laa ou Dipsy, e devem explorar Teletubbyland para encontrar objetos. Há o Moinho Mágico, um tambor mágico, uma árvore de esconde-esconde e outros. Há mais minijogos se você for até o super domo dos Teletubbies, onde pode brincar com a máquina Tubby Custard, o painel de controle, a Tubby Toaster e outros.
Global Domination (Europe)	Global Domination é um jogo de quebra-cabeça para Playstation. Em 2015, o mundo está à beira da crise. Você é contratado por uma organização chamada Ultra. Assim, você terá que proteger o território dos Estados Unidos e aniquilar os vários países que o ameaçam.
Gokujou Parodius Da! Deluxe Pack (Japan)	A jogabilidade é muito semelhante à série Gradius, com algumas diferenças. Parodius mantém a seletividade de diferentes configurações de armas, mas implementa por meio de quatro personagens diferentes: Vic Viper (de Gradius), Octopus, Twin Bee e Pentarou. A segunda diferença principal é a adição de power-ups de sinos, da série Twinbee. Esses sinos agem como power-ups únicos, permitindo que você destrua todos os inimigos na tela, dispare enormes raios de energia, etc. Inimigos e ambientes dos jogos Gradius e Twinbee são misturados, com uma série de oponentes no estilo anime, que incluem mulheres seminuas. Todos os elementos Gradius são integrados de uma forma muito alegre. O Big Core, um chefe regular na série Gradius, recebe uma aparência neon e é chamado de &quot;Viva Core&quot;. Além disso, há um nível moai (estátuas de cabeça da Ilha de Páscoa), mas todas as estátuas recebem uma aparência muito mais animada. O chefe daquele nível, a Moai Head, atira outros moais no jogador cuspindo-os de sua boca. O chefe final, no estilo típico de Gradius, é um inimigo desarmado que, uma vez derrotado, resulta em uma sequência de destruição/fuga.
Golden Nugget (USA) (Disc 1)	Pegue o cartão ATM virtual e vá para Vegas virtual em Golden Nugget para o sistema de console PlayStation. Apresentando fotos do Golden Nugget Casino em Las Vegas, Nevada e alguns gráficos 3D de aparência autêntica das mesas e slots. Golden Nugget oferece 12 tipos diferentes de jogos que incluem Poker, 7 Card Stud, Texas Hold-em, Video Poker e Pai Gow Poker. Não se preocupe, se você não se considera um &quot;alto apostador&quot;, também existem cinco máquinas caça-níqueis diferentes nas quais você pode perder seu dinheiro digital. Há até uma aparição da TV original do Batman - Adam West. Características: Dezesseis jogos de cassino diferentes, incluindo caça-níqueis, blackjack e vídeo pôquer Mais de 30 minutos de vídeo live-action com Adam West Probabilidades, recompensas e regras realistas direto de Las Vegas
Gradius Gaiden (Japan)	O mal espreita lá fora no universo e só você, a bordo do seu fiel caça estelar Vic Viper, pode acabar com isso. Gradius Gaiden é mais um shooter da série Gradius. A jogabilidade consiste em mover seu lutador pelos estágios de rolagem lateral, atirando em tudo à vista e evitando o fogo inimigo, com o objetivo de chegar ao fim e derrotar o chefe da fase para seguir em frente. Você pode coletar power-ups que enchem seus equipamentos e que podem ser acionados a qualquer momento para um efeito específico, dependendo de qual barra está ativa no momento. O jogo usa gráficos 2D com alguns elementos poligonais e apresenta jogabilidade cooperativa para 2 jogadores, bem como a opção de selecionar entre quatro caças estelares para a batalha.
Gran Turismo (USA)	Gran Turismo é uma popular e aclamada série de videojogos de corrida automóvel produzida pela Polyphony Digital, um estúdio que com o passar do tempo se dedicou a desenvolver basicamente somente este titulo. Exclusiva para as plataformas PlayStation, os jogos Gran Turismo têm a intenção de simular a aparência e o desempenho de um grande numero de veículos, em que quase todos são reproduções licenciadas de automóveis reais. O principal destaque da franquia e que tem se tornado mais forte a cada novo game da franquia, é a intenção de ser um simulador de corridas, mas amigável ao jogador casual.
Grand Theft Auto (USA)	Grand Theft Auto, abreviado com muita frequência como GTA, é um videogame do tipo sandbox aberto (basicamente, é possível ignorar os objetivos), que deu início a uma série criada por Dave Jones e desenvolvida principalmente pela companhia escocesa Rockstar North (anteriormente DMA Design), e publicada pela Rockstar Games. A jogabilidade consiste em uma combinação de ação, aventura, direção e ocasionalmente modo de RPG, com elementos de furtividade e corridas, tendo ganhado controvérsia por sua natureza adulta e seu tom violento. A série gira em torno de diferentes protagonistas que tentam se destacar no mundo do crime.
Grand Theft Auto 2 (USA)	O jogo se passa em um horário não revelado em um futuro próximo. Ao contrário do primeiro jogo que apresentava três cidades diferentes, Grand Theft Auto 2 apresenta apenas uma cidade, mas está dividida em três distritos que são desbloqueados um de cada vez: centro da cidade, residencial e industrial. Como no original, o jogador atende telefones para iniciar várias missões. O jogo usa uma câmera suspensa em uma paisagem 3D e permite ao jogador explorar livremente a cidade e roubar qualquer veículo que o jogador estiver de olho. Para desbloquear novos distritos o jogador deve atingir uma determinada pontuação que é feita cometendo crimes e finalizando missões. Como o jogo agora apresenta várias gangues criminosas, o jogador deve escolher alianças. Realizar missões para uma gangue diminuirá a reputação do jogador para outra. Quando o jogador comete crimes ele também passa a ser procurado pela polícia local, mas à medida que mais crimes são cometidos sem abalar a polícia, eles darão lugar primeiro às equipes da SWAT, depois aos Agentes Especiais e por fim ao exército. Os novos recursos incluem a capacidade de economizar na igreja, ao doar dinheiro suficiente, e várias missões paralelas, como se tornar motorista de táxi para ganhar dinheiro. Há também muitos carros novos com armas acopladas, como um caminhão de bombeiros com lança-chamas e um carro com metralhadoras.
Grandia (USA) (Disc 1)	A trama gira em torno de Justin, um apaixonado por aventuras que decide sair de sua cidade natal em uma jornada para desvendar o mistério do conhecimento herdado de uma civilização antiga. Com o desenrolar do enredo vários personagem se juntam a ele numa batalha contra o General Baal e sua ambição de acabar com o mundo utilizando o poder dos Ancients. Tudo numa aventura longa e envolvente do início ao fim.
Grandia - Prelude (Japan) (Demo 1)	A trama gira em torno de Justin, um apaixonado por aventuras que decide sair de sua cidade natal em uma jornada para desvendar o mistério do conhecimento herdado de uma civilização antiga. Com o desenrolar do enredo vários personagem se juntam a ele numa batalha contra o General Baal e sua ambição de acabar com o mundo utilizando o poder dos Ancients. Tudo numa aventura longa e envolvente do início ao fim.
Guilty Gear (USA)	Este é um jogo de luta 2D. Você pode escolher entre 10 personagens diferentes em Guilty Gear, cada um com seu próprio conjunto de movimentos e ataques especiais. Os movimentos são realizados no estilo típico de jogo de luta (combinações de botões) e o jogo funciona muito bem. Todos os personagens são bastante equilibrados e justos, exceto alguns movimentos que são um pouco excessivos. Alguns personagens podem executar ataques que realmente causam muitos danos e esse é o verdadeiro problema do jogo.
GunBullet (Japan)	Prepare-se para testar sua mira e reflexos em Point Blank, o clássico de tiro para PlayStation. O jogo desafia você com uma variedade de minijogos de tiro absurdamente divertidos, que vão desde acertar alvos em movimento e derrubar pratos voadores até salvar reféns de bandidos de brinquedo. Com uma jogabilidade simples, mas viciante, Point Blank é o teste definitivo para a sua precisão. Use a G-Con 45 (ou um controle padrão) para mirar e atirar em tudo que se move na tela. A diversão é garantida, mas o desafio é real. Acha que consegue acertar todos os alvos?
Gundam Battle Assault (USA)	Este jogo é a sequencia de Gundam: The Battle Master. Heero Yuy, o piloto de um Mobile Suit Wing Gundam, está em uma missão para destruir os Mobile Suits inimigos restantes, que estão sob o comando de Treize Khushrenada, para impedir que uma guerra comece. No modo história, Heero pode pilotar qualquer um dos trajes móveis disponíveis para batalhar com seus inimigos. Cada naipe tem seu próprio conjunto de movimentos especiais e um super ataque. Alguns dos ataques especiais baseados em armas usam munição que pode eventualmente acabar. O super ataque só pode ser usado 3 vezes durante cada luta. Cada naipe também possui propulsores que podem ser usados ​​para voar um pouco no ar. No lado defensivo, os jogadores podem se esquivar dos ataques e evitar o uso de um escudo de feixe que pode ser usado para proteger o jogador contra ataques de projéteis. As roupas móveis vêm com 3 barras de vida no total e as lutas são decididas tentando esgotar todas as barras de vida de uma roupa móvel inimiga.
Gundam Battle Assault 2 (USA)	Gundam Battle Assault 2 é um jogo de luta individual, baseado na popular série de anime &quot;Mobile Suit Gundam&quot; e em seus vários ramos. Você pode jogar como os Gundams titulares (robôs gigantes que andam) de uma ampla variedade de séries. O jogo apresenta mecânica padrão de jogo de luta, com socos, chutes e uma variedade de movimentos combinados que podem ser executados por cada Gundam. Observe que os Mobile Suits não são tão móveis quanto os seres humanos e, portanto, os movimentos dos lutadores são mais lentos e sua capacidade de manobra é pior do que na maioria dos jogos de luta.
Gundress (Japan)	Gundress se passa na recém-construída Bayside City no ano de 2100. Essa metrópole futurista, no entanto, tem seus problemas. O terrorismo e o contrabando ilegal crescem ao ponto de nem mesmo a polícia conseguir fazer o trabalho. É aí que entra o Angel Arms. Um grupo de 6 mulheres, cada uma com um passado misterioso, se une para criar a equipe antiterrorista freelance para contratar, a fim de combater um crime difícil demais de controlar. No entanto, Angel Arms o deve enfrentar sua maior missão quando é designado para proteger um traficante de armas que retém algumas informações muito importantes. O segundo cd é uma coleção de galerias de cenários e arte de personagens.
Gundress Data-shuu (Japan)	Gundress se passa na recém-construída Bayside City no ano de 2100. Essa metrópole futurista, no entanto, tem seus problemas. O terrorismo e o contrabando ilegal crescem ao ponto de nem mesmo a polícia conseguir fazer o trabalho. É aí que entra o Angel Arms. Um grupo de 6 mulheres, cada uma com um passado misterioso, se une para criar a equipe antiterrorista freelance para contratar, a fim de combater um crime difícil demais de controlar. No entanto, Angel Arms o deve enfrentar sua maior missão quando é designado para proteger um traficante de armas que retém algumas informações muito importantes. O segundo cd é uma coleção de galerias de cenários e arte de personagens.
Hard Edge (Europe) (En,Fr,De)	O ano é 2046 e o ​​edifício Togusa foi ocupado por terroristas. O edifício é propriedade de um grande fornecedor militar chamado Machine Gear e abriga alguns cientistas importantes. A equipe T.R.A.G. (Tactical Rescue Assault Group) é enviada para resolver a situação e libertar os reféns, mas todos estão presos em uma armadilha. Com apenas dois sobreviventes, os membros da equipe Alex e Michelle, cabe a eles eliminar a ameaça sozinhos.
HardBall '99 (USA)	Hardball 99 (conhecido como Hardball 6 no PC) é uma simulação de basebol. Hardball 99 segue Hardball 5. É o primeiro da série a oferecer gráficos 3D melhorados. Tem também uma licença completa da Major League Baseball, que permite a utilização de todos os nomes e equipas de jogadores reais. Os modos de jogo incluem: Dinastia Dlay em que os jogadores envelhecem com o tempo, o que afectará as suas capacidades, Jogo Interliga, Jogo Temporada Consecutivo com o projecto amador, e um gerador de campeonato e calendário personalizado. Uma equipa de todos os tempos com jogadores famosos do passado está também incluída.
Harmful Park (Japan)	Harmful Park (Parque Nocivo) foi lançando para o PlayStation apenas no Japão, por uma pequena companhia chamada Sky Think Systems. É o seu jogo de nave de rolagem horizontal 2D padrão, exceto que se passa em um park de diversões bizarro. Assim como a (relativamente longa) introdução informa, um cientista maligno tomou o controle do Harmful Park e o está utilizando para propósitos nefastos. Uma de suas colegas busca pará-lo, mas ela é velha demais para fazer isso por conta próprio. Dessa forma, ela ordena que suas duas filhas preguiçosas salvem o dia, equipando-as com uma espécie de motocicleta voadora armada até os dentes com estranhas armas.
Harry Potter and the Chamber of Secrets (USA, Canada) (En,Fr,Es)	Harry Potter e a Câmara Secreta é um jogo de ação/aventura lançado para Playstation. Encontre Harry e seus amigos neste título inspirados nas segundas aventuras do pequeno bruxo. Como bônus, participe de partidas de quadribol.
Harry Potter and the Philosopher's Stone (Europe) (En,Fr,De)	Deixe o mundo não mágico para trás e inscreva-se na Escola de Bruxaria e Magia de Hogwarts em Harry Potter e a Pedra Filosofal. Como Harry Potter, você aprimorará suas habilidades mágicas e avançará através de três termos de estudo durante o primeiro ano de Harry em Hogwarts. Cada termo irá desafiá-lo a cumprir uma série de objetivos, como recolher e misturar poções com o Professor Snape ou pilotar uma vassoura voadora através da Floresta Proibida em busca do Lembrol de Neville Longbottom. Para passar o primeiro ano de estudo, os jogadores devem completar mais de 29 objetivos diferentes, evitando inimigos e obstáculos
Harry Potter and the Sorcerer's Stone (USA) (En,Fr,Es)	Deixe o mundo não mágico para trás e inscreva-se na Escola de Bruxaria e Magia de Hogwarts em Harry Potter e a Pedra Filosofal. Como Harry Potter, você aprimorará suas habilidades mágicas e avançará através de três termos de estudo durante o primeiro ano de Harry em Hogwarts. Cada termo irá desafiá-lo a cumprir uma série de objetivos, como recolher e misturar poções com o Professor Snape ou pilotar uma vassoura voadora através da Floresta Proibida em busca do Lembrol de Neville Longbottom. Para passar o primeiro ano de estudo, os jogadores devem completar mais de 29 objetivos diferentes, evitando inimigos e obstáculos
Harry Potter ja Salaisuuksien Kammio (Finland) (En,Fi)	Harry Potter e a Câmara Secreta é um jogo de ação/aventura lançado para Playstation. Encontre Harry e seus amigos neste título inspirados nas segundas aventuras do pequeno bruxo. Como bônus, participe de partidas de quadribol.
Harry Potter to Himitsu no Heya (Japan)	Harry Potter e a Câmara Secreta é um jogo de ação/aventura lançado para Playstation. Encontre Harry e seus amigos neste título inspirados nas segundas aventuras do pequeno bruxo. Como bônus, participe de partidas de quadribol.
Harry Potter to Kenja no Ishi (Japan)	Deixe o mundo não mágico para trás e inscreva-se na Escola de Bruxaria e Magia de Hogwarts em Harry Potter e a Pedra Filosofal. Como Harry Potter, você aprimorará suas habilidades mágicas e avançará através de três termos de estudo durante o primeiro ano de Harry em Hogwarts. Cada termo irá desafiá-lo a cumprir uma série de objetivos, como recolher e misturar poções com o Professor Snape ou pilotar uma vassoura voadora através da Floresta Proibida em busca do Lembrol de Neville Longbottom. Para passar o primeiro ano de estudo, os jogadores devem completar mais de 29 objetivos diferentes, evitando inimigos e obstáculos
Harvest Moon - Back to Nature (USA)	No jogo você pode criar animais, alimentá-los, fazer com que procriem, cuidar de suas doenças, deixá-los contentes e até mesmo deixá-los morrer; Cultivar vários tipos de vegetais, legumes e frutas, regá-los, colhê-los, vendê-los, dá-los de presente, cozinhá-los, etc.; Interagir com pessoas na cidade, indo à igreja se confessar, procurar uma namorada, casar-se, ter filho, participar de festivais locais, pescar, apostar ou correr em corridas de cavalo, competições de natação, festivais para mostrar seus animais ou suas produções, etc. O jogo te oferece 3 anos para que você cuide bem da fazenda e a faça prosperar. Caso não consiga, você a perderá. Por isso, arregace as mangas, enxugue o suor, e dê duro no trabalho. Existem duas versões de Harvest Moon Back to the Nature, que são as versões feminina e masculina.
Heart of Darkness (USA) (Disc 1)	O eternamente adiado Heart of Darkness finalmente chegou ao console de jogos PlayStation! Um dia, enquanto Andy estava no parque com seu cachorro Whisky, coisas estranhas começaram a acontecer. Quase instantaneamente, um vórtice para algum reino desconhecido se abriu e sugou o pobre cachorrinho. Determinado a recuperar seu cãozinho, Andy pulou em uma engenhoca voadora caseira e partiu em uma jornada; para onde ele estava indo, ele não sabia. Em seu caminho para este mundo desconhecido, Andy encontrou alguma resistência e caiu em uma parede de granito puro. Ao encontrar um monstro assustador, foi fácil ver que as coisas não eram kosher; esta Terra das Trevas foi invadida por horríveis monstros das sombras que trabalham a serviço do Mestre das Trevas. O objetivo do jogador é destruir esse inimigo maligno, salvar Whiskey e voltar para casa com as duas vidas intactas.
Heiwa Parlor! Pro - Inakappe Taishou Special (Japan)	Pachinko é um dispositivo de jogo japonês usado para diversão e prêmios. Embora as máquinas de pachinko fossem originalmente estritamente mecânicas, as máquinas de pachinko modernas são um cruzamento entre uma máquina de pinball e uma máquina de vídeo caça-níqueis. As máquinas estão muito difundidas em estabelecimentos chamados &quot;pachinko salões&quot;, que também costumam apresentar uma série de caça-níqueis. As salas de Pachinko compartilham a reputação de cavernas de caça-níqueis e cassinos em todo o mundo em termos de decoração extravagante; arquitetura over-the-top; uma névoa baixa de fumaça de cigarro; o barulho constante das máquinas, música e anúncios; e luzes piscando. As máquinas de pachinko modernas são altamente personalizáveis, mantendo os entusiastas continuamente entretidos.
Helix - Fear Effect (Japan) (Disc 1)	Fear Effect 2: Retro Helix é um jogo de ação / aventura no Playstation. Amantes de atmosferas glaucosas, cenas sangrentas ou carne fresca, este título oferece-lhe para salvar o mundo ameaçado por um vírus. Um por um, você é levado a dirigir um dos quatro personagens principais da história.
Henry Explorers (Japan)	Crypt Killer é um jogo de tiro para Playstation no qual você joga como um aventureiro em busca de cristais antigos contendo poderes misteriosos. Muitos inimigos estarão presentes em seu caminho durante os 6 níveis de jogo e para enfrentá-los, você tem à sua disposição diferentes tipos de armas como uma espingarda, uma metralhadora ou um lançador de granadas.
Herc's Adventures (USA)	Ahhh...Grécia antiga. Uma terra fértil, cheia de vinho, mulheres e alguns dos melhores giroscópios que você já provou. Graças a Perséfone, a deusa grega da primavera e da fertilidade, a Grécia é um paraíso maravilhoso. Mas agora o senhor do submundo, Hades, sequestrou Perséfone, fazendo com que a terra murchasse lentamente! Zeus, o Rei dos Deuses, precisa de ajuda para salvá-la, então para quem você liga? Ninguém menos que três dos maiores guerreiros do país! Você pode escolher entre o grande e forte Herc, o super rápido Atlanta ou o jovem e esperto Jason, cada um com suas próprias armas e pontos fortes. Os 40 níveis do jogo incluem muitas outras variações e pastiches da mitologia e lenda grega. Depende de você resgatar Perséfone e dar uma surra em Hades que ele nunca esquecerá!
Herc's Adventures - Hercules no Daibouken (Japan)	Ahhh...Grécia antiga. Uma terra fértil, cheia de vinho, mulheres e alguns dos melhores giroscópios que você já provou. Graças a Perséfone, a deusa grega da primavera e da fertilidade, a Grécia é um paraíso maravilhoso. Mas agora o senhor do submundo, Hades, sequestrou Perséfone, fazendo com que a terra murchasse lentamente! Zeus, o Rei dos Deuses, precisa de ajuda para salvá-la, então para quem você liga? Ninguém menos que três dos maiores guerreiros do país! Você pode escolher entre o grande e forte Herc, o super rápido Atlanta ou o jovem e esperto Jason, cada um com suas próprias armas e pontos fortes. Os 40 níveis do jogo incluem muitas outras variações e pastiches da mitologia e lenda grega. Depende de você resgatar Perséfone e dar uma surra em Hades que ele nunca esquecerá!
Herkules (Europe) (En,De)	Este é um jogo de ação baseado na história de Hércules. Na mitologia clássica, Hércules é conhecido por sua força e por suas inúmeras aventuras de longo alcance. O jogo inclui: desenhos animados, quebra-cabeças, páginas para colorir.
Hidden & Dangerous (Europe) (En,Fr,De,Es,It)	Você está no comando de um esquadrão militar de agentes do SAS da Segunda Guerra Mundial, lutando atrás das linhas inimigas em HIDDEN AND DANGEROUS para PlayStation. Na consagrada tradição do RAINBOW SIX, você utilizará estratégia inteligente, furtividade e poder de fogo pesado para alcançar a vitória em suas missões desafiadoras e perigosas. Você terá que escolher seus melhores soldados, armá-los e equipá-los para qualquer situação que possa surgir, planejar cuidadosamente seu ataque e avançar para o meio da batalha. Toda a ação ocorre através de seis campanhas intensas (contendo um total de 26 missões separadas) na Alemanha, Itália, Iugoslávia, Tchecoslováquia, Noruega e Mar do Norte. Resgate reféns preciosos, encontre-se com aliados ou o melhor de tudo; procure e destrua em escaramuças realistas. Você pode selecionar modos de dificuldade, comandar armas e veículos inimigos (como jipes e tanques) e armar seus agentes com rifles de precisão, metralhadoras, bazucas, granadas, explosivos plásticos, minas e muito mais. No combate estratégico de HIDDEN AND DANGEROUS, cabe a você liderar a equipe no calor da batalha. O jogador pode controlar um soldado no modo FPS e controlar o resto no modo tático. A campanha é dividida em vários episódios, e cada episódio em missões.
Hissatsu Pachinko Station Now - Kore ga Ichiban!! Shin Pikaichi Tengoku (Japan)	Hissatsu Pachinko Station - Agora apresenta 2 máquinas diferentes de pachinko (CR verdadeiro Pika um céu T & CR verdadeiro Pika um paraíso H) com tema mahjong com diferentes níveis de zooms.
Hogs of War (USA)	O jogador assume o controle dos porcos em uniforme de soldado, que são equipados com uma variedade de armas. Em cada rodada os soldados podem ser movidos e disparar um tiro. O objetivo é acabar com todos os soldados inimigos. Além disso, é possível completar tarefas adicionais, pelas quais o jogador recebe medalhas. Com essas medalhas os soldados do jogador podem ser promovidos, o que melhora suas habilidades. As missões estão se tornando cada vez mais difíceis e o jogador pode esperar adversários promovidos e, portanto, mais fortes. As áreas jogáveis ​​variam de montanhas cobertas de neve a paisagens desérticas quentes. Em algumas áreas o jogador pode usar o ambiente empurrando / empurrando / batendo / atirando em jogadores inimigos em rios ou campos minados (embora o jogador humano possa compartilhar esse destino também).
Hogs of War - Nati per Soffritto (Italy)	O jogador assume o controle dos porcos em uniforme de soldado, que são equipados com uma variedade de armas. Em cada rodada os soldados podem ser movidos e disparar um tiro. O objetivo é acabar com todos os soldados inimigos. Além disso, é possível completar tarefas adicionais, pelas quais o jogador recebe medalhas. Com essas medalhas os soldados do jogador podem ser promovidos, o que melhora suas habilidades. As missões estão se tornando cada vez mais difíceis e o jogador pode esperar adversários promovidos e, portanto, mais fortes. As áreas jogáveis ​​variam de montanhas cobertas de neve a paisagens desérticas quentes. Em algumas áreas o jogador pode usar o ambiente empurrando / empurrando / batendo / atirando em jogadores inimigos em rios ou campos minados (embora o jogador humano possa compartilhar esse destino também).
Houshin Engi - Aizouban (Japan)	Há muitos anos atrás, o mundo tomou consciência da existência do império mais poderoso conhecido até à data. Era a época da Dinastia Ing, e do seu sucessor, o Imperador Chyuou. O imperador Chyuou era um imperador altamente respeitado, com grandes capacidades de escrita e era um mestre em tácticas de guerra. O seu império estendia-se em todas as direcções possíveis e incluía quase 800 aldeias. Mas este grande império estava destinado a chegar ao fim. Um poderoso mágico, Dakki, seduziu o Imperador Chyuou usando um terrível feitiço: A Essência dos Deuses, e tornou-se sua imperatriz. Com este título e comandando Chyuou como uma marioneta, ela governou o seu império de acordo com os seus desejos. O reinado de Dakki logo mostrou as suas verdadeiras intenções. O império estava em declínio: o povo estava a passar fome, os roubos e os assassínios eram comuns, e o exército estava a desmoronar-se sem a confiança e liderança do imperador.
Hugo (Europe)	O jogador deve ajudar Hugo em cenários tão diferentes como: Avião, no qual Hugo deve se esquivar dos balões com bombas mortais, Skate, no qual Hugo deve se esquivar de pedras e buracos escarpados e muito mais - 7 cenários no total antes de Hugo finalmente chegar à Montanha onde ele pode libertar sua família. O pequeno e encantador Troll, Hugo, deve lutar contra a bruxa malvada Scylla, que capturou a família de Hugo e está tentando roubar a Beleza de Hugolina (a esposa de Hugo). Você deve ajudar Hugo em sua missão de superar as armadilhas assustadoras e os perigos mortais à sua frente, para derrotar os truques da bruxa malvada, Scylla, e assim salvar sua família.
Hugo - Black Diamond Fever (Europe) (En,Sv,Fi)	A malvada Scylla está de volta e desta vez encontrou uma maneira de se tornar a bruxa mais poderosa de todos os tempos e conquistar o mundo. Para isso, requer diamantes negros muito raros, que são encontrados na ilha da selva onde vivem os kikurianos. Ela os faz prisioneiros e os obriga a trabalhar dia e noite. O velho rei Kikurian pede a Hugo, o troll, para libertar os escravos e parar Scylla antes que seja tarde demais. Quando Fernando recebe uma carta do Rei Kikurian, Hugo a lê, mas encontra o pobre Rei Kikurian preso em uma cela e incapaz de ajudar seu povo, ele não tem tempo a perder. Hugo pode libertar todos os escravos e parar Scylla?
Hugo - The Evil Mirror (USA) (En,Es)	Tendo apenas sobrevivido à sua missão anterior em Black Diamond Fever, Hugo, o Troll, está de volta em outra aventura emocionante! Em algum lugar na floresta Tricky Troll, a bruxa malvada Scylla e seu leal companheiro Don Croco estão tentando encontrar uma maneira de capturar Hugolina e arruinar a família Hugo. Por acidente, Don Croco deixa cair uma bandeja contendo alguns copos e quando Scylla olha para o vidro quebrado, sorri: ela inventou o plano perfeito para o mal? The Evil Mirror Scylla surpreende a família Hugo em sua cabana e acerta Hugo na cabeça com um espelho. O espelho não se quebra, mas Hugo foi pego no espelho por um feitiço maligno. Scylla esmaga o espelho e espalha as três peças de espelho por toda a floresta Tricky Troll. Hugo foi capturado e a única maneira de salvá-lo e libertar Hugolina é encontrar os três espelhos.
Hugo - The Quest for the Sunstones (Europe) (Fr,Nl,Pl)	Hugo: The Quest for the Sunstones é um jogo de plataforma 3D semelhante ao Crash Bandicoot, tanto em estilo gráfico quanto em jogabilidade. Scylla e Don Croco colocaram uma rocha gigante na cratera de um vulcão, colocando em perigo os kikurianos e seu povo. Para frustrar esse plano maligno, Hugo tem que pegar três pedras solares mágicas e colocá-las da maneira correta. Com o sol brilhando através deles, a rocha pode ser destruída e os kikurianos e seu povo podem ser salvos. A jogabilidade inclui derrotar os inimigos batendo neles como Indiana Jones com seu chicote. Estes incluem vários animais da selva, plantas e múmias. No caminho você pode coletar diamantes.
Hyper Olympic in Nagano (Japan)	A Nagano Winter Olympics '98, conhecida no Japão como Hyper Olympics em Nagano, é um jogo esportivo de vários eventos da Konami. Baseia-se nos Jogos Olímpicos de Inverno de 1998 e apresenta 10 eventos olímpicos, incluindo patinação, esqui, luge, bobsleigh, slalom, curling, halfpipe e snowboard. Até quatro jogadores podem escolher um dos 16 países e competir no modo olímpico (jogar pelas medalhas) ou no modo de campeonato (para os pontos, em uma competição no estilo Decathlon).
Hyper Value 2800 - Mahjong (Japan)	Mahjong [Hyper Value 2800] é um jogo de mahjong de aventura no qual o jogador é um jogador de mahjong que percorre sua cidade jogando jogos de mahjong em diferentes lugares. O jogo apresenta na casa do personagem destraváveis ??(o jogador irá desbloqueá-los jogando os diferentes torneios de mahjong), galerias, personagens, músicas, etc.
In the Hunt (USA)	In the Hunt (ou Kaitei Daisensou em japonês) é um jogo de tiros 2D side-scrolling no Playstation. A sociedade Dark Anarchy ameaça destruir as cidades mais importantes do mundo. A nobre tarefa de salvar todas essas belas pessoas está com você. A bordo de um submarino de guerra, aniquile todas as frotas inimigas. In the Hunt pode ser jogado sozinho ou em co-op.
Iron Man & X-O Manowar in Heavy Metal (USA)	As estrelas da Marvel Comics, Homem de Ferro e X-O Manowar, se uniram para salvar o mundo de seus inimigos implacáveis. Escolha qualquer um dos personagens e prepare-se para explodir em oito níveis que abrangem várias zonas: Usina Nuclear, Stark Enterprises, Nova York, Floresta Tropical, Ilha, Plataforma de Perfuração, Navio Dromak e Ciberespaço. Cada área é preenchida com tropas como Soldados Alienígenas Aranha (armados com blasters de laser) e várias defesas, incluindo torres de laser, canhões e armadilhas elétricas. Felizmente, ambos os personagens têm alguns movimentos à disposição para combater essas ameaças.
Iru! (Japan)	...Iru! é um jogo de terror de sobrevivência em primeira pessoa no estilo Clock Tower e Echo Night, no qual você joga como um menino preso em uma escola com seus colegas à noite. Enquanto seus amigos são mortos um por um, seu objetivo é escapar vivo desse pesadelo e descobrir a verdade por trás dessas mortes. Em ...Iru! você deve se esconder de monstros em sequências de perseguição para evitar ser morto. Para progredir no jogo, você precisará conversar com outras pessoas que estão presas na escola, além de resolver quebra-cabeças com os diversos itens de missões que você pode encontrar espalhados pela escola.
Ishin no Arashi (Japan)	Este jogo de estratégia é algo semelhante ao mais conhecido Romance da série Três Reinos e outros jogos de simulação histórica da mesma empresa, mas também difere deles na medida em que tem opções diplomáticas muito menos complexas e uma ênfase na navegação e encontros individuais. Antes de começar, o jogador escolhe um geral e personaliza os seus parâmetros (resistência, poder de ataque, carisma, conhecimento). O jogador controla então o general com os soldados da sua escolha, conduzindo-o através de grelhas representando as cidades e o campo japonês de uma forma rotativa. As redes podem ser ocupadas por lojas, escolas (para formar o general), personagens e grupos amigáveis ou hostis. As batalhas, assim como as negociações e os procedimentos diplomáticos, têm lugar automaticamente, e o seu resultado depende das estatísticas das personagens.
ISS Pro Evolution 2 (Europe) (Es,It)	Lançado na Europa em Março de 2001, ISS Pro Evolution 2, da Konami, foi a sequência de 'ISS Pro Evolution', que havia sido lançado na América do Norte e Europa cerca de um ano antes. Programado pela divisão KCET da Konami, ISSPE2 (também conhecido como 'Winning Eleven 2000 U23 Medal heno Chousen' no Japão) evoluiu em relação ao seu brilhante antecessor em quase todos os aspectos e definiu o padrão para jogos de futebol que viriam a seguir. Em ISSPE o modo de franquia 'Master League' consistia em uma divisão única com 16 equipes européias. A KCET adicionou mais 8 equipes (incluindo dois da América do Sul) e uma segunda divisão. As equipes eram: Liverpool, Manchester United, Leeds, Arsenal, Chelsea, Juventus, Inter, Lazio, Fiorentina, Milan, Parma, Roma, West Ham, Barcelona, Real Madrid, Valencia, Monaco, Marseille, Ajax, Bayern Munich, Bayer Leverkusen, Borussia Dortmund, River Plate, e Vasco de Gama.
Jackie Chan Stuntmaster (USA)	O jogo conta a história de um jovem entregador (Jackie Chan) que teve a missão de entregar um pacote em um templo de artes marciais chamado Temple of the Shaolin (Templo Shaolin). Neste mesmo dia, enquanto jantava em um restaurante, percebeu que seu avô estava sendo interrogado discretamente por cinco pessoas. Quando os cinco homens percebem que Jackie havia os descorbeto, partem em fuga para não levantarem suspeita, mas Jackie continua seguindo-os. Porém, seguindo na busca de seu avô, ele acaba num beco sem saída, de onde ele irá começar suas aventuras para salvar seu avô e reaver o pacote.
Jade Cocoon - Die Tamamayu Legende (Germany)	Jade Cocoon é a história de Levant, um jovem que mora na cidade de Syrus. Você guia o protagonista silencioso em sua busca para seguir os passos de seu pai presumivelmente morto para se tornar um mestre do casulo. Para fazer isso, ele deve se casar com uma mulher Na'gi e está noivo de uma garota chamada Mahbu (dublada por Michelle Ruff). No dia de um grande festival em Syrus, a vila é atacada por demônios conhecidos como Onibubu, que fazem com que muitos moradores caiam em um sono profundo. Uma idosa Nagi, Garai, repele os Onibubu usando a magia Nagi antes que sua maldição afete a todos.
Jade Cocoon - La Leggenda del Tamamayu (Italy)	Jade Cocoon é a história de Levant, um jovem que mora na cidade de Syrus. Você guia o protagonista silencioso em sua busca para seguir os passos de seu pai presumivelmente morto para se tornar um mestre do casulo. Para fazer isso, ele deve se casar com uma mulher Na'gi e está noivo de uma garota chamada Mahbu (dublada por Michelle Ruff). No dia de um grande festival em Syrus, a vila é atacada por demônios conhecidos como Onibubu, que fazem com que muitos moradores caiam em um sono profundo. Uma idosa Nagi, Garai, repele os Onibubu usando a magia Nagi antes que sua maldição afete a todos.
Jade Cocoon - La Leyenda de Tamamayu (Spain)	Jade Cocoon é a história de Levant, um jovem que mora na cidade de Syrus. Você guia o protagonista silencioso em sua busca para seguir os passos de seu pai presumivelmente morto para se tornar um mestre do casulo. Para fazer isso, ele deve se casar com uma mulher Na'gi e está noivo de uma garota chamada Mahbu (dublada por Michelle Ruff). No dia de um grande festival em Syrus, a vila é atacada por demônios conhecidos como Onibubu, que fazem com que muitos moradores caiam em um sono profundo. Uma idosa Nagi, Garai, repele os Onibubu usando a magia Nagi antes que sua maldição afete a todos.
Jade Cocoon - Story of the Tamamayu (USA)	Jade Cocoon é a história de Levant, um jovem que mora na cidade de Syrus. Você guia o protagonista silencioso em sua busca para seguir os passos de seu pai presumivelmente morto para se tornar um mestre do casulo. Para fazer isso, ele deve se casar com uma mulher Na'gi e está noivo de uma garota chamada Mahbu (dublada por Michelle Ruff). No dia de um grande festival em Syrus, a vila é atacada por demônios conhecidos como Onibubu, que fazem com que muitos moradores caiam em um sono profundo. Uma idosa Nagi, Garai, repele os Onibubu usando a magia Nagi antes que sua maldição afete a todos.
Jarrett & Labonte Stock Car Racing (USA)	Toca World Touring Cars, apresenta uma experiência de corrida que equilibra elementos arcade com uma dose de simulação, oferecendo controles mais acessíveis em comparação aos títulos anteriores da série, com características de manuseio que variam significativamente entre os diferentes modelos de carros - desde touring cars clássicos até modelos como o Peugeot 306 GTA e Nissan - permitindo uma abordagem mais dinâmica nas curvas e retas; o jogo substituiu as voltas de qualificação por posições aleatórias na grade de largada e eliminou penalidades por condução agressiva, tornando-o mais amigável para jogadores casuais, enquanto mantém desafios através de uma inteligência artificial notavelmente agressiva que constantemente persegue e ultrapassa o jogador de forma implacável, exigindo habilidade e prática para dominar as corridas; os danos visuais durante as colisões são um destaque, com para-choques voando, para-lamas amassados e vidros quebrados.
Jikkyou Powerful Pro Yakyuu 2001 - Ketteiban (Japan)	Jikkyou Pawafuru Puroyakyu 2001 é o sexto jogo da longa serie de baseball desenvolvido pela Konami e já vendeu mais de 14 milhões de cópias. A série é conhecida pela aparência dos personagens totalmente desenhados e sem pernas. O jogo apresenta diferentes modos, como vs, prática, torneio e temporada.
Jim Henson's Bear in the Big Blue House (USA)	Jim Henson's Bear in the Big Blue House é um jogo de ação desenvolvido pela DC Studios e publicado pela Ubisoft, lançado em 2002. O Urso, um curioso urso pardo com um olfato apurado, mora na grande casa azul com seus amigos: a ursinha Ojo, o ratinho Tutter, o lêmure Treelo, as lontras Pip e Pop. Eles são muito diferentes na aparência, mas olhando para o mesmo coração. Ele e seus amigos vivem muitas aventuras juntos.
Jissen Pachi-Slot Hisshouhou! 5 (Japan)	Jissen Pachi-Slot Hisshouhou! 5 é um jogo de caça-níqueis (caça-níqueis) que apresenta uma recriação perfeita de três máquinas de jogo (New Big Pulsar, Ultra Seven & Final Bunny) com modos diferentes e uma visão possível da máquina completa. O jogo também apresenta um modo de história no qual o jogador assume o papel de jogador que percorre lugares pachinko para jogar as máquinas e aumentar seu dinheiro para ganhar prêmios.
Joue avec les Teletubbies (France)	Play with the Teletubbies é o primeiro videogame baseado na popular série de TV infantil Teletubbies. Os jogadores podem escolher um dos quatro Teletubbies, Tinky Winky, Po, Laa-Laa ou Dipsy, e devem explorar Teletubbyland para encontrar objetos. Há o Moinho Mágico, um tambor mágico, uma árvore de esconde-esconde e outros. Há mais minijogos se você for até o super domo dos Teletubbies, onde pode brincar com a máquina Tubby Custard, o painel de controle, a Tubby Toaster e outros.
Juega con los Teletubbies (Spain)	Play with the Teletubbies é o primeiro videogame baseado na popular série de TV infantil Teletubbies. Os jogadores podem escolher um dos quatro Teletubbies, Tinky Winky, Po, Laa-Laa ou Dipsy, e devem explorar Teletubbyland para encontrar objetos. Há o Moinho Mágico, um tambor mágico, uma árvore de esconde-esconde e outros. Há mais minijogos se você for até o super domo dos Teletubbies, onde pode brincar com a máquina Tubby Custard, o painel de controle, a Tubby Toaster e outros.
Jumping Flash! (USA)	Jumping Flash no Playstation é um título de plataforma em que o jogador controla Robbit, um coelho robô capaz de realizar saltos gigantescos para alcançar plataformas distantes. Os saltos também são usados ​​para destruir certos inimigos quando você pousa sobre eles. Também é possível lançar mísseis em formato de cenoura. Tudo é jogado na visão subjetiva.
Jumping Flash! Aloha Danshaku Funky Daisakusen no Maki (Japan)	Jumping Flash no Playstation é um título de plataforma em que o jogador controla Robbit, um coelho robô capaz de realizar saltos gigantescos para alcançar plataformas distantes. Os saltos também são usados ​​para destruir certos inimigos quando você pousa sobre eles. Também é possível lançar mísseis em formato de cenoura. Tudo é jogado na visão subjetiva.
Jurassic Park - The Lost World (USA) (Trade Demo)	The Lost World: Jurassic Park é um videogame de ação 3D lançado em 1997 para Sega Saturn e Sony PlayStation. Desenvolvido pela DreamWorks Interactive e publicado pela Electronic Arts, The Lost World: Jurassic Park é baseado no romance de Michael Crichton e no filme de Steven Spielberg, The Lost World: Jurassic Park. Um ano depois, uma edição especial do jogo foi lançada para o Sony PlayStation como parte de sua linha Greatest Hits e apresentava várias modificações na jogabilidade. O jogador assume o controle de personagens que lutam para sobreviver no “Site B” da INGen, povoado por mais de 20 espécies de dinossauros em um ambiente de caos crescente. Existem 5 personagens para escolher, cada um com suas próprias habilidades e atributos especiais. Embora o jogo seja em 3D, a jogabilidade lembra os primeiros jogos de plataforma 2D, nos quais você geralmente vai para a esquerda ou para a direita, limitando a mobilidade de cada personagem.
Kain the Vampire (Japan)	Blood Omen é um jogo de cima para baixo onde o jogador controla o vampiro Kain. Como vampiro, Kain é capaz de resistir à luz solar, mas é prejudicado pela água. No entanto, ele é capaz de obter várias habilidades e feitiços amaldiçoados, como ser capaz de se transformar em morcego, lobo e até mesmo em uma névoa de nuvem, respectivamente, além de aprender a habilidade de se disfarçar de criaturas de mente mais fraca. Kain também tem fixação por assassinato e é mestre em diversas maneiras de matar e destruir seus oponentes. À medida que os inimigos são mortos à sua frente, Kain pode beber o sangue deles para restaurar sua saúde, que está sempre escorrendo, representativa de seu desejo insaciável. Para ajudar no massacre de seus inimigos, Kain pode equipar diferentes armas e armaduras, cada uma com suas propriedades únicas.
Kaitei Daisensou - In the Hunt (Japan)	In the Hunt (ou Kaitei Daisensou em japonês) é um jogo de tiros 2D side-scrolling no Playstation. A sociedade Dark Anarchy ameaça destruir as cidades mais importantes do mundo. A nobre tarefa de salvar todas essas belas pessoas está com você. A bordo de um submarino de guerra, aniquile todas as frotas inimigas. In the Hunt pode ser jogado sozinho ou em co-op.
Kenkaku Ibunroku - Yomigaerishi Souku no Yaiba - Samurai Spirits Shinshou (Japan, Asia)	Warriors Rage é o sétimo jogo de Samurai Shodown. Os eventos do jogo ocorrem vinte anos após os descritos no Hyper Neo Geo 64 Arcade anterior. O jogo inclui novos espadachis como Rinka Yoshino (uma filha da família samurai), Seishiro Kuki (o novo protagonista), Ran Po, Garyo, o redemoinho, Jin-Emon Hanafusa e muito mais. A jogabilidade tem um novo sistema de medidor de vida, dividido em três seções; quando ambas as seções são esvaziadas do oponente, o personagem realiza movimentos provocantes.
Kids Station - Oja Majo DoReMi Dokkan! Maho-dou Eigo Festival (Japan)	Kis Station - Motto!! Oja Maho Doremi Dokkan! Maho Dou Eigo Festival é o segundo jogo baseado no anime e o jogo também consiste em diferentes mini-jogos com o objetivo educacional de aprender inglês.
Kileak, The Blood 2 - Reason in Madness (Japan)	A sequência de Kileak: The DNA Imperative, Epidemic coloca os jogadores em um mundo atormentado por uma doença mortal: o vírus Gigari. Tendo se espalhado por todo o mundo, forçou os remanescentes da civilização humana a se esconder no subsolo. O lar da humanidade é Neural City, que é controlada pelo Grupo Byflos, que tem a ameaça de desligar todo o suporte de vida sobre as cabeças dos habitantes da cidade. Como Masao Coda, um membro do grupo de libertação Del Sol, você deve usar seu traje Protect Armor para enfrentar o Grupo Byflos e seus muitos lacaios robóticos, resgatar sua namorada infectada da morte certa nas mãos do vírus e, eventualmente, salvar a humanidade.Um jogo de tiro em primeira pessoa, Epidemic exige que os jogadores atravessem vários corredores e espaços apertados, encontrando cartões-chave para obter acesso a novas áreas e destruindo os robôs inimigos que estão em seu caminho.
King of Fighters '95, The (USA)	A primeira sequência da série King of Fighters chega um ano após o final do primeiro torneio. Mais uma vez, lutadores de todo o mundo recebem um misterioso convite para um torneio de luta baseado em equipe. E assim como no ano passado, parece que o notório criminoso Rugal Bernstein está por trás disso, aparentemente retornando dos mortos para reviver &quot;havok&quot; mais uma vez ... O King of Fighters '95 apresenta o rival Iori Yagami de Kyo Kusanagi e coloca Kyo como personagem principal para o resto da série. A jogabilidade de The King of Fighters '95 é essencialmente inalterada em relação ao título anterior, embora ele apresente o conceito de &quot;edição de equipe&quot; que permanece como uma característica padrão da série. Usando o recurso &quot;edição de equipe&quot;, é possível criar uma equipe totalmente personalizada usando qualquer um dos lutadores disponíveis ou usar uma das equipes padrão, se desejar.
King of Fighters '96, The (Japan, Asia)	Após a morte de Omega Rugal, cujo corpo não conseguiu resistir ao poder de Orochi, um novo torneio é organizado por um certo Chizuru Kagura. Ela apresenta-se como a guardiã do espelho que sela o demónio Orochi, mas sente que algo está errado. Ela pede a Kyo e Lori que a ajudem a defender o selo no caso de um ataque. De facto, Goenitz, o mensageiro de Orochi, veio para libertar o seu mestre. Mas Kyo e Lori reuniram as suas forças para o derrotar. Quando Goenitz morreu, Iori bebeu o seu sangue e depois começou a comportar-se de forma estranha. Ele entrou no motim do sangue e matou o Vice e o Mature que estavam a seu lado. O Rei dos Lutadores '96 é um episódio importante na história da KOF. A lenda de Orochi está cada vez mais presente e temos um dos patrões mais duros em jogos de combate, Goenitz. Quanto ao jogo em si, sofreu uma boa evolução gráfica.
King of Fighters '97, The (Japan)	Outro ano, outro KOF. As adições deste ano vêm na forma de gráficos e sons ligeiramente melhorados, novos movimentos e um novo modo de jogo. A jogabilidade é muito mais baseada no enredo, já que você tem chefes intermediários que podem mudar dependendo do time que você selecionar. Além disso, existem vários finais especiais que são exibidos apenas quando certas combinações de &quot;Editar equipe&quot; são selecionadas.
Kirikou (Europe) (En,Fr,De)	A Feiticeira Karaba lançou um terrível feitiço sobre a aldeia africana de Kirikou: todos os homens desapareceram misteriosamente. Karaba é uma mulher arrogante e cruel que se cerca de lacaios maus que obedecem a todos os seus comandos. Mas desde o momento em que nasceu, Kirikou sonha apenas em libertar sua aldeia das garras maléficas dela e revelar o segredo de sua maldade. No final de seu rito de passagem, Kirikou chegará à Cabana de Karaba, onde o confronto final acontece... Será que Kirikou descobrirá o segredo obscuro guardado por Karaba, a Feiticeira? Será que ele conseguirá libertá-la do poderoso feitiço maligno que a torna tão demoníaca? Kirikou é uma corrida de obstáculos contra lacaios, pedras, armadilhas e animais, oferecendo uma ampla variedade de emboscadas originais e diversificadas para o jogador enfrentar. Os níveis do jogo são baseados em &quot;cenários&quot; bem diferentes, como pântanos, florestas, cavernas inundadas, cavernas subterrâneas e cenas noturnas. Teste sua velocidade, agilidade e astúcia em mais de 9 fases cheias de ação, fases bônus e chefões malignos, cada um mais perigoso que o anterior. Somente com a sua ajuda Kirikou poderá ter sucesso em sua missão.
Kisha de Go! (Japan)	Onde a Densha De Go! simuladores de trens modernos, este simulador remonta no tempo e possui algumas locomotivas à vapor japonesas diferentes. Kisha de GO! faz parte do Densha de GO! série da Taito.
KISS Pinball (USA)	Kiss Pinball é uma simulação de pinball no Playstation. O grupo Kiss está em destaque neste jogo com clima de hard rock. Não tire os olhos da bola nas duas máquinas de pinball disponíveis para você.
Klaymen Klaymen 2 - Skullmonkey no Gyakushuu (Japan)	No distante planeta Idznak vivem os Skull Monkeys, (uma raça de humanóides com um QI de -300). Um belo dia, como chuva caindo do céu, Klogg &quot;o mafioso&quot; chega a este planeta, um extraterrestre um pouco mais experiente que os habitantes de Idznak; Sem cortar um fio de cabelo, Klogg se disfarça de Skull Monkey e usando técnicas de comunicação convence todos os habilidosos habitantes de Idznak a fazer o seu lance: construir um bot e destruir Neverhood com ele. Felizmente, um Skull Monkey, um pouco mais perspicaz do que todos os seus congêneres, consegue perceber as intenções de seu novo líder e envia um bot em busca de Klaymen &quot;The Legendary Hero&quot; para tirar as castanhas do fogo. Klaymen pode salvar Neverhood de seu destino inevitável?
Kojin Kyouju - La Lecon Particuliere (Japan)	Kojin Kyouju - La Lecon Particuliere é um jogo de simulação de encontros lançado em 1998 pela Micon que conta a história de um jovem professor que chega a uma escola secundária e, assim que chega, algumas alunas pedem-lhe aulas particulares para melhorar os seus estudos. O jogador tem de escolher o que vai fazer todas as semanas, pode dar aulas particulares a diferentes raparigas ou ir à cidade ou fazer outras coisas diferentes. O objetivo das aulas particulares é ajudar as raparigas a estudar e, para isso, as raparigas também lhe farão perguntas sobre diferentes assuntos. O jogador também pode verificar o progresso das raparigas na próxima vez que for a casa delas para uma aula privada. O jogo inclui 6 personagens femininas principais diferentes, vozes japonesas para todas as personagens e finais diferentes, dependendo das escolhas do jogador durante o jogo e da sua relação com cada rapariga.
Krazy Ivan (USA)	No início do século XXI, a Terra está a ser atacada por alienígenas. Eles ergueram geradores de energia, criando um campo que abrange lentamente toda a superfície do planeta. Fizeram também centenas de humanos prisioneiros. O comandante russo Ivan Popovich, apelidado de &quot;Krazy Ivan&quot;, um esquizofrénico paranóico, propenso a explodir em violência a qualquer momento, assumirá esta missão. O jogador controla o fato mecha &quot;Steel Cossack&quot; de Ivan nos campos de batalha em 3D. Em cada uma das cinco zonas do jogo, podem ser encontrados dois tipos de inimigos: Drones e Sentients. Os zangões são pequenos veículos aéreos e terrestres que reaparecem frequentemente. Os Sentientes são mechas que são semelhantes em tamanho e capacidades ao Cossaco de Aço. Para completar a missão, cada um dos Sentientes deve ser eliminado antes que o gerador do campo de energia possa ser destruído.
Kuru Kuru Twinkle - Onegai Ohoshi-sama (Japan)	Kurukuru Twinkle - Onegaioho Shisama é um jogo de puzzles em que o jogador pode escolher entre duas personagens, um homem e uma mulher, e em que a jogabilidade consiste em montar três peças do mesmo tipo. O jogo apresenta uma bonita personagem 2D, uma jogabilidade fina e desafiante (a dificuldade aumenta à medida que os níveis aumentam) e até um modo para 2 jogadores.
Kyuu-bakku (Japan)	Blast Chamber é um videogame de 1996lançado no PC (apenas demo), Sony PlayStation e Sega Saturn . Foi chamado o primeiro jogo de quatro jogadores não esportivos para o PlayStation e Saturn.
Legacy of Kain - Soul Reaver (USA)	1500 anos após Blood Omen: Legacy of Kain, a decisão do vampiro Kain no final do jogo finalmente derrotou os reinos humanos e trouxe o mundo de Nosgoth sob seu controle. Governando de um castelo construído sobre os Pilares de Nosgoth, Kain estabeleceu um império de seis clãs de vampiros, cada um governado por um tenente, os filhos de Kain. Raziel foi um desses tenentes, mas perdeu sua posição através da &quot;insolência&quot; de receber um novo &quot;presente sombrio&quot; evolucionário, o crescimento de asas emplumadas, antes que seu mestre o tivesse adquirido. Temendo que Raziel pudesse um dia superá-lo, Kain arranca as asas de Raziel em um ajuste de alcance e o bane para o Abismo. Lá, Raziel se perdeu no tempo, morreu e seu corpo foi consumido. O Elder God recupera a alma de Raziel e reconstrói o corpo quebrado, não como um vampiro vivo, mas como uma estranha nova criatura do submundo. Jurando vingança sobre Kain, Raziel agora muda perfeitamente entre Nosgoth e seu submundo, usando seus novos poderes para se tornar um terrível destruidor de almas ...
Legend of Dragoon, The (USA, Canada) (Disc 1)	O jogo conta a história de Dart, um jovem guerreiro que busca vingança contra o &quot;Black Monster&quot; que destruiu sua vila e matou seus pais. Após 5 anos de busca, Dart retorna à vila de Seles e a encontra destruída, com muitos mortos e sua amiga Shana sequestrada. Ele então parte para resgatá-la e conhece Sir Lavitz, um cavaleiro do reino de Basil. Juntos, eles salvam Shana e começam uma jornada para descobrir os poderes dos Dragoon Spirits e desvendar o mistério por trás da guerra entre os reinos de Basil e Sandora. A história também apresenta um contexto mais amplo, que envolve a criação do mundo por uma entidade chamada Soa, e a origem das diferentes espécies, incluindo humanos, dragões e Winglies. Os Winglies, com seus poderes mágicos, se tornaram dominadores e violentos, levando a uma guerra conhecida como Dragon Campaign. Agora, Dart e seus companheiros precisam lidar com as consequências dessa história e evitar a destruição do mundo.
Legend of Foresia - La Contree Interdite (France)	Os aventureiros encontram durante suas viagens uma litografia antiga, supostamente muito valiosa, e desejam verificar a autenticidade deste artefato. Para fazer isso, os aventureiros mergulham em mais masmorras para coletar joias mágicas que, segundo a lenda, cabem na inserção da litografia. Diz-se que a litografia unida a essas gemas mágicas confere grande poder aos manejadores deste artefato, e se os aventureiros receberem grande poder devido à reunião desses tesouros, isso servirá como prova para eles de que encontraram o lendário artefato da tradição.
Legend of Mana (USA)	Legend of Mana é um jogo de role-playing no qual se joga como herói ou heroína no mundo de Fa'Diel. O jogo é baseado na mudança do mundo. Quanto mais progredir na história, mais artefactos recolherá, através de encontros mais ou menos amigáveis. Estes artefactos permitem-lhe compreender melhor o mundo de Fa'Diel. Além disso, pode criar pequenos monstros e forjar armas para o ajudar na sua aventura.
LiberoGrande 2 (Japan)	Libero Grande International é um jogo de futebol para Playstation. Neste jogo você tem a possibilidade de controlar apenas um jogador por equipe. Depois de escolher o seu time e o jogador com quem quer jogar, parta para a vitória. No jogo há Amistoso, Copa Libero Grande, Copa Internacional, Liga Mundial e um modo de Criação de Jogadores.
Liberogrande International (Europe) (En,Fr,De,Es,It)	Libero Grande International é um jogo de futebol para Playstation. Neste jogo você tem a possibilidade de controlar apenas um jogador por equipe. Depois de escolher o seu time e o jogador com quem quer jogar, parta para a vitória. No jogo há Amistoso, Copa Libero Grande, Copa Internacional, Liga Mundial e um modo de Criação de Jogadores.
Little Big Adventure (Europe) (En,Fr,De,Es,It)	Você joga como Twinsen, um novo homem que vive no estranho mundo de Twinsun (dois sol). O planeta está entre dois sóis, daí o seu nome. Você é um membro da raça chamada Quetch, ou &quot;humanóides&quot; como nós os chamaríamos. Com esses vivem lá outras três raças; os Rabbibunnies (roedores), Sphereoids (esferóides) e Grobos (elefantes). O jogo começa com um vídeo em que Twinsen tem um sonho em que é escolhido para livrar o mundo da tirania do Dr. Funfrock. Quando começa abertamente falar sobre seu sonho, o ditador prende-o e sequestra a sua esposa. Twinsen não deve somente escapar da prisão, mas deve também permanecer afastado dos soldados do Dr. Funfrock, salvar a sua esposa e libertar o planeta. Não parece muito fácil. Durante o jogo você fará amigos e viajará por todo o mundo, os aliados ajudar-lhe-ão a realizar a sua missão.
Lomax (Europe) (En,Fr,De,Es,It)	As Aventuras de Lomax(conhecido na Europa simplesmente por Lomax) é um spin-off da série de vídeo game Lemmings. O jogador controla Lomax, um lemming que tem por objetivo salvar seus amigos e os animais do doutor malvado. Lomax é um Cavaleiro Lemming, que teve os amigos transformados em monstros pelo &quot;Evil Ed&quot;. Sua missão é resgatá-los e por um fim em Evil Ed com seu elmo mágico.
Lord of Monsters (Japan)	Um dia, o primeiro pilar surgiu no oeste. Ele surgiu da terra e olhou para o céu. o pilar se estendeu por polegada de farinha. o pilar era a fonte do manitou, e este manitou trouxe a ruína para a humanidade ... ao lado do pilar chamado &quot;pilar da guerra&quot;, um dia chamado &quot;moeda&quot; tem crescido. a luz brilha na escuridão, e a escuridão nunca a apagou.
Lost World, The - Jurassic Park (USA)	The Lost World: Jurassic Park é um videogame de ação 3D lançado em 1997 para Sega Saturn e Sony PlayStation. Desenvolvido pela DreamWorks Interactive e publicado pela Electronic Arts, The Lost World: Jurassic Park é baseado no romance de Michael Crichton e no filme de Steven Spielberg, The Lost World: Jurassic Park. Um ano depois, uma edição especial do jogo foi lançada para o Sony PlayStation como parte de sua linha Greatest Hits e apresentava várias modificações na jogabilidade. O jogador assume o controle de personagens que lutam para sobreviver no “Site B” da INGen, povoado por mais de 20 espécies de dinossauros em um ambiente de caos crescente. Existem 5 personagens para escolher, cada um com suas próprias habilidades e atributos especiais. Embora o jogo seja em 3D, a jogabilidade lembra os primeiros jogos de plataforma 2D, nos quais você geralmente vai para a esquerda ou para a direita, limitando a mobilidade de cada personagem.
Lost World, The - Jurassic Park - Special Edition (USA)	The Lost World: Jurassic Park é um videogame de ação 3D lançado em 1997 para Sega Saturn e Sony PlayStation. Desenvolvido pela DreamWorks Interactive e publicado pela Electronic Arts, The Lost World: Jurassic Park é baseado no romance de Michael Crichton e no filme de Steven Spielberg, The Lost World: Jurassic Park. Um ano depois, uma edição especial do jogo foi lançada para o Sony PlayStation como parte de sua linha Greatest Hits e apresentava várias modificações na jogabilidade. O jogador assume o controle de personagens que lutam para sobreviver no “Site B” da INGen, povoado por mais de 20 espécies de dinossauros em um ambiente de caos crescente. Existem 5 personagens para escolher, cada um com suas próprias habilidades e atributos especiais. Embora o jogo seja em 3D, a jogabilidade lembra os primeiros jogos de plataforma 2D, nos quais você geralmente vai para a esquerda ou para a direita, limitando a mobilidade de cada personagem.
Lucky Luke (USA)	Você, como Lucky Luke, tem que impedir a gangue de Dalton de cometer outro crime. Andando pela cidade você tem que resolver quebra-cabeças, atirar em criminosos e coletar dinheiro. Depois de terminar o nível você tem a chance de comprar uma vida extra com o dinheiro arrecadado. Filmar não é comum, muitas vezes Lucky precisa ricochetear para atingir seu alvo. A visão do jogo às vezes muda do estilo 2D para trás dos ombros. Os níveis diferem do estudo, para um tiro de garrafa em um bar, para libertar reféns no teto do trem, para o sneaking indiano. Objetivo, todos eles levam Lucky a $ 1.000.000 para a captura dos Daltons.
Lucky Luke - Western Fever (Europe) (En,Fr,De,Es,It,Nl)	Você está pronto para enfrentar os desafios do Velho Oeste? Um jogo de ação e plataforma baseado em uma variedade incrível de desafios. O jogo é baseado na famosa série de quadrinhos sobre o bom cowboy Lucas Sortudo. Você, como Lucas Sortudo, tem que caminhar pelos trilhos fixos do território mexicano e às vezes atirar nos bandidos, movendo a mira de sua arma de uma posição fixa para outra. Além disso, você deve evitar os disparos e recarregar as balas da sua arma.
Lunar - Silver Star Story (Japan, Asia) (Disc 1)	Lunar: Silver Star Story foi originalmente lançado no Sega CD. Em sua época, foi um dos jogos de RPG mais queridos e recebeu grande aclamação da crítica de críticos e jogadores. Devido a limitações de espaço, Working Designs foram forçados a restringir algumas coisas que eles queriam no jogo. Por ser o jogo favorito da empresa, eles decidiram lançar Lunar: Silver Star Story Complete no PlayStation - uma versão sem cortes. Diz-se que é assim que sempre o imaginaram.
Lunar - Silver Star Story Complete (USA) (Disc 1)	Lunar: Silver Star Story foi originalmente lançado no Sega CD. Em sua época, foi um dos jogos de RPG mais queridos e recebeu grande aclamação da crítica de críticos e jogadores. Devido a limitações de espaço, Working Designs foram forçados a restringir algumas coisas que eles queriam no jogo. Por ser o jogo favorito da empresa, eles decidiram lançar Lunar: Silver Star Story Complete no PlayStation - uma versão sem cortes. Diz-se que é assim que sempre o imaginaram.
Lussan Nathhorst Presenterar Riding Star (Sweden)	Mary King's Riding Star é uma simulação equestre totalmente interactiva. Competir contra amigos, ou o computador em sua busca para se tornar Campeão do Mundo. Ao longo do caminho, seu cavalo precisará de alimentação e cuidadosa preparação para ganhar o máximo de pontos. Você vai experimentar gráficos soberbos e comentários realistas em todos os aspectos da competição, que inclui, adestramento, cross country, showjumping e um evento completo de três dias.
Magical Drop (Japan)	Destrói os balões em queda deixando cair grupos de três ou mais. Aprende combinações de movimentos inteligentes e o teu ecrã transformar-se-á numa nuvem de explosões coloridas. Depois de descobrires os segredos dos balões &quot;Ice&quot; e &quot;Arrow&quot;, não vais conseguir parar de jogar esta obra-prima dos puzzles.
Magical Drop Plus 1! (Japan)	Destrói os balões em queda deixando cair grupos de três ou mais. Aprende combinações de movimentos inteligentes e o teu ecrã transformar-se-á numa nuvem de explosões coloridas. Depois de descobrires os segredos dos balões &quot;Ice&quot; e &quot;Arrow&quot;, não vais conseguir parar de jogar esta obra-prima dos puzzles.
Magical Hoppers (Japan)	A jovem feiticeira Nikki, o bobo da corte Fargus e seu chute lateral Sid, o fantoche, são os três principais protagonistas deste jogo de plataforma 3D. Enquanto participava de um seminário &quot;Feiticeiros em treinamento&quot;, Nikki acidentalmente lança um poderoso feitiço mágico, que resulta em monstros gigantes engolindo toda a vila. Os três amigos agora devem viajar para um lugar chamado &quot;Wishing Engine&quot;, e ter o desejo de fazer o mundo voltar ao normal.
Magical Zunou Power!! Party Selection (Japan)	Jogos de festa são jogos que algumas pessoas jogam como forma de entretenimento em reuniões sociais. Os jogos em grupo geralmente envolvem mais de um jogador. Há um grande número e estilos de jogos de festa disponíveis e o escolhido dependerá da atmosfera que se deseja gerar. O jogo de festa pode ser meramente um quebra-gelo ou o único propósito da festa. Magical Zunou Power!! Party Selection é um jogo de festa (para até 4 jogadores com a função multi-toque) baseado no Magical Zunou Power TV Show que foi ao ar pela Nippon Television entre 1990-1999. A jogabilidade consiste apenas em responder perguntas e resolver quebra-cabeças para ganhar pontos e o jogador que obtiver mais pontos após todas as rodadas vence o jogo.
Mahjong Uranai Fortuna - Tsuki no Megamitachi (Japan)	Mahjong Uranai Fortuna - Tsuki no Megami-tachi é um jogo de mahjong que possui 6 oponentes femininos diferentes e 2 modos de jogo, mahjong livre e mahjong uranai, o jogo também possui uma galeria desbloqueável.
Mahou Shoujo Fancy CoCo (Japan)	Coco é uma jovem princesa de um reino mágico. O seu pai, o rei, diz-lhe que ela tem de estudar magia durante três anos para provar que é digna de ser uma verdadeira herdeira do trono. O sucesso ou o fracasso de Coco depende do jogador! A jogabilidade de Mahou Shoujo Fancy Coco é semelhante à dos jogos Princess Maker: o objetivo principal é definir os horários da jovem princesa, alternando entre aprender magia e tirar férias. Cada atividade influencia as estatísticas de Coco, que por sua vez influenciam o seu progresso na magia. Ao contrário de Princess Maker, não existe um elemento RPG nem liberdade de movimentos em determinados locais. É possível visitar a capital e os arredores e falar com pessoas, mas estas actividades são apenas representadas por imagens fixas.
Marranos en Guerra (Spain)	O jogador assume o controle dos porcos em uniforme de soldado, que são equipados com uma variedade de armas. Em cada rodada os soldados podem ser movidos e disparar um tiro. O objetivo é acabar com todos os soldados inimigos. Além disso, é possível completar tarefas adicionais, pelas quais o jogador recebe medalhas. Com essas medalhas os soldados do jogador podem ser promovidos, o que melhora suas habilidades. As missões estão se tornando cada vez mais difíceis e o jogador pode esperar adversários promovidos e, portanto, mais fortes. As áreas jogáveis ​​variam de montanhas cobertas de neve a paisagens desérticas quentes. Em algumas áreas o jogador pode usar o ambiente empurrando / empurrando / batendo / atirando em jogadores inimigos em rios ou campos minados (embora o jogador humano possa compartilhar esse destino também).
Marvel Super Heroes (USA)	Marvel Super Heroes é um jogo clássico de luta 2D, com uma jogabilidade muito semelhante a X-Men: Crianças do Átomo. Encontre todos os super-heróis Marvel tais como Psylocke, Wolverine, Juggernaut, Magneto, Captain América, Spider-Man o Homem-Aranha, Iron Man, Hulk e muitos mais para o vencer em batalhas ferozes. Use os seus super poderes para derrotar os seus inimigos.
Marvel Super Heroes vs. Street Fighter (USA)	Marvel Super Heroes Vs Street Fighter é um jogo de luta lançado em Playstation. Como o seu nome sugere, este jogo irá confrontar as personagens do Street Fighter contra os famosos heróis da Marvel Comics. Poderá organizar combates entre Spiderman e Ryu, Hulk e Dhalsim ou Capitão América contra Ken. No total, 17 personagens são acessíveis desde o início do jogo, 9 do mundo do Street Fighter e 8 personagens da Marvel Comics.
Marvel Super Heroes vs. Street Fighter - EX Edition (Japan)	Marvel Super Heroes Vs Street Fighter é um jogo de luta lançado em Playstation. Como o seu nome sugere, este jogo irá confrontar as personagens do Street Fighter contra os famosos heróis da Marvel Comics. Poderá organizar combates entre Spiderman e Ryu, Hulk e Dhalsim ou Capitão América contra Ken. No total, 17 personagens são acessíveis desde o início do jogo, 9 do mundo do Street Fighter e 8 personagens da Marvel Comics.
Marvel vs. Capcom - Clash of Super Heroes (USA)	Marvel vs. Capcom: Clash of Super Heroes é o quinto jogo de luta licenciado pela Marvel Comics pela Capcom e o terceiro jogo da Marvel. Série Capcom. Em contraste com X-Men vs. Street Fighter e Marvel Super Heroes vs. Street Fighter, o jogo apresenta características das franquias da Capcom, como Mega Man e Strider, em vez de apenas personagens de Street Fighter. O jogo acontece dentro da continuidade cômica da Marvel, como Charles Xavier chama para heróis para pará-lo antes que ele seja pego com a consciência de Magneto e se torne conhecido como Onslaught, o chefe final. O jogo foi desenvolvido no final de 1997 e lançado em janeiro de 1998.
Marvel vs. Capcom - Clash of Super Heroes - EX Edition (Japan)	Marvel vs. Capcom: Clash of Super Heroes é o quinto jogo de luta licenciado pela Marvel Comics pela Capcom e o terceiro jogo da Marvel. Série Capcom. Em contraste com X-Men vs. Street Fighter e Marvel Super Heroes vs. Street Fighter, o jogo apresenta características das franquias da Capcom, como Mega Man e Strider, em vez de apenas personagens de Street Fighter. O jogo acontece dentro da continuidade cômica da Marvel, como Charles Xavier chama para heróis para pará-lo antes que ele seja pego com a consciência de Magneto e se torne conhecido como Onslaught, o chefe final. O jogo foi desenvolvido no final de 1997 e lançado em janeiro de 1998.
Mary King's Riding Star (Europe) (En,Fr,De,Es,It,Nl,Pt)	Mary King's Riding Star é uma simulação equestre totalmente interactiva. Competir contra amigos, ou o computador em sua busca para se tornar Campeão do Mundo. Ao longo do caminho, seu cavalo precisará de alimentação e cuidadosa preparação para ganhar o máximo de pontos. Você vai experimentar gráficos soberbos e comentários realistas em todos os aspectos da competição, que inclui, adestramento, cross country, showjumping e um evento completo de três dias.
Mawatte Mucho! (Japan)	O herói vestindo sombrero se joga em um campo de blocos móveis que giram com o pressionar de um botão. O objetivo é traçar uma rota para você explorar um nível, coletar tesouros e matar feras. Uma trave em cada grade é o destino final para nosso protagonista seguir para novos mundos e desafios A jogabilidade é libertar três criaturas cor de rosa abrindo os três baús azuis de cada nível e depois ir para o gol, os níveis são em alguns estágios divididos em dois subníveis, e você se move entre eles usando um teletransportador azul, e na quarta rodada de cada mundo você deve derrotar um chefe para completar esse nível.
Max Surfing 2nd (Japan)	Max Surfing 2nd é um autêntico jogo de surf endossado pela Association of Surfing Professionals International para competir nas regras de juízes do WQS (competição de surf) aprovadas e reproduzidas. Os jogadores se tornam surfistas para ganhar o Campeonato Mundial de Fórmula 1 surfando na praia ao redor do mundo. O jogo apresenta praias diferentes ao redor do mundo e personagens diferentes para brincar.
Medal of Honor (USA)	Medal of Honor é um jogo de tiro em primeira pessoa no Playstation em que você joga como um membro das Forças Especiais em paraquedas atrás das linhas inimigas em 1944. A campanha single-player conta com 7 missões divididas em 24 níveis, com objetivos que vão desde a destruição construindo no roubo de documentos. Dois jogadores podem competir na mesma TV de tela dividida.
Medal of Honor - Resistance (France)	O ano é 1940, e a força conquistadora do Terceiro Reich invadiu a França. A Alemanha Nazista marchou até Paris e reivindicou para si a nação outrora orgulhosa em sua busca por dominar a Europa. As forças aliadas não virão libertar a França tão cedo, pois estão ocupadas defendendo a Grã-Bretanha. A percepção de que os franceses simplesmente deixaram Hitler entrar em seu país sem lutar não despertou simpatia no restante do mundo devastado pela guerra. Como uma jovem chamada Manon Batiste, você será lançada em um mundo de intriga e violência que é a Segunda Guerra Mundial, fazendo tudo o que estiver ao seu alcance para salvar sua amada pátria ao se juntar ao OSS e viajar pelo mundo como integrante da Resistência Francesa, eliminando capangas da Gestapo e da SS para que possa se tornar uma veterana experiente e auxiliar na libertação definitiva de sua nação.
Medal of Honor - Underground (USA)	O ano é 1940, e a força conquistadora do Terceiro Reich invadiu a França. A Alemanha Nazista marchou até Paris e reivindicou para si a nação outrora orgulhosa em sua busca por dominar a Europa. As forças aliadas não virão libertar a França tão cedo, pois estão ocupadas defendendo a Grã-Bretanha. A percepção de que os franceses simplesmente deixaram Hitler entrar em seu país sem lutar não despertou simpatia no restante do mundo devastado pela guerra. Como uma jovem chamada Manon Batiste, você será lançada em um mundo de intriga e violência que é a Segunda Guerra Mundial, fazendo tudo o que estiver ao seu alcance para salvar sua amada pátria ao se juntar ao OSS e viajar pelo mundo como integrante da Resistência Francesa, eliminando capangas da Gestapo e da SS para que possa se tornar uma veterana experiente e auxiliar na libertação definitiva de sua nação.
MediEvil (USA)	Medievil é um jogo de ação / aventura no Playstation. Um mago chamado Zarok quer fazer tudo para dominar o mundo. Para isso, ele já usou sua má sorte para mergulhar o país inteiro na escuridão e na noite perpétua, tudo para roubar a energia dos habitantes. Você é trazido de volta à vida, sob o nome de Sir Daniel Foresque, com a missão de derrubar Zarok, a fim de devolver a tranquilidade ao país, para poder descansar em paz.
MediEvil - Yomigaetta Gallowmere no Yuusha (Japan)	Medievil é um jogo de ação / aventura no Playstation. Um mago chamado Zarok quer fazer tudo para dominar o mundo. Para isso, ele já usou sua má sorte para mergulhar o país inteiro na escuridão e na noite perpétua, tudo para roubar a energia dos habitantes. Você é trazido de volta à vida, sob o nome de Sir Daniel Foresque, com a missão de derrubar Zarok, a fim de devolver a tranquilidade ao país, para poder descansar em paz.
MediEvil 2 (Europe) (En,Fr,De)	Medievil 2 é um jogo de ação no Playstation que acontece na era vitoriana. O demoníaco Lorde Palethorn começou a criar um exército de mortos-vivos e você deve impedi-lo de dominar o mundo. Um professor maluco, uma múmia egípcia e um fantasma legal ficarão felizes em ajudá-lo nos 17 níveis cheios de tesouros e monstros.
MediEvil Collector's Edition (UK) (Demo)	Medievil é um jogo de ação / aventura no Playstation. Um mago chamado Zarok quer fazer tudo para dominar o mundo. Para isso, ele já usou sua má sorte para mergulhar o país inteiro na escuridão e na noite perpétua, tudo para roubar a energia dos habitantes. Você é trazido de volta à vida, sob o nome de Sir Daniel Foresque, com a missão de derrubar Zarok, a fim de devolver a tranquilidade ao país, para poder descansar em paz.
MediEvil II (USA)	Medievil 2 é um jogo de ação no Playstation que acontece na era vitoriana. O demoníaco Lorde Palethorn começou a criar um exército de mortos-vivos e você deve impedi-lo de dominar o mundo. Um professor maluco, uma múmia egípcia e um fantasma legal ficarão felizes em ajudá-lo nos 17 níveis cheios de tesouros e monstros.
MediEvil Special (France) (Demo)	Medievil é um jogo de ação / aventura no Playstation. Um mago chamado Zarok quer fazer tudo para dominar o mundo. Para isso, ele já usou sua má sorte para mergulhar o país inteiro na escuridão e na noite perpétua, tudo para roubar a energia dos habitantes. Você é trazido de volta à vida, sob o nome de Sir Daniel Foresque, com a missão de derrubar Zarok, a fim de devolver a tranquilidade ao país, para poder descansar em paz.
Mega Man 8 (USA)	Uma gigantesca explosão espacial envia dois estranhos meteoros para a Terra. Ao chegar no local, Mega Man vê seu arqui-rival, Dr. Wiley, fugindo da cena, segurando um dos misteriosos meteoros metálicos. Agora Mega Man deve descobrir o segredo do segundo meteoro em uma corrida para ficar um passo à frente do Dr. Wiley e sua nova raça mortal de robôs super-poderosos. Batalhe em 14 fases enormes para enfrentar oito novos inimigos perigosos. Melhore Mega Man com diversos upgrades - personalize-o como quiser a cada jogo. Cut scenes de tirar o fôlego. Animação incrivelmente fluida e fundos altamente detalhados.
Mega Man X3 (Europe)	Após a derrota dos Mavericks em episódios anteriores, os robôs vivem em paz com os humanos. Mas os Mavericks originais voltam e ameaçam o equilíbrio. Mega Man e Zero são chamados para a frente do palco para combater o novo ataque. Mega Man X3 oferece 8 níveis de plataformas de ação que levam a um chefe diferente para enfrentar. Esta versão é um remake do jogo SNES e inclui novas sequências cinematográficas e música
Mega Man X5 (USA)	Anos depois das Guerras Reploides, tudo parece pacífico no mundo. Mas a paz não deveria durar para sempre. Quando a colônia espacial &quot;Eurásia&quot; é atacada por um vírus desconhecido, a chamada é desligada! X e Zero são chamados de volta para a ação para ajudar a destruir a colônia, que agora está em rota de colisão com a Terra, e deve colidir com o planeta em apenas 16 horas! Ao mesmo tempo, adivinhe quem decide aparecer mais uma vez ... dê uma dica: o nome dele é uma letra grega. Com todos os novos recursos, como o avançado Maverick AI, estágios maiores e mais desafiadores, novos recursos de jogabilidade, como ducking e swing em vinhas e cordas, esta é a missão mais insana que o X e o Zero já tiveram que enfrentar!
Megami Ibunroku - Persona - Be Your True Mind (Japan)	Num futuro próximo, a humanidade conquistou as viagens dimensionais, mas a porta que abrimos oscila em ambos os sentidos. A pacífica cidade em que você cresceu se tornou um refúgio para criaturas sombrias de outro mundo – Demônios! Agora cabe a você e seus amigos aproveitar o poder oculto dentro de você, entrando no jogo de fantasia conhecido como Persona. Você acorda com habilidades incríveis que precisará para derrotar dezenas de invasores Demônios e limpar a terra de suas forças. Converse com eles antes da batalha para determinar seu melhor curso de ação. Lute contra eles ou peça ajuda para sua missão. De qualquer forma, você está pronto para a aventura de fantasia da sua vida!
Meitantei Conan - Trick Trick Vol. 0 - Meikyuu no Crossroad Special Disc (Japan)	Case Closed, também conhecido como Detetive Conan no Japão e em outros países, é um mangá de detetive e uma série de anime de Gosho Aoyama que foi publicado na revista Weekly Sho-nen Sunday desde 1994. A série retrata os casos de um jovem detetive particular que foi inadvertidamente transformado em um menino pré-adolescente por uma certa organização criminosa. Embora seu corpo tenha encolhido, ele continua resolvendo muitos casos e está lutando para desvendar os mistérios da organização criminosa responsável, a fim de retornar ao seu corpo normal. Meitantei Conan Trick Trick vol.1 traz mais de 100 arquivos diferentes que o jogador conseguiu resolver, os arquivos são de responder a diferentes perguntas para saber quem é o assassino para escolher a ordem de tempo adequada de algumas fotos, escolher o item adequado, decodificar um código, verifique a cena do crime, etc.
Meitantei Conan - Trick Trick Vol. 1 (Japan)	Case Closed, também conhecido como Detetive Conan no Japão e em outros países, é um mangá de detetive e uma série de anime de Gosho Aoyama que foi publicado na revista Weekly Sho-nen Sunday desde 1994. A série retrata os casos de um jovem detetive particular que foi inadvertidamente transformado em um menino pré-adolescente por uma certa organização criminosa. Embora seu corpo tenha encolhido, ele continua resolvendo muitos casos e está lutando para desvendar os mistérios da organização criminosa responsável, a fim de retornar ao seu corpo normal. Meitantei Conan Trick Trick vol.1 traz mais de 100 arquivos diferentes que o jogador conseguiu resolver, os arquivos são de responder a diferentes perguntas para saber quem é o assassino para escolher a ordem de tempo adequada de algumas fotos, escolher o item adequado, decodificar um código, verifique a cena do crime, etc.
Memorial Series - Sunsoft Vol. 5 (Japan)	Memorial STAR Series-Sunsoft Vol. 5 - Raf world & Hebereke apresenta 2 conversões de jogos antigos da NES: RAF WORLD e HEBEREKE.
Men in Black - The Game (Europe)	Agora é sua vez - Homens de Preto: O Jogo. Protegendo a Terra da escória do universo. Eles são o segredo mais bem guardado do universo. Trabalhar para uma agência governamental altamente financiada, mas não oficial; Agente K e Agente J são os Homens de Preto; provedores de serviços de imigração e reguladores de todas as coisas estranhas na Terra. Eles são o nosso melhor; última e única linha de defesa quando os encontros imediatos ficam feios.
Meru Purana (Japan)	Meru Purana é uma mistura entre um jogo de estratégia e um de rpg. O jogador controla uma espécie de grupo de personagens nômades e em suas jornadas eles terão muitas batalhas. O jogador terá que decidir os compenentes de cada grupo de batalha, as ações possíveis e os comandos de batalha na parte de batalha.
Metal Fist (Japan)	Fighting Force é um jogo de ação no Playstation no qual você pode incorporar um dos 4 personagens disponíveis. Cada personagem tem diferentes qualidades e ataques especiais. O game oferece sete capítulos que contêm 22 cursos. Fighting Force é jogável a dois através do modo cooperativo.
Metal Gear Solid (USA) (Disc 1)	Metal Gear Solid é um jogo espionagem lançado para a PlayStation. Nesta obra, Solid Snake deve se infiltrar em Shadow Moses, uma base militar no Alasca, para salvar reféns. O jogador encontra novas armas e equipamentos em toda a aventura, alternando diálogos, sequencias de infiltração e batalhas com chefes. O cenário de Hollywood combinado com muitas cinemáticas faz dele um jogo muito cinematográfico.
Metal Gear Solid - Integral (Japan, Asia) (En,Ja) (Disc 1)	Metal Gear Solid é um jogo espionagem lançado para a PlayStation. Nesta obra, Solid Snake deve se infiltrar em Shadow Moses, uma base militar no Alasca, para salvar reféns. O jogador encontra novas armas e equipamentos em toda a aventura, alternando diálogos, sequencias de infiltração e batalhas com chefes. O cenário de Hollywood combinado com muitas cinemáticas faz dele um jogo muito cinematográfico.
Metal Gear Solid - Special Missions (Europe) (En,Fr,De,Es,It)	Uma semi-sequência/prequela do aclamado Metal Gear Solid (MGS), Metal Gear Solid: VR Missions coloca você mais uma vez no controle do especialista de campo FoxHound de alto nível, Solid Snake. Desta vez, em vez de lutar contra soldados geneticamente modificados e salvar o mundo do Metal Gear, você está em um simulador de combate. A bordo do Discovery (o submarino em que Solid Snake viajou antes de chegar à Angel Island), você se preparará para os perigos que virão. Para aqueles que ainda não experimentaram MGS, a jogabilidade é baseada em estratégia, tática e ação. A interface e o conceito de Metal Gear Solid: VR Missions são semelhantes aos de seu antecessor, mas são baseados no modo de jogo simulador que foi incluído em MGS. Desta vez, em vez de apenas algumas missões, você tem quase 150 fases diferentes para jogar (300 incluindo os modos Time Attack). Os fãs de MGS deverão ser capazes de entender rapidamente o estilo de jogo. Na verdade, não só a jogabilidade é reconhecível pelos fãs do Metal Gear Solid original, como cada uma das missões (embora as semelhanças às vezes sejam mínimas) são baseadas em eventos que ocorreram em MGS.
Metal Gear Solid - VR Missions (USA)	Uma semi-sequência/prequela do aclamado Metal Gear Solid (MGS), Metal Gear Solid: VR Missions coloca você mais uma vez no controle do especialista de campo FoxHound de alto nível, Solid Snake. Desta vez, em vez de lutar contra soldados geneticamente modificados e salvar o mundo do Metal Gear, você está em um simulador de combate. A bordo do Discovery (o submarino em que Solid Snake viajou antes de chegar à Angel Island), você se preparará para os perigos que virão. Para aqueles que ainda não experimentaram MGS, a jogabilidade é baseada em estratégia, tática e ação. A interface e o conceito de Metal Gear Solid: VR Missions são semelhantes aos de seu antecessor, mas são baseados no modo de jogo simulador que foi incluído em MGS. Desta vez, em vez de apenas algumas missões, você tem quase 150 fases diferentes para jogar (300 incluindo os modos Time Attack). Os fãs de MGS deverão ser capazes de entender rapidamente o estilo de jogo. Na verdade, não só a jogabilidade é reconhecível pelos fãs do Metal Gear Solid original, como cada uma das missões (embora as semelhanças às vezes sejam mínimas) são baseadas em eventos que ocorreram em MGS.
Metal Slug - Super Vehicle-001 (Japan, Asia)	Metal Slug: Super Vehicle-001 é um videogame de corrida e arma para a plataforma de console/arcade Neo-Geo desenvolvido pela Nazca e publicado pela SNK. Foi originalmente lançado em 1996 para a plataforma de arcade MVS. O jogo é amplamente conhecido por seu senso de humor, animação fluida desenhada à mão e ação rápida para dois jogadores. É o primeiro título da série Metal Slug. História: Em 2028, o General Donald Morden lança um ataque global total contra o Exército Regular. Com número e equipamento superiores, a Rebelião derrota facilmente as desavisadas tropas do Exército Regular.
Metal Slug X (USA)	Em Metal Slug X, você irá escolher entre quatro soldados durões prontos para missões que só os melhores poderiam sobreviver. Resgate reféns enquanto envia os terroristas de volta à era das cavernas usando seu armamento personalizado e seus próprios veículos! Mais armas: arme-se com o tanque Metal Slug, o Slugnoid, o Flying Slug e o Camel Slug! Mais inimigos: monte um time com um amigo e enfrente missões que apenas os mais fortes sobrevivem! Mais ação arcade: este jogo é um dos melhores ports de arcade já feito - leve toda a experiência do arcade para casa! Mais conteúdo: Special Combat School e Gallery Section irão preencher as lacunas na saga Metal Slug!
Metal Slug X - Super Vehicle-001 (Japan, Asia)	Em Metal Slug X, você irá escolher entre quatro soldados durões prontos para missões que só os melhores poderiam sobreviver. Resgate reféns enquanto envia os terroristas de volta à era das cavernas usando seu armamento personalizado e seus próprios veículos! Mais armas: arme-se com o tanque Metal Slug, o Slugnoid, o Flying Slug e o Camel Slug! Mais inimigos: monte um time com um amigo e enfrente missões que apenas os mais fortes sobrevivem! Mais ação arcade: este jogo é um dos melhores ports de arcade já feito - leve toda a experiência do arcade para casa! Mais conteúdo: Special Combat School e Gallery Section irão preencher as lacunas na saga Metal Slug!
Micro Maniacs (Europe) (En,Fr,De,Es,It)	Uma vez que salvar o mundo da escassez iminente de alimentos é uma tarefa assustadora, o nosso bom amigo Dr. Minimizer propõe-se persuadir, chantagear e criar participantes para competir pelo direito de liderar a colonização da Terra uma vez que todos tenham sido reduzidos a 1/30 do seu tamanho original. O médico louco criou assim um percurso de obstáculos na sua casa para encontrar o derradeiro soldado através de uma sobrevivência ao estilo darwiniano da competição mais apta. Mas faltam-lhe participantes. Uma vez reunidos oito desses participantes, é para as corridas que ele vai à procura do salvador da Terra. Quem teria pensado que escorregar na banheira poderia potencialmente manter o destino de 7 mil milhões de pessoas na balança?
Miracle Jumpers (Japan)	Nesta sequência de Pandemonium, o jogador controla mais uma vez a jovem aspirante a feiticeira Nikki e o bobo da corte Fargus com seu amigo fantoche Sid. É o ano do Queijo, e o advento do Cometa das Possibilidades Infinitas é predito pelo grande profeta Nosewasinit. Naturalmente, Nikki e Fargus estão interessados neste cometa; mas eles não são os únicos. A malvada Rainha Goon Zorrscha quer usar o cometa para seus próprios planos, então nossos heróis precisam alcançá-lo primeiro... A jogabilidade é semelhante à do primeiro jogo; apesar dos gráficos 3D, a mecânica de jogo é a mesma dos jogos de plataforma 2D. O jogador pode selecionar Nikki ou Fargus para cada nível. Cada um dos dois tem habilidades diferentes. Por exemplo, Nikki pode pular mais alto, enquanto Fargus pode usar seu fantoche Sid para uma variedade de ataques. Os personagens também podem adquirir power-ups, como ataques de fogo e raio para Nikki ou vários aprimoramentos de Sid para Fargus. Existem também itens e veículos específicos de cada nível que os heróis encontrarão em seu caminho.
Misadventures of Tron Bonne, The (USA)	Em vez de focar nos protagonistas heróicos da série Mega Man Legends, o jogo segue o anti-herói da série Tron Bonne, irmã da família de piratas aéreos criminosos Bonne. A contraparte japonesa incluía suporte para PocketStation, enquanto as versões norte-americana e europeia não. Com uma produção limitada, o jogo é um dos jogos mais raros do PlayStation
Missile Command (USA)	Invasores misteriosos estão a atacar as tuas cidades! Como comandante de uma base de mísseis, é da tua responsabilidade defendê-las. Os inimigos virão do céu para tentar destruir as cidades na parte inferior do ecrã. Tens de disparar mísseis para evitar os bombardeamentos. Tens uma quantidade limitada de munições, por isso certifica-te de que os teus disparos são precisos.
MLB 2000 (USA)	Este jogo é basicamente uma atualização para o MLB 99 com alguns novos recursos. O jogo contém representações dos times, estádios, estatísticas e jogadores reais que refletem seus colegas da vida real. Os modos que retornam do jogo anterior incluem jogo rápido, temporada, playoffs, treinamento de primavera e derby de home run. Um dos novos modos é o modo gerente geral. Nesse modo, os jogadores podem escolher, criar, trocar, chamar, renunciar, liberar e assinar jogadores. Outro novo modo é o modo gerenciador. Nesse modo, os jogadores podem verificar os relatórios de observação durante o jogo, aquecer os apaziguadores no bullpen e tentar levar seu time para a World Series e, com sorte, vencê-lo. Vin Scully faz um retorno do último jogo para fazer o jogo por comentários, e é auxiliado por Dave Campbell, que faz o comentário colorido.
Monster Farm (Japan)	Monster Rancher (Monster Farm no Japão), é uma simulação de &quot;monstros&quot; em que você cria monstros para ganhar torneios de luta e se tornar o maior criador de todos os tempos. Uma característica única é a maneira como você obtém seus monstros: de cada CD que você possui. É isso mesmo: todos os CDs que você possui (incluindo os de PC, musicais e até 3D0) podem ser usados ??para gerar um monstro diferente.
Monster Rancher (USA)	Monster Rancher (Monster Farm no Japão), é uma simulação de &quot;monstros&quot; em que você cria monstros para ganhar torneios de luta e se tornar o maior criador de todos os tempos. Uma característica única é a maneira como você obtém seus monstros: de cada CD que você possui. É isso mesmo: todos os CDs que você possui (incluindo os de PC, musicais e até 3D0) podem ser usados ??para gerar um monstro diferente.
Monsters, Inc. - Monsters Academy (Japan)	O que você diria se descobrisse que os monstros assustadores escondidos no armário das crianças fazem parte de uma conspiração corporativa? Bem, essa é a premissa do filme da Disney ou Pixar de 2001, Monstros, S.A., e é a base deste videogame para o Playstation. Jogue como Sulley ou Mike, dois dos monstros contratados para assustar crianças pequenas enquanto você se move de casa em casa, apenas tentando fazer seu trabalho. A empresa para a qual você trabalha está no ramo de gerar &quot;energia de grito&quot;, então você terá que ser extremamente assustador se quiser ter sucesso. Cada um dos ambientes 3D do jogo é detalhado e amplo, representando bem o filme, e existem dezenas de bônus e power-ups ocultos que você pode usar para sua vantagem.
Mortal Kombat - Special Forces (USA)	Por que as pessoas odeiam?? O que causa uma animosidade tão intensa que uma pessoa se esforça para machucar alguém, talvez até destruí-la? Estas são apenas algumas perguntas colocadas pelo relacionamento de Jax e Kano. É porque Jax é um agente das Forças Especiais e deve levar Kano à justiça? Poderia ser assim tão simples? Justificaria segui-lo para outro reino e se envolver na competição Mortal Kombat? O ódio pode torná-lo tão cego que enfrentaria demônios na esperança de enfrentar o único homem que você realmente deseja destruir? Maior ainda é o mistério de como Kano se envolveu com Shang Tsung e o significado do Dragão Negro. Tantas perguntas ficaram sem resposta, tantas coisas aparentemente deixadas ao acaso. Pelo menos até agora...
Mortal Kombat 3 (USA)	Não está claro sobre o que aconteceu no final de Mortal Kombat II? A resposta é: mais Komabt! Mortal Kombat 3 é a terceira parte horrível do jogo que enfurece os congressistas em todos os lugares. Depois que os Kombatants perderam o segundo torneio em Outworld, casa de dimensão alternativa do vilão Shao Kahn e seu feiticeiro Shang Tsung, Kahn decidiu dominar a Terra como qualquer superviliano que estivesse com esteróides. Conquistando as almas de todos, exceto alguns terráqueos selecionados, Kahn prepara seus próprios guerreiros para conhecer pessoas como Liu Kang e Sub-Zero. Você controla 14 lutadores selecionáveis (e um oculto) com os botões padrão de dois socos, dois chutes e blocos, além de um novo recurso, o botão de execução. O MK3 também adiciona combos multi-hit e ascensão de nível (basicamente, você dá um soco no teto de um cara e ele acaba em outra tela) aos mitos do MK, completando um banho de sangue fino para qualquer proprietário do Playstation.
Mortal Kombat 4 (USA)	Mortal Kombat 4 é um jogo de luta para Playstation. Combos, fatalities e outros golpes especiais, são os ingredientes que sustentam o sucesso de um jogo conhecido pela violência dos seus confrontos. O jogador interpreta um dos diferentes personagens e deve derrotar todos os seus competidores diretos, um por um, para vencer o torneio.
Mortal Kombat II (Japan)	Mortal Kombat II joga de maneira semelhante ao Mortal Kombat, mas apresenta várias melhorias, incluindo detalhes mais gráficos, melhores efeitos sonoros, jogabilidade mais rápida (e mais difícil), animação mais suave e mais personagens (incluindo um jogável Shang Tsung). Naturalmente, o jogo é violento e inclui os notórios movimentos de Fatality, mas &quot;Babalities&quot; e &quot;Friendships&quot; foram adicionados para apaziguar (na verdade, para zombar) de grupos de cidadãos preocupados com o alto nível de sangue da série. Esses movimentos mais gentis de finalização incluem coisas como transformar seu oponente em um bebê e dar a ele um buquê de flores.
Mortal Kombat Mythologies - Sub-Zero (USA)	Mortal Kombat Mythologies Sub-Zero é um jogo de ação / plataformas do Playstation. O jogador assume o controle do personagem Sub-Zero, incluindo o uso de movimentos especiais, lutando contra os inimigos e sociedades através de diferentes níveis.
Mortal Kombat Trilogy (USA)	Todos os personagens dos primeiros três jogos do Mortal Kombat retornaram para a batalha final. Você pode jogar com Kano, Reptile, Mileena, Kung Lao, Shang Tsung, Sindel, Sketor, Stryker, Nightwolf, Sheeva, Kitana, Scorpion, Sonya, Smoke (Cibernético), Rain, Jade, Baraka, Johnny Cage, Ermac, Noob Saibot, Sub-Zero (Sem máscara), Sub-Zero (Clássico), Jax, Rayden, Cyrax, Liu Kang, Smoke (Humano), Kabal, Goro, Kintaro, Motaro, ou Shao Kahn. Este jogo é um mata-mata das artes marciais. O jogador pode escolher numa gama de mais de 30 personagens, cada um com seu estilo e movimentos especiais. Trilogy se diferencia de outros jogos de uma forma que você consegue jogar com combinações que não seriam possíveis como Liu Kang antigo vs. Liu Kang atual, etc. Mortal Kombat Trilogy também te permite desafiar amigos para a luta através de uma conexão de rede Windows IPX.
Moto Racer 2 (USA)	Moto Racer 2 é um jogo de corrida para todos os fãs de duas rodas. 6 modos estão disponíveis: Superbike, Traffic, Trial, Supercross, Motocross e Freestyle. Mais de 8 motos diferentes e uma infinidade de circuitos estão esperando por você. Finalmente, o jogo oferece a você a escolha entre um modo de simulação e um modo arcade.
Moto Racer World Tour (USA)	Moto Racer World Tour é a terceira parte da série Moto Racer para o PlayStation. O jogo oferece-lhe a possibilidade de correr em 34 motos diferentes na categoria de dirt a street bike. As configurações de cada moto podem ser ajustadas manualmente. O jogo apresenta 18 faixas da vida real. Além de corridas normais, podes jogar vários modos diferentes, como pista de obstáculos, drag race, freestyle race (onde tens de fazer truques para marcar pontos) e Traffic Race (com tráfego normal na estrada). O jogo apresenta dois jogadores multiplayer.
Mr. Driller (USA)	O mundo do Mr Driller foi coberto por blocos misteriosos. Armado apenas com uma potente broca, tens de escavar o teu caminho para a segurança antes que o seu fornecimento de ar se esgote! Mr Driller é um jogo de puzzle em tempo real que depende apenas de raciocínio rápido e um pouco de planeamento. A jogabilidade é uma combinação de Tetris e Boulder Dash: tens de perfurar blocos multicoloridos para chegares ao fundo, evitando que os blocos de cima caiam e te esmaguem devido a demasiada perfuração.
Mundial 2002 Challenge (Portugal)	O início da temporada da Copa do Mundo da FIFA com a Copa do Mundo da FIFA 2002, que capta cada momento de glória, cada emoção e cada som do evento global. O jogo possui licenças da Copa do Mundo da FIFA oficial, insígnias, mascotes e os 20 novos estádios da Copa do Mundo no Japão e na Coreia. Outro aprimoramento inclui o Air Play, um novo esquema de controle que oferece cabeçalhos intuitivos de um botão, volletas, chutes de tesoura, malabarismos e muito mais. Escolhe a tua equipa e depois compete numa série de sete jogos que começa com um jogo de round-robin, seguido de playoffs que levam ao jogo final.
Murakoshi Seikai no Bakuchou SeaBass Fishing (Japan) (Disc 1)	Murakoshi Seikai no Bakuchou Seabass Fishing (também conhecido como Pakuchikou Seabass Fishing) é o terceiro jogo de pesca patrocinado pelo famoso pescador japonês Murakoshi Seikai. No modo história (o único modo de jogo no jogo), o jogador assume o papel de Murakoshi Seikai e peixe nos mares do Japão. O jogo apresenta varas diferentes, capitães de barco, pontos de pesca, iscas e até vê os peixes que ele capturou. Existem peixes diferentes para capturar.
Nagano Winter Olympics '98 (USA)	A Nagano Winter Olympics '98, conhecida no Japão como Hyper Olympics em Nagano, é um jogo esportivo de vários eventos da Konami. Baseia-se nos Jogos Olímpicos de Inverno de 1998 e apresenta 10 eventos olímpicos, incluindo patinação, esqui, luge, bobsleigh, slalom, curling, halfpipe e snowboard. Até quatro jogadores podem escolher um dos 16 países e competir no modo olímpico (jogar pelas medalhas) ou no modo de campeonato (para os pontos, em uma competição no estilo Decathlon).
NASCAR Racing (USA)	A série NASCAR Racing, desenvolvida pelo Papyrus Design Group, começou em 1994 e terminou com o lançamento da NASCAR Racing 2003 Season em 2003. Mais tarde, os jogos da NASCAR foram lançados pela Electronic Arts que, através da EA Sports, assumiram a NASCAR oficial. licença. Este artigo trata do lançamento da série original, NASCAR Racing. O jogo apresenta três modos de jogo diferentes: Arcade Race, Simulation Race e Simulation Testing. Enquanto o modo Arcade Race permite que o jogador entre direto na briga depois de escolher seu nível de dificuldade (seja novato, veterano ou ace), o modo Simulation Race apresenta muito mais opções de personalização para o jogador levar em consideração.
NASCAR Racing - Season 96 (Japan)	A série NASCAR Racing, desenvolvida pelo Papyrus Design Group, começou em 1994 e terminou com o lançamento da NASCAR Racing 2003 Season em 2003. Mais tarde, os jogos da NASCAR foram lançados pela Electronic Arts que, através da EA Sports, assumiram a NASCAR oficial. licença. Este artigo trata do lançamento da série original, NASCAR Racing. O jogo apresenta três modos de jogo diferentes: Arcade Race, Simulation Race e Simulation Testing. Enquanto o modo Arcade Race permite que o jogador entre direto na briga depois de escolher seu nível de dificuldade (seja novato, veterano ou ace), o modo Simulation Race apresenta muito mais opções de personalização para o jogador levar em consideração.
NBA Live 96 (USA)	Tal como acontece com todos os jogos da série NBA Live, você pode comprar, trocar e editar jogadores. Jogue uma temporada completa, exibição ou apenas os playoffs. NBA Live 96 inclui 29 equipes, incluindo equipes de expansão de Toronto e Vancouver.
NBA Live 99 (USA)	NBA Live 99 no Playstation é uma simulação de basquete apresentando os maiores times da liga americana, bem como seleções nacionais. Participe do campeonato e avance seu time recrutando os melhores jogadores do momento.
Need for Speed - High Stakes (USA)	Em Need for Speed: High Stakes para PlayStation, a velocidade encontra o perigo! Sinta a emoção de pilotar os carros mais luxuosos do mundo em pistas detalhadas, mas cuidado: colisões agora afetam seu carro de verdade. O grande desafio vem do modo 'High Stakes', onde você aposta seu próprio veículo em corridas de tirar o fôlego. Ganhe o carro do seu rival ou perca o seu para sempre! Além disso, o icônico modo 'Hot Pursuit' retorna, permitindo que você fuja da polícia ou a persiga em alta velocidade. Prepare-se para uma experiência de corrida onde cada metro conta e o risco é real.
Need for Speed - Road Challenge (Europe) (En,Sv)	Em Need for Speed: High Stakes para PlayStation, a velocidade encontra o perigo! Sinta a emoção de pilotar os carros mais luxuosos do mundo em pistas detalhadas, mas cuidado: colisões agora afetam seu carro de verdade. O grande desafio vem do modo 'High Stakes', onde você aposta seu próprio veículo em corridas de tirar o fôlego. Ganhe o carro do seu rival ou perca o seu para sempre! Além disso, o icônico modo 'Hot Pursuit' retorna, permitindo que você fuja da polícia ou a persiga em alta velocidade. Prepare-se para uma experiência de corrida onde cada metro conta e o risco é real.
Need for Speed - V-Rally (USA)	O V-Rally '97 possui 11 veículos de rally licenciados e mais de 40 pistas com clima, terreno e hora do dia variáveis. Ajuste livremente parâmetros como suspensão, relação de marcha e direção antes de competir nos três modos de jogo a seguir: Arcade, Campeonato e Time Trial. No Arcade, você avança através de várias competições agrupadas por dificuldade, cada uma consistindo em quatro fases. O campeonato é um torneio de oito corridas que envolve ganhar pontos a cada três primeiros colocados, enquanto o Time Trial permite competir contra o relógio ou outro veículo. O V-Rally também inclui corrida frente a frente por meio de tela dividida, configurações de dificuldade ajustáveis e múltiplas visualizações de câmera. Um cartão de memória é necessário para salvar o progresso e as configurações do controlador. Características Escolha entre 11 veículos de rally autênticos para competição em mais de 40 pistas Inclui três modos de jogo: Arcade, Campeonato e Contra-relógio Desafie um amigo por meio da exibição em tela dividida
Need for Speed - V-Rally 2 (USA)	V-Rally 2 é um jogo baseado no mundo das corridas de rally. Aqui a habilidade de dirigir com precisão é mais importante. Em cada carro há duas pessoas, um motorista e um navegador. Existem 84 corridas para competir em pistas de todo o mundo. Se isso não for suficiente para você, crie suas próprias trilhas com o novo Track Editor. V-Rally 2 apresenta 16 carros diferentes, desde Toyotas a Mitsubishis e tudo mais. No modo Arcade, quatro competidores competem em uma corrida contra o relógio. O modo V-Rally Trophy consiste em três grupos de pistas diferentes (Euro Trophy, World Trophy e Expert Trophy) e você deve tentar coletar todas as peças de metal brilhantes.
Need for Speed III - Hot Pursuit (USA)	Need for Speed retorna com vários supercarros, pistas e modos de corrida exóticos como era de se esperar -- mas refatorado para alta performance, realismo contundente e competição feroz. No modo Hot Pursuit, você pode correr dos dois lados da lei: como polícia tendo acesso a radar, expedidores de informação, e bloqueios de pista para rastrear rachadores; ou como corredor tentando trespassar a lei. Ambientes realísticos incluem detalhes como folhas farfalhantes, chuva, iluminação, espirros de barro e fumaça de borracha queimando ao colocar suas habilidades de direção no limite.
Nekketsu Oyako (Japan)	A dona de casa de meia-idade Saeko Hibino tem um segredo: ela é na verdade uma física teórica ganhadora do prêmio Nobel que criou um tipo completamente novo de reator de fusão de antimatéria com apenas 17 anos. Mas quando um bando de bandidos malvados que se autodenominam Haraguro-dan descobre, eles acham que ela é perfeita para ajudá-los a completar sua arma secreta definitiva do juízo final e sequestrá-la. Sua família não vai aceitar isso deitada, no entanto, e imediatamente pega em armas, partindo para libertá-la por todos os meios necessários!
NHL Blades of Steel 2000 (USA)	Baseado no jogo NES de 1988, BLADES OF STEEL, esta atualização oferece física de hóquei detalhada combinada com animação brilhante no estilo arcade. Você pode jogar da maneira que quiser, pois há cinco níveis de dificuldade, cinco velocidades de jogo, controles ajustáveis ​​e muitas outras opções. BLADES OF STEEL 2000 não apenas inclui todos os jogadores e times da NHL, mas também tem o conjunto mais completo de opções de luta que você encontrará neste lado de um jogo de boxe: você tem a opção de escolher entre vários tipos de socos diferentes, e ainda é possível acerte tiros corporais e derrube seu oponente. Você pode jogar uma temporada inteira, um único jogo ou pular direto para os playoffs da Stanley Cup enquanto corta e verifica seu caminho para a vitória duramente disputada. Como GM, você pode negociar, assinar, descartar ou criar seus próprios jogadores, e as listas são muito fáceis de gerenciar. Cada atleta da NHL é classificado com base em patinação, tiro, manuseio do bastão, espírito, luta e resistência, para que você saiba que esses caras serão realistas. Randy Hahn, a voz do San Jose Sharks, fornece comentários detalhados, e o locutor PA soa estranhamente autêntico. Se o hóquei realista e o jogo suave são sua ideia de artesanato de qualidade, este é o seu jogo.
NHL Powerplay 98 (USA) (En,Fr,De)	O NHL Powerplay 98 é um jogo de hóquei no qual o jogador pode controlar um time de sua escolha para trazê-lo à vitória e à glória. Os modos de jogo são as escolhas típicas de gênero: uma temporada inteira da NHL, os playoffs da NHL ou uma liga com 15 equipes nacionais. Os logotipos da equipe e os nomes dos jogadores são licenciados oficialmente, mas, ao contrário da NHL 98, usam os dados de 1996/1997. A jogabilidade em si é mais orientada para a ação do que uma simulação e usa várias variações de tiro e passe que são ativadas com combinações de teclas mais ou menos complicadas. Seis ângulos de câmera e um recurso de reprodução instantânea complementam a atmosfera da TV.
Nice Price Series Vol. 04 - Billiard King (Japan)	Então, achas que és um tubarão da piscina? Bem, American Pool vai testar suas habilidades ao máximo! Aprenda novos truques no modo de treino ou enfrente um amigo ou o computador no modo Pocket Game. Quando estiveres pronto para enfrentar o melhor, cria a tua própria personagem e enfrenta outros 31 jogadores no concurso de bilhar! Ao chegares ao topo, vais aprender novos power-ups e técnicas especiais para ajudar a achatar os adversários. Estás pronto para um verdadeiro desafio? Bem-vindos a eles!
Nickelodeon Les Razmoket - Font leur Cinema (France)	Ajude Os Anjinhos (the Rugrats) a provar que eles são mais que um bando bebês enquanto você rastreia Dil a irmã mais nova de Tommy em um estúdio de Hollywood. Jogue com Tommy, Chuckie, Phil, Lil e Angelica e procure em cada canto dos quatro principais sets!
Nickelodeon Rugrats - Excursion al estudio (Spain)	Ajude Os Anjinhos (the Rugrats) a provar que eles são mais que um bando bebês enquanto você rastreia Dil a irmã mais nova de Tommy em um estúdio de Hollywood. Jogue com Tommy, Chuckie, Phil, Lil e Angelica e procure em cada canto dos quatro principais sets!
Nickelodeon Rugrats - Studio Tour (USA)	Ajude Os Anjinhos (the Rugrats) a provar que eles são mais que um bando bebês enquanto você rastreia Dil a irmã mais nova de Tommy em um estúdio de Hollywood. Jogue com Tommy, Chuckie, Phil, Lil e Angelica e procure em cada canto dos quatro principais sets!
Nightmare Creatures II (USA)	Nightmare Creatures 2 é um jogo de ação / aventura no Playstation. A história se passa um século depois do primeiro episódio e o mundo inteiro parece ter afundado na escuridão e no horror. Cabe a você desafiar o malvado feiticeiro a impedi-lo de realizar seus planos malignos. Tudo isso em uma atmosfera singular, mas sem qualquer dúvida desejo mórbido.
Ninja - L'Ombre des Tenebres (France)	Ninja: Shadow of Darkness é um jogo de ação/aventura para Playstation. Você joga como um jovem ninja, de volta para casa após anos de ausência. Durante este tempo, os governantes entregaram o país aos demônios, dragões e outras criaturas do mal... Sua missão: salvar seus compatriotas e exterminar os demônios até o fim.
Ninja - Shadow of Darkness (USA)	Ninja: Shadow of Darkness é um jogo de ação/aventura para Playstation. Você joga como um jovem ninja, de volta para casa após anos de ausência. Durante este tempo, os governantes entregaram o país aos demônios, dragões e outras criaturas do mal... Sua missão: salvar seus compatriotas e exterminar os demônios até o fim.
Novastorm (USA) (Disc 1)	Novastorm é um jogo de tiro espacial para Playstation. O jogo se passa em algum momento no futuro distante. Os humanos deixaram a Terra em várias arcas enormes contendo o ecossistema da Terra, em busca de um novo paraíso. Eles se tornaram complacentes: tudo é controlado pela inteligência artificial, enquanto a raça humana dorme e sonha com seu novo lar. Os sistemas de computador evoluem, no entanto, e profetizam uma conquista do silício contra a carne. O jogador assume o controle do esquadrão Scavenger 4, que tem a missão de destruir as forças mortais Scarab-X, na última esperança para a raça humana.
Oddworld - Abe's Exoddus (USA) (Disc 1)	Aqueles desagradáveis ​​Glukons estão de volta, com a intenção de oprimir os adoráveis ​​Mudokons de todas as maneiras que puderem. Da última vez, os malvados estavam fabricando carne seca de Mudokon. Agora, eles oficialmente levaram o genocídio longe demais, forçando Mudokons cegos ao trabalho escravo para desenterrar os ossos de seus companheiros falecidos. A propósito, acontece que os ossos de Mudokon acrescentam o toque certo a uma receita favorita de Glukon, Soulstorm Brew. Quem vai salvar o dia? Nosso improvável herói Abe, é claro. Você se lembra de Abe: aquele Fraggle azul-esverdeado, de tanga, com quase dois metros de altura e problemas digestivos crônicos? Sim, ele teria se contentado em descansar sobre os louros depois de resgatar noventa e nove de seus amigos Mudokon do extermínio em Oddworld: Oddysee de Abe, mas um grupo de fantasmas descontentes elegeu o bom e velho Abe para vingar suas mortes.
Oddworld - Abe's Exoddus + Duke Nukem - Time to Kill + B-Movie (Europe) (Demo)	Aqueles desagradáveis ​​Glukons estão de volta, com a intenção de oprimir os adoráveis ​​Mudokons de todas as maneiras que puderem. Da última vez, os malvados estavam fabricando carne seca de Mudokon. Agora, eles oficialmente levaram o genocídio longe demais, forçando Mudokons cegos ao trabalho escravo para desenterrar os ossos de seus companheiros falecidos. A propósito, acontece que os ossos de Mudokon acrescentam o toque certo a uma receita favorita de Glukon, Soulstorm Brew. Quem vai salvar o dia? Nosso improvável herói Abe, é claro. Você se lembra de Abe: aquele Fraggle azul-esverdeado, de tanga, com quase dois metros de altura e problemas digestivos crônicos? Sim, ele teria se contentado em descansar sobre os louros depois de resgatar noventa e nove de seus amigos Mudokon do extermínio em Oddworld: Oddysee de Abe, mas um grupo de fantasmas descontentes elegeu o bom e velho Abe para vingar suas mortes.
Oddworld - Abe's Exoddus + Duke Nukem - Time to Kill + Duke Nukem - 3D (France) (En,Fr)	Aqueles desagradáveis ​​Glukons estão de volta, com a intenção de oprimir os adoráveis ​​Mudokons de todas as maneiras que puderem. Da última vez, os malvados estavam fabricando carne seca de Mudokon. Agora, eles oficialmente levaram o genocídio longe demais, forçando Mudokons cegos ao trabalho escravo para desenterrar os ossos de seus companheiros falecidos. A propósito, acontece que os ossos de Mudokon acrescentam o toque certo a uma receita favorita de Glukon, Soulstorm Brew. Quem vai salvar o dia? Nosso improvável herói Abe, é claro. Você se lembra de Abe: aquele Fraggle azul-esverdeado, de tanga, com quase dois metros de altura e problemas digestivos crônicos? Sim, ele teria se contentado em descansar sobre os louros depois de resgatar noventa e nove de seus amigos Mudokon do extermínio em Oddworld: Oddysee de Abe, mas um grupo de fantasmas descontentes elegeu o bom e velho Abe para vingar suas mortes.
Oddworld - Abe's Oddysee (USA)	Oddworld - Abe's Oddysee é um jogo de ação / aventura no Playstation. Você joga como Abe e você tem que salvar sua pele em um universo cheio de perigos do mal, onde todo mundo tenta te devorar vivo. Nesta fuga sem fim, o uso de poderes é bem-vindo para salvar sua raça.
Oddworld - L'Exode d'Abe (France) (Disc 1)	Aqueles desagradáveis ​​Glukons estão de volta, com a intenção de oprimir os adoráveis ​​Mudokons de todas as maneiras que puderem. Da última vez, os malvados estavam fabricando carne seca de Mudokon. Agora, eles oficialmente levaram o genocídio longe demais, forçando Mudokons cegos ao trabalho escravo para desenterrar os ossos de seus companheiros falecidos. A propósito, acontece que os ossos de Mudokon acrescentam o toque certo a uma receita favorita de Glukon, Soulstorm Brew. Quem vai salvar o dia? Nosso improvável herói Abe, é claro. Você se lembra de Abe: aquele Fraggle azul-esverdeado, de tanga, com quase dois metros de altura e problemas digestivos crônicos? Sim, ele teria se contentado em descansar sobre os louros depois de resgatar noventa e nove de seus amigos Mudokon do extermínio em Oddworld: Oddysee de Abe, mas um grupo de fantasmas descontentes elegeu o bom e velho Abe para vingar suas mortes.
Oddworld - L'Odyssee d'Abe (France)	Oddworld - Abe's Oddysee é um jogo de ação / aventura no Playstation. Você joga como Abe e você tem que salvar sua pele em um universo cheio de perigos do mal, onde todo mundo tenta te devorar vivo. Nesta fuga sem fim, o uso de poderes é bem-vindo para salvar sua raça.
Oh No! (Japan)	Em Oh No! você controla um grupo de pirralhos (literalmente) que estão tentando chegar ao fim de cada etapa sem passar fome ou ser morto. Os meninos correm incontrolavelmente para frente, seja em uma linha horizontal ou vertical; você pode alternar entre as formações com o botão triangular. Para manter o seu medidor de saúde levantado, os rapazes devem comer hambúrgueres deitados no chão. No entanto, evite as sanduíches de peixe. Vão esgotar a vossa saúde porque, como todos sabemos, os peixes de rua são muito desagradáveis. No final de cada etapa, a Oh No! dá-lhe uma boa mudança de ritmo - um mini-jogo de dança semelhante ao Bust a Groove.
Oh! Bakyuuun (Japan)	Ghoul Panic é um jogo de aventura de comédia, ambientado em uma mansão assombrada. Usando uma PlayStation light-gun, assuma o poder de vampiros, monstros, múmias, esqueletos e espiões para abrir as portas trancadas e descobrir bônus escondidos. Uma conversão do jogo de arcade, com 3 dificuldades e modos de jogo escondidos. Existem também modos de jogo exclusivos do PlayStation, incluindo Survival, Adventure e Remix.
One Two Smash - Tanoshii Tennis (Japan)	Neste lindo jogo de tênis, até 2 jogadores podem jogar em modo cooperativo ou vs. Diferentes tipos de quadras e modos de jogo simples ou duplos. O jogo não apresenta jogadores reais ou torneios. Mas dependendo da posição do jogador e do botão pressionado, o jogador pode fazer mais de 50 arremessos diferentes. Existem diferentes modos de jogo: No knockout, o jogador tem que vencer 3 jogadores de computador diferentes para vencer. 2 jogadores podem jogar no modo de batalha. Existem 12 personagens diferentes para escolher cada um deles com habilidades diferentes.
Oukyuu no Hihou Tension (Japan)	O protagonista é chamado Canaan, o segundo príncipe do reino Luukius, uma pequena cidade do campo na área livre. Neste reino, o príncipe não podia receber treinamento especial; portanto, sua força é a de uma pessoa normal. Um dia na cidade, uma guilda de aventureiros foi formada para quebrar o selo de um labirinto que permaneceu fechado por um longo tempo. Canaan e seu servo, Celest se juntaram à aventura ...
Over Drivin' DX (Japan)	Dirija alguns de seus carros esportivos favoritos em pistas selvagens e rápidas, incluindo o Dodge Viper, Lamborghini, Ferrari, Porsche, Corvette, Mazda RX7, Toyota Supra Turbo e Acura NSX. Algumas das pistas são estradas abertas, o que significa que você simplesmente voa por uma estrada enorme, com policiais seguindo em perseguição. Uma das opções do jogo permite que você escolha em qual hora do dia correr.
Over Drivin' DX - Rally Edition (Japan)	Dirija alguns de seus carros esportivos favoritos em pistas selvagens e rápidas, incluindo o Dodge Viper, Lamborghini, Ferrari, Porsche, Corvette, Mazda RX7, Toyota Supra Turbo e Acura NSX. Algumas das pistas são estradas abertas, o que significa que você simplesmente voa por uma estrada enorme, com policiais seguindo em perseguição. Uma das opções do jogo permite que você escolha em qual hora do dia correr.
Over Drivin' III - Hot Pursuit (Japan)	Need for Speed retorna com vários supercarros, pistas e modos de corrida exóticos como era de se esperar -- mas refatorado para alta performance, realismo contundente e competição feroz. No modo Hot Pursuit, você pode correr dos dois lados da lei: como polícia tendo acesso a radar, expedidores de informação, e bloqueios de pista para rastrear rachadores; ou como corredor tentando trespassar a lei. Ambientes realísticos incluem detalhes como folhas farfalhantes, chuva, iluminação, espirros de barro e fumaça de borracha queimando ao colocar suas habilidades de direção no limite.
Over Drivin' IV (Japan)	Em Need for Speed: High Stakes para PlayStation, a velocidade encontra o perigo! Sinta a emoção de pilotar os carros mais luxuosos do mundo em pistas detalhadas, mas cuidado: colisões agora afetam seu carro de verdade. O grande desafio vem do modo 'High Stakes', onde você aposta seu próprio veículo em corridas de tirar o fôlego. Ganhe o carro do seu rival ou perca o seu para sempre! Além disso, o icônico modo 'Hot Pursuit' retorna, permitindo que você fuja da polícia ou a persiga em alta velocidade. Prepare-se para uma experiência de corrida onde cada metro conta e o risco é real.
Pachi Slot Teiou - Big Wave, Pika Gorou, BB Junky 7 (Japan)	Uma máquina caça-níqueis (inglês americano), máquina de frutas (inglês britânico), máquina de pôquer (inglês australiano) é uma máquina de jogo de cassino com três ou mais rolos que giram quando um botão é pressionado. As máquinas caça-níqueis também são conhecidas como bandidos de um braço porque as máquinas caça-níqueis eram originalmente operadas por uma alavanca na lateral da máquina (o braço único) em vez de um botão no painel frontal, e por causa de sua capacidade de deixar o jogador sem um tostão. Muitas máquinas modernas ainda possuem uma alavanca legada além do botão. As máquinas caça-níqueis incluem um detector de moeda que valida a moeda ou dinheiro inserido para jogar. A máquina compensa com base em padrões de símbolos visíveis na parte frontal da máquina quando ela para. A moderna tecnologia da computação resultou em muitas variações no conceito de caça-níqueis. As máquinas caça-níqueis são o método de jogo mais popular em cassinos e constituem cerca de 70% da receita média de um cassino. Estima-se que trinta por cento ou mais dos lucros das máquinas de jogo vêm de jogadores problemáticos. Pachi-Slot Teiou - Big Wave - Pika Gorou - BB Junkie 7 é um jogo de pachi-slot (máquina de jogo) que apresenta uma recriação perfeita de 3 máquinas de jogo do mesmo nome com diferentes níveis de zoom.
Pachi-Slot Teiou 5 - Kongdom, Super Star Dust 2, Flying Momonga (Japan)	Pachi-Slot Teiou 5 é um jogo pachi-slot (máquina de jogo) que apresenta 3 máquinas de jogo diferentes (Oicho Kaba, X Pops Mágicos e Lequio-30) e diferentes níveis de zoom.
Pandemonium 2 (USA)	Nesta sequência de Pandemonium, o jogador controla mais uma vez a jovem aspirante a feiticeira Nikki e o bobo da corte Fargus com seu amigo fantoche Sid. É o ano do Queijo, e o advento do Cometa das Possibilidades Infinitas é predito pelo grande profeta Nosewasinit. Naturalmente, Nikki e Fargus estão interessados neste cometa; mas eles não são os únicos. A malvada Rainha Goon Zorrscha quer usar o cometa para seus próprios planos, então nossos heróis precisam alcançá-lo primeiro... A jogabilidade é semelhante à do primeiro jogo; apesar dos gráficos 3D, a mecânica de jogo é a mesma dos jogos de plataforma 2D. O jogador pode selecionar Nikki ou Fargus para cada nível. Cada um dos dois tem habilidades diferentes. Por exemplo, Nikki pode pular mais alto, enquanto Fargus pode usar seu fantoche Sid para uma variedade de ataques. Os personagens também podem adquirir power-ups, como ataques de fogo e raio para Nikki ou vários aprimoramentos de Sid para Fargus. Existem também itens e veículos específicos de cada nível que os heróis encontrarão em seu caminho.
Pandemonium! (USA)	A jovem feiticeira Nikki, o bobo da corte Fargus e seu chute lateral Sid, o fantoche, são os três principais protagonistas deste jogo de plataforma 3D. Enquanto participava de um seminário &quot;Feiticeiros em treinamento&quot;, Nikki acidentalmente lança um poderoso feitiço mágico, que resulta em monstros gigantes engolindo toda a vila. Os três amigos agora devem viajar para um lugar chamado &quot;Wishing Engine&quot;, e ter o desejo de fazer o mundo voltar ao normal.
Panzer Bandit (Japan)	Panzer Bandits é um jogo de luta de visão lateral no Playstation. No controle de um dos três heróis presentes, e em um mundo parecido com um mangá, você terá que atacar um exército de robôs malvados que estão tentando conquistar o mundo.
Parasite Eve (USA) (Disc 1)	Parasite Eve é um RPG com uma atmosfera de terror no Playstation. Aya Brea, uma policial que se encontra sozinha imune a um vírus desconhecido que causa estragos. Sua imunidade lhe permitirá investigar e tentar desvendar o mistério da mitocôndria, parasitas virais que conferem poderes estranhos aos seus hospedeiros ...
Parasite Eve - Special CD-ROM (Japan)	Parasite Eve é um RPG com uma atmosfera de terror no Playstation. Aya Brea, uma policial que se encontra sozinha imune a um vírus desconhecido que causa estragos. Sua imunidade lhe permitirá investigar e tentar desvendar o mistério da mitocôndria, parasitas virais que conferem poderes estranhos aos seus hospedeiros ...
Parasite Eve II (USA, Canada) (Disc 1)	Aya Brea está de volta em um novo jogo. Desta vez, há menos elementos de RPG do que o primeiro jogo, e o jogo é mais parecido com Resident Evil. As batalhas estão agora em tempo real e uma nova gama de armas está disponível. Derrotar inimigos recompensa dinheiro, bem como pontos usados para reviver e energizar os poderes Parasitas suprimidos de Aya, como curar e acender inimigos. Armas e armaduras agora têm estatísticas fixas, mas os anexos podem ser trocados dentro e fora deles para modificar suas propriedades.Depois de sobreviver aos eventos da Véspera do Parasita, Aya deixou seu emprego como policial e tornou-se membro da MIST (Agência de Investigação e Repressão da Mitocôndria) para caçar os remanescentes mutantes gerados pelo despertar de Eva. No ano de 2000, uma nova geração de Neo Mitochondrion toma conta da Torre Akropolis, no centro de Los Angeles. Aya é chamada e descobre uma organização secreta que ameaça toda a humanidade.
Parlor! Pro (Japan)	Parlor! Pro é o primeiro jogo da série de mesmo nome lançado no console Playstation. Este é um jogo de azar que apresenta 2 máquinas de jogo principais, sendo uma das máquinas baseada no personagem Hammerin Harry da empresa Irem. Hammerin' Harry, conhecido no Japão como Daiku no Gen-san, é uma série de videogames de plataforma desenvolvidos e publicados pela Irem em 1990. Os títulos foram desenvolvidos e publicados para plataformas arcade, NES e Game Boy, Famicom e Sony PSP. O jogo também apresenta uma espécie de modo história em que o jogador é um jogador de pachinko e tem uma semana para percorrer os diferentes locais do pachinko e tentar ganhar muito dinheiro nas máquinas.
Parlor! Pro 2 (Japan)	Parlor! Pro 2 é o segundo de uma série de jogos simuladores de pachinko do Japão. Pachinko é às vezes referido como o passatempo número um no Japão e é jogado em salas de jogos chamadas salões (parlors). Jogar por dinheiro é ilegal no Japão, então os jogadores compram bolas de aço com as quais jogam. No final da sessão trocam as bolas restantes por fichas que, por sua vez, podem ser trocadas por bens/prémios. Este jogo apresenta duas máquinas de pachinko, 'Hana Mizuki' e 'New Road Star', três modos de jogo 'Simulator', 'Story' e um terceiro que mostra cenas de cada jogo.
Parlor! Pro 3 (Japan)	Parlor! Pro 3 é o terceiro jogo da série de mesmo nome lançado para o Playstation e é um jogo de apostas que contém duas máquinas de jogo diferentes: The Legend of UFO e Million Slots. O jogo também apresenta uma espécie de modo história chamado The Phenomenon, no qual o jogador é um jogador pachinko que quer ganhar muito dinheiro jogando nas diferentes máquinas de jogo que existem pela cidade. Para percorrer a cidade o jogador entra em uma espécie de jogo de tabuleiro que pode avançar por diferentes quadrados dependendo do número que conseguir na máquina.
Parlor! Pro Jr. Vol. 5 - CR Fruit World X (Japan)	Pachinko é um dispositivo de jogo japonês usado para diversão e jogos de azar. Uma máquina de pachinko se assemelha a uma máquina de pinball vertical, mas sem flippers e um grande número de bolas relativamente pequenas. O jogador atira uma bola na máquina, controlando apenas sua velocidade inicial. A bola então desce em cascata por uma densa floresta de pinos. Na maioria dos casos, a bola cai para o fundo e é perdida, mas se, em vez disso, for para certos bolsos, mais bolas são lançadas como jackpot. As máquinas Pachinko eram originalmente estritamente mecânicas, mas as modernas incorporaram extensa eletrônica, tornando-se semelhantes às máquinas caça-níqueis de vídeo. As máquinas estão muito difundidas em estabelecimentos chamados &quot;salões pachinko&quot;, que também costumam apresentar uma série de caça-níqueis. As salas de Pachinko compartilham a reputação de cavernas de caça-níqueis e cassinos em todo o mundo em termos de decoração extravagante; arquitetura over-the-top; uma névoa baixa de fumaça de cigarro; o barulho constante das máquinas, música e anúncios; e luzes piscando. As máquinas pachinko modernas são altamente personalizáveis, mantendo os entusiastas continuamente entretidos. Como jogar por dinheiro é ilegal no Japão e em Taiwan, as bolas ganhas não podem ser trocadas diretamente por dinheiro no salão. Em vez disso, as bolas são trocadas por prêmios simbólicos, que podem então ser levados para fora e trocados por dinheiro em um negócio que é nominalmente separado da sala de visitas e pode ser administrado pelo crime organizado (yakuza). Parlor! Pro Jr. Vol.5 é o quinto jogo da série Jr. de mesmo nome lançado para o console Playstation e é um jogo de azar que apresenta uma simulação perfeita da máquina de apostas CR Fruit World X.
Parlor! Pro Special - CR Harenchi Gakuen & CR Toukon (Japan)	Pachinko é um dispositivo de jogo japonês usado para diversão e jogos de azar. Uma máquina de pachinko se assemelha a uma máquina de pinball vertical, mas sem os flippers e um grande número de bolas relativamente pequenas. O jogador atira uma bola na máquina, controlando apenas sua velocidade inicial. A bola então desce em cascata por uma densa floresta de pinos. Na maioria dos casos, a bola cai para o fundo e é perdida, mas se, em vez disso, for para certos bolsos, mais bolas são lançadas como jackpot. As máquinas Pachinko eram originalmente estritamente mecânicas, mas as modernas incorporaram extensa eletrônica, tornando-se semelhantes às máquinas caça-níqueis de vídeo.
Parodius (Europe)	A jogabilidade é muito semelhante à série Gradius, com algumas diferenças. Parodius mantém a seletividade de diferentes configurações de armas, mas implementa por meio de quatro personagens diferentes: Vic Viper (de Gradius), Octopus, Twin Bee e Pentarou. A segunda diferença principal é a adição de power-ups de sinos, da série Twinbee. Esses sinos agem como power-ups únicos, permitindo que você destrua todos os inimigos na tela, dispare enormes raios de energia, etc. Inimigos e ambientes dos jogos Gradius e Twinbee são misturados, com uma série de oponentes no estilo anime, que incluem mulheres seminuas. Todos os elementos Gradius são integrados de uma forma muito alegre. O Big Core, um chefe regular na série Gradius, recebe uma aparência neon e é chamado de &quot;Viva Core&quot;. Além disso, há um nível moai (estátuas de cabeça da Ilha de Páscoa), mas todas as estátuas recebem uma aparência muito mais animada. O chefe daquele nível, a Moai Head, atira outros moais no jogador cuspindo-os de sua boca. O chefe final, no estilo típico de Gradius, é um inimigo desarmado que, uma vez derrotado, resulta em uma sequência de destruição/fuga.
Pepsiman (Japan)	Pepsiman foi um dos jogos mais bizarros dos anos 90. Era um endless runner, mais ou menos como os que vemos hoje para celulares. Sua missão, controlando o herói da Pepsi, é coletar latinhas do refrigerante, passar por obstáculos e ir o mais longe possível sem morrer.
Persona (USA)	Num futuro próximo, a humanidade conquistou as viagens dimensionais, mas a porta que abrimos oscila em ambos os sentidos. A pacífica cidade em que você cresceu se tornou um refúgio para criaturas sombrias de outro mundo – Demônios! Agora cabe a você e seus amigos aproveitar o poder oculto dentro de você, entrando no jogo de fantasia conhecido como Persona. Você acorda com habilidades incríveis que precisará para derrotar dezenas de invasores Demônios e limpar a terra de suas forças. Converse com eles antes da batalha para determinar seu melhor curso de ação. Lute contra eles ou peça ajuda para sua missão. De qualquer forma, você está pronto para a aventura de fantasia da sua vida!
Persona 2 - Tsumi - Innocent Sin (Japan)	Por exemplo, você poderia traduzir a sinopse ausente do jogo&quot;Persona 2 - Innocent Sin&quot;dePlaystationno idioma que você selecionou?nn Sinopsenn Persona 2: Innocent Sin é semelhante em estrutura e jogabilidade básica ao seu antecessor. Grande parte do jogo consiste em navegar em um grupo de até cinco combatentes ativos por locais na grande cidade, explorando masmorras complexas e lutando contra demônios que aparecem aleatoriamente em estilo baseado em rodadas. Ao contrário do primeiro jogo, as masmorras são vistas de uma perspectiva aérea em ângulo com uma câmera giratória. Em vez de ter a opção de usar uma arma branca ou uma pistola, cada personagem está equipado com sua própria arma específica.
Pet in TV (Europe)	Pet in TV é um jogo PlayStation original, onde o usuário toma o controle de um animal de estimação virtual. (Uma versão mais complexa do Tamagotchi.)nnO jogador pode escolher entre uma seleção de PiTs e nomeá-lo. O jogador deve alimentar seu PiT e permitir que ele explore o mundo 3D, aprendendo de seus encontros com cenários e objetos através de tentativa e erro. Uma vez que esses comportamentos são aprendidos, o PiT saberá como responder a esses objetos no futuro (como uma flor ou um espinho). Sempre que o PiT se machucar, ou cansar, devolvê-lo à sua casa permitirá que o Dr. Y o cure. O objetivo para o seu PiT será resolver enigmas por conta própria - para o qual será recompensado com atualização dos chips de Inteligência Artificial.
Pinball Fantasies Deluxe (Japan)	Após o sucesso de Pinball Dreams em vários sistemas, uma sequência com quatro novas mesas foi lançada. A jogabilidade é muito parecida com a presente nos primeiros jogos, com física realista, opções multijogador e uma tabela de recordes se correr atrás. As mesas são Partyland, Speed Devils, Billion Dollar Gameshow e Stones 'n' Bones, incluindo um parque de diversões, carros de corrida, um game show brega e um cemitério. Cada um tem uma variedade de rampas, combos, sequências com luzes e alvos a serem alvejados, bem como temas gerais que são menos influenciados por mesas reais do que os de Pinball Dreams.
Pitfall 3D - Beyond the Jungle (USA)	Pitafall 3D: A Queda Final Prepare-se para reviver a nostalgia com um toque de adrenalina em Pitafall 3D, uma reimaginação eletrizante do clássico que marcou gerações no PlayStation! Nesta aventura em terceira dimensão, você assume o papel do lendário explorador, Pitafall, que se vê novamente preso em um labirinto traiçoeiro e cheio de armadilhas mortais. Mas desta vez, a ameaça é maior, e a queda é ainda mais iminente! Com gráficos totalmente remasterizados e uma jogabilidade que honra o original enquanto adiciona novas camadas de desafio, Pitafall 3D te convida a testar seus reflexos e sua mente estratégica. Desvie de pedras rolantes gigantes, pule sobre abismos aparentemente intransponíveis, escape de criaturas famintas e, o mais importante, evite a queda fatal em um poço sem fim que se aproxima a cada passo em falso.
Play with the Teletubbies (USA)	Play with the Teletubbies é o primeiro videogame baseado na popular série de TV infantil Teletubbies. Os jogadores podem escolher um dos quatro Teletubbies, Tinky Winky, Po, Laa-Laa ou Dipsy, e devem explorar Teletubbyland para encontrar objetos. Há o Moinho Mágico, um tambor mágico, uma árvore de esconde-esconde e outros. Há mais minijogos se você for até o super domo dos Teletubbies, onde pode brincar com a máquina Tubby Custard, o painel de controle, a Tubby Toaster e outros.
Player Manager (Europe) (En,Fr,De,Es,It,Sv,No)	Sete anos após o primeiro jogo do Player Manager ter sido lançado no Commodore Amiga por Dino Dini e Steve Screech, é o primeiro jogo para o console Playstation da saga Player Manager, a diferença mais importante entre o Playstation e o clássico Amiga é o seguinte: o jogo Playstation você não pode controlar o jogador em campo, este é apenas um jogo de gerenciamento. Este é o primeiro simulador de gerenciamento de futebol do Playstation e permite que você experimente os prazeres e pressões associados ao gerenciamento de um clube de futebol.
Plue no Daibouken from Groove Adventure Rave (Japan)	Neste jogo Plue começa uma grande aventura em busca do chamado &quot;Phantom Candy&quot; em algum lugar do mundo. Você deve comer 100 tipos diferentes de doces com efeitos diferentes para limpar o jogo! Um preço de valor de 3.900 ienes. Konami &quot;Obrigado&quot; primeiro título da série!
Point Blank (USA)	Prepare-se para testar sua mira e reflexos em Point Blank, o clássico de tiro para PlayStation. O jogo desafia você com uma variedade de minijogos de tiro absurdamente divertidos, que vão desde acertar alvos em movimento e derrubar pratos voadores até salvar reféns de bandidos de brinquedo. Com uma jogabilidade simples, mas viciante, Point Blank é o teste definitivo para a sua precisão. Use a G-Con 45 (ou um controle padrão) para mirar e atirar em tudo que se move na tela. A diversão é garantida, mas o desafio é real. Acha que consegue acertar todos os alvos?
Pong (Europe) (En,Fr,De,Es,It,Nl)	O videogame clássico PONG está recebendo uma atualização de 32 bits. Os jogadores controlam uma haste retangular longa e plana e manobram-na para cima e para baixo na tela para defender seu objetivo. O adversário está tentando direcionar a bola para além de você e para o seu gol, o jogador que atinge o ponto pré-definido do nível total primeiro vence a partida. Existem seis zonas cheias de todos os tipos de desafios PONG, cada uma com três variações distintas e cada vez mais difíceis nesse nível. A maioria dos jogos individuais também inclui power-ups que você pode coletar, o que irá beneficiá-lo de alguma forma contra o seu adversário.
Pong - The Next Level (USA)	O videogame clássico PONG está recebendo uma atualização de 32 bits. Os jogadores controlam uma haste retangular longa e plana e manobram-na para cima e para baixo na tela para defender seu objetivo. O adversário está tentando direcionar a bola para além de você e para o seu gol, o jogador que atinge o ponto pré-definido do nível total primeiro vence a partida. Existem seis zonas cheias de todos os tipos de desafios PONG, cada uma com três variações distintas e cada vez mais difíceis nesse nível. A maioria dos jogos individuais também inclui power-ups que você pode coletar, o que irá beneficiá-lo de alguma forma contra o seu adversário.
Pool Shark (Europe)	Actua Pool é um jogo de simulação de bilhar. Os modos de jogo incluem um jogo de dois jogadores, modo hustle, truques, torneios e um tutorial interativo. Torneios vencedores desbloqueiam novos NPCs para jogar contra. Cada adversário NPC tem seu próprio estilo de jogo e dificuldade. Você pode jogar em uma variedade de mesas diferentes.
Power DoLLS 2 (Japan)	Power Dolls 2 é um jogo tático por turnos que se passa num cenário futurista do século XXVI. Tal como o seu antecessor, o jogo centra-se na guerra entre os planetas Omni e a Terra. Os jogadores comandam a equipa feminina &quot;Detachment Of Limited Line Service&quot; e podem optar por percorrer a campanha de forma linear ou selecionar missões específicas diretamente a partir do menu principal. A jogabilidade é muito semelhante à do jogo anterior, com algumas adições relacionadas com a interface e a personalização (como formas mais detalhadas de equipar os mechas). O jogador deve reunir uma equipa a partir de vários pilotos disponíveis, atribuindo um mecha ou outro tipo de nave em função do tipo de missão e dos seus requisitos.
Power Rangers - La Force du Temps (France)	Power Rangers Time Force é um videojogo baseado na 9ª temporada da série televisiva Power Rangers: Time Force, lançada em 2001 e publicada pela THQ. O jogo foi lançado para o PlayStation, Game Boy Color, Game Boy Advance e PC. A versão para PlayStation apresenta um jogo 3D beat 'em up, com todos os seis Rangers, os seus Veículos e Mega Zords jogáveis. Apresentava modos de jogador único e 2 jogadores.
Primera Division Stars (Spain)	Premier League Stars é um jogo de futebol da EA lançado alguns meses antes do FIFA 2000. Os dois jogos são bastante semelhantes, mas Stars é um pouco mais rápido e ativo do que FIFA, que é mais realista. Enquanto a FIFA oferece várias ligas, a Stars se concentra na Premier League inglesa e é totalmente licenciada com todos os clubes, kits, estádios e jogadores reais. A característica mais original do Stars é que ele usa o conceito de estrelas, o que significa que você coleta estrelas vencendo partidas, marcando gols, etc. As estrelas podem ser usadas para melhorar os jogadores em diferentes habilidades, como passes, chutes e desarmes.
Pro Evolution Soccer 2 (Europe) (Es,It)	Pro Evolution Soccer 2 é um jogo de esportes para Playstation. Jogue como seus jogadores favoritos nesta simulação de futebol que lhe permitirá viver grandes momentos em campo. Jogo de futebol da franquia Winning Eleven, todas as seleções e times regionais.
Pro Mahjong, The - Menkyo Kaiden (Japan)	O Pro Mahjong - Menkyo Kaiden é um jogo de mahjong que possui 5 tabuleiros diferentes, 2 modos de jogo (Torneio e Modo Livre).
Puchi Carat (Europe)	Puchi Carat para Playstation é um jogo de habilidade como seu antecessor Breakout. Na verdade, você terá que destruir pequenas joias que inexoravelmente descem para a parte inferior da tela. Para destruí-los, mova sua plataforma horizontalmente para enviar uma bola para destruir esses blocos. Diferentes modos estarão disponíveis para você em solo, como modo de teste, contra o relógio ou até mesmo modo de história. Um modo Link para 2 jogadores também está surgindo.
Puyo Puyo Tsuu - Ketteiban (Japan, Asia)	Esta sequela do Puyo Puyo é, tal como o seu antecessor, um jogo de blocos em queda, em que o objetivo é combinar quatro ou mais blocos (Puyos) da mesma cor, que depois desaparecem. Os restantes Puyos caem e podem produzir combinações que provocam o aparecimento de blocos nocivos especiais no terreno do inimigo.
Puzz Loop (Japan)	Ballistic começou a vida como um jogo de arcade chamado Time Loop e apresenta elementos reminiscentes de Bust-A-Move e Battle Balls, embora com um estilo decididamente único de jogabilidade. O objetivo principal é impedir que as bolas cheguem ao portão central, mas, em vez de mirar em bolas que caem do topo da tela, você atira nelas a partir de um canhão central à medida que elas se movem em espiral. A chave é criar várias reações em cadeia para receber mais pontos. O objeto em Panic (um dos três modos) é estender a jogabilidade o maior tempo possível e construir a pontuação mais alta, eliminando mais e mais bolas. A velocidade aumenta à medida que você destrói todas as bolas em cada corda, e a cada dez níveis um foguete se materializa, o que empurra as bolas em direção ao portão central. Destruir o foguete aumenta ainda mais a velocidade, mas bombas podem ser usadas para eliminar todas as bolas na tela da mesma cor. O modo Stage permite limpar uma sequência finita de bolas numa base de nível para nível, mas, ao contrário do modo Panic, a jogabilidade é interrompida após a conclusão de cada nível. Você recebe os mesmos power-ups de bombas, mas os twisters desviam seus tiros, os relógios congelam a corrente, e as bolas e baús ocos guardam surpresas escondidas.
Puzzle Bobble 4 (Japan)	Puzzle Bobble 4 (também conhecido como Bust-a-Move 4 na América do Norte e Europa) é a terceira sequência do videogame Puzzle Bobble e é a aparição final da série no Arcade, PlayStation e Dreamcast. O jogo também é o título final por ser reconhecidamente semelhante em apresentação ao original. Com base no sucesso de Puzzle Bobble 3, o jogo adiciona um sistema de polia que requer dois conjuntos de bolhas, presos a cada lado de uma corda pendurada em duas polias. O jogo contém um modo de história para um jogador.
Puzznic (USA)	O desafio em cada nível de Puzznic é manobrar uma seleção de blocos em posição de modo a eliminá-los a todos, fazendo-os entrar em contacto com blocos do mesmo desenho. Há muitas complicações na resolução dos níveis e, em algumas situações, há um número ímpar de um determinado tipo de bloco.
R-Type Delta (USA)	O Império Bydo retornou à Terra com uma vingança. Desta vez, eles não aceitarão a derrota tão facilmente. Terra, no entanto, está pronta para eles ... Três navios da classe R: o R-9, o R-13 e o protótipo R-X são suas armas nesta guerra. Escolha o seu navio de acordo com o seu gosto, decole, e ataque o Império Bydo! O R-Type Delta é o primeiro jogo 2D / 3D tipo R (à la Einhander e Thunder Force V) e é um exclusivo da PlayStation.
R-Types (USA)	R-Types on Playstation é uma compilação das duas primeiras partes da série de shoot'em up 'R-Type'. As adaptações são muito fiéis aos jogos arcade originais com a diferença de que agora será capaz de reiniciar um jogo no início de um nível se perder a sua vida.
R4 - Ridge Racer Type 4 (USA)	O Ridge Racer Type 4 na Playstation é um jogo de corridas arcade. Comece com 8 carros à escolha, desbloqueando muitos mais correndo nas 8 pistas disponíveis e também nas suas versões espelhadas. Desafie os seus amigos no modo multi jogador que permite que até 4 pessoas compitam entre si.
Racing Lagoon (Japan, Asia)	Racing Lagoon é um RPG de corrida. Você ganha experiência para as várias peças do seu carro e pontos de corrida ao desafiar outros carros em ruas modeladas com base nos roteiros reais de Yokohama, no Japão. Depois de vencer uma corrida, você receberá uma certa quantidade de &quot;Pontos de recompensa&quot; que poderá usar para ter uma parte do carro de seu oponente, desde o motor até o esquema de pintura. O jogo é dividido em 10 noites de corrida, com o personagem principal Sho Akasaki tentando se tornar o rei do cenário de corrida underground.
Rage Racer (USA)	O terceiro jogo Ridge Racer novamente apresenta três pistas, com cada um dos percursos começando com a mesma linha de partida para emergir em um percurso completamente distinto. Cada um dos percursos leva você por uma infinidade de marcos antigos, cidades, maravilhas naturais como faróis, túneis, cachoeiras, ruínas, vilas de estilo europeu etc. Os gráficos, no entanto, se transformaram de ambientes irrealistas como chicletes para percursos de corrida monótonos e muito realistas. Além das três pistas disponíveis desde o início, outra pista bônus pode ser conquistada, assim como todos os percursos ao contrário.
Rayman (USA)	No mundo de Rayman, a natureza e as pessoas vivem em paz e El Gran Protón (the Great Protoon ) mantém o equilíbrio e a harmonia deste universo. Até o dia em que o horrível Mister Dark o rouba, mergulhando o mundo no caos e na escuridão. Rayman terá que encontrar e entregar todos os toons e aniquilar o Mister Dark para entregar o Great Protoon.
Rayman 2 - The Great Escape (USA) (En,Fr,Es)	Rayman 2: The Great Escape é um jogo de plataforma 3D clássico. Você joga com o famoso personagem sem braços, pescoço ou pernas, fora da imaginação de Michel Ancel. Armado com seus punhos, você deve livrar o mundo dos robôs piratas. O jogo é muito rico e cheio de surpresas.
Rayman Junior (Europe) (Fr,De,Es,It)	Rayman Junior (também conhecido como Rayman Brain Games nos Estados Unidos) é um videogame educacional baseado em Rayman que foi projetado para ensinar às crianças de 6 a 8 anos de idade o básico de matemática e alfabetização. Sabe-se que muitas variações do jogo foram lançadas para o MS-DOS a partir de 1996, com a versão do Sony PlayStation sendo lançada em 2000. JOGABILIDADE: A jogabilidade no Rayman Junior é um pouco simplificada, especialmente para o jovem jogador. O número de níveis no jogo foi reduzido para apenas doze, dois por mundo, e cada um abrange um tópico educacional, como fonética, adição e subtração, reconhecimento de números etc. As perguntas feitas vêm em três dificuldades, que podem ou podem não pode ser selecionado dependendo da versão. Cada nível começa com o mago dando Rayman uma visão geral sobre o que ele tem que fazer. Em seguida, o jogador verá o chapéu do Mago em vários pontos do nível em que ele faz uma pergunta ao jogador quando você passa por ele. O jogador então tem três caminhos para escolher, sendo o caminho certo a resposta certa para a pergunta. Uma vida é perdida se o caminho errado for tomado. Depois que o nível estiver completo, o jogador é então enviado para uma fase bônus e dado um limite de tempo em que ele ou ela deve completar qualquer desafio que o Mago tenha estabelecido para ele. Depois que todos esses níveis forem apagados, Rayman poderá ter acesso ao esconderijo de Mr Dark. O jogo contém um novo mapa do mundo e, separadamente dos níveis principais, há um extra chamado Jardim da Betilla, que o jogador pode usar para praticar. Esta é a primeira vez em que Betilla the Fairy fala inglês. Ele também tem um novo tema de título, e a música de nível é estendida. Rayman Junior English é um título alternativo para Rayman Junior, já que o enredo é diferente e os níveis também são diferentes. O enredo deste jogo é que um dia o mago e Betilla estão no jardim de Betilla, quando o mago recebe uma carta de seu inglês, mas toda a letra é em inglês e o mago não entende uma única palavra, e de repente o Sr. Dark aparece e roubou a carta e colocou um feitiço neles que os transformará em gnomos de jardim. O mago decide ligar para Rayman para poder decodificar a carta do primo, derrotar o Sr. Dark e frear o feitiço. Nos níveis do jogo, o jogador terá que avançar usando palavras inglesas para escolher o caminho certo para chegar ao final de cada nível.
RayStorm (USA)	O RayStorm é um jogo de shoot'em-up de arcada, posteriormente portado para as consolas domésticas Playstation e Saturn. Embora não haja qualquer ligação histórica, é frequentemente pensado como o sucessor espiritual do RayForce, que tinha uma jogabilidade semelhante.Tem duas armas à sua disposição, uma arma vulcana e um ataque com mísseis de bloqueio. Também pode fazer dois ataques especiais usando o sistema de bloqueio de uma forma especial. Os gráficos são todos em 3D, mas a mecânica de jogabilidade é em 2D. Existem 7 fases, cada uma terminando com um gigantesco BOSS final.
Re-Volt (USA)	Durante anos, a empresa Toy-Volt vem produzindo brinquedos e jogos para crianças em todo o mundo. Poucos meses após o lançamento de seus primeiros produtos, a Toy-Volt disparou para o topo! Ninguém conseguia dizer exatamente o que tornava os brinquedos tão populares. Claro, eles empregavam os melhores designers e profissionais de marketing do mundo, mas havia algo mais sobre os brinquedos Toy-Volt, algo quase... mágico. Agora, seus mais novos carros R/C realmente começam a viver!
Resident Evil (USA)	Resident Evil inicia em torno de uma série de casos de homicídio envolvendo canibalismo ocorridos em Arklay Mountaim (Montanhas Arklay), ao norte da cidade fictícia Raccoon City em 1998. O S.T.A.R.S (Special Tactics And Rescue Squad) é designado para investigar a fonte de tais assassinatos, o primeiro grupo enviado é a Equipe Bravo. Quando a Equipe Bravo perde contato com a base e desaparece misteriosamente, a Equipe Alpha é enviada em uma missão de resgate, mas acabam sendo atacados e vão parar em uma mansão aparentemente abandonada, onde o grupo se depara com zumbis e outras criaturas, levando-os a descobrir os cadáveres de seus companheiros da Equipe Bravo na casa.
Resident Evil - Director's Cut (USA)	Resident Evil: Director's Cut é um horror de sobrevivência no Playstation. Esta é uma versão sem censura do Resident Evil 1. Comparado com o último, o aplicativo é diferenciado por novas cenas, novos ângulos de visão, cenas adicionais e novos trajes.
Resident Evil - Director's Cut - Dual Shock Ver. (USA)	Resident Evil: Director's Cut é um horror de sobrevivência no Playstation. Esta é uma versão sem censura do Resident Evil 1. Comparado com o último, o aplicativo é diferenciado por novas cenas, novos ângulos de visão, cenas adicionais e novos trajes.
Resident Evil - Survivor (USA)	Resident Evil: Survivor é um jogo de tiro e ação no Playstation. Nesse episódio você joga com um personagem amnésico e é bloqueado em uma ilha. Vítima de um terrível acidente de helicóptero e totalmente desesperada, você terá que abater um bom número de zumbis e resolver vários quebra-cabeças para alcançar o resultado, mas principalmente para se manter vivo.
Resident Evil 2 (USA) (Disc 1)	O jogo se passa dois meses após os acontecimentos de Resident Evil, na cidade de Raccon City, localizada na região centro-oeste dos Estados Unidos. Quase todos os seus cidadãos foram transformados em zumbis por um surto do T-virus, um novo tipo de arma biológica secreta desenvolvida pela empresa farmacêutica Umbrella Corporation. Os protagonistas são Leon S. Kennedy, um policial novato em seu primeiro dia na força local, e Claire Redfield, uma estudante universitária à procura de seu irmão Chris. Tendo acabado de chegar na cidade, os dois partem para o Departamento de Polícia de Raccoon buscando proteção contra a população mutante. No entanto, após um caminhão desgovernado atingir o carro onde estavam, eles são forçados a dividirem-se (é possível escolher jogar como Leon ou Claire).
Resident Evil 2 - Dual Shock Ver. (USA) (Disc 1)	O jogo se passa dois meses após os acontecimentos de Resident Evil, na cidade de Raccon City, localizada na região centro-oeste dos Estados Unidos. Quase todos os seus cidadãos foram transformados em zumbis por um surto do T-virus, um novo tipo de arma biológica secreta desenvolvida pela empresa farmacêutica Umbrella Corporation. Os protagonistas são Leon S. Kennedy, um policial novato em seu primeiro dia na força local, e Claire Redfield, uma estudante universitária à procura de seu irmão Chris. Tendo acabado de chegar na cidade, os dois partem para o Departamento de Polícia de Raccoon buscando proteção contra a população mutante. No entanto, após um caminhão desgovernado atingir o carro onde estavam, eles são forçados a dividirem-se (é possível escolher jogar como Leon ou Claire).
Resident Evil 3 - Nemesis (USA, Canada)	Resident Evil 3: Nemesis acontece durante os eventos de Resident Evil 2. Você joga desta vez, Jill Valentine, e tem que escapar vivo de Raccoon City, devastado por zumbis. Nêmesis, o monstro exterminador dos últimos sobreviventes está em seus calcanhares.
Return Fire (USA) (En,Ja,Fr,De,Es,It,Pt,Ko,Ru,Ar)	Return Fire e o sucessor espiritual de Fire Power e se encaixa tanto no genero de estrategia quanto no genero de acao. Voce pode assumir o controle de quatro veiculos no jogo: um Jipe, Helicoptero, Tanque e um veiculo lancador de misseis chamado ASV (Armoured Support Vehicle ou Veiculo de suporte blindado). Existem duas formas de vencer, a mais simples seria capturar a bandeira inimiga e trazer para o seu bunker com o fragil Jipe. Esse e o objetivo principal. A outra forma de vencer seria destruir seu inimigo, um objetivo secundario.
Return to Zork (Japan) (Disc 1)	Segundo a lenda, o Grande Império Subterrâneo de Zork foi destruído e todas as forças do mal foram dispersas. Mas a IT&L Corporation afirma ter descoberto os caminhos escuros e míticos por baixo do &quot;Valley of the Sparrows&quot;. Os pesadelos recomeçaram desde esta descoberta, as pessoas desapareceram, os edifícios desapareceram e tu, o viajante, tens de salvar o império subterrâneo destas forças maléficas.
Rhythm Beat (Europe)	Rhythm Beat é um jogo de dança que tem estas características: * Novo e inovador jogo de ação de ritmo * Mantenha-se em forma dançando com as músicas * Modo de 1 ou 2 jogadores disponíveis * Compatível com Dance Mat 2 modos de jogo principais: - Modo Song - Modo Coleção Os gráficos são realmente pobre, apenas um personagem no início do jogo, e não é muito bom animado ... Se você tem algum jogo Dance Dance Revolution você deve evitar este.
Ridge Racer (USA)	Ridge Racer é um jogo de corridas de arcada que coloca a ênfase na velocidade e no divertimento em vez de na simulação realista de condução. Escolha entre 4 carros de fantasia (mais 9 que tem de desbloquear) e vá correr numa série de pistas igualmente fantásticas contra uma série de oponentes controlados por computador, bem como o próprio relógio. Outras adições ao jogo vêm na forma de um modo &quot;extra&quot; oculto, e um leitor de música que lhe permite tocar qualquer uma das 6 pistas de cd incluídas, bem como os seus próprios cds de música.
Ridge Racer - High Spec Ver. & Namco Catalogue '98 (Japan, Asia)	Ridge Racer é um jogo de corridas de arcada que coloca a ênfase na velocidade e no divertimento em vez de na simulação realista de condução. Escolha entre 4 carros de fantasia (mais 9 que tem de desbloquear) e vá correr numa série de pistas igualmente fantásticas contra uma série de oponentes controlados por computador, bem como o próprio relógio. Outras adições ao jogo vêm na forma de um modo &quot;extra&quot; oculto, e um leitor de música que lhe permite tocar qualquer uma das 6 pistas de cd incluídas, bem como os seus próprios cds de música.
Ridge Racer Bonus Turbo Mode Disc (USA)	O Ridge Racer Type 4 na Playstation é um jogo de corridas arcade. Comece com 8 carros à escolha, desbloqueando muitos mais correndo nas 8 pistas disponíveis e também nas suas versões espelhadas. Desafie os seus amigos no modo multi jogador que permite que até 4 pessoas compitam entre si.
Ridge Racer Hi-Spec Demo (Europe)	O Ridge Racer Type 4 na Playstation é um jogo de corridas arcade. Comece com 8 carros à escolha, desbloqueando muitos mais correndo nas 8 pistas disponíveis e também nas suas versões espelhadas. Desafie os seus amigos no modo multi jogador que permite que até 4 pessoas compitam entre si.
Ridge Racer Revolution (USA)	Ridge Racer Revolution é um jogo de corridas em Playstation. Escolha um dos 12 veículos disponíveis e conduza ao longo de estradas sinuosas de montanha, através de cidades e túneis. Compita pela experiência mais intensa no jogo mais cheio de acção de sempre!
Ridge Racer Type 4 (Europe) (En,Fr,De,Es,It)	O Ridge Racer Type 4 na Playstation é um jogo de corridas arcade. Comece com 8 carros à escolha, desbloqueando muitos mais correndo nas 8 pistas disponíveis e também nas suas versões espelhadas. Desafie os seus amigos no modo multi jogador que permite que até 4 pessoas compitam entre si.
Ridge Racer Type 4 Collectors Demo (Europe, Australia)	O Ridge Racer Type 4 na Playstation é um jogo de corridas arcade. Comece com 8 carros à escolha, desbloqueando muitos mais correndo nas 8 pistas disponíveis e também nas suas versões espelhadas. Desafie os seus amigos no modo multi jogador que permite que até 4 pessoas compitam entre si.
Rittai Ninja Katsugeki - Tenchu (Japan)	Tenchu: Stealth Assassins é um jogo furtivo para Playstation. Você joga com um Ninja de sua escolha entre Rikimaru e Ayame. O jogo é dividido em 10 etapas onde você deve realizar as tarefas que estão presentes. Além disso, esteja ciente de que todos os níveis acontecem durante a noite.
Rittai Ninja Katsugeki - Tenchu - Shinobi Gaisen (Japan) (En,Ja,Fr,It)	Tenchu: Stealth Assassins é um jogo furtivo desenvolvido pela Acquire e publicado pela Sony Music Entertainment inc. no Japão e na Activision na América do Norte e na Europa para o PlayStation em 1998. Tenchu ​​é conhecido por sua jogabilidade furtiva e os cenários misteriosos do Japão feudal. Foi um dos primeiros jogos ninja a incorporar stealth, um aspecto crucial do ninjutsu. No entanto, além de apresentar artes marciais tradicionais em batalhas, o jogo incorpora elementos de fantasia e mitologia japonesa. O jogo também usou a captura de movimento, onde o ator/artista marcial Sho Kosugi e seu filho Kane foram contratados como atores para os movimentos de combate do jogo.
Rittai Ninja Katsugeki - Tenchu 2 (Japan)	Tenchu ​​2 é um jogo furtivo de playstation que o levará ao Japão medieval. Você tem a opção de jogar como dois assassinos. O primeiro é chamado Rikimaru e usa sua katana de forma destrutiva e o segundo é chamado Ayame e domina suas duas adagas de forma mortal. você terá que se misturar com o ambiente, discrição, rapidez e silêncio serão seus principais trunfos.
Riven - The Sequel to Myst (USA) (Disc 1)	Riven é uma sequência de Myst e é muito semelhante ao seu antecessor em estilo de jogo, controles e apresentação visual. O mundo do jogo é apresentado como uma série de telas estáticas geradas por computador; o jogador o explora de forma apontar e clicar. A interação com o ambiente só é possível quando o referido ambiente está destacado como “hot spot”, e também é realizada por meio de um simples clique. Como seu antecessor, Riven é pesado em quebra-cabeças, que raramente incluem o uso de itens de inventário, mas geralmente envolvem a compreensão e a manipulação dos ambientes complexos e das máquinas do mundo do jogo.
Road & Track Presents - The Need for Speed (USA)	Dirija alguns de seus carros esportivos favoritos em pistas selvagens e rápidas, incluindo o Dodge Viper, Lamborghini, Ferrari, Porsche, Corvette, Mazda RX7, Toyota Supra Turbo e Acura NSX. Algumas das pistas são estradas abertas, o que significa que você simplesmente voa por uma estrada enorme, com policiais seguindo em perseguição. Uma das opções do jogo permite que você escolha em qual hora do dia correr.
Road Rash (USA)	Road Rash no Playstation é um jogo de corridas de motos no qual cada movimento é permitido cruzar a linha de chegada. Você compete com treze outros competidores e duas opções estão disponíveis: ou você faz o seu melhor para chegar à frente, ou você usa as armas que você tem para derrubar o outro &quot;Road Rashers&quot;. Cinco circuitos estão disponíveis com seus lotes de policiais, pedestres e outros carros para evitar.
Robin Lloyd no Bouken (Japan)	Robin Lloyd é um jovem detetive que deve viajar para vários locais através do mundo para resolver louco over-the-top sequestro / mistérios de extorsão. O jogo é um jogo de aventura de ação em que o jogador tem que falar com personagens diferentes (como Butler o cão, Alicea Garfield, Elice Runbart, Ryile Rockwood, etc) e usar objetos diferentes para avançar no jogo e derrotar o Coronel Doil planos malignos.
Robocod - James Pond II (Europe) (En,Fr,De,Es,It)	O temível &quot;Dr. Maybe&quot; está planejando destruir completamente todas as fábricas de brinquedos existentes no mundo! Infiltrou-se nas melhores companhias pertencentes ao Papai Noel e nelas instalou bombas disfarçadas de pinguins que detonarão em 48 horas! Você, no papel de James Pond - um famoso agente subaquático com licença para nadar - terá que acabar com a graça do doutor usando um traje de robô bastante resistente e equipado. Seu nome código será, portanto, &quot;Robocod&quot;. Mas esta, certamente, não será uma tarefa fácil. Todo cuidado é pouco quando o assunto é escalar muros altos e cheios de perigo ou esquivar-se de balas supersônicas e lagartas assassinas em oitos desafiadores níveis!
Rockman (Japan)	Na futura cidade de Monsteropolis, o uso do trabalho robótico ajudou a civilização a crescer mais do que nunca. Na vanguarda dessa tecnologia está o Dr. Light e seu assistente Dr. Wily, que são contratados para construir seis robôs para lidar com uma variedade de tarefas específicas. Eles são chamados Bombman, Gutsman, Iceman, Cutman, Elecman e Fireman em referência às suas funções principais individuais. O Dr. Wily, no entanto, tem planos maiores e opta por assumir o controle dos robôs e permitir a destruição em uma tentativa de controle mundial. Dr. Light luta de volta com a melhor ferramenta que ele tem, um robô humano experimental, Mega Man, que foi testado para realizar tarefas de limpeza. Agora, devidamente armado, cabe a Mega Man enfrentar os robôs rebeldes, lutar contra o castelo do dr. Wily e acabar com essa loucura. Mega Man é um jogo de plataformas de rolagem lateral. O herói a seu comando tem a capacidade de pular e disparar sua arma. Ele deve viajar para os níveis dos seis mestres do robô e derrotá-los em combate. Ao fazer isso, Mega Man é capaz de adquirir seu poder para si mesmo. Esses poderes podem ser usados ??alternadamente com sua arma principal e direcionar as fraquezas de chefes inimigos específicos. Além disso, algumas áreas ocultas dos níveis só podem ser acessadas usando certas armas de robôs capturadas. Viajando por todos esses níveis, Mega Man é confrontado por um exército de criações de robôs menores que quando destruídos geralmente derrubam cápsulas de energia (para reabastecer sua energia), cápsulas de armas (para reabastecer as armas coletadas de robôs) e vidas extras em forma de cabeça de Mega Man.
Rockman 2 - Dr. Wily no Nazo (Japan)	Depois de derrotar os seis robôs do Dr. Light que foram reprogramados pelo vilão Dr. Wily em Mega Man, parecia que o mundo estava seguro. Mas não por muito tempo. O Dr. Wily escapou da prisão e está mais furioso do que nunca, desta vez criando oito novos Robots Masters para dominar o mundo e esmagar Mega Man! O mundo está condenado? Mega Man 2 é a sequencia do jogo Mega Man do NES. Novas adições ao jogo incluem o 'E-Tank' - um item que pode ser usado a qualquer momento para recarregar completamente a energia do herói, e um sistema de senha, que permite aos jogadores continuarem seus jogos de onde pararam. Mega Man 2 também remove o sistema de pontuação do jogo original.
Rockman 3 - Dr. Wily no Saigo! (Japan)	Mega Man 3 acontece em um ano não especificado durante o século XXI (20XX). O cientista louco Dr. Wily, tendo duas vezes seus planos frustrados para dominar o mundo, afirma ter se reformado e começa a trabalhar com o Dr. Light em um projeto para construir um robô de manutenção da paz chamado &quot;Gamma&quot;. Oito Robot Masters encarregados de tarefas de mineração enlouquecem e fogem com os oito cristais de energia de Gamma. Mega Man é chamado à ação, desta vez com um companheiro canino chamado Rush, para recuperar os cristais dos locais. Ao longo de sua missão, o protagonista continuamente encontra e luta com Proto Man, um inimigo mascarado que tem habilidades comparáveis ??às do próprio Mega Man. Depois que Mega Man destrói os oito Robot Masters, ele revisita quatro dos locais de mineração para enfrentar oito &quot;Doc Robots&quot;, que possuem as habilidades dos Robot Masters de Mega Man II. Depois que os cristais são recuperados, Wily retorna aos seus maus caminhos, rouba Gama e se retira para sua nova fortaleza. Para deter o mais novo plano de Wily para conquistar o mundo, Mega Man destrói Gamma e derrota Wily em um confronto final. Como a fortaleza começa a desmoronar, Proto Man aparece em tempo suficiente para salvar Mega Man, mas é tarde demais para salvar Wily, que é visto sendo esmagado sob os escombros. Quando Mega Man recupera a consciência no laboratório do Dr. Light, seu criador informa que ele deve ter sido resgatado pelo Proto Man, e suas anotações revelam que o Proto Man é, de fato, o irmão mais velho de Mega Man.
Rockman 5 - Blues no Wana! (Japan)	Mega Man 5 se passa durante o século XXI (20XX), dois meses após os acontecimentos de Mega Man 4, com o cientista louco Dr. Wily mais uma vez tentando dominar o mundo. Proto Man, irmão de Mega Man um dia aliado, lidera um exército de robôs em uma série de ataques destrutivos ao redor do mundo. Em sua ânsia de enfraquecer os defensores da Terra, Proto Man seqüestra seu próprio criador, o gênio científico Dr. Light. Mega Man não tem escolha a não ser deter-lo, e para isso terá de enfrentar um novo grupo de oito poderosos Robot Masters.
Rockman 6 - Shijou Saidai no Tatakai!! (Japan)	Em Mega Man 6, o mundo inteiro está vivo e vibrando com a notícia do 1º Concurso Anual de Design de Robôs. Centenas de designers de robôs de todos os cantos do globo colocam suas criações mais poderosas no concurso, na esperança de levar para casa o maior prêmio. O patrocinador do concurso, o misterioso Mr. X, repentinamente declara que ele decidiu sobre os vencedores, e leva 8 dos Robot Masters para o seu próprio propósito: dominar o mundo! Mega Man decide deter o Sr. X de uma vez por todas, mas primeiro terá que derrotar seus 8 novos Robot Masters.
Rockman 8 - Metal Heroes (Japan)	Uma gigantesca explosão espacial envia dois estranhos meteoros para a Terra. Ao chegar no local, Mega Man vê seu arqui-rival, Dr. Wiley, fugindo da cena, segurando um dos misteriosos meteoros metálicos. Agora Mega Man deve descobrir o segredo do segundo meteoro em uma corrida para ficar um passo à frente do Dr. Wiley e sua nova raça mortal de robôs super-poderosos. Batalhe em 14 fases enormes para enfrentar oito novos inimigos perigosos. Melhore Mega Man com diversos upgrades - personalize-o como quiser a cada jogo. Cut scenes de tirar o fôlego. Animação incrivelmente fluida e fundos altamente detalhados.
Rockman X3 (Japan)	Após a derrota dos Mavericks em episódios anteriores, os robôs vivem em paz com os humanos. Mas os Mavericks originais voltam e ameaçam o equilíbrio. Mega Man e Zero são chamados para a frente do palco para combater o novo ataque. Mega Man X3 oferece 8 níveis de plataformas de ação que levam a um chefe diferente para enfrentar. Esta versão é um remake do jogo SNES e inclui novas sequências cinematográficas e música
Rockman X5 (Japan)	Anos depois das Guerras Reploides, tudo parece pacífico no mundo. Mas a paz não deveria durar para sempre. Quando a colônia espacial &quot;Eurásia&quot; é atacada por um vírus desconhecido, a chamada é desligada! X e Zero são chamados de volta para a ação para ajudar a destruir a colônia, que agora está em rota de colisão com a Terra, e deve colidir com o planeta em apenas 16 horas! Ao mesmo tempo, adivinhe quem decide aparecer mais uma vez ... dê uma dica: o nome dele é uma letra grega. Com todos os novos recursos, como o avançado Maverick AI, estágios maiores e mais desafiadores, novos recursos de jogabilidade, como ducking e swing em vinhas e cordas, esta é a missão mais insana que o X e o Zero já tiveram que enfrentar!
Romance of the Three Kingdoms VI - Awakening of the Dragon (USA)	Romance dos Três Reinos VI: (Sangokushi VI no Japão) é o sexto jogo da série Romance dos Três Reinos da Koei. Romance dos Três Reinos VI segue na tradição de seus antecessores com ênfase na dominação e gestão mundial de um império estabelecido. Continuando em um antigo cenário chinês, personagens e unidades são tirados de outros títulos de Romance dos Três Reinos e colocados na palma da sua mão. Seu objetivo geral é destruir terras rivais e criar um império de todo o continente.
Ruff & Tumble (Germany)	O jogador assume o controle de Ruff ou Tumble, um irmão e irmã que estão dormindo e tentando libertar 40 &quot;Winks&quot; de um homem chamado Nitekap e seu cúmplice, Threadbear. No enredo do jogo, &quot;Winks&quot; são pequenas criaturas brancas que fazem sonhos, e &quot;Hoodwinks&quot;, que são verdes e de tamanho semelhante são os responsáveis pelos pesadelos.
Running High (Japan, Asia)	Running High é um jogo de corrida simples onde os “veículos” escolhidos são os ciborgues. Cada um dos seis pilotos do jogo são mecanicamente aprimorados com trajes que aumentam o desempenho na corrida.
Saban's Power Rangers - Lightspeed Rescue (USA)	Prepare-se para salvar o mundo ao estilo Power Rangers! Como membro da equipe Elite Lightspeed Rescue, os jogadores resgatam pessoas de monstros, ganham incríveis poderes e até assumem o controle de um gigante Megazord! Mais de 20 níveis de jogabilidade inspirados no programa de TV Power Rangers Lightspeed Rescue. Múltiplos modos de jogo, incluindo jogos Rescue, Battle e Megazord. Grandes batalhas de chefe com monstros do programa de TV incluindo Diabolico, Magmavore e outros!
Saban's Power Rangers - Time Force (USA)	Power Rangers Time Force é um videojogo baseado na 9ª temporada da série televisiva Power Rangers: Time Force, lançada em 2001 e publicada pela THQ. O jogo foi lançado para o PlayStation, Game Boy Color, Game Boy Advance e PC. A versão para PlayStation apresenta um jogo 3D beat 'em up, com todos os seis Rangers, os seus Veículos e Mega Zords jogáveis. Apresentava modos de jogador único e 2 jogadores.
SaGa Frontier 2 (USA)	A sequência de Saga Frontier, mas também da menos conhecida série SNES Romancing SaGa, &quot;Saga Frontier 2&quot; permite que você interprete as histórias de dois personagens principais - um jovem príncipe Gustave XIII, que foi exilado de sua terra natal porque não foi capaz para usar o misterioso poder da Anima e se tornar um digno sucessor do trono, e William Knights, um caçador de tesouros, que se esforça para encontrar artefatos antigos contendo grandes poderes. Suas histórias estão interligadas, e cada história ocupa quase uma vida inteira: os personagens crescem e morrem, novos personagens nascem, etc. &quot;Saga Frontier 2&quot; dá continuidade às tradições de jogo não linear da série SaGa. Você pode visitar todas as cidades quando desejar e a qualquer momento, recrutar qualquer pessoa para o seu grupo e atualizar livremente os membros do seu grupo, ganhando novas habilidades e distribuindo-as entre seus personagens. Você pode aprender feitiços coletando artefatos e combinando-os para produzir tipos de magia mais poderosos. Semelhante à série Suikoden da Konami, existem três tipos de combate: um contra um (duelo), combate em grupo por turnos e batalhas estratégicas do exército.
SaGa Frontier II (Japan, Asia)	A sequência de Saga Frontier, mas também da menos conhecida série SNES Romancing SaGa, &quot;Saga Frontier 2&quot; permite que você interprete as histórias de dois personagens principais - um jovem príncipe Gustave XIII, que foi exilado de sua terra natal porque não foi capaz para usar o misterioso poder da Anima e se tornar um digno sucessor do trono, e William Knights, um caçador de tesouros, que se esforça para encontrar artefatos antigos contendo grandes poderes. Suas histórias estão interligadas, e cada história ocupa quase uma vida inteira: os personagens crescem e morrem, novos personagens nascem, etc. &quot;Saga Frontier 2&quot; dá continuidade às tradições de jogo não linear da série SaGa. Você pode visitar todas as cidades quando desejar e a qualquer momento, recrutar qualquer pessoa para o seu grupo e atualizar livremente os membros do seu grupo, ganhando novas habilidades e distribuindo-as entre seus personagens. Você pode aprender feitiços coletando artefatos e combinando-os para produzir tipos de magia mais poderosos. Semelhante à série Suikoden da Konami, existem três tipos de combate: um contra um (duelo), combate em grupo por turnos e batalhas estratégicas do exército.
Sakuma-shiki Jinsei Game (Japan)	Sakuma Shiki Jinsei Game é uma coleção de minijogos no estilo de tabuleiro desenvolvida e publicada por Takara para o PlayStation em 10 de dezembro de 1998.
Samurai Shodown - Warriors Rage (USA)	Warriors Rage é o sétimo jogo de Samurai Shodown. Os eventos do jogo ocorrem vinte anos após os descritos no Hyper Neo Geo 64 Arcade anterior. O jogo inclui novos espadachis como Rinka Yoshino (uma filha da família samurai), Seishiro Kuki (o novo protagonista), Ran Po, Garyo, o redemoinho, Jin-Emon Hanafusa e muito mais. A jogabilidade tem um novo sistema de medidor de vida, dividido em três seções; quando ambas as seções são esvaziadas do oponente, o personagem realiza movimentos provocantes.
Sangoku Musou (Japan)	Dynasty Warriors é um jogo de luta baseado em 3D desenvolvido por um estúdio de desenvolvimento interno da Koei. A Koei é mais conhecida por suas simulações de guerra na China do século III. Esta é a primeira tentativa deles com um jogo de luta para PlayStation. O jogo é baseado em armas, o que significa que não existe combate corpo a corpo que não incorpore armas. O enredo está alinhado com os simuladores de guerra da Koei, então este é um jogo de luta baseado na história real. Os personagens são retirados diretamente do romance histórico Romance dos Três Reinos. Cada personagem é baseado ou vinculado a um dos lendários senhores da guerra que lutaram para se unir sob seu próprio reino.
Sangokushi III (Japan)	A dinastia Han conseguiu pacificar a China, mas infelizmente uma poderosa mancha escura caiu sobre o céu de Pequim. Você terá o poder em suas mãos para definir o que for preciso para a paz voltar a reinar. O jogador deverá expandir seus territórios e fortalecer seu exército de defesa. Os rivais estão escondidos, mas irão aparecer para reivindicar o seu lugar na história. Até oito jogadores poderão conquistar a China em seis cenários reais com 33 personalidades para escolha.
Sangokushi VI (Japan, Asia)	Romance dos Três Reinos VI: (Sangokushi VI no Japão) é o sexto jogo da série Romance dos Três Reinos da Koei. Romance dos Três Reinos VI segue na tradição de seus antecessores com ênfase na dominação e gestão mundial de um império estabelecido. Continuando em um antigo cenário chinês, personagens e unidades são tirados de outros títulos de Romance dos Três Reinos e colocados na palma da sua mão. Seu objetivo geral é destruir terras rivais e criar um império de todo o continente.
Sangokushi VI with Power-Up Kit (Japan)	Romance dos Três Reinos VI: (Sangokushi VI no Japão) é o sexto jogo da série Romance dos Três Reinos da Koei. Romance dos Três Reinos VI segue na tradição de seus antecessores com ênfase na dominação e gestão mundial de um império estabelecido. Continuando em um antigo cenário chinês, personagens e unidades são tirados de outros títulos de Romance dos Três Reinos e colocados na palma da sua mão. Seu objetivo geral é destruir terras rivais e criar um império de todo o continente.
Sanyo Pachinko Paradise (Japan)	Sanyo Pachinko Paradise é o primeiro jogo da mais longa série de jogos de pachinko (eles continuam a série no console Playstation 2) feita por Irem, o jogo possui uma biblioteca, 2 máquinas pachinko e também um modo de história em que o jogador é um jovem pachinko jogador que quer se tornar milionário jogando máquinas de pachinko e impressionar garotas bonitas com suas habilidades de pachinko.
Saru! Get You! (Japan, Asia)	Specter, uma atração popular no parque de diversões, tornou-se um macaco inteligente. Agora ele e seu exército de macacos assumiram o controle da máquina do tempo do professor para viajar no tempo e substituir a civilização humana por uma sociedade símia. Há apenas um problema: Spike ficou preso na máquina do tempo, então ele voltou ao passado com eles. Com a ajuda de vários acessórios para professores, Spike viajará por terras pré-históricas e deve capturar o exército de Spectre para evitar seu plano maligno.
Satomi no Nazo (Japan)	Satomi no Nazo é um clássico RPG em 2D que apresenta a história de um garoto que se envolve em uma tarefa difícil quando sabe que um culto perigoso está tentando destruir o mundo, agora cabe a ele e ao seu cão viajar por lugares diferentes. e tente pará-los. Durante sua jornada ele conhecerá outros personagens que se juntarão ao seu grupo.
Scooby-Doo! Night of 100 Frights (USA) (Proto) (2000-10-26)	Scooby Doo! Night of 100 Frights é vagamente baseado na série de desenhos animados Scooby Doo e, portanto, se afasta pouco da fórmula básica do programa. A gangue Scooby (composta por Fred, Velma, Daphne, Shaggy e, claro, Scooby Doo) tenta desvendar o mistério por trás de uma mansão mal-assombrada onde o pai cientista da amiga de Daphne estava trabalhando.
SeaBass Fishing (Japan)	A pesca do robalo é a atividade de pesca do peixe norte-americano conhecido coloquialmente como o robalo. Existem inúmeras espécies de black bass consideradas peixes de caça na América do Norte, incluindo baixo largemouth (Micropterus salmoides), baixo de boca pequena (Micropterus dolomieui), baixo malhado ou baixo de Kentucky (Micropterus punctatus), baixo Guadalupe (Micropterus treculii) e muitas outras espécies e subespécies do gênero Micropterus. Embora referido como baixo, todos são na verdade membros da família dos peixes-sol (Centrarchidae: ordem Perciformes).
SeaBass Fishing 2 (Japan)	A pesca do robalo é a atividade de pesca do peixe norte-americano conhecido coloquialmente como o robalo. Existem inúmeras espécies de black bass consideradas peixes de caça na América do Norte, incluindo baixo largemouth (Micropterus salmoides), baixo de boca pequena (Micropterus dolomieui), baixo malhado ou baixo de Kentucky (Micropterus punctatus), baixo Guadalupe (Micropterus treculii) e muitas outras espécies e subespécies do gênero Micropterus. Embora referido como baixo, todos são na verdade membros da família dos peixes-sol (Centrarchidae: ordem Perciformes).
Seiken Densetsu - Legend of Mana (Japan, Asia)	Legend of Mana é um jogo de role-playing no qual se joga como herói ou heroína no mundo de Fa'Diel. O jogo é baseado na mudança do mundo. Quanto mais progredir na história, mais artefactos recolherá, através de encontros mais ou menos amigáveis. Estes artefactos permitem-lhe compreender melhor o mundo de Fa'Diel. Além disso, pode criar pequenos monstros e forjar armas para o ajudar na sua aventura.
Sentient (USA)	Você é enviado para investigar um surto de uma doença causada por radiação a bordo da estação espacial Ícaro, mas uma vez a bordo, você percebe que seu objetivo principal é a menor das suas preocupações. O capitão foi assassinado, um assassino ameaça um senador visitante, e uma luta pelo poder surge quando a estação se aproxima do sol. Salve-se ou salve a nave? A principal característica do Sentient é a inteligência artificial controlando vários membros individuais da tripulação a bordo da estação, cada um com suas próprias atribuições e comportamentos. Você interage com os personagens da IA por meio de uma elaborada interface de analise, que permite perguntar a eles tudo, desde a localização de um equipamento vital até a opinião de outro membro da equipe. Para ter sucesso, você deve aproveitar a ajuda da tripulação através deste sistema social.
Sentient - Explore the Infinite (Europe)	Você é enviado para investigar um surto de uma doença causada por radiação a bordo da estação espacial Ícaro, mas uma vez a bordo, você percebe que seu objetivo principal é a menor das suas preocupações. O capitão foi assassinado, um assassino ameaça um senador visitante, e uma luta pelo poder surge quando a estação se aproxima do sol. Salve-se ou salve a nave? A principal característica do Sentient é a inteligência artificial controlando vários membros individuais da tripulação a bordo da estação, cada um com suas próprias atribuições e comportamentos. Você interage com os personagens da IA por meio de uma elaborada interface de analise, que permite perguntar a eles tudo, desde a localização de um equipamento vital até a opinião de outro membro da equipe. Para ter sucesso, você deve aproveitar a ajuda da tripulação através deste sistema social.
Sentou Kokka Kai - Improved (Japan)	Jogo de estratégia no qual o jogador controla um dos países em guerra contra os demais. O jogo apresentava diferentes máquinas de guerra reais, como tanques, aviões de combate, etc. Todos com sua história e estatísticas. A jogabilidade é a usual nestes jogos, o jogador tem que construir diferentes unidades de combate (tanques, aviões, etc) com o dinheiro que ele conseguiu e movê-los para atacar e destruir as bases inimigas. Quando ele destruir todos os inimigos no mapa, a missão estará concluída.
Sexy Parodius (Japan)	Sexy Parodius é o quarto jogo da série. Como um dos membros da equipe Parodius, você deve impedir que um polvo lascivo e seu exército acumulem um enorme tesouro para suas próprias ações ruins. Apresentando vários membros clássicos do elenco de Parodius (incluindo as sexy irmãs coelhinhas Hikaru e Akane, Takosuke, o polvo, Koitsu, o stickman), recém-chegados e toneladas de cenas clássicas de Parodius. Além disso, há algumas surpresas “extras” para aqueles que amam a loucura característica da série. Este jogo nunca foi lançado fora do Japão.
Shadow Tower (USA)	O jogo se passa no continente de Eclipse, na Terra Sagrada de Zeptar. O jogador assume o papel de um mercenário chamado Ruus Hardy. Ao retornar para casa, em Zeptar, ele descobre que toda a cidade, assim como a torre central, foram sugadas para o submundo. Ele encontra um velho que lhe entrega a espada do Senhor das Trevas, a única arma capaz de ferir os demônios responsáveis. Jurando resgatar a velha que o criou, bem como o resto de Zeptar, Ruus desce ao submundo
Shanghai - Mateki Buyuu (Japan)	Shanghai: True Valor é um jogo de quebra-cabeça 3D baseado nos clássicos jogos orientais Mah Jong e Shanghai. Cada jogo começa com uma pilha de peças dispostas em forma de pirâmide. Para vencer, o jogador deve combinar peças encontrando peças “livres” do mesmo tipo.
Shanghai - True Valor (USA)	Shanghai: True Valor é um jogo de quebra-cabeça 3D baseado nos clássicos jogos orientais Mah Jong e Shanghai. Cada jogo começa com uma pilha de peças dispostas em forma de pirâmide. Para vencer, o jogador deve combinar peças encontrando peças “livres” do mesmo tipo.
Shinri Game 10, The (Japan)	O Shinri Game 10 é o décimo jogo da série de jogos psicológicos para o console Playstation One. Nestes jogos, o jogador tem de responder a diferentes tipos de questões psicológicas e, após os testes, o jogo irá gerar alguns resultados.
Shinri Game 9, The (Japan)	O Shinri Game 9 é o nono jogo da série de jogos psicológicos do console Playstation One. Nestes jogos, o jogador tem de responder a diferentes tipos de questões psicológicas e, após os testes, o jogo irá gerar alguns resultados.
Shiritsu Justice Gakuen - Nekketsu Seishun Nikki 2 (Japan)	Rival Schools é um lutador 3D orientado para equipes, com uma variedade de personagens, muitos reconhecíveis como exageros de estereótipos familiares da High School. Encontre um novo uso para o taco do jogador de beisebol Shoma ou supere a concorrência com os ataques rápidos da líder de torcida Tiffany. Aproveite as tendências violentas do Edge hiperativo ou libere uma precisão batendo com o silencioso Kyosuke de óculos.
Shougi Saikyou 2 (Japan)	Shougi Saikyou 2 é um jogo de shogi que apresenta 3 modos de jogo diferentes, existe também uma espécie de modo de história em que o jogador terá que continuar um jogo iniciado e escolher o movimento adequado para vencer a partida. Existem também partidas de diferentes níveis de dificuldade para o jogador tentar vencer os diferentes oponentes.
Shusse Mahjong Daisettai (Japan)	Syusse Mahjong Daisettai apresenta um modo de história em que o jogador trabalha em uma empresa e no início do jogo seu chefe lhe diz para jogar um jogo de mahjong contra ele, durante a aventura o jogador estará jogando diferentes jogos de mahjong.
Sid Meier's Civilization - Shin Sekai Shichidai Bunmei (Japan)	A civilização é um jogo de estratégia por turnos. O jogo começa em 4000 AC. O jogador desempenha o papel de líder de uma civilização, que começa com uma única unidade de colonização e um guerreiro, e tenta construir um império em competição com uma a onze outras civilizações. O jogo requer uma quantidade razoável de microgestão. Para além das tarefas maiores de exploração, guerra e diplomacia, o jogador deve tomar decisões sobre onde construir novas cidades, que actualizações ou unidades a construir em cada cidade, que avanços do conhecimento para a investigação, e como transformar os terrenos que rodeiam as cidades para o máximo benefício. De tempos a tempos, as cidades do jogador podem ser assediadas por bárbaros, unidades sem nacionalidade específica e sem um líder nomeado. Estas ameaças vêm apenas de terras ou mares não descobertos.
Side by Side Special 2000 (Japan)	Side by Side é a franquia de uma popular série de jogos de corrida dos anos 90, cujo nome mudou para Battle Gear nos anos 2000. Foi desenvolvido pela Taito e foi lançado pela primeira vez em gabinetes arcade antes de ser portado nos consoles domésticos do PlayStation. Battle Gear 2 é conhecido como Tokyo Road Race na Europa. A Taito lançou o jogo de arcade Velozes e Furiosos em 2006, que é baseado no popular filme de mesmo nome conhecido como Wild Speed ​​no Japão e cujo assunto é importar carros tunados. Os episódios Side by Side permitem que o jogador selecione carros esportivos importados de fabricantes japoneses: Toyota, Nissan, Honda, Mazda, mais tarde Mitsubishi e Subaru também estavam disponíveis, e corra em declives nas passagens de montanhas japonesas conhecidas como touge.
Side Pocket 3 (Japan)	Side Pocket é um simulador de bilhar de bilhar (pool) originalmente lançado em arcade pela Data East em 1986. O modo incomum de jogador individual, chamado &quot;pocket&quot;, exige que o jogador limpe todas as bolas fora da mesa em um número limitado de tacadas, bem como obtenha uma pontuação predeterminada. O jogador ganha pontos afundando bolas, afundando bolas em tiros consecutivos e afundando bolas em ordem numérica. Ocasionalmente, um bolso se acenderá e, se o jogador afundar uma bola naquele buraco, receberá um bônus na forma de pontos ou tiros extras. No modo &quot;pocket&quot; de dois jogadores, o jogo é jogado de forma semelhante, exceto que os dois jogadores se revezam; Se um jogador não empatar uma bola ou arranhar, o controle da bola muda para o outro jogador. Side Pocket 3 é um jogo de bilhar com estes modos de jogo: - Modo história - Treinamento - Modo de Jogo Truque - Modo Vs
Silent Hill (USA)	Silent Hill é um horror de sobrevivência para Playstation. Você joga com Harry Mason e acaba de chegar na pequena cidade de Silent Hill a bordo do seu 4x4 e da sua filha Cheryl. No meio da noite, um acidente interrompe a viagem da família. Você acorda em seu carro, Cheryl some e um estranho cenário de neblina cobre a vila. Uma vila completamente infestada de criaturas magras e faminta por carne fresca.
Silent Moebius - Case - Titanic (Japan)	Em 1999, o Grémio dos Mágicos estava prestes a abrir um portal para a dimensão do Nemesis, a fim de rejuvenescer a atmosfera poluída da Terra. Um dos mágicos utilizou o portal para seu próprio benefício, libertando criaturas hostis, o Falcão Lúcifer, para a Terra. 24 anos mais tarde, foi formada uma unidade especial para combater o inimigo. Um estranho navio apareceu nas nuvens acima de Tóquio. O navio parece ser idêntico ao famoso Titanic que se afundou em 1912. O protagonista embarca no navio com Rally, Kiddy, Nami e outras heroínas da manga para investigar este fenómeno aparentemente inexplicável. Este jogo de aventura japonês tem lugar inteiramente no Titanic. O jogador é geralmente livre de visitar as várias áreas do navio em qualquer ordem, embora o acesso a algumas áreas seja limitado e os eventos tenham de ser desencadeados para obter acesso.
Silent Moebius - Gen'ei no Datenshi (Japan)	Silent Möbius: Genei no Datenshi é um jogo gráfico de aventura / RPG baseado na manga Silent Möbius. O enredo conta a história da luta das personagens principais contra as criaturas más, os Falcões de Lúcifer. Os jogadores controlam uma equipa constituída por três dos protagonistas do anime: Katsumi Liqueur, Kiddy Phenil e Nami Yamigumo. Fora de combate, os jogadores exploram ambientes 3D num estilo de aventura gráfica usando um cursor, que podem utilizar para mover as suas personagens ou interagir com objectos e personagens. A exploração é interrompida por um combate por turnos, no qual os jogadores controlam toda a parte e utilizam as habilidades únicas de cada personagem. Ao contrário da maioria dos RPGs, aqui são as armas dos jogadores que ganham experiência e aumentam de poder com o uso. Cada personagem tem várias armas diferentes.
Sim Town (Japan)	O SimTown é um jogo de computador pessoal de 1995 publicado pela Maxis, muito parecido com o SimCity e os Sims mais vendidos, mas em menor escala. SimTown permite ao jogador construir uma cidade que consiste em ruas, casas, empresas e parques e, em seguida, controlar as pessoas nele. SimTown foi um dos muitos spin-offs do &quot;Sim&quot; na época, e foi voltado mais para as crianças.
SimCity 2000 (USA)	SimCity 2000 é a sequela do SimCity's Playstation lançado em 1989. Como na obra anterior, encarna-se o presidente da câmara de uma cidade que se tem de construir e gerir. Um modo de cenário propõe-lhe tomar as rédeas de uma cidade já construída e atingir um objectivo preciso. Construir infra-estruturas, ligar a cidade ao resto do mundo, ler jornais para obter a opinião dos cidadãos, todas estas tarefas irão ensinar-lhe o trabalho árduo de um presidente da câmara.
Simple 1500 Series Vol. 10 - The Billiard (Japan)	Um jogo de simulação de sinuca, com três jogos à escolha: nove bolas, oito bolas e rotação. Os ângulos da câmera incluem a parte superior da mesa e a visualização regular. Ajuste o ângulo da sugestão para a sua melhor leitura da tacada. Incluído um modo de treinamento para que você possa aperfeiçoar as tacadas difíceis.
Simple 1500 Series Vol. 18 - The Bowling (Japan)	O boliche oferece boliche simples para até quatro jogadores alternados. Existem também jogos de missão que envolvem a organização de diferentes combinações de 3 pinos em sequência. Uma nova variante de boliche com 45 pinos e três maneiras de limpar a pista também está incluída. Uma simulação do clássico de mesmo nome. Como o nome sugere, este é um jogo simples, mas ainda conta com três modos (Normal, Especial e Quest) e opções multiplayer. (1-4 jogadores, com jogadores de computador, se desejar.)
Simple 1500 Series Vol. 30 - The Basket - 1 on 1 Plus (Japan)	1 em 1 é, como o nome sugere, um jogo de basquetebol 1 em 1 jogado em meia quadra com apenas uma cesta. O jogo é jogado em duas rodadas ou até que um dos competidores alcance 11 pontos. Os jogadores se revezam no ataque e na defesa. Se o jogador na defesa roubar com sucesso a bola do jogador ofensor, ele troca de posição. O jogo em si está em 3D completo, mas os controles são mais semelhantes a um jogo 2D sem &quot;profundidade&quot; para o movimento. Há uma seleção de 8 personagens diferentes para escolher, cada um com suas próprias habilidades especiais e looks distintos. Os modos de jogo incluem um modo versus (versus um jogador de computador ou um jogador humano) e uma secção de minijogos com vários minijogos relacionados com basquetebol.
Simple 1500 Series Vol. 38 - The Real Racing - Toyota (Japan)	Simple 1500 Series vol.038 - O Real Racing - Toyota é um jogo de corrida que apresenta diferentes modelos de carros da Toyota que podem ser conduzidos em diferentes circuitos japoneses e em diferentes horários (meio-dia, noite, noite, etc) e condições meteorológicas (ensolarado, nublado) , chuva ou neblina).
Simple 1500 Series Vol. 44 - The Card 2 (Japan)	Card Games é um título PlayStation com preço acessível, contendo seis jogos de cartas diferentes ligados a uma interface de cassino. Draw Poker, Blackjack, Baccarat e Seven-card Stud são as entradas tradicionais, com a velocidade e o presidente menos conhecidos que completam o pacote.
Simple 1500 Series Vol. 46 - The Mahjong Ochigee - Raku Jongg (Japan)	Simple 1500 Series vol.046 - O Mahjong Ochige - Raku Jongg é uma mistura entre um mahjong (no tema) e um jogo de quebra-cabeça de tetris. A jogabilidade consiste em usar as peças que caem do teto para combiná-las usando as regras do mahjong para fazê-las desaparecer e atacar o oponente.
Simple 1500 Series Vol. 50 - The Billiard 2 (Japan)	Simple 1500 Series vol.050 - O Billiards 2 é a sequencia (ou melhor, uma versão atualizada) do The Billiards e o jogo conta com um novo CPU adversário que torna o jogo mais difícil, também existem diferentes modos de jogo como o Nine Ball, Oito Ball. Rotação, etc.
Simple 1500 Series Vol. 6 - The Hanafuda (Japan)	Simple 1500 Series vol.006 - O Hanafuda é um jogo hanafuda que possui 3 tabuleiros e fundos diferentes.
Simple 1500 Series Vol. 65 - The Golf (Japan)	Simple 1500 Series vol.065 - O Golf é um jogo de golfe de perspectiva em terceira pessoa que apresenta 4 personagens diferentes para o jogador escolher. Existe apenas um torneio e também um ranking. O jogador pode praticar todos os buracos no modo livre e depois competir contra os personagens do computador no torneio.
Simple 1500 Series Vol. 7 - The Card (Japan)	Simple 1500 Series vol.007 - The Card é uma coleção de jogos de cartas (como pôquer, blackjack, etc.) que apresenta 3 tabuleiros e fundos diferentes.
Simple 1500 Series Vol. 76 - The Dodgeball (Japan)	O jogo tornou-se famoso pelas classes de E.P. dia chuvoso recebe uma reforma revigorante para o console de jogos PlayStation! Leve para a quadra com seu time favorito de jovens guerreiros e solte uma variedade de golpes de fogo contra seus oponentes! A equipe que perde todos os seus jogadores no campo primeiro perde o jogo - então tente se lembrar que &quot;D&quot; é para esquivar!
Simple 1500 Series Vol. 9 - The Chess (Japan)	Checkmate é um jogo de xadrez com os seguintes recursos: * Software de xadrez para um ou dois jogadores que certamente melhorará seu jogo * Dezenas de opções diferentes no jogo, configurações de dificuldade * Modo tutorial fácil de usar e uma variedade de guias visuais * Check Mate é o jogo perfeito para iniciantes até especialistas em xadrez
Simple 1500 Series Vol. 93 - The Puzzle Bobble - Puzzle Bobble 4 (Japan)	Puzzle Bobble 4 (também conhecido como Bust-a-Move 4 na América do Norte e Europa) é a terceira sequência do videogame Puzzle Bobble e é a aparição final da série no Arcade, PlayStation e Dreamcast. O jogo também é o título final por ser reconhecidamente semelhante em apresentação ao original. Com base no sucesso de Puzzle Bobble 3, o jogo adiciona um sistema de polia que requer dois conjuntos de bolhas, presos a cada lado de uma corda pendurada em duas polias. O jogo contém um modo de história para um jogador.
Simple 1500 Series Vol. 95 - The Hikouki (Japan)	Fãs de aviões clássicos alcançar os céus em Ases do Ar para PlayStation. Pilote aviões clássicos em missões de combate realistas em 3D que oferecem técnicas de velha escola e combate terrestre. Cada missão completada com sucesso recompensa os jogadores com um novo avião, todos criados com seus próprios pontos fortes e fracos. Aqueles um pouco nervosos sobre seu primeiro vôo ficarão encantados em saber que um modo de treinamento ensina aos novos pilotos o básico do controle de aeronaves antigas. As missões incluem combate aéreo, pilhagem de tropas terrestres e equipamentos, e tomar posições inimigas fortes e fortificadas.
Simple Character 2000 Series Vol. 02 - Afro-ken - The Puzzle (Japan)	Afro Ken: The Puzzle é um jogo de quebra-cabeça onde você controla um cão que tem que alinhar afros por cor e depois pisá-los para fazê-los desaparecer. Você tem que ser rápido, porém, uma vez que o nível da água sobe constantemente e há picos no teto. A única maneira de mantê-lo baixo é constantemente fazer afros desaparecer. Se conseguires obter combos, a água desce ainda mais. Você pode mover os afros em torno de um quadrado de cada vez, como em um quebra-cabeça deslizante, caminhando sobre eles. Você tem que fazer isso para alinhar os afros em grupos de pelo menos quatro, assim você pode pisá-los. Há também outros obstáculos para entrar em seu caminho, como bombas e grandes rochas que não podem ser destruídos muito facilmente. O jogo apresenta os modos de jogo do puzzle padrão; Timed, versus, puzzle interminável e muito mais.
Simple Character 2000 Series Vol. 08 - Kagaku Ninja-tai Gatchaman - The Shooting (Japan)	Gatchaman: The Shooting é um shoot em up vertical baseado no mangá/anime japonês de mesmo nome (conhecido como Battle of the Planets nos Estados Unidos). Você seleciona um dos quatro personagens apresentados no jogo (Ken, a Águia, Joe, o Condor, Jun, o Cisne e Jinpei, a Andorinha) e explode todos eles por 4 níveis cheios de ação de dificuldade crescente até o confronto final contra o maligno Berg Katse.
SimTheme Park (USA)	Sim Theme Park é a sequência de Theme Park e o segundo jogo da série. É um jogo de gerenciamento de parque temático onde os jogadores constroem seu próprio parque temático com montanhas-russas, brinquedos e barracas de comida. Cada prédio pode ser personalizado em termos de aparência, preços e também da duração do brinquedo. As montanhas-russas desempenham um papel importante como atração principal para os visitantes. Os jogadores podem criar um brinquedo personalizado e testá-lo em primeira pessoa.
Skullmonkeys (USA)	No distante planeta Idznak vivem os Skull Monkeys, (uma raça de humanóides com um QI de -300). Um belo dia, como chuva caindo do céu, Klogg &quot;o mafioso&quot; chega a este planeta, um extraterrestre um pouco mais experiente que os habitantes de Idznak; Sem cortar um fio de cabelo, Klogg se disfarça de Skull Monkey e usando técnicas de comunicação convence todos os habilidosos habitantes de Idznak a fazer o seu lance: construir um bot e destruir Neverhood com ele. Felizmente, um Skull Monkey, um pouco mais perspicaz do que todos os seus congêneres, consegue perceber as intenções de seu novo líder e envia um bot em busca de Klaymen &quot;The Legendary Hero&quot; para tirar as castanhas do fogo. Klaymen pode salvar Neverhood de seu destino inevitável?
Sled Storm & Medal of Honor Demo CD (USA)	Sled Storm é um jogo de corrida no Playstation que te coloca no comando de uma moto de neve para corridas frenéticas. O jogo oferece 14 circuitos com muitos bônus para desbloquear (pilotos, moto de neve, ...). Como modos de jogo, encontramos a corrida rápida, contra o relógio, treinamento, campeonato e multiplayer, que permite até quatro jogadores.
Sled Storm (USA, Canada)	Sled Storm é um jogo de corrida no Playstation que te coloca no comando de uma moto de neve para corridas frenéticas. O jogo oferece 14 circuitos com muitos bônus para desbloquear (pilotos, moto de neve, ...). Como modos de jogo, encontramos a corrida rápida, contra o relógio, treinamento, campeonato e multiplayer, que permite até quatro jogadores.
Slot! Pro 4 - Tairyou Special (Japan)	Slot! Pro 4 - Tairyou Special apresenta uma simulação da máquina caça-níqueis com o mesmo nome para o jogador jogar, ele pode tentar obter as boas combinações e quebrar os recordes.
Slot! Pro 7 - Hana Densetsu (Japan)	Uma máquina caça-níqueis (inglês americano), informalmente máquina de frutas (inglês britânico), slots (inglês canadense), máquina de pôquer ou &quot;pokies&quot; (gíria) (inglês australiano e neozelandês) ou simplesmente slot (inglês americano) é um cassino. máquina de jogo com três ou mais bobinas que giram quando um botão é pressionado. As máquinas caça-níqueis também são conhecidas como bandidos de um braço porque eram originalmente operadas por uma alavanca na lateral da máquina (o braço único) em vez de um botão no painel frontal e por causa de sua capacidade de deixar o jogador sem dinheiro ). Muitas máquinas modernas ainda têm o legado da alavanca além do botão.
Smurfs, The (USA) (En,Fr,Es)	ELES VOLTARAM! Desta vez, no console Playstation. Junte-se ao Hefty Smurf e ajude a resgatar Baby Smurf e nove de seus amigos sequestrados por Gargamel, o inimigo de longa data dos Smurfs. A aventura é dividida em duas partes, é molezinha. Mas quando você estive pronto, vai perceber que não vai ser nenhum passeio no parque.
Snatcher (Japan)	Snatcher tem lugar na cidade futurista de Neo Kobe, uma cidade de loucura e decadência. O ano é 2047. A humanidade está a enfrentar a sua maior crise. Apareceu uma misteriosa forma de vida bio-róide. A sua verdadeira natureza e propósito são desconhecidos. É a arma secreta de um país ou de um estrangeiro? Aparecem no Inverno, matam pessoas e ocupam o seu lugar na sociedade. Têm pele artificial, transpiração e hemorragia. Foi formada uma nova força policial, especialmente treinada para combater os &quot;Snatchers&quot;: os JUNKERs. Sempre que se encontra alguém, tem de se fazer uma pergunta difícil: é uma pessoa ou um raptor? O jogador assume o controlo da Gillian Seed, uma JUNKER. A jogabilidade segue em grande parte a estrutura de uma aventura ao estilo japonês. O jogador utiliza uma interface guiada por menus para executar comandos, que inclui a movimentação entre locais e a interacção com o ambiente.
Solid Link - Tower Side (Japan)	Solid Link Tower Side é um clássico RPG em primeira pessoa no qual o jogador é um herói (masculino ou feminino) que chega à cidade de Grikodol. Lá ele pode recrutar outros 3 membros para se juntarem ao seu grupo e depois disso ele pode explorar a torre onde vivem as criaturas malignas. O jogo apresenta 8 personagens principais diferentes para o jogador escolher seu herói. A jogabilidade é em perspectiva de primeira pessoa e o jogador tem que andar pela masmorra em busca de tesouros e outras passagens para avançar por lá, durante as batalhas o jogador pode escolher o ataque que cada um de seus personagens usará (ataque, magia, defesa, etc) e qual inimigo ele atacará. As batalhas aparecem com muita frequência e são muito difíceis de sobreviver aos perigos. Durante a exploração da masmorra, o jogador pode acampar e reabastecer a energia de seus personagens. Durante as batalhas, o jogador ganha dinheiro que pode usar na cidade para comprar itens, melhorar armas (ou comprar novas), armaduras, etc.
Soukyuu Gurentai - Oubu Shutsugeki (Japan)	Também conhecido como Terra Diver, Soukyu Gurentai é um jogo de nave estilo &quot;Shmup&quot; vertical. Além de suportar 2 jogadores, existem 4 naves para escolher, cada uma delas com tipos diferentes de tiro. O jogo também conta com um sistema de tiro &quot;teleguiado&quot;, onde você segura o botão e uma mira de formato 3D aparece a partir da nave, podendo ser esférica, semi-esférica, cônica, entre outros formatos. Os chefes de cada fase ainda contam com ao menos uma transformação!
Soul Blade (USA)	No século 16, uma espada surge tão poderosa, tão má que os guerreiros de todo o mundo a procuram. É Soul Edge, uma lâmina demoníaca. Da América à Europa e ao Japão, esses guerreiros lutam entre si pela chance de obtê-lo. Soul Blade é um jogo de luta em 3D que narra sua história. Um jogo de luta em 3D completo que permite degraus laterais, o Soul Blade possui doze lutadores coloridos (dez padrão, dois ocultos e mais figurinos adicionais para alguns lutadores), cada um com várias armas e estilos. Os dez primeiros podem ser usados ​​em todos os modos de combate, enquanto os dois ocultos só podem ser usados ​​nos modos versus e arcade. A Namco aprimorou a versão arcade (chamada Soul Edge) adicionando uma introdução CGI bem-feita, além de um modo de história à adição dos modos tradicionais de equipe, sobrevivência e ataque de tempo. O modo história entra em maiores detalhes sobre cada personagem e é apresentado em um formato de livro antigo. O modo história também permite que você desbloqueie mais armas extras de cada personagem. Essas armas, que variam em tamanho, estatísticas e durabilidade, aumentam as opções disponíveis para os jogadores no modo versus. A sequência de Soul Blade é SoulCalibur, tanto nos fliperamas quanto no Sega Dreamcast
Soul Edge (Japan)	No século 16, uma espada surge tão poderosa, tão má que os guerreiros de todo o mundo a procuram. É Soul Edge, uma lâmina demoníaca. Da América à Europa e ao Japão, esses guerreiros lutam entre si pela chance de obtê-lo. Soul Blade é um jogo de luta em 3D que narra sua história. Um jogo de luta em 3D completo que permite degraus laterais, o Soul Blade possui doze lutadores coloridos (dez padrão, dois ocultos e mais figurinos adicionais para alguns lutadores), cada um com várias armas e estilos. Os dez primeiros podem ser usados ​​em todos os modos de combate, enquanto os dois ocultos só podem ser usados ​​nos modos versus e arcade. A Namco aprimorou a versão arcade (chamada Soul Edge) adicionando uma introdução CGI bem-feita, além de um modo de história à adição dos modos tradicionais de equipe, sobrevivência e ataque de tempo. O modo história entra em maiores detalhes sobre cada personagem e é apresentado em um formato de livro antigo. O modo história também permite que você desbloqueie mais armas extras de cada personagem. Essas armas, que variam em tamanho, estatísticas e durabilidade, aumentam as opções disponíveis para os jogadores no modo versus. A sequência de Soul Blade é SoulCalibur, tanto nos fliperamas quanto no Sega Dreamcast
South Park - Chef's Luv Shack (USA)	Chef apresenta este título Acclaim, que mistura curiosidades de South Park com minijogos no molde de Mario Party (Nintendo 64). A ideia é que você escolha seu garoto favorito de South Park (Kyle, Kenny, Stan ou Cartman) e responda às perguntas com base em episódios da série de desenhos animados. Se você acertar, você gira a roda e ganha o dinheiro, perde tudo ou joga um minijogo (sozinho, contra a IA ou contra seus amigos se estiver no modo multijogador). A pessoa que tiver a maior pontuação (ou mais respostas corretas) após uma quantidade escolhida de rodadas vence.
Space Invaders (USA)	Space Invaders é um Shoot'em up no Playstation. Os invasores alienígenas estão sobre nós e cabe a você eliminá-los. Usando sua nave, você deve destruir todos os invasores antes que eles destruam você ou será tarde demais. Enfrente mais de 13 tipos de inimigos, bem como dez chefes em 100 níveis.
Space Invaders X (Japan)	Space Invaders é um Shoot'em up no Playstation. Os invasores alienígenas estão sobre nós e cabe a você eliminá-los. Usando sua nave, você deve destruir todos os invasores antes que eles destruam você ou será tarde demais. Enfrente mais de 13 tipos de inimigos, bem como dez chefes em 100 níveis.
Spider-Man (USA)	Spider-Man é um jogo de ação e plataforma no Playstation. Você é o homem aranha e é acusado de roubar a descoberta de Octavius, também conhecido como Dr. Octopus. Rapidamente, você se encontra no meio de uma trama organizada pelo cientista que você deve impedir ao fugir da polícia, mas também todos os outros vilões que são seus inimigos.
Spider-Man 2 - Enter - Electro (USA)	Spider-Man 2 - Enter: Electro é o segundo jogo de PlayStation a apresentar o Homem-Aranha e também serve como sequência do videogame de 2000 Homem-Aranha. Este jogo segue o Homem-Aranha enquanto ele tenta impedir que seu antigo inimigo Electro obtenha uma fonte de energia chamada Dispositivo Bio-Nexus. Os chefes do jogo incluíam Hammerhead, Lizard, Sandman, Shocker e o exclusivo Hyper-Electro carregado. Esta sequência do lançamento multiplataforma do Homem-Aranha da Activision em 2000 apresenta o vilão do título em um esquema diabólico para construir um dispositivo que amplificará seus estranhos poderes baseados em eletricidade e o tornará virtualmente imparável. Os jogadores assumem o papel do amigável Homem-Aranha da vizinhança para frustrar o plano de Electro antes que seja tarde demais. O movimento e os ângulos de câmera são semelhantes aos do primeiro jogo do Homem-Aranha, embora o Aranha tenha algumas novas habilidades de lançar teias neste título e seja desafiado por algumas soluções sofisticadas de quebra-cabeças e sequências de ação complexas. Mais uma vez, o lendário Stan Lee da Marvel Comics narra esta aventura.
Spider-Man 2 - La Revanche d'Electro (France)	Spider-Man 2 - Enter: Electro é o segundo jogo de PlayStation a apresentar o Homem-Aranha e também serve como sequência do videogame de 2000 Homem-Aranha. Este jogo segue o Homem-Aranha enquanto ele tenta impedir que seu antigo inimigo Electro obtenha uma fonte de energia chamada Dispositivo Bio-Nexus. Os chefes do jogo incluíam Hammerhead, Lizard, Sandman, Shocker e o exclusivo Hyper-Electro carregado. Esta sequência do lançamento multiplataforma do Homem-Aranha da Activision em 2000 apresenta o vilão do título em um esquema diabólico para construir um dispositivo que amplificará seus estranhos poderes baseados em eletricidade e o tornará virtualmente imparável. Os jogadores assumem o papel do amigável Homem-Aranha da vizinhança para frustrar o plano de Electro antes que seja tarde demais. O movimento e os ângulos de câmera são semelhantes aos do primeiro jogo do Homem-Aranha, embora o Aranha tenha algumas novas habilidades de lançar teias neste título e seja desafiado por algumas soluções sofisticadas de quebra-cabeças e sequências de ação complexas. Mais uma vez, o lendário Stan Lee da Marvel Comics narra esta aventura.
Spin Tail (Japan)	Sinopse A historia começa com uma mosca robô entrando na casa de Gex onde o mesmo está assistindo televisão até ser engolida pelo mesmo. Por causa disso, a TV fica fora do ar e o controle remoto pisca onde revela que Rez enviou essa mosca como lanche para localizar Gex. Monitorado por Rez, Gex começa ser puxado dentro de sua televisão pelo mesmo. Gex precisava sobreviver em 4 locais televisivos da Dimensão Mídia para abrir a cúpula. Com todos os controles remotos recolhidos e as monstruosidades televisivas eliminadas, Gex batalha contra Rez até finalmente ser derrotado. Após a derrota de Rez, Gex sai de sua TV voltando pra sua casa e desliga sua televisão para descansar.
Spyro 2 - Gateway to Glimmer (Europe) (En,Fr,De,Es,It)	Ripto's Rage é o segundo jogo da série Spyro the Dragon, que começou com Spyro the Dragon em 1998. O protagonista da série, Spyro, é colocado na terra de Avalar, em vez dos Dragon Worlds, onde a edição anterior foi ambientada. . Um feiticeiro montado em dinossauros, conhecido como Ripto, invadiu o mundo de Avalar e está causando estragos em seus cidadãos com sua magia. O jogador, como Spyro, deve viajar pelo mundo de Avalar e desfazer os danos causados por Ripto.
Spyro 2 - Ripto's Rage! & Crash Team Racing (USA) (Demo)	Ripto's Rage é o segundo jogo da série Spyro the Dragon, que começou com Spyro the Dragon em 1998. O protagonista da série, Spyro, é colocado na terra de Avalar, em vez dos Dragon Worlds, onde a edição anterior foi ambientada. . Um feiticeiro montado em dinossauros, conhecido como Ripto, invadiu o mundo de Avalar e está causando estragos em seus cidadãos com sua magia. O jogador, como Spyro, deve viajar pelo mundo de Avalar e desfazer os danos causados por Ripto.
Spyro 2 - Ripto's Rage! (USA)	Ripto's Rage é o segundo jogo da série Spyro the Dragon, que começou com Spyro the Dragon em 1998. O protagonista da série, Spyro, é colocado na terra de Avalar, em vez dos Dragon Worlds, onde a edição anterior foi ambientada. . Um feiticeiro montado em dinossauros, conhecido como Ripto, invadiu o mundo de Avalar e está causando estragos em seus cidadãos com sua magia. O jogador, como Spyro, deve viajar pelo mundo de Avalar e desfazer os danos causados por Ripto.
Spyro the Dragon (USA)	Spyro The Dragon é um jogo de plataforma no Playstation. O mago maligno Gnasty Gnorc quer conquistar o mundo. Para isso, ele colocou fora de perigo todos os dragões por statufiant em cristal. Você joga como Spyro, um dragão muito jovem que escapou da maldição de Gnorc. Você está, portanto, encarregado de libertar todos os dragões que foram vítimas do tirano e de encontrar todas as jóias roubadas.
Spyro x Sparx - Tondemo Tours (Japan)	Ripto's Rage é o segundo jogo da série Spyro the Dragon, que começou com Spyro the Dragon em 1998. O protagonista da série, Spyro, é colocado na terra de Avalar, em vez dos Dragon Worlds, onde a edição anterior foi ambientada. . Um feiticeiro montado em dinossauros, conhecido como Ripto, invadiu o mundo de Avalar e está causando estragos em seus cidadãos com sua magia. O jogador, como Spyro, deve viajar pelo mundo de Avalar e desfazer os danos causados por Ripto.
Stakes Winner 2 - Saikyouba Densetsu (Japan)	Stakes Winner 2 é um jogo de desporto no qual se monta para competir em corridas de cavalos na Europa e nos Estados Unidos. A aceleração e o sprint no momento certo, ao mesmo tempo que se controla o cansaço do cavalo, são a chave para um bom desempenho. Se ganhares, utiliza os teus ganhos para comprar acessórios e tornares-te ainda melhor. O manuseamento é um pouco mais suave do que no primeiro episódio. A realização também é um pouco melhor, embora o jogo ainda esteja muito próximo do primeiro.
Star Ixiom (Europe)	Star Ixiom é um remake do clássico jogo de 1985 Star Luster. Você desempenha o papel de um piloto pela The United Galaxy Space Force, lutando contra invasores alienígenas com a ajuda da unidade estratégica de batalha móvel &quot;Team Gaia&quot;. Cinco raças alienígenas lançaram um ataque coletivo para reduzir a expansão da humanidade. Você e &quot;Team Gaia&quot; se investem para defender as colônias ... Star Ixiom leva elementos de outros épicos espaciais Namco, Starblade e Galaxian 3, mas o coloca em um universo livre, estrategicamente mapeado. O jogo combina o combate espacial da primeira pessoa, o planejamento estratégico e alguns aspectos deste gênero de jogo. Existem três modos de jogo, TRAINING, COMMAND e CONQUEST. O modo de treinamento é, bem... treinamento. No modo Comando você sai em missões separadas onde você luta sistematicamente com uma raça alienígena por vez. No modo Conquest, você recebe um grande mapa criado aleatoriamente de um sistema solar que mostra a localização de seus inimigos e objetos amigáveis, como planetas e laboratórios que você deve defender.
Star Ocean - The Second Story & Hello Charlie!! (Japan) (Demo)	Star Ocean: A segunda história é um mundo de magia, ciência, viagens espaciais e demônios mortais! Entre em um mundo onde o amor não conhece limites, o mal não tem fim e o bem pode superar tudo se o coração for justo e verdadeiro. Com três modos de batalha, a habilidade de dominar habilidades para criar itens e um nível emocional para cada um dos personagens, a Enix tirou todas as paradas do seu mais recente (e primeiro) título para ser trazido para o PlayStation norte-americano. Star Ocean: A segunda história conta as histórias de Claude C. Kenni, filho de Ronixis J. Kenny, e Rena Lanford, uma jovem garota que vive no planeta Expel. Claude, tendo recentemente sido contratado como um Ensign na Federação da Terra, recebe sua primeira missão sob a supervisão de seu pai. Esta primeira missão é fazer um levantamento do planeta Milocinia, onde surge um misterioso campo energético. Uma vez que eles chegam, eles encontram uma ruína alienígena, cheia de maquinaria principalmente quebrada. Encontrando um dispositivo misterioso no centro dele, Claude começa a examiná-lo de perto, apesar das ordens para se manter longe dele. Quando ele se aproxima, a máquina se ativa, teletransportando-o para Expelir.
Star Ocean - The Second Story (USA) (Disc 1)	Star Ocean: A segunda história é um mundo de magia, ciência, viagens espaciais e demônios mortais! Entre em um mundo onde o amor não conhece limites, o mal não tem fim e o bem pode superar tudo se o coração for justo e verdadeiro. Com três modos de batalha, a habilidade de dominar habilidades para criar itens e um nível emocional para cada um dos personagens, a Enix tirou todas as paradas do seu mais recente (e primeiro) título para ser trazido para o PlayStation norte-americano. Star Ocean: A segunda história conta as histórias de Claude C. Kenni, filho de Ronixis J. Kenny, e Rena Lanford, uma jovem garota que vive no planeta Expel. Claude, tendo recentemente sido contratado como um Ensign na Federação da Terra, recebe sua primeira missão sob a supervisão de seu pai. Esta primeira missão é fazer um levantamento do planeta Milocinia, onde surge um misterioso campo energético. Uma vez que eles chegam, eles encontram uma ruína alienígena, cheia de maquinaria principalmente quebrada. Encontrando um dispositivo misterioso no centro dele, Claude começa a examiná-lo de perto, apesar das ordens para se manter longe dele. Quando ele se aproxima, a máquina se ativa, teletransportando-o para Expelir.
Star Sweep (USA)	Puzzle Star Sweep é o primeiro jogo de quebra-cabeça da linha de títulos de baixo custo da A1 Games. O objetivo do jogo é limpar uma área de blocos retangulares vermelhos, amarelos e azuis girando-os e movendo-os para que suas estrelas se alinhem. Cada bloco tem o mesmo tamanho e contém uma ou duas estrelas. Seu poço está constantemente sendo preenchido com blocos que sobem da parte inferior da tela, e os blocos que você mesmo coloca podem ser colocados em qualquer lugar que eles se encaixem. Um recurso interessante no Puzzle Star Sweep é o conceito de &quot;poeira estelar&quot;, que funciona como pontos para desbloquear recursos de bônus. A poeira estelar é obtida por meio de uma variedade de meios, incluindo derrotar oponentes no Modo História e ganhar medalhas no Modo Ataque. - Inclui quatro modos de jogo desde o início: 1 jogador, 2 jogadores, História e Ataque. - O modo História apresenta oito personagens para escolher. - Desbloqueie o Modo Especial coletando fragmentos de estrelas.
Star Wars - Episode I - Die dunkle Bedrohung (Germany)	Há uma perturbação na força e os Jedi estão lá para encontrar sua fonte. Há toda uma armada de navios de guerra e tropas sitiando um planeta e dois cavaleiros Jedi vêm para proteger o planeta. Este título Star Wars da Lucas Arts é totalmente baseado no filme Phantom Menace. É basicamente um jogo de ação no qual você interpreta vários personagens do filme, resolve vários quebra-cabeças, derrota inimigos com seu sabre de luz ou armas laser e segue os passos do filme. Mas lembre-se, você seguirá uma trilha diferente até o mesmo final.
Star Wars - Episode I - La Menace Fantome (France)	Há uma perturbação na força e os Jedi estão lá para encontrar sua fonte. Há toda uma armada de navios de guerra e tropas sitiando um planeta e dois cavaleiros Jedi vêm para proteger o planeta. Este título Star Wars da Lucas Arts é totalmente baseado no filme Phantom Menace. É basicamente um jogo de ação no qual você interpreta vários personagens do filme, resolve vários quebra-cabeças, derrota inimigos com seu sabre de luz ou armas laser e segue os passos do filme. Mas lembre-se, você seguirá uma trilha diferente até o mesmo final.
Star Wars - Episode I - The Phantom Menace (USA)	Há uma perturbação na força e os Jedi estão lá para encontrar sua fonte. Há toda uma armada de navios de guerra e tropas sitiando um planeta e dois cavaleiros Jedi vêm para proteger o planeta. Este título Star Wars da Lucas Arts é totalmente baseado no filme Phantom Menace. É basicamente um jogo de ação no qual você interpreta vários personagens do filme, resolve vários quebra-cabeças, derrota inimigos com seu sabre de luz ou armas laser e segue os passos do filme. Mas lembre-se, você seguirá uma trilha diferente até o mesmo final.
Star Wars - Episodio I - La Amenaza Fantasma (Spain)	Há uma perturbação na força e os Jedi estão lá para encontrar sua fonte. Há toda uma armada de navios de guerra e tropas sitiando um planeta e dois cavaleiros Jedi vêm para proteger o planeta. Este título Star Wars da Lucas Arts é totalmente baseado no filme Phantom Menace. É basicamente um jogo de ação no qual você interpreta vários personagens do filme, resolve vários quebra-cabeças, derrota inimigos com seu sabre de luz ou armas laser e segue os passos do filme. Mas lembre-se, você seguirá uma trilha diferente até o mesmo final.
Star Wars - Episodio I - La Minaccia Fantasma (Italy)	Há uma perturbação na força e os Jedi estão lá para encontrar sua fonte. Há toda uma armada de navios de guerra e tropas sitiando um planeta e dois cavaleiros Jedi vêm para proteger o planeta. Este título Star Wars da Lucas Arts é totalmente baseado no filme Phantom Menace. É basicamente um jogo de ação no qual você interpreta vários personagens do filme, resolve vários quebra-cabeças, derrota inimigos com seu sabre de luz ou armas laser e segue os passos do filme. Mas lembre-se, você seguirá uma trilha diferente até o mesmo final.
StarSweep (Europe)	Puzzle Star Sweep é o primeiro jogo de quebra-cabeça da linha de títulos de baixo custo da A1 Games. O objetivo do jogo é limpar uma área de blocos retangulares vermelhos, amarelos e azuis girando-os e movendo-os para que suas estrelas se alinhem. Cada bloco tem o mesmo tamanho e contém uma ou duas estrelas. Seu poço está constantemente sendo preenchido com blocos que sobem da parte inferior da tela, e os blocos que você mesmo coloca podem ser colocados em qualquer lugar que eles se encaixem. Um recurso interessante no Puzzle Star Sweep é o conceito de &quot;poeira estelar&quot;, que funciona como pontos para desbloquear recursos de bônus. A poeira estelar é obtida por meio de uma variedade de meios, incluindo derrotar oponentes no Modo História e ganhar medalhas no Modo Ataque. - Inclui quatro modos de jogo desde o início: 1 jogador, 2 jogadores, História e Ataque. - O modo História apresenta oito personagens para escolher. - Desbloqueie o Modo Especial coletando fragmentos de estrelas.
Street Boarders 2 (Japan)	Esse é um jogo de skate com gameplay muito similar ao de Tony Hawk's Pro Skater. Você seleciona um skatista e vai através de diferentes pistas de skate, selecionando entre opções de Pro ou Amateur. Você pode também criar a sua própria pista de skate.O jogo oferece opção de multiplayer, incluindo 4 jogadores em serie. Street Sk8er 2 contem trilha sonora de várias bandas conhecidas como Deftones, Ministry e Static X
Street Fighter - Real Battle on Film (Japan)	Street Fighter: The Movie é um jogo de batida em 2D baseado no filme de mesmo nome, que por sua vez é baseado na conhecida série Capcom, Street Fighter. Usando animação digitalizada baseada nos atores e nos muitos locais apresentados no filme, o mesmo estilo de jogabilidade encontrado no Street Fighter II e no Super Street Fighter II Turbo é usado aqui. Selecione entre vários lutadores (incluindo Ryu, Ken, Guile, M. Bison e Chun Li), cada um com seu próprio conjunto de movimentos especiais, e derrote toda a oposição para se tornar o rei dos combates de rua. Também está incluído um modo de história que segue a história do filme e usa FMV entre lutas e um Modo de Batalha de Julgamento, onde você enfrenta Guile em uma variedade de eventos de batalha diferentes para testar suas habilidades.
Street Fighter - The Movie (USA)	Street Fighter: The Movie é um jogo de batida em 2D baseado no filme de mesmo nome, que por sua vez é baseado na conhecida série Capcom, Street Fighter. Usando animação digitalizada baseada nos atores e nos muitos locais apresentados no filme, o mesmo estilo de jogabilidade encontrado no Street Fighter II e no Super Street Fighter II Turbo é usado aqui. Selecione entre vários lutadores (incluindo Ryu, Ken, Guile, M. Bison e Chun Li), cada um com seu próprio conjunto de movimentos especiais, e derrote toda a oposição para se tornar o rei dos combates de rua. Também está incluído um modo de história que segue a história do filme e usa FMV entre lutas e um Modo de Batalha de Julgamento, onde você enfrenta Guile em uma variedade de eventos de batalha diferentes para testar suas habilidades.
Street Fighter Alpha - Warriors' Dreams (USA)	É o Street Fighter como você sempre se lembra, com alguns novos movimentos, personagens e sistemas combinados, além de uma aparência mais polida. Os novos movimentos disponíveis para cada lutador, chamados Super movimentos, permitem disparar movimentos muito poderosos. Uma barra na parte inferior da tela representa a energia que você deve usar para os movimentos. Você inicia a primeira rodada em 0 e cada ataque que você faz adiciona energia à barra. Quando você atingir o nível 3, poderá desencadear ataques especiais, que às vezes podem matar o oponente. A outra grande mudança na série Street Fighter 2 são os contadores Alpha. Eles podem ser usados para combater um ataque que se aproxima após o bloqueio.
Street Fighter Alpha 2 (USA)	Outra sequência do Street Fighter (desta vez para o Street Fighter Alpha) acrescenta ainda mais à série de luta clássica. Novos personagens nesta versão incluem Gen (um sábio mestre de kung-fu), Rolento (que você deve se lembrar de outro clássico da Capcom, Final Fight) e Sakura, uma jovem garota da escola que segue seu herói Ryu tão perto que ela tem os mesmos tipos de movimentos. Dhalsim e Zangief também retornam à luta com alguns novos movimentos. A outra grande diferença é a perda de combos em cadeia e o ganho de um sistema combinado personalizado. Depois de atingir o nível exigido (que é pelo menos 1), você pode executar uma combinação personalizada combinando qualquer um dos botões (que existem 6 no total) ou qualquer um dos ataques especiais (bolas de fogo, etc.).)
Street Fighter Alpha 3 (USA)	Street Fighter Alpha 3, o terceiro jogo da série Alpha, tem um total de 31 lutadores, o máximo da série até agora. Novos personagens incluem os favoritos antigos E. Honda, Blanka, Vega, Cammy, T. Hawk, Dee Jay, Juni e Juli. Alguns dos lutadores mais novos do quarteirão incluem um ex-personagem do Final Fight (Cody, que está preso desde o último jogo do Final Fight, ou é o que suas roupas sugerem), Karin Kanzuki e Rainbow Mika. A principal diferença entre este Alpha e os dois últimos são os novos modos de jogo World Tour, Arcade, VS, Training and Entry.
Street Fighter Collection (USA) (Disc 1)	Street Fighter Collection é uma compilação de jogos de luta de 1997 lançada para o PlayStation e Sega Saturn. Ele coleta o Super Street Fighter II original e seu Super Street Fighter II Turbo, juntamente com uma versão aprimorada do Street Fighter Alpha 2, intitulada Street Fighter Alpha 2 Gold, exclusiva para esta compilação. Esta compilação contém Super Street Fighter II e Super Street Fighter II Turbo (conhecido no Japão como Super Street Fighter II X) no primeiro disco, com Street Fighter Alpha 2 Gold (Street Fighter Zero 2 Dash no Japão) no segundo disco.
Street Fighter Collection 2 (USA)	Em uma enxurrada de Super Combos, esses lançamentos monumentais iniciaram uma revolução e geraram uma geração de guerreiros arcados. Escolha seu guerreiro e lute por três jogos clássicos em sua verdadeira forma de arcade: Street Fighter II: Turbo Hyper Fighting, Street Fighter II: Champion Edition e Street Fighter II: The World Warrior - o jogo original que começou tudo...
Street Fighter EX + Alpha (Europe) (Demo)	Street Fighter Ex Plus Alpha é um jogo de luta em 3D no Playstation. O jogo oferece 8 personagens da série Street Fighter. Além disso, você será capaz de enfrentar 12 novos lutadores e isso em mais de 7 modos de jogo diferentes.
Street Fighter EX Plus Alpha (USA)	Street Fighter Ex Plus Alpha é um jogo de luta em 3D no Playstation. O jogo oferece 8 personagens da série Street Fighter. Além disso, você será capaz de enfrentar 12 novos lutadores e isso em mais de 7 modos de jogo diferentes.
Street Fighter II Movie (Japan) (Disc 1)	A aventura interativa que captura a ação do filme de sucesso do ano passado. Esta é uma verdadeira experiência do Street Fighter, misturada com elementos do jogo original e um modo substancial de biblioteca.
Street Fighter Zero (Japan)	É o Street Fighter como você sempre se lembra, com alguns novos movimentos, personagens e sistemas combinados, além de uma aparência mais polida. Os novos movimentos disponíveis para cada lutador, chamados Super movimentos, permitem disparar movimentos muito poderosos. Uma barra na parte inferior da tela representa a energia que você deve usar para os movimentos. Você inicia a primeira rodada em 0 e cada ataque que você faz adiciona energia à barra. Quando você atingir o nível 3, poderá desencadear ataques especiais, que às vezes podem matar o oponente. A outra grande mudança na série Street Fighter 2 são os contadores Alpha. Eles podem ser usados para combater um ataque que se aproxima após o bloqueio.
Street Fighter Zero 2 (Japan)	Outra sequência do Street Fighter (desta vez para o Street Fighter Alpha) acrescenta ainda mais à série de luta clássica. Novos personagens nesta versão incluem Gen (um sábio mestre de kung-fu), Rolento (que você deve se lembrar de outro clássico da Capcom, Final Fight) e Sakura, uma jovem garota da escola que segue seu herói Ryu tão perto que ela tem os mesmos tipos de movimentos. Dhalsim e Zangief também retornam à luta com alguns novos movimentos. A outra grande diferença é a perda de combos em cadeia e o ganho de um sistema combinado personalizado. Depois de atingir o nível exigido (que é pelo menos 1), você pode executar uma combinação personalizada combinando qualquer um dos botões (que existem 6 no total) ou qualquer um dos ataques especiais (bolas de fogo, etc.).)
Street Fighter Zero 2' (Japan)	Esta é a sequência de Street Fighter Alpha. Essencialmente, a série Alpha, conhecida por alguns como Street Fighter Zero, ocorre antes do mais popular Street Fighter II. No entanto, muitos dos personagens são os mesmos. Em ambos os jogos estão os seguintes personagens: Akuma (o chefe em Street Fighter 2: CE e versões posteriores), Chun Li, Dhalsim, Ken, M. Bison, Ryu, Sagat e Zangief. Alguns personagens * novos * (muito mais antigos) são Adon, Birdie, Charlie, Dan, Gen, Guy, Rolento, Rose, Sakura e Sodom.
Street Fighter Zero 3 (Japan)	Street Fighter Alpha 3, o terceiro jogo da série Alpha, tem um total de 31 lutadores, o máximo da série até agora. Novos personagens incluem os favoritos antigos E. Honda, Blanka, Vega, Cammy, T. Hawk, Dee Jay, Juni e Juli. Alguns dos lutadores mais novos do quarteirão incluem um ex-personagem do Final Fight (Cody, que está preso desde o último jogo do Final Fight, ou é o que suas roupas sugerem), Karin Kanzuki e Rainbow Mika. A principal diferença entre este Alpha e os dois últimos são os novos modos de jogo World Tour, Arcade, VS, Training and Entry.
Street Games '97 (Japan)	2Xtreme é a sequela de ESPN Extreme Games onde o jogador participa de uma série de corridas extremas com apenas um objetivo: vencer a qualquer custo. Há quatro tipos diferentes de corridas: snowboard, bicicleta, patins em linha e skates e quatro locais diferentes para escolher: Japão, África, Las Vegas e Los Angeles, cada um com três pistas diferentes para dominar. O objetivo principal do jogo é avançar no nível, puncionando e chutando os adversários e evitando obstáculos espalhados pelo palco. O jogador também pode realizar truques em pleno ar para ganhar dinheiro extra para adicionar aos seus ganhos de corrida para comprar peças melhores para os seus vários meios de transporte. Os jogadores também podem jogar em um modo de temporada, única corrida contra adversários de computador, ou ir cabeça a cabeça com um amigo.
Street Sk8er 2 (USA)	Esse é um jogo de skate com gameplay muito similar ao de Tony Hawk's Pro Skater. Você seleciona um skatista e vai através de diferentes pistas de skate, selecionando entre opções de Pro ou Amateur. Você pode também criar a sua própria pista de skate.O jogo oferece opção de multiplayer, incluindo 4 jogadores em serie. Street Sk8er 2 contem trilha sonora de várias bandas conhecidas como Deftones, Ministry e Static X
Street Skater 2 (Europe) (En,Fr,De)	Esse é um jogo de skate com gameplay muito similar ao de Tony Hawk's Pro Skater. Você seleciona um skatista e vai através de diferentes pistas de skate, selecionando entre opções de Pro ou Amateur. Você pode também criar a sua própria pista de skate.O jogo oferece opção de multiplayer, incluindo 4 jogadores em serie. Street Sk8er 2 contem trilha sonora de várias bandas conhecidas como Deftones, Ministry e Static X
Strider (USA)	Toca como Hiryu, um membro da irmandade Striders, uma espécie de ordem cavalheiresca moderna, lutando contra o sinistro &quot;Grand Master Meio&quot;, que deseja conquistar o mundo. A sua irmandade dizimada, é um dos únicos Striders ainda vivos a procurar vingança. O jogo toma a forma de um jogo de plataforma. Armado com o seu sabre de luz (Cypher), terá de eliminar numerosos inimigos em vários níveis, desde a União Soviética até à floresta tropical. Pode também agarrar-se às paredes com um gancho de metal. Ocasionalmente, os bónus obtidos pela destruição de cápsulas permitir-lhe-ão aumentar o alcance da sua espada ou ser acompanhado por um pequeno robô a destruir os seus inimigos. Apreciamos os movimentos espectaculares do personagem desenhando a sua arma ou girando no ar enquanto salta.
Strider Hiryuu 1 & 2 (Japan) (Disc 1) (Strider Hiryuu)	Toca como Hiryu, um membro da irmandade Striders, uma espécie de ordem cavalheiresca moderna, lutando contra o sinistro &quot;Grand Master Meio&quot;, que deseja conquistar o mundo. A sua irmandade dizimada, é um dos únicos Striders ainda vivos a procurar vingança. O jogo toma a forma de um jogo de plataforma. Armado com o seu sabre de luz (Cypher), terá de eliminar numerosos inimigos em vários níveis, desde a União Soviética até à floresta tropical. Pode também agarrar-se às paredes com um gancho de metal. Ocasionalmente, os bónus obtidos pela destruição de cápsulas permitir-lhe-ão aumentar o alcance da sua espada ou ser acompanhado por um pequeno robô a destruir os seus inimigos. Apreciamos os movimentos espectaculares do personagem desenhando a sua arma ou girando no ar enquanto salta.
Striker - World Cup Premiere Stage (Japan)	Este jogo é a edição de 1996 da série Striker de futebol da Rage Software e a primeira no console Playstation One. Os gráficos combinam um tom 3D com sprites de jogador 2D. O jogo inclui vários ângulos de câmera, bem como diferentes efeitos climáticos. Você pode modificar a lista de qualquer equipe, selecionar formações básicas, prazos, dificuldade, etc. Selecione entre 41 equipes internacionais e participe de jogos amistosos, torneios de liga ou de copa. Também está incluído um modo interno 6 em 6 e suporte multiplayer para até 4 jogadores usando o sistema GrIP do Gravis ou através de uma rede. O jogo inclui comentários do comentarista escocês Andy Gray.
Striker 96 (USA)	Este jogo é a edição de 1996 da série Striker de futebol da Rage Software e a primeira no console Playstation One. Os gráficos combinam um tom 3D com sprites de jogador 2D. O jogo inclui vários ângulos de câmera, bem como diferentes efeitos climáticos. Você pode modificar a lista de qualquer equipe, selecionar formações básicas, prazos, dificuldade, etc. Selecione entre 41 equipes internacionais e participe de jogos amistosos, torneios de liga ou de copa. Também está incluído um modo interno 6 em 6 e suporte multiplayer para até 4 jogadores usando o sistema GrIP do Gravis ou através de uma rede. O jogo inclui comentários do comentarista escocês Andy Gray.
Suikoden (USA)	Vagamente baseado no clássico romance medieval chinês &quot;Water Margins&quot; (Shuihuzhuan) de Shi Nai'an. O jogo é um RPG de fantasia ambientado em um universo imaginário, cujo tema principal é a luta política. O herói do jogo é o filho de Theo McDohl, um general que serve o Império da Lua Escarlate, atualmente controlando a terra de Toran. Através de uma série de eventos, o herói se envolve em uma rebelião contra o Império, liderada por uma organização conhecida como Exército de Libertação. Será que o herói encontrará ali um novo lar, será capaz de se desvencilhar de tudo que lhe foi sagrado, inclusive de seu próprio pai? Suikoden é um RPG estilo console com diversas adições incomuns. Existem três tipos de combate no jogo, sendo o mais comum o tradicional combate em grupo baseado em turnos (os jogadores podem ter até seis pessoas em seu grupo ativo). Runas mágicas podem ser equipadas nos personagens do jogador, o que permite o uso limitado de feitiços ofensivos e de cura. Existem também batalhas militares, onde o jogador deve controlar unidades inteiras de lutadores, arqueiros, mágicos, etc., e lutas um contra um. O jogo permite ao jogador construir e personalizar um castelo, que serve como base e fortaleza. 108 personagens podem ser recrutados no jogo, uma homenagem a 108 Stars Of Destiny em &quot;Water Margins&quot;. Muitos desses personagens estarão disponíveis como membros ativos do grupo e participarão de batalhas, enquanto outros atuarão como conselheiros estratégicos ou aprimorarão o próprio castelo de várias maneiras.
Suikoden II (USA)	Sequência do primeiro RPG do PlayStation. Como um membro da Aliança, uma força militar apenas sugerida no original, você interpreta o herói involuntário do jogo: um órfão que foi criado por um herói de batalha quieto e despretensioso em uma guerra aparentemente antiga. Ao seu lado nas fileiras está seu melhor amigo Jowy, um menino nascido na nobreza, mas que nunca foi capaz de receber a aprovação dos olhos obstinados de seu pai. Quando o jogo começa, você é imediatamente jogado em um conto de conflito político, traição e guerra em grande escala além do seu alcance nos estágios iniciais. À medida que o jogo avança, o enredo vai ter uma reviravolta, e se desenvolver de várias maneiras que expõem as personalidades de cada um dos personagens envolvidos. O sistema de batalha é baseado em turnos, com a opção de equipar Runas para habilidades especiais, combinar ataques de membros do grupo para criar combos em cadeia ou feitiços devastadores e a opção de conduzir a batalha no modo Automático.
Super Black Bass X (Japan)	O grande torneio de pesca está esperando por você no Big Bass World Championship no Playstation. Escolha o seu equipamento e depois lance sua linha para tentar sair da água o maior número possível de grandes capturas.
Super Blackbass X2 (Japan)	BLACK BASS COM BLUE MARLIN traz as alegrias do lago e do mar para o PlayStation. Graças à ampla gama de ângulos de câmera, você não perderá um segundo da ação. Para quem quer um clima de arcade, escolha a câmera subaquática e assista à luta dos peixes; A visão sobre a água proporciona uma experiência de simulação onde o peixe é desconhecido até ser introduzido. Não se preocupe, enrolar o peixe não será um problema, pois há muitos lugares para lançar a linha.
Super Casino Special (Japan)	Vegas Casino (Super Casino Special no Japão) é um jogo de azar com 2 modos principais: Ranking e modo grátis. No modo de classificação o jogador pode escolher entre 10 personagens diferentes (masculinos e femininos) e colocar-se uma meta de dinheiro que ele tem que alcançar para ganhar o jogo. No modo livre, o jogador pode jogar qualquer um dos jogos de azar. Existem diferentes jogos de apostas para jogar: Baccarat, Roleta, Let it Bet, Blackjack, Video Poker e Slot Machines. O jogo apresenta uma sequência de vídeo explicando cada jogo de azar.
Super Lite Best Vol. 1 - Cotton Original & Block Keeper (Korea)	Assumimos o papel da jovem bruxa Cotton, que gosta muito de doces. A fada Silk pede ajuda a Cotton para derrotar os demónios e encontrar Frill em troca de doces. Acompanhamos então Cotton através de vários mundos cheios de inimigos que precisam de ser pulverizados com magia para chegar ao fim. Cada nível é de deslocação horizontal, com fases de bosses. No início, escolhe-se um conjunto de três magias, que se mantêm ao longo da aventura. São habilidades especiais ofensivas ou defensivas que podemos usar em número limitado. Cada nível está repleto de hordas de inimigos que temos de derrotar disparando bolas mágicas básicas. O contacto com um inimigo custa-nos uma vida e, quando ficamos sem vida, aparece o ecrã de fim de jogo.
Super Slammin' Dodgeball (Europe)	O jogo tornou-se famoso pelas classes de E.P. dia chuvoso recebe uma reforma revigorante para o console de jogos PlayStation! Leve para a quadra com seu time favorito de jovens guerreiros e solte uma variedade de golpes de fogo contra seus oponentes! A equipe que perde todos os seus jogadores no campo primeiro perde o jogo - então tente se lembrar que &quot;D&quot; é para esquivar!
SuperLite 1500 Series - A Ressha de Ikou Z - Mezase! Tairiku Oudan (Japan)	A5 - A Ressha de Ikou 5 (aka A-Train 5) é o primeiro jogo de A-Train a usar gráficos 3D baseados no motor de jogo PowerVR, e também o primeiro a ser numerado sob o sistema numérico árabe em vez do sistema numérico romano como eram os 4 jogos anteriores.
SuperLite 1500 Series - A5 - A Ressha de Ikou 5 (Japan)	A5 - A Ressha de Ikou 5 (aka A-Train 5) é o primeiro jogo de A-Train a usar gráficos 3D baseados no motor de jogo PowerVR, e também o primeiro a ser numerado sob o sistema numérico árabe em vez do sistema numérico romano como eram os 4 jogos anteriores.
SuperLite 1500 Series - Advanced V.G. (Japan)	Variable Geo, também conhecido como V.G., é uma série de jogos de luta 2D japonesa. Situado em uma versão quase futura do Japão, os jogos contam a história de um torneio de artes marciais criado para determinar a mulher mais forte do país. Os torneios são patrocinados por uma série de restaurantes familiares, que em troca de seu patrocínio, são promovidos na forma de ter um trabalho de entrada no torneio como garçonete. Como resultado da popularidade dos torneios, os restaurantes experimentam um boom no mecenato.
SuperLite 1500 Series - Advanced V.G. 2 (Japan)	Advanced Variable Geo 2 é um dos vários títulos da longa série de jogos de luta para todas as garotas. Usando uma de 12 personagens, incluindo nove que regressam do título anterior, o jogador pode escolher entre um modo de variedade, incluindo um modo arcade padrão, um modo de história, um modo de 2 jogadores versus versus e um modo de ataque temporal. Existe também um modo de treino, uma grande variedade de opções de jogo e estatísticas de jogo.
SuperLite 1500 Series - Asuka 120% Final - Burning Fest. Final (Japan)	Por ser uma prequela, este jogo foi lançado apenas no Japão. Muitos dos recursos foram aprimorados da versão limitada para Sega Saturn. Além disso, uma porta para Windows deste jogo intitulada &quot;Asuka 120% BURNING Festival Return&quot; foi lançada como a última entrada da franquia, com pequenos ajustes adicionados.
SuperLite 1500 Series - Castrol Honda VTR (Japan)	A única forma de experimentar a mais recente tecnologia de corridas de Superbike é jogar Castrol Honda VTR, que lhe dá o controlo das equipas Castrol Honda World Superbike VTR 1000. São quase 1.000 ccs de potência para competir numa série de torneios que abrangem 22 pistas internacionais. O jogo apresenta-te a nova VTR 1000 SP-1 e o novo uniforme da equipa Castrol Honda World Superbike. Terás de competir contra 23 adversários para te tornares o novo Campeão do Mundo Castrol Honda.
SuperLite 1500 Series - Deep Freeze (Japan)	No século 21, o terrorismo é a primeira ameaça do mundo. Por isso as Nações Unidas criaram uma unidade especial para combater os grupos terroristas, essa unidade é chamada ANTS. O jogo começa em Nova York onde um casamento acontece no andar 58 de um prédio, e um grupo de terroristas entra no prédio disfarçado de entregadores de comida (eles escondem as armas dentro da carne). O outro grupo terrorista invadiu o casamento e sequestrou as pessoas (o vice-presidente era um dos convidados). É aí que o jogo começa: você controla Jack e você tem que escolher entre um dos outros quatro membros da equipe (Harry, Snipel, Bagel e Maria). Depois de fazer sua escolha, você começará no andar 56.
SuperLite 1500 Series - Hooockey!! (Japan)	Hóquei no ar (Hóquei no ar!!! (SuperLite 1500 Series)) é um jogo de hóquei no ar para a PlayStation. Existem quatro personagens disponíveis para jogar como ou para enfrentar. O objetivo é ter uma pontuação mais alta do que o seu adversário quando o temporizador atinge zero, e para tornar isso um pouco mais fácil há bônus espalhados por toda a mesa. Alguns são ativados ao toque, enquanto outros são armazenados com o jogador até que usado.
SuperLite 1500 Series - Maerchen Adventure - Cotton 100% (Japan)	Assumimos o papel da jovem bruxa Cotton, que gosta muito de doces. A fada Silk pede ajuda a Cotton para derrotar os demónios e encontrar Frill em troca de doces. Acompanhamos então Cotton através de vários mundos cheios de inimigos que precisam de ser pulverizados com magia para chegar ao fim. Cada nível é de deslocação horizontal, com fases de bosses. No início, escolhe-se um conjunto de três magias, que se mantêm ao longo da aventura. São habilidades especiais ofensivas ou defensivas que podemos usar em número limitado. Cada nível está repleto de hordas de inimigos que temos de derrotar disparando bolas mágicas básicas. O contacto com um inimigo custa-nos uma vida e, quando ficamos sem vida, aparece o ecrã de fim de jogo.
SuperLite 1500 Series - Mahjong Uranai Fortuna - Tsuki no Megamitachi (Japan)	Mahjong Uranai Fortuna - Tsuki no Megami-tachi é um jogo de mahjong que possui 6 oponentes femininos diferentes e 2 modos de jogo, mahjong livre e mahjong uranai, o jogo também possui uma galeria desbloqueável.
SuperLite 1500 Series - Mawatte Mucho! (Japan)	O herói vestindo sombrero se joga em um campo de blocos móveis que giram com o pressionar de um botão. O objetivo é traçar uma rota para você explorar um nível, coletar tesouros e matar feras. Uma trave em cada grade é o destino final para nosso protagonista seguir para novos mundos e desafios A jogabilidade é libertar três criaturas cor de rosa abrindo os três baús azuis de cada nível e depois ir para o gol, os níveis são em alguns estágios divididos em dois subníveis, e você se move entre eles usando um teletransportador azul, e na quarta rodada de cada mundo você deve derrotar um chefe para completar esse nível.
SuperLite 1500 Series - Oekaki Puzzle 5 (Japan)	Superlite 1500 Series - Oekaki Puzzle 5 é o quinto jogo da série picross (ou nanograms) lançado pela Succes no ano 2000 para o Playstation. O jogo apresenta mais de 200 quebra-cabeças diferentes, com diferentes tamanhos de quebra-cabeças (5x5, 10x10, 15x15 ou 20x20) e um tutorial sobre como jogar o jogo.
SuperLite 1500 Series - StarSweep (Japan)	Puzzle Star Sweep é o primeiro jogo de quebra-cabeça da linha de títulos de baixo custo da A1 Games. O objetivo do jogo é limpar uma área de blocos retangulares vermelhos, amarelos e azuis girando-os e movendo-os para que suas estrelas se alinhem. Cada bloco tem o mesmo tamanho e contém uma ou duas estrelas. Seu poço está constantemente sendo preenchido com blocos que sobem da parte inferior da tela, e os blocos que você mesmo coloca podem ser colocados em qualquer lugar que eles se encaixem. Um recurso interessante no Puzzle Star Sweep é o conceito de &quot;poeira estelar&quot;, que funciona como pontos para desbloquear recursos de bônus. A poeira estelar é obtida por meio de uma variedade de meios, incluindo derrotar oponentes no Modo História e ganhar medalhas no Modo Ataque. - Inclui quatro modos de jogo desde o início: 1 jogador, 2 jogadores, História e Ataque. - O modo História apresenta oito personagens para escolher. - Desbloqueie o Modo Especial coletando fragmentos de estrelas.
SuperLite 1500 Series - Super Casino Special (Japan)	Vegas Casino (Super Casino Special no Japão) é um jogo de azar com 2 modos principais: Ranking e modo grátis. No modo de classificação o jogador pode escolher entre 10 personagens diferentes (masculinos e femininos) e colocar-se uma meta de dinheiro que ele tem que alcançar para ganhar o jogo. No modo livre, o jogador pode jogar qualquer um dos jogos de azar. Existem diferentes jogos de apostas para jogar: Baccarat, Roleta, Let it Bet, Blackjack, Video Poker e Slot Machines. O jogo apresenta uma sequência de vídeo explicando cada jogo de azar.
SuperLite 3in1 Series - NumCro-shuu (Japan)	Superlite 3 em 1 - Series Nankuro-Syuu é uma compilação dos 3 primeiros jogos nankuro e possui mais de 600 palavras cruzadas numéricas em japonês.
Superman (USA) (Proto) (1999-10-29)	Em 1999, Superman: The New Adventures seria lançado para o Playstation pela BlueSky Software seria um port direto do jogo da versão de N64, desenvolvido pela Titus Software, um estúdio francês agora extinto. pois no N64 apesar de ter sido vendido bem, o jogo foi recebido com muita atenção e recepção negativas, por ser buggy, frustrante, ter maus controles e ter gráficos e texturas ruins, mas devido a limitações do hardware o PS1 não suportava a cidade de Metropolis, a BlueSky teve que recriar o jogo do zero e seria publicado pela Titus.
Susume! Taisen Puzzle-dama (Japan)	Taisen Puzzle-Dama é uma série de quebra-cabeças desenvolvida pela Konami. Susume!! Taisen Puzurudama é um jogo dessa série. Susume!! Taisen Puzurudama também foi lançado nas máquinas Arcade no mesmo ano de 1996. A máquina Arcade marca a entrada da Konami no gênero de quebra-cabeça de 64 bits muito negligenciado e reúne três jogos relativamente distintos do arcade. As duas primeiras são variações de Puzzle Bubble (Bust a Move), onde o objetivo é agrupar três bolas de cores iguais em um ambiente semelhante ao Tetris. Você precisa contar com reflexos rápidos e sua habilidade de planejar grandes combos - especialmente quando jogar no modo &quot;taisen&quot; para dois jogadores. Quanto mais bolas você remove ao mesmo tempo, mais problemas você causa ao lado do adversário. Tanto graficamente quanto em termos de jogabilidade, esses dois modos são surpreendentemente semelhantes ao quebra-cabeça de sucesso do Compile, Puyo Puyo Sun64. Susume Taisen Puzurudama apresenta 11 personagens diferentes e 1 jogador e 2 jogadores vs modos.
Syndicate Wars (USA)	Em um futuro não tão distante, duas corporações estão lutando pelo controle da Terra: a há muito estabelecida Eurocorp e a misteriosa Igreja da Nova Época. Escolha um dos lados para uma série de 15 missões (30 no total) onde seu objetivo é completar um dos seguintes: (1) Eliminar pessoas ou edifícios (2) Persuadir pessoas importantes com seu Persuadetron (3) Escoltar e proteger pessoas, veículos ou edifícios (4) Adquira itens importantes roubando (5) Evacue seus agentes em segurança.
Syphon Filter (USA)	Syphon Filter é um jogo de ação e aventura no Playstation. O terrorista Eric Rhoemer decidiu erradicar os humanos espalhando no planeta um vírus mortal, o Syphon Filter. Apenas dois agentes antiterrorismo podem detê-lo: Gabe Logan e Lian Xing. Você joga como Gabe Logan e nos 20 níveis do jogo você pode subir, rolar, correr para os lados ou inclinar-se para bater Eric Rhoemer.
T kara Hajimaru Monogatari (Japan)	T Kara Hajimaru Monogatari é um jogo de ação e aventura desenvolvido pela Jaleco em 1998, no jogo o jogador assume o papel de um jovem skatista (cujo nome é desconhecido já que o jogador pode colocar o nome que quiser) que um dia ele chega em casa e recebido por e-mail em seu computador para criar um graffitti usando estas 4 palavras: armadilha, truque, viagem, verdade. Assim que terminou o grafite ouviu a mãe gritando no andar de baixo, então correu até lá e descobriu que ela estava presa em um vórtice, tentou salvá-la mas falhou, tentou usar o computador novamente e também está enviar para outro mundo, assim que ele acordar uma jovem apareceu e com a ajuda dela ele tentará salvar sua mãe e voltar para casa. A jogabilidade é sobre lutar contra diferentes inimigos que aparecem no palco, ativar plataformas e interruptores para chegar a diferentes lugares do mundo, conversar com personagens, etc.
T.R.A.G. - Mission of Mercy (USA)	O ano é 2046 e o ​​edifício Togusa foi ocupado por terroristas. O edifício é propriedade de um grande fornecedor militar chamado Machine Gear e abriga alguns cientistas importantes. A equipe T.R.A.G. (Tactical Rescue Assault Group) é enviada para resolver a situação e libertar os reféns, mas todos estão presos em uma armadilha. Com apenas dois sobreviventes, os membros da equipe Alex e Michelle, cabe a eles eliminar a ameaça sozinhos.
Tales of Phantasia (Japan)	Tales of Phantasia é um jogo RPG desenvolvido pela Wolf Team e publicado pela Namco, que foi lançado no Japão em 1995. Em &quot;Tales of Phantasia&quot;, você interpreta um menino chamado Cless, que vive com seus pais em uma vila tranquila. Foi um dia como todos os outros quando Cless decidiu ir caçar com seu melhor amigo Chester. Perseguindo um javali, Cless descobriu uma estranha árvore falante na floresta que estava implorando por sua ajuda. Mas assim que parou de falar, os dois amigos ouviram o som de um alarme. Eles voltaram para a aldeia e a encontraram queimada, e todos os seus habitantes assassinados. Antes de a mãe de Cless morrer em seus braços, ela disse a ele que esse terrível massacre tinha algo a ver com o pingente que ela e seu marido deram a Cless de aniversário ... que conexão poderia haver? Cless decide visitar seu tio que mora em outra cidade, mas não percebe que sua jornada o levará a lugares muito mais remotos do que isso!
Tall - Twins Tower (Japan)	A torre dos gêmeos altos é a continuação de Tall Infinity e neste caso o jogo nunca foi lançado fora do Japão. Como em Tall Infinity, o jogador manipula blocos multicolores para construir uma torre. Os jogadores que precisam completar dez andares da torre para passar cada estágio. Os jogadores devem evitar movimentos desnecessários ou arriscar perder o jogo. Existem três níveis de dificuldade e diferentes modos de jogo (como modo infinito ou ataque de tempo). Um dos novos recursos é o modo slide no qual usando o botão R1 e L1 o jogador pode mover uma linha inteira de blocos para a direita ou para a esquerda, o jogo também possui um modo de tela dividida de 2 jogadores vs.
Tamamayu Monogatari (Japan)	Jade Cocoon é a história de Levant, um jovem que mora na cidade de Syrus. Você guia o protagonista silencioso em sua busca para seguir os passos de seu pai presumivelmente morto para se tornar um mestre do casulo. Para fazer isso, ele deve se casar com uma mulher Na'gi e está noivo de uma garota chamada Mahbu (dublada por Michelle Ruff). No dia de um grande festival em Syrus, a vila é atacada por demônios conhecidos como Onibubu, que fazem com que muitos moradores caiam em um sono profundo. Uma idosa Nagi, Garai, repele os Onibubu usando a magia Nagi antes que sua maldição afete a todos.
Tatsunoko Fight (Japan)	Tatsunoko Fight é um videogame de luta desenvolvido e publicado pela Takara para o console de jogo PlayStation lançado no Japão em outubro de 2000. Ele apresenta personagens de várias propriedades de super-heróis Tatsunoko, além de criações originais desenvolvidas exclusivamente para o jogo. Cada série é representada por personagens, planos de fundo, música e dubladores dos programas de televisão originais, junto com novas artes e sequências animadas produzidas pela Tatsunoko Production.
Team Buddies (USA)	Num belo dia de sol, na terra por onde os Buddies vagueiam, houve uma grande e poderosa discoteca numa tenda. Esta tenda balançava para cima e para baixo com a música. De repente, uma COISA grande, plana, cinza e voadora bloqueou o sol (O Grande Eclipse) e começou a lançar caixotes. Essas caixas estavam cheias de todos os tipos de guloseimas, como Uzis e Bazucas. Inevitavelmente, o caos estourou e os amigos foram segregados de acordo com a cor.
Tecmo Super Bowl (USA)	O Tecmo Bowl original foi um sucesso instantâneo no Nintendo Entertainment System. O jogo combinava ação arcade simples e fácil de entender, música insanamente cativante e jogadores reais da NFL. A sequência da Tecmo em 1991, Tecmo Super Bowl, adicionou a licença da NFL e o acompanhamento estatístico detalhado por uma temporada inteira. Foi considerado por muitos como o melhor jogo de futebol lançado para o sistema de 8 bits. A série continuaria no mercado de 16 bits, com três jogos lançados no SNES e Genesis (Tecmo Super Bowl, Tecmo Super Bowl II e Tecmo Super Bowl III). Embora enfrentasse forte concorrência dos Maddens e Montanas, o jogo ainda mantinha um forte público leal - uma prova de seu apelo universal. Tecmo Super Bowl marca sua primeira aparição no Playstation após o sucesso nos mercados de consoles de 8 bits e 16 bits.
Teitoku no Ketsudan II (Japan)	P.T.O. II: Pacific Theatre of Operations é um jogo de estratégia baseado em turnos. Segundo episódio da série, este retoma os pontos fortes do primeiro, ao adicionar três grandes novos cenários e sete outros mais curtos. Todas as batalhas acontecem novamente durante o conflito da Segunda Guerra Mundial e mais especificamente no Oceano Pacífico. Como no episódio anterior, você terá que gerenciar todo o seu exército e destruir as forças inimigas. Observe que, mais uma vez, você pode jogar com um segundo jogador.
Teitoku no Ketsudan III (Japan)	Teitoku no Ketsudan III é a sequência de Pacific Theatre of Operations II e foi lançado para Sega Saturn e Sony PlayStation em 1997. Uma atualização, Teitoku no Ketsudan III com Power-Up Kit foi lançado no ano seguinte. Estranhamente, nenhuma versão do jogo foi lançada fora do Japão. A sequência do jogo, Teitoku no Ketsudan IV no PlayStation 2, seria lançado fora do Japão como P.T.O .: Pacific Theatre of Operations IV.
Teitoku no Ketsudan III with Power-Up Kit (Japan)	Teitoku no Ketsudan III é a sequência de Pacific Theatre of Operations II e foi lançado para Sega Saturn e Sony PlayStation em 1997. Uma atualização, Teitoku no Ketsudan III com Power-Up Kit foi lançado no ano seguinte. Estranhamente, nenhuma versão do jogo foi lançada fora do Japão. A sequência do jogo, Teitoku no Ketsudan IV no PlayStation 2, seria lançado fora do Japão como P.T.O .: Pacific Theatre of Operations IV.
Tekken (USA)	Tekken é um jogo de luta no Playstation que oferece diferentes personagens, todos com um estilo de luta diferente do jeet kune do ao karate através do muay thai. Os modos de jogo secundários incluem Arcade, History, Time Trial, modo Survival, bem como dois novos totalmente novos, o modo Tekken Force e a luta em equipe. Você também tem a oportunidade de enfrentar um amigo através do modo Versus.
Tekken 2 & Fade to Black & F1 & V-CD (Europe, Australia)	Kazuya vingou seu pai no final do primeiro Tekken e assumiu o controle de Mishima Zaibatsu. Não por muito tempo porque Heihashi está de volta para se livrar de seu filho de uma vez por todas. Para eliminar seus inimigos, Kazuya decide organizar o segundo Torneio King of Iron Fist.
Tekken 2 (USA)	Kazuya vingou seu pai no final do primeiro Tekken e assumiu o controle de Mishima Zaibatsu. Não por muito tempo porque Heihashi está de volta para se livrar de seu filho de uma vez por todas. Para eliminar seus inimigos, Kazuya decide organizar o segundo Torneio King of Iron Fist.
Tekken 2 + Fade to Black + V-CD (France)	Kazuya vingou seu pai no final do primeiro Tekken e assumiu o controle de Mishima Zaibatsu. Não por muito tempo porque Heihashi está de volta para se livrar de seu filho de uma vez por todas. Para eliminar seus inimigos, Kazuya decide organizar o segundo Torneio King of Iron Fist.
Tekken 3 (USA)	Lute por Sua Vida! A força ancestral do mal acordou, atacando em segredo e se alimentando das almas de bravos heróis. Para ser libertada, participará do maior torneio de luta que o mundo já viu... Tekken 3. Alguns lutam por vingança, outros por honra. De uma forma ou de outra, todos estão lutando por suas vidas e pelo destino da humanidade. * Recursos Secretos: Personagens secretos, modos de jogo secretos, e sequência de cinemáticas para cada personagem. * Novos Estilos de Luta: Inclui a Capoeira, luta Brasileira e dois novos estilos do Kung Fu. * Novos Personagens. Inclui os personagens favoritos do Arcade: Eddy, Jin Xiaoyu, Julia, Law, Mokujin, Bryan, Ogre e alguns novos criados especialmente para a versão do PlayStation. * Jogo mais rápido: Levante rapidamente de quedas, mais escapes de agarrões e atordoamentos, e arremessos renovados para um estilo de jogo mais rápido do que nunca.
Tenchu - Stealth Assassins (USA)	Tenchu: Stealth Assassins é um jogo furtivo para Playstation. Você joga com um Ninja de sua escolha entre Rikimaru e Ayame. O jogo é dividido em 10 etapas onde você deve realizar as tarefas que estão presentes. Além disso, esteja ciente de que todos os níveis acontecem durante a noite.
Tenchu 2 - Birth of the Stealth Assassins (USA)	Tenchu ​​2 é um jogo furtivo de playstation que o levará ao Japão medieval. Você tem a opção de jogar como dois assassinos. O primeiro é chamado Rikimaru e usa sua katana de forma destrutiva e o segundo é chamado Ayame e domina suas duas adagas de forma mortal. você terá que se misturar com o ambiente, discrição, rapidez e silêncio serão seus principais trunfos.
Tennis Arena (USA)	Disponível para Playstation, o Tennis Arena irá mergulhar você no mundo da bola amarela de uma forma divertida e intuitiva. Em vez de encontrar jogadores famosos, você pode escolher personagens originais e coloridos com técnicas malucas. Divirta-se com este título amigável e fácil de acessar!
Test Drive Off-Road 3 (USA)	Uma máquina pesando várias toneladas, ou um simples buggy? Faça a sua escolha e peça conselhos ao seu médico porque, do lado lombar, pode ser o caso. Com mais de 25 veículos e pistas diferentes para os quatro cantos do mundo, você pode montar sua corcunda (evite trocadilhos fáceis:) como um verdadeiro Troféu de Camelo profissional. Jeep Wrangler, Cherokee, Dodge Ram Charger ou encore Hummer, você provavelmente vai se envergonhar quando será a escolha de armas, especialmente porque alguns parâmetros podem ser configurados para adicionar à variedade de jogo Você pode fazer configurações, incluindo chassis do motor ou pneus para adaptar sua besta de pistas de corrida que você espera firme.
Theme Hospital (USA)	Conceber, manter e gerir um hospital de alta tecnologia, tirar o máximo partido dos seus recursos limitados e transformar os cuidados em dinheiro. A morte espreita nos corredores, os pacientes têm doenças estranhas e o pessoal quer brincar aos médicos com as enfermeiras. Está claramente à frente de um hospital que está doente em todos os sentidos. Um simulador hospitalar pode não ser o tema ideal para um jogo, mas a equipa da Bullfrog Productions é conhecida por criar títulos inovadores e divertidos a partir da mais selvagem das ideias. O Hospital Temático é um deles. O nosso diagnóstico: hilariante!
Theme Park (USA)	Em Theme Park, o jogador deve gerir um parque de diversões. Para o desenvolver, tem de atrair o máximo de visitantes que desejam um parque divertido mas limpo. Para isso, é possível construir uma série de atracções, desde castelos insufláveis a montanhas russas... O jogador pode também construir lojas de bebidas, batatas fritas, gelados... O jogador terá de gerir preços, stocks e outros parâmetros. A procura de novas atracções e lojas é possível investindo na investigação. Também se pode procurar novas decorações (árvores, flores) ou infra-estruturas (caixotes do lixo, casas de banho...). A gestão do pessoal também faz parte do processo, sendo necessário recrutar mecânicos, seguranças, animadores e empregados de limpeza. A qualidade do seu trabalho dependerá, naturalmente, da sua remuneração.
Theme Park World (Europe) (En,Fr,De,Es,It,Nl,Sv)	Sim Theme Park é a sequência de Theme Park e o segundo jogo da série. É um jogo de gerenciamento de parque temático onde os jogadores constroem seu próprio parque temático com montanhas-russas, brinquedos e barracas de comida. Cada prédio pode ser personalizado em termos de aparência, preços e também da duração do brinquedo. As montanhas-russas desempenham um papel importante como atração principal para os visitantes. Os jogadores podem criar um brinquedo personalizado e testá-lo em primeira pessoa.
Threads of Fate (USA, Canada)	Threads of Fate combina a jogabilidade de uma aventura 3D em tempo real com um sistema de personagens típico de RPG. O jogo fornece dois personagens principais diferentes e duas histórias diferentes. A jovem guerreira Rue embarca em uma jornada para reviver sua amada guardiã perdida, Claire. Mint, que perdeu seu direito ao trono do East Heaven Kingdom, está buscando a dominação mundial e vingança contra sua irmã mais nova. Ambos vivem no mesmo mundo ao mesmo tempo e ambos estão procurando a mesma relíquia poderosa para ajudá-los a alcançar seus objetivos. Em sua jornada, ambos os personagens têm que explorar áreas repletas de quebra-cabeças desafiadores e inimigos incomuns. Para resolver certos mistérios ou eliminar certos obstáculos, eles precisam usar habilidades especiais. Ao usar moedas coletadas, Rue tem a capacidade de mudar de forma para as formas de monstros derrotados, enquanto Mint pode aprender e usar uma variedade de poderosos feitiços mágicos.
Tigershark (USA)	É 2060 e a Ameaça Vermelha ressurgiu e declarou guerra ao mundo inteiro. Mares e céus são invadidos por submarinos inimigos, aviões hostis, poderosos cruzadores de batalha, sangue, óleo e destroços. Você comanda o TigerShark, um protótipo de submarino totalmente equipado e capaz de destruição em massa.
Time Bokan Series - Bokan to Ippatsu! Doronbow (Japan)	Originalmente, este jogo é baseado na licença Time Bokan. Pouco conhecido fora do Japão, este desenho é de certa forma uma paródia de desenhos animados dos anos 1970 como Mazinger (Goldorak) ou Gatachaman (A Batalha dos Planetas). É muito engraçado, e há sequências do desenho animado.
Time Crisis (USA)	Como Richard Miller, seu objetivo principal é eliminar todos os alvos móveis e salvar a garota; se você aceitar esta missão, haverá muita carnificina e morte em seu rastro. Desenvolvido pela Namco e lançado anteriormente no Arcade, Time Crisis é um jogo de tiro em primeira pessoa com armas leves sobre trilhos; existem duas versões – uma com o periférico Guncon e outra sem. Usando qualquer um dos métodos de controle, você abrirá caminho através de três estágios, cada um com quatro áreas cheias de capangas contratados e chefes vis. Quando a fase de ação começar, você começará agachado enquanto as tropas inimigas tentam frustrar seu objetivo. Enquanto eles recarregam, levante-se e comece a pulverizar a área. Você terá a opção de se agachar atrás de objetos a qualquer momento durante os tiroteios. Apenas lembre-se de manter sua arma recarregada!
Time Gal & Ninja Hayate (Japan) (En,Ja) (Disc 1) (Time Gal)	Time Gal & Ninja Hayate é um lançamento de playstation que apresenta um conjunto duplo de jogos FMV em estilo anime da Taito. Time Gal apresenta diferentes modos de jogo Stage Order: modo Arcade, Random, LD Pattern, Cronológico, Test-Version & Selectable. Ninja Hayate apresenta diferentes modos de jogo Stage Order: modo Arcade, LD Pattern, AC-Pattern, etc.
Tiny Toon Adventures - Toonenstein - Dare to Scare! (USA)	Toonenstein: Dare to Scare é um novo jogo de aventura infantil com base na série animada premiada com Emmy TINY TOON ADVENTURES! Preso dentro da mansão da baronesa Toonenstein (Elmyra), Furball com os amigos em pânico Plucky e Hamton, deve evitar que seus cérebros sejam trocados com a criação peluqueira de Elmyra. Neste esconderijo assombrado, a única chance de escapar é redirecionar o poder &quot;assustador&quot; da mansão e parar Elmyra em suas monstruosas maquinações!
Tiny Toon Adventures - Toonenstein - Geisterstunde! (Germany)	Toonenstein: Dare to Scare é um novo jogo de aventura infantil com base na série animada premiada com Emmy TINY TOON ADVENTURES! Preso dentro da mansão da baronesa Toonenstein (Elmyra), Furball com os amigos em pânico Plucky e Hamton, deve evitar que seus cérebros sejam trocados com a criação peluqueira de Elmyra. Neste esconderijo assombrado, a única chance de escapar é redirecionar o poder &quot;assustador&quot; da mansão e parar Elmyra em suas monstruosas maquinações!
Tiny Toon Adventures - Toonenstein - Le Chateau hante (France)	Toonenstein: Dare to Scare é um novo jogo de aventura infantil com base na série animada premiada com Emmy TINY TOON ADVENTURES! Preso dentro da mansão da baronesa Toonenstein (Elmyra), Furball com os amigos em pânico Plucky e Hamton, deve evitar que seus cérebros sejam trocados com a criação peluqueira de Elmyra. Neste esconderijo assombrado, a única chance de escapar é redirecionar o poder &quot;assustador&quot; da mansão e parar Elmyra em suas monstruosas maquinações!
Tobal No. 1 (USA)	Oito guerreiros de diferentes origens, motivados por razões pessoais e sonhos de glória, viajam de várias partes da galáxia para competir no torneio. Entre eles está Chuji Wu, um jovem e talentoso lutador de uma família de praticantes de artes marciais. Ele entra no torneio para provar seu valor, honrar o legado de sua família e se tornar o novo guardião. No entanto, o torneio também atrai guerreiros mais sombrios, como o ciborgue Hom e o assassino alienígena Gren Kuts, que buscam o poder do cristal para seus próprios propósitos. Neste torneio, os lutadores não se limitam a usar a força bruta. O combate é empolgante, misturando uma variedade de estilos de luta em arenas dinâmicas, onde o posicionamento e o tempo são cruciais. Ao derrotar seus oponentes, Chuji e os outros lutadores descobrirão segredos sobre o poder do cristal, a verdadeira intenção do Imperador Udan e o destino do Planeta do Ferro.
TOCA Championship Racing (USA) (En,Es)	O British Touring Car Championship representou o auge mundial das corridas de carros sedã em meados da década de 1990, atraindo apoio de fábrica da Audi, Renault, Ford, Volvo e várias outras construtoras. Neste jogo você pode escolher entre todas as equipes e pilotos oficiais da temporada de 1997, vencida por Alain Menu da Renault. Todos os circuitos também estão incluídos. Os carros possuem um modelo de dano realista, podendo perder peças específicas como para-choques ou retrovisores. Os efeitos climáticos também são bem realistas. O comportamento dos carros é projetado para ser exigente, mas realista.
TOCA Touring Car Championship (Europe) (En,Fr,De,Es,It)	O British Touring Car Championship representou o auge mundial das corridas de carros sedã em meados da década de 1990, atraindo apoio de fábrica da Audi, Renault, Ford, Volvo e várias outras construtoras. Neste jogo você pode escolher entre todas as equipes e pilotos oficiais da temporada de 1997, vencida por Alain Menu da Renault. Todos os circuitos também estão incluídos. Os carros possuem um modelo de dano realista, podendo perder peças específicas como para-choques ou retrovisores. Os efeitos climáticos também são bem realistas. O comportamento dos carros é projetado para ser exigente, mas realista.
TOCA World Touring Cars (Europe) (Es,It)	Toca World Touring Cars, apresenta uma experiência de corrida que equilibra elementos arcade com uma dose de simulação, oferecendo controles mais acessíveis em comparação aos títulos anteriores da série, com características de manuseio que variam significativamente entre os diferentes modelos de carros - desde touring cars clássicos até modelos como o Peugeot 306 GTA e Nissan - permitindo uma abordagem mais dinâmica nas curvas e retas; o jogo substituiu as voltas de qualificação por posições aleatórias na grade de largada e eliminou penalidades por condução agressiva, tornando-o mais amigável para jogadores casuais, enquanto mantém desafios através de uma inteligência artificial notavelmente agressiva que constantemente persegue e ultrapassa o jogador de forma implacável, exigindo habilidade e prática para dominar as corridas; os danos visuais durante as colisões são um destaque, com para-choques voando, para-lamas amassados e vidros quebrados.
Tokyo Dungeon (Japan)	Em Tokyo Dungeon, o jogador assume o papel de detetive no ano de 2020 que terá que resolver uma trama misteriosa e, para isso, terá que entrar no ciberespaço de Tóquio. Lá ele irá interagir com muitos personagens diferentes e resolver diferentes tipos de quebra-cabeças para avançar no jogo. A jogabilidade é na perspectiva da primeira pessoa.
Tomb Raider (USA)	A aventureira Lara Croft acaba de ser contratada por um poderoso sindicato para recuperar fragmentos de uma antiga relíquia conhecida como o Scion. No seu intrépido estilo acrobático, ela corre, salta, nada e sobe em busca da origem e dos poderes do Scion. Lara vai depressa e só deixa sepulturas saqueadas e cartuchos vazios no seu caminho.
Tomb Raider - La Revelation Finale (France)	De acordo com a lenda egípcia, Hórus, filho da luz, enganou o malvado Deus Set e o aprisionou em uma tumba secreta. Cinco mil anos depois, Lara Croft descobre a tumba perdida e involuntariamente libera o malvado God Set, cumprindo a antiga profecia de seu retorno para mergulhar a humanidade nas trevas! Em uma corrida contra o tempo, Lara deve usar toda a sua inteligência e habilidade para reintegrar Set e salvar o mundo do Armagedom. Perseguida a cada passo por seu arquirrival, o arqueólogo inescrupuloso Werner Von Croy, Lara embarca em uma jornada de descobertas pelo Egito, onde ela deve superar os quebra-cabeças mais engenhosos e armadilhas infernais já inventadas e enfrentar o terrível mal além do túmulo. .. Com mais voltas e mais voltas do que um labirinto egípcio, esta é uma aventura de ação de parar o coração; um Tomb Raider que verdadeiramente oferece ... A Última Revelação.
Tomb Raider - The Last Revelation (USA)	De acordo com a lenda egípcia, Hórus, filho da luz, enganou o malvado Deus Set e o aprisionou em uma tumba secreta. Cinco mil anos depois, Lara Croft descobre a tumba perdida e involuntariamente libera o malvado God Set, cumprindo a antiga profecia de seu retorno para mergulhar a humanidade nas trevas! Em uma corrida contra o tempo, Lara deve usar toda a sua inteligência e habilidade para reintegrar Set e salvar o mundo do Armagedom. Perseguida a cada passo por seu arquirrival, o arqueólogo inescrupuloso Werner Von Croy, Lara embarca em uma jornada de descobertas pelo Egito, onde ela deve superar os quebra-cabeças mais engenhosos e armadilhas infernais já inventadas e enfrentar o terrível mal além do túmulo. .. Com mais voltas e mais voltas do que um labirinto egípcio, esta é uma aventura de ação de parar o coração; um Tomb Raider que verdadeiramente oferece ... A Última Revelação.
Tomb Raider 2 (Japan)	Tomb Raider II, estrelado por Lara Croft é um jogo de ação / aventura no Playstation. A bela Lara Croft está de volta. Ao seu lado você está fora para descobrir o segredo da Adaga de Xian. Diz a lenda que qualquer um que descubra isso vai ganhar o poder do dragão, desde que mergulhe no coração.
Tomb Raider II - Starring Lara Croft (USA)	Tomb Raider II, estrelado por Lara Croft é um jogo de ação / aventura no Playstation. A bela Lara Croft está de volta. Ao seu lado você está fora para descobrir o segredo da Adaga de Xian. Diz a lenda que qualquer um que descubra isso vai ganhar o poder do dragão, desde que mergulhe no coração.
Tomb Raider IV - The Last Revelation (Japan)	De acordo com a lenda egípcia, Hórus, filho da luz, enganou o malvado Deus Set e o aprisionou em uma tumba secreta. Cinco mil anos depois, Lara Croft descobre a tumba perdida e involuntariamente libera o malvado God Set, cumprindo a antiga profecia de seu retorno para mergulhar a humanidade nas trevas! Em uma corrida contra o tempo, Lara deve usar toda a sua inteligência e habilidade para reintegrar Set e salvar o mundo do Armagedom. Perseguida a cada passo por seu arquirrival, o arqueólogo inescrupuloso Werner Von Croy, Lara embarca em uma jornada de descobertas pelo Egito, onde ela deve superar os quebra-cabeças mais engenhosos e armadilhas infernais já inventadas e enfrentar o terrível mal além do túmulo. .. Com mais voltas e mais voltas do que um labirinto egípcio, esta é uma aventura de ação de parar o coração; um Tomb Raider que verdadeiramente oferece ... A Última Revelação.
Tomb Raiders (Japan)	A aventureira Lara Croft acaba de ser contratada por um poderoso sindicato para recuperar fragmentos de uma antiga relíquia conhecida como o Scion. No seu intrépido estilo acrobático, ela corre, salta, nada e sobe em busca da origem e dos poderes do Scion. Lara vai depressa e só deixa sepulturas saqueadas e cartuchos vazios no seu caminho.
Tomba! 2 - The Evil Swine Return (USA)	Explore um mundo 3D totalmente novo. Use seu confiável martelo de fogo, bumerangue de gelo ou blackjack para transformar os porcos malvados em bacon. Vista roupas super insucessos, como uma roupa de esquilo voador ou calças turbo de alta velocidade. Não há limite para as coisas que você pode fazer.
Tomba! The Wild Adventures (Japan)	Explore um mundo 3D totalmente novo. Use seu confiável martelo de fogo, bumerangue de gelo ou blackjack para transformar os porcos malvados em bacon. Vista roupas super insucessos, como uma roupa de esquilo voador ou calças turbo de alta velocidade. Não há limite para as coisas que você pode fazer.
Tombi! 2 (Europe)	Explore um mundo 3D totalmente novo. Use seu confiável martelo de fogo, bumerangue de gelo ou blackjack para transformar os porcos malvados em bacon. Vista roupas super insucessos, como uma roupa de esquilo voador ou calças turbo de alta velocidade. Não há limite para as coisas que você pode fazer.
Tombi! 2 - Contra los Cerdiablos (Spain)	Explore um mundo 3D totalmente novo. Use seu confiável martelo de fogo, bumerangue de gelo ou blackjack para transformar os porcos malvados em bacon. Vista roupas super insucessos, como uma roupa de esquilo voador ou calças turbo de alta velocidade. Não há limite para as coisas que você pode fazer.
Tony Hawk's Pro Skater (USA)	Go Big, Go Pro! Ande de Skate controlando o lendário Tony Hawk, ou um dos outro nove esqueitistas profissionais. Se esforce para subir nos ranks aterrizando manobras suicidas em competições brutais para se tornar o grande campeão! Funcionalidades fantásticas como Manobras Assinadas, mundos abertos para andar de skate, competição um contra um e modo de replay instantâneo fazem parte deste jogo.
Tony Hawk's Pro Skater 2 (USA)	Tony Hawk's Pro Skater 2 incrementa a conhecida série de mundo aberto onde o jogador controla um esqueitista profissional, e agora completa uma série de tarefas que resultam em prêmios em grana. Com o dinheiro recebido, o jogador pode comprar melhorias nas habilidades e melhores skates. THPS2 também é o primeiro jogo da série a introduzir o uso do manual, um truque de skate onde o equilíbrio é feito em apenas duas rodas tornando possível ao jogador interligar manobras para fazer combos insanos. O jogo introduziu o Noseslide, Tailslide, Bluntslide, Nosebluntside, Feeble, e Overcrook. Ele também é o primeiro da série Pro Skater a ter um editor de pistas e um criador de personagens.
Tony Hawk's Pro Skater 3 (USA)	Tony Hawk Pro Skater 3 é um jogo de esportes no Playstation. Jogue como Tony Hawk ou um de seus amigos patinadores e vá conhecer vários pontos e rampas. O jogo tem muitos objetivos a serem preenchidos para ganhar novos personagens, patins ou ambientes. Evolua no modo career ou jogue no modo multiplayer, onde você enfrentará seus amigos.
Tony Hawk's Skateboarding (Europe)	Go Big, Go Pro! Ande de Skate controlando o lendário Tony Hawk, ou um dos outro nove esqueitistas profissionais. Se esforce para subir nos ranks aterrizando manobras suicidas em competições brutais para se tornar o grande campeão! Funcionalidades fantásticas como Manobras Assinadas, mundos abertos para andar de skate, competição um contra um e modo de replay instantâneo fazem parte deste jogo.
Toshinden 4 (Europe)	trama de Toshinden 4 gira em torno de um torneio organizado pelo líder da Fundação Gerard, Eiji Shinjo, que busca reunir os Quatro Braços Sagrados. Cada arma possui um poder único e uma conexão com uma das bestas cardeais: Byakko (Tigre Branco), Suzaku (Pássaro Vermelho), Seiryuu (Dragão Azure) e Genbu (Tartaruga Negra). O objetivo final é alcançar o &quot;Toshin&quot;, o deus da luta, cujo poder se manifesta quando as armas são reunidas, conforme revelado no final de Eiji e outros personagens. Além do enredo principal, Toshinden 4 expande a jogabilidade com um modo de equipe, permitindo batalhas entre grupos de personagens, e a inclusão de um modo &quot;overdrive&quot;, que libera ataques especiais e combinações devastadoras. O jogo também explora as relações familiares e as motivações individuais dos personagens, com muitos finais baseados na união das armas e no uso de seus poderes.
Touhaiden Akagi (Japan)	A história gira em torno das explorações de jogo Mahjong de Shigeru Akagi. Depois de um jogo de frango desafiador da morte numa noite de 1958, Akagi entra despreocupadamente num salão Yakuza Mahjong para abanar o rasto dos polícias. Mesmo não familiarizado com as regras de Mahjong, a sua intuição de jogo é suficiente para salvar um pequeno jogador de tempo, Nangou, e conceder-lhe um lugar na mesa de jogo. À medida que a noite avança, as apostas são aumentadas tanto dentro do jogo quanto para Akagi, que está sob suspeita da polícia local. No entanto, Akagi supera a situação com suas táticas, desafiando tanto a vida quanto o acaso. Quando ele sai da casa de jogo, ninguém presente duvida de sua genialidade. Durante o arco da história, Akagi enfrenta e derrota vários oponentes em Mahjong, cada um com seu próprio e distinto estilo de jogo. O génio de Akagi acaba por lhe permitir a vitória, derrotando o &quot;atrás do rei do palco&quot; do Japão e tornando-se uma lenda.
Toushinden (Japan)	Battle Arena Toshinden foi um dos primeiros jogos da Playstation a apresentar personagens poligonais numa arena de batalha em 3D, em vez do tradicional espaço de luta lado a lado que tinha sido popular desde o Street Fighter II. Os 8 karatecas disponíveis têm todos as suas próprias armas e técnicas. Está presente um modo de Torneio que lhe permite enfrentar cada adversário. O vosso objectivo final é tornar-se o lutador do século, enfrentando Gaia.
Toushinden Subaru (Japan)	trama de Toshinden 4 gira em torno de um torneio organizado pelo líder da Fundação Gerard, Eiji Shinjo, que busca reunir os Quatro Braços Sagrados. Cada arma possui um poder único e uma conexão com uma das bestas cardeais: Byakko (Tigre Branco), Suzaku (Pássaro Vermelho), Seiryuu (Dragão Azure) e Genbu (Tartaruga Negra). O objetivo final é alcançar o &quot;Toshin&quot;, o deus da luta, cujo poder se manifesta quando as armas são reunidas, conforme revelado no final de Eiji e outros personagens. Além do enredo principal, Toshinden 4 expande a jogabilidade com um modo de equipe, permitindo batalhas entre grupos de personagens, e a inclusão de um modo &quot;overdrive&quot;, que libera ataques especiais e combinações devastadoras. O jogo também explora as relações familiares e as motivações individuais dos personagens, com muitos finais baseados na união das armas e no uso de seus poderes.
Tron ni Kobun (Japan)	Em vez de focar nos protagonistas heróicos da série Mega Man Legends, o jogo segue o anti-herói da série Tron Bonne, irmã da família de piratas aéreos criminosos Bonne. A contraparte japonesa incluía suporte para PocketStation, enquanto as versões norte-americana e europeia não. Com uma produção limitada, o jogo é um dos jogos mais raros do PlayStation
Twisted Metal (USA)	O clássico original! Escolha entre 12 veículos diferentes, desde um equipamento a uma bicicleta, e tente vencer o concurso Twisted Metal. Twisted Metal possui muitas armas, incluindo mísseis de fogo, mísseis teleguiados, minas e, é claro, cada carro tem sua própria arma especial que causa danos enormes com efeitos interessantes. Todas as batalhas são travadas em arenas de combate 3D, com muitos power-ups e áreas secretas para encontrar, o que acrescenta profundidade - o que é importante porque Twisted Metal não é um jogo de um único jogador. Embora tenha um modo single player, a carne real está nas batalhas entre dois jogadores.
Twisted Metal - World Tour (Europe)	Twisted Metal 2 apresenta um combate de carros destrutivo, jogável tanto como um torneio completo quanto como uma única partida. A ação ocorre em 8 locais diferentes ao redor do mundo, em superfícies diversas, muitas delas com prédios e pontos de referência destrutíveis. O combate acontece entre uma ampla variedade de veículos, desde um homem amarrado entre duas rodas até um caminhão de sorvete. Eles têm suas próprias forças e fraquezas, usando uma disposição eclética de armas, incluindo bombas e mísseis, resultando em sua própria sequência final, completa com uma linha irônica de humor.
Twisted Metal 2 (USA)	Twisted Metal 2 apresenta um combate de carros destrutivo, jogável tanto como um torneio completo quanto como uma única partida. A ação ocorre em 8 locais diferentes ao redor do mundo, em superfícies diversas, muitas delas com prédios e pontos de referência destrutíveis. O combate acontece entre uma ampla variedade de veículos, desde um homem amarrado entre duas rodas até um caminhão de sorvete. Eles têm suas próprias forças e fraquezas, usando uma disposição eclética de armas, incluindo bombas e mísseis, resultando em sua própria sequência final, completa com uma linha irônica de humor.
Twisted Metal 4 (USA, Canada)	O quarto jogo da série Twisted Metal! O chefe do torneio Twisted Metal desde o início, Calypso, foi deposto pelo palhaço maníaco Sweet Tooth e seus amigos circenses, com o seu desejo de vencer o torneio. Agora, Sweet Tooth tem a chance de realizar seu próprio torneio, com veículos mais poderosos, inúmeros campos de batalha e uma seleção totalmente nova de pilotos e lendas antigas como Thumper, Axel, Auger e até mesmo Minion, e muito mais. O prêmio é o mesmo - Sweet Tooth concederá qualquer desejo ao vencedor! Mas desta vez, Calypso está participando do torneio...
Twisted Metal EX - World Tour (Japan)	Twisted Metal 2 apresenta um combate de carros destrutivo, jogável tanto como um torneio completo quanto como uma única partida. A ação ocorre em 8 locais diferentes ao redor do mundo, em superfícies diversas, muitas delas com prédios e pontos de referência destrutíveis. O combate acontece entre uma ampla variedade de veículos, desde um homem amarrado entre duas rodas até um caminhão de sorvete. Eles têm suas próprias forças e fraquezas, usando uma disposição eclética de armas, incluindo bombas e mísseis, resultando em sua própria sequência final, completa com uma linha irônica de humor.
Twisted Metal III (USA)	Em um futuro apocalíptico, o misterioso e poderoso Calypso oferece um desejo ao vencedor da competição Twisted Metal. A competição Twisted Metal envolve combate veicular entre máquinas turbinadas e equipadas com armas, como uma motocicleta, carro de polícia, caminhão de sorvete e até mesmo um homem com rodas no lugar dos braços. As batalhas ocorrem em locais de todo o mundo, incluindo Londres e Tóquio.
UFC - Ultimate Fighting Championship (Japan)	Ultimate Fighting Championship no Playstation é um jogo de luta especial porque combina várias artes marciais no ringue. 22 lutadores, 3.000 movimentos e 1.200 combos, são os números do UFC que destacam a escolha exaustiva de combinações e a diversidade das lutas oferecidas.
Ultimate 8 Ball (USA)	Actua Pool é um jogo de simulação de bilhar. Os modos de jogo incluem um jogo de dois jogadores, modo hustle, truques, torneios e um tutorial interativo. Torneios vencedores desbloqueiam novos NPCs para jogar contra. Cada adversário NPC tem seu próprio estilo de jogo e dificuldade. Você pode jogar em uma variedade de mesas diferentes.
Ultimate Fighting Championship (USA)	Ultimate Fighting Championship no Playstation é um jogo de luta especial porque combina várias artes marciais no ringue. 22 lutadores, 3.000 movimentos e 1.200 combos, são os números do UFC que destacam a escolha exaustiva de combinações e a diversidade das lutas oferecidas.
V-Rally - 97 Championship Edition (Europe) (En,Fr,De)	O V-Rally '97 possui 11 veículos de rally licenciados e mais de 40 pistas com clima, terreno e hora do dia variáveis. Ajuste livremente parâmetros como suspensão, relação de marcha e direção antes de competir nos três modos de jogo a seguir: Arcade, Campeonato e Time Trial. No Arcade, você avança através de várias competições agrupadas por dificuldade, cada uma consistindo em quatro fases. O campeonato é um torneio de oito corridas que envolve ganhar pontos a cada três primeiros colocados, enquanto o Time Trial permite competir contra o relógio ou outro veículo. O V-Rally também inclui corrida frente a frente por meio de tela dividida, configurações de dificuldade ajustáveis e múltiplas visualizações de câmera. Um cartão de memória é necessário para salvar o progresso e as configurações do controlador. Características Escolha entre 11 veículos de rally autênticos para competição em mais de 40 pistas Inclui três modos de jogo: Arcade, Campeonato e Contra-relógio Desafie um amigo por meio da exibição em tela dividida
V-Rally - Championship Edition (Japan)	O V-Rally '97 possui 11 veículos de rally licenciados e mais de 40 pistas com clima, terreno e hora do dia variáveis. Ajuste livremente parâmetros como suspensão, relação de marcha e direção antes de competir nos três modos de jogo a seguir: Arcade, Campeonato e Time Trial. No Arcade, você avança através de várias competições agrupadas por dificuldade, cada uma consistindo em quatro fases. O campeonato é um torneio de oito corridas que envolve ganhar pontos a cada três primeiros colocados, enquanto o Time Trial permite competir contra o relógio ou outro veículo. O V-Rally também inclui corrida frente a frente por meio de tela dividida, configurações de dificuldade ajustáveis e múltiplas visualizações de câmera. Um cartão de memória é necessário para salvar o progresso e as configurações do controlador. Características Escolha entre 11 veículos de rally autênticos para competição em mais de 40 pistas Inclui três modos de jogo: Arcade, Campeonato e Contra-relógio Desafie um amigo por meio da exibição em tela dividida
V-Rally - Championship Edition 2 (Europe) (En,Fr,De)	V-Rally 2 é um jogo baseado no mundo das corridas de rally. Aqui a habilidade de dirigir com precisão é mais importante. Em cada carro há duas pessoas, um motorista e um navegador. Existem 84 corridas para competir em pistas de todo o mundo. Se isso não for suficiente para você, crie suas próprias trilhas com o novo Track Editor. V-Rally 2 apresenta 16 carros diferentes, desde Toyotas a Mitsubishis e tudo mais. No modo Arcade, quatro competidores competem em uma corrida contra o relógio. O modo V-Rally Trophy consiste em três grupos de pistas diferentes (Euro Trophy, World Trophy e Expert Trophy) e você deve tentar coletar todas as peças de metal brilhantes.
Vagrant Story (USA)	Vagrant Story é um jogo de RPG no Playstation. Você joga Ashley Riot, agente secreto das forças reais, e tentará desvendar os terríveis segredos escondidos na maldita cidade de Lea Mundis. Você deve ser esperto, aprender a dominar a arte da magia e mostrar suas habilidades de luta para superar com sucesso os perigos que temos pela frente.
Valkyrie Profile (USA) (Disc 1)	Em preparação para o Ragnarok, a batalha final entre os deuses, Odin ordenou que Lenneth, a Valquíria, descesse ao mundo inferior e reunisse as almas de heróis caídos para servirem como soldados no conflito iminente. Você joga como Lenneth, reunindo soldados e treinando-os para serem transferidos para os campos de batalha dos deuses.
Vampire - The Night Warriors (Japan)	Darkstalkers, conhecido no Japão como Vampire, é uma série de jogos de luta 2D desenvolvidos e publicados pela Capcom, começando com Darkstalkers: The Night Warriors (Vampire: The Night Warriors) em 1994. A série é ambientada em um universo de terror gótico e apresenta um estilo gráfico de desenho animado altamente estilizado. O Jogo apresenta personagens baseados em vários tipos de monstros (os &quot;darkstalkers&quot; titulares) ou em seus caçadores, todos envolvidos em combate uns contra os outros. Darkstalkers introduziu muitos dos conceitos usados em jogos de luta posteriores da Capcom, incluindo o seu primeiro uso de sprites de animação colorida de 16 bits e mecânica de jogo mais tarde empregada nas séries Street Fighter Alpha e Marvel vs. Capcom.
Vampire Savior - EX Edition (Japan)	Darkstalkers 3, conhecido no Japão como Vampire Savior: The Lord of Vampire, é a segunda sequência da série Darkstalkers de jogos de luta da Capcom, originalmente lançada nos fliperamas em 1997. A terceira parcela gira em torno de um nobre demoníaco de Makai chamado Jedah Dohma, que cria uma dimensão de bolso chamada Majigen, onde ele tenta trazer almas para ajudar a nutrir seu novo mundo. Também em 1998, uma atualização do jogo foi portada para o PlayStation como Vampire Savior: EX Edition no Japão e Darkstalkers 3 na América do Norte e Europa. Embora seja uma versão EX do terceiro jogo canon da série, na verdade é uma compilação de Vampire Savior e suas duas atualizações de fliperama apenas no Japão. Esta versão permite aos jogadores usar todos os 18 Night Warriors e os dois &quot;personagens ocultos&quot; (Shadow e Marionette) em todos os três jogos. Ele também apresenta Oboro Bishamon e Dark Talbain como personagens jogáveis.
Vandal Hearts II (USA)	Vandal Hearts II é um RPG estratégico baseado em turnos comparável à mais famosa série Fire Emblem. A maior parte da jogabilidade consiste em mover seu grupo em mapas baseados em grade 3D de uma forma que lhe dará uma vantagem estratégica sobre seus inimigos. A principal diferença entre Vandal Hearts II e seu antecessor é a mudança no sistema de batalha. Ao contrário de Vandal Hearts, você e seus inimigos emitem os comandos ao mesmo tempo e depois se movem simultaneamente. Isso resulta em estratégias completamente novas e dá ao jogo um toque único. A história se passa no já desmoronado estado religioso de Nirvadia, que já foi formado pelo líder religioso St Nirvath, mas acabou deixando de existir devido a vários conflitos entre incrédulos e governantes locais. Causado por uma cadeia de coincidências, o jovem Joshua, de uma pequena e sem importância aldeia no leste, acaba por se encontrar dentro de um complexo esquema político posto em ação por aristocratas sedentos de poder e fanáticos religiosos.
Vandal Hearts II - Tenjou no Mon (Japan)	Vandal Hearts II é um RPG estratégico baseado em turnos comparável à mais famosa série Fire Emblem. A maior parte da jogabilidade consiste em mover seu grupo em mapas baseados em grade 3D de uma forma que lhe dará uma vantagem estratégica sobre seus inimigos. A principal diferença entre Vandal Hearts II e seu antecessor é a mudança no sistema de batalha. Ao contrário de Vandal Hearts, você e seus inimigos emitem os comandos ao mesmo tempo e depois se movem simultaneamente. Isso resulta em estratégias completamente novas e dá ao jogo um toque único. A história se passa no já desmoronado estado religioso de Nirvadia, que já foi formado pelo líder religioso St Nirvath, mas acabou deixando de existir devido a vários conflitos entre incrédulos e governantes locais. Causado por uma cadeia de coincidências, o jovem Joshua, de uma pequena e sem importância aldeia no leste, acaba por se encontrar dentro de um complexo esquema político posto em ação por aristocratas sedentos de poder e fanáticos religiosos.
Vegas Casino (Europe)	Vegas Casino (Super Casino Special no Japão) é um jogo de azar com 2 modos principais: Ranking e modo grátis. No modo de classificação o jogador pode escolher entre 10 personagens diferentes (masculinos e femininos) e colocar-se uma meta de dinheiro que ele tem que alcançar para ganhar o jogo. No modo livre, o jogador pode jogar qualquer um dos jogos de azar. Existem diferentes jogos de apostas para jogar: Baccarat, Roleta, Let it Bet, Blackjack, Video Poker e Slot Machines. O jogo apresenta uma sequência de vídeo explicando cada jogo de azar.
Virtual Pro Wrestling (Japan)	Neste jogo de luta livre para Playstation, você pode escolher entre cerca de sessenta lutadores, que esperam por uma coisa: poder partir os membros numa das dez arenas que o jogo oferece. Cada lutador tem entre 30 e 40 tiros!
Visiteurs, Les - La Relique de Sainte Rolande (France)	Em Les Visiteurs La Relique de Sainte Rolande, ele encarna, por sua vez, Godefroy de Papincourt (Conde de Montmirail) e Jacquouille la Fripouille tentando abordar as ações da bruxa de Malcomb. A senhora má realmente usou os corredores do tempo para esconder a relíquia de São Rolande no século XX. Esta relíquia supostamente traz fertilidade ao casamento de Godefroy e Fróngonde de Pouille. A bruxa também relatou objetos do século 20 e dispersos no século 12 ao criar uma maldição sobre a família de Montmiraille. O cenário não é de nenhum dos dois filmes, embora inspire amplamente. Um ao outro, Godefroy e Jacquouille devem restaurar a ordem em toda essa bagunça. Godefroy frequenta o século XII, ele vagueia pelo labirinto de um castelo horrível e deve eliminar os poucos monstros que ficam em seu caminho enquanto resolve pequenos quebra-cabeças (fazer uma sopa, colocar os escudos em uma determinada ordem...). Jacquouille é, por sua vez, um centro comercial do século XX. Sua primeira tarefa é encontrar a preciosa relíquia evitando os guardas que, não está claro o porquê da batida ao vê-la. Ambos os personagens podem recuperar objetos que restauram a energia: presunto, banana e até garrafas de vinho (ou vinhaça, como consta no jogo). O jogo dividido em 6 níveis.
Viva Football (Europe) (En,Fr,De,Es,It,Pt)	O jogo apresenta todos os times internacionais entre a Copa do Mundo de 1958 e a Copa do Mundo de 1998, um total de 1035 times e mais de 16.000 jogadores da vida real. Os jogadores podem escolher entre o modo amigável que permite que você selecione qualquer time e crie seus próprios matchups para jogar contra o computador ou um amigo, ou um modo de História que permite que os jogadores participem de qualquer Copa do Mundo de 1958 a 1998. Eles também podem jogar em um modo de treinamento para praticar suas habilidades.
Viva Soccer (USA) (En,Fr,De,Es,It,Pt)	O jogo apresenta todos os times internacionais entre a Copa do Mundo de 1958 e a Copa do Mundo de 1998, um total de 1035 times e mais de 16.000 jogadores da vida real. Os jogadores podem escolher entre o modo amigável que permite que você selecione qualquer time e crie seus próprios matchups para jogar contra o computador ou um amigo, ou um modo de História que permite que os jogadores participem de qualquer Copa do Mundo de 1958 a 1998. Eles também podem jogar em um modo de treinamento para praticar suas habilidades.
VR Golf '97 (USA) (En,Fr)	O segundo jogo de golfe PlayStation da Interplay apresenta seis campos 3D e uma câmara fotográfica personalizável que mostrará o seu jogador ou bola a partir de várias perspectivas diferentes. As tacadas envolvem premir o botão de tempo para determinar tanto a potência como a precisão; o desenho e o desbotamento também podem ser aplicados antes de iniciar o swing. Os tipos de jogo incluem treino, pancadas, jogos, skins, foursomes, four-ball e rounds, tanto para amadores como para profissionais. Personalize a aparência do seu golfista capturado pelo movimento e defina as condições meteorológicas antes de colocar os pés nos links digitais. Outras características chave incluem uma opção de repetição de 15 ângulos e uma escolha de três comentadores, incluindo Pat O'Brien, Peter Alliss e Tony Adamson. A série VR Golf é conhecida como Actua Golf nos mercados europeus.
Wacky Races (Europe) (En,Fr,De,Es,It,Nl)	Corrida Maluca é uma série popular de desenhos animados que está sendo trazida à vida sob a forma de um videogame de corrida selvagem e maluco da Infogrames. Este jogo impulsivo de corrida está pronto para colocar o PlayStation em chamas com todos os personagens ultrajantes do popular desenho animado Corrida Maluca, como Penélope Charmosa, Dick Vigarista, seu companheiro Muttley e muitos outros personagens do show. Existem inúmeros modos de jogo disponíveis para o jogador, incluindo Arcade, Championship, Time Trial, Endurance e Versus. Em cada modo, os jogadores demolirão seus inimigos com uma variedade de armas e acessórios estranhos que podem ser apanhados na pista de corrida ao longo do caminho.
WarCraft II - The Dark Saga (USA) (En,Fr,De,Es,It)	Warcraft II: The Dark Saga é um jogo de estratégia em tempo real no Playstation. O título é na verdade uma reunião de Warcraft II: Tides of Darkness e sua extensão Beyond The Dark Portal. Através de vinte missões, você lidera ou Humanos e Elfos, ou o Orc Horde, e luta pelo controle de Azeroth.
WCW vs. the World (USA)	Neste jogo de luta livre para Playstation, você pode escolher entre cerca de sessenta lutadores, que esperam por uma coisa: poder partir os membros numa das dez arenas que o jogo oferece. Cada lutador tem entre 30 e 40 tiros!
Wild Arms (USA)	Wild Arms é a primeira de uma saga curta mas intensa de RPGs para várias plataformas Playstation, o estilo de jogo é o clássico desta época, combate por turnos mas o cenário, como no resto da saga torna-a especial, pois podemos ver características do wild west e uma música muito cuidadosa com grandes bandas sonoras em estilo ocidental, tudo misturado com ARMs de estilo futurista e robôs gigantes chamados Golems, o que mais se pode pedir. Durante o jogo controla três personagens: Rudy, um vagabundo que usa ARMS, Jack, um caçador de tesouros, e Cecilia, uma assistente de aprendizes, cada um com as suas próprias características terá de salvar Filgaia (o nome do mundo onde vivemos) do mal que tenta destruí-la. Mais tarde foi feito um remake para a PS2 chamado Alter code: F com melhores gráficos, música, personagens e uma história prolongada.
Wing Commander III - Heart of the Tiger (USA) (Disc 1)	O protagonista dos dois jogos anteriores recebeu oficialmente um nome na WCIII, Coronel Christopher Blair (Mark Hamill). A cena de abertura, a primeira cena FMV da série Wing Commander, retrata uma cena triste: Thrakhath nar Kiranka (John Rhys-Davies), príncipe herdeiro do hostil Império Kilrathi, presidindo a execução por desintegração de um grupo de prisioneiros da Confederação Terráquea De guerra. Um, no entanto, permanece vivo: a amante de Blair, Coronel Jeannette &quot;Angel&quot; Devereaux (Yolanda Jilot), devido ao seu status entre os Kilrathi como uma guerreira respeitada, que é executada pelo Príncipe Thrakhath usando suas garras para estripar ela (embora sua cena de morte não é mostrado até mais tarde no jogo). A cena então corta para o planeta Vespus, onde Blair e o Brigadeiro General James &quot;Paladin&quot; Taggart inspecionam os destroços do TCS Concordia. A transportadora é uma perda total.nn
Wip3out (Europe) (En,Fr,De,Es,It)	Com o Wip3out em Playstation, ponha a sua adrenalina a bombear em pistas loucas a bordo de navios que desafiam as leis da gravidade e da velocidade. Os primeiros lugares no pódio são conquistados graças a um arsenal devastador. Compita contra os seus amigos com o modo multi-modo oferecido no software. Principais características: 8 novas pistas de corrida, com as quais até os principiantes se vão divertir muito ; banda sonora licenciada com o DJ Sasha e outras estrelas internacionais da cena techno de toda a Europa ; 8 equipas de corrida no total !
Wipeout (USA)	Wipeout é um jogo de corridas futuristas ambientado no ano de 2052. Correndo para uma de quatro equipas, o jogador compete na F3600 Anti-Gravity Racing League em seis pistas. O piloto de hovercraft de cada equipa tem classificações diferentes em velocidade, aceleração e viragem. Para além das corridas de alta velocidade, há também tiroteios no jogo, com diferentes tipos de recolha de armas como foguetes e minas disponíveis, úteis para abrandar os adversários. Os escudos também podem ser levantados e podem bloquear os efeitos das armas. Existem modos de campeonato, corrida única e contra-relógio. Ganhar o campeonato na classe regular Venom desbloqueia a classe Rapier, onde a embarcação é mais rápida e as pistas têm um aspecto ligeiramente diferente. Há também um modo de dois jogadores onde dois adversários podem correr e disparar um contra o outro.
Wipeout 2097 (Europe)	WipEout 2097 em Playstation coloca o jogador aos comandos de navios de corrida ultra-rápidos ao longo de circuitos loucos onde o primeiro lugar só é alcançado por mísseis e outras armas destrutivas. Um modo múltiplo está presente a fim de confrontar os seus amigos.
Wipeout 3 (USA)	Com o Wip3out em Playstation, ponha a sua adrenalina a bombear em pistas loucas a bordo de navios que desafiam as leis da gravidade e da velocidade. Os primeiros lugares no pódio são conquistados graças a um arsenal devastador. Compita contra os seus amigos com o modo multi-modo oferecido no software. Principais características: 8 novas pistas de corrida, com as quais até os principiantes se vão divertir muito ; banda sonora licenciada com o DJ Sasha e outras estrelas internacionais da cena techno de toda a Europa ; 8 equipas de corrida no total !
Wipeout XL (USA)	WipEout 2097 em Playstation coloca o jogador aos comandos de navios de corrida ultra-rápidos ao longo de circuitos loucos onde o primeiro lugar só é alcançado por mísseis e outras armas destrutivas. Um modo múltiplo está presente a fim de confrontar os seus amigos.
World Pro Tennis '98 (Japan)	O tênis é um esporte geralmente praticado entre dois jogadores (individuais) ou entre duas equipes de dois jogadores cada (duplas). Cada jogador usa uma raquete que é amarrada para golpear uma bola oca de borracha coberta com feltro sobre uma rede para a quadra adversária. O objetivo do jogo é jogar a bola de forma que o adversário não consiga realizar uma boa jogada de retorno. O tênis é um esporte olímpico e é praticado em todos os níveis da sociedade, em todas as idades. O esporte pode ser praticado por qualquer pessoa que consiga segurar uma raquete, inclusive cadeirantes. O moderno jogo de tênis teve origem em Birmingham, na Inglaterra, no final do século 19 como &quot;tênis de grama&quot;.
World Soccer Jikkyou Winning Eleven 2000 - U-23 Medal e no Chousen (Japan)	Lançado na Europa em Março de 2001, ISS Pro Evolution 2, da Konami, foi a sequência de 'ISS Pro Evolution', que havia sido lançado na América do Norte e Europa cerca de um ano antes. Programado pela divisão KCET da Konami, ISSPE2 (também conhecido como 'Winning Eleven 2000 U23 Medal heno Chousen' no Japão) evoluiu em relação ao seu brilhante antecessor em quase todos os aspectos e definiu o padrão para jogos de futebol que viriam a seguir. Em ISSPE o modo de franquia 'Master League' consistia em uma divisão única com 16 equipes européias. A KCET adicionou mais 8 equipes (incluindo dois da América do Sul) e uma segunda divisão. As equipes eram: Liverpool, Manchester United, Leeds, Arsenal, Chelsea, Juventus, Inter, Lazio, Fiorentina, Milan, Parma, Roma, West Ham, Barcelona, Real Madrid, Valencia, Monaco, Marseille, Ajax, Bayern Munich, Bayer Leverkusen, Borussia Dortmund, River Plate, e Vasco de Gama.
World Soccer Winning Eleven 2002 (Japan)	Pro Evolution Soccer 2 é um jogo de esportes para Playstation. Jogue como seus jogadores favoritos nesta simulação de futebol que lhe permitirá viver grandes momentos em campo. Jogo de futebol da franquia Winning Eleven, todas as seleções e times regionais.
Worms (USA)	Worms é um jogo de estratégia baseado em turnos. O jogo possui máximo de 4 times com até 4 &quot;Worms&quot; cada e o objetivo de combater no estilo time x time em um terreno randomicamente gerado. Cada worm tem 100 pontos de vida, e morre ao atingir 0. Ao morrer, o worm explode e acaba causando dano a todos que estiverem perto. A jogabilidade é baseada em turnos. Cada turno um jogador pode controlar um worm de sua equipe. Cada worm pode se mover para a direita, esquerda ou pular. Contudo, há um limite de tempo para que o jogador faça o movimento; caso o worm caia de uma grande altura, perderá vida e o turno terminará imediatamente; se o worm cair para fora da tela de jogo ou na água, morre imediatamente. Cada turno um worm pode fazer um único ataque; o jogador pode mirar para cima e para baixo, escolher a arma e então atirar. Após atacar, o turno acaba.
Worms Armageddon (USA)	Worms Armageddon é um jogo eletrônico de Estratégia por turnos e artilharia desenvolvido pela Team17 no qual o objetivo do modo de jogo convencional é acabar com as minhocas do(s) oponente(s). O jogador tem a disposição vários tipos de armas e mapas para jogar. Lançado em 1999 e sendo em 2D, o jogo ainda é jogado online e atualizado até os dias de hoje, mesmo tendo diversos jogos de Worms em 3D mais recentes. Existem muitos tipos de jogos no Worms Armageddon, não só o convencional que é conhecido como Normal, mas também outros que usam mapas criados pelos próprios jogadores, regras, trabalham em armas específicas, visam a artilharia, corridas, etc. Há também a extensão Wormkit que possibilita a utilização de módulos como o RubberWorm e o Project X que alteram as físicas e outras estruturas do jogo, surgindo então diferentes tipos de gravidade, armas novas criadas pelos jogadores, vento influenciando as minhocas, mapas que interagem com algumas ações, e muitas outras opções de jogo para todos que também possuem estas extensões e suas versões.
WTC - World Touring Car Championship (Japan)	Toca World Touring Cars, apresenta uma experiência de corrida que equilibra elementos arcade com uma dose de simulação, oferecendo controles mais acessíveis em comparação aos títulos anteriores da série, com características de manuseio que variam significativamente entre os diferentes modelos de carros - desde touring cars clássicos até modelos como o Peugeot 306 GTA e Nissan - permitindo uma abordagem mais dinâmica nas curvas e retas; o jogo substituiu as voltas de qualificação por posições aleatórias na grade de largada e eliminou penalidades por condução agressiva, tornando-o mais amigável para jogadores casuais, enquanto mantém desafios através de uma inteligência artificial notavelmente agressiva que constantemente persegue e ultrapassa o jogador de forma implacável, exigindo habilidade e prática para dominar as corridas; os danos visuais durante as colisões são um destaque, com para-choques voando, para-lamas amassados e vidros quebrados.
WWF SmackDown! (USA)	A THQ conseguiu arrancar a licença WWF da Acclaim por pelo menos dez anos (em 2000). A THQ então foi até a respeitada desenvolvedora de jogos de luta livre japonesa Yuke's Co., Ltd, que produz a série Toukon Retsuden, e disse a eles para fazerem um jogo digno de The Rock. WWF SmackDown! foi o resultado desta colaboração.
WWF SmackDown! 2 - Know Your Role (USA)	WWF Smackdown! 2 Know Your Role segue o grande sucesso do WWF Smackdown em 2000! com novos lutadores novos na federação (mais de 50 incluídos) e as partidas nunca vistas antes de Ladder e Tornado Tag Team. Considerando que o título original foi o primeiro jogo de luta livre a ter sequências de enredo, esta sequência melhorou a ideia com uma interação melhor e atualizada com os personagens. O subtítulo de WWF Smackdown! 2 vem de uma das estrelas mais notáveis ​​da World Wrestling Federation - The Rock; ele informa seus oponentes para &quot;Conheça o seu papel e cale a boca!&quot;
WWF War Zone (USA)	WWF War Zone é um jogo de luta livre baseado no programa de mesmo nome. Inclui uma grande variedade de superstars da World Wrestling Federation (a maioria válida até 1998), bem como modos de jogo. Entre os lutadores incluídos estão Shawn Michaels, Triple H e Stone Cold, bem como The Undertaker e seu irmão Kane. Cada Superstar tem seu próprio &quot;movimento de finalização&quot; programado, bem como suas manobras regulares.
X-Men - Mutant Academy & Spider-Man (Japan) (Demo)	Jogo de ação para Playstation que retoma o universo dos quadrinhos dos X-men. Todos os personagens da série estão presentes no jogo Cíclope, Wolverine, Gambit, Fênix, Fera, Tempestade, Mística, Dentes de Sabre, Grouxo e Magneto. Há diversos tipos de jogos como: arcade, vs, sobrevivência, prática e cérebro. X-Men Mutant Academy é para dois jogadores.
X-Men - Mutant Academy (USA)	Jogo de ação para Playstation que retoma o universo dos quadrinhos dos X-men. Todos os personagens da série estão presentes no jogo Cíclope, Wolverine, Gambit, Fênix, Fera, Tempestade, Mística, Dentes de Sabre, Grouxo e Magneto. Há diversos tipos de jogos como: arcade, vs, sobrevivência, prática e cérebro. X-Men Mutant Academy é para dois jogadores.
X-Men vs. Street Fighter (USA)	X-Men vs. Street Fighter é um videogame de luta cruzada desenvolvido e publicado pela Capcom. Como o título sugere, o jogo inclui personagens da franquia X-Men da Marvel e o elenco da série Street Fighter da Capcom. X-Men vs. Street Fighter apresenta jogabilidade semelhante ao Street Fighter, mas incorpora seleção de caracteres duplos e combate baseado em equipes de tag. Cada jogador seleciona dois personagens para competir em uma batalha individual, tentando derrotar o time adversário. Os jogadores têm a capacidade de alternar entre seus personagens a qualquer momento durante a partida. O jogo também incorpora vários elementos de X-Men: Children of the Atom e Marvel Super Heroes.
X-Men vs. Street Fighter - EX Edition (Japan)	X-Men vs. Street Fighter é um videogame de luta cruzada desenvolvido e publicado pela Capcom. Como o título sugere, o jogo inclui personagens da franquia X-Men da Marvel e o elenco da série Street Fighter da Capcom. X-Men vs. Street Fighter apresenta jogabilidade semelhante ao Street Fighter, mas incorpora seleção de caracteres duplos e combate baseado em equipes de tag. Cada jogador seleciona dois personagens para competir em uma batalha individual, tentando derrotar o time adversário. Os jogadores têm a capacidade de alternar entre seus personagens a qualquer momento durante a partida. O jogo também incorpora vários elementos de X-Men: Children of the Atom e Marvel Super Heroes.
Xenogears (USA) (Disc 1)	Uma organização misteriosa está mudando o rumo de uma guerra que dura séculos com o uso de tecnologia antiga - robôs de combate gigantes conhecidos como Gears. Uma tentativa fracassada de roubar uma dessas poderosas armas a coloca nas mãos do jovem Fei e de seus duvidosos aliados. Ele agora está sendo perseguido por governos militares, piratas reais, espiões, o imperador, e seu próprio passado esquecido.
Xevious 3D-G+ (USA)	Em Xevious 3-D / G +, você pilota um elegante caça espacial Solvalou explodindo e bombardeando seu caminho através de uma força de invasão alienígena avassaladora que consiste em atacantes aerotransportados, defesas terrestres e enormes naves-mãe &quot;chefes&quot;. Com base na premissa de que os alienígenas que originalmente colonizaram a Terra voltaram (e eles não estão felizes com a proliferação da raça humana, imagine), o Xevious 3-D / G + é um remake 3-D do clássico original da Namco Xevious ( licenciado para a Atari no início dos anos 1980). O novo jogo segue os conceitos básicos do Xevious original, até a familiar visão aérea. Os power-ups oferecem novas armas, como fogo constante, feixes de eletrocussão e lasers de ampla dispersão - mas junto com as novas armas vêm novos inimigos e novos chefes que não são tão fáceis de eliminar. Incluído como um bônus estão o Xevious original, emulado com perfeição (uma boa adição, uma vez que a única outra versão disponível para PlayStation está no bastante difícil de encontrar Namco Museum Volume 2), e a única versão de console disponível do Xevious Arrangement, um mais conversão de moedas obscura, projetada para irritar aqueles que abriram caminho através do original.
Yamagata Digital Museum (Japan) (Disc 1) (Spring)	Hiro Yamagata (nascido Hiromichi Yamagata, 30 de maio de 1948, na cidade de Maibara, na prefeitura de Shiga, Japão) é um pintor/artista, baseado em Los Angeles, Califórnia. Ele é considerado um dos mais famosos artistas de serigrafia por causa do uso de cores vivas em suas peças. No entanto, ele tem sido conhecido como um artista contemporâneo usando tecnologia de laser e holograma recentemente. Ele é reconhecido como um pioneiro da arte a laser contemporânea
Yu-Gi-Oh! Forbidden Memories (USA)	Yu-Gi-Oh! Forbidden Memories é um jogo de cartas disponível para Playstation. Você finalmente poderá descobrir os segredos do poder supremo e os sete objetos do Milênio em uma nova aventura! Você viaja para o coração do antigo Egito para elucidar o mistério dos objetos do milênio. Existe um modo de cenário que segue uma história paralela à série animada. Mais de 600 monstros estão disponíveis.
Yu-Gi-Oh! Shin Duel Monsters - Fuuin Sareshi Kioku (Japan)	Yu-Gi-Oh! Forbidden Memories é um jogo de cartas disponível para Playstation. Você finalmente poderá descobrir os segredos do poder supremo e os sete objetos do Milênio em uma nova aventura! Você viaja para o coração do antigo Egito para elucidar o mistério dos objetos do milênio. Existe um modo de cenário que segue uma história paralela à série animada. Mais de 600 monstros estão disponíveis.
Yuukyuu Gensoukyoku 2nd Album (Japan)	Yukyu Gensokyouku 2º Álbum é a sequência de Yukyu Gensokyouku, mas com novos personagens e novamente é um jogo de simulação de rpg que apresenta livros de dados (que contém todos os perfis dos personagens do jogo, músicas e eventos que serão desbloqueados durante a parte da história). O jogo apresenta diferentes personagens para o jogador escolher um e dar-lhe um nome. Durante o jogo, o jogador pode escolher diferentes trabalhos ou lutas para todos os jogadores do grupo fazerem e ganhar dinheiro. As estatísticas dos personagens irão aumentar ou diminuir dependendo das escolhas. Um dos trabalhos do jogo inclui ser um gladiador em uma arena e vencer lutas em uma perspectiva de terceira pessoa para ganhar o dinheiro. O jogo, na maioria das vezes, é escolher entre diferentes ações ou respostas para avançar em uma direção ou outra. Essa parte da aventura é feita em uma perspectiva de primeira pessoa. Depois de escolher o que os personagens farão, eles serão mostrados caminhando pela cidade de Enfield em uma perspectiva de terceira pessoa.
Zera-chan Puzzle - Pitatto Pair (Japan)	Zera-chan Puzzle Pittato Pair é um jogo de quebra-cabeça com 4 níveis de dificuldade (fácil, normal, difícil e especial) e 3 modos de jogo. O jogo apresenta mais de 240 fases diferentes.
